Efinity Synthesis report for project edge_vision_soc
Version: 2026.1.132.1.15
Generated at: Sep 30, 2026 13:40:03
Copyright (C) 2013 - 2026  All rights reserved.

Top-level Entity Name : edge_vision_soc

family : Titanium
device : Ti60F225
project : edge_vision_soc
root : edge_vision_soc
I,include : C:/Users/Jing-XuanTan(i)/Downloads/evsoc-efinity-v2026.1.132/evsoc-efinity-v2026.1.132/cam_single/Ti60F225_dsi
I,include : C:/Users/Jing-XuanTan(i)/Downloads/evsoc-efinity-v2026.1.132/evsoc-efinity-v2026.1.132/cam_single/Ti60F225_dsi
I,include : C:/Users/Jing-XuanTan(i)/Downloads/evsoc-efinity-v2026.1.132/evsoc-efinity-v2026.1.132/cam_single/Ti60F225_dsi/ip/SapphireSoc
I,include : C:/Users/Jing-XuanTan(i)/Downloads/evsoc-efinity-v2026.1.132/evsoc-efinity-v2026.1.132/cam_single/Ti60F225_dsi/ip/cam_dma_fifo
I,include : C:/Users/Jing-XuanTan(i)/Downloads/evsoc-efinity-v2026.1.132/evsoc-efinity-v2026.1.132/cam_single/Ti60F225_dsi/ip/cam_pixel_remap_fifo
I,include : C:/Users/Jing-XuanTan(i)/Downloads/evsoc-efinity-v2026.1.132/evsoc-efinity-v2026.1.132/cam_single/Ti60F225_dsi/ip/csi2_rx_cam
I,include : C:/Users/Jing-XuanTan(i)/Downloads/evsoc-efinity-v2026.1.132/evsoc-efinity-v2026.1.132/cam_single/Ti60F225_dsi/ip/display_dma_fifo
I,include : C:/Users/Jing-XuanTan(i)/Downloads/evsoc-efinity-v2026.1.132/evsoc-efinity-v2026.1.132/cam_single/Ti60F225_dsi/ip/dsi_tx_display
I,include : C:/Users/Jing-XuanTan(i)/Downloads/evsoc-efinity-v2026.1.132/evsoc-efinity-v2026.1.132/cam_single/Ti60F225_dsi/ip/hbram
I,include : C:/Users/Jing-XuanTan(i)/Downloads/evsoc-efinity-v2026.1.132/evsoc-efinity-v2026.1.132/cam_single/Ti60F225_dsi/ip/hw_accel_dma_in_fifo
I,include : C:/Users/Jing-XuanTan(i)/Downloads/evsoc-efinity-v2026.1.132/evsoc-efinity-v2026.1.132/cam_single/Ti60F225_dsi/ip/hw_accel_dma_out_fifo
I,include : C:/Users/Jing-XuanTan(i)/Downloads/evsoc-efinity-v2026.1.132/evsoc-efinity-v2026.1.132/cam_single/Ti60F225_dsi/ip/dma
binary-db : C:/Users/Jing-XuanTan(i)/Downloads/evsoc-efinity-v2026.1.132/evsoc-efinity-v2026.1.132/cam_single/Ti60F225_dsi/work_dbg/edge_vision_soc.dbg.vdb
insert-ios : 0
insert-gclk : 0
max-carry-cascade : 320
max-dsp-cascade : 16
max_mult : -1
max_ram : -1
mode : speed
num_srl : -1
conn_profile : C:/Users/Jing-XuanTan(i)/Downloads/evsoc-efinity-v2026.1.132/evsoc-efinity-v2026.1.132/cam_single/Ti60F225_dsi/debug_profile.wizard.json
dsp-input-regs-packing : 0
dsp-output-regs-packing : 0
gen-mark-debug-json : 0
merge_vdbs : 1
mult-decomp-retime : 0
mult_input_regs_packing : 0
mult_output_regs_packing : 0
optimize_equivalent_modules : 0
output-dir : C:/Users/Jing-XuanTan(i)/Downloads/evsoc-efinity-v2026.1.132/evsoc-efinity-v2026.1.132/cam_single/Ti60F225_dsi/outflow
postmap_rewrite : 0
project : edge_vision_soc
retiming : 0
root : edge_vision_soc
seq_opt : 0
work-dir : C:/Users/Jing-XuanTan(i)/Downloads/evsoc-efinity-v2026.1.132/evsoc-efinity-v2026.1.132/cam_single/Ti60F225_dsi/work_dbg
write-efx-verilog : C:/Users/Jing-XuanTan(i)/Downloads/evsoc-efinity-v2026.1.132/evsoc-efinity-v2026.1.132/cam_single/Ti60F225_dsi/work_dbg/edge_vision_soc.dbg.map.v

File List:

C:/Users/Jing-XuanTan(i)/Downloads/evsoc-efinity-v2026.1.132/evsoc-efinity-v2026.1.132/cam_single/Ti60F225_dsi/outflow/edge_vision_soc.vdb (vdb-file) 
C:/Users/Jing-XuanTan(i)/Downloads/evsoc-efinity-v2026.1.132/evsoc-efinity-v2026.1.132/cam_single/Ti60F225_dsi/work_dbg/debug_top.post.vdb (vdb-file) 

### ### Report Section Start ### ###


### ### EFX_FF CE enables (begin) ### ### ###

Total number of enable signals: 1123
Total number of FFs with enable signals: 18604
+-----------------------------------------------------------------------------------------------------------------------------------------------------------------+------------------+
|CE Signal                                                                                                                                                        |Number of FF loads|
+-----------------------------------------------------------------------------------------------------------------------------------------------------------------+------------------+
|u_cam/u_isp_top/isp_int/ccm_inst/n10688                                                                                                                          |              261 |
|u_risc_v/u_EfxSapphireSoc/system_cores_0_logic_cpu/memory_arbitration_isStuck                                                                                    |              248 |
|u_cam/u_isp_top/isp_int/demosaic_inst/n419                                                                                                                       |              242 |
|u_risc_v/u_EfxSapphireSoc/system_cores_0_logic_cpu/execute_arbitration_isStuck                                                                                   |              229 |
|u_cam/n10425                                                                                                                                                     |              211 |
|u_cam/n10428                                                                                                                                                     |              210 |
|u_dma/u_EfxDMA/core/b2m_fsm_aggregate_engine/s1_output_ready                                                                                                     |              210 |
|u_dma/u_EfxDMA/writeLogic_retainer/io_input_cmd_fifo_io_pop_ready                                                                                                |              204 |
|u_risc_v/u_EfxSapphireSoc/system_cores_0_logic_cpu/when_DBusCachedPlugin_l572                                                                                    |              204 |
|u_dma/u_EfxDMA/core/b2m_fsm_aggregate_engine/s0_output_ready                                                                                                     |              198 |
|u_dma/u_EfxDMA/interconnect_write_aggregated_cmd_ready                                                                                                           |              193 |
|u_dma/u_EfxDMA/io_write_cmd_s2mPipe_ready                                                                                                                        |              193 |
|u_dma/u_EfxDMA/io_write_cmd_rValidN                                                                                                                              |              192 |
|u_risc_v/u_EfxSapphireSoc/system_ddr_bmb_slaveModel_arbiterGen_oneToOne_arbiter_cmd_s2mPipe_ready                                                                |              188 |
|u_risc_v/u_EfxSapphireSoc/system_ddr_ddrLogic_cc_fifo_io_output_cmd_ready                                                                                        |              187 |
|u_risc_v/u_EfxSapphireSoc/system_ddr_bmb_slaveModel_arbiterGen_oneToOne_arbiter_cmd_rValidN                                                                      |              187 |
|u_risc_v/u_EfxSapphireSoc/_zz_2                                                                                                                                  |              154 |
|u_risc_v/u_EfxSapphireSoc/io_output_w_s2mPipe_ready                                                                                                              |              146 |
|u_risc_v/u_EfxSapphireSoc/io_output_w_s2mPipe_m2sPipe_ready                                                                                                      |              146 |
|u_dma/u_EfxDMA/writeLogic_adapter_w_s2mPipe_ready                                                                                                                |              146 |
|u_risc_v/u_EfxSapphireSoc/_zz_system_ddr_ddrLogic_ddrAAxi3_w_translated_ready_1                                                                                  |              146 |
|u_risc_v/u_EfxSapphireSoc/system_ddr_ddrLogic_arbiterAxi3Shared_io_output_w_ready                                                                                |              146 |
|u_dma/u_EfxDMA/writeLogic_adapter_w_rValidN                                                                                                                      |              145 |
|ceg_net1606                                                                                                                                                      |              145 |
|u_risc_v/u_EfxSapphireSoc/io_output_w_rValidN                                                                                                                    |              145 |
|u_risc_v/u_EfxSapphireSoc/_zz_system_ddr_ddrLogic_ddrAToAxi3_ddrA_wStreamPipelied_valid                                                                          |              145 |
|u_dma/u_EfxDMA/core/b2m_fsm_aggregate_engine_io_input_ready                                                                                                      |              145 |
|u_axi_interconnect/store_axi_w_int_to_temp                                                                                                                       |              145 |
|u_dma/u_EfxDMA/core/memory_core/read_ports_3_buffer_bufferIn_rValidN                                                                                             |              145 |
|u_cam/u_isp_top/isp_int/ccm_inst/n10679                                                                                                                          |              144 |
|u_dma/u_EfxDMA/core/memory_core_io_reads_3_rsp_rValidN                                                                                                           |              144 |
|axi_inter_s0_rready                                                                                                                                              |              140 |
|u_axi_interconnect/store_axi_r_int_to_temp                                                                                                                       |              138 |
|u_cam/u_isp_top/isp_int/demosaic_inst/pipe_2_tready                                                                                                              |              138 |
|ceg_net1603                                                                                                                                                      |              138 |
|u_risc_v/u_EfxSapphireSoc/_zz_io_input_rsp_ready_1                                                                                                               |              137 |
|u_risc_v/u_EfxSapphireSoc/_zz_io_input_rsp_ready                                                                                                                 |              137 |
|u_cam/u_isp_top/isp_int/demosaic_inst/pipe_1_tready                                                                                                              |              137 |
|u_risc_v/u_EfxSapphireSoc/system_ddr_ddrLogic_cpuAccess_r_s2mPipe_ready                                                                                          |              132 |
|u_risc_v/u_EfxSapphireSoc/system_ddr_ddrLogic_cpuAccess_r_rValidN                                                                                                |              131 |
|u_dma/u_EfxDMA/read_r_s2mPipe_ready                                                                                                                              |              131 |
|axi_inter_s1_rready                                                                                                                                              |              130 |
|u_dma/u_EfxDMA/io_pop_s2mPipe_ready                                                                                                                              |              130 |
|u_dma/u_EfxDMA/io_pop_rValidN                                                                                                                                    |              129 |
|u_cam/u_isp_top/isp_int/demosaic_inst/linebuffer_inst/pipe_1_tready                                                                                              |               99 |
|u_cam/u_isp_top/isp_int/demosaic_inst/pipe_0_tready                                                                                                              |               93 |
|edb_top_autodbg_inst__/debug_hub_inst/n96                                                                                                                        |               82 |
|u_risc_v/u_EfxSapphireSoc/system_bridge_bmb_cmd_s2mPipe_ready                                                                                                    |               78 |
|u_dma/u_EfxDMA/io_pop_s2mPipe_ready_1                                                                                                                            |               78 |
|u_dma/u_EfxDMA/io_outputs_1_s2mPipe_ready                                                                                                                        |               78 |
|u_risc_v/u_EfxSapphireSoc/dBus_Bridge_bus_cmd_ready                                                                                                              |               77 |
|u_dma/u_EfxDMA/core/when_DmaSg_l935                                                                                                                              |               77 |
|u_risc_v/u_EfxSapphireSoc/system_bridge_bmb_cmd_rValidN                                                                                                          |               77 |
|u_dma/u_EfxDMA/io_pop_rValidN_1                                                                                                                                  |               77 |
|u_dma/u_EfxDMA/io_outputs_1_rValidN                                                                                                                              |               77 |
|u_dma/u_EfxDMA/core/memory_core/read_ports_1_buffer_bufferIn_rValidN                                                                                             |               75 |
|u_risc_v/u_EfxSapphireSoc/system_cores_0_logic_cpu/dataCache_1_io_mem_cmd_s2mPipe_ready                                                                          |               74 |
|u_risc_v/u_EfxSapphireSoc/system_cores_0_logic_cpu/dataCache_1_io_mem_cmd_rValidN                                                                                |               73 |
|u_risc_v/u_EfxSapphireSoc/system_ddr_ddrLogic_ddrAToAxi3_ioArw_s2mPipe_ready                                                                                     |               71 |
|edb_top_autodbg_inst__/la0/la_biu_inst/data_o_en                                                                                                                 |               65 |
|edb_top_autodbg_inst__/la0/n1492                                                                                                                                 |               64 |
|edb_top_autodbg_inst__/la0/n13655                                                                                                                                |               64 |
|edb_top_autodbg_inst__/la0/n16345                                                                                                                                |               64 |
|edb_top_autodbg_inst__/la0/n16147                                                                                                                                |               64 |
|edb_top_autodbg_inst__/la0/n15000                                                                                                                                |               64 |
|edb_top_autodbg_inst__/la0/n20380                                                                                                                                |               64 |
|edb_top_autodbg_inst__/la0/n14802                                                                                                                                |               64 |
|edb_top_autodbg_inst__/la0/n17492                                                                                                                                |               64 |
|edb_top_autodbg_inst__/la0/n13457                                                                                                                                |               64 |
|edb_top_autodbg_inst__/la0/n17690                                                                                                                                |               64 |
|edb_top_autodbg_inst__/la0/n18837                                                                                                                                |               64 |
|edb_top_autodbg_inst__/la0/n2009                                                                                                                                 |               64 |
|u_risc_v/u_EfxSapphireSoc/system_coreStopTime_buffercc/i7_pre                                                                                                    |               64 |
|edb_top_autodbg_inst__/la0/n19035                                                                                                                                |               64 |
|edb_top_autodbg_inst__/ceg_net8                                                                                                                                  |               64 |
|u_cam/u_isp_top/isp_int/n481                                                                                                                                     |               64 |
|edb_top_autodbg_inst__/la0/n20182                                                                                                                                |               64 |
|edb_top_autodbg_inst__/la0/tu_trigger                                                                                                                            |               64 |
|u_risc_v/u_EfxSapphireSoc/system_bridge_bmb_crossClock/io_input_cmd_ccToggle/popArea_stream_fire                                                                 |               63 |
|u_cam/u_isp_top/isp_int/demosaic_inst/pipe_3_tready                                                                                                              |               63 |
|u_risc_v/u_EfxSapphireSoc/system_bridge_bmb_crossClock/io_input_cmd_ccToggle/io_input_fire                                                                       |               61 |
|u_cam/u_isp_top/isp_int/ccm_inst/n10724                                                                                                                          |               60 |
|u_risc_v/u_EfxSapphireSoc/system_bmbPeripheral_bmb_decoder/io_input_cmd_rValid                                                                                   |               60 |
|cam_dma_wvalid                                                                                                                                                   |               59 |
|u_dma/u_EfxDMA/interconnect_read_aggregated_cmd_rValid                                                                                                           |               51 |
|u_dma/u_EfxDMA/withCtrlCc_apbCc/inputLogic_inputCmd_valid                                                                                                        |               49 |
|u_dma/u_EfxDMA/withCtrlCc_apbCc/flowCCUnsafeByToggle_io_output_toStream_fire                                                                                     |               47 |
|axi_inter_s1_awvalid                                                                                                                                             |               44 |
|axi_inter_s1_arvalid                                                                                                                                             |               44 |
|u_axi_interconnect/n6352                                                                                                                                         |               44 |
|u_cam/u_isp_top/isp_int/demosaic_inst/linebuffer_inst/n1127                                                                                                      |               44 |
|u_risc_v/u_EfxSapphireSoc/system_riscvJtag_hard_noTap_tunnel/logic_jtagLogic_trigger_dmiCmd                                                                      |               42 |
|ceg_net1728                                                                                                                                                      |               41 |
|u_risc_v/u_EfxSapphireSoc/system_riscvJtag_hard_noTap_tunnel/logic_jtagLogic_dmiCmd_ccToggle_io_output_valid                                                     |               40 |
|u_cam/u_isp_top/isp_int/skidbuffer2_inst/n179                                                                                                                    |               40 |
|u_csi2_rx_cam/u_efx_csi2_rx/csi2_rx_top_inst/genblk3.byte2pixel_inst/valid_depack_64bit                                                                          |               40 |
|u_cam/u_isp_top/isp_int/demosaic_inst/pipe_4_tready                                                                                                              |               39 |
|u_risc_v/u_EfxSapphireSoc/io_apbSlave_1_logic/bmbBuffer_rsp_ready                                                                                                |               39 |
|u_cam/u_isp_top/isp_int/skidbuffer2_inst/n18                                                                                                                     |               39 |
|u_risc_v/u_EfxSapphireSoc/io_apbSlave_0_logic/bmbBuffer_rsp_ready                                                                                                |               38 |
|u_risc_v/u_EfxSapphireSoc/system_clint_logic_io_bus_cmd_ready                                                                                                    |               38 |
|u_risc_v/u_EfxSapphireSoc/n16971                                                                                                                                 |               38 |
|u_risc_v/u_EfxSapphireSoc/io_output_arw_s2mPipe_ready_1                                                                                                          |               38 |
|u_cam/u_isp_top/isp_int/axi_lite_register_inst/wr_state[1]                                                                                                       |               38 |
|u_risc_v/u_EfxSapphireSoc/system_bridge_bmb_crossClock/io_output_rsp_ccToggle/popArea_stream_valid                                                               |               38 |
|u_risc_v/u_EfxSapphireSoc/system_ddr_ddrLogic_ddrAToAxi3_ioArw_rValidN                                                                                           |               37 |
|u_risc_v/u_EfxSapphireSoc/io_output_arw_rValidN_1                                                                                                                |               37 |
|u_risc_v/u_EfxSapphireSoc/io_output_arw_s2mPipe_ready                                                                                                            |               37 |
|u_risc_v/u_EfxSapphireSoc/_zz_system_bmbPeripheral_bmb_rsp_valid_1                                                                                               |               37 |
|u_risc_v/u_EfxSapphireSoc/io_output_arw_s2mPipe_m2sPipe_ready                                                                                                    |               37 |
|u_cam/u_isp_top/isp_int/ccm_inst/n10736                                                                                                                          |               36 |
|ceg_net1744                                                                                                                                                      |               36 |
|u_cam/u_isp_top/isp_int/ccm_inst/n10748                                                                                                                          |               36 |
|u_risc_v/u_EfxSapphireSoc/io_output_arw_rValidN                                                                                                                  |               36 |
|ceg_net86                                                                                                                                                        |               35 |
|ceg_net1798                                                                                                                                                      |               35 |
|u_risc_v/u_EfxSapphireSoc/system_cores_0_logic_cpu/CsrPlugin_inject_cmd_toStream_ready                                                                           |               34 |
|u_risc_v/u_EfxSapphireSoc/system_cores_0_logic_cpu/dataCache_1/when_DataCache_l829                                                                               |               34 |
|u_risc_v/u_EfxSapphireSoc/system_uart_0_io_logic_io_bus_cmd_ready                                                                                                |               33 |
|u_dma/u_EfxDMA/withCtrlCc_apbCc/flowCCUnsafeByToggle_1/outputArea_flow_valid                                                                                     |               33 |
|u_risc_v/u_EfxSapphireSoc/system_i2c_0_io_ctrl_slaveModel_arbiterGen_oneToOne_arbiter_cmd_rValid                                                                 |               33 |
|u_risc_v/u_EfxSapphireSoc/system_cores_0_logic_cpu/IBusCachedPlugin_iBusRsp_stages_2_input_ready                                                                 |               33 |
|u_risc_v/u_EfxSapphireSoc/system_riscvJtag_hard_noTap_tunnel/logic_systemLogic_bus_rsp_ccToggle/outputArea_flow_valid                                            |               33 |
|u_risc_v/u_EfxSapphireSoc/system_riscvJtag_debug_logic_dm_io_ctrl_rsp_valid                                                                                      |               33 |
|ceg_net345                                                                                                                                                       |               32 |
|u_cam/u_isp_top/isp_int/axi_lite_register_inst/n4712                                                                                                             |               32 |
|u_cam/n11258                                                                                                                                                     |               32 |
|u_cam/cam_dma_fifo_wvalid                                                                                                                                        |               32 |
|ceg_net1729                                                                                                                                                      |               32 |
|u_risc_v/u_EfxSapphireSoc/system_riscvJtag_debug_logic_dm/i2748/n5                                                                                               |               32 |
|u_cam/u_isp_top/isp_int/axi_lite_register_inst/n4736                                                                                                             |               32 |
|u_cam/u_isp_top/isp_int/axi_lite_register_inst/n4728                                                                                                             |               32 |
|u_cam/u_isp_top/isp_int/axi_lite_register_inst/n4720                                                                                                             |               32 |
|u_cam/u_isp_top/isp_int/axi_lite_register_inst/n4688                                                                                                             |               32 |
|u_risc_v/u_EfxSapphireSoc/system_cores_0_logic_cpu_debugBus_hartToDm_valid                                                                                       |               32 |
|u_risc_v/u_EfxSapphireSoc/system_riscvJtag_hard_noTap_tunnel/logic_systemLogic_bus_rsp_ccToggle_io_output_valid                                                  |               32 |
|u_cam/u_isp_top/isp_int/axi_lite_register_inst/n4696                                                                                                             |               32 |
|u_cam/u_isp_top/isp_int/axi_lite_register_inst/n4704                                                                                                             |               32 |
|u_apb3_cam_display/actRead                                                                                                                                       |               32 |
|u_risc_v/u_EfxSapphireSoc/system_riscvJtag_debug_logic_dm/i2748/n6                                                                                               |               32 |
|u_cam/u_isp_top/isp_int/axi_lite_register_inst/axi_rden                                                                                                          |               32 |
|u_risc_v/u_EfxSapphireSoc/system_bridge_bmb_upSizer/when_BmbUpSizerBridge_l85                                                                                    |               32 |
|u_cam/n11226                                                                                                                                                     |               32 |
|u_cam/n11194                                                                                                                                                     |               32 |
|u_cam/n11162                                                                                                                                                     |               32 |
|u_cam/n11290                                                                                                                                                     |               32 |
|u_risc_v/u_EfxSapphireSoc/system_cores_0_logic_cpu/n26494                                                                                                        |               32 |
|u_cam/n11130                                                                                                                                                     |               32 |
|u_cam/n11098                                                                                                                                                     |               32 |
|u_cam/n11066                                                                                                                                                     |               32 |
|u_cam/n11034                                                                                                                                                     |               32 |
|u_cam/n11002                                                                                                                                                     |               32 |
|u_cam/n10970                                                                                                                                                     |               32 |
|u_cam/equal_314/n63                                                                                                                                              |               32 |
|u_cam/cam_vs_fall_edge                                                                                                                                           |               32 |
|u_csi2_rx_cam/u_efx_csi2_rx/csi2_rx_top_inst/depacketizer_inst/n2693                                                                                             |               32 |
|u_risc_v/u_EfxSapphireSoc/system_cores_0_logic_cpu/n26489                                                                                                        |               32 |
|ceg_net90                                                                                                                                                        |               32 |
|u_risc_v/u_EfxSapphireSoc/system_cores_0_logic_cpu/n26903                                                                                                        |               32 |
|ceg_net88                                                                                                                                                        |               32 |
|u_risc_v/u_EfxSapphireSoc/system_cores_0_logic_cpu/when_CsrPlugin_l768                                                                                           |               32 |
|ceg_net79                                                                                                                                                        |               32 |
|edb_top_autodbg_inst__/ceg_net19                                                                                                                                 |               32 |
|ceg_net642                                                                                                                                                       |               32 |
|u_display/display_scale_valid                                                                                                                                    |               32 |
|u_display/display_dma_fifo_rvalid                                                                                                                                |               32 |
|u_cam/n10427                                                                                                                                                     |               32 |
|u_dsi_tx_display/u_efx_dsi_tx/efx_dsi_tx_top_inst/tx_csr_inst/n347                                                                                               |               32 |
|u_risc_v/u_EfxSapphireSoc/system_cores_0_logic_cpu/n26413                                                                                                        |               32 |
|u_risc_v/u_EfxSapphireSoc/system_cores_0_logic_cpu/n13767                                                                                                        |               32 |
|ceg_net597                                                                                                                                                       |               32 |
|u_risc_v/u_EfxSapphireSoc/system_clint_logic/n1009                                                                                                               |               32 |
|u_risc_v/u_EfxSapphireSoc/system_clint_logic/n1010                                                                                                               |               32 |
|u_risc_v/u_EfxSapphireSoc/system_bridge_bmb_upSizer/when_BmbUpSizerBridge_l85_2                                                                                  |               32 |
|u_risc_v/u_EfxSapphireSoc/system_bridge_bmb_upSizer/when_BmbUpSizerBridge_l85_1                                                                                  |               32 |
|u_risc_v/u_EfxSapphireSoc/_zz_system_uart_0_io_ctrl_slaveModel_arbiterGen_oneToOne_arbiter_rsp_valid_1                                                           |               32 |
|ceg_net15                                                                                                                                                        |               32 |
|u_risc_v/u_EfxSapphireSoc/system_riscvJtag_debug_logic_dm/n2192                                                                                                  |               31 |
|ceg_net632                                                                                                                                                       |               31 |
|ceg_net654                                                                                                                                                       |               31 |
|u_risc_v/u_EfxSapphireSoc/system_uart_0_io_ctrl_slaveModel_arbiterGen_oneToOne_arbiter_cmd_rValid                                                                |               31 |
|ceg_net622                                                                                                                                                       |               31 |
|u_cam/u_isp_top/isp_int/min_max_timer_inst0/new_min                                                                                                              |               30 |
|ceg_net2579                                                                                                                                                      |               30 |
|ceg_net1789                                                                                                                                                      |               30 |
|u_cam/u_isp_top/isp_int/min_max_timer_inst5/new_max                                                                                                              |               30 |
|u_cam/cam_pixel_remap_2ppc_valid                                                                                                                                 |               30 |
|ceg_net1759                                                                                                                                                      |               30 |
|u_cam/u_isp_top/isp_int/min_max_timer_inst5/new_min                                                                                                              |               30 |
|ceg_net2575                                                                                                                                                      |               30 |
|ceg_net2577                                                                                                                                                      |               30 |
|u_cam/u_isp_top/isp_int/min_max_timer_inst2/new_min                                                                                                              |               30 |
|ceg_net1783                                                                                                                                                      |               30 |
|u_cam/u_isp_top/isp_int/min_max_timer_inst4/new_min                                                                                                              |               30 |
|u_cam/u_isp_top/isp_int/min_max_timer_inst1/new_max                                                                                                              |               30 |
|ceg_net2567                                                                                                                                                      |               30 |
|ceg_net2561                                                                                                                                                      |               30 |
|u_cam/u_isp_top/isp_int/min_max_timer_inst1/new_min                                                                                                              |               30 |
|ceg_net1771                                                                                                                                                      |               30 |
|ceg_net1765                                                                                                                                                      |               30 |
|ceg_net2563                                                                                                                                                      |               30 |
|u_risc_v/u_EfxSapphireSoc/system_cores_0_logic_cpu/when_Pipeline_l124_2                                                                                          |               30 |
|u_cam/u_isp_top/isp_int/min_max_timer_inst2/new_max                                                                                                              |               30 |
|ceg_net2565                                                                                                                                                      |               30 |
|ceg_net2559                                                                                                                                                      |               30 |
|u_risc_v/u_EfxSapphireSoc/system_cores_0_logic_cpu/when_Fetcher_l160                                                                                             |               30 |
|u_risc_v/u_EfxSapphireSoc/system_cores_0_logic_cpu/n26492                                                                                                        |               30 |
|u_risc_v/u_EfxSapphireSoc/system_cores_0_logic_cpu/decode_arbitration_isStuck                                                                                    |               30 |
|u_cam/u_isp_top/isp_int/min_max_timer_inst0/new_max                                                                                                              |               30 |
|u_cam/u_isp_top/isp_int/min_max_timer_inst3/new_max                                                                                                              |               30 |
|ceg_net2569                                                                                                                                                      |               30 |
|u_cam/u_isp_top/isp_int/min_max_timer_inst3/new_min                                                                                                              |               30 |
|ceg_net1777                                                                                                                                                      |               30 |
|ceg_net2571                                                                                                                                                      |               30 |
|u_cam/u_isp_top/isp_int/min_max_timer_inst4/new_max                                                                                                              |               30 |
|ceg_net2573                                                                                                                                                      |               30 |
|ceg_net2557                                                                                                                                                      |               30 |
|u_risc_v/u_EfxSapphireSoc/system_spi_0_io_ctrl_slaveModel_arbiterGen_oneToOne_arbiter_cmd_rValid                                                                 |               29 |
|u_risc_v/u_EfxSapphireSoc/system_fabric_iBus_bmb_cmd_ready                                                                                                       |               28 |
|u_cam/u_isp_top/isp_int/blc_inst/pipe_2_tready                                                                                                                   |               28 |
|u_cam/u_isp_top/isp_int/blc_inst/pipe_1_tready                                                                                                                   |               28 |
|u_cam/u_isp_top/isp_int/skidbuffer1_inst/n83                                                                                                                     |               28 |
|u_cam/u_isp_top/isp_int/blc_tready                                                                                                                               |               28 |
|u_cam/u_isp_top/isp_int/colorgain_inst/pipe_2_tready                                                                                                             |               28 |
|u_cam/u_isp_top/isp_int/colorgain_inst/pipe_3_tready                                                                                                             |               28 |
|ceg_net608                                                                                                                                                       |               27 |
|u_cam/u_isp_top/isp_int/skidbuffer1_inst/n18                                                                                                                     |               27 |
|ceg_net617                                                                                                                                                       |               27 |
|u_dma/u_EfxDMA/core/n16236                                                                                                                                       |               26 |
|ceg_net638                                                                                                                                                       |               26 |
|ceg_net650                                                                                                                                                       |               26 |
|ceg_net628                                                                                                                                                       |               26 |
|u_dma/u_EfxDMA/core/n16233                                                                                                                                       |               26 |
|u_dma/u_EfxDMA/core/n16237                                                                                                                                       |               26 |
|u_dma/u_EfxDMA/core/n16181                                                                                                                                       |               26 |
|u_dma/u_EfxDMA/core/n16180                                                                                                                                       |               26 |
|u_risc_v/u_EfxSapphireSoc/system_spi_0_io_logic_io_ctrl_cmd_ready                                                                                                |               26 |
|ceg_net2                                                                                                                                                         |               25 |
|u_cam/isp_s_axis_tready                                                                                                                                          |               24 |
|ceg_net379                                                                                                                                                       |               24 |
|u_cam/u_cam_downscaling/n12                                                                                                                                      |               24 |
|edb_top_autodbg_inst__/la0/addr_ct_en                                                                                                                            |               24 |
|u_csi2_rx_cam/u_efx_csi2_rx/csi2_rx_top_inst/depacketizer_inst/genblk4.ecc_check_inst/n232                                                                       |               24 |
|ceg_net376                                                                                                                                                       |               24 |
|u_panel_config/n1292                                                                                                                                             |               22 |
|u_risc_v/u_EfxSapphireSoc/system_riscvJtag_debug_logic_dm/n2187                                                                                                  |               22 |
|ceg_net1841                                                                                                                                                      |               22 |
|edb_top_autodbg_inst__/la0/n2142                                                                                                                                 |               22 |
|edb_top_autodbg_inst__/la0/n29288                                                                                                                                |               21 |
|edb_top_autodbg_inst__/ceg_net24                                                                                                                                 |               20 |
|r_rst_cnt[19]                                                                                                                                                    |               20 |
|u_risc_v/u_EfxSapphireSoc/system_uart_0_io_logic/n707                                                                                                            |               20 |
|u_risc_v/u_EfxSapphireSoc/system_i2c_0_io_logic/n2281                                                                                                            |               20 |
|u_risc_v/u_EfxSapphireSoc/system_i2c_0_io_logic_io_ctrl_cmd_ready                                                                                                |               20 |
|u_dsi_tx_display/u_efx_dsi_tx/efx_dsi_tx_top_inst/genblk6.packetizer_inst/equal_48/n15                                                                           |               19 |
|u_dsi_tx_display/u_efx_dsi_tx/efx_dsi_tx_top_inst/n25                                                                                                            |               18 |
|u_csi2_rx_cam/u_efx_csi2_rx/csi2_rx_top_inst/n39                                                                                                                 |               18 |
|u_cam/u_isp_top/isp_int/demosaic_inst/gen_eof_regen.in_eof_hs                                                                                                    |               17 |
|u_dsi_tx_display/u_efx_dsi_tx/efx_dsi_tx_top_inst/video_iface_inst/vsync_out_sync                                                                                |               16 |
|u_cam/u_isp_top/isp_int/demosaic_inst/gen_eof_regen.out_eol_hs                                                                                                   |               16 |
|u_cam/u_isp_top/isp_int/demosaic_inst/gen_eof_regen.in_eol_hs                                                                                                    |               16 |
|u_cam/u_isp_top/isp_int/n12                                                                                                                                      |               16 |
|ceg_net505                                                                                                                                                       |               16 |
|u_apb3_cam_display/n359                                                                                                                                          |               16 |
|u_dsi_tx_display/u_efx_dsi_tx/efx_dsi_tx_top_inst/tx_csr_inst/n855                                                                                               |               16 |
|edb_top_autodbg_inst__/la0/word_ct_en                                                                                                                            |               16 |
|ceg_net1988                                                                                                                                                      |               16 |
|u_hbram/u_hbram_top/hard_cal_block.hbram_cal_axi_top_inst/calibration_block.hbram_cal_top_inst/hbram_cal_ctrl_inst/n1463                                         |               16 |
|u_apb3_cam_display/n233                                                                                                                                          |               16 |
|u_apb3_cam_display/n71                                                                                                                                           |               16 |
|u_apb3_cam_display/n269                                                                                                                                          |               16 |
|u_apb3_cam_display/n287                                                                                                                                          |               16 |
|u_apb3_cam_display/n305                                                                                                                                          |               16 |
|u_apb3_cam_display/n323                                                                                                                                          |               16 |
|ceg_net1810                                                                                                                                                      |               16 |
|u_apb3_cam_display/n251                                                                                                                                          |               16 |
|u_apb3_cam_display/n341                                                                                                                                          |               16 |
|u_dsi_tx_display/u_efx_dsi_tx/efx_dsi_tx_top_inst/tx_csr_inst/n675                                                                                               |               16 |
|u_dsi_tx_display/u_efx_dsi_tx/efx_dsi_tx_top_inst/tx_csr_inst/n783                                                                                               |               16 |
|u_dsi_tx_display/u_efx_dsi_tx/efx_dsi_tx_top_inst/tx_csr_inst/n747                                                                                               |               16 |
|ceg_net1494                                                                                                                                                      |               16 |
|u_apb3_cam_display/n215                                                                                                                                          |               16 |
|u_apb3_cam_display/n197                                                                                                                                          |               16 |
|u_apb3_cam_display/n179                                                                                                                                          |               16 |
|u_apb3_cam_display/n161                                                                                                                                          |               16 |
|u_hbram/u_hbram_top/hard_cal_block.hbram_cal_axi_top_inst/calibration_block.hbram_cal_top_inst/hbram_cal_ctrl_inst/n1413                                         |               16 |
|u_dsi_tx_display/u_efx_dsi_tx/efx_dsi_tx_top_inst/video_iface_inst/delay_sync_inst/delaysyncfifo/wr_en_int                                                       |               15 |
|u_cam/u_isp_top/isp_int/gamma_inst/gamma_r_s_axis_tready                                                                                                         |               15 |
|u_cam/u_isp_top/isp_int/skidbuffer1_tready                                                                                                                       |               15 |
|ceg_net733                                                                                                                                                       |               15 |
|ceg_net188                                                                                                                                                       |               14 |
|ceg_net183                                                                                                                                                       |               14 |
|u_risc_v/u_EfxSapphireSoc/system_bridge_bmb_unburstify/buffer_valid                                                                                              |               14 |
|ceg_net369                                                                                                                                                       |               14 |
|ceg_net367                                                                                                                                                       |               14 |
|ceg_net715                                                                                                                                                       |               13 |
|ceg_net718                                                                                                                                                       |               13 |
|edb_top_autodbg_inst__/la0/regsel_ld_en                                                                                                                          |               13 |
|u_risc_v/u_EfxSapphireSoc/system_ddr_ddrLogic_cc_fifo/io_output_rsp_queue/io_push_fire                                                                           |               13 |
|u_dma/u_EfxDMA/core/b2m_fsm_aggregate_engine/s1_input_fire                                                                                                       |               13 |
|edb_top_autodbg_inst__/la0/la_biu_inst/n745                                                                                                                      |               13 |
|u_display/u_vga_gen/equal_13/n27                                                                                                                                 |               13 |
|u_cam/u_isp_top/isp_int/gamma_inst/gamma_g_s_axis_tready                                                                                                         |               13 |
|u_risc_v/u_EfxSapphireSoc/system_ddr_ddrLogic_cc_fifo/io_input_cmd_queue/io_push_fire                                                                            |               13 |
|u_cam/u_isp_top/isp_int/gamma_inst/gamma_b_s_axis_tready                                                                                                         |               13 |
|u_risc_v/u_EfxSapphireSoc/system_i2c_0_io_logic/n2301                                                                                                            |               12 |
|u_dma/u_EfxDMA/readLogic_bridge/contextRemover/fifoFork_thrown_translated_fifo_io_pop_ready                                                                      |               12 |
|u_apb3_cam_display/n395                                                                                                                                          |               12 |
|ceg_net1600                                                                                                                                                      |               12 |
|u_risc_v/u_EfxSapphireSoc/system_spi_0_io_logic/n869                                                                                                             |               12 |
|u_risc_v/u_EfxSapphireSoc/system_i2c_0_io_logic/n2307                                                                                                            |               12 |
|u_cam/n10426                                                                                                                                                     |               12 |
|u_risc_v/u_EfxSapphireSoc/when_ClockDomainGenerator_l222                                                                                                         |               12 |
|u_dsi_tx_display/u_efx_dsi_tx/efx_dsi_tx_top_inst/pixel2byte_inst/fifo_inst/wr_en_int                                                                            |               12 |
|u_risc_v/u_EfxSapphireSoc/system_i2c_0_io_logic/n2309                                                                                                            |               12 |
|u_dma/u_EfxDMA/core/b2m_fsm_s0                                                                                                                                   |               12 |
|u_cam/u_isp_top/isp_int/axi_lite_register_inst/n4672                                                                                                             |               12 |
|u_display/u_vga_gen/n251                                                                                                                                         |               12 |
|u_risc_v/u_EfxSapphireSoc/system_i2c_0_io_logic/n2306                                                                                                            |               12 |
|u_csi2_rx_cam/u_efx_csi2_rx/csi2_rx_top_inst/genblk3.byte2pixel_inst/u1_inst/wr_en_int                                                                           |               12 |
|ceg_net1331                                                                                                                                                      |               12 |
|u_risc_v/u_EfxSapphireSoc/system_spi_0_io_logic/n870                                                                                                             |               12 |
|u_risc_v/u_EfxSapphireSoc/system_spi_0_io_logic/n871                                                                                                             |               12 |
|u_risc_v/u_EfxSapphireSoc/system_spi_0_io_logic/mapping_cmdLogic_streamUnbuffered_queueWithAvailability_io_pop_s2mPipe_ready                                     |               12 |
|u_cam/n10423                                                                                                                                                     |               12 |
|ceg_net1366                                                                                                                                                      |               12 |
|u_risc_v/u_EfxSapphireSoc/system_spi_0_io_logic/n868                                                                                                             |               12 |
|u_risc_v/u_EfxSapphireSoc/system_i2c_0_io_logic/n2308                                                                                                            |               12 |
|u_cam/isp_m_axis_tvalid                                                                                                                                          |               11 |
|u_display/n256                                                                                                                                                   |               11 |
|u_cam/isp_s_axis_tlast                                                                                                                                           |               11 |
|u_risc_v/u_EfxSapphireSoc/_zz_system_plic_logic_bus_rsp_ready_1                                                                                                  |               11 |
|u_risc_v/u_EfxSapphireSoc/system_spi_0_io_logic/mapping_cmdLogic_streamUnbuffered_queueWithAvailability_io_pop_rValidN                                           |               11 |
|u_display/u_vga_gen/r_valid_1P                                                                                                                                   |               11 |
|u_risc_v/u_EfxSapphireSoc/system_i2c_0_io_logic/n2035                                                                                                            |               11 |
|u_dma/u_EfxDMA/core/memory_core/initialiser_counter[10]                                                                                                          |               11 |
|u_cam/u_cam_dma_fifo/u_efx_fifo_top/wr_en_int                                                                                                                    |               11 |
|ceg_net1417                                                                                                                                                      |               11 |
|u_cam/u_isp_top/isp_int/gamma_inst/gamma_r_inst/pipe_2_tready                                                                                                    |               11 |
|u_display/u_display_dma_fifo/u_efx_fifo_top/wr_en_int                                                                                                            |               11 |
|u_cam/n9783                                                                                                                                                      |               11 |
|u_hbram/u_hbram_top/hard_cal_block.hbram_cal_axi_top_inst/interface_block1.hbram_axi_wrapper_inst/xefx_axi_amux_top/rd_data_fifo/wr_en_int                       |               11 |
|u_dsi_tx_display/u_efx_dsi_tx/efx_dsi_tx_top_inst/genblk6.packetizer_inst/fifo_inst/wr_en_int                                                                    |               10 |
|u_dsi_tx_display/u_efx_dsi_tx/efx_dsi_tx_top_inst/tx_csr_inst/lp_dcs_wfifo_inst/wr_en_int                                                                        |               10 |
|u_risc_v/u_EfxSapphireSoc/system_i2c_0_io_logic/n2310                                                                                                            |               10 |
|ceg_net1433                                                                                                                                                      |               10 |
|ceg_net671                                                                                                                                                       |               10 |
|u_cam/u_cam_pixel_remap_fifo/u_efx_fifo_top/wr_en_int                                                                                                            |               10 |
|u_dsi_tx_display/u_efx_dsi_tx/efx_dsi_tx_top_inst/tx_csr_inst/hs_dcs_wfifo_inst/wr_en_int                                                                        |               10 |
|u_hbram/u_hbram_top/hard_cal_block.hbram_cal_axi_top_inst/interface_block1.hbram_axi_wrapper_inst/xefx_axi_amux_top/genblk2.wr_data_fifo/wr_en_int               |                9 |
|u_display/u_display_upscaling/in_data_valid                                                                                                                      |                9 |
|u_risc_v/u_EfxSapphireSoc/system_spi_0_io_logic/mapping_cmdLogic_streamUnbuffered_queueWithAvailability/logic_pop_addressGen_fire                                |                9 |
|u_dma/u_EfxDMA/readLogic_beforeQueue_fifo/logic_pop_sync_readArbitation_fire                                                                                     |                9 |
|u_dma/u_EfxDMA/core/channels_2_pop_b2s_veryLastTrigger                                                                                                           |                9 |
|u_dma/u_EfxDMA/outputsAdapter_1_crossclock_fifo/io_push_fire                                                                                                     |                9 |
|u_risc_v/u_EfxSapphireSoc/system_bmbPeripheral_bmb_decoder/io_input_cmd_fire                                                                                     |                9 |
|u_dma/u_EfxDMA/writeLogic_retainer/io_input_cmd_fire                                                                                                             |                9 |
|u_dma/u_EfxDMA/readLogic_beforeQueue_fifo/io_push_fire                                                                                                           |                9 |
|edb_top_autodbg_inst__/la0/la_biu_inst/fifo_with_read_inst/is_last_data                                                                                          |                9 |
|u_dma/u_EfxDMA/readLogic_beforeQueue_fifo/logic_pop_addressGen_fire                                                                                              |                9 |
|edb_top_autodbg_inst__/la0/la_biu_inst/fifo_push                                                                                                                 |                9 |
|u_risc_v/u_EfxSapphireSoc/system_spi_0_io_logic/mapping_cmdLogic_streamUnbuffered_queueWithAvailability/logic_pop_sync_readArbitation_fire                       |                9 |
|u_display/frame_cnt_incr_r3                                                                                                                                      |                9 |
|u_cam/u_isp_top/isp_int/gamma_inst/gamma_b_inst/pipe_2_tready                                                                                                    |                9 |
|ceg_net532                                                                                                                                                       |                9 |
|u_display/u_display_upscaling/rd_data_valid                                                                                                                      |                9 |
|u_risc_v/u_EfxSapphireSoc/system_spi_0_io_logic/ctrl_io_rsp_queueWithOccupancy/logic_pop_sync_readArbitation_fire                                                |                9 |
|u_cam/u_isp_top/isp_int/gamma_inst/gamma_g_inst/pipe_2_tready                                                                                                    |                9 |
|u_risc_v/u_EfxSapphireSoc/system_spi_0_io_logic/ctrl_io_rsp_queueWithOccupancy/logic_pop_addressGen_fire                                                         |                9 |
|u_risc_v/u_EfxSapphireSoc/system_spi_0_io_logic/ctrl_io_rsp_queueWithOccupancy/io_push_fire                                                                      |                9 |
|u_dma/u_EfxDMA/outputsAdapter_2_crossclock_fifo/io_push_fire                                                                                                     |                9 |
|u_dma/u_EfxDMA/writeLogic_retainer/io_input_cmd_fifo/logic_pop_sync_readArbitation_fire                                                                          |                9 |
|u_risc_v/u_EfxSapphireSoc/system_spi_0_io_logic/mapping_cmdLogic_streamUnbuffered_queueWithAvailability/io_push_fire                                             |                9 |
|u_dma/u_EfxDMA/writeLogic_retainer/io_input_cmd_fifo/logic_pop_addressGen_fire                                                                                   |                9 |
|edb_top_autodbg_inst__/la0/la_biu_inst/n3901                                                                                                                     |                9 |
|u_dsi_tx_display/u_efx_dsi_tx/efx_dsi_tx_top_inst/tx_csr_inst/n653                                                                                               |                9 |
|u_dma/u_EfxDMA/outputsAdapter_0_crossclock_fifo/io_push_fire                                                                                                     |                9 |
|u_dma/u_EfxDMA/core/s2b_1_cmd_sinkHalted_valid                                                                                                                   |                8 |
|u_risc_v/u_EfxSapphireSoc/system_i2c_0_io_logic/n2303                                                                                                            |                8 |
|u_dma/u_EfxDMA/core/b2m_fsm_aggregate_engine/n8030                                                                                                               |                8 |
|u_dma/u_EfxDMA/core/b2m_fsm_aggregate_engine/n8029                                                                                                               |                8 |
|u_dma/u_EfxDMA/core/b2m_fsm_aggregate_engine/n8028                                                                                                               |                8 |
|u_dma/u_EfxDMA/core/b2m_fsm_aggregate_engine/n8027                                                                                                               |                8 |
|u_dma/u_EfxDMA/core/b2m_fsm_aggregate_engine/n8026                                                                                                               |                8 |
|u_dma/u_EfxDMA/core/b2m_fsm_aggregate_engine/n8025                                                                                                               |                8 |
|u_dma/u_EfxDMA/core/s2b_0_cmd_sinkHalted_valid                                                                                                                   |                8 |
|u_risc_v/u_EfxSapphireSoc/system_uart_0_io_logic/bridge_write_streamUnbuffered_queueWithOccupancy/logic_pop_sync_readArbitation_fire                             |                8 |
|u_dma/u_EfxDMA/core/b2m_fsm_aggregate_engine/n8024                                                                                                               |                8 |
|u_risc_v/u_EfxSapphireSoc/system_ddr_ddrLogic_ddrAAxi3_w_fire                                                                                                    |                8 |
|u_dma/u_EfxDMA/core/channels_1_pop_b2s_veryLastTrigger                                                                                                           |                8 |
|u_risc_v/u_EfxSapphireSoc/system_uart_0_io_logic/uartCtrl_1_io_read_queueWithOccupancy/logic_pop_sync_readArbitation_fire                                        |                8 |
|u_risc_v/u_EfxSapphireSoc/system_uart_0_io_logic/uartCtrl_1_io_read_queueWithOccupancy/io_push_fire                                                              |                8 |
|u_risc_v/u_EfxSapphireSoc/system_uart_0_io_logic/uartCtrl_1_io_read_queueWithOccupancy/logic_pop_addressGen_fire                                                 |                8 |
|u_risc_v/u_EfxSapphireSoc/system_uart_0_io_logic/bridge_write_streamUnbuffered_queueWithOccupancy/io_push_fire                                                   |                8 |
|u_risc_v/u_EfxSapphireSoc/system_uart_0_io_logic/bridge_write_streamUnbuffered_queueWithOccupancy/logic_pop_addressGen_fire                                      |                8 |
|u_dma/u_EfxDMA/core/channels_4_pop_b2s_veryLastTrigger                                                                                                           |                8 |
|ceg_net585                                                                                                                                                       |                8 |
|ceg_net1503                                                                                                                                                      |                8 |
|ceg_net1397                                                                                                                                                      |                8 |
|ceg_net1410                                                                                                                                                      |                8 |
|u_dsi_tx_display/u_efx_dsi_tx/efx_dsi_tx_top_inst/tx_csr_inst/n843                                                                                               |                8 |
|u_dsi_tx_display/u_efx_dsi_tx/efx_dsi_tx_top_inst/tx_csr_inst/n831                                                                                               |                8 |
|u_dsi_tx_display/u_efx_dsi_tx/efx_dsi_tx_top_inst/tx_csr_inst/n819                                                                                               |                8 |
|u_risc_v/u_EfxSapphireSoc/system_i2c_0_io_logic/n2302                                                                                                            |                8 |
|u_risc_v/u_EfxSapphireSoc/system_i2c_0_io_logic/n2304                                                                                                            |                8 |
|u_dma/u_EfxDMA/core/b2m_fsm_aggregate_engine/n8018                                                                                                               |                8 |
|u_hbram/u_hbram_top/hard_cal_block.hbram_cal_axi_top_inst/h_req                                                                                                  |                8 |
|u_dma/u_EfxDMA/core/memory_core/read_ports_2_cmd_valid                                                                                                           |                8 |
|ceg_net600                                                                                                                                                       |                8 |
|u_dma/u_EfxDMA/core/memory_core/read_ports_0_cmd_valid                                                                                                           |                8 |
|u_dma/u_EfxDMA/core/memory_core/read_ports_1_cmd_valid                                                                                                           |                8 |
|ceg_net2866                                                                                                                                                      |                8 |
|u_dma/u_EfxDMA/core/b2m_fsm_aggregate_engine/n8016                                                                                                               |                8 |
|u_dma/u_EfxDMA/core/b2m_fsm_aggregate_engine/n8017                                                                                                               |                8 |
|u_dma/u_EfxDMA/core/b2m_fsm_aggregate_engine/n8019                                                                                                               |                8 |
|u_risc_v/u_EfxSapphireSoc/system_bmbPeripheral_bmb_decoder/when_BmbDecoder_l56                                                                                   |                8 |
|u_dma/u_EfxDMA/core/b2m_fsm_aggregate_engine/n8015                                                                                                               |                8 |
|u_dma/u_EfxDMA/core/b2m_fsm_aggregate_engine/n8020                                                                                                               |                8 |
|u_dma/u_EfxDMA/core/b2m_fsm_aggregate_engine/n8023                                                                                                               |                8 |
|u_dma/u_EfxDMA/core/b2m_fsm_aggregate_engine/n8021                                                                                                               |                8 |
|u_dma/u_EfxDMA/core/b2m_fsm_aggregate_engine/n8022                                                                                                               |                8 |
|ceg_net1486                                                                                                                                                      |                7 |
|u_risc_v/u_EfxSapphireSoc/system_ddr_ddrLogic_bmbToAxiBridge/writeCmdInfo_fifo/io_push_fire                                                                      |                7 |
|u_risc_v/u_EfxSapphireSoc/system_ddr_ddrLogic_bmbToAxiBridge/readCmdInfo_fifo/logic_pop_addressGen_fire                                                          |                7 |
|u_risc_v/u_EfxSapphireSoc/system_ddr_ddrLogic_bmbToAxiBridge/writeCmdInfo_fifo_io_pop_s2mPipe_ready                                                              |                7 |
|u_risc_v/u_EfxSapphireSoc/system_ddr_ddrLogic_bmbToAxiBridge/writeCmdInfo_fifo/logic_pop_sync_readArbitation_fire                                                |                7 |
|u_risc_v/u_EfxSapphireSoc/system_ddr_ddrLogic_bmbToAxiBridge/readCmdInfo_fifo/io_push_fire                                                                       |                7 |
|u_risc_v/u_EfxSapphireSoc/system_ddr_ddrLogic_bmbToAxiBridge/readCmdInfo_fifo/logic_pop_sync_readArbitation_fire                                                 |                7 |
|u_risc_v/u_EfxSapphireSoc/system_ddr_ddrLogic_bmbToAxiBridge/writeCmdInfo_fifo/logic_pop_addressGen_fire                                                         |                7 |
|u_risc_v/u_EfxSapphireSoc/system_ddr_ddrLogic_cc_fifo/io_output_rsp_queue/popCC_addressGen_fire                                                                  |                7 |
|u_hbram/u_hbram_top/hard_cal_block.hbram_cal_axi_top_inst/calibration_block.hbram_cal_top_inst/cal_rwen                                                          |                7 |
|u_risc_v/u_EfxSapphireSoc/system_cores_0_logic_cpu/IBusCachedPlugin_cache/lineLoader_flushCounter[6]                                                             |                7 |
|u_risc_v/u_EfxSapphireSoc/system_ddr_ddrLogic_cc_fifo/io_output_rsp_queue/popCC_readArbitation_fire                                                              |                7 |
|u_risc_v/u_EfxSapphireSoc/system_uart_0_io_logic/uartCtrl_1/rx/when_UartCtrlRx_l69                                                                               |                7 |
|u_risc_v/u_EfxSapphireSoc/system_ddr_ddrLogic_cc_fifo/io_input_cmd_queue/popCC_readArbitation_fire                                                               |                7 |
|u_risc_v/u_EfxSapphireSoc/system_ddr_ddrLogic_cc_fifo/io_input_cmd_queue/popCC_addressGen_fire                                                                   |                7 |
|u_axi_interconnect/arb_inst/n38                                                                                                                                  |                7 |
|ceg_net1468                                                                                                                                                      |                6 |
|ceg_net1431                                                                                                                                                      |                6 |
|ceg_net1688                                                                                                                                                      |                6 |
|ceg_net171                                                                                                                                                       |                6 |
|u_risc_v/u_EfxSapphireSoc/when_ClockDomainGenerator_l222_3                                                                                                       |                6 |
|u_risc_v/u_EfxSapphireSoc/system_riscvJtag_hard_noTap_tunnel/n1663                                                                                               |                6 |
|u_risc_v/u_EfxSapphireSoc/system_i2c_0_io_logic/n2311                                                                                                            |                6 |
|u_risc_v/u_EfxSapphireSoc/when_ClockDomainGenerator_l222_1                                                                                                       |                6 |
|u_risc_v/u_EfxSapphireSoc/when_ClockDomainGenerator_l222_2                                                                                                       |                6 |
|ceg_net1641                                                                                                                                                      |                6 |
|u_hbram/u_hbram_top/hard_cal_block.hbram_cal_axi_top_inst/interface_block1.hbram_axi_wrapper_inst/xefx_axi_amux_top/n351                                         |                6 |
|u_risc_v/u_EfxSapphireSoc/system_ddr_ddrLogic_bmbToAxiBridge/writeCmdInfo_fifo_io_pop_rValidN                                                                    |                6 |
|u_risc_v/u_EfxSapphireSoc/io_apbSlave_2_logic/bmbBuffer_rsp_ready                                                                                                |                6 |
|edb_top_autodbg_inst__/ceg_net2                                                                                                                                  |                6 |
|u_risc_v/u_EfxSapphireSoc/system_ddr_ddrLogic_bmbToAxiBridge/readCmdInfo_fifo_io_pop_rValid                                                                      |                6 |
|ceg_net1463                                                                                                                                                      |                6 |
|u_risc_v/u_EfxSapphireSoc/system_uart_0_io_logic/n719                                                                                                            |                6 |
|u_dma/u_EfxDMA/core/n16231                                                                                                                                       |                6 |
|u_dma/u_EfxDMA/inputsAdapter_0_crossclock_fifo/popCC_readArbitation_fire                                                                                         |                5 |
|u_hbram/u_hbram_top/hard_cal_block.hbram_cal_axi_top_inst/calibration_block.hbram_cal_top_inst/hbram_cal_ctrl_inst/fifo_rden_block.genblk1.rd_data_fifo/wr_en_int|                5 |
|ceg_net1414                                                                                                                                                      |                5 |
|u_risc_v/u_EfxSapphireSoc/n24725                                                                                                                                 |                5 |
|u_dma/u_EfxDMA/outputsAdapter_1_crossclock_fifo/popCC_addressGen_fire                                                                                            |                5 |
|u_risc_v/u_EfxSapphireSoc/system_cores_0_logic_cpu/n26443                                                                                                        |                5 |
|ceg_net1580                                                                                                                                                      |                5 |
|u_risc_v/u_EfxSapphireSoc/system_cores_0_logic_cpu/n26796                                                                                                        |                5 |
|u_hbram/u_hbram_top/hard_cal_block.hbram_cal_axi_top_inst/interface_block1.hbram_axi_wrapper_inst/xefx_axi_amux_top/rd_cnt_fifo_wr_en                            |                5 |
|ceg_net436                                                                                                                                                       |                5 |
|ceg_net1516                                                                                                                                                      |                5 |
|u_hbram/u_hbram_top/hard_cal_block.hbram_cal_axi_top_inst/interface_block1.hbram_axi_wrapper_inst/xefx_axi_amux_top/addr_fifo/wr_en_int                          |                5 |
|ceg_net1488                                                                                                                                                      |                5 |
|u_dma/u_EfxDMA/outputsAdapter_2_crossclock_fifo/popCC_addressGen_fire                                                                                            |                5 |
|u_cam/delay_count_en                                                                                                                                             |                5 |
|u_hbram/u_hbram_top/hard_cal_block.hbram_cal_axi_top_inst/interface_block1.hbram_axi_wrapper_inst/xefx_axi_amux_top/rd_counter_fifo/wr_en_int                    |                5 |
|u_dma/u_EfxDMA/inputsAdapter_1_crossclock_fifo/popCC_addressGen_fire                                                                                             |                5 |
|u_csi2_rx_cam/u_efx_csi2_rx/csi2_rx_top_inst/genblk2.lane_aligner_inst/genblk1[1].u1_inst/wr_en_int                                                              |                5 |
|u_dma/u_EfxDMA/outputsAdapter_1_crossclock_fifo/popCC_readArbitation_fire                                                                                        |                5 |
|u_dsi_tx_display/u_efx_dsi_tx/efx_dsi_tx_top_inst/tx_csr_inst/n307                                                                                               |                5 |
|u_dsi_tx_display/u_efx_dsi_tx/efx_dsi_tx_top_inst/tx_csr_inst/n451                                                                                               |                5 |
|u_dma/u_EfxDMA/inputsAdapter_0_crossclock_fifo/popCC_addressGen_fire                                                                                             |                5 |
|u_csi2_rx_cam/u_efx_csi2_rx/csi2_rx_top_inst/genblk2.lane_aligner_inst/genblk1[0].u1_inst/wr_en_int                                                              |                5 |
|ceg_net583                                                                                                                                                       |                4 |
|u_risc_v/u_EfxSapphireSoc/n24699                                                                                                                                 |                4 |
|u_risc_v/u_EfxSapphireSoc/system_bmbPeripheral_bmb_decoder/logic_input_fire                                                                                      |                4 |
|u_cam/u_isp_top/isp_int/demosaic_tready                                                                                                                          |                4 |
|ceg_net177                                                                                                                                                       |                4 |
|u_dma/u_EfxDMA/core/n16220                                                                                                                                       |                4 |
|u_risc_v/u_EfxSapphireSoc/system_bridge_bmb_arbiter_io_output_cmd_valid                                                                                          |                4 |
|u_dma/u_EfxDMA/readLogic_bridge/contextRemover/fifoFork_thrown_translated_fifo/logic_pop_addressGen_fire                                                         |                4 |
|u_hbram/u_hbram_top/hard_cal_block.hbram_cal_axi_top_inst/interface_block1.hbram_axi_wrapper_inst/xefx_axi_amux_top/wr_cntr_wren                                 |                4 |
|u_dma/u_EfxDMA/core/n16222                                                                                                                                       |                4 |
|u_risc_v/u_EfxSapphireSoc/system_i2c_0_io_logic/i2cCtrl/equal_6/n19                                                                                              |                4 |
|u_cam/n11583                                                                                                                                                     |                4 |
|u_risc_v/u_EfxSapphireSoc/system_bridge_bmb_upSizer/when_BmbUpSizerBridge_l95_2                                                                                  |                4 |
|ceg_net350                                                                                                                                                       |                4 |
|ceg_net684                                                                                                                                                       |                4 |
|u_cam/u_isp_top/isp_int/ccm_inst/pipe_2_tready                                                                                                                   |                4 |
|u_risc_v/u_EfxSapphireSoc/system_bridge_bmb_upSizer/when_BmbUpSizerBridge_l95                                                                                    |                4 |
|u_dma/u_EfxDMA/core/n16224                                                                                                                                       |                4 |
|u_risc_v/u_EfxSapphireSoc/system_bridge_bmb_upSizer/when_BmbUpSizerBridge_l95_1                                                                                  |                4 |
|ceg_net614                                                                                                                                                       |                4 |
|ceg_net2865                                                                                                                                                      |                4 |
|ceg_net603                                                                                                                                                       |                4 |
|ceg_net669                                                                                                                                                       |                4 |
|u_dma/u_EfxDMA/core/n16218                                                                                                                                       |                4 |
|u_risc_v/u_EfxSapphireSoc/_zz_system_cores_0_iBus_rsp_valid_1                                                                                                    |                4 |
|u_risc_v/u_EfxSapphireSoc/system_spi_0_io_logic/n810                                                                                                             |                4 |
|ceg_net1427                                                                                                                                                      |                4 |
|u_dsi_tx_display/u_efx_dsi_tx/efx_dsi_tx_top_inst/tx_csr_inst/n641                                                                                               |                4 |
|u_dma/u_EfxDMA/withCtrlCc_apbCc/outputLogic_outputCmd_fire                                                                                                       |                4 |
|u_dma/u_EfxDMA/core/n16211                                                                                                                                       |                4 |
|ceg_net1586                                                                                                                                                      |                4 |
|ceg_net1578                                                                                                                                                      |                4 |
|u_cam/rd_state[0]                                                                                                                                                |                4 |
|u_cam/u_isp_top/isp_int/ccm_inst/pipe_1_tready                                                                                                                   |                4 |
|edb_top_autodbg_inst__/debug_hub_inst/n267                                                                                                                       |                4 |
|u_cam/u_isp_top/isp_int/colorgain_inst/pipe_1_tready                                                                                                             |                4 |
|u_cam/u_isp_top/isp_int/ccm_inst/pipe_4_tready                                                                                                                   |                4 |
|u_cam/u_isp_top/isp_int/ccm_inst/pipe_3_tready                                                                                                                   |                4 |
|edb_top_autodbg_inst__/la0/op_reg_en                                                                                                                             |                4 |
|u_risc_v/u_EfxSapphireSoc/system_uart_0_io_logic/uartCtrl_1/clockDivider_tickReg                                                                                 |                4 |
|edb_top_autodbg_inst__/ceg_net5                                                                                                                                  |                3 |
|u_cam/u_isp_top/isp_int/gamma_inst/gamma_r_inst/pipe_1_tready                                                                                                    |                3 |
|u_hbram/u_hbram_top/hard_cal_block.hbram_cal_axi_top_inst/interface_block1.hbram_axi_wrapper_inst/xefx_axi_amux_top/wr_response_fifo/wr_en_int                   |                3 |
|edb_top_autodbg_inst__/la0/n3831                                                                                                                                 |                3 |
|ceg_net1597                                                                                                                                                      |                3 |
|u_risc_v/u_EfxSapphireSoc/system_spi_0_io_logic/ctrl/n470                                                                                                        |                3 |
|u_dsi_tx_display/u_efx_dsi_tx/efx_dsi_tx_top_inst/pixel2byte_inst/hsync_clk_pixel_p1                                                                             |                3 |
|u_axi_interconnect/arb_inst/n180                                                                                                                                 |                3 |
|u_dma/u_EfxDMA/readLogic_bridge/contextRemover/fifoFork_thrown_translated_fifo/io_pop_fire                                                                       |                3 |
|u_dma/u_EfxDMA/readLogic_bridge/contextRemover/fifoFork_thrown_translated_fifo/io_push_fire                                                                      |                3 |
|u_dma/u_EfxDMA/core/n15028                                                                                                                                       |                3 |
|u_dma/u_EfxDMA/writeLogic_bridge/contextRemover/fifoFork_thrown_translated_fifo_io_pop_ready                                                                     |                3 |
|edb_top_autodbg_inst__/la0/n12161                                                                                                                                |                3 |
|edb_top_autodbg_inst__/la0/n13442                                                                                                                                |                3 |
|edb_top_autodbg_inst__/la0/n14787                                                                                                                                |                3 |
|edb_top_autodbg_inst__/la0/n11328                                                                                                                                |                3 |
|edb_top_autodbg_inst__/la0/n10495                                                                                                                                |                3 |
|edb_top_autodbg_inst__/la0/n16132                                                                                                                                |                3 |
|edb_top_autodbg_inst__/la0/n17477                                                                                                                                |                3 |
|edb_top_autodbg_inst__/la0/n18822                                                                                                                                |                3 |
|edb_top_autodbg_inst__/la0/n9662                                                                                                                                 |                3 |
|u_dma/u_EfxDMA/writeLogic_bridge/contextRemover/fifoFork_thrown_translated_fifo/logic_pop_addressGen_fire                                                        |                3 |
|u_dma/u_EfxDMA/writeLogic_bridge/contextRemover/fifoFork_thrown_translated_fifo/io_push_fire                                                                     |                3 |
|edb_top_autodbg_inst__/la0/n2998                                                                                                                                 |                3 |
|edb_top_autodbg_inst__/la0/n8829                                                                                                                                 |                3 |
|edb_top_autodbg_inst__/la0/n7996                                                                                                                                 |                3 |
|edb_top_autodbg_inst__/la0/n20167                                                                                                                                |                3 |
|u_risc_v/u_EfxSapphireSoc/system_cores_0_logic_cpu/n26451                                                                                                        |                3 |
|u_risc_v/u_EfxSapphireSoc/system_cores_0_logic_cpu/n26804                                                                                                        |                3 |
|ceg_net1429                                                                                                                                                      |                3 |
|edb_top_autodbg_inst__/la0/n7163                                                                                                                                 |                3 |
|edb_top_autodbg_inst__/la0/n6330                                                                                                                                 |                3 |
|edb_top_autodbg_inst__/la0/n5497                                                                                                                                 |                3 |
|edb_top_autodbg_inst__/la0/n4664                                                                                                                                 |                3 |
|u_risc_v/u_EfxSapphireSoc/io_pop_s2mPipe_ready                                                                                                                   |                3 |
|u_risc_v/u_EfxSapphireSoc/system_riscvJtag_debug_logic_dm/n2188                                                                                                  |                3 |
|u_dma/u_EfxDMA/core/n15035                                                                                                                                       |                3 |
|u_risc_v/u_EfxSapphireSoc/system_bridge_bmb_decoder/when_BmbDecoder_l56                                                                                          |                3 |
|u_dsi_tx_display/u_efx_dsi_tx/efx_dsi_tx_top_inst/datatype_reg[5]                                                                                                |                3 |
|u_risc_v/u_EfxSapphireSoc/system_cores_0_logic_cpu/n26438                                                                                                        |                3 |
|u_dma/u_EfxDMA/writeLogic_bridge/contextRemover/fifoFork_thrown_translated_fifo/io_pop_fire                                                                      |                3 |
|u_risc_v/u_EfxSapphireSoc/system_bridge_bmb_upSizer/io_input_cmd_fire                                                                                            |                3 |
|ceg_net324                                                                                                                                                       |                3 |
|u_cam/u_isp_top/isp_int/demosaic_inst/linebuffer_inst/n1129                                                                                                      |                3 |
|u_dma/u_EfxDMA/core/m2b_cmd_s0_valid                                                                                                                             |                3 |
|ceg_net1651                                                                                                                                                      |                3 |
|u_risc_v/u_EfxSapphireSoc/system_ddr_ddrLogic_arbiterAxi3Shared/cmdRouteFork_thrown_translated_fifo/fifo/logic_ptr_doPush                                        |                3 |
|ceg_net2917                                                                                                                                                      |                3 |
|ceg_net508                                                                                                                                                       |                3 |
|u_risc_v/u_EfxSapphireSoc/system_i2c_0_io_logic/n2285                                                                                                            |                3 |
|u_risc_v/u_EfxSapphireSoc/system_ddr_ddrLogic_arbiterAxi3Shared/cmdRouteFork_thrown_translated_fifo/fifo/logic_pop_addressGen_fire                               |                3 |
|u_risc_v/u_EfxSapphireSoc/system_i2c_0_io_logic/i2cCtrl/ctrl_rspBufferIn_ready                                                                                   |                3 |
|ceg_net1533                                                                                                                                                      |                3 |
|u_risc_v/u_EfxSapphireSoc/system_ddr_ddrLogic_ddrAToAxi3_patchArw_translated_thrown_fifo/fifo/logic_pop_addressGen_fire                                          |                3 |
|u_dma/u_EfxDMA/core/n15004                                                                                                                                       |                3 |
|ceg_net1471                                                                                                                                                      |                3 |
|u_dma/u_EfxDMA/core/n14987                                                                                                                                       |                3 |
|u_dma/u_EfxDMA/core/n14986                                                                                                                                       |                3 |
|u_dma/u_EfxDMA/core/n14985                                                                                                                                       |                3 |
|u_risc_v/u_EfxSapphireSoc/system_ddr_ddrLogic_ddrAToAxi3_patchArw_translated_thrown_fifo/fifo/logic_ptr_doPush                                                   |                3 |
|ceg_net1482                                                                                                                                                      |                3 |
|u_panel_config/n1290                                                                                                                                             |                3 |
|ceg_net1484                                                                                                                                                      |                3 |
|u_csi2_rx_cam/u_efx_csi2_rx/csi2_rx_top_inst/genblk3.byte2pixel_inst/n1520                                                                                       |                3 |
|u_dma/u_EfxDMA/core/n14984                                                                                                                                       |                3 |
|u_dma/u_EfxDMA/core/n14983                                                                                                                                       |                3 |
|u_risc_v/u_EfxSapphireSoc/system_uart_0_io_logic/uartCtrl_1/rx/sampler_tick                                                                                      |                3 |
|u_risc_v/u_EfxSapphireSoc/system_ddr_ddrLogic_ddrAToAxi3_patchArw_translated_thrown_fifo/fifo/i121/n6                                                            |                2 |
|u_risc_v/u_EfxSapphireSoc/system_ddr_ddrLogic_ddrAToAxi3_patchArw_translated_thrown_fifo/fifo/i121/n7                                                            |                2 |
|u_risc_v/u_EfxSapphireSoc/system_i2c_0_io_logic/n2012                                                                                                            |                2 |
|u_dma/u_EfxDMA/core/n15151                                                                                                                                       |                2 |
|u_risc_v/u_EfxSapphireSoc/system_ddr_ddrLogic_ddrAToAxi3_patchArw_translated_thrown_fifo/fifo/i121/n5                                                            |                2 |
|u_risc_v/u_EfxSapphireSoc/system_i2c_0_io_logic/n2046                                                                                                            |                2 |
|u_dma/u_EfxDMA/writeLogic_bridge/contextRemover/cmdFork_fire                                                                                                     |                2 |
|u_risc_v/u_EfxSapphireSoc/system_uart_0_io_logic/n705                                                                                                            |                2 |
|u_dma/u_EfxDMA/core/n16234                                                                                                                                       |                2 |
|ceg_net1799                                                                                                                                                      |                2 |
|u_panel_config/n1291                                                                                                                                             |                2 |
|u_dma/u_EfxDMA/core/channels_1_descriptorStart                                                                                                                   |                2 |
|u_dma/u_EfxDMA/core/n15158                                                                                                                                       |                2 |
|u_risc_v/u_EfxSapphireSoc/io_pop_rValidN                                                                                                                         |                2 |
|ceg_net1803                                                                                                                                                      |                2 |
|u_dma/u_EfxDMA/core/n15163                                                                                                                                       |                2 |
|u_dma/u_EfxDMA/core/n15031                                                                                                                                       |                2 |
|ceg_net1678                                                                                                                                                      |                2 |
|u_risc_v/u_EfxSapphireSoc/system_ddr_ddrLogic_ddrAToAxi3_patchArw_translated_thrown_fifo/fifo/i121/n8                                                            |                2 |
|ceg_net1583                                                                                                                                                      |                2 |
|u_apb3_cam_display/n377                                                                                                                                          |                2 |
|u_dma/u_EfxDMA/core/n16208                                                                                                                                       |                2 |
|u_dma/u_EfxDMA/core/n15174                                                                                                                                       |                2 |
|u_dma/u_EfxDMA/core/channels_2_descriptorStart                                                                                                                   |                2 |
|u_risc_v/u_EfxSapphireSoc/system_i2c_0_io_logic/bridge_rxData_event                                                                                              |                2 |
|u_dma/u_EfxDMA/core/n15033                                                                                                                                       |                2 |
|u_dma/u_EfxDMA/core/n15167                                                                                                                                       |                2 |
|ceg_net1662                                                                                                                                                      |                2 |
|u_dma/u_EfxDMA/core/memory_core/read_ports_2_buffer_bufferIn_rValidN                                                                                             |                2 |
|ceg_net1670                                                                                                                                                      |                2 |
|u_risc_v/u_EfxSapphireSoc/n24800                                                                                                                                 |                2 |
|u_dma/u_EfxDMA/core/channels_3_descriptorStart                                                                                                                   |                2 |
|u_risc_v/u_EfxSapphireSoc/n24801                                                                                                                                 |                2 |
|u_risc_v/u_EfxSapphireSoc/n24802                                                                                                                                 |                2 |
|u_risc_v/u_EfxSapphireSoc/n24803                                                                                                                                 |                2 |
|ceg_net1668                                                                                                                                                      |                2 |
|ceg_net1812                                                                                                                                                      |                2 |
|u_dma/u_EfxDMA/core/channels_0_descriptorStart                                                                                                                   |                2 |
|u_risc_v/u_EfxSapphireSoc/system_riscvJtag_debug_logic_dm_io_harts_0_resume_cmd_valid                                                                            |                2 |
|u_dsi_tx_display/u_efx_dsi_tx/efx_dsi_tx_top_inst/video_iface_inst/delay_sync_inst/n24                                                                           |                2 |
|u_risc_v/u_EfxSapphireSoc/system_bridge_bmb_decoder/logic_input_fire                                                                                             |                2 |
|u_risc_v/u_EfxSapphireSoc/system_ddr_ddrLogic_arbiterAxi3Shared/cmdArbiter_io_output_valid                                                                       |                2 |
|u_dsi_tx_display/u_efx_dsi_tx/efx_dsi_tx_top_inst/tx_csr_inst/n711                                                                                               |                2 |
|ceg_net2919                                                                                                                                                      |                2 |
|ceg_net1653                                                                                                                                                      |                2 |
|u_cam/u_isp_top/isp_int/demosaic_inst/n6081                                                                                                                      |                2 |
|u_dma/u_EfxDMA/writeLogic_bridge/contextRemover/fifoFork_fire                                                                                                    |                2 |
|ceg_net363                                                                                                                                                       |                2 |
|u_apb3_cam_display/n107                                                                                                                                          |                2 |
|ceg_net708                                                                                                                                                       |                2 |
|u_apb3_cam_display/n89                                                                                                                                           |                2 |
|u_cam/u_isp_top/isp_int/axi_lite_register_inst/n4680                                                                                                             |                2 |
|u_risc_v/u_EfxSapphireSoc/system_bridge_bmb_unburstify_1/buffer_valid                                                                                            |                2 |
|u_dma/u_EfxDMA/core/channels_4_descriptorStart                                                                                                                   |                2 |
|u_risc_v/u_EfxSapphireSoc/system_i2c_0_io_interrupt_plic_gateway_waitCompletion                                                                                  |                2 |
|u_dma/u_EfxDMA/core/n15072                                                                                                                                       |                2 |
|u_risc_v/u_EfxSapphireSoc/system_spi_0_io_interrupt_plic_gateway_waitCompletion                                                                                  |                2 |
|u_risc_v/u_EfxSapphireSoc/system_uart_0_io_interrupt_plic_gateway_waitCompletion                                                                                 |                2 |
|u_dma/u_EfxDMA/readLogic_bridge/contextRemover/fifoFork_fire                                                                                                     |                2 |
|u_risc_v/u_EfxSapphireSoc/userInterruptA_interrupt_plic_gateway_waitCompletion                                                                                   |                2 |
|u_dma/u_EfxDMA/core/n15008                                                                                                                                       |                2 |
|u_dma/u_EfxDMA/core/n15007                                                                                                                                       |                2 |
|u_dma/u_EfxDMA/core/n15006                                                                                                                                       |                2 |
|ceg_net1589                                                                                                                                                      |                2 |
|u_dma/u_EfxDMA/core/n15097                                                                                                                                       |                2 |
|u_risc_v/u_EfxSapphireSoc/n24804                                                                                                                                 |                2 |
|u_dma/u_EfxDMA/core/n15005                                                                                                                                       |                2 |
|u_dma/u_EfxDMA/core/memory_core/read_ports_0_buffer_bufferIn_rValidN                                                                                             |                2 |
|u_risc_v/u_EfxSapphireSoc/system_spi_0_io_logic/n807                                                                                                             |                2 |
|u_dma/u_EfxDMA/core/n15038                                                                                                                                       |                2 |
|ceg_net1595                                                                                                                                                      |                1 |
|u_dma/u_EfxDMA/withCtrlCc_apbCc/flowCCUnsafeByToggle_io_output_toStream_ready                                                                                    |                1 |
|u_dma/u_EfxDMA/core/n14957                                                                                                                                       |                1 |
|u_dma/u_EfxDMA/core/when_DmaSg_l255_15                                                                                                                           |                1 |
|u_risc_v/u_EfxSapphireSoc/system_i2c_0_io_logic/when_I2cCtrl_l310                                                                                                |                1 |
|ceg_net1704                                                                                                                                                      |                1 |
|ceg_net1708                                                                                                                                                      |                1 |
|edb_top_autodbg_inst__/ceg_net27                                                                                                                                 |                1 |
|ceg_net1592                                                                                                                                                      |                1 |
|u_dma/u_EfxDMA/outputsAdapter_1_crossclock_fifo/popCC_addressGen_ready                                                                                           |                1 |
|u_risc_v/u_EfxSapphireSoc/system_i2c_0_io_logic/n1987                                                                                                            |                1 |
|u_dma/u_EfxDMA/inputsAdapter_1_crossclock_fifo/popCC_addressGen_ready                                                                                            |                1 |
|u_dma/u_EfxDMA/inputsAdapter_0_crossclock_fifo/popCC_addressGen_ready                                                                                            |                1 |
|u_risc_v/u_EfxSapphireSoc/system_clint_logic/n1008                                                                                                               |                1 |
|u_risc_v/u_EfxSapphireSoc/system_i2c_0_io_logic/n1986                                                                                                            |                1 |
|u_dma/u_EfxDMA/writeLogic_retainer/cmdBuffer_fire                                                                                                                |                1 |
|u_dma/u_EfxDMA/core/when_DmaSg_l255_5                                                                                                                            |                1 |
|u_dma/u_EfxDMA/core/when_DmaSg_l255                                                                                                                              |                1 |
|u_dma/u_EfxDMA/core/n15160                                                                                                                                       |                1 |
|u_dma/u_EfxDMA/core/n15165                                                                                                                                       |                1 |
|u_dma/u_EfxDMA/core/n15018                                                                                                                                       |                1 |
|u_dma/u_EfxDMA/core/when_DmaSg_l255_11                                                                                                                           |                1 |
|u_dma/u_EfxDMA/core/when_DmaSg_l255_2                                                                                                                            |                1 |
|u_dma/u_EfxDMA/core/channels_0_pop_b2m_packetSync                                                                                                                |                1 |
|u_dma/u_EfxDMA/core/n15171                                                                                                                                       |                1 |
|edb_top_autodbg_inst__/ceg_net14                                                                                                                                 |                1 |
|u_dma/u_EfxDMA/core/when_DmaSg_l255_7                                                                                                                            |                1 |
|u_dma/u_EfxDMA/readLogic_beforeQueue_fifo/logic_pop_addressGen_ready                                                                                             |                1 |
|u_dma/u_EfxDMA/core/when_DmaSg_l255_9                                                                                                                            |                1 |
|u_dma/u_EfxDMA/core/n15015                                                                                                                                       |                1 |
|ceg_net1838                                                                                                                                                      |                1 |
|u_dma/u_EfxDMA/writeLogic_bridge/contextRemover/fifoFork_thrown_translated_fifo/when_Stream_l1248                                                                |                1 |
|u_dma/u_EfxDMA/core/io_write_cmd_fire                                                                                                                            |                1 |
|u_risc_v/u_EfxSapphireSoc/system_bmbPeripheral_bmb_decoder_io_outputs_3_cmd_valid                                                                                |                1 |
|u_risc_v/u_EfxSapphireSoc/system_ddr_ddrLogic_cpuAccess_b_s2mPipe_ready                                                                                          |                1 |
|u_risc_v/u_EfxSapphireSoc/system_ddr_ddrLogic_bmbToAxiBridge_io_output_w_valid                                                                                   |                1 |
|u_risc_v/u_EfxSapphireSoc/system_ddr_ddrLogic_bmbToAxiBridge_io_output_arw_valid                                                                                 |                1 |
|u_risc_v/u_EfxSapphireSoc/system_bridge_bmb_upSizer_io_output_cmd_valid                                                                                          |                1 |
|ceg_net2606                                                                                                                                                      |                1 |
|ceg_net2607                                                                                                                                                      |                1 |
|ceg_net2608                                                                                                                                                      |                1 |
|ceg_net2609                                                                                                                                                      |                1 |
|ceg_net2610                                                                                                                                                      |                1 |
|ceg_net1649                                                                                                                                                      |                1 |
|ceg_net2611                                                                                                                                                      |                1 |
|u_risc_v/u_EfxSapphireSoc/system_bmbPeripheral_bmb_decoder_io_outputs_4_cmd_valid                                                                                |                1 |
|ceg_net2612                                                                                                                                                      |                1 |
|ceg_net2605                                                                                                                                                      |                1 |
|ceg_net2613                                                                                                                                                      |                1 |
|u_risc_v/u_EfxSapphireSoc/system_bmbPeripheral_bmb_decoder_io_outputs_2_cmd_valid                                                                                |                1 |
|u_risc_v/u_EfxSapphireSoc/system_bmbPeripheral_bmb_decoder_io_input_rsp_valid                                                                                    |                1 |
|ceg_net2614                                                                                                                                                      |                1 |
|ceg_net2615                                                                                                                                                      |                1 |
|ceg_net2616                                                                                                                                                      |                1 |
|ceg_net2617                                                                                                                                                      |                1 |
|ceg_net2618                                                                                                                                                      |                1 |
|u_risc_v/u_EfxSapphireSoc/systemCd_logic_outputReset                                                                                                             |                1 |
|u_risc_v/u_EfxSapphireSoc/system_cores_0_logic_cpu/dataCache_1/stageB_flusher_counter[6]                                                                         |                1 |
|u_risc_v/u_EfxSapphireSoc/io_ddrA_b_s2mPipe_rValid                                                                                                               |                1 |
|u_risc_v/u_EfxSapphireSoc/io_ddrA_r_rValid                                                                                                                       |                1 |
|u_risc_v/u_EfxSapphireSoc/system_ddr_ddrLogic_ddrAAxi3_b_s2mPipe_rValid                                                                                          |                1 |
|u_dma/u_EfxDMA/withCtrlCc_apbCc_io_output_PSEL[0]                                                                                                                |                1 |
|u_cam/cam_pixel_remap_fifo_overflow                                                                                                                              |                1 |
|u_cam/cam_dma_fifo_overflow                                                                                                                                      |                1 |
|ceg_net26                                                                                                                                                        |                1 |
|ceg_net382                                                                                                                                                       |                1 |
|ceg_net385                                                                                                                                                       |                1 |
|ceg_net386                                                                                                                                                       |                1 |
|ceg_net393                                                                                                                                                       |                1 |
|u_risc_v/u_EfxSapphireSoc/io_ddrA_b_s2mPipe_ready                                                                                                                |                1 |
|ceg_net394                                                                                                                                                       |                1 |
|ceg_net396                                                                                                                                                       |                1 |
|ceg_net398                                                                                                                                                       |                1 |
|ceg_net23                                                                                                                                                        |                1 |
|ceg_net401                                                                                                                                                       |                1 |
|u_risc_v/u_EfxSapphireSoc/system_cores_0_logic_cpu/_zz_5                                                                                                         |                1 |
|ceg_net1843                                                                                                                                                      |                1 |
|ceg_net20                                                                                                                                                        |                1 |
|ceg_net2596                                                                                                                                                      |                1 |
|ceg_net2597                                                                                                                                                      |                1 |
|ceg_net2598                                                                                                                                                      |                1 |
|u_risc_v/u_EfxSapphireSoc/system_ddr_ddrLogic_ddrAAxi3_b_s2mPipe_ready                                                                                           |                1 |
|ceg_net2599                                                                                                                                                      |                1 |
|ceg_net2600                                                                                                                                                      |                1 |
|ceg_net2601                                                                                                                                                      |                1 |
|u_risc_v/u_EfxSapphireSoc/system_ddr_ddrLogic_arbiterAxi3Shared_io_output_arw_valid                                                                              |                1 |
|ceg_net2602                                                                                                                                                      |                1 |
|ceg_net2603                                                                                                                                                      |                1 |
|ceg_net2604                                                                                                                                                      |                1 |
|u_risc_v/u_EfxSapphireSoc/system_ddr_ddrLogic_bmbToAxiBridge/cmdFork_fire                                                                                        |                1 |
|u_risc_v/u_EfxSapphireSoc/system_i2c_0_io_logic/n2420                                                                                                            |                1 |
|u_risc_v/u_EfxSapphireSoc/system_ddr_ddrLogic_bmbToAxiBridge/when_BmbToAxi4Bridge_l45                                                                            |                1 |
|u_risc_v/u_EfxSapphireSoc/system_i2c_0_io_logic/n2421                                                                                                            |                1 |
|u_risc_v/u_EfxSapphireSoc/system_i2c_0_io_logic/n2422                                                                                                            |                1 |
|u_risc_v/u_EfxSapphireSoc/system_i2c_0_io_logic/n2423                                                                                                            |                1 |
|u_risc_v/u_EfxSapphireSoc/system_i2c_0_io_logic/n2424                                                                                                            |                1 |
|ceg_net1727                                                                                                                                                      |                1 |
|u_risc_v/u_EfxSapphireSoc/system_riscvJtag_hard_noTap_tunnel/equal_60/n3                                                                                         |                1 |
|u_risc_v/u_EfxSapphireSoc/system_riscvJtag_hard_noTap_tunnel/n1674                                                                                               |                1 |
|u_risc_v/u_EfxSapphireSoc/system_ddr_ddrLogic_bmbToAxiBridge/when_BmbToAxi4Bridge_l45_1                                                                          |                1 |
|u_risc_v/u_EfxSapphireSoc/system_ddr_ddrLogic_bmbToAxiBridge/writeCmdInfo_fifo/logic_pop_addressGen_ready                                                        |                1 |
|ceg_net128                                                                                                                                                       |                1 |
|ceg_net121                                                                                                                                                       |                1 |
|u_risc_v/u_EfxSapphireSoc/system_i2c_0_io_logic/n2419                                                                                                            |                1 |
|u_risc_v/u_EfxSapphireSoc/system_ddr_ddrLogic_bmbToAxiBridge/dataFork_fire                                                                                       |                1 |
|u_risc_v/u_EfxSapphireSoc/system_ddr_ddrLogic_bmbToAxiBridge/when_BmbToAxi4Bridge_l87                                                                            |                1 |
|u_risc_v/u_EfxSapphireSoc/system_ddr_ddrLogic_bmbToAxiBridge/readCmdInfo_fifo/logic_pop_addressGen_ready                                                         |                1 |
|u_risc_v/u_EfxSapphireSoc/system_i2c_0_io_logic/when_I2cCtrl_l634_12                                                                                             |                1 |
|u_risc_v/u_EfxSapphireSoc/system_i2c_0_io_logic/when_I2cCtrl_l634_10                                                                                             |                1 |
|u_risc_v/u_EfxSapphireSoc/system_i2c_0_io_logic/when_I2cCtrl_l634_6                                                                                              |                1 |
|u_risc_v/u_EfxSapphireSoc/system_i2c_0_io_logic/equal_118/n5                                                                                                     |                1 |
|u_risc_v/u_EfxSapphireSoc/system_i2c_0_io_logic/equal_117/n5                                                                                                     |                1 |
|u_risc_v/u_EfxSapphireSoc/system_i2c_0_io_logic/equal_116/n5                                                                                                     |                1 |
|ceg_net1715                                                                                                                                                      |                1 |
|ceg_net1712                                                                                                                                                      |                1 |
|ceg_net1710                                                                                                                                                      |                1 |
|u_risc_v/u_EfxSapphireSoc/system_i2c_0_io_logic/n1989                                                                                                            |                1 |
|u_dma/u_EfxDMA/core/b2m_fsm_aggregate_memoryPort_fire                                                                                                            |                1 |
|u_hbram/u_hbram_top/hard_cal_block.hbram_cal_axi_top_inst/calibration_block.hbram_cal_top_inst/hbram_cal_ctrl_inst/state[6]                                      |                1 |
|ceg_net1337                                                                                                                                                      |                1 |
|ceg_net1339                                                                                                                                                      |                1 |
|ceg_net1372                                                                                                                                                      |                1 |
|ceg_net1374                                                                                                                                                      |                1 |
|edb_top_autodbg_inst__/la0/trigger_skipper_n/equal_6/n127                                                                                                        |                1 |
|u_risc_v/u_EfxSapphireSoc/system_spi_0_io_logic/ctrl_io_rsp_queueWithOccupancy/logic_pop_addressGen_ready                                                        |                1 |
|u_risc_v/u_EfxSapphireSoc/system_spi_0_io_logic/mapping_cmdLogic_streamUnbuffered_queueWithAvailability/logic_pop_addressGen_ready                               |                1 |
|ceg_net1721                                                                                                                                                      |                1 |
|ceg_net2549                                                                                                                                                      |                1 |
|u_risc_v/u_EfxSapphireSoc/system_spi_0_io_logic/n808                                                                                                             |                1 |
|ceg_net663                                                                                                                                                       |                1 |
|ceg_net666                                                                                                                                                       |                1 |
|u_risc_v/u_EfxSapphireSoc/system_i2c_0_io_logic/n1988                                                                                                            |                1 |
|u_dma/u_EfxDMA/core/n15154                                                                                                                                       |                1 |
|u_dma/u_EfxDMA/core/n15157                                                                                                                                       |                1 |
|ceg_net1741                                                                                                                                                      |                1 |
|u_dma/u_EfxDMA/core/n15162                                                                                                                                       |                1 |
|ceg_net1739                                                                                                                                                      |                1 |
|ceg_net1737                                                                                                                                                      |                1 |
|ceg_net2546                                                                                                                                                      |                1 |
|ceg_net142                                                                                                                                                       |                1 |
|ceg_net140                                                                                                                                                       |                1 |
|u_dma/u_EfxDMA/core/n15170                                                                                                                                       |                1 |
|u_dma/u_EfxDMA/core/n15173                                                                                                                                       |                1 |
|u_risc_v/u_EfxSapphireSoc/system_i2c_0_io_logic/n2409                                                                                                            |                1 |
|ceg_net1676                                                                                                                                                      |                1 |
|ceg_net445                                                                                                                                                       |                1 |
|ceg_net447                                                                                                                                                       |                1 |
|ceg_net1814                                                                                                                                                      |                1 |
|ceg_net1816                                                                                                                                                      |                1 |
|u_risc_v/u_EfxSapphireSoc/system_ddr_ddrLogic_arbiterAxi3Shared/cmdRouteFork_thrown_translated_fifo_io_pop_rValid                                                |                1 |
|u_risc_v/u_EfxSapphireSoc/system_cores_0_logic_cpu/n26422                                                                                                        |                1 |
|u_risc_v/u_EfxSapphireSoc/system_cores_0_logic_cpu/n26426                                                                                                        |                1 |
|u_risc_v/u_EfxSapphireSoc/system_cores_0_logic_cpu/n26424                                                                                                        |                1 |
|ceg_net1672                                                                                                                                                      |                1 |
|ceg_net1674                                                                                                                                                      |                1 |
|ceg_net443                                                                                                                                                       |                1 |
|u_risc_v/u_EfxSapphireSoc/system_cores_0_logic_cpu/equal_1520/n11                                                                                                |                1 |
|ceg_net688                                                                                                                                                       |                1 |
|u_cam/u_isp_top/isp_int/min_max_timer_inst4/n50                                                                                                                  |                1 |
|ceg_net1786                                                                                                                                                      |                1 |
|u_cam/u_isp_top/isp_int/min_max_timer_inst5/capture_en                                                                                                           |                1 |
|u_cam/u_isp_top/isp_int/gamma_inst/gamma_g_inst/pipe_1_tready                                                                                                    |                1 |
|u_cam/u_isp_top/isp_int/gamma_inst/gamma_b_inst/pipe_1_tready                                                                                                    |                1 |
|u_cam/u_isp_top/isp_int/min_max_timer_inst5/n50                                                                                                                  |                1 |
|ceg_net1792                                                                                                                                                      |                1 |
|ceg_net1804                                                                                                                                                      |                1 |
|u_dma/u_EfxDMA/inputsAdapter_0_crossclock_fifo_io_pop_valid                                                                                                      |                1 |
|u_cam/u_isp_top/isp_int/min_max_timer_inst3/capture_en                                                                                                           |                1 |
|u_cam/u_isp_top/isp_int/min_max_timer_inst3/n50                                                                                                                  |                1 |
|ceg_net1780                                                                                                                                                      |                1 |
|u_cam/u_isp_top/isp_int/min_max_timer_inst4/capture_en                                                                                                           |                1 |
|ceg_net404                                                                                                                                                       |                1 |
|ceg_net406                                                                                                                                                       |                1 |
|u_dsi_tx_display/u_efx_dsi_tx/efx_dsi_tx_top_inst/tx_csr_inst/n671                                                                                               |                1 |
|ceg_net412                                                                                                                                                       |                1 |
|ceg_net1794                                                                                                                                                      |                1 |
|ceg_net417                                                                                                                                                       |                1 |
|ceg_net1805                                                                                                                                                      |                1 |
|ceg_net421                                                                                                                                                       |                1 |
|ceg_net1806                                                                                                                                                      |                1 |
|ceg_net426                                                                                                                                                       |                1 |
|ceg_net1807                                                                                                                                                      |                1 |
|ceg_net431                                                                                                                                                       |                1 |
|ceg_net1808                                                                                                                                                      |                1 |
|ceg_net442                                                                                                                                                       |                1 |
|edb_top_autodbg_inst__/debug_hub_inst/n265                                                                                                                       |                1 |
|ceg_net566                                                                                                                                                       |                1 |
|u_dsi_tx_display/u_efx_dsi_tx/TxRequestHS[3]                                                                                                                     |                1 |
|ceg_net568                                                                                                                                                       |                1 |
|ceg_net571                                                                                                                                                       |                1 |
|ceg_net574                                                                                                                                                       |                1 |
|ceg_net580                                                                                                                                                       |                1 |
|ceg_net588                                                                                                                                                       |                1 |
|ceg_net589                                                                                                                                                       |                1 |
|ceg_net592                                                                                                                                                       |                1 |
|u_csi2_rx_cam/u_efx_csi2_rx/RxValidHS[1]                                                                                                                         |                1 |
|u_dsi_tx_display/u_efx_dsi_tx/TxRequestHS[1]                                                                                                                     |                1 |
|ceg_net552                                                                                                                                                       |                1 |
|ceg_net555                                                                                                                                                       |                1 |
|ceg_net558                                                                                                                                                       |                1 |
|u_dsi_tx_display/u_efx_dsi_tx/TxRequestHS[2]                                                                                                                     |                1 |
|ceg_net560                                                                                                                                                       |                1 |
|ceg_net563                                                                                                                                                       |                1 |
|u_risc_v/u_EfxSapphireSoc/system_spi_0_io_logic/mapping_cmdLogic_streamUnbuffered_queueWithAvailability_io_pop_valid                                             |                1 |
|u_risc_v/u_EfxSapphireSoc/system_uart_0_io_logic_io_bus_rsp_valid                                                                                                |                1 |
|u_risc_v/u_EfxSapphireSoc/system_cores_0_logic_cpu/dataCache_1/n933                                                                                              |                1 |
|ceg_net1795                                                                                                                                                      |                1 |
|ceg_net1796                                                                                                                                                      |                1 |
|u_cam/u_cam_downscaling/equal_5/n21                                                                                                                              |                1 |
|u_cam/u_cam_crop/n9                                                                                                                                              |                1 |
|ceg_net2934                                                                                                                                                      |                1 |
|ceg_net2870                                                                                                                                                      |                1 |
|ceg_net2873                                                                                                                                                      |                1 |
|ceg_net2876                                                                                                                                                      |                1 |
|ceg_net2879                                                                                                                                                      |                1 |
|u_hbram/u_hbram_top/hard_cal_block.hbram_cal_axi_top_inst/calibration_block.hbram_cal_top_inst/pll_mode_block.genblk1.hbram_cal_mst_inst/n71                     |                1 |
|u_display/n229                                                                                                                                                   |                1 |
|u_display/n87                                                                                                                                                    |                1 |
|u_display/equal_31/n21                                                                                                                                           |                1 |
|u_display/u_display_upscaling/n343                                                                                                                               |                1 |
|u_display/u_display_upscaling/n272                                                                                                                               |                1 |
|u_display/u_vga_gen/equal_22/n27                                                                                                                                 |                1 |
|u_display/u_vga_gen/n738                                                                                                                                         |                1 |
|ceg_net2001                                                                                                                                                      |                1 |
|u_csi2_rx_cam/u_efx_csi2_rx/RxValidHS[0]                                                                                                                         |                1 |
|u_dma/u_EfxDMA/readLogic_bridge/contextRemover/cmdFork_fire                                                                                                      |                1 |
|u_risc_v/u_EfxSapphireSoc/system_cores_0_logic_cpu/CsrPlugin_inject_cmd_valid                                                                                    |                1 |
|u_risc_v/u_EfxSapphireSoc/system_cores_0_logic_cpu/equal_1186/n5                                                                                                 |                1 |
|ceg_net1655                                                                                                                                                      |                1 |
|ceg_net1660                                                                                                                                                      |                1 |
|u_risc_v/u_EfxSapphireSoc/system_riscvJtag_debug_logic_dm/equal_95/n39                                                                                           |                1 |
|ceg_net2914                                                                                                                                                      |                1 |
|ceg_net1756                                                                                                                                                      |                1 |
|u_cam/u_isp_top/isp_int/min_max_timer_inst0/capture_en                                                                                                           |                1 |
|u_dma/u_EfxDMA/writeLogic_retainer/io_input_cmd_fifo/logic_pop_addressGen_ready                                                                                  |                1 |
|u_dma/u_EfxDMA/readLogic_bridge/contextRemover/fifoFork_thrown_translated_fifo/logic_pop_addressGen_ready                                                        |                1 |
|ceg_net29                                                                                                                                                        |                1 |
|u_dma/u_EfxDMA/readLogic_bridge/contextRemover/fifoFork_thrown_translated_fifo/when_Stream_l1248                                                                 |                1 |
|u_dma/u_EfxDMA/readLogic_bridge/contextRemover/fifoFork_thrown_translated_fifo/i207/n11                                                                          |                1 |
|u_dma/u_EfxDMA/readLogic_bridge/contextRemover/fifoFork_thrown_translated_fifo/i207/n10                                                                          |                1 |
|u_dma/u_EfxDMA/readLogic_bridge/contextRemover/fifoFork_thrown_translated_fifo/i207/n9                                                                           |                1 |
|u_dma/u_EfxDMA/readLogic_bridge/contextRemover/fifoFork_thrown_translated_fifo/i207/n8                                                                           |                1 |
|u_dma/u_EfxDMA/readLogic_bridge/contextRemover/fifoFork_thrown_translated_fifo/i207/n5                                                                           |                1 |
|u_dma/u_EfxDMA/readLogic_bridge/contextRemover/fifoFork_thrown_translated_fifo/i207/n7                                                                           |                1 |
|u_dma/u_EfxDMA/readLogic_bridge/contextRemover/fifoFork_thrown_translated_fifo/i207/n6                                                                           |                1 |
|u_dma/u_EfxDMA/writeLogic_bridge/contextRemover/fifoFork_thrown_translated_fifo/logic_pop_addressGen_ready                                                       |                1 |
|u_dma/u_EfxDMA/writeLogic_bridge_io_output_w_valid                                                                                                               |                1 |
|ceg_net2889                                                                                                                                                      |                1 |
|u_apb3_cam_display/n125                                                                                                                                          |                1 |
|u_apb3_cam_display/n143                                                                                                                                          |                1 |
|u_dma/u_EfxDMA/core/n15155                                                                                                                                       |                1 |
|u_dma/u_EfxDMA/core/n15011                                                                                                                                       |                1 |
|u_dma/u_EfxDMA/core_io_write_cmd_valid                                                                                                                           |                1 |
|u_dma/u_EfxDMA/readLogic_bridge_io_output_ar_valid                                                                                                               |                1 |
|u_dma/u_EfxDMA/core/io_read_rsp_fire                                                                                                                             |                1 |
|u_dma/u_EfxDMA/writeLogic_bridge_io_output_aw_valid                                                                                                              |                1 |
|u_dma/u_EfxDMA/writeLogic_bridge/dataFork_fire                                                                                                                   |                1 |
|u_dma/u_EfxDMA/io_pop_s2mPipe_ready_2                                                                                                                            |                1 |
|u_dma/u_EfxDMA/core_io_outputs_0_valid                                                                                                                           |                1 |
|u_dma/u_EfxDMA/io_outputs_0_s2mPipe_ready                                                                                                                        |                1 |
|u_dma/u_EfxDMA/core_io_outputs_1_valid                                                                                                                           |                1 |
|u_dma/u_EfxDMA/core_io_outputs_2_valid                                                                                                                           |                1 |
|u_dma/u_EfxDMA/io_outputs_2_s2mPipe_ready                                                                                                                        |                1 |
|ceg_net355                                                                                                                                                       |                1 |
|u_cam/u_isp_top/isp_int/min_max_timer_inst0/n50                                                                                                                  |                1 |
|ceg_net1762                                                                                                                                                      |                1 |
|ceg_net1557                                                                                                                                                      |                1 |
|ceg_net1539                                                                                                                                                      |                1 |
|ceg_net1541                                                                                                                                                      |                1 |
|ceg_net1543                                                                                                                                                      |                1 |
|ceg_net1545                                                                                                                                                      |                1 |
|ceg_net1547                                                                                                                                                      |                1 |
|ceg_net1549                                                                                                                                                      |                1 |
|ceg_net1551                                                                                                                                                      |                1 |
|ceg_net1553                                                                                                                                                      |                1 |
|ceg_net1555                                                                                                                                                      |                1 |
|ceg_net1537                                                                                                                                                      |                1 |
|ceg_net1559                                                                                                                                                      |                1 |
|ceg_net1561                                                                                                                                                      |                1 |
|ceg_net1563                                                                                                                                                      |                1 |
|ceg_net1565                                                                                                                                                      |                1 |
|ceg_net1567                                                                                                                                                      |                1 |
|ceg_net1569                                                                                                                                                      |                1 |
|ceg_net1571                                                                                                                                                      |                1 |
|ceg_net1573                                                                                                                                                      |                1 |
|ceg_net1575                                                                                                                                                      |                1 |
|ceg_net1460                                                                                                                                                      |                1 |
|u_dma/u_EfxDMA/writeLogic_bridge/cmdFork_fire                                                                                                                    |                1 |
|u_risc_v/u_EfxSapphireSoc/system_bridge_bmb_crossClock/io_input_cmd_ccToggle/popArea_stream_ready                                                                |                1 |
|ceg_net1731                                                                                                                                                      |                1 |
|u_risc_v/u_EfxSapphireSoc/system_ddr_ddrLogic_arbiterAxi3Shared/cmdRouteFork_thrown_translated_fifo_io_pop_ready                                                 |                1 |
|u_risc_v/u_EfxSapphireSoc/system_ddr_ddrLogic_arbiterAxi3Shared/cmdRouteFork_fire                                                                                |                1 |
|u_risc_v/u_EfxSapphireSoc/system_ddr_ddrLogic_arbiterAxi3Shared/cmdOutputFork_fire                                                                               |                1 |
|ceg_net1733                                                                                                                                                      |                1 |
|ceg_net1735                                                                                                                                                      |                1 |
|ceg_net1455                                                                                                                                                      |                1 |
|u_cam/continuous_capture_frame_r2                                                                                                                                |                1 |
|ceg_net1473                                                                                                                                                      |                1 |
|ceg_net1518                                                                                                                                                      |                1 |
|ceg_net1514                                                                                                                                                      |                1 |
|ceg_net1523                                                                                                                                                      |                1 |
|ceg_net1525                                                                                                                                                      |                1 |
|ceg_net1527                                                                                                                                                      |                1 |
|ceg_net1529                                                                                                                                                      |                1 |
|ceg_net1531                                                                                                                                                      |                1 |
|ceg_net1535                                                                                                                                                      |                1 |
|ceg_net1706                                                                                                                                                      |                1 |
|u_risc_v/u_EfxSapphireSoc/system_i2c_0_io_logic/i2cCtrl/n553                                                                                                     |                1 |
|ceg_net1690                                                                                                                                                      |                1 |
|u_risc_v/u_EfxSapphireSoc/system_i2c_0_io_logic/n2425                                                                                                            |                1 |
|ceg_net1692                                                                                                                                                      |                1 |
|ceg_net1694                                                                                                                                                      |                1 |
|ceg_net1696                                                                                                                                                      |                1 |
|ceg_net1700                                                                                                                                                      |                1 |
|ceg_net1698                                                                                                                                                      |                1 |
|ceg_net1702                                                                                                                                                      |                1 |
|u_risc_v/u_EfxSapphireSoc/system_i2c_0_io_logic/n2030                                                                                                            |                1 |
|u_risc_v/u_EfxSapphireSoc/system_i2c_0_io_logic/i2cCtrl/n554                                                                                                     |                1 |
|u_risc_v/u_EfxSapphireSoc/system_i2c_0_io_logic/i2cCtrl_io_internals_sclRead                                                                                     |                1 |
|u_risc_v/u_EfxSapphireSoc/system_ddr_ddrLogic_bmbToAxiBridge/writeCmdInfo_fifo_io_pop_valid                                                                      |                1 |
|u_risc_v/u_EfxSapphireSoc/system_ddr_ddrLogic_bmbToAxiBridge/rspSelLock                                                                                          |                1 |
|u_risc_v/u_EfxSapphireSoc/system_ddr_ddrLogic_bmbToAxiBridge/readCmdInfo_fifo_io_pop_valid                                                                       |                1 |
|ceg_net2550                                                                                                                                                      |                1 |
|ceg_net1723                                                                                                                                                      |                1 |
|ceg_net1725                                                                                                                                                      |                1 |
|u_risc_v/u_EfxSapphireSoc/system_uart_0_io_logic/when_UartCtrl_l155                                                                                              |                1 |
|u_risc_v/u_EfxSapphireSoc/system_uart_0_io_logic/n702                                                                                                            |                1 |
|ceg_net315                                                                                                                                                       |                1 |
|mipi_rstn                                                                                                                                                        |                1 |
|u_dsi_tx_display/u_efx_dsi_tx/efx_dsi_tx_top_inst/video_iface_inst/vsync_start                                                                                   |                1 |
|u_risc_v/u_EfxSapphireSoc/system_bridge_bmb_crossClock_io_output_cmd_valid                                                                                       |                1 |
|u_dsi_tx_display/u_efx_dsi_tx/efx_dsi_tx_top_inst/equal_16/n35                                                                                                   |                1 |
|u_dsi_tx_display/u_efx_dsi_tx/efx_dsi_tx_top_inst/n94                                                                                                            |                1 |
|u_dsi_tx_display/u_efx_dsi_tx/TxRequestHS[0]                                                                                                                     |                1 |
|ceg_net305                                                                                                                                                       |                1 |
|ceg_net2580                                                                                                                                                      |                1 |
|ceg_net313                                                                                                                                                       |                1 |
|u_risc_v/u_EfxSapphireSoc/system_uart_0_io_logic/uartCtrl_1/rx/n521                                                                                              |                1 |
|ceg_net318                                                                                                                                                       |                1 |
|ceg_net321                                                                                                                                                       |                1 |
|ceg_net336                                                                                                                                                       |                1 |
|ceg_net339                                                                                                                                                       |                1 |
|u_cam/rgb_pixel_crop_out_valid                                                                                                                                   |                1 |
|ceg_net1680                                                                                                                                                      |                1 |
|u_risc_v/u_EfxSapphireSoc/system_cores_0_logic_cpu/n30924                                                                                                        |                1 |
|u_risc_v/u_EfxSapphireSoc/system_i2c_0_io_logic/i2cCtrl/detector_start                                                                                           |                1 |
|u_risc_v/u_EfxSapphireSoc/system_i2c_0_io_logic/i2cCtrl/n555                                                                                                     |                1 |
|u_hbram/u_hbram_top/hard_cal_block.hbram_cal_axi_top_inst/calibration_block.hbram_cal_top_inst/pll_mode_block.genblk1.hbram_cal_slv_inst/last_check              |                1 |
|u_dsi_tx_display/u_efx_dsi_tx/dphy_bidir_tx_inst/tx_clane_fsm_inst/tx_hs_c_fsm_inst/hs_current_state[2]                                                          |                1 |
|u_risc_v/u_EfxSapphireSoc/_zz_system_ddr_bmb_slaveModel_arbiterGen_oneToOne_arbiter_rsp_valid_1                                                                  |                1 |
|u_dma/u_EfxDMA/core/memory_core/read_ports_0_buffer_s1_valid                                                                                                     |                1 |
|u_dma/u_EfxDMA/core/memory_core/read_ports_1_buffer_s1_valid                                                                                                     |                1 |
|u_dma/u_EfxDMA/core/memory_core/read_ports_2_buffer_s1_valid                                                                                                     |                1 |
|u_dma/u_EfxDMA/core/memory_core/read_ports_3_buffer_s1_valid                                                                                                     |                1 |
|u_dma/u_EfxDMA/core_io_read_cmd_valid                                                                                                                            |                1 |
|u_dma/u_EfxDMA/core/b2m_fsm_arbiter_logic_valid                                                                                                                  |                1 |
|u_dma/u_EfxDMA/core/b2m_fsm_s1                                                                                                                                   |                1 |
|w_mipi_rx_pclk_arstn                                                                                                                                             |                1 |
|u_hbram/u_hbram_top/hard_cal_block.hbram_cal_axi_top_inst/interface_block1.hbram_axi_wrapper_inst/xefx_axi_amux_top/rd_counter_valid                             |                1 |
|u_hbram/u_hbram_top/hard_cal_block.hbram_cal_axi_top_inst/calibration_block.hbram_cal_top_inst/hbram_cal_ctrl_inst/i_req_latch                                   |                1 |
|u_risc_v/u_EfxSapphireSoc/system_ddr_ddrLogic_bmbToAxiBridge/io_input_cmd_fire                                                                                   |                1 |
|ceg_net1643                                                                                                                                                      |                1 |
|ceg_net1645                                                                                                                                                      |                1 |
|u_risc_v/u_EfxSapphireSoc/system_cores_0_logic_cpu/IBusCachedPlugin_cache/io_mem_cmd_fire                                                                        |                1 |
|u_risc_v/u_EfxSapphireSoc/system_cores_0_logic_cpu/dataCache_1_io_mem_cmd_valid                                                                                  |                1 |
|u_risc_v/u_EfxSapphireSoc/system_cores_0_logic_cpu/dataCache_1/io_mem_cmd_fire                                                                                   |                1 |
|ceg_net1647                                                                                                                                                      |                1 |
|u_risc_v/u_EfxSapphireSoc/system_uart_0_io_logic/uartCtrl_1_io_read_queueWithOccupancy/logic_pop_addressGen_ready                                                |                1 |
|u_risc_v/u_EfxSapphireSoc/system_uart_0_io_logic/uartCtrl_1/rx/n530                                                                                              |                1 |
|u_risc_v/u_EfxSapphireSoc/system_uart_0_io_logic/uartCtrl_1/rx/n531                                                                                              |                1 |
|u_risc_v/u_EfxSapphireSoc/system_uart_0_io_logic/uartCtrl_1/rx/n532                                                                                              |                1 |
|u_risc_v/u_EfxSapphireSoc/system_uart_0_io_logic/uartCtrl_1/rx/n533                                                                                              |                1 |
|u_risc_v/u_EfxSapphireSoc/system_uart_0_io_logic/uartCtrl_1/rx/n534                                                                                              |                1 |
|u_risc_v/u_EfxSapphireSoc/system_uart_0_io_logic/uartCtrl_1/rx/n535                                                                                              |                1 |
|u_risc_v/u_EfxSapphireSoc/system_uart_0_io_logic/uartCtrl_1/rx/n536                                                                                              |                1 |
|ceg_net2551                                                                                                                                                      |                1 |
|u_risc_v/u_EfxSapphireSoc/system_uart_0_io_logic/bridge_write_streamUnbuffered_queueWithOccupancy/logic_pop_addressGen_ready                                     |                1 |
|axi_inter_s1_rvalid                                                                                                                                              |                1 |
|u_risc_v/u_EfxSapphireSoc/system_ddr_ddrLogic_cc_fifo/io_input_cmd_queue/popCC_addressGen_ready                                                                  |                1 |
|u_risc_v/u_EfxSapphireSoc/system_ddr_ddrLogic_cc_fifo/io_output_rsp_queue/popCC_addressGen_ready                                                                 |                1 |
|u_dma/u_EfxDMA/readLogic_beforeQueue_fifo_io_pop_valid                                                                                                           |                1 |
|hw_accel_dma_rvalid                                                                                                                                              |                1 |
|u_dma/u_EfxDMA/inputsAdapter_1_crossclock_fifo_io_pop_valid                                                                                                      |                1 |
|u_csi2_rx_cam/u_efx_csi2_rx/csi2_rx_top_inst/n101                                                                                                                |                1 |
|ceg_net673                                                                                                                                                       |                1 |
|ceg_net679                                                                                                                                                       |                1 |
|ceg_net686                                                                                                                                                       |                1 |
|u_dsi_tx_display/u_efx_dsi_tx/efx_dsi_tx_top_inst/video_iface_inst/delay_sync_inst/n37                                                                           |                1 |
|ceg_net1746                                                                                                                                                      |                1 |
|ceg_net1747                                                                                                                                                      |                1 |
|u_cam/u_isp_top/isp_int/demosaic_inst/linebuffer_inst/n1128                                                                                                      |                1 |
|ceg_net217                                                                                                                                                       |                1 |
|ceg_net1748                                                                                                                                                      |                1 |
|u_cam/u_isp_top/isp_int/demosaic_inst/n6082                                                                                                                      |                1 |
|u_dsi_tx_display/u_efx_dsi_tx/efx_dsi_tx_top_inst/hsync_clk_pixel                                                                                                |                1 |
|u_dsi_tx_display/u_efx_dsi_tx/efx_dsi_tx_top_inst/video_iface_inst/delay_sync_inst/delaysyncfifo/rd_en_int                                                       |                1 |
|u_dsi_tx_display/u_efx_dsi_tx/efx_dsi_tx_top_inst/video_iface_inst/delay_sync_inst/n44                                                                           |                1 |
|ceg_net1834                                                                                                                                                      |                1 |
|ceg_net1745                                                                                                                                                      |                1 |
|ceg_net514                                                                                                                                                       |                1 |
|u_dsi_tx_display/u_efx_dsi_tx/efx_dsi_tx_top_inst/video_iface_inst/n346                                                                                          |                1 |
|ceg_net2592                                                                                                                                                      |                1 |
|ceg_net2593                                                                                                                                                      |                1 |
|ceg_net2594                                                                                                                                                      |                1 |
|ceg_net526                                                                                                                                                       |                1 |
|ceg_net529                                                                                                                                                       |                1 |
|ceg_net535                                                                                                                                                       |                1 |
|ceg_net538                                                                                                                                                       |                1 |
|ceg_net1774                                                                                                                                                      |                1 |
|u_cam/vsync_2PPC_pre                                                                                                                                             |                1 |
|u_display/display_dma_fifo_overflow                                                                                                                              |                1 |
|u_display/display_dma_fifo_underflow                                                                                                                             |                1 |
|u_cam/u_isp_top/isp_int/min_max_timer_inst1/capture_en                                                                                                           |                1 |
|u_cam/u_isp_top/isp_int/min_max_timer_inst1/n50                                                                                                                  |                1 |
|ceg_net1768                                                                                                                                                      |                1 |
|u_cam/u_isp_top/isp_int/min_max_timer_inst2/capture_en                                                                                                           |                1 |
|u_cam/u_isp_top/isp_int/colorgain_inst/n1041                                                                                                                     |                1 |
|u_cam/u_isp_top/isp_int/min_max_timer_inst2/n50                                                                                                                  |                1 |
|ceg_net541                                                                                                                                                       |                1 |
|ceg_net690                                                                                                                                                       |                1 |
|ceg_net2595                                                                                                                                                      |                1 |
|ceg_net721                                                                                                                                                       |                1 |
|ceg_net1752                                                                                                                                                      |                1 |
|u_cam/u_isp_top/isp_int/axi_lite_register_inst/n7                                                                                                                |                1 |
|ceg_net1753                                                                                                                                                      |                1 |
|ceg_net2555                                                                                                                                                      |                1 |
|u_cam/n724                                                                                                                                                       |                1 |
|ceg_net2553                                                                                                                                                      |                1 |
|ceg_net1424                                                                                                                                                      |                1 |
|ceg_net657                                                                                                                                                       |                1 |
|u_dma/u_EfxDMA/core/when_DmaSg_l474_2                                                                                                                            |                1 |
|ceg_net660                                                                                                                                                       |                1 |
|ceg_net1394                                                                                                                                                      |                1 |
|ceg_net1407                                                                                                                                                      |                1 |
|u_hbram/u_hbram_top/hard_cal_block.hbram_cal_axi_top_inst/equal_30/n9                                                                                            |                1 |
|ceg_net1419                                                                                                                                                      |                1 |
|ceg_net1421                                                                                                                                                      |                1 |
|ceg_net1423                                                                                                                                                      |                1 |
|ceg_net645                                                                                                                                                       |                1 |
|ceg_net1425                                                                                                                                                      |                1 |
|ceg_net1436                                                                                                                                                      |                1 |
|ceg_net1439                                                                                                                                                      |                1 |
|ceg_net1442                                                                                                                                                      |                1 |
|ceg_net1445                                                                                                                                                      |                1 |
|ceg_net1447                                                                                                                                                      |                1 |
|ceg_net1449                                                                                                                                                      |                1 |
|ceg_net1452                                                                                                                                                      |                1 |
|axi_inter_s1_bvalid                                                                                                                                              |                1 |
|u_dma/u_EfxDMA/core/when_DmaSg_l255_18                                                                                                                           |                1 |
|ceg_net544                                                                                                                                                       |                1 |
|ceg_net547                                                                                                                                                       |                1 |
|ceg_net550                                                                                                                                                       |                1 |
|u_dma/u_EfxDMA/core/channels_3_pop_b2m_packetSync                                                                                                                |                1 |
|u_dma/u_EfxDMA/core/when_DmaSg_l255_13                                                                                                                           |                1 |
|u_dma/u_EfxDMA/core/n15176                                                                                                                                       |                1 |
|u_dma/u_EfxDMA/core/n15025                                                                                                                                       |                1 |
|u_dma/u_EfxDMA/core/when_DmaSg_l255_20                                                                                                                           |                1 |
|u_dma/u_EfxDMA/core/when_DmaSg_l1013                                                                                                                             |                1 |
|u_risc_v/u_EfxSapphireSoc/system_cores_0_logic_cpu/dataCache_1/stageB_loaderValid                                                                                |                1 |
|u_dma/u_EfxDMA/core/when_package_l12                                                                                                                             |                1 |
|u_dma/u_EfxDMA/core/when_package_l12_16                                                                                                                          |                1 |
|ceg_net1836                                                                                                                                                      |                1 |
|u_dma/u_EfxDMA/core/memory_core_io_reads_3_rsp_valid                                                                                                             |                1 |
|u_dma/u_EfxDMA/core/when_DmaSg_l409                                                                                                                              |                1 |
|ceg_net625                                                                                                                                                       |                1 |
|u_dma/u_EfxDMA/core/when_DmaSg_l474                                                                                                                              |                1 |
|ceg_net635                                                                                                                                                       |                1 |
|u_dma/u_EfxDMA/core/when_DmaSg_l474_1                                                                                                                            |                1 |
+-----------------------------------------------------------------------------------------------------------------------------------------------------------------+------------------+

### ### EFX_FF CE enables (end) ### ### ###

### ### EFX_FF SR set/reset (begin) ### ### ###

Total number of set/reset signals: 266
Total number of FFs with set/reset signals: 10080
+-----------------------------------------------------------------------------------------------------------------------------------------------------------------------------------------------------------------+------------------+
|SR Signal                                                                                                                                                                                                        |Number of FF loads|
+-----------------------------------------------------------------------------------------------------------------------------------------------------------------------------------------------------------------+------------------+
|w_mipi_rx_pclk_arstn                                                                                                                                                                                             |             2524 |
|w_sys_dp_arstn                                                                                                                                                                                                   |             1394 |
|edb_top_autodbg_inst__/edb_soft_reset                                                                                                                                                                            |             1177 |
|o_mipi_pll_rstn                                                                                                                                                                                                  |              519 |
|hbc_rst_n                                                                                                                                                                                                        |              422 |
|u_risc_v/u_EfxSapphireSoc/peripheralCd_logic_outputReset                                                                                                                                                         |              379 |
|u_risc_v/u_EfxSapphireSoc/system_cores_0_logic_cpu/_zz_5                                                                                                                                                         |              351 |
|peripheralReset                                                                                                                                                                                                  |              269 |
|w_fb_clk_arstn                                                                                                                                                                                                   |              187 |
|u_risc_v/u_EfxSapphireSoc/systemCd_logic_outputReset                                                                                                                                                             |              144 |
|r_rstn_video                                                                                                                                                                                                     |              137 |
|u_risc_v/u_EfxSapphireSoc/ddrCd_logic_outputReset                                                                                                                                                                |              108 |
|w_fb_dp_arstn                                                                                                                                                                                                    |               96 |
|jtag_inst2_autodbg_RESET__                                                                                                                                                                                       |               83 |
|edb_top_autodbg_inst__/la0/la_resetn                                                                                                                                                                             |               77 |
|edb_top_autodbg_inst__/la0/ts_resetn                                                                                                                                                                             |               64 |
|u_cam/n9785                                                                                                                                                                                                      |               64 |
|u_hbram/u_hbram_top/hard_cal_block.hbram_cal_axi_top_inst/ramcal_rst_w                                                                                                                                           |               62 |
|u_dsi_tx_display/u_efx_dsi_tx/efx_dsi_tx_top_inst/pixel2byte_inst/fifo_inst/wr_rst_int                                                                                                                           |               60 |
|u_dsi_tx_display/u_efx_dsi_tx/efx_dsi_tx_top_inst/pixel2byte_inst/fifo_inst/rd_rst_int                                                                                                                           |               60 |
|u_csi2_rx_cam/u_efx_csi2_rx/csi2_rx_top_inst/genblk3.byte2pixel_inst/u1_inst/rd_rst_int                                                                                                                          |               60 |
|u_csi2_rx_cam/u_efx_csi2_rx/csi2_rx_top_inst/genblk3.byte2pixel_inst/u1_inst/wr_rst_int                                                                                                                          |               60 |
|u_dsi_tx_display/u_efx_dsi_tx/efx_dsi_tx_top_inst/genblk6.packetizer_inst/fifo_inst/wr_rst_int                                                                                                                   |               50 |
|u_dsi_tx_display/u_efx_dsi_tx/efx_dsi_tx_top_inst/genblk6.packetizer_inst/fifo_inst/rd_rst_int                                                                                                                   |               50 |
|u_dsi_tx_display/u_efx_dsi_tx/efx_dsi_tx_top_inst/tx_csr_inst/hs_dcs_wfifo_inst/rd_rst_int                                                                                                                       |               50 |
|u_dsi_tx_display/u_efx_dsi_tx/efx_dsi_tx_top_inst/tx_csr_inst/hs_dcs_wfifo_inst/wr_rst_int                                                                                                                       |               50 |
|u_dsi_tx_display/u_efx_dsi_tx/efx_dsi_tx_top_inst/tx_csr_inst/lp_dcs_wfifo_inst/rd_rst_int                                                                                                                       |               50 |
|u_dsi_tx_display/u_efx_dsi_tx/efx_dsi_tx_top_inst/tx_csr_inst/lp_dcs_wfifo_inst/wr_rst_int                                                                                                                       |               50 |
|u_hbram/u_hbram_top/hard_cal_block.hbram_cal_axi_top_inst/interface_block1.hbram_axi_wrapper_inst/xefx_axi_amux_top/genblk2.wr_data_fifo/rd_rst_int                                                              |               48 |
|u_hbram/u_hbram_top/hard_cal_block.hbram_cal_axi_top_inst/interface_block1.hbram_axi_wrapper_inst/xefx_axi_amux_top/rd_data_fifo/wr_rst_int                                                                      |               47 |
|u_hbram/u_hbram_top/hard_cal_block.hbram_cal_axi_top_inst/interface_block1.hbram_axi_wrapper_inst/xefx_axi_amux_top/rd_data_fifo/rd_rst_int                                                                      |               45 |
|u_hbram/u_hbram_top/hard_cal_block.hbram_cal_axi_top_inst/interface_block1.hbram_axi_wrapper_inst/xefx_axi_amux_top/genblk2.wr_data_fifo/wr_rst_int                                                              |               45 |
|u_dma/u_EfxDMA/core/n15011                                                                                                                                                                                       |               43 |
|w_confdone                                                                                                                                                                                                       |               42 |
|u_dma/u_EfxDMA/core/n14957                                                                                                                                                                                       |               42 |
|u_dma/u_EfxDMA/core/n15018                                                                                                                                                                                       |               35 |
|u_dma/u_EfxDMA/core/n15015                                                                                                                                                                                       |               35 |
|u_dma/u_EfxDMA/core/n15025                                                                                                                                                                                       |               35 |
|u_cam/u_cam_dma_fifo/rst_busy                                                                                                                                                                                    |               34 |
|io_memoryReset                                                                                                                                                                                                   |               34 |
|u_risc_v/u_EfxSapphireSoc/system_riscvJtag_debug_logic_dm/dmactive                                                                                                                                               |               34 |
|u_risc_v/u_EfxSapphireSoc/system_cores_0_logic_cpu/memory_arbitration_isStuck                                                                                                                                    |               33 |
|u_dsi_tx_display/u_efx_dsi_tx/efx_dsi_tx_top_inst/video_iface_inst/delay_sync_inst/delaysyncfifo/genblk2.a_rst                                                                                                   |               31 |
|u_risc_v/u_EfxSapphireSoc/system_ddr_ddrLogic_cc_fifo/io_output_rsp_queue/system_ddr_ddrLogic_cc_fifo_toplevel_ddrCd_logic_outputReset_asyncAssertSyncDeassert_buffercc_io_dataOut                               |               29 |
|u_risc_v/u_EfxSapphireSoc/system_ddr_ddrLogic_cc_fifo/io_input_cmd_queue/system_ddr_ddrLogic_cc_fifo_toplevel_systemCd_logic_outputReset_asyncAssertSyncDeassert_buffercc_io_dataOut                             |               29 |
|edb_top_autodbg_inst__/la0/la_biu_inst/fifo_with_read_inst/n2565                                                                                                                                                 |               28 |
|u_hbram/u_hbram_top/hard_cal_block.hbram_cal_axi_top_inst/interface_block1.hbram_axi_wrapper_inst/xefx_axi_amux_top/rd_counter_fifo/rd_rst_int                                                                   |               26 |
|u_hbram/u_hbram_top/hard_cal_block.hbram_cal_axi_top_inst/calibration_block.hbram_cal_top_inst/hbram_cal_ctrl_inst/fifo_rden_block.genblk1.rd_data_fifo/rd_rst_int                                               |               26 |
|u_display/u_display_dma_fifo/rst_busy                                                                                                                                                                            |               26 |
|u_risc_v/u_EfxSapphireSoc/system_ddr_ddrLogic_ddrAReset_reset                                                                                                                                                    |               25 |
|u_hbram/u_hbram_top/hard_cal_block.hbram_cal_axi_top_inst/calibration_block.hbram_cal_top_inst/hbram_cal_ctrl_inst/fifo_rden_block.genblk1.rd_data_fifo/wr_rst_int                                               |               25 |
|u_hbram/u_hbram_top/hard_cal_block.hbram_cal_axi_top_inst/interface_block1.hbram_axi_wrapper_inst/xefx_axi_amux_top/addr_fifo/wr_rst_int                                                                         |               25 |
|u_hbram/u_hbram_top/hard_cal_block.hbram_cal_axi_top_inst/interface_block1.hbram_axi_wrapper_inst/xefx_axi_amux_top/addr_fifo/rd_rst_int                                                                         |               25 |
|u_hbram/u_hbram_top/hard_cal_block.hbram_cal_axi_top_inst/interface_block1.hbram_axi_wrapper_inst/xefx_axi_amux_top/rd_counter_fifo/wr_rst_int                                                                   |               25 |
|u_cam/u_cam_pixel_remap_fifo/rst_busy                                                                                                                                                                            |               23 |
|u_cam/n9758                                                                                                                                                                                                      |               20 |
|edb_top_autodbg_inst__/la0/la_biu_inst/fifo_rstn                                                                                                                                                                 |               19 |
|u_hbram/u_hbram_top/hard_cal_block.hbram_cal_axi_top_inst/io_axi_rst_w                                                                                                                                           |               19 |
|u_cam/n9784                                                                                                                                                                                                      |               18 |
|u_hbram/u_hbram_top/hard_cal_block.hbram_cal_axi_top_inst/interface_block1.hbram_axi_wrapper_inst/xefx_axi_amux_top/wr_response_fifo/rd_rst_int                                                                  |               16 |
|u_hbram/u_hbram_top/hard_cal_block.hbram_cal_axi_top_inst/interface_block1.hbram_axi_wrapper_inst/xefx_axi_amux_top/wr_cntr_fifo/rd_rst_int                                                                      |               16 |
|u_csi2_rx_cam/u_efx_csi2_rx/csi2_rx_top_inst/genblk2.lane_aligner_inst/genblk1[0].u1_inst/genblk2.a_rst                                                                                                          |               15 |
|u_hbram/u_hbram_top/hard_cal_block.hbram_cal_axi_top_inst/interface_block1.hbram_axi_wrapper_inst/xefx_axi_amux_top/wr_response_fifo/wr_rst_int                                                                  |               15 |
|u_csi2_rx_cam/u_efx_csi2_rx/csi2_rx_top_inst/genblk2.lane_aligner_inst/genblk1[1].u1_inst/genblk2.a_rst                                                                                                          |               15 |
|u_dma/u_EfxDMA/core/_zz_io_flush                                                                                                                                                                                 |               14 |
|u_display/u_vga_gen/n728                                                                                                                                                                                         |               14 |
|u_risc_v/u_EfxSapphireSoc/io_asyncReset_asyncAssertSyncDeassert_buffercc_io_dataOut                                                                                                                              |               12 |
|u_risc_v/u_EfxSapphireSoc/system_spi_0_io_logic/ctrl/timer_reset                                                                                                                                                 |               12 |
|u_risc_v/u_EfxSapphireSoc/system_bridge_bmb_upSizer/n918                                                                                                                                                         |               12 |
|u_display/u_vga_gen/n737                                                                                                                                                                                         |               12 |
|u_cam/n9763                                                                                                                                                                                                      |               11 |
|u_display/u_vga_gen/n732                                                                                                                                                                                         |               11 |
|u_cam/n9761                                                                                                                                                                                                      |               10 |
|u_display/u_display_upscaling/n762                                                                                                                                                                               |               10 |
|u_risc_v/u_EfxSapphireSoc/debugCd_logic_outputReset                                                                                                                                                              |               10 |
|u_display/u_display_upscaling/n761                                                                                                                                                                               |                9 |
|u_dsi_tx_display/u_efx_dsi_tx/efx_dsi_tx_top_inst/tx_csr_inst/rst_n                                                                                                                                              |                8 |
|u_hbram/u_hbram_top/hard_cal_block.hbram_cal_axi_top_inst/interface_block1.hbram_axi_wrapper_inst/xefx_axi_amux_top/wr_cntr_fifo/wr_rst_int                                                                      |                8 |
|u_risc_v/u_EfxSapphireSoc/system_cores_0_logic_cpu/IBusCachedPlugin_cache/when_InstructionCache_l351                                                                                                             |                7 |
|u_risc_v/u_EfxSapphireSoc/system_i2c_0_io_logic/n2050                                                                                                                                                            |                7 |
|u_risc_v/u_EfxSapphireSoc/system_uart_0_io_logic/uartCtrl_1/rx/n482                                                                                                                                              |                7 |
|u_cam/n9760                                                                                                                                                                                                      |                7 |
|u_risc_v/u_EfxSapphireSoc/peripheralCd_logic_outputReset_asyncAssertSyncDeassert_buffercc_io_dataOut                                                                                                             |                6 |
|u_risc_v/u_EfxSapphireSoc/system_cores_0_logic_cpu/n26497                                                                                                                                                        |                6 |
|u_risc_v/u_EfxSapphireSoc/ddrCd_logic_inputResetTrigger                                                                                                                                                          |                6 |
|u_risc_v/u_EfxSapphireSoc/ddrCd_logic_outputReset_asyncAssertSyncDeassert_buffercc_io_dataOut                                                                                                                    |                6 |
|u_risc_v/u_EfxSapphireSoc/system_spi_0_io_logic/ctrl/n479                                                                                                                                                        |                5 |
|u_risc_v/u_EfxSapphireSoc/system_bridge_bmb_crossClock_system_bridge_bmb_crossClock_toplevel_peripheralCd_logic_outputReset_synchronized_1                                                                       |                4 |
|u_csi2_rx_cam/u_efx_csi2_rx/csi2_rx_top_inst/genblk3.byte2pixel_inst/n33                                                                                                                                         |                4 |
|u_dsi_tx_display/u_efx_dsi_tx/efx_dsi_tx_top_inst/pixel2byte_inst/fifo_reset                                                                                                                                     |                4 |
|u_risc_v/u_EfxSapphireSoc/system_bridge_bmb_crossClock/io_input_cmd_ccToggle/system_bridge_bmb_crossClock_toplevel_systemCd_logic_outputReset_asyncAssertSyncDeassert_buffercc_io_dataOut                        |                4 |
|u_risc_v/u_EfxSapphireSoc/system_riscvJtag_hard_noTap_tunnel/logic_systemLogic_bus_rsp_ccToggle/system_riscvJtag_hard_noTap_tunnel_toplevel_debugCd_logic_outputReset_asyncAssertSyncDeassert_buffercc_io_dataOut|                4 |
|u_dma/u_EfxDMA/core/b2m_fsm_aggregate_engine/n8012                                                                                                                                                               |                3 |
|u_risc_v/u_EfxSapphireSoc/system_cores_0_logic_cpu/n26471                                                                                                                                                        |                3 |
|u_risc_v/u_EfxSapphireSoc/system_uart_0_io_logic/uartCtrl_1/rx/n512                                                                                                                                              |                3 |
|u_risc_v/u_EfxSapphireSoc/system_cores_0_logic_cpu/n26506                                                                                                                                                        |                3 |
|u_display/u_vga_gen/n733                                                                                                                                                                                         |                3 |
|u_risc_v/u_EfxSapphireSoc/system_riscvJtag_hard_noTap_tunnel/logic_jtagLogic_dmiStat_clear                                                                                                                       |                2 |
|u_risc_v/u_EfxSapphireSoc/system_ddr_ddrLogic_bmbToAxiBridge/n1720                                                                                                                                               |                2 |
|u_dma/u_EfxDMA/writeLogic_bridge/contextRemover/n1013                                                                                                                                                            |                2 |
|u_dma/u_EfxDMA/core/equal_1097/n51                                                                                                                                                                               |                2 |
|u_dma/u_EfxDMA/core/n15063                                                                                                                                                                                       |                2 |
|u_risc_v/u_EfxSapphireSoc/system_cores_0_logic_cpu/dataCache_1/n1605                                                                                                                                             |                2 |
|n1833                                                                                                                                                                                                            |                2 |
|u_dma/u_EfxDMA/readLogic_bridge/contextRemover/n668                                                                                                                                                              |                2 |
|u_risc_v/u_EfxSapphireSoc/system_i2c_0_io_logic/n2842                                                                                                                                                            |                2 |
|r_rst_cnt[19]                                                                                                                                                                                                    |                2 |
|u_risc_v/u_EfxSapphireSoc/_zz_system_cores_0_externalInterrupt_plic_target_bestRequest_priority_3                                                                                                                |                2 |
|u_axi_interconnect/n6298                                                                                                                                                                                         |                2 |
|u_risc_v/u_EfxSapphireSoc/system_riscvJtag_debug_logic_dm_io_ndmreset                                                                                                                                            |                2 |
|u_risc_v/u_EfxSapphireSoc/system_cores_0_logic_cpu/n26457                                                                                                                                                        |                2 |
|u_risc_v/u_EfxSapphireSoc/system_cores_0_logic_cpu/n26801                                                                                                                                                        |                2 |
|u_dma/u_EfxDMA/writeLogic_bridge/n1100                                                                                                                                                                           |                2 |
|edb_top_autodbg_inst__/la0/n2985                                                                                                                                                                                 |                2 |
|u_axi_interconnect/n6108                                                                                                                                                                                         |                2 |
|u_cam/u_isp_top/isp_int/demosaic_inst/n6326                                                                                                                                                                      |                2 |
|u_cam/n9782                                                                                                                                                                                                      |                2 |
|u_risc_v/u_EfxSapphireSoc/system_ddr_ddrLogic_arbiterAxi3Shared/n988                                                                                                                                             |                2 |
|u_risc_v/u_EfxSapphireSoc/system_cores_0_logic_cpu/n26468                                                                                                                                                        |                1 |
|edb_top_autodbg_inst__/la0/trigger_skipper_n/n469                                                                                                                                                                |                1 |
|u_risc_v/u_EfxSapphireSoc/system_cores_0_logic_cpu/n30901                                                                                                                                                        |                1 |
|u_risc_v/u_EfxSapphireSoc/n24703                                                                                                                                                                                 |                1 |
|u_risc_v/u_EfxSapphireSoc/n24704                                                                                                                                                                                 |                1 |
|u_risc_v/u_EfxSapphireSoc/system_spi_0_io_logic/ctrl/n484                                                                                                                                                        |                1 |
|u_risc_v/u_EfxSapphireSoc/system_spi_0_io_logic/ctrl/n482                                                                                                                                                        |                1 |
|u_risc_v/u_EfxSapphireSoc/n24705                                                                                                                                                                                 |                1 |
|u_risc_v/u_EfxSapphireSoc/system_cores_0_logic_cpu/n26462                                                                                                                                                        |                1 |
|u_risc_v/u_EfxSapphireSoc/n24706                                                                                                                                                                                 |                1 |
|u_risc_v/u_EfxSapphireSoc/n24707                                                                                                                                                                                 |                1 |
|u_risc_v/u_EfxSapphireSoc/n24708                                                                                                                                                                                 |                1 |
|u_risc_v/u_EfxSapphireSoc/system_cores_0_logic_cpu/n26463                                                                                                                                                        |                1 |
|u_risc_v/u_EfxSapphireSoc/n24709                                                                                                                                                                                 |                1 |
|u_risc_v/u_EfxSapphireSoc/system_i2c_0_io_logic/n2761                                                                                                                                                            |                1 |
|u_dma/u_EfxDMA/core/n15053                                                                                                                                                                                       |                1 |
|u_dma/u_EfxDMA/core/n18365                                                                                                                                                                                       |                1 |
|u_dma/u_EfxDMA/core/n18367                                                                                                                                                                                       |                1 |
|u_risc_v/u_EfxSapphireSoc/system_ddr_ddrLogic_arbiterAxi3Shared/n990                                                                                                                                             |                1 |
|u_dma/u_EfxDMA/core/n15054                                                                                                                                                                                       |                1 |
|u_risc_v/u_EfxSapphireSoc/system_i2c_0_io_logic/n2051                                                                                                                                                            |                1 |
|u_risc_v/u_EfxSapphireSoc/system_i2c_0_io_logic/n2840                                                                                                                                                            |                1 |
|u_risc_v/u_EfxSapphireSoc/system_i2c_0_io_logic/n2757                                                                                                                                                            |                1 |
|u_risc_v/u_EfxSapphireSoc/system_i2c_0_io_logic/n2759                                                                                                                                                            |                1 |
|u_risc_v/u_EfxSapphireSoc/system_cores_0_logic_cpu/n26464                                                                                                                                                        |                1 |
|u_risc_v/u_EfxSapphireSoc/system_i2c_0_io_logic/n2763                                                                                                                                                            |                1 |
|u_risc_v/u_EfxSapphireSoc/system_i2c_0_io_logic/n2765                                                                                                                                                            |                1 |
|u_risc_v/u_EfxSapphireSoc/system_i2c_0_io_logic/n2767                                                                                                                                                            |                1 |
|u_risc_v/u_EfxSapphireSoc/system_i2c_0_io_logic/n2769                                                                                                                                                            |                1 |
|u_risc_v/u_EfxSapphireSoc/system_i2c_0_io_logic/equal_751/n15                                                                                                                                                    |                1 |
|u_risc_v/u_EfxSapphireSoc/system_ddr_ddrLogic_arbiterAxi3Shared/cmdArbiter/n117                                                                                                                                  |                1 |
|u_risc_v/u_EfxSapphireSoc/n24712                                                                                                                                                                                 |                1 |
|u_risc_v/u_EfxSapphireSoc/system_cores_0_logic_cpu/n26466                                                                                                                                                        |                1 |
|u_dma/u_EfxDMA/n15108                                                                                                                                                                                            |                1 |
|u_dma/u_EfxDMA/n15115                                                                                                                                                                                            |                1 |
|u_dma/u_EfxDMA/n15114                                                                                                                                                                                            |                1 |
|u_dma/u_EfxDMA/n15113                                                                                                                                                                                            |                1 |
|u_dma/u_EfxDMA/n15112                                                                                                                                                                                            |                1 |
|u_dma/u_EfxDMA/n15111                                                                                                                                                                                            |                1 |
|u_dma/u_EfxDMA/n15110                                                                                                                                                                                            |                1 |
|u_risc_v/u_EfxSapphireSoc/system_bmbPeripheral_bmb_decoder/n1182                                                                                                                                                 |                1 |
|u_dma/u_EfxDMA/n15109                                                                                                                                                                                            |                1 |
|u_risc_v/u_EfxSapphireSoc/system_riscvJtag_hard_noTap_tunnel/n1665                                                                                                                                               |                1 |
|u_dma/u_EfxDMA/n15116                                                                                                                                                                                            |                1 |
|u_risc_v/u_EfxSapphireSoc/system_ddr_ddrLogic_bmbToAxiBridge/n1722                                                                                                                                               |                1 |
|u_risc_v/u_EfxSapphireSoc/system_ddr_ddrLogic_bmbToAxiBridge/n1723                                                                                                                                               |                1 |
|u_risc_v/u_EfxSapphireSoc/system_ddr_ddrLogic_bmbToAxiBridge/n1724                                                                                                                                               |                1 |
|u_risc_v/u_EfxSapphireSoc/system_bridge_bmb_decoder/logic_rspNoHit_doIt                                                                                                                                          |                1 |
|u_dma/u_EfxDMA/n15107                                                                                                                                                                                            |                1 |
|edb_top_autodbg_inst__/la0/la_biu_inst/n3915                                                                                                                                                                     |                1 |
|edb_top_autodbg_inst__/la0/n30071                                                                                                                                                                                |                1 |
|u_dma/u_EfxDMA/n15106                                                                                                                                                                                            |                1 |
|u_dma/u_EfxDMA/withCtrlCc_apbCc/n571                                                                                                                                                                             |                1 |
|u_risc_v/u_EfxSapphireSoc/n24721                                                                                                                                                                                 |                1 |
|u_risc_v/u_EfxSapphireSoc/n24711                                                                                                                                                                                 |                1 |
|u_risc_v/u_EfxSapphireSoc/system_bridge_bmb_arbiter/memory_arbiter/n150                                                                                                                                          |                1 |
|u_risc_v/u_EfxSapphireSoc/n24713                                                                                                                                                                                 |                1 |
|u_risc_v/u_EfxSapphireSoc/n24714                                                                                                                                                                                 |                1 |
|u_risc_v/u_EfxSapphireSoc/n24715                                                                                                                                                                                 |                1 |
|u_risc_v/u_EfxSapphireSoc/n24717                                                                                                                                                                                 |                1 |
|u_risc_v/u_EfxSapphireSoc/n24718                                                                                                                                                                                 |                1 |
|u_risc_v/u_EfxSapphireSoc/n24719                                                                                                                                                                                 |                1 |
|u_risc_v/u_EfxSapphireSoc/n24720                                                                                                                                                                                 |                1 |
|u_risc_v/u_EfxSapphireSoc/n24710                                                                                                                                                                                 |                1 |
|u_risc_v/u_EfxSapphireSoc/n24722                                                                                                                                                                                 |                1 |
|u_risc_v/u_EfxSapphireSoc/n24723                                                                                                                                                                                 |                1 |
|u_risc_v/u_EfxSapphireSoc/n24724                                                                                                                                                                                 |                1 |
|u_risc_v/u_EfxSapphireSoc/system_cores_0_logic_cpu/n26456                                                                                                                                                        |                1 |
|u_risc_v/u_EfxSapphireSoc/system_cores_0_logic_cpu/DBusCachedPlugin_exceptionBus_valid                                                                                                                           |                1 |
|u_risc_v/u_EfxSapphireSoc/system_cores_0_logic_cpu/n30920                                                                                                                                                        |                1 |
|u_cam/u_isp_top/isp_int/min_max_timer_inst0/n968                                                                                                                                                                 |                1 |
|u_dma/u_EfxDMA/n15117                                                                                                                                                                                            |                1 |
|u_risc_v/u_EfxSapphireSoc/system_i2c_0_io_logic/n2049                                                                                                                                                            |                1 |
|u_dma/u_EfxDMA/core/n18371                                                                                                                                                                                       |                1 |
|u_dma/u_EfxDMA/core/n18369                                                                                                                                                                                       |                1 |
|u_dma/u_EfxDMA/core/n15055                                                                                                                                                                                       |                1 |
|u_dma/u_EfxDMA/core/memory_core/n6694                                                                                                                                                                            |                1 |
|u_dma/u_EfxDMA/core/memory_core/n6693                                                                                                                                                                            |                1 |
|u_dma/u_EfxDMA/core/memory_core/n6692                                                                                                                                                                            |                1 |
|u_dma/u_EfxDMA/core/memory_core/n6691                                                                                                                                                                            |                1 |
|u_risc_v/u_EfxSapphireSoc/system_i2c_0_io_logic/i2cCtrl/n557                                                                                                                                                     |                1 |
|u_risc_v/u_EfxSapphireSoc/system_i2c_0_io_logic/i2cCtrl/n558                                                                                                                                                     |                1 |
|u_dma/u_EfxDMA/core/n18373                                                                                                                                                                                       |                1 |
|u_risc_v/u_EfxSapphireSoc/system_i2c_0_io_logic/i2cCtrl_io_internals_inFrame                                                                                                                                     |                1 |
|u_cam/u_isp_top/isp_int/demosaic_inst/linebuffer_inst/n1131                                                                                                                                                      |                1 |
|u_risc_v/u_EfxSapphireSoc/system_uart_0_io_logic/n709                                                                                                                                                            |                1 |
|u_risc_v/u_EfxSapphireSoc/system_uart_0_io_logic/n710                                                                                                                                                            |                1 |
|u_dma/u_EfxDMA/core/n14977                                                                                                                                                                                       |                1 |
|u_dma/u_EfxDMA/core/n14978                                                                                                                                                                                       |                1 |
|u_cam/u_isp_top/isp_int/axi_lite_register_inst/n4090                                                                                                                                                             |                1 |
|u_cam/u_isp_top/isp_int/axi_lite_register_inst/n4088                                                                                                                                                             |                1 |
|u_dma/u_EfxDMA/core/n15188                                                                                                                                                                                       |                1 |
|u_dma/u_EfxDMA/core/n15065                                                                                                                                                                                       |                1 |
|u_dma/u_EfxDMA/core/n15067                                                                                                                                                                                       |                1 |
|u_dma/u_EfxDMA/core/n15068                                                                                                                                                                                       |                1 |
|u_dma/u_EfxDMA/core/n6659                                                                                                                                                                                        |                1 |
|u_dma/u_EfxDMA/core/n15112                                                                                                                                                                                       |                1 |
|u_dma/u_EfxDMA/core/n15186                                                                                                                                                                                       |                1 |
|u_dma/u_EfxDMA/core/n15185                                                                                                                                                                                       |                1 |
|u_dma/u_EfxDMA/core/n15141                                                                                                                                                                                       |                1 |
|u_dma/u_EfxDMA/core/n15189                                                                                                                                                                                       |                1 |
|u_cam/n11470                                                                                                                                                                                                     |                1 |
|u_dma/u_EfxDMA/core/n15184                                                                                                                                                                                       |                1 |
|u_dma/u_EfxDMA/core/n15183                                                                                                                                                                                       |                1 |
|u_dma/u_EfxDMA/core/n15146                                                                                                                                                                                       |                1 |
|u_dma/u_EfxDMA/core/n15187                                                                                                                                                                                       |                1 |
|u_dma/u_EfxDMA/core/n18375                                                                                                                                                                                       |                1 |
|u_dma/u_EfxDMA/core/n15062                                                                                                                                                                                       |                1 |
|u_dma/u_EfxDMA/core/n15059                                                                                                                                                                                       |                1 |
|u_dma/u_EfxDMA/core/n15058                                                                                                                                                                                       |                1 |
|u_dma/u_EfxDMA/core/n18359                                                                                                                                                                                       |                1 |
|u_risc_v/u_EfxSapphireSoc/system_cores_0_logic_cpu/IBusCachedPlugin_cache/n1167                                                                                                                                  |                1 |
|u_risc_v/u_EfxSapphireSoc/system_cores_0_logic_cpu/n26469                                                                                                                                                        |                1 |
|u_risc_v/u_EfxSapphireSoc/system_cores_0_logic_cpu/dataCache_1/n1604                                                                                                                                             |                1 |
|i_pll_locked                                                                                                                                                                                                     |                1 |
|u_dma/u_EfxDMA/n15105                                                                                                                                                                                            |                1 |
|u_dma/u_EfxDMA/core/n15040                                                                                                                                                                                       |                1 |
|u_dma/u_EfxDMA/core/n15041                                                                                                                                                                                       |                1 |
|u_dma/u_EfxDMA/core/n18355                                                                                                                                                                                       |                1 |
|u_dma/u_EfxDMA/core/n18357                                                                                                                                                                                       |                1 |
|u_risc_v/u_EfxSapphireSoc/system_cores_0_logic_cpu/n26470                                                                                                                                                        |                1 |
|u_cam/u_isp_top/isp_int/min_max_timer_inst3/n968                                                                                                                                                                 |                1 |
|u_dma/u_EfxDMA/core/n15044                                                                                                                                                                                       |                1 |
|u_dma/u_EfxDMA/core/n15045                                                                                                                                                                                       |                1 |
|u_dma/u_EfxDMA/core/n15048                                                                                                                                                                                       |                1 |
|u_dma/u_EfxDMA/core/n18361                                                                                                                                                                                       |                1 |
|u_dma/u_EfxDMA/core/n18363                                                                                                                                                                                       |                1 |
|u_dma/u_EfxDMA/core/n18377                                                                                                                                                                                       |                1 |
|u_dma/u_EfxDMA/core/n15049                                                                                                                                                                                       |                1 |
|w_cam_confdone                                                                                                                                                                                                   |                1 |
|u_cam/n11468                                                                                                                                                                                                     |                1 |
|u_cam/u_isp_top/isp_int/min_max_timer_inst2/n968                                                                                                                                                                 |                1 |
|u_cam/u_isp_top/isp_int/min_max_timer_inst1/n968                                                                                                                                                                 |                1 |
|u_display/u_vga_gen/n739                                                                                                                                                                                         |                1 |
|u_display/u_vga_gen/n735                                                                                                                                                                                         |                1 |
|u_display/u_vga_gen/n734                                                                                                                                                                                         |                1 |
|u_dma/u_EfxDMA/core/channels_1_interrupts_onChannelCompletion_valid                                                                                                                                              |                1 |
|u_dma/u_EfxDMA/core/channels_2_interrupts_onChannelCompletion_valid                                                                                                                                              |                1 |
|u_dma/u_EfxDMA/core/channels_4_interrupts_onChannelCompletion_valid                                                                                                                                              |                1 |
|u_dma/u_EfxDMA/core/n15050                                                                                                                                                                                       |                1 |
|u_risc_v/u_EfxSapphireSoc/system_cores_0_logic_cpu/dataCache_1/n1649                                                                                                                                             |                1 |
|u_axi_interconnect/n6443                                                                                                                                                                                         |                1 |
|u_cam/u_cam_downscaling/n287                                                                                                                                                                                     |                1 |
|u_cam/u_cam_crop/n730                                                                                                                                                                                            |                1 |
|u_cam/u_cam_crop/n732                                                                                                                                                                                            |                1 |
|u_cam/u_isp_top/isp_int/min_max_timer_inst5/n968                                                                                                                                                                 |                1 |
|u_cam/u_isp_top/isp_int/min_max_timer_inst4/n968                                                                                                                                                                 |                1 |
|u_risc_v/u_EfxSapphireSoc/system_cores_0_logic_cpu/when_MulPlugin_l70                                                                                                                                            |                1 |
+-----------------------------------------------------------------------------------------------------------------------------------------------------------------------------------------------------------------+------------------+

### ### EFX_FF SR set/reset (end) ### ### ###

### ### Module Resource Usage Distribution Estimates (begin) ### ###

**Note: some resources maybe grouped under different hierarchy due to optimization and LUT mapping

Module                                  FFs      SRLs      ADDs      LUTs    COMB4s      RAMs DSP/MULTs
---------------------------------       ---      ----      ----      ----      ----      ---- ---------
edge_vision_soc:edge_vision_soc      62(62)      0(0)    19(19)      8(8)      0(0)      0(0)      0(0)

### ### Module Resource Usage Distribution Estimates (end) ### ###


### ### DSP Usage Report (begin) ### ### ### 

+------------------------------------------------------------+-----+------+-------+------+-------+-----+----+
|DSP                                                         |TYPE |SIGNED|SHIFTER|BFLOAT|CAS_OUT|  O  |REGS|
+------------------------------------------------------------+-----+------+-------+------+-------+-----+----+
|u_risc_v/u_EfxSapphireSoc/system_cores_0_logic_cpu/mult_2211|DSP48|      |       |      |       |(A*B)|P,O |
|u_risc_v/u_EfxSapphireSoc/system_cores_0_logic_cpu/mult_2212|DSP48|      |       |      |       |(A*B)|P,O |
|u_risc_v/u_EfxSapphireSoc/system_cores_0_logic_cpu/mult_2213|DSP48|      |       |      |       |(A*B)|P,O |
|u_cam/u_isp_top/isp_int/ccm_inst/mult_95                    |DSP48|      |       |      |       |(A*B)| A  |
|u_cam/u_isp_top/isp_int/ccm_inst/mult_96                    |DSP48|      |       |      |       |(A*B)| A  |
|u_cam/u_isp_top/isp_int/ccm_inst/mult_97                    |DSP48|      |       |      |       |(A*B)| A  |
|u_cam/u_isp_top/isp_int/ccm_inst/mult_98                    |DSP48|      |       |      |       |(A*B)| A  |
|u_cam/u_isp_top/isp_int/ccm_inst/mult_99                    |DSP48|      |       |      |       |(A*B)| A  |
|u_cam/u_isp_top/isp_int/ccm_inst/mult_100                   |DSP48|      |       |      |       |(A*B)| A  |
|u_cam/u_isp_top/isp_int/ccm_inst/mult_101                   |DSP48|      |       |      |       |(A*B)| A  |
|u_cam/u_isp_top/isp_int/ccm_inst/mult_102                   |DSP48|      |       |      |       |(A*B)| A  |
|u_cam/u_isp_top/isp_int/ccm_inst/mult_103                   |DSP48|      |       |      |       |(A*B)| A  |
|u_cam/u_isp_top/isp_int/colorgain_inst/mult_76              |DSP48|      |       |      |       |(A*B)|A,B |
|u_cam/u_isp_top/isp_int/colorgain_inst/mult_79              |DSP48|      |       |      |       |(A*B)|A,B |
|u_risc_v/u_EfxSapphireSoc/system_cores_0_logic_cpu/mult_2210|DSP48|      |       |      |       |(A*B)|P,O |
+------------------------------------------------------------+-----+------+-------+------+-------+-----+----+

### ### Clock Load Distribution Report (begin) ### ###

+------------------------+----------+----------+------------+----------------+
|Clock                   |Flip-Flops|Shift-Regs|Memory Ports|Multipliers/DSPs|
+------------------------+----------+----------+------------+----------------+
|i_cam_ck_CLKOUT_0       |      489 |        0 |         17 |              0 |
|i_mipi_rx_pclk          |     8704 |      398 |        113 |             11 |
|i_systemClk             |     3092 |        5 |         57 |              4 |
|i_hbramClk              |     8283 |        0 |        153 |              0 |
|i_sysclk_div_2          |      591 |        0 |         45 |              0 |
|i_fb_clk                |      410 |        0 |          8 |              0 |
|jtag_inst1_TCK          |      201 |        3 |          0 |              0 |
|i_mipi_clk              |      509 |        0 |          2 |              0 |
|i_mipi_tx_pclk          |     1024 |        0 |         19 |              0 |
|i_hbramClk_cal          |       91 |        0 |          2 |              0 |
|jtag_inst2_autodbg_TCK__|     1264 |        0 |          0 |              0 |
+------------------------+----------+----------+------------+----------------+

### ### Clock Load Distribution Report (end) ### ###

### ### Memory Mapping Report (begin) ### ### ###

### ### Memory Mapping Report (end) ### ### ###

### ### Resource Summary (begin) ### ### ### 

INPUT  PORTS    : 	153
OUTPUT PORTS    : 	167

EFX_ADD                 : 	4137
EFX_LUT4                : 	26289
   1-2  Inputs          : 	5493
   3    Inputs          : 	8576
   4    Inputs          : 	12220
EFX_DSP48               : 	15
EFX_FF                  : 	24658
EFX_SRL8                : 	406
EFX_RAM10               : 	216
EFX_GBUFCE              : 	1
### ### Resource Summary (end) ### ### ###

Plain synthesis (without verilog dump and post-map checks) time : 9s
Elapsed synthesis time : 11s
