
///////////////////////////////////
// Efinity Synthesis Started 
// Jul 21, 2026 10:53:23
///////////////////////////////////

[EFX-0011 VERI-WARNING] parameter 'CL_S_COUNT' becomes localparam in 'axi_interconnect' with formal parameter declaration list (VERI-1199) (C:\Users\Jing-XuanTan(i)\Downloads\evsoc-efinity-v2026.1.132\evsoc-efinity-v2026.1.132\cam_single\Ti60F225_dsi\source/axi/axi_interconnect.v:180)
[EFX-0011 VERI-WARNING] parameter 'CL_M_COUNT' becomes localparam in 'axi_interconnect' with formal parameter declaration list (VERI-1199) (C:\Users\Jing-XuanTan(i)\Downloads\evsoc-efinity-v2026.1.132\evsoc-efinity-v2026.1.132\cam_single\Ti60F225_dsi\source/axi/axi_interconnect.v:181)
[EFX-0011 VERI-WARNING] parameter 'AUSER_WIDTH' becomes localparam in 'axi_interconnect' with formal parameter declaration list (VERI-1199) (C:\Users\Jing-XuanTan(i)\Downloads\evsoc-efinity-v2026.1.132\evsoc-efinity-v2026.1.132\cam_single\Ti60F225_dsi\source/axi/axi_interconnect.v:183)
[EFX-0011 VERI-WARNING] parameter 'M_BASE_ADDR_INT' becomes localparam in 'axi_interconnect' with formal parameter declaration list (VERI-1199) (C:\Users\Jing-XuanTan(i)\Downloads\evsoc-efinity-v2026.1.132\evsoc-efinity-v2026.1.132\cam_single\Ti60F225_dsi\source/axi/axi_interconnect.v:202)
[EFX-0011 VERI-WARNING] parameter 'W1' becomes localparam in 'priority_encoder' with formal parameter declaration list (VERI-1199) (C:\Users\Jing-XuanTan(i)\Downloads\evsoc-efinity-v2026.1.132\evsoc-efinity-v2026.1.132\cam_single\Ti60F225_dsi\source/axi/priority_encoder.v:39)
[EFX-0011 VERI-WARNING] parameter 'W2' becomes localparam in 'priority_encoder' with formal parameter declaration list (VERI-1199) (C:\Users\Jing-XuanTan(i)\Downloads\evsoc-efinity-v2026.1.132\evsoc-efinity-v2026.1.132\cam_single\Ti60F225_dsi\source/axi/priority_encoder.v:40)
[EFX-0011 VERI-WARNING] parameter 'X_OUT_RATIO' becomes localparam in 'cam_scaling' with formal parameter declaration list (VERI-1199) (C:\Users\Jing-XuanTan(i)\Downloads\evsoc-efinity-v2026.1.132\evsoc-efinity-v2026.1.132\cam_single\Ti60F225_dsi\source/cam/cam_scaling.v:31)
[EFX-0011 VERI-WARNING] parameter 'X_IN_RATIO' becomes localparam in 'cam_scaling' with formal parameter declaration list (VERI-1199) (C:\Users\Jing-XuanTan(i)\Downloads\evsoc-efinity-v2026.1.132\evsoc-efinity-v2026.1.132\cam_single\Ti60F225_dsi\source/cam/cam_scaling.v:32)
[EFX-0011 VERI-WARNING] parameter 'Y_OUT_RATIO' becomes localparam in 'cam_scaling' with formal parameter declaration list (VERI-1199) (C:\Users\Jing-XuanTan(i)\Downloads\evsoc-efinity-v2026.1.132\evsoc-efinity-v2026.1.132\cam_single\Ti60F225_dsi\source/cam/cam_scaling.v:33)
[EFX-0011 VERI-WARNING] parameter 'Y_IN_RATIO' becomes localparam in 'cam_scaling' with formal parameter declaration list (VERI-1199) (C:\Users\Jing-XuanTan(i)\Downloads\evsoc-efinity-v2026.1.132\evsoc-efinity-v2026.1.132\cam_single\Ti60F225_dsi\source/cam/cam_scaling.v:34)
[EFX-0011 VERI-WARNING] parameter '**' becomes localparam in '**' with formal parameter declaration list (VERI-1199) (C:\Users\Jing-XuanTan(i)\Downloads\evsoc-efinity-v2026.1.132\evsoc-efinity-v2026.1.132\cam_single\Ti60F225_dsi\ip\hbram\hbram.sv:4976)
[EFX-0011 VERI-WARNING] parameter '**' becomes localparam in '**' with formal parameter declaration list (VERI-1199) (C:\Users\Jing-XuanTan(i)\Downloads\evsoc-efinity-v2026.1.132\evsoc-efinity-v2026.1.132\cam_single\Ti60F225_dsi\ip\hbram\hbram.sv:5309)
[EFX-0011 VERI-WARNING] port 'system_spi_0_io_data_2_read' is not connected on this instance (VERI-2435) (C:\Users\Jing-XuanTan(i)\Downloads\evsoc-efinity-v2026.1.132\evsoc-efinity-v2026.1.132\cam_single\Ti60F225_dsi\edge_vision_soc.v:1337)
[EFX-0011 VERI-WARNING] port 'system_spi_0_io_data_2_write' remains unconnected for this instance (VERI-1927) (C:\Users\Jing-XuanTan(i)\Downloads\evsoc-efinity-v2026.1.132\evsoc-efinity-v2026.1.132\cam_single\Ti60F225_dsi\edge_vision_soc.v:1337)
[EFX-0011 VERI-WARNING] port 's_axi_awuser' remains unconnected for this instance (VERI-1927) (C:\Users\Jing-XuanTan(i)\Downloads\evsoc-efinity-v2026.1.132\evsoc-efinity-v2026.1.132\cam_single\Ti60F225_dsi\edge_vision_soc.v:1659)
[EFX-0011 VERI-WARNING] expression size 32 truncated to fit in target size 8 (VERI-1209) (C:\Users\Jing-XuanTan(i)\Downloads\evsoc-efinity-v2026.1.132\evsoc-efinity-v2026.1.132\cam_single\Ti60F225_dsi\edge_vision_soc.v:728)
[EFX-0011 VERI-WARNING] expression size 32 truncated to fit in target size 8 (VERI-1209) (C:\Users\Jing-XuanTan(i)\Downloads\evsoc-efinity-v2026.1.132\evsoc-efinity-v2026.1.132\cam_single\Ti60F225_dsi\edge_vision_soc.v:729)
[EFX-0011 VERI-WARNING] expression size ** truncated to fit in target size ** (VERI-1209) (C:\Users\Jing-XuanTan(i)\Downloads\evsoc-efinity-v2026.1.132\evsoc-efinity-v2026.1.132\cam_single\Ti60F225_dsi\ip\csi2_rx_cam\csi2_rx_cam.sv:7306)
[EFX-0011 VERI-WARNING] expression size ** truncated to fit in target size ** (VERI-1209) (C:\Users\Jing-XuanTan(i)\Downloads\evsoc-efinity-v2026.1.132\evsoc-efinity-v2026.1.132\cam_single\Ti60F225_dsi\ip\csi2_rx_cam\csi2_rx_cam.sv:4119)
[EFX-0011 VERI-WARNING] assignment and/or driver for '**' inside static function '**' is not preserved (VERI-2457) (C:\Users\Jing-XuanTan(i)\Downloads\evsoc-efinity-v2026.1.132\evsoc-efinity-v2026.1.132\cam_single\Ti60F225_dsi\ip\csi2_rx_cam\csi2_rx_cam.sv:1466)
[EFX-0011 VERI-WARNING] port '**' remains unconnected for this instance (VERI-1927) (C:\Users\Jing-XuanTan(i)\Downloads\evsoc-efinity-v2026.1.132\evsoc-efinity-v2026.1.132\cam_single\Ti60F225_dsi\ip\csi2_rx_cam\csi2_rx_cam.sv:1264)
[EFX-0011 VERI-WARNING] expression size ** truncated to fit in target size ** (VERI-1209) (C:\Users\Jing-XuanTan(i)\Downloads\evsoc-efinity-v2026.1.132\evsoc-efinity-v2026.1.132\cam_single\Ti60F225_dsi\ip\csi2_rx_cam\csi2_rx_cam.sv:1264)
[EFX-0011 VERI-WARNING] expression size ** truncated to fit in target size ** (VERI-1209) (C:\Users\Jing-XuanTan(i)\Downloads\evsoc-efinity-v2026.1.132\evsoc-efinity-v2026.1.132\cam_single\Ti60F225_dsi\ip\csi2_rx_cam\csi2_rx_cam.sv:2711)
[EFX-0011 VERI-WARNING] expression size ** truncated to fit in target size ** (VERI-1209) (C:\Users\Jing-XuanTan(i)\Downloads\evsoc-efinity-v2026.1.132\evsoc-efinity-v2026.1.132\cam_single\Ti60F225_dsi\ip\csi2_rx_cam\csi2_rx_cam.sv:2869)
[EFX-0011 VERI-WARNING] expression size ** truncated to fit in target size ** (VERI-1209) (C:\Users\Jing-XuanTan(i)\Downloads\evsoc-efinity-v2026.1.132\evsoc-efinity-v2026.1.132\cam_single\Ti60F225_dsi\ip\csi2_rx_cam\csi2_rx_cam.sv:1264)
[EFX-0011 VERI-WARNING] port 'rst_busy' remains unconnected for this instance (VERI-1927) (C:\Users\Jing-XuanTan(i)\Downloads\evsoc-efinity-v2026.1.132\evsoc-efinity-v2026.1.132\cam_single\Ti60F225_dsi\source/cam/cam_picam_v2.v:256)
[EFX-0011 VERI-WARNING] port 'rst_busy' remains unconnected for this instance (VERI-1927) (C:\Users\Jing-XuanTan(i)\Downloads\evsoc-efinity-v2026.1.132\evsoc-efinity-v2026.1.132\cam_single\Ti60F225_dsi\source/cam/cam_picam_v2.v:484)
[EFX-0011 VERI-WARNING] port 'a_wr_rst_i' remains unconnected for this instance (VERI-1927) (C:\Users\Jing-XuanTan(i)\Downloads\evsoc-efinity-v2026.1.132\evsoc-efinity-v2026.1.132\cam_single\Ti60F225_dsi\ip\cam_pixel_remap_fifo\cam_pixel_remap_fifo.sv:110)
[EFX-0011 VERI-WARNING] input port 'a_wr_rst_i' is not connected on this instance (VDB-1013) (C:\Users\Jing-XuanTan(i)\Downloads\evsoc-efinity-v2026.1.132\evsoc-efinity-v2026.1.132\cam_single\Ti60F225_dsi\ip\cam_pixel_remap_fifo\cam_pixel_remap_fifo.sv:92)
[EFX-0011 VERI-WARNING] expression size 32 truncated to fit in target size 11 (VERI-1209) (C:\Users\Jing-XuanTan(i)\Downloads\evsoc-efinity-v2026.1.132\evsoc-efinity-v2026.1.132\cam_single\Ti60F225_dsi\source/cam/cam_crop.v:82)
[EFX-0011 VERI-WARNING] port 'a_wr_rst_i' remains unconnected for this instance (VERI-1927) (C:\Users\Jing-XuanTan(i)\Downloads\evsoc-efinity-v2026.1.132\evsoc-efinity-v2026.1.132\cam_single\Ti60F225_dsi\ip\cam_dma_fifo\cam_dma_fifo.sv:110)
[EFX-0011 VERI-WARNING] input port 'a_wr_rst_i' is not connected on this instance (VDB-1013) (C:\Users\Jing-XuanTan(i)\Downloads\evsoc-efinity-v2026.1.132\evsoc-efinity-v2026.1.132\cam_single\Ti60F225_dsi\ip\cam_dma_fifo\cam_dma_fifo.sv:92)
[EFX-0011 VERI-WARNING] actual bit length 32 differs from formal bit length 1 for port 'i_dbg_we' (VERI-1330) (C:\Users\Jing-XuanTan(i)\Downloads\evsoc-efinity-v2026.1.132\evsoc-efinity-v2026.1.132\cam_single\Ti60F225_dsi\edge_vision_soc.v:947)
[EFX-0011 VERI-WARNING] actual bit length 32 differs from formal bit length 40 for port 'i_dbg_din' (VERI-1330) (C:\Users\Jing-XuanTan(i)\Downloads\evsoc-efinity-v2026.1.132\evsoc-efinity-v2026.1.132\cam_single\Ti60F225_dsi\edge_vision_soc.v:948)
[EFX-0011 VERI-WARNING] actual bit length 32 differs from formal bit length 9 for port 'i_dbg_addr' (VERI-1330) (C:\Users\Jing-XuanTan(i)\Downloads\evsoc-efinity-v2026.1.132\evsoc-efinity-v2026.1.132\cam_single\Ti60F225_dsi\edge_vision_soc.v:949)
[EFX-0011 VERI-WARNING] actual bit length 32 differs from formal bit length 1 for port 'i_dbg_reconfig' (VERI-1330) (C:\Users\Jing-XuanTan(i)\Downloads\evsoc-efinity-v2026.1.132\evsoc-efinity-v2026.1.132\cam_single\Ti60F225_dsi\edge_vision_soc.v:951)
[EFX-0011 VERI-WARNING] port 'rst_busy' remains unconnected for this instance (VERI-1927) (C:\Users\Jing-XuanTan(i)\Downloads\evsoc-efinity-v2026.1.132\evsoc-efinity-v2026.1.132\cam_single\Ti60F225_dsi\source/display/dsi/display_dsi.v:265)
[EFX-0011 VERI-WARNING] actual bit length 11 differs from formal bit length 14 for port 'out_x' (VERI-1330) (C:\Users\Jing-XuanTan(i)\Downloads\evsoc-efinity-v2026.1.132\evsoc-efinity-v2026.1.132\cam_single\Ti60F225_dsi\source/display/dsi/display_dsi.v:127)
[EFX-0011 VERI-WARNING] actual bit length 11 differs from formal bit length 12 for port 'out_y' (VERI-1330) (C:\Users\Jing-XuanTan(i)\Downloads\evsoc-efinity-v2026.1.132\evsoc-efinity-v2026.1.132\cam_single\Ti60F225_dsi\source/display/dsi/display_dsi.v:128)
[EFX-0011 VERI-WARNING] expression size 16 truncated to fit in target size 8 (VERI-1209) (C:\Users\Jing-XuanTan(i)\Downloads\evsoc-efinity-v2026.1.132\evsoc-efinity-v2026.1.132\cam_single\Ti60F225_dsi\source/cam/scale_up_2x_nn.v:127)
[EFX-0011 VERI-WARNING] expression size 16 truncated to fit in target size 8 (VERI-1209) (C:\Users\Jing-XuanTan(i)\Downloads\evsoc-efinity-v2026.1.132\evsoc-efinity-v2026.1.132\cam_single\Ti60F225_dsi\source/cam/scale_up_2x_nn.v:128)
[EFX-0011 VERI-WARNING] expression size 16 truncated to fit in target size 8 (VERI-1209) (C:\Users\Jing-XuanTan(i)\Downloads\evsoc-efinity-v2026.1.132\evsoc-efinity-v2026.1.132\cam_single\Ti60F225_dsi\source/cam/scale_up_2x_nn.v:129)
[EFX-0011 VERI-WARNING] port 'a_wr_rst_i' remains unconnected for this instance (VERI-1927) (C:\Users\Jing-XuanTan(i)\Downloads\evsoc-efinity-v2026.1.132\evsoc-efinity-v2026.1.132\cam_single\Ti60F225_dsi\ip\display_dma_fifo\display_dma_fifo.sv:110)
[EFX-0011 VERI-WARNING] input port 'a_wr_rst_i' is not connected on this instance (VDB-1013) (C:\Users\Jing-XuanTan(i)\Downloads\evsoc-efinity-v2026.1.132\evsoc-efinity-v2026.1.132\cam_single\Ti60F225_dsi\ip\display_dma_fifo\display_dma_fifo.sv:92)
[EFX-0011 VERI-WARNING] actual bit length 10 differs from formal bit length 11 for port 'datacount_o' (VERI-1330) (C:\Users\Jing-XuanTan(i)\Downloads\evsoc-efinity-v2026.1.132\evsoc-efinity-v2026.1.132\cam_single\Ti60F225_dsi\source/display/dsi/display_dsi.v:264)
[EFX-0011 VERI-WARNING] port '**' remains unconnected for this instance (VERI-1927) (C:\Users\Jing-XuanTan(i)\Downloads\evsoc-efinity-v2026.1.132\evsoc-efinity-v2026.1.132\cam_single\Ti60F225_dsi\ip\dsi_tx_display\dsi_tx_display.sv:5436)
[EFX-0011 VERI-WARNING] assignment and/or driver for '**' inside static function '**' is not preserved (VERI-2457) (C:\Users\Jing-XuanTan(i)\Downloads\evsoc-efinity-v2026.1.132\evsoc-efinity-v2026.1.132\cam_single\Ti60F225_dsi\ip\dsi_tx_display\dsi_tx_display.sv:2885)
[EFX-0011 VERI-WARNING] port '**' remains unconnected for this instance (VERI-1927) (C:\Users\Jing-XuanTan(i)\Downloads\evsoc-efinity-v2026.1.132\evsoc-efinity-v2026.1.132\cam_single\Ti60F225_dsi\ip\dsi_tx_display\dsi_tx_display.sv:5689)
[EFX-0011 VERI-WARNING] expression size ** truncated to fit in target size ** (VERI-1209) (C:\Users\Jing-XuanTan(i)\Downloads\evsoc-efinity-v2026.1.132\evsoc-efinity-v2026.1.132\cam_single\Ti60F225_dsi\ip\dsi_tx_display\dsi_tx_display.sv:5689)
[EFX-0011 VERI-WARNING] expression size ** truncated to fit in target size ** (VERI-1209) (C:\Users\Jing-XuanTan(i)\Downloads\evsoc-efinity-v2026.1.132\evsoc-efinity-v2026.1.132\cam_single\Ti60F225_dsi\ip\dsi_tx_display\dsi_tx_display.sv:7297)
[EFX-0011 VERI-WARNING] port '**' remains unconnected for this instance (VERI-1927) (C:\Users\Jing-XuanTan(i)\Downloads\evsoc-efinity-v2026.1.132\evsoc-efinity-v2026.1.132\cam_single\Ti60F225_dsi\ip\dsi_tx_display\dsi_tx_display.sv:1596)
[EFX-0011 VERI-WARNING] expression size ** truncated to fit in target size ** (VERI-1209) (C:\Users\Jing-XuanTan(i)\Downloads\evsoc-efinity-v2026.1.132\evsoc-efinity-v2026.1.132\cam_single\Ti60F225_dsi\ip\dsi_tx_display\dsi_tx_display.sv:1596)
[EFX-0011 VERI-WARNING] port '**' remains unconnected for this instance (VERI-1927) (C:\Users\Jing-XuanTan(i)\Downloads\evsoc-efinity-v2026.1.132\evsoc-efinity-v2026.1.132\cam_single\Ti60F225_dsi\ip\dsi_tx_display\dsi_tx_display.sv:2500)
[EFX-0011 VERI-WARNING] expression size ** truncated to fit in target size ** (VERI-1209) (C:\Users\Jing-XuanTan(i)\Downloads\evsoc-efinity-v2026.1.132\evsoc-efinity-v2026.1.132\cam_single\Ti60F225_dsi\ip\dsi_tx_display\dsi_tx_display.sv:2500)
[EFX-0011 VERI-WARNING] assignment and/or driver for '**' inside static function '**' is not preserved (VERI-2457) (C:\Users\Jing-XuanTan(i)\Downloads\evsoc-efinity-v2026.1.132\evsoc-efinity-v2026.1.132\cam_single\Ti60F225_dsi\ip\dsi_tx_display\dsi_tx_display.sv:3474)
[EFX-0011 VERI-WARNING] actual bit length 32 differs from formal bit length 16 for port 'haddr' (VERI-1330) (C:\Users\Jing-XuanTan(i)\Downloads\evsoc-efinity-v2026.1.132\evsoc-efinity-v2026.1.132\cam_single\Ti60F225_dsi\edge_vision_soc.v:1081)
[EFX-0011 VERI-WARNING] port 'ram_clk_cal_2' is not connected on this instance (VERI-2435) (C:\Users\Jing-XuanTan(i)\Downloads\evsoc-efinity-v2026.1.132\evsoc-efinity-v2026.1.132\cam_single\Ti60F225_dsi\ip\hbram\hbram.sv:200)
[EFX-0011 VERI-WARNING] port 'native_clk' remains unconnected for this instance (VERI-1927) (C:\Users\Jing-XuanTan(i)\Downloads\evsoc-efinity-v2026.1.132\evsoc-efinity-v2026.1.132\cam_single\Ti60F225_dsi\ip\hbram\hbram.sv:200)
[EFX-0011 VERI-WARNING] port '**' remains unconnected for this instance (VERI-1927) (C:\Users\Jing-XuanTan(i)\Downloads\evsoc-efinity-v2026.1.132\evsoc-efinity-v2026.1.132\cam_single\Ti60F225_dsi\ip\hbram\hbram.sv:1134)
[EFX-0011 VERI-WARNING] expression size 32 truncated to fit in target size 9 (VERI-1209) (C:\Users\Jing-XuanTan(i)\Downloads\evsoc-efinity-v2026.1.132\evsoc-efinity-v2026.1.132\cam_single\Ti60F225_dsi\ip\hbram\hbram.sv:5791)
[EFX-0011 VERI-WARNING] expression size 32 truncated to fit in target size 11 (VERI-1209) (C:\Users\Jing-XuanTan(i)\Downloads\evsoc-efinity-v2026.1.132\evsoc-efinity-v2026.1.132\cam_single\Ti60F225_dsi\ip\hbram\hbram.sv:5792)
[EFX-0011 VERI-WARNING] expression size ** truncated to fit in target size ** (VERI-1209) (C:\Users\Jing-XuanTan(i)\Downloads\evsoc-efinity-v2026.1.132\evsoc-efinity-v2026.1.132\cam_single\Ti60F225_dsi\ip\hbram\hbram.sv:1134)
[EFX-0011 VERI-WARNING] expression size 32 truncated to fit in target size 11 (VERI-1209) (C:\Users\Jing-XuanTan(i)\Downloads\evsoc-efinity-v2026.1.132\evsoc-efinity-v2026.1.132\cam_single\Ti60F225_dsi\ip\hbram\hbram.sv:5806)
[EFX-0011 VERI-WARNING] expression size 32 truncated to fit in target size 9 (VERI-1209) (C:\Users\Jing-XuanTan(i)\Downloads\evsoc-efinity-v2026.1.132\evsoc-efinity-v2026.1.132\cam_single\Ti60F225_dsi\ip\hbram\hbram.sv:5807)
[EFX-0011 VERI-WARNING] expression size ** truncated to fit in target size ** (VERI-1209) (C:\Users\Jing-XuanTan(i)\Downloads\evsoc-efinity-v2026.1.132\evsoc-efinity-v2026.1.132\cam_single\Ti60F225_dsi\ip\hbram\hbram.sv:5309)
[EFX-0011 VERI-WARNING] actual bit length ** differs from formal bit length *** for port '**' (VERI-1330) (C:\Users\Jing-XuanTan(i)\Downloads\evsoc-efinity-v2026.1.132\evsoc-efinity-v2026.1.132\cam_single\Ti60F225_dsi\ip\hbram\hbram.sv:1946)
[EFX-0011 VERI-WARNING] expression size ** truncated to fit in target size ** (VERI-1209) (C:\Users\Jing-XuanTan(i)\Downloads\evsoc-efinity-v2026.1.132\evsoc-efinity-v2026.1.132\cam_single\Ti60F225_dsi\ip\hbram\hbram.sv:3545)
[EFX-0011 VERI-WARNING] actual bit length ** differs from formal bit length *** for port '**' (VERI-1330) (C:\Users\Jing-XuanTan(i)\Downloads\evsoc-efinity-v2026.1.132\evsoc-efinity-v2026.1.132\cam_single\Ti60F225_dsi\ip\hbram\hbram.sv:2351)
[EFX-0011 VERI-WARNING] expression size ** truncated to fit in target size ** (VERI-1209) (C:\Users\Jing-XuanTan(i)\Downloads\evsoc-efinity-v2026.1.132\evsoc-efinity-v2026.1.132\cam_single\Ti60F225_dsi\ip\hbram\hbram.sv:4591)
[EFX-0011 VERI-WARNING] input port 'ram_clk_cal_2' remains unconnected for this instance (VDB-1053) (C:\Users\Jing-XuanTan(i)\Downloads\evsoc-efinity-v2026.1.132\evsoc-efinity-v2026.1.132\cam_single\Ti60F225_dsi\ip\hbram\hbram.sv:147)
[EFX-0011 VERI-WARNING] input port 'native_clk' is not connected on this instance (VDB-1013) (C:\Users\Jing-XuanTan(i)\Downloads\evsoc-efinity-v2026.1.132\evsoc-efinity-v2026.1.132\cam_single\Ti60F225_dsi\ip\hbram\hbram.sv:147)
[EFX-0011 VERI-WARNING] system task 'display' is ignored for synthesis (VERI-1142) (C:\Users\Jing-XuanTan(i)\Downloads\evsoc-efinity-v2026.1.132\evsoc-efinity-v2026.1.132\cam_single\Ti60F225_dsi\ip\SapphireSoc\SapphireSoc.v:24200)
[EFX-0011 VERI-WARNING] net 'IBusCachedPlugin_cache_io_cpu_fetch_isRemoved' does not have a driver (VDB-1002) (C:\Users\Jing-XuanTan(i)\Downloads\evsoc-efinity-v2026.1.132\evsoc-efinity-v2026.1.132\cam_single\Ti60F225_dsi\ip\SapphireSoc\SapphireSoc.v:14091)
[EFX-0011 VERI-WARNING] net 'dataCache_1_io_cpu_writeBack_fence_SW' does not have a driver (VDB-1002) (C:\Users\Jing-XuanTan(i)\Downloads\evsoc-efinity-v2026.1.132\evsoc-efinity-v2026.1.132\cam_single\Ti60F225_dsi\ip\SapphireSoc\SapphireSoc.v:14104)
[EFX-0011 VERI-WARNING] net 'dataCache_1_io_cpu_writeBack_fence_SR' does not have a driver (VDB-1002) (C:\Users\Jing-XuanTan(i)\Downloads\evsoc-efinity-v2026.1.132\evsoc-efinity-v2026.1.132\cam_single\Ti60F225_dsi\ip\SapphireSoc\SapphireSoc.v:14105)
[EFX-0011 VERI-WARNING] net 'dataCache_1_io_cpu_writeBack_fence_SO' does not have a driver (VDB-1002) (C:\Users\Jing-XuanTan(i)\Downloads\evsoc-efinity-v2026.1.132\evsoc-efinity-v2026.1.132\cam_single\Ti60F225_dsi\ip\SapphireSoc\SapphireSoc.v:14106)
[EFX-0011 VERI-WARNING] net 'dataCache_1_io_cpu_writeBack_fence_SI' does not have a driver (VDB-1002) (C:\Users\Jing-XuanTan(i)\Downloads\evsoc-efinity-v2026.1.132\evsoc-efinity-v2026.1.132\cam_single\Ti60F225_dsi\ip\SapphireSoc\SapphireSoc.v:14107)
[EFX-0011 VERI-WARNING] net 'dataCache_1_io_cpu_writeBack_fence_PW' does not have a driver (VDB-1002) (C:\Users\Jing-XuanTan(i)\Downloads\evsoc-efinity-v2026.1.132\evsoc-efinity-v2026.1.132\cam_single\Ti60F225_dsi\ip\SapphireSoc\SapphireSoc.v:14108)
[EFX-0011 VERI-WARNING] net 'dataCache_1_io_cpu_writeBack_fence_PR' does not have a driver (VDB-1002) (C:\Users\Jing-XuanTan(i)\Downloads\evsoc-efinity-v2026.1.132\evsoc-efinity-v2026.1.132\cam_single\Ti60F225_dsi\ip\SapphireSoc\SapphireSoc.v:14109)
[EFX-0011 VERI-WARNING] net 'dataCache_1_io_cpu_writeBack_fence_PO' does not have a driver (VDB-1002) (C:\Users\Jing-XuanTan(i)\Downloads\evsoc-efinity-v2026.1.132\evsoc-efinity-v2026.1.132\cam_single\Ti60F225_dsi\ip\SapphireSoc\SapphireSoc.v:14110)
[EFX-0011 VERI-WARNING] net 'dataCache_1_io_cpu_writeBack_fence_PI' does not have a driver (VDB-1002) (C:\Users\Jing-XuanTan(i)\Downloads\evsoc-efinity-v2026.1.132\evsoc-efinity-v2026.1.132\cam_single\Ti60F225_dsi\ip\SapphireSoc\SapphireSoc.v:14111)
[EFX-0011 VERI-WARNING] net 'dataCache_1_io_cpu_writeBack_fence_FM[3]' does not have a driver (VDB-1002) (C:\Users\Jing-XuanTan(i)\Downloads\evsoc-efinity-v2026.1.132\evsoc-efinity-v2026.1.132\cam_single\Ti60F225_dsi\ip\SapphireSoc\SapphireSoc.v:14112)
[EFX-0011 VERI-WARNING] net 'IBusCachedPlugin_mmuBus_rsp_bypassTranslation' does not have a driver (VDB-1002) (C:\Users\Jing-XuanTan(i)\Downloads\evsoc-efinity-v2026.1.132\evsoc-efinity-v2026.1.132\cam_single\Ti60F225_dsi\ip\SapphireSoc\SapphireSoc.v:14619)
[EFX-0011 VERI-WARNING] net 'DBusCachedPlugin_mmuBus_rsp_bypassTranslation' does not have a driver (VDB-1002) (C:\Users\Jing-XuanTan(i)\Downloads\evsoc-efinity-v2026.1.132\evsoc-efinity-v2026.1.132\cam_single\Ti60F225_dsi\ip\SapphireSoc\SapphireSoc.v:14645)
[EFX-0011 VERI-WARNING] net 'IBusCachedPlugin_iBusRsp_output_payload_rsp_error' does not have a driver (VDB-1002) (C:\Users\Jing-XuanTan(i)\Downloads\evsoc-efinity-v2026.1.132\evsoc-efinity-v2026.1.132\cam_single\Ti60F225_dsi\ip\SapphireSoc\SapphireSoc.v:14753)
[EFX-0011 VERI-WARNING] net 'IBusCachedPlugin_iBusRsp_output_payload_isRvc' does not have a driver (VDB-1002) (C:\Users\Jing-XuanTan(i)\Downloads\evsoc-efinity-v2026.1.132\evsoc-efinity-v2026.1.132\cam_single\Ti60F225_dsi\ip\SapphireSoc\SapphireSoc.v:14755)
[EFX-0011 VERI-WARNING] net 'CsrPlugin_mtvec_mode[1]' does not have a driver (VDB-1002) (C:\Users\Jing-XuanTan(i)\Downloads\evsoc-efinity-v2026.1.132\evsoc-efinity-v2026.1.132\cam_single\Ti60F225_dsi\ip\SapphireSoc\SapphireSoc.v:14989)
[EFX-0011 VERI-WARNING] system function call 'urandom' is not supported (VERI-1141) (C:\Users\Jing-XuanTan(i)\Downloads\evsoc-efinity-v2026.1.132\evsoc-efinity-v2026.1.132\cam_single\Ti60F225_dsi\ip\SapphireSoc\SapphireSoc.v:23325)
[EFX-0011 VERI-WARNING] system function call 'urandom' is not supported (VERI-1141) (C:\Users\Jing-XuanTan(i)\Downloads\evsoc-efinity-v2026.1.132\evsoc-efinity-v2026.1.132\cam_single\Ti60F225_dsi\ip\SapphireSoc\SapphireSoc.v:23326)
[EFX-0011 VERI-WARNING] system function call 'urandom' is not supported (VERI-1141) (C:\Users\Jing-XuanTan(i)\Downloads\evsoc-efinity-v2026.1.132\evsoc-efinity-v2026.1.132\cam_single\Ti60F225_dsi\ip\SapphireSoc\SapphireSoc.v:25602)
[EFX-0011 VERI-WARNING] system function call 'urandom' is not supported (VERI-1141) (C:\Users\Jing-XuanTan(i)\Downloads\evsoc-efinity-v2026.1.132\evsoc-efinity-v2026.1.132\cam_single\Ti60F225_dsi\ip\SapphireSoc\SapphireSoc.v:25603)
[EFX-0011 VERI-WARNING] system function call 'urandom' is not supported (VERI-1141) (C:\Users\Jing-XuanTan(i)\Downloads\evsoc-efinity-v2026.1.132\evsoc-efinity-v2026.1.132\cam_single\Ti60F225_dsi\ip\SapphireSoc\SapphireSoc.v:6383)
[EFX-0011 VERI-WARNING] system function call 'urandom' is not supported (VERI-1141) (C:\Users\Jing-XuanTan(i)\Downloads\evsoc-efinity-v2026.1.132\evsoc-efinity-v2026.1.132\cam_single\Ti60F225_dsi\ip\SapphireSoc\SapphireSoc.v:6384)
[EFX-0011 VERI-WARNING] port 'rst_busy' remains unconnected for this instance (VERI-1927) (C:\Users\Jing-XuanTan(i)\Downloads\evsoc-efinity-v2026.1.132\evsoc-efinity-v2026.1.132\cam_single\Ti60F225_dsi\source/hw_accel/hw_accel_wrapper.v:217)
[EFX-0011 VERI-WARNING] port 'rst_busy' remains unconnected for this instance (VERI-1927) (C:\Users\Jing-XuanTan(i)\Downloads\evsoc-efinity-v2026.1.132\evsoc-efinity-v2026.1.132\cam_single\Ti60F225_dsi\source/hw_accel/hw_accel_wrapper.v:243)
[EFX-0011 VERI-WARNING] port 'a_wr_rst_i' remains unconnected for this instance (VERI-1927) (C:\Users\Jing-XuanTan(i)\Downloads\evsoc-efinity-v2026.1.132\evsoc-efinity-v2026.1.132\cam_single\Ti60F225_dsi\ip\hw_accel_dma_in_fifo\hw_accel_dma_in_fifo.sv:112)
[EFX-0011 VERI-WARNING] input port 'a_wr_rst_i' is not connected on this instance (VDB-1013) (C:\Users\Jing-XuanTan(i)\Downloads\evsoc-efinity-v2026.1.132\evsoc-efinity-v2026.1.132\cam_single\Ti60F225_dsi\ip\hw_accel_dma_in_fifo\hw_accel_dma_in_fifo.sv:93)
[EFX-0011 VERI-WARNING] port 'a_wr_rst_i' remains unconnected for this instance (VERI-1927) (C:\Users\Jing-XuanTan(i)\Downloads\evsoc-efinity-v2026.1.132\evsoc-efinity-v2026.1.132\cam_single\Ti60F225_dsi\ip\hw_accel_dma_out_fifo\hw_accel_dma_out_fifo.sv:112)
[EFX-0011 VERI-WARNING] input port 'a_wr_rst_i' is not connected on this instance (VDB-1013) (C:\Users\Jing-XuanTan(i)\Downloads\evsoc-efinity-v2026.1.132\evsoc-efinity-v2026.1.132\cam_single\Ti60F225_dsi\ip\hw_accel_dma_out_fifo\hw_accel_dma_out_fifo.sv:93)
[EFX-0011 VERI-WARNING] system function call 'urandom' is not supported (VERI-1141) (C:\Users\Jing-XuanTan(i)\Downloads\evsoc-efinity-v2026.1.132\evsoc-efinity-v2026.1.132\cam_single\Ti60F225_dsi\ip\dma\dma.v:13453)
[EFX-0011 VERI-WARNING] system function call 'urandom' is not supported (VERI-1141) (C:\Users\Jing-XuanTan(i)\Downloads\evsoc-efinity-v2026.1.132\evsoc-efinity-v2026.1.132\cam_single\Ti60F225_dsi\ip\dma\dma.v:13454)
[EFX-0011 VERI-WARNING] system function call 'urandom' is not supported (VERI-1141) (C:\Users\Jing-XuanTan(i)\Downloads\evsoc-efinity-v2026.1.132\evsoc-efinity-v2026.1.132\cam_single\Ti60F225_dsi\ip\dma\dma.v:13455)
[EFX-0011 VERI-WARNING] system function call 'urandom' is not supported (VERI-1141) (C:\Users\Jing-XuanTan(i)\Downloads\evsoc-efinity-v2026.1.132\evsoc-efinity-v2026.1.132\cam_single\Ti60F225_dsi\ip\dma\dma.v:13456)
[EFX-0011 VERI-WARNING] system function call 'urandom' is not supported (VERI-1141) (C:\Users\Jing-XuanTan(i)\Downloads\evsoc-efinity-v2026.1.132\evsoc-efinity-v2026.1.132\cam_single\Ti60F225_dsi\ip\dma\dma.v:13457)
[EFX-0011 VERI-WARNING] actual bit length 16 differs from formal bit length 14 for port 'ctrl_PADDR' (VERI-1330) (C:\Users\Jing-XuanTan(i)\Downloads\evsoc-efinity-v2026.1.132\evsoc-efinity-v2026.1.132\cam_single\Ti60F225_dsi\edge_vision_soc.v:1439)
[EFX-0011 VERI-WARNING] system task 'display' is ignored for synthesis (VERI-1142) (C:\Users\Jing-XuanTan(i)\Downloads\evsoc-efinity-v2026.1.132\evsoc-efinity-v2026.1.132\cam_single\Ti60F225_dsi\source/axi/axi_interconnect.v:220)
[EFX-0011 VERI-WARNING] system task 'display' is ignored for synthesis (VERI-1142) (C:\Users\Jing-XuanTan(i)\Downloads\evsoc-efinity-v2026.1.132\evsoc-efinity-v2026.1.132\cam_single\Ti60F225_dsi\source/axi/axi_interconnect.v:223)
[EFX-0011 VERI-WARNING] expression size 32 truncated to fit in target size 2 (VERI-1209) (C:\Users\Jing-XuanTan(i)\Downloads\evsoc-efinity-v2026.1.132\evsoc-efinity-v2026.1.132\cam_single\Ti60F225_dsi\source/axi/priority_encoder.v:89)
[EFX-0011 VERI-WARNING] expression size 32 truncated to fit in target size 4 (VERI-1209) (C:\Users\Jing-XuanTan(i)\Downloads\evsoc-efinity-v2026.1.132\evsoc-efinity-v2026.1.132\cam_single\Ti60F225_dsi\source/axi/priority_encoder.v:89)
[EFX-0011 VERI-WARNING] right shift count >= width of value (VERI-1959) (C:\Users\Jing-XuanTan(i)\Downloads\evsoc-efinity-v2026.1.132\evsoc-efinity-v2026.1.132\cam_single\Ti60F225_dsi\source/axi/axi_interconnect.v:566)
[EFX-0011 VERI-WARNING] expression size 32 truncated to fit in target size 8 (VERI-1209) (C:\Users\Jing-XuanTan(i)\Downloads\evsoc-efinity-v2026.1.132\evsoc-efinity-v2026.1.132\cam_single\Ti60F225_dsi\source/axi/axi_interconnect.v:689)
[EFX-0011 VERI-WARNING] input port 'Rx_HS_D_2[7]' remains unconnected for this instance (VDB-1053) (C:\Users\Jing-XuanTan(i)\Downloads\evsoc-efinity-v2026.1.132\evsoc-efinity-v2026.1.132\cam_single\Ti60F225_dsi\edge_vision_soc.v:766)
[EFX-0011 VERI-WARNING] input port 'system_spi_0_io_data_2_read' remains unconnected for this instance (VDB-1053) (C:\Users\Jing-XuanTan(i)\Downloads\evsoc-efinity-v2026.1.132\evsoc-efinity-v2026.1.132\cam_single\Ti60F225_dsi\edge_vision_soc.v:1205)
[EFX-0011 VERI-WARNING] input port 'dat1_o_tready' remains unconnected for this instance (VDB-1053) (C:\Users\Jing-XuanTan(i)\Downloads\evsoc-efinity-v2026.1.132\evsoc-efinity-v2026.1.132\cam_single\Ti60F225_dsi\edge_vision_soc.v:1434)
[EFX-0011 VERI-WARNING] input port 's_axi_awuser[1]' remains unconnected for this instance (VDB-1053) (C:\Users\Jing-XuanTan(i)\Downloads\evsoc-efinity-v2026.1.132\evsoc-efinity-v2026.1.132\cam_single\Ti60F225_dsi\edge_vision_soc.v:1578)
[EFX-0200 WARNING] Removing redundant signal : Rx_HS_D_2[7:0]. (C:\Users\Jing-XuanTan(i)\Downloads\evsoc-efinity-v2026.1.132\evsoc-efinity-v2026.1.132\cam_single\Ti60F225_dsi\ip\csi2_rx_cam\csi2_rx_cam.sv:6307)
[EFX-0200 WARNING] Removing redundant signal : Rx_HS_D_3[7:0]. (C:\Users\Jing-XuanTan(i)\Downloads\evsoc-efinity-v2026.1.132\evsoc-efinity-v2026.1.132\cam_single\Ti60F225_dsi\ip\csi2_rx_cam\csi2_rx_cam.sv:6307)
[EFX-0200 WARNING] Removing redundant signal : Rx_HS_D_4[7:0]. (C:\Users\Jing-XuanTan(i)\Downloads\evsoc-efinity-v2026.1.132\evsoc-efinity-v2026.1.132\cam_single\Ti60F225_dsi\ip\csi2_rx_cam\csi2_rx_cam.sv:6307)
[EFX-0200 WARNING] Removing redundant signal : Rx_HS_D_5[7:0]. (C:\Users\Jing-XuanTan(i)\Downloads\evsoc-efinity-v2026.1.132\evsoc-efinity-v2026.1.132\cam_single\Ti60F225_dsi\ip\csi2_rx_cam\csi2_rx_cam.sv:6307)
[EFX-0200 WARNING] Removing redundant signal : Rx_HS_D_6[7:0]. (C:\Users\Jing-XuanTan(i)\Downloads\evsoc-efinity-v2026.1.132\evsoc-efinity-v2026.1.132\cam_single\Ti60F225_dsi\ip\csi2_rx_cam\csi2_rx_cam.sv:6307)
[EFX-0200 WARNING] Removing redundant signal : Rx_HS_D_7[7:0]. (C:\Users\Jing-XuanTan(i)\Downloads\evsoc-efinity-v2026.1.132\evsoc-efinity-v2026.1.132\cam_single\Ti60F225_dsi\ip\csi2_rx_cam\csi2_rx_cam.sv:6307)
[EFX-0200 WARNING] Removing redundant signal : u_dly_enable_D[1:0]. (C:\Users\Jing-XuanTan(i)\Downloads\evsoc-efinity-v2026.1.132\evsoc-efinity-v2026.1.132\cam_single\Ti60F225_dsi\ip\csi2_rx_cam\csi2_rx_cam.sv:6307)
[EFX-0200 WARNING] Removing redundant signal : u_dly_inc_D[1:0]. (C:\Users\Jing-XuanTan(i)\Downloads\evsoc-efinity-v2026.1.132\evsoc-efinity-v2026.1.132\cam_single\Ti60F225_dsi\ip\csi2_rx_cam\csi2_rx_cam.sv:6307)
[EFX-0200 WARNING] Removing redundant signal : axi_awaddr[1:0]. (C:\Users\Jing-XuanTan(i)\Downloads\evsoc-efinity-v2026.1.132\evsoc-efinity-v2026.1.132\cam_single\Ti60F225_dsi\ip\csi2_rx_cam\csi2_rx_cam.sv:5564)
[EFX-0200 WARNING] Removing redundant signal : axi_araddr[1:0]. (C:\Users\Jing-XuanTan(i)\Downloads\evsoc-efinity-v2026.1.132\evsoc-efinity-v2026.1.132\cam_single\Ti60F225_dsi\ip\csi2_rx_cam\csi2_rx_cam.sv:5564)
[EFX-0200 WARNING] Removing redundant signal : loc_rdata[31:0]. (C:\Users\Jing-XuanTan(i)\Downloads\evsoc-efinity-v2026.1.132\evsoc-efinity-v2026.1.132\cam_single\Ti60F225_dsi\ip\csi2_rx_cam\csi2_rx_cam.sv:5564)
[EFX-0200 WARNING] Removing redundant signal : nextCRC16_D16.fcrc[15:0]. (C:\Users\Jing-XuanTan(i)\Downloads\evsoc-efinity-v2026.1.132\evsoc-efinity-v2026.1.132\cam_single\Ti60F225_dsi\ip\csi2_rx_cam\csi2_rx_cam.sv:1466)
[EFX-0200 WARNING] Removing redundant signal : nextCRC16_D16.Data[15:0]. (C:\Users\Jing-XuanTan(i)\Downloads\evsoc-efinity-v2026.1.132\evsoc-efinity-v2026.1.132\cam_single\Ti60F225_dsi\ip\csi2_rx_cam\csi2_rx_cam.sv:1466)
[EFX-0200 WARNING] Removing redundant signal : nextCRC16_D16[15:0]. (C:\Users\Jing-XuanTan(i)\Downloads\evsoc-efinity-v2026.1.132\evsoc-efinity-v2026.1.132\cam_single\Ti60F225_dsi\ip\csi2_rx_cam\csi2_rx_cam.sv:1466)
[EFX-0200 WARNING] Removing redundant signal : nextCRC16_D16.c[15:0]. (C:\Users\Jing-XuanTan(i)\Downloads\evsoc-efinity-v2026.1.132\evsoc-efinity-v2026.1.132\cam_single\Ti60F225_dsi\ip\csi2_rx_cam\csi2_rx_cam.sv:1466)
[EFX-0200 WARNING] Removing redundant signal : nextCRC16_D16.d[15:0]. (C:\Users\Jing-XuanTan(i)\Downloads\evsoc-efinity-v2026.1.132\evsoc-efinity-v2026.1.132\cam_single\Ti60F225_dsi\ip\csi2_rx_cam\csi2_rx_cam.sv:1466)
[EFX-0200 WARNING] Removing redundant signal : nextCRC16_D16.newcrc[15:0]. (C:\Users\Jing-XuanTan(i)\Downloads\evsoc-efinity-v2026.1.132\evsoc-efinity-v2026.1.132\cam_single\Ti60F225_dsi\ip\csi2_rx_cam\csi2_rx_cam.sv:1466)
[EFX-0200 WARNING] Removing redundant signal : nextCRC16_D8[15:0]. (C:\Users\Jing-XuanTan(i)\Downloads\evsoc-efinity-v2026.1.132\evsoc-efinity-v2026.1.132\cam_single\Ti60F225_dsi\ip\csi2_rx_cam\csi2_rx_cam.sv:1466)
[EFX-0200 WARNING] Removing redundant signal : nextCRC16_D8.Data[7:0]. (C:\Users\Jing-XuanTan(i)\Downloads\evsoc-efinity-v2026.1.132\evsoc-efinity-v2026.1.132\cam_single\Ti60F225_dsi\ip\csi2_rx_cam\csi2_rx_cam.sv:1466)
[EFX-0200 WARNING] Removing redundant signal : nextCRC16_D8.fcrc[15:0]. (C:\Users\Jing-XuanTan(i)\Downloads\evsoc-efinity-v2026.1.132\evsoc-efinity-v2026.1.132\cam_single\Ti60F225_dsi\ip\csi2_rx_cam\csi2_rx_cam.sv:1466)
[EFX-0201 WARNING] Re-wiring to GND non-driven net/port 'a_wr_rst_i' in module 'efx_fifo_top_04a96f5177a940fe94d182603b3fa9c9(FAMILY="",SYNC_CLK=1,PIPELINE_REG=0,OUTPUT_REG=1,PROGRAMMABLE_FULL="NONE",PROG_FULL_ASSERT=510,PROG_FULL_NEGATE=510,PROGRAMMABLE_EMPTY="NONE",PROG_EMPTY_ASSERT=2,PROG_EMPTY_NEGATE=3)'. (C:\Users\Jing-XuanTan(i)\Downloads\evsoc-efinity-v2026.1.132\evsoc-efinity-v2026.1.132\cam_single\Ti60F225_dsi\ip\cam_pixel_remap_fifo\cam_pixel_remap_fifo.sv:92)
[EFX-0201 WARNING] Re-wiring to GND non-driven net/port 'a_rd_rst_i' in module 'efx_fifo_top_04a96f5177a940fe94d182603b3fa9c9(FAMILY="",SYNC_CLK=1,PIPELINE_REG=0,OUTPUT_REG=1,PROGRAMMABLE_FULL="NONE",PROG_FULL_ASSERT=510,PROG_FULL_NEGATE=510,PROGRAMMABLE_EMPTY="NONE",PROG_EMPTY_ASSERT=2,PROG_EMPTY_NEGATE=3)'. (C:\Users\Jing-XuanTan(i)\Downloads\evsoc-efinity-v2026.1.132\evsoc-efinity-v2026.1.132\cam_single\Ti60F225_dsi\ip\cam_pixel_remap_fifo\cam_pixel_remap_fifo.sv:92)
[EFX-0201 WARNING] Re-wiring to GND non-driven net/port 'wr_clk_i' in module 'efx_fifo_top_04a96f5177a940fe94d182603b3fa9c9(FAMILY="",SYNC_CLK=1,PIPELINE_REG=0,OUTPUT_REG=1,PROGRAMMABLE_FULL="NONE",PROG_FULL_ASSERT=510,PROG_FULL_NEGATE=510,PROGRAMMABLE_EMPTY="NONE",PROG_EMPTY_ASSERT=2,PROG_EMPTY_NEGATE=3)'. (C:\Users\Jing-XuanTan(i)\Downloads\evsoc-efinity-v2026.1.132\evsoc-efinity-v2026.1.132\cam_single\Ti60F225_dsi\ip\cam_pixel_remap_fifo\cam_pixel_remap_fifo.sv:92)
[EFX-0201 WARNING] Re-wiring to GND non-driven net/port 'rd_clk_i' in module 'efx_fifo_top_04a96f5177a940fe94d182603b3fa9c9(FAMILY="",SYNC_CLK=1,PIPELINE_REG=0,OUTPUT_REG=1,PROGRAMMABLE_FULL="NONE",PROG_FULL_ASSERT=510,PROG_FULL_NEGATE=510,PROGRAMMABLE_EMPTY="NONE",PROG_EMPTY_ASSERT=2,PROG_EMPTY_NEGATE=3)'. (C:\Users\Jing-XuanTan(i)\Downloads\evsoc-efinity-v2026.1.132\evsoc-efinity-v2026.1.132\cam_single\Ti60F225_dsi\ip\cam_pixel_remap_fifo\cam_pixel_remap_fifo.sv:92)
[EFX-0201 WARNING] Re-wiring to GND non-driven net/port 'a_wr_rst_i' in module 'efx_fifo_top_b0792a13d328448586f08ea7d102f373(FAMILY="",SYNC_CLK=1,MODE="FWFT",DEPTH=1024,DATA_WIDTH=48,PIPELINE_REG=0,PROGRAMMABLE_FULL="NONE",PROG_FULL_ASSERT=512,PROG_FULL_NEGATE=512,PROGRAMMABLE_EMPTY="NONE",PROG_EMPTY_ASSERT=2,PROG_EMPTY_NEGATE=3)'. (C:\Users\Jing-XuanTan(i)\Downloads\evsoc-efinity-v2026.1.132\evsoc-efinity-v2026.1.132\cam_single\Ti60F225_dsi\ip\cam_dma_fifo\cam_dma_fifo.sv:92)
[EFX-0201 WARNING] Re-wiring to GND non-driven net/port 'a_rd_rst_i' in module 'efx_fifo_top_b0792a13d328448586f08ea7d102f373(FAMILY="",SYNC_CLK=1,MODE="FWFT",DEPTH=1024,DATA_WIDTH=48,PIPELINE_REG=0,PROGRAMMABLE_FULL="NONE",PROG_FULL_ASSERT=512,PROG_FULL_NEGATE=512,PROGRAMMABLE_EMPTY="NONE",PROG_EMPTY_ASSERT=2,PROG_EMPTY_NEGATE=3)'. (C:\Users\Jing-XuanTan(i)\Downloads\evsoc-efinity-v2026.1.132\evsoc-efinity-v2026.1.132\cam_single\Ti60F225_dsi\ip\cam_dma_fifo\cam_dma_fifo.sv:92)
[EFX-0201 WARNING] Re-wiring to GND non-driven net/port 'wr_clk_i' in module 'efx_fifo_top_b0792a13d328448586f08ea7d102f373(FAMILY="",SYNC_CLK=1,MODE="FWFT",DEPTH=1024,DATA_WIDTH=48,PIPELINE_REG=0,PROGRAMMABLE_FULL="NONE",PROG_FULL_ASSERT=512,PROG_FULL_NEGATE=512,PROGRAMMABLE_EMPTY="NONE",PROG_EMPTY_ASSERT=2,PROG_EMPTY_NEGATE=3)'. (C:\Users\Jing-XuanTan(i)\Downloads\evsoc-efinity-v2026.1.132\evsoc-efinity-v2026.1.132\cam_single\Ti60F225_dsi\ip\cam_dma_fifo\cam_dma_fifo.sv:92)
[EFX-0201 WARNING] Re-wiring to GND non-driven net/port 'rd_clk_i' in module 'efx_fifo_top_b0792a13d328448586f08ea7d102f373(FAMILY="",SYNC_CLK=1,MODE="FWFT",DEPTH=1024,DATA_WIDTH=48,PIPELINE_REG=0,PROGRAMMABLE_FULL="NONE",PROG_FULL_ASSERT=512,PROG_FULL_NEGATE=512,PROGRAMMABLE_EMPTY="NONE",PROG_EMPTY_ASSERT=2,PROG_EMPTY_NEGATE=3)'. (C:\Users\Jing-XuanTan(i)\Downloads\evsoc-efinity-v2026.1.132\evsoc-efinity-v2026.1.132\cam_single\Ti60F225_dsi\ip\cam_dma_fifo\cam_dma_fifo.sv:92)
[EFX-0201 WARNING] Re-wiring to GND non-driven net/port 'a_wr_rst_i' in module 'efx_fifo_top_0ebd061cc55a4cdb9867e4fd870758a2(FAMILY="",SYNC_CLK=1,DEPTH=1024,DATA_WIDTH=48,PIPELINE_REG=0,OUTPUT_REG=1,PROGRAMMABLE_FULL="NONE",PROG_FULL_ASSERT=512,PROG_FULL_NEGATE=512,PROGRAMMABLE_EMPTY="NONE",PROG_EMPTY_ASSERT=2,PROG_EMPTY_NEGATE=3)'. (C:\Users\Jing-XuanTan(i)\Downloads\evsoc-efinity-v2026.1.132\evsoc-efinity-v2026.1.132\cam_single\Ti60F225_dsi\ip\display_dma_fifo\display_dma_fifo.sv:92)
[EFX-0201 WARNING] Re-wiring to GND non-driven net/port 'a_rd_rst_i' in module 'efx_fifo_top_0ebd061cc55a4cdb9867e4fd870758a2(FAMILY="",SYNC_CLK=1,DEPTH=1024,DATA_WIDTH=48,PIPELINE_REG=0,OUTPUT_REG=1,PROGRAMMABLE_FULL="NONE",PROG_FULL_ASSERT=512,PROG_FULL_NEGATE=512,PROGRAMMABLE_EMPTY="NONE",PROG_EMPTY_ASSERT=2,PROG_EMPTY_NEGATE=3)'. (C:\Users\Jing-XuanTan(i)\Downloads\evsoc-efinity-v2026.1.132\evsoc-efinity-v2026.1.132\cam_single\Ti60F225_dsi\ip\display_dma_fifo\display_dma_fifo.sv:92)
[EFX-0657 WARNING] Mapping into logic memory block 'logic_progbufX_mem' (64 bits) (C:\Users\Jing-XuanTan(i)\Downloads\evsoc-efinity-v2026.1.132\evsoc-efinity-v2026.1.132\cam_single\Ti60F225_dsi\ip\SapphireSoc\SapphireSoc.v:13208) because size is too small (<=64)
[EFX-0657 WARNING] Mapping into logic memory block 'logic_ram' (64 bits) (C:\Users\Jing-XuanTan(i)\Downloads\evsoc-efinity-v2026.1.132\evsoc-efinity-v2026.1.132\cam_single\Ti60F225_dsi\ip\SapphireSoc\SapphireSoc.v:22209) because size is too small (<=64)
[EFX-0657 WARNING] Mapping into logic memory block 'logic_ram' (16 bits) (C:\Users\Jing-XuanTan(i)\Downloads\evsoc-efinity-v2026.1.132\evsoc-efinity-v2026.1.132\cam_single\Ti60F225_dsi\ip\SapphireSoc\SapphireSoc.v:22052) because size is too small (<=64)
[EFX-0657 WARNING] Mapping into logic memory block 'u_apb3_cam_display/slaveReg' (224 bits) (C:\Users\Jing-XuanTan(i)\Downloads\evsoc-efinity-v2026.1.132\evsoc-efinity-v2026.1.132\cam_single\Ti60F225_dsi\source/common/common_apb3.v:48) because it has all constant reader/writer.
[EFX-0011 VERI-WARNING] Input/inout port i_mipi_txc_sclk is unconnected. Place and route may remove this unconnected port. (VDB-8003) (C:\Users\Jing-XuanTan(i)\Downloads\evsoc-efinity-v2026.1.132\evsoc-efinity-v2026.1.132\cam_single\Ti60F225_dsi\edge_vision_soc.v:26)
[EFX-0011 VERI-WARNING] Input/inout port i_mipi_txd_sclk is unconnected. Place and route may remove this unconnected port. (VDB-8003) (C:\Users\Jing-XuanTan(i)\Downloads\evsoc-efinity-v2026.1.132\evsoc-efinity-v2026.1.132\cam_single\Ti60F225_dsi\edge_vision_soc.v:27)
[EFX-0011 VERI-WARNING] Input/inout port i_mipi_tx_pll_locked is unconnected. Place and route may remove this unconnected port. (VDB-8003) (C:\Users\Jing-XuanTan(i)\Downloads\evsoc-efinity-v2026.1.132\evsoc-efinity-v2026.1.132\cam_single\Ti60F225_dsi\edge_vision_soc.v:29)
[EFX-0011 VERI-WARNING] Input/inout port i_hbramClk90 is unconnected. Place and route may remove this unconnected port. (VDB-8003) (C:\Users\Jing-XuanTan(i)\Downloads\evsoc-efinity-v2026.1.132\evsoc-efinity-v2026.1.132\cam_single\Ti60F225_dsi\edge_vision_soc.v:33)
[EFX-0011 VERI-WARNING] Input/inout port i_cam_d0_HS_IN_1[7] is unconnected. Place and route may remove this unconnected port. (VDB-8003) (C:\Users\Jing-XuanTan(i)\Downloads\evsoc-efinity-v2026.1.132\evsoc-efinity-v2026.1.132\cam_single\Ti60F225_dsi\edge_vision_soc.v:74)
[EFX-0011 VERI-WARNING] Input/inout port i_cam_d0_HS_IN_2[7] is unconnected. Place and route may remove this unconnected port. (VDB-8003) (C:\Users\Jing-XuanTan(i)\Downloads\evsoc-efinity-v2026.1.132\evsoc-efinity-v2026.1.132\cam_single\Ti60F225_dsi\edge_vision_soc.v:75)
[EFX-0011 VERI-WARNING] Input/inout port i_cam_d0_HS_IN_3[7] is unconnected. Place and route may remove this unconnected port. (VDB-8003) (C:\Users\Jing-XuanTan(i)\Downloads\evsoc-efinity-v2026.1.132\evsoc-efinity-v2026.1.132\cam_single\Ti60F225_dsi\edge_vision_soc.v:76)
[EFX-0011 VERI-WARNING] Input/inout port i_cam_d1_HS_IN_1[7] is unconnected. Place and route may remove this unconnected port. (VDB-8003) (C:\Users\Jing-XuanTan(i)\Downloads\evsoc-efinity-v2026.1.132\evsoc-efinity-v2026.1.132\cam_single\Ti60F225_dsi\edge_vision_soc.v:89)
[EFX-0011 VERI-WARNING] Input/inout port i_cam_d1_HS_IN_2[7] is unconnected. Place and route may remove this unconnected port. (VDB-8003) (C:\Users\Jing-XuanTan(i)\Downloads\evsoc-efinity-v2026.1.132\evsoc-efinity-v2026.1.132\cam_single\Ti60F225_dsi\edge_vision_soc.v:90)
[EFX-0011 VERI-WARNING] Input/inout port i_cam_d1_HS_IN_3[7] is unconnected. Place and route may remove this unconnected port. (VDB-8003) (C:\Users\Jing-XuanTan(i)\Downloads\evsoc-efinity-v2026.1.132\evsoc-efinity-v2026.1.132\cam_single\Ti60F225_dsi\edge_vision_soc.v:91)
[EFX-0011 VERI-WARNING] Input/inout port sw6 is unconnected. Place and route may remove this unconnected port. (VDB-8003) (C:\Users\Jing-XuanTan(i)\Downloads\evsoc-efinity-v2026.1.132\evsoc-efinity-v2026.1.132\cam_single\Ti60F225_dsi\edge_vision_soc.v:181)
[EFX-0011 VERI-WARNING] Input/inout port sw7 is unconnected. Place and route may remove this unconnected port. (VDB-8003) (C:\Users\Jing-XuanTan(i)\Downloads\evsoc-efinity-v2026.1.132\evsoc-efinity-v2026.1.132\cam_single\Ti60F225_dsi\edge_vision_soc.v:182)
[EFX-0011 VERI-WARNING] Net u_risc_v/u_EfxSapphireSoc/system_cores_0_logic_cpu/IBusCachedPlugin_cache/lineLoader_address[4] is dangling. (VDB-8009) 
[EFX-0011 VERI-WARNING] Net u_risc_v/u_EfxSapphireSoc/system_cores_0_logic_cpu/IBusCachedPlugin_cache/lineLoader_address[2] is dangling. (VDB-8009) 
[EFX-0011 VERI-WARNING] Net u_risc_v/u_EfxSapphireSoc/system_cores_0_logic_cpu/IBusCachedPlugin_cache/lineLoader_address[3] is dangling. (VDB-8009) 
[EFX-0011 VERI-WARNING] Net u_risc_v/u_EfxSapphireSoc/system_cores_0_logic_cpu/IBusCachedPlugin_cache/lineLoader_address[1] is dangling. (VDB-8009) 
[EFX-0011 VERI-WARNING] Net u_risc_v/u_EfxSapphireSoc/system_cores_0_logic_cpu/IBusCachedPlugin_cache/lineLoader_address[0] is dangling. (VDB-8009) 
[EFX-0011 VERI-WARNING] Net soc_io_w_payload_id[0] is dangling. (VDB-8009) 
[EFX-0011 VERI-WARNING] Net soc_io_arw_payload_region[0] is dangling. (VDB-8009) 
[EFX-0011 VERI-WARNING] Net soc_io_arw_payload_cache[0] is dangling. (VDB-8009) 
[EFX-0011 VERI-WARNING] Net u_risc_v/u_EfxSapphireSoc/io_ddrA_r_rData_id[0] is dangling. (VDB-8009) 
[EFX-0011 VERI-WARNING] Net soc_io_arw_payload_prot[0] is dangling. (VDB-8009) 
[EFX-0011 VERI-WARNING] Net soc_io_arw_payload_lock is dangling. (VDB-8009) 
[EFX-0011 VERI-WARNING] Net soc_io_arw_payload_qos[0] is dangling. (VDB-8009) 
[EFX-0011 VERI-WARNING] Net u_risc_v/u_EfxSapphireSoc/system_cores_0_logic_cpu/IBusCachedPlugin_cache/lineLoader_address[5] is dangling. (VDB-8009) 
[EFX-0011 VERI-WARNING] Net soc_io_arw_payload_addr[31] is dangling. (VDB-8009) 
[EFX-0011 VERI-WARNING] Net soc_io_w_payload_id[1] is dangling. (VDB-8009) 
[EFX-0011 VERI-WARNING] Net soc_io_w_payload_id[2] is dangling. (VDB-8009) 
[EFX-0011 VERI-WARNING] Net soc_io_w_payload_id[3] is dangling. (VDB-8009) 
[EFX-0011 VERI-WARNING] Net soc_io_w_payload_id[4] is dangling. (VDB-8009) 
[EFX-0011 VERI-WARNING] Net soc_io_w_payload_id[5] is dangling. (VDB-8009) 
[EFX-0011 VERI-WARNING] Net soc_io_w_payload_id[6] is dangling. (VDB-8009) 
[EFX-0011 VERI-WARNING] Net soc_io_w_payload_id[7] is dangling. (VDB-8009) 
[EFX-0011 VERI-WARNING] Net u_risc_v/u_EfxSapphireSoc/io_ddrA_r_rData_id[1] is dangling. (VDB-8009) 
[EFX-0011 VERI-WARNING] Net u_risc_v/u_EfxSapphireSoc/io_ddrA_r_rData_id[2] is dangling. (VDB-8009) 
[EFX-0011 VERI-WARNING] Net u_risc_v/u_EfxSapphireSoc/io_ddrA_r_rData_id[3] is dangling. (VDB-8009) 
[EFX-0011 VERI-WARNING] Net u_risc_v/u_EfxSapphireSoc/io_ddrA_r_rData_id[4] is dangling. (VDB-8009) 
[EFX-0011 VERI-WARNING] Net u_risc_v/u_EfxSapphireSoc/io_ddrA_r_rData_id[5] is dangling. (VDB-8009) 
[EFX-0011 VERI-WARNING] Net u_risc_v/u_EfxSapphireSoc/io_ddrA_r_rData_id[6] is dangling. (VDB-8009) 
[EFX-0011 VERI-WARNING] Net u_risc_v/u_EfxSapphireSoc/io_ddrA_r_rData_id[7] is dangling. (VDB-8009) 
[EFX-0011 VERI-WARNING] Net soc_io_arw_payload_region[1] is dangling. (VDB-8009) 
[EFX-0011 VERI-WARNING] Net soc_io_arw_payload_region[2] is dangling. (VDB-8009) 
[EFX-0011 VERI-WARNING] Net soc_io_arw_payload_region[3] is dangling. (VDB-8009) 
[EFX-0011 VERI-WARNING] Net soc_io_arw_payload_cache[1] is dangling. (VDB-8009) 
[EFX-0011 VERI-WARNING] Net soc_io_arw_payload_cache[2] is dangling. (VDB-8009) 
[EFX-0011 VERI-WARNING] Net soc_io_arw_payload_cache[3] is dangling. (VDB-8009) 
[EFX-0011 VERI-WARNING] Net soc_io_arw_payload_qos[1] is dangling. (VDB-8009) 
[EFX-0011 VERI-WARNING] Net soc_io_arw_payload_qos[2] is dangling. (VDB-8009) 
[EFX-0011 VERI-WARNING] Net soc_io_arw_payload_qos[3] is dangling. (VDB-8009) 
[EFX-0011 VERI-WARNING] Net soc_io_arw_payload_prot[1] is dangling. (VDB-8009) 
[EFX-0011 VERI-WARNING] Net soc_io_arw_payload_prot[2] is dangling. (VDB-8009) 
[EFX-0011 VERI-WARNING] Net dma_arregion[0] is dangling. (VDB-8009) 
[EFX-0011 VERI-WARNING] Net dma_awregion[0] is dangling. (VDB-8009) 
[EFX-0011 VERI-WARNING] Net dma_arregion[1] is dangling. (VDB-8009) 
[EFX-0011 VERI-WARNING] Net dma_arregion[2] is dangling. (VDB-8009) 
[EFX-0011 VERI-WARNING] Net dma_arregion[3] is dangling. (VDB-8009) 
[EFX-0011 VERI-WARNING] Net dma_awregion[1] is dangling. (VDB-8009) 
[EFX-0011 VERI-WARNING] Net dma_awregion[2] is dangling. (VDB-8009) 
[EFX-0011 VERI-WARNING] Net dma_awregion[3] is dangling. (VDB-8009) 
[EFX-0011 VERI-WARNING] Net u_hbram/u_hbram_top/hbc_dq_OE_2[0] is dangling. (VDB-8009) 
[EFX-0011 VERI-WARNING] Net u_hbram/u_hbram_top/hbc_dq_OE_2[1] is dangling. (VDB-8009) 
[EFX-0011 VERI-WARNING] Net u_hbram/u_hbram_top/hbc_dq_OE_2[2] is dangling. (VDB-8009) 
[EFX-0011 VERI-WARNING] Net u_hbram/u_hbram_top/hbc_dq_OE_2[3] is dangling. (VDB-8009) 
[EFX-0011 VERI-WARNING] Net u_hbram/u_hbram_top/hbc_dq_OE_2[4] is dangling. (VDB-8009) 
[EFX-0011 VERI-WARNING] Net u_hbram/u_hbram_top/hbc_dq_OE_2[5] is dangling. (VDB-8009) 
[EFX-0011 VERI-WARNING] Net u_hbram/u_hbram_top/hbc_dq_OE_2[6] is dangling. (VDB-8009) 
[EFX-0011 VERI-WARNING] Net u_hbram/u_hbram_top/hbc_dq_OE_2[7] is dangling. (VDB-8009) 
[EFX-0011 VERI-WARNING] Net u_hbram/u_hbram_top/hbc_dq_OE_2[8] is dangling. (VDB-8009) 
[EFX-0011 VERI-WARNING] Net u_hbram/u_hbram_top/hbc_dq_OE_2[9] is dangling. (VDB-8009) 
[EFX-0011 VERI-WARNING] Net u_hbram/u_hbram_top/hbc_dq_OE_2[10] is dangling. (VDB-8009) 
[EFX-0011 VERI-WARNING] Net u_hbram/u_hbram_top/hbc_dq_OE_2[11] is dangling. (VDB-8009) 
[EFX-0011 VERI-WARNING] Net u_hbram/u_hbram_top/hbc_dq_OE_2[12] is dangling. (VDB-8009) 
[EFX-0011 VERI-WARNING] Net u_hbram/u_hbram_top/hbc_dq_OE_2[13] is dangling. (VDB-8009) 
[EFX-0011 VERI-WARNING] Net u_hbram/u_hbram_top/hbc_dq_OE_2[14] is dangling. (VDB-8009) 
[EFX-0011 VERI-WARNING] Net u_hbram/u_hbram_top/hbc_dq_OE_2[15] is dangling. (VDB-8009) 
[EFX-0011 VERI-WARNING] Net u_risc_v/u_EfxSapphireSoc/system_ddr_ddrLogic_cc_fifo/io_output_rsp_queue/popCC_popPtrPlus[0] is dangling. (VDB-8009) 
[EFX-0011 VERI-WARNING] Net u_risc_v/u_EfxSapphireSoc/system_ddr_ddrLogic_cc_fifo/io_input_cmd_queue/popCC_popPtrPlus[0] is dangling. (VDB-8009) 
[EFX-0011 VERI-WARNING] Net u_risc_v/u_EfxSapphireSoc/system_bridge_bmb_crossClock/io_output_rsp_queue/popCC_popPtrPlus[0] is dangling. (VDB-8009) 
[EFX-0011 VERI-WARNING] Net u_risc_v/u_EfxSapphireSoc/system_bridge_bmb_crossClock/io_input_cmd_queue/popCC_popPtrPlus[0] is dangling. (VDB-8009) 
[EFX-0011 VERI-WARNING] Net u_dma/u_EfxDMA/outputsAdapter_2_crossclock_fifo/popCC_popPtrPlus[0] is dangling. (VDB-8009) 
[EFX-0011 VERI-WARNING] Net u_dma/u_EfxDMA/inputsAdapter_1_crossclock_fifo/popCC_popPtrPlus[0] is dangling. (VDB-8009) 
[EFX-0011 VERI-WARNING] Net u_dma/u_EfxDMA/outputsAdapter_1_crossclock_fifo/popCC_popPtrPlus[0] is dangling. (VDB-8009) 
[EFX-0011 VERI-WARNING] Net u_dma/u_EfxDMA/inputsAdapter_0_crossclock_fifo/popCC_popPtrPlus[0] is dangling. (VDB-8009) 
[EFX-0011 VERI-WARNING] Found 125 warnings in the post-synthesis netlist. 

///////////////////////////////////
// Efinity Synthesis Started 
// Jul 21, 2026 14:04:25
///////////////////////////////////

[EFX-0011 VERI-WARNING] parameter 'CL_S_COUNT' becomes localparam in 'axi_interconnect' with formal parameter declaration list (VERI-1199) (C:\Users\Jing-XuanTan(i)\Downloads\evsoc-efinity-v2026.1.132\evsoc-efinity-v2026.1.132\cam_single\Ti60F225_dsi\source/axi/axi_interconnect.v:180)
[EFX-0011 VERI-WARNING] parameter 'CL_M_COUNT' becomes localparam in 'axi_interconnect' with formal parameter declaration list (VERI-1199) (C:\Users\Jing-XuanTan(i)\Downloads\evsoc-efinity-v2026.1.132\evsoc-efinity-v2026.1.132\cam_single\Ti60F225_dsi\source/axi/axi_interconnect.v:181)
[EFX-0011 VERI-WARNING] parameter 'AUSER_WIDTH' becomes localparam in 'axi_interconnect' with formal parameter declaration list (VERI-1199) (C:\Users\Jing-XuanTan(i)\Downloads\evsoc-efinity-v2026.1.132\evsoc-efinity-v2026.1.132\cam_single\Ti60F225_dsi\source/axi/axi_interconnect.v:183)
[EFX-0011 VERI-WARNING] parameter 'M_BASE_ADDR_INT' becomes localparam in 'axi_interconnect' with formal parameter declaration list (VERI-1199) (C:\Users\Jing-XuanTan(i)\Downloads\evsoc-efinity-v2026.1.132\evsoc-efinity-v2026.1.132\cam_single\Ti60F225_dsi\source/axi/axi_interconnect.v:202)
[EFX-0011 VERI-WARNING] parameter 'W1' becomes localparam in 'priority_encoder' with formal parameter declaration list (VERI-1199) (C:\Users\Jing-XuanTan(i)\Downloads\evsoc-efinity-v2026.1.132\evsoc-efinity-v2026.1.132\cam_single\Ti60F225_dsi\source/axi/priority_encoder.v:39)
[EFX-0011 VERI-WARNING] parameter 'W2' becomes localparam in 'priority_encoder' with formal parameter declaration list (VERI-1199) (C:\Users\Jing-XuanTan(i)\Downloads\evsoc-efinity-v2026.1.132\evsoc-efinity-v2026.1.132\cam_single\Ti60F225_dsi\source/axi/priority_encoder.v:40)
[EFX-0011 VERI-WARNING] parameter 'X_OUT_RATIO' becomes localparam in 'cam_scaling' with formal parameter declaration list (VERI-1199) (C:\Users\Jing-XuanTan(i)\Downloads\evsoc-efinity-v2026.1.132\evsoc-efinity-v2026.1.132\cam_single\Ti60F225_dsi\source/cam/cam_scaling.v:31)
[EFX-0011 VERI-WARNING] parameter 'X_IN_RATIO' becomes localparam in 'cam_scaling' with formal parameter declaration list (VERI-1199) (C:\Users\Jing-XuanTan(i)\Downloads\evsoc-efinity-v2026.1.132\evsoc-efinity-v2026.1.132\cam_single\Ti60F225_dsi\source/cam/cam_scaling.v:32)
[EFX-0011 VERI-WARNING] parameter 'Y_OUT_RATIO' becomes localparam in 'cam_scaling' with formal parameter declaration list (VERI-1199) (C:\Users\Jing-XuanTan(i)\Downloads\evsoc-efinity-v2026.1.132\evsoc-efinity-v2026.1.132\cam_single\Ti60F225_dsi\source/cam/cam_scaling.v:33)
[EFX-0011 VERI-WARNING] parameter 'Y_IN_RATIO' becomes localparam in 'cam_scaling' with formal parameter declaration list (VERI-1199) (C:\Users\Jing-XuanTan(i)\Downloads\evsoc-efinity-v2026.1.132\evsoc-efinity-v2026.1.132\cam_single\Ti60F225_dsi\source/cam/cam_scaling.v:34)
[EFX-0011 VERI-WARNING] parameter '**' becomes localparam in '**' with formal parameter declaration list (VERI-1199) (C:\Users\Jing-XuanTan(i)\Downloads\evsoc-efinity-v2026.1.132\evsoc-efinity-v2026.1.132\cam_single\Ti60F225_dsi\ip\hbram\hbram.sv:4976)
[EFX-0011 VERI-WARNING] parameter '**' becomes localparam in '**' with formal parameter declaration list (VERI-1199) (C:\Users\Jing-XuanTan(i)\Downloads\evsoc-efinity-v2026.1.132\evsoc-efinity-v2026.1.132\cam_single\Ti60F225_dsi\ip\hbram\hbram.sv:5309)
[EFX-0011 VERI-WARNING] port 'system_spi_0_io_data_2_read' is not connected on this instance (VERI-2435) (C:\Users\Jing-XuanTan(i)\Downloads\evsoc-efinity-v2026.1.132\evsoc-efinity-v2026.1.132\cam_single\Ti60F225_dsi\edge_vision_soc.v:1337)
[EFX-0011 VERI-WARNING] port 'system_spi_0_io_data_2_write' remains unconnected for this instance (VERI-1927) (C:\Users\Jing-XuanTan(i)\Downloads\evsoc-efinity-v2026.1.132\evsoc-efinity-v2026.1.132\cam_single\Ti60F225_dsi\edge_vision_soc.v:1337)
[EFX-0011 VERI-WARNING] port 's_axi_awuser' remains unconnected for this instance (VERI-1927) (C:\Users\Jing-XuanTan(i)\Downloads\evsoc-efinity-v2026.1.132\evsoc-efinity-v2026.1.132\cam_single\Ti60F225_dsi\edge_vision_soc.v:1659)
[EFX-0011 VERI-WARNING] expression size 32 truncated to fit in target size 8 (VERI-1209) (C:\Users\Jing-XuanTan(i)\Downloads\evsoc-efinity-v2026.1.132\evsoc-efinity-v2026.1.132\cam_single\Ti60F225_dsi\edge_vision_soc.v:728)
[EFX-0011 VERI-WARNING] expression size 32 truncated to fit in target size 8 (VERI-1209) (C:\Users\Jing-XuanTan(i)\Downloads\evsoc-efinity-v2026.1.132\evsoc-efinity-v2026.1.132\cam_single\Ti60F225_dsi\edge_vision_soc.v:729)
[EFX-0011 VERI-WARNING] expression size ** truncated to fit in target size ** (VERI-1209) (C:\Users\Jing-XuanTan(i)\Downloads\evsoc-efinity-v2026.1.132\evsoc-efinity-v2026.1.132\cam_single\Ti60F225_dsi\ip\csi2_rx_cam\csi2_rx_cam.sv:7306)
[EFX-0011 VERI-WARNING] expression size ** truncated to fit in target size ** (VERI-1209) (C:\Users\Jing-XuanTan(i)\Downloads\evsoc-efinity-v2026.1.132\evsoc-efinity-v2026.1.132\cam_single\Ti60F225_dsi\ip\csi2_rx_cam\csi2_rx_cam.sv:4119)
[EFX-0011 VERI-WARNING] assignment and/or driver for '**' inside static function '**' is not preserved (VERI-2457) (C:\Users\Jing-XuanTan(i)\Downloads\evsoc-efinity-v2026.1.132\evsoc-efinity-v2026.1.132\cam_single\Ti60F225_dsi\ip\csi2_rx_cam\csi2_rx_cam.sv:1466)
[EFX-0011 VERI-WARNING] port '**' remains unconnected for this instance (VERI-1927) (C:\Users\Jing-XuanTan(i)\Downloads\evsoc-efinity-v2026.1.132\evsoc-efinity-v2026.1.132\cam_single\Ti60F225_dsi\ip\csi2_rx_cam\csi2_rx_cam.sv:1264)
[EFX-0011 VERI-WARNING] expression size ** truncated to fit in target size ** (VERI-1209) (C:\Users\Jing-XuanTan(i)\Downloads\evsoc-efinity-v2026.1.132\evsoc-efinity-v2026.1.132\cam_single\Ti60F225_dsi\ip\csi2_rx_cam\csi2_rx_cam.sv:1264)
[EFX-0011 VERI-WARNING] expression size ** truncated to fit in target size ** (VERI-1209) (C:\Users\Jing-XuanTan(i)\Downloads\evsoc-efinity-v2026.1.132\evsoc-efinity-v2026.1.132\cam_single\Ti60F225_dsi\ip\csi2_rx_cam\csi2_rx_cam.sv:2711)
[EFX-0011 VERI-WARNING] expression size ** truncated to fit in target size ** (VERI-1209) (C:\Users\Jing-XuanTan(i)\Downloads\evsoc-efinity-v2026.1.132\evsoc-efinity-v2026.1.132\cam_single\Ti60F225_dsi\ip\csi2_rx_cam\csi2_rx_cam.sv:2869)
[EFX-0011 VERI-WARNING] expression size ** truncated to fit in target size ** (VERI-1209) (C:\Users\Jing-XuanTan(i)\Downloads\evsoc-efinity-v2026.1.132\evsoc-efinity-v2026.1.132\cam_single\Ti60F225_dsi\ip\csi2_rx_cam\csi2_rx_cam.sv:1264)
[EFX-0011 VERI-WARNING] port 'rst_busy' remains unconnected for this instance (VERI-1927) (C:\Users\Jing-XuanTan(i)\Downloads\evsoc-efinity-v2026.1.132\evsoc-efinity-v2026.1.132\cam_single\Ti60F225_dsi\source/cam/cam_picam_v2.v:256)
[EFX-0011 VERI-WARNING] port 'rst_busy' remains unconnected for this instance (VERI-1927) (C:\Users\Jing-XuanTan(i)\Downloads\evsoc-efinity-v2026.1.132\evsoc-efinity-v2026.1.132\cam_single\Ti60F225_dsi\source/cam/cam_picam_v2.v:484)
[EFX-0011 VERI-WARNING] port 'a_wr_rst_i' remains unconnected for this instance (VERI-1927) (C:\Users\Jing-XuanTan(i)\Downloads\evsoc-efinity-v2026.1.132\evsoc-efinity-v2026.1.132\cam_single\Ti60F225_dsi\ip\cam_pixel_remap_fifo\cam_pixel_remap_fifo.sv:110)
[EFX-0011 VERI-WARNING] input port 'a_wr_rst_i' is not connected on this instance (VDB-1013) (C:\Users\Jing-XuanTan(i)\Downloads\evsoc-efinity-v2026.1.132\evsoc-efinity-v2026.1.132\cam_single\Ti60F225_dsi\ip\cam_pixel_remap_fifo\cam_pixel_remap_fifo.sv:92)
[EFX-0011 VERI-WARNING] expression size 32 truncated to fit in target size 11 (VERI-1209) (C:\Users\Jing-XuanTan(i)\Downloads\evsoc-efinity-v2026.1.132\evsoc-efinity-v2026.1.132\cam_single\Ti60F225_dsi\source/cam/cam_crop.v:82)
[EFX-0011 VERI-WARNING] port 'a_wr_rst_i' remains unconnected for this instance (VERI-1927) (C:\Users\Jing-XuanTan(i)\Downloads\evsoc-efinity-v2026.1.132\evsoc-efinity-v2026.1.132\cam_single\Ti60F225_dsi\ip\cam_dma_fifo\cam_dma_fifo.sv:110)
[EFX-0011 VERI-WARNING] input port 'a_wr_rst_i' is not connected on this instance (VDB-1013) (C:\Users\Jing-XuanTan(i)\Downloads\evsoc-efinity-v2026.1.132\evsoc-efinity-v2026.1.132\cam_single\Ti60F225_dsi\ip\cam_dma_fifo\cam_dma_fifo.sv:92)
[EFX-0011 VERI-WARNING] actual bit length 32 differs from formal bit length 1 for port 'i_dbg_we' (VERI-1330) (C:\Users\Jing-XuanTan(i)\Downloads\evsoc-efinity-v2026.1.132\evsoc-efinity-v2026.1.132\cam_single\Ti60F225_dsi\edge_vision_soc.v:947)
[EFX-0011 VERI-WARNING] actual bit length 32 differs from formal bit length 40 for port 'i_dbg_din' (VERI-1330) (C:\Users\Jing-XuanTan(i)\Downloads\evsoc-efinity-v2026.1.132\evsoc-efinity-v2026.1.132\cam_single\Ti60F225_dsi\edge_vision_soc.v:948)
[EFX-0011 VERI-WARNING] actual bit length 32 differs from formal bit length 9 for port 'i_dbg_addr' (VERI-1330) (C:\Users\Jing-XuanTan(i)\Downloads\evsoc-efinity-v2026.1.132\evsoc-efinity-v2026.1.132\cam_single\Ti60F225_dsi\edge_vision_soc.v:949)
[EFX-0011 VERI-WARNING] actual bit length 32 differs from formal bit length 1 for port 'i_dbg_reconfig' (VERI-1330) (C:\Users\Jing-XuanTan(i)\Downloads\evsoc-efinity-v2026.1.132\evsoc-efinity-v2026.1.132\cam_single\Ti60F225_dsi\edge_vision_soc.v:951)
[EFX-0011 VERI-WARNING] port 'rst_busy' remains unconnected for this instance (VERI-1927) (C:\Users\Jing-XuanTan(i)\Downloads\evsoc-efinity-v2026.1.132\evsoc-efinity-v2026.1.132\cam_single\Ti60F225_dsi\source/display/dsi/display_dsi.v:265)
[EFX-0011 VERI-WARNING] actual bit length 11 differs from formal bit length 14 for port 'out_x' (VERI-1330) (C:\Users\Jing-XuanTan(i)\Downloads\evsoc-efinity-v2026.1.132\evsoc-efinity-v2026.1.132\cam_single\Ti60F225_dsi\source/display/dsi/display_dsi.v:127)
[EFX-0011 VERI-WARNING] actual bit length 11 differs from formal bit length 12 for port 'out_y' (VERI-1330) (C:\Users\Jing-XuanTan(i)\Downloads\evsoc-efinity-v2026.1.132\evsoc-efinity-v2026.1.132\cam_single\Ti60F225_dsi\source/display/dsi/display_dsi.v:128)
[EFX-0011 VERI-WARNING] expression size 16 truncated to fit in target size 8 (VERI-1209) (C:\Users\Jing-XuanTan(i)\Downloads\evsoc-efinity-v2026.1.132\evsoc-efinity-v2026.1.132\cam_single\Ti60F225_dsi\source/cam/scale_up_2x_nn.v:127)
[EFX-0011 VERI-WARNING] expression size 16 truncated to fit in target size 8 (VERI-1209) (C:\Users\Jing-XuanTan(i)\Downloads\evsoc-efinity-v2026.1.132\evsoc-efinity-v2026.1.132\cam_single\Ti60F225_dsi\source/cam/scale_up_2x_nn.v:128)
[EFX-0011 VERI-WARNING] expression size 16 truncated to fit in target size 8 (VERI-1209) (C:\Users\Jing-XuanTan(i)\Downloads\evsoc-efinity-v2026.1.132\evsoc-efinity-v2026.1.132\cam_single\Ti60F225_dsi\source/cam/scale_up_2x_nn.v:129)
[EFX-0011 VERI-WARNING] port 'a_wr_rst_i' remains unconnected for this instance (VERI-1927) (C:\Users\Jing-XuanTan(i)\Downloads\evsoc-efinity-v2026.1.132\evsoc-efinity-v2026.1.132\cam_single\Ti60F225_dsi\ip\display_dma_fifo\display_dma_fifo.sv:110)
[EFX-0011 VERI-WARNING] input port 'a_wr_rst_i' is not connected on this instance (VDB-1013) (C:\Users\Jing-XuanTan(i)\Downloads\evsoc-efinity-v2026.1.132\evsoc-efinity-v2026.1.132\cam_single\Ti60F225_dsi\ip\display_dma_fifo\display_dma_fifo.sv:92)
[EFX-0011 VERI-WARNING] actual bit length 10 differs from formal bit length 11 for port 'datacount_o' (VERI-1330) (C:\Users\Jing-XuanTan(i)\Downloads\evsoc-efinity-v2026.1.132\evsoc-efinity-v2026.1.132\cam_single\Ti60F225_dsi\source/display/dsi/display_dsi.v:264)
[EFX-0011 VERI-WARNING] port '**' remains unconnected for this instance (VERI-1927) (C:\Users\Jing-XuanTan(i)\Downloads\evsoc-efinity-v2026.1.132\evsoc-efinity-v2026.1.132\cam_single\Ti60F225_dsi\ip\dsi_tx_display\dsi_tx_display.sv:5436)
[EFX-0011 VERI-WARNING] assignment and/or driver for '**' inside static function '**' is not preserved (VERI-2457) (C:\Users\Jing-XuanTan(i)\Downloads\evsoc-efinity-v2026.1.132\evsoc-efinity-v2026.1.132\cam_single\Ti60F225_dsi\ip\dsi_tx_display\dsi_tx_display.sv:2885)
[EFX-0011 VERI-WARNING] port '**' remains unconnected for this instance (VERI-1927) (C:\Users\Jing-XuanTan(i)\Downloads\evsoc-efinity-v2026.1.132\evsoc-efinity-v2026.1.132\cam_single\Ti60F225_dsi\ip\dsi_tx_display\dsi_tx_display.sv:5689)
[EFX-0011 VERI-WARNING] expression size ** truncated to fit in target size ** (VERI-1209) (C:\Users\Jing-XuanTan(i)\Downloads\evsoc-efinity-v2026.1.132\evsoc-efinity-v2026.1.132\cam_single\Ti60F225_dsi\ip\dsi_tx_display\dsi_tx_display.sv:5689)
[EFX-0011 VERI-WARNING] expression size ** truncated to fit in target size ** (VERI-1209) (C:\Users\Jing-XuanTan(i)\Downloads\evsoc-efinity-v2026.1.132\evsoc-efinity-v2026.1.132\cam_single\Ti60F225_dsi\ip\dsi_tx_display\dsi_tx_display.sv:7297)
[EFX-0011 VERI-WARNING] port '**' remains unconnected for this instance (VERI-1927) (C:\Users\Jing-XuanTan(i)\Downloads\evsoc-efinity-v2026.1.132\evsoc-efinity-v2026.1.132\cam_single\Ti60F225_dsi\ip\dsi_tx_display\dsi_tx_display.sv:1596)
[EFX-0011 VERI-WARNING] expression size ** truncated to fit in target size ** (VERI-1209) (C:\Users\Jing-XuanTan(i)\Downloads\evsoc-efinity-v2026.1.132\evsoc-efinity-v2026.1.132\cam_single\Ti60F225_dsi\ip\dsi_tx_display\dsi_tx_display.sv:1596)
[EFX-0011 VERI-WARNING] port '**' remains unconnected for this instance (VERI-1927) (C:\Users\Jing-XuanTan(i)\Downloads\evsoc-efinity-v2026.1.132\evsoc-efinity-v2026.1.132\cam_single\Ti60F225_dsi\ip\dsi_tx_display\dsi_tx_display.sv:2500)
[EFX-0011 VERI-WARNING] expression size ** truncated to fit in target size ** (VERI-1209) (C:\Users\Jing-XuanTan(i)\Downloads\evsoc-efinity-v2026.1.132\evsoc-efinity-v2026.1.132\cam_single\Ti60F225_dsi\ip\dsi_tx_display\dsi_tx_display.sv:2500)
[EFX-0011 VERI-WARNING] assignment and/or driver for '**' inside static function '**' is not preserved (VERI-2457) (C:\Users\Jing-XuanTan(i)\Downloads\evsoc-efinity-v2026.1.132\evsoc-efinity-v2026.1.132\cam_single\Ti60F225_dsi\ip\dsi_tx_display\dsi_tx_display.sv:3474)
[EFX-0011 VERI-WARNING] actual bit length 32 differs from formal bit length 16 for port 'haddr' (VERI-1330) (C:\Users\Jing-XuanTan(i)\Downloads\evsoc-efinity-v2026.1.132\evsoc-efinity-v2026.1.132\cam_single\Ti60F225_dsi\edge_vision_soc.v:1081)
[EFX-0011 VERI-WARNING] port 'ram_clk_cal_2' is not connected on this instance (VERI-2435) (C:\Users\Jing-XuanTan(i)\Downloads\evsoc-efinity-v2026.1.132\evsoc-efinity-v2026.1.132\cam_single\Ti60F225_dsi\ip\hbram\hbram.sv:200)
[EFX-0011 VERI-WARNING] port 'native_clk' remains unconnected for this instance (VERI-1927) (C:\Users\Jing-XuanTan(i)\Downloads\evsoc-efinity-v2026.1.132\evsoc-efinity-v2026.1.132\cam_single\Ti60F225_dsi\ip\hbram\hbram.sv:200)
[EFX-0011 VERI-WARNING] port '**' remains unconnected for this instance (VERI-1927) (C:\Users\Jing-XuanTan(i)\Downloads\evsoc-efinity-v2026.1.132\evsoc-efinity-v2026.1.132\cam_single\Ti60F225_dsi\ip\hbram\hbram.sv:1134)
[EFX-0011 VERI-WARNING] expression size 32 truncated to fit in target size 9 (VERI-1209) (C:\Users\Jing-XuanTan(i)\Downloads\evsoc-efinity-v2026.1.132\evsoc-efinity-v2026.1.132\cam_single\Ti60F225_dsi\ip\hbram\hbram.sv:5791)
[EFX-0011 VERI-WARNING] expression size 32 truncated to fit in target size 11 (VERI-1209) (C:\Users\Jing-XuanTan(i)\Downloads\evsoc-efinity-v2026.1.132\evsoc-efinity-v2026.1.132\cam_single\Ti60F225_dsi\ip\hbram\hbram.sv:5792)
[EFX-0011 VERI-WARNING] expression size ** truncated to fit in target size ** (VERI-1209) (C:\Users\Jing-XuanTan(i)\Downloads\evsoc-efinity-v2026.1.132\evsoc-efinity-v2026.1.132\cam_single\Ti60F225_dsi\ip\hbram\hbram.sv:1134)
[EFX-0011 VERI-WARNING] expression size 32 truncated to fit in target size 11 (VERI-1209) (C:\Users\Jing-XuanTan(i)\Downloads\evsoc-efinity-v2026.1.132\evsoc-efinity-v2026.1.132\cam_single\Ti60F225_dsi\ip\hbram\hbram.sv:5806)
[EFX-0011 VERI-WARNING] expression size 32 truncated to fit in target size 9 (VERI-1209) (C:\Users\Jing-XuanTan(i)\Downloads\evsoc-efinity-v2026.1.132\evsoc-efinity-v2026.1.132\cam_single\Ti60F225_dsi\ip\hbram\hbram.sv:5807)
[EFX-0011 VERI-WARNING] expression size ** truncated to fit in target size ** (VERI-1209) (C:\Users\Jing-XuanTan(i)\Downloads\evsoc-efinity-v2026.1.132\evsoc-efinity-v2026.1.132\cam_single\Ti60F225_dsi\ip\hbram\hbram.sv:5309)
[EFX-0011 VERI-WARNING] actual bit length ** differs from formal bit length *** for port '**' (VERI-1330) (C:\Users\Jing-XuanTan(i)\Downloads\evsoc-efinity-v2026.1.132\evsoc-efinity-v2026.1.132\cam_single\Ti60F225_dsi\ip\hbram\hbram.sv:1946)
[EFX-0011 VERI-WARNING] expression size ** truncated to fit in target size ** (VERI-1209) (C:\Users\Jing-XuanTan(i)\Downloads\evsoc-efinity-v2026.1.132\evsoc-efinity-v2026.1.132\cam_single\Ti60F225_dsi\ip\hbram\hbram.sv:3545)
[EFX-0011 VERI-WARNING] actual bit length ** differs from formal bit length *** for port '**' (VERI-1330) (C:\Users\Jing-XuanTan(i)\Downloads\evsoc-efinity-v2026.1.132\evsoc-efinity-v2026.1.132\cam_single\Ti60F225_dsi\ip\hbram\hbram.sv:2351)
[EFX-0011 VERI-WARNING] expression size ** truncated to fit in target size ** (VERI-1209) (C:\Users\Jing-XuanTan(i)\Downloads\evsoc-efinity-v2026.1.132\evsoc-efinity-v2026.1.132\cam_single\Ti60F225_dsi\ip\hbram\hbram.sv:4591)
[EFX-0011 VERI-WARNING] input port 'ram_clk_cal_2' remains unconnected for this instance (VDB-1053) (C:\Users\Jing-XuanTan(i)\Downloads\evsoc-efinity-v2026.1.132\evsoc-efinity-v2026.1.132\cam_single\Ti60F225_dsi\ip\hbram\hbram.sv:147)
[EFX-0011 VERI-WARNING] input port 'native_clk' is not connected on this instance (VDB-1013) (C:\Users\Jing-XuanTan(i)\Downloads\evsoc-efinity-v2026.1.132\evsoc-efinity-v2026.1.132\cam_single\Ti60F225_dsi\ip\hbram\hbram.sv:147)
[EFX-0011 VERI-WARNING] system task 'display' is ignored for synthesis (VERI-1142) (C:\Users\Jing-XuanTan(i)\Downloads\evsoc-efinity-v2026.1.132\evsoc-efinity-v2026.1.132\cam_single\Ti60F225_dsi\ip\SapphireSoc\SapphireSoc.v:24200)
[EFX-0011 VERI-WARNING] net 'IBusCachedPlugin_cache_io_cpu_fetch_isRemoved' does not have a driver (VDB-1002) (C:\Users\Jing-XuanTan(i)\Downloads\evsoc-efinity-v2026.1.132\evsoc-efinity-v2026.1.132\cam_single\Ti60F225_dsi\ip\SapphireSoc\SapphireSoc.v:14091)
[EFX-0011 VERI-WARNING] net 'dataCache_1_io_cpu_writeBack_fence_SW' does not have a driver (VDB-1002) (C:\Users\Jing-XuanTan(i)\Downloads\evsoc-efinity-v2026.1.132\evsoc-efinity-v2026.1.132\cam_single\Ti60F225_dsi\ip\SapphireSoc\SapphireSoc.v:14104)
[EFX-0011 VERI-WARNING] net 'dataCache_1_io_cpu_writeBack_fence_SR' does not have a driver (VDB-1002) (C:\Users\Jing-XuanTan(i)\Downloads\evsoc-efinity-v2026.1.132\evsoc-efinity-v2026.1.132\cam_single\Ti60F225_dsi\ip\SapphireSoc\SapphireSoc.v:14105)
[EFX-0011 VERI-WARNING] net 'dataCache_1_io_cpu_writeBack_fence_SO' does not have a driver (VDB-1002) (C:\Users\Jing-XuanTan(i)\Downloads\evsoc-efinity-v2026.1.132\evsoc-efinity-v2026.1.132\cam_single\Ti60F225_dsi\ip\SapphireSoc\SapphireSoc.v:14106)
[EFX-0011 VERI-WARNING] net 'dataCache_1_io_cpu_writeBack_fence_SI' does not have a driver (VDB-1002) (C:\Users\Jing-XuanTan(i)\Downloads\evsoc-efinity-v2026.1.132\evsoc-efinity-v2026.1.132\cam_single\Ti60F225_dsi\ip\SapphireSoc\SapphireSoc.v:14107)
[EFX-0011 VERI-WARNING] net 'dataCache_1_io_cpu_writeBack_fence_PW' does not have a driver (VDB-1002) (C:\Users\Jing-XuanTan(i)\Downloads\evsoc-efinity-v2026.1.132\evsoc-efinity-v2026.1.132\cam_single\Ti60F225_dsi\ip\SapphireSoc\SapphireSoc.v:14108)
[EFX-0011 VERI-WARNING] net 'dataCache_1_io_cpu_writeBack_fence_PR' does not have a driver (VDB-1002) (C:\Users\Jing-XuanTan(i)\Downloads\evsoc-efinity-v2026.1.132\evsoc-efinity-v2026.1.132\cam_single\Ti60F225_dsi\ip\SapphireSoc\SapphireSoc.v:14109)
[EFX-0011 VERI-WARNING] net 'dataCache_1_io_cpu_writeBack_fence_PO' does not have a driver (VDB-1002) (C:\Users\Jing-XuanTan(i)\Downloads\evsoc-efinity-v2026.1.132\evsoc-efinity-v2026.1.132\cam_single\Ti60F225_dsi\ip\SapphireSoc\SapphireSoc.v:14110)
[EFX-0011 VERI-WARNING] net 'dataCache_1_io_cpu_writeBack_fence_PI' does not have a driver (VDB-1002) (C:\Users\Jing-XuanTan(i)\Downloads\evsoc-efinity-v2026.1.132\evsoc-efinity-v2026.1.132\cam_single\Ti60F225_dsi\ip\SapphireSoc\SapphireSoc.v:14111)
[EFX-0011 VERI-WARNING] net 'dataCache_1_io_cpu_writeBack_fence_FM[3]' does not have a driver (VDB-1002) (C:\Users\Jing-XuanTan(i)\Downloads\evsoc-efinity-v2026.1.132\evsoc-efinity-v2026.1.132\cam_single\Ti60F225_dsi\ip\SapphireSoc\SapphireSoc.v:14112)
[EFX-0011 VERI-WARNING] net 'IBusCachedPlugin_mmuBus_rsp_bypassTranslation' does not have a driver (VDB-1002) (C:\Users\Jing-XuanTan(i)\Downloads\evsoc-efinity-v2026.1.132\evsoc-efinity-v2026.1.132\cam_single\Ti60F225_dsi\ip\SapphireSoc\SapphireSoc.v:14619)
[EFX-0011 VERI-WARNING] net 'DBusCachedPlugin_mmuBus_rsp_bypassTranslation' does not have a driver (VDB-1002) (C:\Users\Jing-XuanTan(i)\Downloads\evsoc-efinity-v2026.1.132\evsoc-efinity-v2026.1.132\cam_single\Ti60F225_dsi\ip\SapphireSoc\SapphireSoc.v:14645)
[EFX-0011 VERI-WARNING] net 'IBusCachedPlugin_iBusRsp_output_payload_rsp_error' does not have a driver (VDB-1002) (C:\Users\Jing-XuanTan(i)\Downloads\evsoc-efinity-v2026.1.132\evsoc-efinity-v2026.1.132\cam_single\Ti60F225_dsi\ip\SapphireSoc\SapphireSoc.v:14753)
[EFX-0011 VERI-WARNING] net 'IBusCachedPlugin_iBusRsp_output_payload_isRvc' does not have a driver (VDB-1002) (C:\Users\Jing-XuanTan(i)\Downloads\evsoc-efinity-v2026.1.132\evsoc-efinity-v2026.1.132\cam_single\Ti60F225_dsi\ip\SapphireSoc\SapphireSoc.v:14755)
[EFX-0011 VERI-WARNING] net 'CsrPlugin_mtvec_mode[1]' does not have a driver (VDB-1002) (C:\Users\Jing-XuanTan(i)\Downloads\evsoc-efinity-v2026.1.132\evsoc-efinity-v2026.1.132\cam_single\Ti60F225_dsi\ip\SapphireSoc\SapphireSoc.v:14989)
[EFX-0011 VERI-WARNING] system function call 'urandom' is not supported (VERI-1141) (C:\Users\Jing-XuanTan(i)\Downloads\evsoc-efinity-v2026.1.132\evsoc-efinity-v2026.1.132\cam_single\Ti60F225_dsi\ip\SapphireSoc\SapphireSoc.v:23325)
[EFX-0011 VERI-WARNING] system function call 'urandom' is not supported (VERI-1141) (C:\Users\Jing-XuanTan(i)\Downloads\evsoc-efinity-v2026.1.132\evsoc-efinity-v2026.1.132\cam_single\Ti60F225_dsi\ip\SapphireSoc\SapphireSoc.v:23326)
[EFX-0011 VERI-WARNING] system function call 'urandom' is not supported (VERI-1141) (C:\Users\Jing-XuanTan(i)\Downloads\evsoc-efinity-v2026.1.132\evsoc-efinity-v2026.1.132\cam_single\Ti60F225_dsi\ip\SapphireSoc\SapphireSoc.v:25602)
[EFX-0011 VERI-WARNING] system function call 'urandom' is not supported (VERI-1141) (C:\Users\Jing-XuanTan(i)\Downloads\evsoc-efinity-v2026.1.132\evsoc-efinity-v2026.1.132\cam_single\Ti60F225_dsi\ip\SapphireSoc\SapphireSoc.v:25603)
[EFX-0011 VERI-WARNING] system function call 'urandom' is not supported (VERI-1141) (C:\Users\Jing-XuanTan(i)\Downloads\evsoc-efinity-v2026.1.132\evsoc-efinity-v2026.1.132\cam_single\Ti60F225_dsi\ip\SapphireSoc\SapphireSoc.v:6383)
[EFX-0011 VERI-WARNING] system function call 'urandom' is not supported (VERI-1141) (C:\Users\Jing-XuanTan(i)\Downloads\evsoc-efinity-v2026.1.132\evsoc-efinity-v2026.1.132\cam_single\Ti60F225_dsi\ip\SapphireSoc\SapphireSoc.v:6384)
[EFX-0011 VERI-WARNING] port 'rst_busy' remains unconnected for this instance (VERI-1927) (C:\Users\Jing-XuanTan(i)\Downloads\evsoc-efinity-v2026.1.132\evsoc-efinity-v2026.1.132\cam_single\Ti60F225_dsi\source/hw_accel/hw_accel_wrapper.v:217)
[EFX-0011 VERI-WARNING] port 'rst_busy' remains unconnected for this instance (VERI-1927) (C:\Users\Jing-XuanTan(i)\Downloads\evsoc-efinity-v2026.1.132\evsoc-efinity-v2026.1.132\cam_single\Ti60F225_dsi\source/hw_accel/hw_accel_wrapper.v:243)
[EFX-0011 VERI-WARNING] port 'a_wr_rst_i' remains unconnected for this instance (VERI-1927) (C:\Users\Jing-XuanTan(i)\Downloads\evsoc-efinity-v2026.1.132\evsoc-efinity-v2026.1.132\cam_single\Ti60F225_dsi\ip\hw_accel_dma_in_fifo\hw_accel_dma_in_fifo.sv:112)
[EFX-0011 VERI-WARNING] input port 'a_wr_rst_i' is not connected on this instance (VDB-1013) (C:\Users\Jing-XuanTan(i)\Downloads\evsoc-efinity-v2026.1.132\evsoc-efinity-v2026.1.132\cam_single\Ti60F225_dsi\ip\hw_accel_dma_in_fifo\hw_accel_dma_in_fifo.sv:93)
[EFX-0011 VERI-WARNING] port 'a_wr_rst_i' remains unconnected for this instance (VERI-1927) (C:\Users\Jing-XuanTan(i)\Downloads\evsoc-efinity-v2026.1.132\evsoc-efinity-v2026.1.132\cam_single\Ti60F225_dsi\ip\hw_accel_dma_out_fifo\hw_accel_dma_out_fifo.sv:112)
[EFX-0011 VERI-WARNING] input port 'a_wr_rst_i' is not connected on this instance (VDB-1013) (C:\Users\Jing-XuanTan(i)\Downloads\evsoc-efinity-v2026.1.132\evsoc-efinity-v2026.1.132\cam_single\Ti60F225_dsi\ip\hw_accel_dma_out_fifo\hw_accel_dma_out_fifo.sv:93)
[EFX-0011 VERI-WARNING] system function call 'urandom' is not supported (VERI-1141) (C:\Users\Jing-XuanTan(i)\Downloads\evsoc-efinity-v2026.1.132\evsoc-efinity-v2026.1.132\cam_single\Ti60F225_dsi\ip\dma\dma.v:13453)
[EFX-0011 VERI-WARNING] system function call 'urandom' is not supported (VERI-1141) (C:\Users\Jing-XuanTan(i)\Downloads\evsoc-efinity-v2026.1.132\evsoc-efinity-v2026.1.132\cam_single\Ti60F225_dsi\ip\dma\dma.v:13454)
[EFX-0011 VERI-WARNING] system function call 'urandom' is not supported (VERI-1141) (C:\Users\Jing-XuanTan(i)\Downloads\evsoc-efinity-v2026.1.132\evsoc-efinity-v2026.1.132\cam_single\Ti60F225_dsi\ip\dma\dma.v:13455)
[EFX-0011 VERI-WARNING] system function call 'urandom' is not supported (VERI-1141) (C:\Users\Jing-XuanTan(i)\Downloads\evsoc-efinity-v2026.1.132\evsoc-efinity-v2026.1.132\cam_single\Ti60F225_dsi\ip\dma\dma.v:13456)
[EFX-0011 VERI-WARNING] system function call 'urandom' is not supported (VERI-1141) (C:\Users\Jing-XuanTan(i)\Downloads\evsoc-efinity-v2026.1.132\evsoc-efinity-v2026.1.132\cam_single\Ti60F225_dsi\ip\dma\dma.v:13457)
[EFX-0011 VERI-WARNING] actual bit length 16 differs from formal bit length 14 for port 'ctrl_PADDR' (VERI-1330) (C:\Users\Jing-XuanTan(i)\Downloads\evsoc-efinity-v2026.1.132\evsoc-efinity-v2026.1.132\cam_single\Ti60F225_dsi\edge_vision_soc.v:1439)
[EFX-0011 VERI-WARNING] system task 'display' is ignored for synthesis (VERI-1142) (C:\Users\Jing-XuanTan(i)\Downloads\evsoc-efinity-v2026.1.132\evsoc-efinity-v2026.1.132\cam_single\Ti60F225_dsi\source/axi/axi_interconnect.v:220)
[EFX-0011 VERI-WARNING] system task 'display' is ignored for synthesis (VERI-1142) (C:\Users\Jing-XuanTan(i)\Downloads\evsoc-efinity-v2026.1.132\evsoc-efinity-v2026.1.132\cam_single\Ti60F225_dsi\source/axi/axi_interconnect.v:223)
[EFX-0011 VERI-WARNING] expression size 32 truncated to fit in target size 2 (VERI-1209) (C:\Users\Jing-XuanTan(i)\Downloads\evsoc-efinity-v2026.1.132\evsoc-efinity-v2026.1.132\cam_single\Ti60F225_dsi\source/axi/priority_encoder.v:89)
[EFX-0011 VERI-WARNING] expression size 32 truncated to fit in target size 4 (VERI-1209) (C:\Users\Jing-XuanTan(i)\Downloads\evsoc-efinity-v2026.1.132\evsoc-efinity-v2026.1.132\cam_single\Ti60F225_dsi\source/axi/priority_encoder.v:89)
[EFX-0011 VERI-WARNING] right shift count >= width of value (VERI-1959) (C:\Users\Jing-XuanTan(i)\Downloads\evsoc-efinity-v2026.1.132\evsoc-efinity-v2026.1.132\cam_single\Ti60F225_dsi\source/axi/axi_interconnect.v:566)
[EFX-0011 VERI-WARNING] expression size 32 truncated to fit in target size 8 (VERI-1209) (C:\Users\Jing-XuanTan(i)\Downloads\evsoc-efinity-v2026.1.132\evsoc-efinity-v2026.1.132\cam_single\Ti60F225_dsi\source/axi/axi_interconnect.v:689)
[EFX-0011 VERI-WARNING] input port 'Rx_HS_D_2[7]' remains unconnected for this instance (VDB-1053) (C:\Users\Jing-XuanTan(i)\Downloads\evsoc-efinity-v2026.1.132\evsoc-efinity-v2026.1.132\cam_single\Ti60F225_dsi\edge_vision_soc.v:766)
[EFX-0011 VERI-WARNING] input port 'system_spi_0_io_data_2_read' remains unconnected for this instance (VDB-1053) (C:\Users\Jing-XuanTan(i)\Downloads\evsoc-efinity-v2026.1.132\evsoc-efinity-v2026.1.132\cam_single\Ti60F225_dsi\edge_vision_soc.v:1205)
[EFX-0011 VERI-WARNING] input port 'dat1_o_tready' remains unconnected for this instance (VDB-1053) (C:\Users\Jing-XuanTan(i)\Downloads\evsoc-efinity-v2026.1.132\evsoc-efinity-v2026.1.132\cam_single\Ti60F225_dsi\edge_vision_soc.v:1434)
[EFX-0011 VERI-WARNING] input port 's_axi_awuser[1]' remains unconnected for this instance (VDB-1053) (C:\Users\Jing-XuanTan(i)\Downloads\evsoc-efinity-v2026.1.132\evsoc-efinity-v2026.1.132\cam_single\Ti60F225_dsi\edge_vision_soc.v:1578)
[EFX-0200 WARNING] Removing redundant signal : Rx_HS_D_2[7:0]. (C:\Users\Jing-XuanTan(i)\Downloads\evsoc-efinity-v2026.1.132\evsoc-efinity-v2026.1.132\cam_single\Ti60F225_dsi\ip\csi2_rx_cam\csi2_rx_cam.sv:6307)
[EFX-0200 WARNING] Removing redundant signal : Rx_HS_D_3[7:0]. (C:\Users\Jing-XuanTan(i)\Downloads\evsoc-efinity-v2026.1.132\evsoc-efinity-v2026.1.132\cam_single\Ti60F225_dsi\ip\csi2_rx_cam\csi2_rx_cam.sv:6307)
[EFX-0200 WARNING] Removing redundant signal : Rx_HS_D_4[7:0]. (C:\Users\Jing-XuanTan(i)\Downloads\evsoc-efinity-v2026.1.132\evsoc-efinity-v2026.1.132\cam_single\Ti60F225_dsi\ip\csi2_rx_cam\csi2_rx_cam.sv:6307)
[EFX-0200 WARNING] Removing redundant signal : Rx_HS_D_5[7:0]. (C:\Users\Jing-XuanTan(i)\Downloads\evsoc-efinity-v2026.1.132\evsoc-efinity-v2026.1.132\cam_single\Ti60F225_dsi\ip\csi2_rx_cam\csi2_rx_cam.sv:6307)
[EFX-0200 WARNING] Removing redundant signal : Rx_HS_D_6[7:0]. (C:\Users\Jing-XuanTan(i)\Downloads\evsoc-efinity-v2026.1.132\evsoc-efinity-v2026.1.132\cam_single\Ti60F225_dsi\ip\csi2_rx_cam\csi2_rx_cam.sv:6307)
[EFX-0200 WARNING] Removing redundant signal : Rx_HS_D_7[7:0]. (C:\Users\Jing-XuanTan(i)\Downloads\evsoc-efinity-v2026.1.132\evsoc-efinity-v2026.1.132\cam_single\Ti60F225_dsi\ip\csi2_rx_cam\csi2_rx_cam.sv:6307)
[EFX-0200 WARNING] Removing redundant signal : u_dly_enable_D[1:0]. (C:\Users\Jing-XuanTan(i)\Downloads\evsoc-efinity-v2026.1.132\evsoc-efinity-v2026.1.132\cam_single\Ti60F225_dsi\ip\csi2_rx_cam\csi2_rx_cam.sv:6307)
[EFX-0200 WARNING] Removing redundant signal : u_dly_inc_D[1:0]. (C:\Users\Jing-XuanTan(i)\Downloads\evsoc-efinity-v2026.1.132\evsoc-efinity-v2026.1.132\cam_single\Ti60F225_dsi\ip\csi2_rx_cam\csi2_rx_cam.sv:6307)
[EFX-0200 WARNING] Removing redundant signal : axi_awaddr[1:0]. (C:\Users\Jing-XuanTan(i)\Downloads\evsoc-efinity-v2026.1.132\evsoc-efinity-v2026.1.132\cam_single\Ti60F225_dsi\ip\csi2_rx_cam\csi2_rx_cam.sv:5564)
[EFX-0200 WARNING] Removing redundant signal : axi_araddr[1:0]. (C:\Users\Jing-XuanTan(i)\Downloads\evsoc-efinity-v2026.1.132\evsoc-efinity-v2026.1.132\cam_single\Ti60F225_dsi\ip\csi2_rx_cam\csi2_rx_cam.sv:5564)
[EFX-0200 WARNING] Removing redundant signal : loc_rdata[31:0]. (C:\Users\Jing-XuanTan(i)\Downloads\evsoc-efinity-v2026.1.132\evsoc-efinity-v2026.1.132\cam_single\Ti60F225_dsi\ip\csi2_rx_cam\csi2_rx_cam.sv:5564)
[EFX-0200 WARNING] Removing redundant signal : nextCRC16_D16.fcrc[15:0]. (C:\Users\Jing-XuanTan(i)\Downloads\evsoc-efinity-v2026.1.132\evsoc-efinity-v2026.1.132\cam_single\Ti60F225_dsi\ip\csi2_rx_cam\csi2_rx_cam.sv:1466)
[EFX-0200 WARNING] Removing redundant signal : nextCRC16_D16.Data[15:0]. (C:\Users\Jing-XuanTan(i)\Downloads\evsoc-efinity-v2026.1.132\evsoc-efinity-v2026.1.132\cam_single\Ti60F225_dsi\ip\csi2_rx_cam\csi2_rx_cam.sv:1466)
[EFX-0200 WARNING] Removing redundant signal : nextCRC16_D16[15:0]. (C:\Users\Jing-XuanTan(i)\Downloads\evsoc-efinity-v2026.1.132\evsoc-efinity-v2026.1.132\cam_single\Ti60F225_dsi\ip\csi2_rx_cam\csi2_rx_cam.sv:1466)
[EFX-0200 WARNING] Removing redundant signal : nextCRC16_D16.c[15:0]. (C:\Users\Jing-XuanTan(i)\Downloads\evsoc-efinity-v2026.1.132\evsoc-efinity-v2026.1.132\cam_single\Ti60F225_dsi\ip\csi2_rx_cam\csi2_rx_cam.sv:1466)
[EFX-0200 WARNING] Removing redundant signal : nextCRC16_D16.d[15:0]. (C:\Users\Jing-XuanTan(i)\Downloads\evsoc-efinity-v2026.1.132\evsoc-efinity-v2026.1.132\cam_single\Ti60F225_dsi\ip\csi2_rx_cam\csi2_rx_cam.sv:1466)
[EFX-0200 WARNING] Removing redundant signal : nextCRC16_D16.newcrc[15:0]. (C:\Users\Jing-XuanTan(i)\Downloads\evsoc-efinity-v2026.1.132\evsoc-efinity-v2026.1.132\cam_single\Ti60F225_dsi\ip\csi2_rx_cam\csi2_rx_cam.sv:1466)
[EFX-0200 WARNING] Removing redundant signal : nextCRC16_D8[15:0]. (C:\Users\Jing-XuanTan(i)\Downloads\evsoc-efinity-v2026.1.132\evsoc-efinity-v2026.1.132\cam_single\Ti60F225_dsi\ip\csi2_rx_cam\csi2_rx_cam.sv:1466)
[EFX-0200 WARNING] Removing redundant signal : nextCRC16_D8.Data[7:0]. (C:\Users\Jing-XuanTan(i)\Downloads\evsoc-efinity-v2026.1.132\evsoc-efinity-v2026.1.132\cam_single\Ti60F225_dsi\ip\csi2_rx_cam\csi2_rx_cam.sv:1466)
[EFX-0200 WARNING] Removing redundant signal : nextCRC16_D8.fcrc[15:0]. (C:\Users\Jing-XuanTan(i)\Downloads\evsoc-efinity-v2026.1.132\evsoc-efinity-v2026.1.132\cam_single\Ti60F225_dsi\ip\csi2_rx_cam\csi2_rx_cam.sv:1466)
[EFX-0201 WARNING] Re-wiring to GND non-driven net/port 'a_wr_rst_i' in module 'efx_fifo_top_04a96f5177a940fe94d182603b3fa9c9(FAMILY="",SYNC_CLK=1,PIPELINE_REG=0,OUTPUT_REG=1,PROGRAMMABLE_FULL="NONE",PROG_FULL_ASSERT=510,PROG_FULL_NEGATE=510,PROGRAMMABLE_EMPTY="NONE",PROG_EMPTY_ASSERT=2,PROG_EMPTY_NEGATE=3)'. (C:\Users\Jing-XuanTan(i)\Downloads\evsoc-efinity-v2026.1.132\evsoc-efinity-v2026.1.132\cam_single\Ti60F225_dsi\ip\cam_pixel_remap_fifo\cam_pixel_remap_fifo.sv:92)
[EFX-0201 WARNING] Re-wiring to GND non-driven net/port 'a_rd_rst_i' in module 'efx_fifo_top_04a96f5177a940fe94d182603b3fa9c9(FAMILY="",SYNC_CLK=1,PIPELINE_REG=0,OUTPUT_REG=1,PROGRAMMABLE_FULL="NONE",PROG_FULL_ASSERT=510,PROG_FULL_NEGATE=510,PROGRAMMABLE_EMPTY="NONE",PROG_EMPTY_ASSERT=2,PROG_EMPTY_NEGATE=3)'. (C:\Users\Jing-XuanTan(i)\Downloads\evsoc-efinity-v2026.1.132\evsoc-efinity-v2026.1.132\cam_single\Ti60F225_dsi\ip\cam_pixel_remap_fifo\cam_pixel_remap_fifo.sv:92)
[EFX-0201 WARNING] Re-wiring to GND non-driven net/port 'wr_clk_i' in module 'efx_fifo_top_04a96f5177a940fe94d182603b3fa9c9(FAMILY="",SYNC_CLK=1,PIPELINE_REG=0,OUTPUT_REG=1,PROGRAMMABLE_FULL="NONE",PROG_FULL_ASSERT=510,PROG_FULL_NEGATE=510,PROGRAMMABLE_EMPTY="NONE",PROG_EMPTY_ASSERT=2,PROG_EMPTY_NEGATE=3)'. (C:\Users\Jing-XuanTan(i)\Downloads\evsoc-efinity-v2026.1.132\evsoc-efinity-v2026.1.132\cam_single\Ti60F225_dsi\ip\cam_pixel_remap_fifo\cam_pixel_remap_fifo.sv:92)
[EFX-0201 WARNING] Re-wiring to GND non-driven net/port 'rd_clk_i' in module 'efx_fifo_top_04a96f5177a940fe94d182603b3fa9c9(FAMILY="",SYNC_CLK=1,PIPELINE_REG=0,OUTPUT_REG=1,PROGRAMMABLE_FULL="NONE",PROG_FULL_ASSERT=510,PROG_FULL_NEGATE=510,PROGRAMMABLE_EMPTY="NONE",PROG_EMPTY_ASSERT=2,PROG_EMPTY_NEGATE=3)'. (C:\Users\Jing-XuanTan(i)\Downloads\evsoc-efinity-v2026.1.132\evsoc-efinity-v2026.1.132\cam_single\Ti60F225_dsi\ip\cam_pixel_remap_fifo\cam_pixel_remap_fifo.sv:92)
[EFX-0201 WARNING] Re-wiring to GND non-driven net/port 'a_wr_rst_i' in module 'efx_fifo_top_b0792a13d328448586f08ea7d102f373(FAMILY="",SYNC_CLK=1,MODE="FWFT",DEPTH=1024,DATA_WIDTH=48,PIPELINE_REG=0,PROGRAMMABLE_FULL="NONE",PROG_FULL_ASSERT=512,PROG_FULL_NEGATE=512,PROGRAMMABLE_EMPTY="NONE",PROG_EMPTY_ASSERT=2,PROG_EMPTY_NEGATE=3)'. (C:\Users\Jing-XuanTan(i)\Downloads\evsoc-efinity-v2026.1.132\evsoc-efinity-v2026.1.132\cam_single\Ti60F225_dsi\ip\cam_dma_fifo\cam_dma_fifo.sv:92)
[EFX-0201 WARNING] Re-wiring to GND non-driven net/port 'a_rd_rst_i' in module 'efx_fifo_top_b0792a13d328448586f08ea7d102f373(FAMILY="",SYNC_CLK=1,MODE="FWFT",DEPTH=1024,DATA_WIDTH=48,PIPELINE_REG=0,PROGRAMMABLE_FULL="NONE",PROG_FULL_ASSERT=512,PROG_FULL_NEGATE=512,PROGRAMMABLE_EMPTY="NONE",PROG_EMPTY_ASSERT=2,PROG_EMPTY_NEGATE=3)'. (C:\Users\Jing-XuanTan(i)\Downloads\evsoc-efinity-v2026.1.132\evsoc-efinity-v2026.1.132\cam_single\Ti60F225_dsi\ip\cam_dma_fifo\cam_dma_fifo.sv:92)
[EFX-0201 WARNING] Re-wiring to GND non-driven net/port 'wr_clk_i' in module 'efx_fifo_top_b0792a13d328448586f08ea7d102f373(FAMILY="",SYNC_CLK=1,MODE="FWFT",DEPTH=1024,DATA_WIDTH=48,PIPELINE_REG=0,PROGRAMMABLE_FULL="NONE",PROG_FULL_ASSERT=512,PROG_FULL_NEGATE=512,PROGRAMMABLE_EMPTY="NONE",PROG_EMPTY_ASSERT=2,PROG_EMPTY_NEGATE=3)'. (C:\Users\Jing-XuanTan(i)\Downloads\evsoc-efinity-v2026.1.132\evsoc-efinity-v2026.1.132\cam_single\Ti60F225_dsi\ip\cam_dma_fifo\cam_dma_fifo.sv:92)
[EFX-0201 WARNING] Re-wiring to GND non-driven net/port 'rd_clk_i' in module 'efx_fifo_top_b0792a13d328448586f08ea7d102f373(FAMILY="",SYNC_CLK=1,MODE="FWFT",DEPTH=1024,DATA_WIDTH=48,PIPELINE_REG=0,PROGRAMMABLE_FULL="NONE",PROG_FULL_ASSERT=512,PROG_FULL_NEGATE=512,PROGRAMMABLE_EMPTY="NONE",PROG_EMPTY_ASSERT=2,PROG_EMPTY_NEGATE=3)'. (C:\Users\Jing-XuanTan(i)\Downloads\evsoc-efinity-v2026.1.132\evsoc-efinity-v2026.1.132\cam_single\Ti60F225_dsi\ip\cam_dma_fifo\cam_dma_fifo.sv:92)
[EFX-0201 WARNING] Re-wiring to GND non-driven net/port 'a_wr_rst_i' in module 'efx_fifo_top_0ebd061cc55a4cdb9867e4fd870758a2(FAMILY="",SYNC_CLK=1,DEPTH=1024,DATA_WIDTH=48,PIPELINE_REG=0,OUTPUT_REG=1,PROGRAMMABLE_FULL="NONE",PROG_FULL_ASSERT=512,PROG_FULL_NEGATE=512,PROGRAMMABLE_EMPTY="NONE",PROG_EMPTY_ASSERT=2,PROG_EMPTY_NEGATE=3)'. (C:\Users\Jing-XuanTan(i)\Downloads\evsoc-efinity-v2026.1.132\evsoc-efinity-v2026.1.132\cam_single\Ti60F225_dsi\ip\display_dma_fifo\display_dma_fifo.sv:92)
[EFX-0201 WARNING] Re-wiring to GND non-driven net/port 'a_rd_rst_i' in module 'efx_fifo_top_0ebd061cc55a4cdb9867e4fd870758a2(FAMILY="",SYNC_CLK=1,DEPTH=1024,DATA_WIDTH=48,PIPELINE_REG=0,OUTPUT_REG=1,PROGRAMMABLE_FULL="NONE",PROG_FULL_ASSERT=512,PROG_FULL_NEGATE=512,PROGRAMMABLE_EMPTY="NONE",PROG_EMPTY_ASSERT=2,PROG_EMPTY_NEGATE=3)'. (C:\Users\Jing-XuanTan(i)\Downloads\evsoc-efinity-v2026.1.132\evsoc-efinity-v2026.1.132\cam_single\Ti60F225_dsi\ip\display_dma_fifo\display_dma_fifo.sv:92)
[EFX-0657 WARNING] Mapping into logic memory block 'logic_progbufX_mem' (64 bits) (C:\Users\Jing-XuanTan(i)\Downloads\evsoc-efinity-v2026.1.132\evsoc-efinity-v2026.1.132\cam_single\Ti60F225_dsi\ip\SapphireSoc\SapphireSoc.v:13208) because size is too small (<=64)
[EFX-0657 WARNING] Mapping into logic memory block 'logic_ram' (64 bits) (C:\Users\Jing-XuanTan(i)\Downloads\evsoc-efinity-v2026.1.132\evsoc-efinity-v2026.1.132\cam_single\Ti60F225_dsi\ip\SapphireSoc\SapphireSoc.v:22209) because size is too small (<=64)
[EFX-0657 WARNING] Mapping into logic memory block 'logic_ram' (16 bits) (C:\Users\Jing-XuanTan(i)\Downloads\evsoc-efinity-v2026.1.132\evsoc-efinity-v2026.1.132\cam_single\Ti60F225_dsi\ip\SapphireSoc\SapphireSoc.v:22052) because size is too small (<=64)
[EFX-0657 WARNING] Mapping into logic memory block 'u_apb3_cam_display/slaveReg' (224 bits) (C:\Users\Jing-XuanTan(i)\Downloads\evsoc-efinity-v2026.1.132\evsoc-efinity-v2026.1.132\cam_single\Ti60F225_dsi\source/common/common_apb3.v:48) because it has all constant reader/writer.
[EFX-0011 VERI-WARNING] Input/inout port i_mipi_txc_sclk is unconnected. Place and route may remove this unconnected port. (VDB-8003) (C:\Users\Jing-XuanTan(i)\Downloads\evsoc-efinity-v2026.1.132\evsoc-efinity-v2026.1.132\cam_single\Ti60F225_dsi\edge_vision_soc.v:26)
[EFX-0011 VERI-WARNING] Input/inout port i_mipi_txd_sclk is unconnected. Place and route may remove this unconnected port. (VDB-8003) (C:\Users\Jing-XuanTan(i)\Downloads\evsoc-efinity-v2026.1.132\evsoc-efinity-v2026.1.132\cam_single\Ti60F225_dsi\edge_vision_soc.v:27)
[EFX-0011 VERI-WARNING] Input/inout port i_mipi_tx_pll_locked is unconnected. Place and route may remove this unconnected port. (VDB-8003) (C:\Users\Jing-XuanTan(i)\Downloads\evsoc-efinity-v2026.1.132\evsoc-efinity-v2026.1.132\cam_single\Ti60F225_dsi\edge_vision_soc.v:29)
[EFX-0011 VERI-WARNING] Input/inout port i_hbramClk90 is unconnected. Place and route may remove this unconnected port. (VDB-8003) (C:\Users\Jing-XuanTan(i)\Downloads\evsoc-efinity-v2026.1.132\evsoc-efinity-v2026.1.132\cam_single\Ti60F225_dsi\edge_vision_soc.v:33)
[EFX-0011 VERI-WARNING] Input/inout port i_cam_d0_HS_IN_1[7] is unconnected. Place and route may remove this unconnected port. (VDB-8003) (C:\Users\Jing-XuanTan(i)\Downloads\evsoc-efinity-v2026.1.132\evsoc-efinity-v2026.1.132\cam_single\Ti60F225_dsi\edge_vision_soc.v:74)
[EFX-0011 VERI-WARNING] Input/inout port i_cam_d0_HS_IN_2[7] is unconnected. Place and route may remove this unconnected port. (VDB-8003) (C:\Users\Jing-XuanTan(i)\Downloads\evsoc-efinity-v2026.1.132\evsoc-efinity-v2026.1.132\cam_single\Ti60F225_dsi\edge_vision_soc.v:75)
[EFX-0011 VERI-WARNING] Input/inout port i_cam_d0_HS_IN_3[7] is unconnected. Place and route may remove this unconnected port. (VDB-8003) (C:\Users\Jing-XuanTan(i)\Downloads\evsoc-efinity-v2026.1.132\evsoc-efinity-v2026.1.132\cam_single\Ti60F225_dsi\edge_vision_soc.v:76)
[EFX-0011 VERI-WARNING] Input/inout port i_cam_d1_HS_IN_1[7] is unconnected. Place and route may remove this unconnected port. (VDB-8003) (C:\Users\Jing-XuanTan(i)\Downloads\evsoc-efinity-v2026.1.132\evsoc-efinity-v2026.1.132\cam_single\Ti60F225_dsi\edge_vision_soc.v:89)
[EFX-0011 VERI-WARNING] Input/inout port i_cam_d1_HS_IN_2[7] is unconnected. Place and route may remove this unconnected port. (VDB-8003) (C:\Users\Jing-XuanTan(i)\Downloads\evsoc-efinity-v2026.1.132\evsoc-efinity-v2026.1.132\cam_single\Ti60F225_dsi\edge_vision_soc.v:90)
[EFX-0011 VERI-WARNING] Input/inout port i_cam_d1_HS_IN_3[7] is unconnected. Place and route may remove this unconnected port. (VDB-8003) (C:\Users\Jing-XuanTan(i)\Downloads\evsoc-efinity-v2026.1.132\evsoc-efinity-v2026.1.132\cam_single\Ti60F225_dsi\edge_vision_soc.v:91)
[EFX-0011 VERI-WARNING] Input/inout port sw6 is unconnected. Place and route may remove this unconnected port. (VDB-8003) (C:\Users\Jing-XuanTan(i)\Downloads\evsoc-efinity-v2026.1.132\evsoc-efinity-v2026.1.132\cam_single\Ti60F225_dsi\edge_vision_soc.v:181)
[EFX-0011 VERI-WARNING] Input/inout port sw7 is unconnected. Place and route may remove this unconnected port. (VDB-8003) (C:\Users\Jing-XuanTan(i)\Downloads\evsoc-efinity-v2026.1.132\evsoc-efinity-v2026.1.132\cam_single\Ti60F225_dsi\edge_vision_soc.v:182)
[EFX-0011 VERI-WARNING] Net u_risc_v/u_EfxSapphireSoc/system_cores_0_logic_cpu/IBusCachedPlugin_cache/lineLoader_address[4] is dangling. (VDB-8009) 
[EFX-0011 VERI-WARNING] Net u_risc_v/u_EfxSapphireSoc/system_cores_0_logic_cpu/IBusCachedPlugin_cache/lineLoader_address[2] is dangling. (VDB-8009) 
[EFX-0011 VERI-WARNING] Net u_risc_v/u_EfxSapphireSoc/system_cores_0_logic_cpu/IBusCachedPlugin_cache/lineLoader_address[3] is dangling. (VDB-8009) 
[EFX-0011 VERI-WARNING] Net u_risc_v/u_EfxSapphireSoc/system_cores_0_logic_cpu/IBusCachedPlugin_cache/lineLoader_address[1] is dangling. (VDB-8009) 
[EFX-0011 VERI-WARNING] Net u_risc_v/u_EfxSapphireSoc/system_cores_0_logic_cpu/IBusCachedPlugin_cache/lineLoader_address[0] is dangling. (VDB-8009) 
[EFX-0011 VERI-WARNING] Net soc_io_w_payload_id[0] is dangling. (VDB-8009) 
[EFX-0011 VERI-WARNING] Net soc_io_arw_payload_region[0] is dangling. (VDB-8009) 
[EFX-0011 VERI-WARNING] Net soc_io_arw_payload_cache[0] is dangling. (VDB-8009) 
[EFX-0011 VERI-WARNING] Net u_risc_v/u_EfxSapphireSoc/io_ddrA_r_rData_id[0] is dangling. (VDB-8009) 
[EFX-0011 VERI-WARNING] Net soc_io_arw_payload_prot[0] is dangling. (VDB-8009) 
[EFX-0011 VERI-WARNING] Net soc_io_arw_payload_lock is dangling. (VDB-8009) 
[EFX-0011 VERI-WARNING] Net soc_io_arw_payload_qos[0] is dangling. (VDB-8009) 
[EFX-0011 VERI-WARNING] Net u_risc_v/u_EfxSapphireSoc/system_cores_0_logic_cpu/IBusCachedPlugin_cache/lineLoader_address[5] is dangling. (VDB-8009) 
[EFX-0011 VERI-WARNING] Net soc_io_arw_payload_addr[31] is dangling. (VDB-8009) 
[EFX-0011 VERI-WARNING] Net soc_io_w_payload_id[1] is dangling. (VDB-8009) 
[EFX-0011 VERI-WARNING] Net soc_io_w_payload_id[2] is dangling. (VDB-8009) 
[EFX-0011 VERI-WARNING] Net soc_io_w_payload_id[3] is dangling. (VDB-8009) 
[EFX-0011 VERI-WARNING] Net soc_io_w_payload_id[4] is dangling. (VDB-8009) 
[EFX-0011 VERI-WARNING] Net soc_io_w_payload_id[5] is dangling. (VDB-8009) 
[EFX-0011 VERI-WARNING] Net soc_io_w_payload_id[6] is dangling. (VDB-8009) 
[EFX-0011 VERI-WARNING] Net soc_io_w_payload_id[7] is dangling. (VDB-8009) 
[EFX-0011 VERI-WARNING] Net u_risc_v/u_EfxSapphireSoc/io_ddrA_r_rData_id[1] is dangling. (VDB-8009) 
[EFX-0011 VERI-WARNING] Net u_risc_v/u_EfxSapphireSoc/io_ddrA_r_rData_id[2] is dangling. (VDB-8009) 
[EFX-0011 VERI-WARNING] Net u_risc_v/u_EfxSapphireSoc/io_ddrA_r_rData_id[3] is dangling. (VDB-8009) 
[EFX-0011 VERI-WARNING] Net u_risc_v/u_EfxSapphireSoc/io_ddrA_r_rData_id[4] is dangling. (VDB-8009) 
[EFX-0011 VERI-WARNING] Net u_risc_v/u_EfxSapphireSoc/io_ddrA_r_rData_id[5] is dangling. (VDB-8009) 
[EFX-0011 VERI-WARNING] Net u_risc_v/u_EfxSapphireSoc/io_ddrA_r_rData_id[6] is dangling. (VDB-8009) 
[EFX-0011 VERI-WARNING] Net u_risc_v/u_EfxSapphireSoc/io_ddrA_r_rData_id[7] is dangling. (VDB-8009) 
[EFX-0011 VERI-WARNING] Net soc_io_arw_payload_region[1] is dangling. (VDB-8009) 
[EFX-0011 VERI-WARNING] Net soc_io_arw_payload_region[2] is dangling. (VDB-8009) 
[EFX-0011 VERI-WARNING] Net soc_io_arw_payload_region[3] is dangling. (VDB-8009) 
[EFX-0011 VERI-WARNING] Net soc_io_arw_payload_cache[1] is dangling. (VDB-8009) 
[EFX-0011 VERI-WARNING] Net soc_io_arw_payload_cache[2] is dangling. (VDB-8009) 
[EFX-0011 VERI-WARNING] Net soc_io_arw_payload_cache[3] is dangling. (VDB-8009) 
[EFX-0011 VERI-WARNING] Net soc_io_arw_payload_qos[1] is dangling. (VDB-8009) 
[EFX-0011 VERI-WARNING] Net soc_io_arw_payload_qos[2] is dangling. (VDB-8009) 
[EFX-0011 VERI-WARNING] Net soc_io_arw_payload_qos[3] is dangling. (VDB-8009) 
[EFX-0011 VERI-WARNING] Net soc_io_arw_payload_prot[1] is dangling. (VDB-8009) 
[EFX-0011 VERI-WARNING] Net soc_io_arw_payload_prot[2] is dangling. (VDB-8009) 
[EFX-0011 VERI-WARNING] Net dma_arregion[0] is dangling. (VDB-8009) 
[EFX-0011 VERI-WARNING] Net dma_awregion[0] is dangling. (VDB-8009) 
[EFX-0011 VERI-WARNING] Net dma_arregion[1] is dangling. (VDB-8009) 
[EFX-0011 VERI-WARNING] Net dma_arregion[2] is dangling. (VDB-8009) 
[EFX-0011 VERI-WARNING] Net dma_arregion[3] is dangling. (VDB-8009) 
[EFX-0011 VERI-WARNING] Net dma_awregion[1] is dangling. (VDB-8009) 
[EFX-0011 VERI-WARNING] Net dma_awregion[2] is dangling. (VDB-8009) 
[EFX-0011 VERI-WARNING] Net dma_awregion[3] is dangling. (VDB-8009) 
[EFX-0011 VERI-WARNING] Net u_hbram/u_hbram_top/hbc_dq_OE_2[0] is dangling. (VDB-8009) 
[EFX-0011 VERI-WARNING] Net u_hbram/u_hbram_top/hbc_dq_OE_2[1] is dangling. (VDB-8009) 
[EFX-0011 VERI-WARNING] Net u_hbram/u_hbram_top/hbc_dq_OE_2[2] is dangling. (VDB-8009) 
[EFX-0011 VERI-WARNING] Net u_hbram/u_hbram_top/hbc_dq_OE_2[3] is dangling. (VDB-8009) 
[EFX-0011 VERI-WARNING] Net u_hbram/u_hbram_top/hbc_dq_OE_2[4] is dangling. (VDB-8009) 
[EFX-0011 VERI-WARNING] Net u_hbram/u_hbram_top/hbc_dq_OE_2[5] is dangling. (VDB-8009) 
[EFX-0011 VERI-WARNING] Net u_hbram/u_hbram_top/hbc_dq_OE_2[6] is dangling. (VDB-8009) 
[EFX-0011 VERI-WARNING] Net u_hbram/u_hbram_top/hbc_dq_OE_2[7] is dangling. (VDB-8009) 
[EFX-0011 VERI-WARNING] Net u_hbram/u_hbram_top/hbc_dq_OE_2[8] is dangling. (VDB-8009) 
[EFX-0011 VERI-WARNING] Net u_hbram/u_hbram_top/hbc_dq_OE_2[9] is dangling. (VDB-8009) 
[EFX-0011 VERI-WARNING] Net u_hbram/u_hbram_top/hbc_dq_OE_2[10] is dangling. (VDB-8009) 
[EFX-0011 VERI-WARNING] Net u_hbram/u_hbram_top/hbc_dq_OE_2[11] is dangling. (VDB-8009) 
[EFX-0011 VERI-WARNING] Net u_hbram/u_hbram_top/hbc_dq_OE_2[12] is dangling. (VDB-8009) 
[EFX-0011 VERI-WARNING] Net u_hbram/u_hbram_top/hbc_dq_OE_2[13] is dangling. (VDB-8009) 
[EFX-0011 VERI-WARNING] Net u_hbram/u_hbram_top/hbc_dq_OE_2[14] is dangling. (VDB-8009) 
[EFX-0011 VERI-WARNING] Net u_hbram/u_hbram_top/hbc_dq_OE_2[15] is dangling. (VDB-8009) 
[EFX-0011 VERI-WARNING] Net u_risc_v/u_EfxSapphireSoc/system_ddr_ddrLogic_cc_fifo/io_output_rsp_queue/popCC_popPtrPlus[0] is dangling. (VDB-8009) 
[EFX-0011 VERI-WARNING] Net u_risc_v/u_EfxSapphireSoc/system_ddr_ddrLogic_cc_fifo/io_input_cmd_queue/popCC_popPtrPlus[0] is dangling. (VDB-8009) 
[EFX-0011 VERI-WARNING] Net u_risc_v/u_EfxSapphireSoc/system_bridge_bmb_crossClock/io_output_rsp_queue/popCC_popPtrPlus[0] is dangling. (VDB-8009) 
[EFX-0011 VERI-WARNING] Net u_risc_v/u_EfxSapphireSoc/system_bridge_bmb_crossClock/io_input_cmd_queue/popCC_popPtrPlus[0] is dangling. (VDB-8009) 
[EFX-0011 VERI-WARNING] Net u_dma/u_EfxDMA/outputsAdapter_2_crossclock_fifo/popCC_popPtrPlus[0] is dangling. (VDB-8009) 
[EFX-0011 VERI-WARNING] Net u_dma/u_EfxDMA/inputsAdapter_1_crossclock_fifo/popCC_popPtrPlus[0] is dangling. (VDB-8009) 
[EFX-0011 VERI-WARNING] Net u_dma/u_EfxDMA/outputsAdapter_1_crossclock_fifo/popCC_popPtrPlus[0] is dangling. (VDB-8009) 
[EFX-0011 VERI-WARNING] Net u_dma/u_EfxDMA/inputsAdapter_0_crossclock_fifo/popCC_popPtrPlus[0] is dangling. (VDB-8009) 
[EFX-0011 VERI-WARNING] Found 125 warnings in the post-synthesis netlist. 

///////////////////////////////////
// Efinity Synthesis Started 
// Jul 30, 2026 13:31:01
///////////////////////////////////

[EFX-0011 VERI-WARNING] parameter 'CL_S_COUNT' becomes localparam in 'axi_interconnect' with formal parameter declaration list (VERI-1199) (C:\Users\Jing-XuanTan(i)\Downloads\evsoc-efinity-v2026.1.132\evsoc-efinity-v2026.1.132\cam_single\Ti60F225_dsi\source/axi/axi_interconnect.v:180)
[EFX-0011 VERI-WARNING] parameter 'CL_M_COUNT' becomes localparam in 'axi_interconnect' with formal parameter declaration list (VERI-1199) (C:\Users\Jing-XuanTan(i)\Downloads\evsoc-efinity-v2026.1.132\evsoc-efinity-v2026.1.132\cam_single\Ti60F225_dsi\source/axi/axi_interconnect.v:181)
[EFX-0011 VERI-WARNING] parameter 'AUSER_WIDTH' becomes localparam in 'axi_interconnect' with formal parameter declaration list (VERI-1199) (C:\Users\Jing-XuanTan(i)\Downloads\evsoc-efinity-v2026.1.132\evsoc-efinity-v2026.1.132\cam_single\Ti60F225_dsi\source/axi/axi_interconnect.v:183)
[EFX-0011 VERI-WARNING] parameter 'M_BASE_ADDR_INT' becomes localparam in 'axi_interconnect' with formal parameter declaration list (VERI-1199) (C:\Users\Jing-XuanTan(i)\Downloads\evsoc-efinity-v2026.1.132\evsoc-efinity-v2026.1.132\cam_single\Ti60F225_dsi\source/axi/axi_interconnect.v:202)
[EFX-0011 VERI-WARNING] parameter 'W1' becomes localparam in 'priority_encoder' with formal parameter declaration list (VERI-1199) (C:\Users\Jing-XuanTan(i)\Downloads\evsoc-efinity-v2026.1.132\evsoc-efinity-v2026.1.132\cam_single\Ti60F225_dsi\source/axi/priority_encoder.v:39)
[EFX-0011 VERI-WARNING] parameter 'W2' becomes localparam in 'priority_encoder' with formal parameter declaration list (VERI-1199) (C:\Users\Jing-XuanTan(i)\Downloads\evsoc-efinity-v2026.1.132\evsoc-efinity-v2026.1.132\cam_single\Ti60F225_dsi\source/axi/priority_encoder.v:40)
[EFX-0011 VERI-WARNING] parameter 'X_OUT_RATIO' becomes localparam in 'cam_scaling' with formal parameter declaration list (VERI-1199) (C:\Users\Jing-XuanTan(i)\Downloads\evsoc-efinity-v2026.1.132\evsoc-efinity-v2026.1.132\cam_single\Ti60F225_dsi\source/cam/cam_scaling.v:31)
[EFX-0011 VERI-WARNING] parameter 'X_IN_RATIO' becomes localparam in 'cam_scaling' with formal parameter declaration list (VERI-1199) (C:\Users\Jing-XuanTan(i)\Downloads\evsoc-efinity-v2026.1.132\evsoc-efinity-v2026.1.132\cam_single\Ti60F225_dsi\source/cam/cam_scaling.v:32)
[EFX-0011 VERI-WARNING] parameter 'Y_OUT_RATIO' becomes localparam in 'cam_scaling' with formal parameter declaration list (VERI-1199) (C:\Users\Jing-XuanTan(i)\Downloads\evsoc-efinity-v2026.1.132\evsoc-efinity-v2026.1.132\cam_single\Ti60F225_dsi\source/cam/cam_scaling.v:33)
[EFX-0011 VERI-WARNING] parameter 'Y_IN_RATIO' becomes localparam in 'cam_scaling' with formal parameter declaration list (VERI-1199) (C:\Users\Jing-XuanTan(i)\Downloads\evsoc-efinity-v2026.1.132\evsoc-efinity-v2026.1.132\cam_single\Ti60F225_dsi\source/cam/cam_scaling.v:34)
[EFX-0011 VERI-WARNING] parameter '**' becomes localparam in '**' with formal parameter declaration list (VERI-1199) (C:\Users\Jing-XuanTan(i)\Downloads\evsoc-efinity-v2026.1.132\evsoc-efinity-v2026.1.132\cam_single\Ti60F225_dsi\ip\hbram\hbram.sv:4976)
[EFX-0011 VERI-WARNING] parameter '**' becomes localparam in '**' with formal parameter declaration list (VERI-1199) (C:\Users\Jing-XuanTan(i)\Downloads\evsoc-efinity-v2026.1.132\evsoc-efinity-v2026.1.132\cam_single\Ti60F225_dsi\ip\hbram\hbram.sv:5309)
[EFX-0011 VERI-WARNING] port 'system_spi_0_io_data_2_read' is not connected on this instance (VERI-2435) (C:\Users\Jing-XuanTan(i)\Downloads\evsoc-efinity-v2026.1.132\evsoc-efinity-v2026.1.132\cam_single\Ti60F225_dsi\edge_vision_soc.v:1337)
[EFX-0011 VERI-WARNING] port 'system_spi_0_io_data_2_write' remains unconnected for this instance (VERI-1927) (C:\Users\Jing-XuanTan(i)\Downloads\evsoc-efinity-v2026.1.132\evsoc-efinity-v2026.1.132\cam_single\Ti60F225_dsi\edge_vision_soc.v:1337)
[EFX-0011 VERI-WARNING] port 's_axi_awuser' remains unconnected for this instance (VERI-1927) (C:\Users\Jing-XuanTan(i)\Downloads\evsoc-efinity-v2026.1.132\evsoc-efinity-v2026.1.132\cam_single\Ti60F225_dsi\edge_vision_soc.v:1659)
[EFX-0011 VERI-WARNING] expression size 32 truncated to fit in target size 8 (VERI-1209) (C:\Users\Jing-XuanTan(i)\Downloads\evsoc-efinity-v2026.1.132\evsoc-efinity-v2026.1.132\cam_single\Ti60F225_dsi\edge_vision_soc.v:728)
[EFX-0011 VERI-WARNING] expression size 32 truncated to fit in target size 8 (VERI-1209) (C:\Users\Jing-XuanTan(i)\Downloads\evsoc-efinity-v2026.1.132\evsoc-efinity-v2026.1.132\cam_single\Ti60F225_dsi\edge_vision_soc.v:729)
[EFX-0011 VERI-WARNING] expression size ** truncated to fit in target size ** (VERI-1209) (C:\Users\Jing-XuanTan(i)\Downloads\evsoc-efinity-v2026.1.132\evsoc-efinity-v2026.1.132\cam_single\Ti60F225_dsi\ip\csi2_rx_cam\csi2_rx_cam.sv:7306)
[EFX-0011 VERI-WARNING] expression size ** truncated to fit in target size ** (VERI-1209) (C:\Users\Jing-XuanTan(i)\Downloads\evsoc-efinity-v2026.1.132\evsoc-efinity-v2026.1.132\cam_single\Ti60F225_dsi\ip\csi2_rx_cam\csi2_rx_cam.sv:4119)
[EFX-0011 VERI-WARNING] assignment and/or driver for '**' inside static function '**' is not preserved (VERI-2457) (C:\Users\Jing-XuanTan(i)\Downloads\evsoc-efinity-v2026.1.132\evsoc-efinity-v2026.1.132\cam_single\Ti60F225_dsi\ip\csi2_rx_cam\csi2_rx_cam.sv:1466)
[EFX-0011 VERI-WARNING] port '**' remains unconnected for this instance (VERI-1927) (C:\Users\Jing-XuanTan(i)\Downloads\evsoc-efinity-v2026.1.132\evsoc-efinity-v2026.1.132\cam_single\Ti60F225_dsi\ip\csi2_rx_cam\csi2_rx_cam.sv:1264)
[EFX-0011 VERI-WARNING] expression size ** truncated to fit in target size ** (VERI-1209) (C:\Users\Jing-XuanTan(i)\Downloads\evsoc-efinity-v2026.1.132\evsoc-efinity-v2026.1.132\cam_single\Ti60F225_dsi\ip\csi2_rx_cam\csi2_rx_cam.sv:1264)
[EFX-0011 VERI-WARNING] expression size ** truncated to fit in target size ** (VERI-1209) (C:\Users\Jing-XuanTan(i)\Downloads\evsoc-efinity-v2026.1.132\evsoc-efinity-v2026.1.132\cam_single\Ti60F225_dsi\ip\csi2_rx_cam\csi2_rx_cam.sv:2711)
[EFX-0011 VERI-WARNING] expression size ** truncated to fit in target size ** (VERI-1209) (C:\Users\Jing-XuanTan(i)\Downloads\evsoc-efinity-v2026.1.132\evsoc-efinity-v2026.1.132\cam_single\Ti60F225_dsi\ip\csi2_rx_cam\csi2_rx_cam.sv:2869)
[EFX-0011 VERI-WARNING] expression size ** truncated to fit in target size ** (VERI-1209) (C:\Users\Jing-XuanTan(i)\Downloads\evsoc-efinity-v2026.1.132\evsoc-efinity-v2026.1.132\cam_single\Ti60F225_dsi\ip\csi2_rx_cam\csi2_rx_cam.sv:1264)
[EFX-0011 VERI-WARNING] port 'rst_busy' remains unconnected for this instance (VERI-1927) (C:\Users\Jing-XuanTan(i)\Downloads\evsoc-efinity-v2026.1.132\evsoc-efinity-v2026.1.132\cam_single\Ti60F225_dsi\source/cam/cam_picam_v2.v:256)
[EFX-0011 VERI-WARNING] port 'rst_busy' remains unconnected for this instance (VERI-1927) (C:\Users\Jing-XuanTan(i)\Downloads\evsoc-efinity-v2026.1.132\evsoc-efinity-v2026.1.132\cam_single\Ti60F225_dsi\source/cam/cam_picam_v2.v:484)
[EFX-0011 VERI-WARNING] port 'a_wr_rst_i' remains unconnected for this instance (VERI-1927) (C:\Users\Jing-XuanTan(i)\Downloads\evsoc-efinity-v2026.1.132\evsoc-efinity-v2026.1.132\cam_single\Ti60F225_dsi\ip\cam_pixel_remap_fifo\cam_pixel_remap_fifo.sv:110)
[EFX-0011 VERI-WARNING] input port 'a_wr_rst_i' is not connected on this instance (VDB-1013) (C:\Users\Jing-XuanTan(i)\Downloads\evsoc-efinity-v2026.1.132\evsoc-efinity-v2026.1.132\cam_single\Ti60F225_dsi\ip\cam_pixel_remap_fifo\cam_pixel_remap_fifo.sv:92)
[EFX-0011 VERI-WARNING] expression size 32 truncated to fit in target size 11 (VERI-1209) (C:\Users\Jing-XuanTan(i)\Downloads\evsoc-efinity-v2026.1.132\evsoc-efinity-v2026.1.132\cam_single\Ti60F225_dsi\source/cam/cam_crop.v:82)
[EFX-0011 VERI-WARNING] port 'a_wr_rst_i' remains unconnected for this instance (VERI-1927) (C:\Users\Jing-XuanTan(i)\Downloads\evsoc-efinity-v2026.1.132\evsoc-efinity-v2026.1.132\cam_single\Ti60F225_dsi\ip\cam_dma_fifo\cam_dma_fifo.sv:110)
[EFX-0011 VERI-WARNING] input port 'a_wr_rst_i' is not connected on this instance (VDB-1013) (C:\Users\Jing-XuanTan(i)\Downloads\evsoc-efinity-v2026.1.132\evsoc-efinity-v2026.1.132\cam_single\Ti60F225_dsi\ip\cam_dma_fifo\cam_dma_fifo.sv:92)
[EFX-0011 VERI-WARNING] actual bit length 32 differs from formal bit length 1 for port 'i_dbg_we' (VERI-1330) (C:\Users\Jing-XuanTan(i)\Downloads\evsoc-efinity-v2026.1.132\evsoc-efinity-v2026.1.132\cam_single\Ti60F225_dsi\edge_vision_soc.v:947)
[EFX-0011 VERI-WARNING] actual bit length 32 differs from formal bit length 40 for port 'i_dbg_din' (VERI-1330) (C:\Users\Jing-XuanTan(i)\Downloads\evsoc-efinity-v2026.1.132\evsoc-efinity-v2026.1.132\cam_single\Ti60F225_dsi\edge_vision_soc.v:948)
[EFX-0011 VERI-WARNING] actual bit length 32 differs from formal bit length 9 for port 'i_dbg_addr' (VERI-1330) (C:\Users\Jing-XuanTan(i)\Downloads\evsoc-efinity-v2026.1.132\evsoc-efinity-v2026.1.132\cam_single\Ti60F225_dsi\edge_vision_soc.v:949)
[EFX-0011 VERI-WARNING] actual bit length 32 differs from formal bit length 1 for port 'i_dbg_reconfig' (VERI-1330) (C:\Users\Jing-XuanTan(i)\Downloads\evsoc-efinity-v2026.1.132\evsoc-efinity-v2026.1.132\cam_single\Ti60F225_dsi\edge_vision_soc.v:951)
[EFX-0011 VERI-WARNING] port 'rst_busy' remains unconnected for this instance (VERI-1927) (C:\Users\Jing-XuanTan(i)\Downloads\evsoc-efinity-v2026.1.132\evsoc-efinity-v2026.1.132\cam_single\Ti60F225_dsi\source/display/dsi/display_dsi.v:265)
[EFX-0011 VERI-WARNING] actual bit length 11 differs from formal bit length 14 for port 'out_x' (VERI-1330) (C:\Users\Jing-XuanTan(i)\Downloads\evsoc-efinity-v2026.1.132\evsoc-efinity-v2026.1.132\cam_single\Ti60F225_dsi\source/display/dsi/display_dsi.v:127)
[EFX-0011 VERI-WARNING] actual bit length 11 differs from formal bit length 12 for port 'out_y' (VERI-1330) (C:\Users\Jing-XuanTan(i)\Downloads\evsoc-efinity-v2026.1.132\evsoc-efinity-v2026.1.132\cam_single\Ti60F225_dsi\source/display/dsi/display_dsi.v:128)
[EFX-0011 VERI-WARNING] expression size 16 truncated to fit in target size 8 (VERI-1209) (C:\Users\Jing-XuanTan(i)\Downloads\evsoc-efinity-v2026.1.132\evsoc-efinity-v2026.1.132\cam_single\Ti60F225_dsi\source/cam/scale_up_2x_nn.v:127)
[EFX-0011 VERI-WARNING] expression size 16 truncated to fit in target size 8 (VERI-1209) (C:\Users\Jing-XuanTan(i)\Downloads\evsoc-efinity-v2026.1.132\evsoc-efinity-v2026.1.132\cam_single\Ti60F225_dsi\source/cam/scale_up_2x_nn.v:128)
[EFX-0011 VERI-WARNING] expression size 16 truncated to fit in target size 8 (VERI-1209) (C:\Users\Jing-XuanTan(i)\Downloads\evsoc-efinity-v2026.1.132\evsoc-efinity-v2026.1.132\cam_single\Ti60F225_dsi\source/cam/scale_up_2x_nn.v:129)
[EFX-0011 VERI-WARNING] port 'a_wr_rst_i' remains unconnected for this instance (VERI-1927) (C:\Users\Jing-XuanTan(i)\Downloads\evsoc-efinity-v2026.1.132\evsoc-efinity-v2026.1.132\cam_single\Ti60F225_dsi\ip\display_dma_fifo\display_dma_fifo.sv:110)
[EFX-0011 VERI-WARNING] input port 'a_wr_rst_i' is not connected on this instance (VDB-1013) (C:\Users\Jing-XuanTan(i)\Downloads\evsoc-efinity-v2026.1.132\evsoc-efinity-v2026.1.132\cam_single\Ti60F225_dsi\ip\display_dma_fifo\display_dma_fifo.sv:92)
[EFX-0011 VERI-WARNING] actual bit length 10 differs from formal bit length 11 for port 'datacount_o' (VERI-1330) (C:\Users\Jing-XuanTan(i)\Downloads\evsoc-efinity-v2026.1.132\evsoc-efinity-v2026.1.132\cam_single\Ti60F225_dsi\source/display/dsi/display_dsi.v:264)
[EFX-0011 VERI-WARNING] port '**' remains unconnected for this instance (VERI-1927) (C:\Users\Jing-XuanTan(i)\Downloads\evsoc-efinity-v2026.1.132\evsoc-efinity-v2026.1.132\cam_single\Ti60F225_dsi\ip\dsi_tx_display\dsi_tx_display.sv:5436)

///////////////////////////////////
// Efinity Synthesis Started 
// Aug 10, 2026 15:00:16
///////////////////////////////////

[EFX-0011 VERI-WARNING] parameter 'CL_S_COUNT' becomes localparam in 'axi_interconnect' with formal parameter declaration list (VERI-1199) (C:\Users\Jing-XuanTan(i)\Downloads\evsoc-efinity-v2026.1.132\evsoc-efinity-v2026.1.132\cam_single\Ti60F225_dsi\source/axi/axi_interconnect.v:180)
[EFX-0011 VERI-WARNING] parameter 'CL_M_COUNT' becomes localparam in 'axi_interconnect' with formal parameter declaration list (VERI-1199) (C:\Users\Jing-XuanTan(i)\Downloads\evsoc-efinity-v2026.1.132\evsoc-efinity-v2026.1.132\cam_single\Ti60F225_dsi\source/axi/axi_interconnect.v:181)
[EFX-0011 VERI-WARNING] parameter 'AUSER_WIDTH' becomes localparam in 'axi_interconnect' with formal parameter declaration list (VERI-1199) (C:\Users\Jing-XuanTan(i)\Downloads\evsoc-efinity-v2026.1.132\evsoc-efinity-v2026.1.132\cam_single\Ti60F225_dsi\source/axi/axi_interconnect.v:183)
[EFX-0011 VERI-WARNING] parameter 'M_BASE_ADDR_INT' becomes localparam in 'axi_interconnect' with formal parameter declaration list (VERI-1199) (C:\Users\Jing-XuanTan(i)\Downloads\evsoc-efinity-v2026.1.132\evsoc-efinity-v2026.1.132\cam_single\Ti60F225_dsi\source/axi/axi_interconnect.v:202)
[EFX-0011 VERI-WARNING] parameter 'W1' becomes localparam in 'priority_encoder' with formal parameter declaration list (VERI-1199) (C:\Users\Jing-XuanTan(i)\Downloads\evsoc-efinity-v2026.1.132\evsoc-efinity-v2026.1.132\cam_single\Ti60F225_dsi\source/axi/priority_encoder.v:39)
[EFX-0011 VERI-WARNING] parameter 'W2' becomes localparam in 'priority_encoder' with formal parameter declaration list (VERI-1199) (C:\Users\Jing-XuanTan(i)\Downloads\evsoc-efinity-v2026.1.132\evsoc-efinity-v2026.1.132\cam_single\Ti60F225_dsi\source/axi/priority_encoder.v:40)
[EFX-0011 VERI-WARNING] parameter 'X_OUT_RATIO' becomes localparam in 'cam_scaling' with formal parameter declaration list (VERI-1199) (C:\Users\Jing-XuanTan(i)\Downloads\evsoc-efinity-v2026.1.132\evsoc-efinity-v2026.1.132\cam_single\Ti60F225_dsi\source/cam/cam_scaling.v:31)
[EFX-0011 VERI-WARNING] parameter 'X_IN_RATIO' becomes localparam in 'cam_scaling' with formal parameter declaration list (VERI-1199) (C:\Users\Jing-XuanTan(i)\Downloads\evsoc-efinity-v2026.1.132\evsoc-efinity-v2026.1.132\cam_single\Ti60F225_dsi\source/cam/cam_scaling.v:32)
[EFX-0011 VERI-WARNING] parameter 'Y_OUT_RATIO' becomes localparam in 'cam_scaling' with formal parameter declaration list (VERI-1199) (C:\Users\Jing-XuanTan(i)\Downloads\evsoc-efinity-v2026.1.132\evsoc-efinity-v2026.1.132\cam_single\Ti60F225_dsi\source/cam/cam_scaling.v:33)
[EFX-0011 VERI-WARNING] parameter 'Y_IN_RATIO' becomes localparam in 'cam_scaling' with formal parameter declaration list (VERI-1199) (C:\Users\Jing-XuanTan(i)\Downloads\evsoc-efinity-v2026.1.132\evsoc-efinity-v2026.1.132\cam_single\Ti60F225_dsi\source/cam/cam_scaling.v:34)
[EFX-0011 VERI-WARNING] parameter '**' becomes localparam in '**' with formal parameter declaration list (VERI-1199) (C:\Users\Jing-XuanTan(i)\Downloads\evsoc-efinity-v2026.1.132\evsoc-efinity-v2026.1.132\cam_single\Ti60F225_dsi\ip\hbram\hbram.sv:4976)
[EFX-0011 VERI-WARNING] parameter '**' becomes localparam in '**' with formal parameter declaration list (VERI-1199) (C:\Users\Jing-XuanTan(i)\Downloads\evsoc-efinity-v2026.1.132\evsoc-efinity-v2026.1.132\cam_single\Ti60F225_dsi\ip\hbram\hbram.sv:5309)
[EFX-0011 VERI-WARNING] port 'system_spi_0_io_data_2_read' is not connected on this instance (VERI-2435) (C:\Users\Jing-XuanTan(i)\Downloads\evsoc-efinity-v2026.1.132\evsoc-efinity-v2026.1.132\cam_single\Ti60F225_dsi\edge_vision_soc.v:1337)
[EFX-0011 VERI-WARNING] port 'system_spi_0_io_data_2_write' remains unconnected for this instance (VERI-1927) (C:\Users\Jing-XuanTan(i)\Downloads\evsoc-efinity-v2026.1.132\evsoc-efinity-v2026.1.132\cam_single\Ti60F225_dsi\edge_vision_soc.v:1337)
[EFX-0011 VERI-WARNING] port 's_axi_awuser' remains unconnected for this instance (VERI-1927) (C:\Users\Jing-XuanTan(i)\Downloads\evsoc-efinity-v2026.1.132\evsoc-efinity-v2026.1.132\cam_single\Ti60F225_dsi\edge_vision_soc.v:1659)
[EFX-0011 VERI-WARNING] expression size 32 truncated to fit in target size 8 (VERI-1209) (C:\Users\Jing-XuanTan(i)\Downloads\evsoc-efinity-v2026.1.132\evsoc-efinity-v2026.1.132\cam_single\Ti60F225_dsi\edge_vision_soc.v:728)
[EFX-0011 VERI-WARNING] expression size 32 truncated to fit in target size 8 (VERI-1209) (C:\Users\Jing-XuanTan(i)\Downloads\evsoc-efinity-v2026.1.132\evsoc-efinity-v2026.1.132\cam_single\Ti60F225_dsi\edge_vision_soc.v:729)
[EFX-0011 VERI-WARNING] expression size ** truncated to fit in target size ** (VERI-1209) (C:\Users\Jing-XuanTan(i)\Downloads\evsoc-efinity-v2026.1.132\evsoc-efinity-v2026.1.132\cam_single\Ti60F225_dsi\ip\csi2_rx_cam\csi2_rx_cam.sv:7306)
[EFX-0011 VERI-WARNING] expression size ** truncated to fit in target size ** (VERI-1209) (C:\Users\Jing-XuanTan(i)\Downloads\evsoc-efinity-v2026.1.132\evsoc-efinity-v2026.1.132\cam_single\Ti60F225_dsi\ip\csi2_rx_cam\csi2_rx_cam.sv:4119)
[EFX-0011 VERI-WARNING] assignment and/or driver for '**' inside static function '**' is not preserved (VERI-2457) (C:\Users\Jing-XuanTan(i)\Downloads\evsoc-efinity-v2026.1.132\evsoc-efinity-v2026.1.132\cam_single\Ti60F225_dsi\ip\csi2_rx_cam\csi2_rx_cam.sv:1466)
[EFX-0011 VERI-WARNING] port '**' remains unconnected for this instance (VERI-1927) (C:\Users\Jing-XuanTan(i)\Downloads\evsoc-efinity-v2026.1.132\evsoc-efinity-v2026.1.132\cam_single\Ti60F225_dsi\ip\csi2_rx_cam\csi2_rx_cam.sv:1264)
[EFX-0011 VERI-WARNING] expression size ** truncated to fit in target size ** (VERI-1209) (C:\Users\Jing-XuanTan(i)\Downloads\evsoc-efinity-v2026.1.132\evsoc-efinity-v2026.1.132\cam_single\Ti60F225_dsi\ip\csi2_rx_cam\csi2_rx_cam.sv:1264)
[EFX-0011 VERI-WARNING] expression size ** truncated to fit in target size ** (VERI-1209) (C:\Users\Jing-XuanTan(i)\Downloads\evsoc-efinity-v2026.1.132\evsoc-efinity-v2026.1.132\cam_single\Ti60F225_dsi\ip\csi2_rx_cam\csi2_rx_cam.sv:2711)
[EFX-0011 VERI-WARNING] expression size ** truncated to fit in target size ** (VERI-1209) (C:\Users\Jing-XuanTan(i)\Downloads\evsoc-efinity-v2026.1.132\evsoc-efinity-v2026.1.132\cam_single\Ti60F225_dsi\ip\csi2_rx_cam\csi2_rx_cam.sv:2869)
[EFX-0011 VERI-WARNING] expression size ** truncated to fit in target size ** (VERI-1209) (C:\Users\Jing-XuanTan(i)\Downloads\evsoc-efinity-v2026.1.132\evsoc-efinity-v2026.1.132\cam_single\Ti60F225_dsi\ip\csi2_rx_cam\csi2_rx_cam.sv:1264)
[EFX-0011 VERI-WARNING] port 'rst_busy' remains unconnected for this instance (VERI-1927) (C:\Users\Jing-XuanTan(i)\Downloads\evsoc-efinity-v2026.1.132\evsoc-efinity-v2026.1.132\cam_single\Ti60F225_dsi\source/cam/cam_picam_v2.v:256)
[EFX-0011 VERI-WARNING] port 'rst_busy' remains unconnected for this instance (VERI-1927) (C:\Users\Jing-XuanTan(i)\Downloads\evsoc-efinity-v2026.1.132\evsoc-efinity-v2026.1.132\cam_single\Ti60F225_dsi\source/cam/cam_picam_v2.v:484)
[EFX-0011 VERI-WARNING] port 'a_wr_rst_i' remains unconnected for this instance (VERI-1927) (C:\Users\Jing-XuanTan(i)\Downloads\evsoc-efinity-v2026.1.132\evsoc-efinity-v2026.1.132\cam_single\Ti60F225_dsi\ip\cam_pixel_remap_fifo\cam_pixel_remap_fifo.sv:110)
[EFX-0011 VERI-WARNING] input port 'a_wr_rst_i' is not connected on this instance (VDB-1013) (C:\Users\Jing-XuanTan(i)\Downloads\evsoc-efinity-v2026.1.132\evsoc-efinity-v2026.1.132\cam_single\Ti60F225_dsi\ip\cam_pixel_remap_fifo\cam_pixel_remap_fifo.sv:92)
[EFX-0011 VERI-WARNING] expression size 32 truncated to fit in target size 11 (VERI-1209) (C:\Users\Jing-XuanTan(i)\Downloads\evsoc-efinity-v2026.1.132\evsoc-efinity-v2026.1.132\cam_single\Ti60F225_dsi\source/cam/cam_crop.v:82)
[EFX-0011 VERI-WARNING] port 'a_wr_rst_i' remains unconnected for this instance (VERI-1927) (C:\Users\Jing-XuanTan(i)\Downloads\evsoc-efinity-v2026.1.132\evsoc-efinity-v2026.1.132\cam_single\Ti60F225_dsi\ip\cam_dma_fifo\cam_dma_fifo.sv:110)
[EFX-0011 VERI-WARNING] input port 'a_wr_rst_i' is not connected on this instance (VDB-1013) (C:\Users\Jing-XuanTan(i)\Downloads\evsoc-efinity-v2026.1.132\evsoc-efinity-v2026.1.132\cam_single\Ti60F225_dsi\ip\cam_dma_fifo\cam_dma_fifo.sv:92)
[EFX-0011 VERI-WARNING] actual bit length 32 differs from formal bit length 1 for port 'i_dbg_we' (VERI-1330) (C:\Users\Jing-XuanTan(i)\Downloads\evsoc-efinity-v2026.1.132\evsoc-efinity-v2026.1.132\cam_single\Ti60F225_dsi\edge_vision_soc.v:947)
[EFX-0011 VERI-WARNING] actual bit length 32 differs from formal bit length 40 for port 'i_dbg_din' (VERI-1330) (C:\Users\Jing-XuanTan(i)\Downloads\evsoc-efinity-v2026.1.132\evsoc-efinity-v2026.1.132\cam_single\Ti60F225_dsi\edge_vision_soc.v:948)
[EFX-0011 VERI-WARNING] actual bit length 32 differs from formal bit length 9 for port 'i_dbg_addr' (VERI-1330) (C:\Users\Jing-XuanTan(i)\Downloads\evsoc-efinity-v2026.1.132\evsoc-efinity-v2026.1.132\cam_single\Ti60F225_dsi\edge_vision_soc.v:949)
[EFX-0011 VERI-WARNING] actual bit length 32 differs from formal bit length 1 for port 'i_dbg_reconfig' (VERI-1330) (C:\Users\Jing-XuanTan(i)\Downloads\evsoc-efinity-v2026.1.132\evsoc-efinity-v2026.1.132\cam_single\Ti60F225_dsi\edge_vision_soc.v:951)
[EFX-0011 VERI-WARNING] port 'rst_busy' remains unconnected for this instance (VERI-1927) (C:\Users\Jing-XuanTan(i)\Downloads\evsoc-efinity-v2026.1.132\evsoc-efinity-v2026.1.132\cam_single\Ti60F225_dsi\source/display/dsi/display_dsi.v:265)
[EFX-0011 VERI-WARNING] actual bit length 11 differs from formal bit length 14 for port 'out_x' (VERI-1330) (C:\Users\Jing-XuanTan(i)\Downloads\evsoc-efinity-v2026.1.132\evsoc-efinity-v2026.1.132\cam_single\Ti60F225_dsi\source/display/dsi/display_dsi.v:127)
[EFX-0011 VERI-WARNING] actual bit length 11 differs from formal bit length 12 for port 'out_y' (VERI-1330) (C:\Users\Jing-XuanTan(i)\Downloads\evsoc-efinity-v2026.1.132\evsoc-efinity-v2026.1.132\cam_single\Ti60F225_dsi\source/display/dsi/display_dsi.v:128)
[EFX-0011 VERI-WARNING] expression size 16 truncated to fit in target size 8 (VERI-1209) (C:\Users\Jing-XuanTan(i)\Downloads\evsoc-efinity-v2026.1.132\evsoc-efinity-v2026.1.132\cam_single\Ti60F225_dsi\source/cam/scale_up_2x_nn.v:127)
[EFX-0011 VERI-WARNING] expression size 16 truncated to fit in target size 8 (VERI-1209) (C:\Users\Jing-XuanTan(i)\Downloads\evsoc-efinity-v2026.1.132\evsoc-efinity-v2026.1.132\cam_single\Ti60F225_dsi\source/cam/scale_up_2x_nn.v:128)
[EFX-0011 VERI-WARNING] expression size 16 truncated to fit in target size 8 (VERI-1209) (C:\Users\Jing-XuanTan(i)\Downloads\evsoc-efinity-v2026.1.132\evsoc-efinity-v2026.1.132\cam_single\Ti60F225_dsi\source/cam/scale_up_2x_nn.v:129)
[EFX-0011 VERI-WARNING] port 'a_wr_rst_i' remains unconnected for this instance (VERI-1927) (C:\Users\Jing-XuanTan(i)\Downloads\evsoc-efinity-v2026.1.132\evsoc-efinity-v2026.1.132\cam_single\Ti60F225_dsi\ip\display_dma_fifo\display_dma_fifo.sv:110)
[EFX-0011 VERI-WARNING] input port 'a_wr_rst_i' is not connected on this instance (VDB-1013) (C:\Users\Jing-XuanTan(i)\Downloads\evsoc-efinity-v2026.1.132\evsoc-efinity-v2026.1.132\cam_single\Ti60F225_dsi\ip\display_dma_fifo\display_dma_fifo.sv:92)
[EFX-0011 VERI-WARNING] actual bit length 10 differs from formal bit length 11 for port 'datacount_o' (VERI-1330) (C:\Users\Jing-XuanTan(i)\Downloads\evsoc-efinity-v2026.1.132\evsoc-efinity-v2026.1.132\cam_single\Ti60F225_dsi\source/display/dsi/display_dsi.v:264)
[EFX-0011 VERI-WARNING] port '**' remains unconnected for this instance (VERI-1927) (C:\Users\Jing-XuanTan(i)\Downloads\evsoc-efinity-v2026.1.132\evsoc-efinity-v2026.1.132\cam_single\Ti60F225_dsi\ip\dsi_tx_display\dsi_tx_display.sv:5436)
[EFX-0011 VERI-WARNING] assignment and/or driver for '**' inside static function '**' is not preserved (VERI-2457) (C:\Users\Jing-XuanTan(i)\Downloads\evsoc-efinity-v2026.1.132\evsoc-efinity-v2026.1.132\cam_single\Ti60F225_dsi\ip\dsi_tx_display\dsi_tx_display.sv:2885)
[EFX-0011 VERI-WARNING] port '**' remains unconnected for this instance (VERI-1927) (C:\Users\Jing-XuanTan(i)\Downloads\evsoc-efinity-v2026.1.132\evsoc-efinity-v2026.1.132\cam_single\Ti60F225_dsi\ip\dsi_tx_display\dsi_tx_display.sv:5689)
[EFX-0011 VERI-WARNING] expression size ** truncated to fit in target size ** (VERI-1209) (C:\Users\Jing-XuanTan(i)\Downloads\evsoc-efinity-v2026.1.132\evsoc-efinity-v2026.1.132\cam_single\Ti60F225_dsi\ip\dsi_tx_display\dsi_tx_display.sv:5689)
[EFX-0011 VERI-WARNING] expression size ** truncated to fit in target size ** (VERI-1209) (C:\Users\Jing-XuanTan(i)\Downloads\evsoc-efinity-v2026.1.132\evsoc-efinity-v2026.1.132\cam_single\Ti60F225_dsi\ip\dsi_tx_display\dsi_tx_display.sv:7297)
[EFX-0011 VERI-WARNING] port '**' remains unconnected for this instance (VERI-1927) (C:\Users\Jing-XuanTan(i)\Downloads\evsoc-efinity-v2026.1.132\evsoc-efinity-v2026.1.132\cam_single\Ti60F225_dsi\ip\dsi_tx_display\dsi_tx_display.sv:1596)
[EFX-0011 VERI-WARNING] expression size ** truncated to fit in target size ** (VERI-1209) (C:\Users\Jing-XuanTan(i)\Downloads\evsoc-efinity-v2026.1.132\evsoc-efinity-v2026.1.132\cam_single\Ti60F225_dsi\ip\dsi_tx_display\dsi_tx_display.sv:1596)
[EFX-0011 VERI-WARNING] port '**' remains unconnected for this instance (VERI-1927) (C:\Users\Jing-XuanTan(i)\Downloads\evsoc-efinity-v2026.1.132\evsoc-efinity-v2026.1.132\cam_single\Ti60F225_dsi\ip\dsi_tx_display\dsi_tx_display.sv:2500)
[EFX-0011 VERI-WARNING] expression size ** truncated to fit in target size ** (VERI-1209) (C:\Users\Jing-XuanTan(i)\Downloads\evsoc-efinity-v2026.1.132\evsoc-efinity-v2026.1.132\cam_single\Ti60F225_dsi\ip\dsi_tx_display\dsi_tx_display.sv:2500)
[EFX-0011 VERI-WARNING] assignment and/or driver for '**' inside static function '**' is not preserved (VERI-2457) (C:\Users\Jing-XuanTan(i)\Downloads\evsoc-efinity-v2026.1.132\evsoc-efinity-v2026.1.132\cam_single\Ti60F225_dsi\ip\dsi_tx_display\dsi_tx_display.sv:3474)
[EFX-0011 VERI-WARNING] actual bit length 32 differs from formal bit length 16 for port 'haddr' (VERI-1330) (C:\Users\Jing-XuanTan(i)\Downloads\evsoc-efinity-v2026.1.132\evsoc-efinity-v2026.1.132\cam_single\Ti60F225_dsi\edge_vision_soc.v:1081)
[EFX-0011 VERI-WARNING] port 'ram_clk_cal_2' is not connected on this instance (VERI-2435) (C:\Users\Jing-XuanTan(i)\Downloads\evsoc-efinity-v2026.1.132\evsoc-efinity-v2026.1.132\cam_single\Ti60F225_dsi\ip\hbram\hbram.sv:200)
[EFX-0011 VERI-WARNING] port 'native_clk' remains unconnected for this instance (VERI-1927) (C:\Users\Jing-XuanTan(i)\Downloads\evsoc-efinity-v2026.1.132\evsoc-efinity-v2026.1.132\cam_single\Ti60F225_dsi\ip\hbram\hbram.sv:200)
[EFX-0011 VERI-WARNING] port '**' remains unconnected for this instance (VERI-1927) (C:\Users\Jing-XuanTan(i)\Downloads\evsoc-efinity-v2026.1.132\evsoc-efinity-v2026.1.132\cam_single\Ti60F225_dsi\ip\hbram\hbram.sv:1134)
[EFX-0011 VERI-WARNING] expression size 32 truncated to fit in target size 9 (VERI-1209) (C:\Users\Jing-XuanTan(i)\Downloads\evsoc-efinity-v2026.1.132\evsoc-efinity-v2026.1.132\cam_single\Ti60F225_dsi\ip\hbram\hbram.sv:5791)
[EFX-0011 VERI-WARNING] expression size 32 truncated to fit in target size 11 (VERI-1209) (C:\Users\Jing-XuanTan(i)\Downloads\evsoc-efinity-v2026.1.132\evsoc-efinity-v2026.1.132\cam_single\Ti60F225_dsi\ip\hbram\hbram.sv:5792)
[EFX-0011 VERI-WARNING] expression size ** truncated to fit in target size ** (VERI-1209) (C:\Users\Jing-XuanTan(i)\Downloads\evsoc-efinity-v2026.1.132\evsoc-efinity-v2026.1.132\cam_single\Ti60F225_dsi\ip\hbram\hbram.sv:1134)
[EFX-0011 VERI-WARNING] expression size 32 truncated to fit in target size 11 (VERI-1209) (C:\Users\Jing-XuanTan(i)\Downloads\evsoc-efinity-v2026.1.132\evsoc-efinity-v2026.1.132\cam_single\Ti60F225_dsi\ip\hbram\hbram.sv:5806)
[EFX-0011 VERI-WARNING] expression size 32 truncated to fit in target size 9 (VERI-1209) (C:\Users\Jing-XuanTan(i)\Downloads\evsoc-efinity-v2026.1.132\evsoc-efinity-v2026.1.132\cam_single\Ti60F225_dsi\ip\hbram\hbram.sv:5807)
[EFX-0011 VERI-WARNING] expression size ** truncated to fit in target size ** (VERI-1209) (C:\Users\Jing-XuanTan(i)\Downloads\evsoc-efinity-v2026.1.132\evsoc-efinity-v2026.1.132\cam_single\Ti60F225_dsi\ip\hbram\hbram.sv:5309)
[EFX-0011 VERI-WARNING] actual bit length ** differs from formal bit length *** for port '**' (VERI-1330) (C:\Users\Jing-XuanTan(i)\Downloads\evsoc-efinity-v2026.1.132\evsoc-efinity-v2026.1.132\cam_single\Ti60F225_dsi\ip\hbram\hbram.sv:1946)
[EFX-0011 VERI-WARNING] expression size ** truncated to fit in target size ** (VERI-1209) (C:\Users\Jing-XuanTan(i)\Downloads\evsoc-efinity-v2026.1.132\evsoc-efinity-v2026.1.132\cam_single\Ti60F225_dsi\ip\hbram\hbram.sv:3545)
[EFX-0011 VERI-WARNING] actual bit length ** differs from formal bit length *** for port '**' (VERI-1330) (C:\Users\Jing-XuanTan(i)\Downloads\evsoc-efinity-v2026.1.132\evsoc-efinity-v2026.1.132\cam_single\Ti60F225_dsi\ip\hbram\hbram.sv:2351)
[EFX-0011 VERI-WARNING] expression size ** truncated to fit in target size ** (VERI-1209) (C:\Users\Jing-XuanTan(i)\Downloads\evsoc-efinity-v2026.1.132\evsoc-efinity-v2026.1.132\cam_single\Ti60F225_dsi\ip\hbram\hbram.sv:4591)
[EFX-0011 VERI-WARNING] input port 'ram_clk_cal_2' remains unconnected for this instance (VDB-1053) (C:\Users\Jing-XuanTan(i)\Downloads\evsoc-efinity-v2026.1.132\evsoc-efinity-v2026.1.132\cam_single\Ti60F225_dsi\ip\hbram\hbram.sv:147)
[EFX-0011 VERI-WARNING] input port 'native_clk' is not connected on this instance (VDB-1013) (C:\Users\Jing-XuanTan(i)\Downloads\evsoc-efinity-v2026.1.132\evsoc-efinity-v2026.1.132\cam_single\Ti60F225_dsi\ip\hbram\hbram.sv:147)
[EFX-0011 VERI-WARNING] system task 'display' is ignored for synthesis (VERI-1142) (C:\Users\Jing-XuanTan(i)\Downloads\evsoc-efinity-v2026.1.132\evsoc-efinity-v2026.1.132\cam_single\Ti60F225_dsi\ip\SapphireSoc\SapphireSoc.v:24200)
[EFX-0011 VERI-WARNING] net 'IBusCachedPlugin_cache_io_cpu_fetch_isRemoved' does not have a driver (VDB-1002) (C:\Users\Jing-XuanTan(i)\Downloads\evsoc-efinity-v2026.1.132\evsoc-efinity-v2026.1.132\cam_single\Ti60F225_dsi\ip\SapphireSoc\SapphireSoc.v:14091)
[EFX-0011 VERI-WARNING] net 'dataCache_1_io_cpu_writeBack_fence_SW' does not have a driver (VDB-1002) (C:\Users\Jing-XuanTan(i)\Downloads\evsoc-efinity-v2026.1.132\evsoc-efinity-v2026.1.132\cam_single\Ti60F225_dsi\ip\SapphireSoc\SapphireSoc.v:14104)
[EFX-0011 VERI-WARNING] net 'dataCache_1_io_cpu_writeBack_fence_SR' does not have a driver (VDB-1002) (C:\Users\Jing-XuanTan(i)\Downloads\evsoc-efinity-v2026.1.132\evsoc-efinity-v2026.1.132\cam_single\Ti60F225_dsi\ip\SapphireSoc\SapphireSoc.v:14105)
[EFX-0011 VERI-WARNING] net 'dataCache_1_io_cpu_writeBack_fence_SO' does not have a driver (VDB-1002) (C:\Users\Jing-XuanTan(i)\Downloads\evsoc-efinity-v2026.1.132\evsoc-efinity-v2026.1.132\cam_single\Ti60F225_dsi\ip\SapphireSoc\SapphireSoc.v:14106)
[EFX-0011 VERI-WARNING] net 'dataCache_1_io_cpu_writeBack_fence_SI' does not have a driver (VDB-1002) (C:\Users\Jing-XuanTan(i)\Downloads\evsoc-efinity-v2026.1.132\evsoc-efinity-v2026.1.132\cam_single\Ti60F225_dsi\ip\SapphireSoc\SapphireSoc.v:14107)
[EFX-0011 VERI-WARNING] net 'dataCache_1_io_cpu_writeBack_fence_PW' does not have a driver (VDB-1002) (C:\Users\Jing-XuanTan(i)\Downloads\evsoc-efinity-v2026.1.132\evsoc-efinity-v2026.1.132\cam_single\Ti60F225_dsi\ip\SapphireSoc\SapphireSoc.v:14108)
[EFX-0011 VERI-WARNING] net 'dataCache_1_io_cpu_writeBack_fence_PR' does not have a driver (VDB-1002) (C:\Users\Jing-XuanTan(i)\Downloads\evsoc-efinity-v2026.1.132\evsoc-efinity-v2026.1.132\cam_single\Ti60F225_dsi\ip\SapphireSoc\SapphireSoc.v:14109)
[EFX-0011 VERI-WARNING] net 'dataCache_1_io_cpu_writeBack_fence_PO' does not have a driver (VDB-1002) (C:\Users\Jing-XuanTan(i)\Downloads\evsoc-efinity-v2026.1.132\evsoc-efinity-v2026.1.132\cam_single\Ti60F225_dsi\ip\SapphireSoc\SapphireSoc.v:14110)
[EFX-0011 VERI-WARNING] net 'dataCache_1_io_cpu_writeBack_fence_PI' does not have a driver (VDB-1002) (C:\Users\Jing-XuanTan(i)\Downloads\evsoc-efinity-v2026.1.132\evsoc-efinity-v2026.1.132\cam_single\Ti60F225_dsi\ip\SapphireSoc\SapphireSoc.v:14111)
[EFX-0011 VERI-WARNING] net 'dataCache_1_io_cpu_writeBack_fence_FM[3]' does not have a driver (VDB-1002) (C:\Users\Jing-XuanTan(i)\Downloads\evsoc-efinity-v2026.1.132\evsoc-efinity-v2026.1.132\cam_single\Ti60F225_dsi\ip\SapphireSoc\SapphireSoc.v:14112)
[EFX-0011 VERI-WARNING] net 'IBusCachedPlugin_mmuBus_rsp_bypassTranslation' does not have a driver (VDB-1002) (C:\Users\Jing-XuanTan(i)\Downloads\evsoc-efinity-v2026.1.132\evsoc-efinity-v2026.1.132\cam_single\Ti60F225_dsi\ip\SapphireSoc\SapphireSoc.v:14619)
[EFX-0011 VERI-WARNING] net 'DBusCachedPlugin_mmuBus_rsp_bypassTranslation' does not have a driver (VDB-1002) (C:\Users\Jing-XuanTan(i)\Downloads\evsoc-efinity-v2026.1.132\evsoc-efinity-v2026.1.132\cam_single\Ti60F225_dsi\ip\SapphireSoc\SapphireSoc.v:14645)
[EFX-0011 VERI-WARNING] net 'IBusCachedPlugin_iBusRsp_output_payload_rsp_error' does not have a driver (VDB-1002) (C:\Users\Jing-XuanTan(i)\Downloads\evsoc-efinity-v2026.1.132\evsoc-efinity-v2026.1.132\cam_single\Ti60F225_dsi\ip\SapphireSoc\SapphireSoc.v:14753)
[EFX-0011 VERI-WARNING] net 'IBusCachedPlugin_iBusRsp_output_payload_isRvc' does not have a driver (VDB-1002) (C:\Users\Jing-XuanTan(i)\Downloads\evsoc-efinity-v2026.1.132\evsoc-efinity-v2026.1.132\cam_single\Ti60F225_dsi\ip\SapphireSoc\SapphireSoc.v:14755)
[EFX-0011 VERI-WARNING] net 'CsrPlugin_mtvec_mode[1]' does not have a driver (VDB-1002) (C:\Users\Jing-XuanTan(i)\Downloads\evsoc-efinity-v2026.1.132\evsoc-efinity-v2026.1.132\cam_single\Ti60F225_dsi\ip\SapphireSoc\SapphireSoc.v:14989)
[EFX-0011 VERI-WARNING] system function call 'urandom' is not supported (VERI-1141) (C:\Users\Jing-XuanTan(i)\Downloads\evsoc-efinity-v2026.1.132\evsoc-efinity-v2026.1.132\cam_single\Ti60F225_dsi\ip\SapphireSoc\SapphireSoc.v:23325)
[EFX-0011 VERI-WARNING] system function call 'urandom' is not supported (VERI-1141) (C:\Users\Jing-XuanTan(i)\Downloads\evsoc-efinity-v2026.1.132\evsoc-efinity-v2026.1.132\cam_single\Ti60F225_dsi\ip\SapphireSoc\SapphireSoc.v:23326)
[EFX-0011 VERI-WARNING] system function call 'urandom' is not supported (VERI-1141) (C:\Users\Jing-XuanTan(i)\Downloads\evsoc-efinity-v2026.1.132\evsoc-efinity-v2026.1.132\cam_single\Ti60F225_dsi\ip\SapphireSoc\SapphireSoc.v:25602)
[EFX-0011 VERI-WARNING] system function call 'urandom' is not supported (VERI-1141) (C:\Users\Jing-XuanTan(i)\Downloads\evsoc-efinity-v2026.1.132\evsoc-efinity-v2026.1.132\cam_single\Ti60F225_dsi\ip\SapphireSoc\SapphireSoc.v:25603)
[EFX-0011 VERI-WARNING] system function call 'urandom' is not supported (VERI-1141) (C:\Users\Jing-XuanTan(i)\Downloads\evsoc-efinity-v2026.1.132\evsoc-efinity-v2026.1.132\cam_single\Ti60F225_dsi\ip\SapphireSoc\SapphireSoc.v:6383)
[EFX-0011 VERI-WARNING] system function call 'urandom' is not supported (VERI-1141) (C:\Users\Jing-XuanTan(i)\Downloads\evsoc-efinity-v2026.1.132\evsoc-efinity-v2026.1.132\cam_single\Ti60F225_dsi\ip\SapphireSoc\SapphireSoc.v:6384)
[EFX-0011 VERI-WARNING] port 'rst_busy' remains unconnected for this instance (VERI-1927) (C:\Users\Jing-XuanTan(i)\Downloads\evsoc-efinity-v2026.1.132\evsoc-efinity-v2026.1.132\cam_single\Ti60F225_dsi\source/hw_accel/hw_accel_wrapper.v:217)
[EFX-0011 VERI-WARNING] port 'rst_busy' remains unconnected for this instance (VERI-1927) (C:\Users\Jing-XuanTan(i)\Downloads\evsoc-efinity-v2026.1.132\evsoc-efinity-v2026.1.132\cam_single\Ti60F225_dsi\source/hw_accel/hw_accel_wrapper.v:243)
[EFX-0011 VERI-WARNING] port 'a_wr_rst_i' remains unconnected for this instance (VERI-1927) (C:\Users\Jing-XuanTan(i)\Downloads\evsoc-efinity-v2026.1.132\evsoc-efinity-v2026.1.132\cam_single\Ti60F225_dsi\ip\hw_accel_dma_in_fifo\hw_accel_dma_in_fifo.sv:112)
[EFX-0011 VERI-WARNING] input port 'a_wr_rst_i' is not connected on this instance (VDB-1013) (C:\Users\Jing-XuanTan(i)\Downloads\evsoc-efinity-v2026.1.132\evsoc-efinity-v2026.1.132\cam_single\Ti60F225_dsi\ip\hw_accel_dma_in_fifo\hw_accel_dma_in_fifo.sv:93)
[EFX-0011 VERI-WARNING] port 'a_wr_rst_i' remains unconnected for this instance (VERI-1927) (C:\Users\Jing-XuanTan(i)\Downloads\evsoc-efinity-v2026.1.132\evsoc-efinity-v2026.1.132\cam_single\Ti60F225_dsi\ip\hw_accel_dma_out_fifo\hw_accel_dma_out_fifo.sv:112)
[EFX-0011 VERI-WARNING] input port 'a_wr_rst_i' is not connected on this instance (VDB-1013) (C:\Users\Jing-XuanTan(i)\Downloads\evsoc-efinity-v2026.1.132\evsoc-efinity-v2026.1.132\cam_single\Ti60F225_dsi\ip\hw_accel_dma_out_fifo\hw_accel_dma_out_fifo.sv:93)
[EFX-0011 VERI-WARNING] system function call 'urandom' is not supported (VERI-1141) (C:\Users\Jing-XuanTan(i)\Downloads\evsoc-efinity-v2026.1.132\evsoc-efinity-v2026.1.132\cam_single\Ti60F225_dsi\ip\dma\dma.v:13453)
[EFX-0011 VERI-WARNING] system function call 'urandom' is not supported (VERI-1141) (C:\Users\Jing-XuanTan(i)\Downloads\evsoc-efinity-v2026.1.132\evsoc-efinity-v2026.1.132\cam_single\Ti60F225_dsi\ip\dma\dma.v:13454)
[EFX-0011 VERI-WARNING] system function call 'urandom' is not supported (VERI-1141) (C:\Users\Jing-XuanTan(i)\Downloads\evsoc-efinity-v2026.1.132\evsoc-efinity-v2026.1.132\cam_single\Ti60F225_dsi\ip\dma\dma.v:13455)
[EFX-0011 VERI-WARNING] system function call 'urandom' is not supported (VERI-1141) (C:\Users\Jing-XuanTan(i)\Downloads\evsoc-efinity-v2026.1.132\evsoc-efinity-v2026.1.132\cam_single\Ti60F225_dsi\ip\dma\dma.v:13456)
[EFX-0011 VERI-WARNING] system function call 'urandom' is not supported (VERI-1141) (C:\Users\Jing-XuanTan(i)\Downloads\evsoc-efinity-v2026.1.132\evsoc-efinity-v2026.1.132\cam_single\Ti60F225_dsi\ip\dma\dma.v:13457)
[EFX-0011 VERI-WARNING] actual bit length 16 differs from formal bit length 14 for port 'ctrl_PADDR' (VERI-1330) (C:\Users\Jing-XuanTan(i)\Downloads\evsoc-efinity-v2026.1.132\evsoc-efinity-v2026.1.132\cam_single\Ti60F225_dsi\edge_vision_soc.v:1439)
[EFX-0011 VERI-WARNING] system task 'display' is ignored for synthesis (VERI-1142) (C:\Users\Jing-XuanTan(i)\Downloads\evsoc-efinity-v2026.1.132\evsoc-efinity-v2026.1.132\cam_single\Ti60F225_dsi\source/axi/axi_interconnect.v:220)
[EFX-0011 VERI-WARNING] system task 'display' is ignored for synthesis (VERI-1142) (C:\Users\Jing-XuanTan(i)\Downloads\evsoc-efinity-v2026.1.132\evsoc-efinity-v2026.1.132\cam_single\Ti60F225_dsi\source/axi/axi_interconnect.v:223)
[EFX-0011 VERI-WARNING] expression size 32 truncated to fit in target size 2 (VERI-1209) (C:\Users\Jing-XuanTan(i)\Downloads\evsoc-efinity-v2026.1.132\evsoc-efinity-v2026.1.132\cam_single\Ti60F225_dsi\source/axi/priority_encoder.v:89)
[EFX-0011 VERI-WARNING] expression size 32 truncated to fit in target size 4 (VERI-1209) (C:\Users\Jing-XuanTan(i)\Downloads\evsoc-efinity-v2026.1.132\evsoc-efinity-v2026.1.132\cam_single\Ti60F225_dsi\source/axi/priority_encoder.v:89)
[EFX-0011 VERI-WARNING] right shift count >= width of value (VERI-1959) (C:\Users\Jing-XuanTan(i)\Downloads\evsoc-efinity-v2026.1.132\evsoc-efinity-v2026.1.132\cam_single\Ti60F225_dsi\source/axi/axi_interconnect.v:566)
[EFX-0011 VERI-WARNING] expression size 32 truncated to fit in target size 8 (VERI-1209) (C:\Users\Jing-XuanTan(i)\Downloads\evsoc-efinity-v2026.1.132\evsoc-efinity-v2026.1.132\cam_single\Ti60F225_dsi\source/axi/axi_interconnect.v:689)
[EFX-0011 VERI-WARNING] input port 'Rx_HS_D_2[7]' remains unconnected for this instance (VDB-1053) (C:\Users\Jing-XuanTan(i)\Downloads\evsoc-efinity-v2026.1.132\evsoc-efinity-v2026.1.132\cam_single\Ti60F225_dsi\edge_vision_soc.v:766)
[EFX-0011 VERI-WARNING] input port 'system_spi_0_io_data_2_read' remains unconnected for this instance (VDB-1053) (C:\Users\Jing-XuanTan(i)\Downloads\evsoc-efinity-v2026.1.132\evsoc-efinity-v2026.1.132\cam_single\Ti60F225_dsi\edge_vision_soc.v:1205)
[EFX-0011 VERI-WARNING] input port 'dat1_o_tready' remains unconnected for this instance (VDB-1053) (C:\Users\Jing-XuanTan(i)\Downloads\evsoc-efinity-v2026.1.132\evsoc-efinity-v2026.1.132\cam_single\Ti60F225_dsi\edge_vision_soc.v:1434)
[EFX-0011 VERI-WARNING] input port 's_axi_awuser[1]' remains unconnected for this instance (VDB-1053) (C:\Users\Jing-XuanTan(i)\Downloads\evsoc-efinity-v2026.1.132\evsoc-efinity-v2026.1.132\cam_single\Ti60F225_dsi\edge_vision_soc.v:1578)
[EFX-0200 WARNING] Removing redundant signal : Rx_HS_D_2[7:0]. (C:\Users\Jing-XuanTan(i)\Downloads\evsoc-efinity-v2026.1.132\evsoc-efinity-v2026.1.132\cam_single\Ti60F225_dsi\ip\csi2_rx_cam\csi2_rx_cam.sv:6307)
[EFX-0200 WARNING] Removing redundant signal : Rx_HS_D_3[7:0]. (C:\Users\Jing-XuanTan(i)\Downloads\evsoc-efinity-v2026.1.132\evsoc-efinity-v2026.1.132\cam_single\Ti60F225_dsi\ip\csi2_rx_cam\csi2_rx_cam.sv:6307)
[EFX-0200 WARNING] Removing redundant signal : Rx_HS_D_4[7:0]. (C:\Users\Jing-XuanTan(i)\Downloads\evsoc-efinity-v2026.1.132\evsoc-efinity-v2026.1.132\cam_single\Ti60F225_dsi\ip\csi2_rx_cam\csi2_rx_cam.sv:6307)
[EFX-0200 WARNING] Removing redundant signal : Rx_HS_D_5[7:0]. (C:\Users\Jing-XuanTan(i)\Downloads\evsoc-efinity-v2026.1.132\evsoc-efinity-v2026.1.132\cam_single\Ti60F225_dsi\ip\csi2_rx_cam\csi2_rx_cam.sv:6307)
[EFX-0200 WARNING] Removing redundant signal : Rx_HS_D_6[7:0]. (C:\Users\Jing-XuanTan(i)\Downloads\evsoc-efinity-v2026.1.132\evsoc-efinity-v2026.1.132\cam_single\Ti60F225_dsi\ip\csi2_rx_cam\csi2_rx_cam.sv:6307)
[EFX-0200 WARNING] Removing redundant signal : Rx_HS_D_7[7:0]. (C:\Users\Jing-XuanTan(i)\Downloads\evsoc-efinity-v2026.1.132\evsoc-efinity-v2026.1.132\cam_single\Ti60F225_dsi\ip\csi2_rx_cam\csi2_rx_cam.sv:6307)
[EFX-0200 WARNING] Removing redundant signal : u_dly_enable_D[1:0]. (C:\Users\Jing-XuanTan(i)\Downloads\evsoc-efinity-v2026.1.132\evsoc-efinity-v2026.1.132\cam_single\Ti60F225_dsi\ip\csi2_rx_cam\csi2_rx_cam.sv:6307)
[EFX-0200 WARNING] Removing redundant signal : u_dly_inc_D[1:0]. (C:\Users\Jing-XuanTan(i)\Downloads\evsoc-efinity-v2026.1.132\evsoc-efinity-v2026.1.132\cam_single\Ti60F225_dsi\ip\csi2_rx_cam\csi2_rx_cam.sv:6307)
[EFX-0200 WARNING] Removing redundant signal : axi_awaddr[1:0]. (C:\Users\Jing-XuanTan(i)\Downloads\evsoc-efinity-v2026.1.132\evsoc-efinity-v2026.1.132\cam_single\Ti60F225_dsi\ip\csi2_rx_cam\csi2_rx_cam.sv:5564)
[EFX-0200 WARNING] Removing redundant signal : axi_araddr[1:0]. (C:\Users\Jing-XuanTan(i)\Downloads\evsoc-efinity-v2026.1.132\evsoc-efinity-v2026.1.132\cam_single\Ti60F225_dsi\ip\csi2_rx_cam\csi2_rx_cam.sv:5564)
[EFX-0200 WARNING] Removing redundant signal : loc_rdata[31:0]. (C:\Users\Jing-XuanTan(i)\Downloads\evsoc-efinity-v2026.1.132\evsoc-efinity-v2026.1.132\cam_single\Ti60F225_dsi\ip\csi2_rx_cam\csi2_rx_cam.sv:5564)
[EFX-0200 WARNING] Removing redundant signal : nextCRC16_D16.fcrc[15:0]. (C:\Users\Jing-XuanTan(i)\Downloads\evsoc-efinity-v2026.1.132\evsoc-efinity-v2026.1.132\cam_single\Ti60F225_dsi\ip\csi2_rx_cam\csi2_rx_cam.sv:1466)
[EFX-0200 WARNING] Removing redundant signal : nextCRC16_D16.Data[15:0]. (C:\Users\Jing-XuanTan(i)\Downloads\evsoc-efinity-v2026.1.132\evsoc-efinity-v2026.1.132\cam_single\Ti60F225_dsi\ip\csi2_rx_cam\csi2_rx_cam.sv:1466)
[EFX-0200 WARNING] Removing redundant signal : nextCRC16_D16[15:0]. (C:\Users\Jing-XuanTan(i)\Downloads\evsoc-efinity-v2026.1.132\evsoc-efinity-v2026.1.132\cam_single\Ti60F225_dsi\ip\csi2_rx_cam\csi2_rx_cam.sv:1466)
[EFX-0200 WARNING] Removing redundant signal : nextCRC16_D16.c[15:0]. (C:\Users\Jing-XuanTan(i)\Downloads\evsoc-efinity-v2026.1.132\evsoc-efinity-v2026.1.132\cam_single\Ti60F225_dsi\ip\csi2_rx_cam\csi2_rx_cam.sv:1466)
[EFX-0200 WARNING] Removing redundant signal : nextCRC16_D16.d[15:0]. (C:\Users\Jing-XuanTan(i)\Downloads\evsoc-efinity-v2026.1.132\evsoc-efinity-v2026.1.132\cam_single\Ti60F225_dsi\ip\csi2_rx_cam\csi2_rx_cam.sv:1466)
[EFX-0200 WARNING] Removing redundant signal : nextCRC16_D16.newcrc[15:0]. (C:\Users\Jing-XuanTan(i)\Downloads\evsoc-efinity-v2026.1.132\evsoc-efinity-v2026.1.132\cam_single\Ti60F225_dsi\ip\csi2_rx_cam\csi2_rx_cam.sv:1466)
[EFX-0200 WARNING] Removing redundant signal : nextCRC16_D8[15:0]. (C:\Users\Jing-XuanTan(i)\Downloads\evsoc-efinity-v2026.1.132\evsoc-efinity-v2026.1.132\cam_single\Ti60F225_dsi\ip\csi2_rx_cam\csi2_rx_cam.sv:1466)
[EFX-0200 WARNING] Removing redundant signal : nextCRC16_D8.Data[7:0]. (C:\Users\Jing-XuanTan(i)\Downloads\evsoc-efinity-v2026.1.132\evsoc-efinity-v2026.1.132\cam_single\Ti60F225_dsi\ip\csi2_rx_cam\csi2_rx_cam.sv:1466)
[EFX-0200 WARNING] Removing redundant signal : nextCRC16_D8.fcrc[15:0]. (C:\Users\Jing-XuanTan(i)\Downloads\evsoc-efinity-v2026.1.132\evsoc-efinity-v2026.1.132\cam_single\Ti60F225_dsi\ip\csi2_rx_cam\csi2_rx_cam.sv:1466)
[EFX-0201 WARNING] Re-wiring to GND non-driven net/port 'a_wr_rst_i' in module 'efx_fifo_top_04a96f5177a940fe94d182603b3fa9c9(FAMILY="",SYNC_CLK=1,PIPELINE_REG=0,OUTPUT_REG=1,PROGRAMMABLE_FULL="NONE",PROG_FULL_ASSERT=510,PROG_FULL_NEGATE=510,PROGRAMMABLE_EMPTY="NONE",PROG_EMPTY_ASSERT=2,PROG_EMPTY_NEGATE=3)'. (C:\Users\Jing-XuanTan(i)\Downloads\evsoc-efinity-v2026.1.132\evsoc-efinity-v2026.1.132\cam_single\Ti60F225_dsi\ip\cam_pixel_remap_fifo\cam_pixel_remap_fifo.sv:92)
[EFX-0201 WARNING] Re-wiring to GND non-driven net/port 'a_rd_rst_i' in module 'efx_fifo_top_04a96f5177a940fe94d182603b3fa9c9(FAMILY="",SYNC_CLK=1,PIPELINE_REG=0,OUTPUT_REG=1,PROGRAMMABLE_FULL="NONE",PROG_FULL_ASSERT=510,PROG_FULL_NEGATE=510,PROGRAMMABLE_EMPTY="NONE",PROG_EMPTY_ASSERT=2,PROG_EMPTY_NEGATE=3)'. (C:\Users\Jing-XuanTan(i)\Downloads\evsoc-efinity-v2026.1.132\evsoc-efinity-v2026.1.132\cam_single\Ti60F225_dsi\ip\cam_pixel_remap_fifo\cam_pixel_remap_fifo.sv:92)
[EFX-0201 WARNING] Re-wiring to GND non-driven net/port 'wr_clk_i' in module 'efx_fifo_top_04a96f5177a940fe94d182603b3fa9c9(FAMILY="",SYNC_CLK=1,PIPELINE_REG=0,OUTPUT_REG=1,PROGRAMMABLE_FULL="NONE",PROG_FULL_ASSERT=510,PROG_FULL_NEGATE=510,PROGRAMMABLE_EMPTY="NONE",PROG_EMPTY_ASSERT=2,PROG_EMPTY_NEGATE=3)'. (C:\Users\Jing-XuanTan(i)\Downloads\evsoc-efinity-v2026.1.132\evsoc-efinity-v2026.1.132\cam_single\Ti60F225_dsi\ip\cam_pixel_remap_fifo\cam_pixel_remap_fifo.sv:92)
[EFX-0201 WARNING] Re-wiring to GND non-driven net/port 'rd_clk_i' in module 'efx_fifo_top_04a96f5177a940fe94d182603b3fa9c9(FAMILY="",SYNC_CLK=1,PIPELINE_REG=0,OUTPUT_REG=1,PROGRAMMABLE_FULL="NONE",PROG_FULL_ASSERT=510,PROG_FULL_NEGATE=510,PROGRAMMABLE_EMPTY="NONE",PROG_EMPTY_ASSERT=2,PROG_EMPTY_NEGATE=3)'. (C:\Users\Jing-XuanTan(i)\Downloads\evsoc-efinity-v2026.1.132\evsoc-efinity-v2026.1.132\cam_single\Ti60F225_dsi\ip\cam_pixel_remap_fifo\cam_pixel_remap_fifo.sv:92)
[EFX-0201 WARNING] Re-wiring to GND non-driven net/port 'a_wr_rst_i' in module 'efx_fifo_top_b0792a13d328448586f08ea7d102f373(FAMILY="",SYNC_CLK=1,MODE="FWFT",DEPTH=1024,DATA_WIDTH=48,PIPELINE_REG=0,PROGRAMMABLE_FULL="NONE",PROG_FULL_ASSERT=512,PROG_FULL_NEGATE=512,PROGRAMMABLE_EMPTY="NONE",PROG_EMPTY_ASSERT=2,PROG_EMPTY_NEGATE=3)'. (C:\Users\Jing-XuanTan(i)\Downloads\evsoc-efinity-v2026.1.132\evsoc-efinity-v2026.1.132\cam_single\Ti60F225_dsi\ip\cam_dma_fifo\cam_dma_fifo.sv:92)
[EFX-0201 WARNING] Re-wiring to GND non-driven net/port 'a_rd_rst_i' in module 'efx_fifo_top_b0792a13d328448586f08ea7d102f373(FAMILY="",SYNC_CLK=1,MODE="FWFT",DEPTH=1024,DATA_WIDTH=48,PIPELINE_REG=0,PROGRAMMABLE_FULL="NONE",PROG_FULL_ASSERT=512,PROG_FULL_NEGATE=512,PROGRAMMABLE_EMPTY="NONE",PROG_EMPTY_ASSERT=2,PROG_EMPTY_NEGATE=3)'. (C:\Users\Jing-XuanTan(i)\Downloads\evsoc-efinity-v2026.1.132\evsoc-efinity-v2026.1.132\cam_single\Ti60F225_dsi\ip\cam_dma_fifo\cam_dma_fifo.sv:92)
[EFX-0201 WARNING] Re-wiring to GND non-driven net/port 'wr_clk_i' in module 'efx_fifo_top_b0792a13d328448586f08ea7d102f373(FAMILY="",SYNC_CLK=1,MODE="FWFT",DEPTH=1024,DATA_WIDTH=48,PIPELINE_REG=0,PROGRAMMABLE_FULL="NONE",PROG_FULL_ASSERT=512,PROG_FULL_NEGATE=512,PROGRAMMABLE_EMPTY="NONE",PROG_EMPTY_ASSERT=2,PROG_EMPTY_NEGATE=3)'. (C:\Users\Jing-XuanTan(i)\Downloads\evsoc-efinity-v2026.1.132\evsoc-efinity-v2026.1.132\cam_single\Ti60F225_dsi\ip\cam_dma_fifo\cam_dma_fifo.sv:92)
[EFX-0201 WARNING] Re-wiring to GND non-driven net/port 'rd_clk_i' in module 'efx_fifo_top_b0792a13d328448586f08ea7d102f373(FAMILY="",SYNC_CLK=1,MODE="FWFT",DEPTH=1024,DATA_WIDTH=48,PIPELINE_REG=0,PROGRAMMABLE_FULL="NONE",PROG_FULL_ASSERT=512,PROG_FULL_NEGATE=512,PROGRAMMABLE_EMPTY="NONE",PROG_EMPTY_ASSERT=2,PROG_EMPTY_NEGATE=3)'. (C:\Users\Jing-XuanTan(i)\Downloads\evsoc-efinity-v2026.1.132\evsoc-efinity-v2026.1.132\cam_single\Ti60F225_dsi\ip\cam_dma_fifo\cam_dma_fifo.sv:92)
[EFX-0201 WARNING] Re-wiring to GND non-driven net/port 'a_wr_rst_i' in module 'efx_fifo_top_0ebd061cc55a4cdb9867e4fd870758a2(FAMILY="",SYNC_CLK=1,DEPTH=1024,DATA_WIDTH=48,PIPELINE_REG=0,OUTPUT_REG=1,PROGRAMMABLE_FULL="NONE",PROG_FULL_ASSERT=512,PROG_FULL_NEGATE=512,PROGRAMMABLE_EMPTY="NONE",PROG_EMPTY_ASSERT=2,PROG_EMPTY_NEGATE=3)'. (C:\Users\Jing-XuanTan(i)\Downloads\evsoc-efinity-v2026.1.132\evsoc-efinity-v2026.1.132\cam_single\Ti60F225_dsi\ip\display_dma_fifo\display_dma_fifo.sv:92)
[EFX-0201 WARNING] Re-wiring to GND non-driven net/port 'a_rd_rst_i' in module 'efx_fifo_top_0ebd061cc55a4cdb9867e4fd870758a2(FAMILY="",SYNC_CLK=1,DEPTH=1024,DATA_WIDTH=48,PIPELINE_REG=0,OUTPUT_REG=1,PROGRAMMABLE_FULL="NONE",PROG_FULL_ASSERT=512,PROG_FULL_NEGATE=512,PROGRAMMABLE_EMPTY="NONE",PROG_EMPTY_ASSERT=2,PROG_EMPTY_NEGATE=3)'. (C:\Users\Jing-XuanTan(i)\Downloads\evsoc-efinity-v2026.1.132\evsoc-efinity-v2026.1.132\cam_single\Ti60F225_dsi\ip\display_dma_fifo\display_dma_fifo.sv:92)
[EFX-0657 WARNING] Mapping into logic memory block 'logic_progbufX_mem' (64 bits) (C:\Users\Jing-XuanTan(i)\Downloads\evsoc-efinity-v2026.1.132\evsoc-efinity-v2026.1.132\cam_single\Ti60F225_dsi\ip\SapphireSoc\SapphireSoc.v:13208) because size is too small (<=64)
[EFX-0657 WARNING] Mapping into logic memory block 'logic_ram' (64 bits) (C:\Users\Jing-XuanTan(i)\Downloads\evsoc-efinity-v2026.1.132\evsoc-efinity-v2026.1.132\cam_single\Ti60F225_dsi\ip\SapphireSoc\SapphireSoc.v:22209) because size is too small (<=64)
[EFX-0657 WARNING] Mapping into logic memory block 'logic_ram' (16 bits) (C:\Users\Jing-XuanTan(i)\Downloads\evsoc-efinity-v2026.1.132\evsoc-efinity-v2026.1.132\cam_single\Ti60F225_dsi\ip\SapphireSoc\SapphireSoc.v:22052) because size is too small (<=64)
[EFX-0657 WARNING] Mapping into logic memory block 'u_apb3_cam_display/slaveReg' (224 bits) (C:\Users\Jing-XuanTan(i)\Downloads\evsoc-efinity-v2026.1.132\evsoc-efinity-v2026.1.132\cam_single\Ti60F225_dsi\source/common/common_apb3.v:48) because it has all constant reader/writer.
[EFX-0011 VERI-WARNING] Input/inout port i_mipi_txc_sclk is unconnected. Place and route may remove this unconnected port. (VDB-8003) (C:\Users\Jing-XuanTan(i)\Downloads\evsoc-efinity-v2026.1.132\evsoc-efinity-v2026.1.132\cam_single\Ti60F225_dsi\edge_vision_soc.v:26)
[EFX-0011 VERI-WARNING] Input/inout port i_mipi_txd_sclk is unconnected. Place and route may remove this unconnected port. (VDB-8003) (C:\Users\Jing-XuanTan(i)\Downloads\evsoc-efinity-v2026.1.132\evsoc-efinity-v2026.1.132\cam_single\Ti60F225_dsi\edge_vision_soc.v:27)
[EFX-0011 VERI-WARNING] Input/inout port i_mipi_tx_pll_locked is unconnected. Place and route may remove this unconnected port. (VDB-8003) (C:\Users\Jing-XuanTan(i)\Downloads\evsoc-efinity-v2026.1.132\evsoc-efinity-v2026.1.132\cam_single\Ti60F225_dsi\edge_vision_soc.v:29)
[EFX-0011 VERI-WARNING] Input/inout port i_hbramClk90 is unconnected. Place and route may remove this unconnected port. (VDB-8003) (C:\Users\Jing-XuanTan(i)\Downloads\evsoc-efinity-v2026.1.132\evsoc-efinity-v2026.1.132\cam_single\Ti60F225_dsi\edge_vision_soc.v:33)
[EFX-0011 VERI-WARNING] Input/inout port i_cam_d0_HS_IN_1[7] is unconnected. Place and route may remove this unconnected port. (VDB-8003) (C:\Users\Jing-XuanTan(i)\Downloads\evsoc-efinity-v2026.1.132\evsoc-efinity-v2026.1.132\cam_single\Ti60F225_dsi\edge_vision_soc.v:74)
[EFX-0011 VERI-WARNING] Input/inout port i_cam_d0_HS_IN_2[7] is unconnected. Place and route may remove this unconnected port. (VDB-8003) (C:\Users\Jing-XuanTan(i)\Downloads\evsoc-efinity-v2026.1.132\evsoc-efinity-v2026.1.132\cam_single\Ti60F225_dsi\edge_vision_soc.v:75)
[EFX-0011 VERI-WARNING] Input/inout port i_cam_d0_HS_IN_3[7] is unconnected. Place and route may remove this unconnected port. (VDB-8003) (C:\Users\Jing-XuanTan(i)\Downloads\evsoc-efinity-v2026.1.132\evsoc-efinity-v2026.1.132\cam_single\Ti60F225_dsi\edge_vision_soc.v:76)
[EFX-0011 VERI-WARNING] Input/inout port i_cam_d1_HS_IN_1[7] is unconnected. Place and route may remove this unconnected port. (VDB-8003) (C:\Users\Jing-XuanTan(i)\Downloads\evsoc-efinity-v2026.1.132\evsoc-efinity-v2026.1.132\cam_single\Ti60F225_dsi\edge_vision_soc.v:89)
[EFX-0011 VERI-WARNING] Input/inout port i_cam_d1_HS_IN_2[7] is unconnected. Place and route may remove this unconnected port. (VDB-8003) (C:\Users\Jing-XuanTan(i)\Downloads\evsoc-efinity-v2026.1.132\evsoc-efinity-v2026.1.132\cam_single\Ti60F225_dsi\edge_vision_soc.v:90)
[EFX-0011 VERI-WARNING] Input/inout port i_cam_d1_HS_IN_3[7] is unconnected. Place and route may remove this unconnected port. (VDB-8003) (C:\Users\Jing-XuanTan(i)\Downloads\evsoc-efinity-v2026.1.132\evsoc-efinity-v2026.1.132\cam_single\Ti60F225_dsi\edge_vision_soc.v:91)
[EFX-0011 VERI-WARNING] Input/inout port sw6 is unconnected. Place and route may remove this unconnected port. (VDB-8003) (C:\Users\Jing-XuanTan(i)\Downloads\evsoc-efinity-v2026.1.132\evsoc-efinity-v2026.1.132\cam_single\Ti60F225_dsi\edge_vision_soc.v:181)
[EFX-0011 VERI-WARNING] Input/inout port sw7 is unconnected. Place and route may remove this unconnected port. (VDB-8003) (C:\Users\Jing-XuanTan(i)\Downloads\evsoc-efinity-v2026.1.132\evsoc-efinity-v2026.1.132\cam_single\Ti60F225_dsi\edge_vision_soc.v:182)
[EFX-0011 VERI-WARNING] Net u_risc_v/u_EfxSapphireSoc/system_cores_0_logic_cpu/IBusCachedPlugin_cache/lineLoader_address[4] is dangling. (VDB-8009) 
[EFX-0011 VERI-WARNING] Net u_risc_v/u_EfxSapphireSoc/system_cores_0_logic_cpu/IBusCachedPlugin_cache/lineLoader_address[2] is dangling. (VDB-8009) 
[EFX-0011 VERI-WARNING] Net u_risc_v/u_EfxSapphireSoc/system_cores_0_logic_cpu/IBusCachedPlugin_cache/lineLoader_address[3] is dangling. (VDB-8009) 
[EFX-0011 VERI-WARNING] Net u_risc_v/u_EfxSapphireSoc/system_cores_0_logic_cpu/IBusCachedPlugin_cache/lineLoader_address[1] is dangling. (VDB-8009) 
[EFX-0011 VERI-WARNING] Net u_risc_v/u_EfxSapphireSoc/system_cores_0_logic_cpu/IBusCachedPlugin_cache/lineLoader_address[0] is dangling. (VDB-8009) 
[EFX-0011 VERI-WARNING] Net soc_io_w_payload_id[0] is dangling. (VDB-8009) 
[EFX-0011 VERI-WARNING] Net soc_io_arw_payload_region[0] is dangling. (VDB-8009) 
[EFX-0011 VERI-WARNING] Net soc_io_arw_payload_cache[0] is dangling. (VDB-8009) 
[EFX-0011 VERI-WARNING] Net u_risc_v/u_EfxSapphireSoc/io_ddrA_r_rData_id[0] is dangling. (VDB-8009) 
[EFX-0011 VERI-WARNING] Net soc_io_arw_payload_prot[0] is dangling. (VDB-8009) 
[EFX-0011 VERI-WARNING] Net soc_io_arw_payload_lock is dangling. (VDB-8009) 
[EFX-0011 VERI-WARNING] Net soc_io_arw_payload_qos[0] is dangling. (VDB-8009) 
[EFX-0011 VERI-WARNING] Net u_risc_v/u_EfxSapphireSoc/system_cores_0_logic_cpu/IBusCachedPlugin_cache/lineLoader_address[5] is dangling. (VDB-8009) 
[EFX-0011 VERI-WARNING] Net soc_io_arw_payload_addr[31] is dangling. (VDB-8009) 
[EFX-0011 VERI-WARNING] Net soc_io_w_payload_id[1] is dangling. (VDB-8009) 
[EFX-0011 VERI-WARNING] Net soc_io_w_payload_id[2] is dangling. (VDB-8009) 
[EFX-0011 VERI-WARNING] Net soc_io_w_payload_id[3] is dangling. (VDB-8009) 
[EFX-0011 VERI-WARNING] Net soc_io_w_payload_id[4] is dangling. (VDB-8009) 
[EFX-0011 VERI-WARNING] Net soc_io_w_payload_id[5] is dangling. (VDB-8009) 
[EFX-0011 VERI-WARNING] Net soc_io_w_payload_id[6] is dangling. (VDB-8009) 
[EFX-0011 VERI-WARNING] Net soc_io_w_payload_id[7] is dangling. (VDB-8009) 
[EFX-0011 VERI-WARNING] Net u_risc_v/u_EfxSapphireSoc/io_ddrA_r_rData_id[1] is dangling. (VDB-8009) 
[EFX-0011 VERI-WARNING] Net u_risc_v/u_EfxSapphireSoc/io_ddrA_r_rData_id[2] is dangling. (VDB-8009) 
[EFX-0011 VERI-WARNING] Net u_risc_v/u_EfxSapphireSoc/io_ddrA_r_rData_id[3] is dangling. (VDB-8009) 
[EFX-0011 VERI-WARNING] Net u_risc_v/u_EfxSapphireSoc/io_ddrA_r_rData_id[4] is dangling. (VDB-8009) 
[EFX-0011 VERI-WARNING] Net u_risc_v/u_EfxSapphireSoc/io_ddrA_r_rData_id[5] is dangling. (VDB-8009) 
[EFX-0011 VERI-WARNING] Net u_risc_v/u_EfxSapphireSoc/io_ddrA_r_rData_id[6] is dangling. (VDB-8009) 
[EFX-0011 VERI-WARNING] Net u_risc_v/u_EfxSapphireSoc/io_ddrA_r_rData_id[7] is dangling. (VDB-8009) 
[EFX-0011 VERI-WARNING] Net soc_io_arw_payload_region[1] is dangling. (VDB-8009) 
[EFX-0011 VERI-WARNING] Net soc_io_arw_payload_region[2] is dangling. (VDB-8009) 
[EFX-0011 VERI-WARNING] Net soc_io_arw_payload_region[3] is dangling. (VDB-8009) 
[EFX-0011 VERI-WARNING] Net soc_io_arw_payload_cache[1] is dangling. (VDB-8009) 
[EFX-0011 VERI-WARNING] Net soc_io_arw_payload_cache[2] is dangling. (VDB-8009) 
[EFX-0011 VERI-WARNING] Net soc_io_arw_payload_cache[3] is dangling. (VDB-8009) 
[EFX-0011 VERI-WARNING] Net soc_io_arw_payload_qos[1] is dangling. (VDB-8009) 
[EFX-0011 VERI-WARNING] Net soc_io_arw_payload_qos[2] is dangling. (VDB-8009) 
[EFX-0011 VERI-WARNING] Net soc_io_arw_payload_qos[3] is dangling. (VDB-8009) 
[EFX-0011 VERI-WARNING] Net soc_io_arw_payload_prot[1] is dangling. (VDB-8009) 
[EFX-0011 VERI-WARNING] Net soc_io_arw_payload_prot[2] is dangling. (VDB-8009) 
[EFX-0011 VERI-WARNING] Net dma_arregion[0] is dangling. (VDB-8009) 
[EFX-0011 VERI-WARNING] Net dma_awregion[0] is dangling. (VDB-8009) 
[EFX-0011 VERI-WARNING] Net dma_arregion[1] is dangling. (VDB-8009) 
[EFX-0011 VERI-WARNING] Net dma_arregion[2] is dangling. (VDB-8009) 
[EFX-0011 VERI-WARNING] Net dma_arregion[3] is dangling. (VDB-8009) 
[EFX-0011 VERI-WARNING] Net dma_awregion[1] is dangling. (VDB-8009) 
[EFX-0011 VERI-WARNING] Net dma_awregion[2] is dangling. (VDB-8009) 
[EFX-0011 VERI-WARNING] Net dma_awregion[3] is dangling. (VDB-8009) 
[EFX-0011 VERI-WARNING] Net u_hbram/u_hbram_top/hbc_dq_OE_2[0] is dangling. (VDB-8009) 
[EFX-0011 VERI-WARNING] Net u_hbram/u_hbram_top/hbc_dq_OE_2[1] is dangling. (VDB-8009) 
[EFX-0011 VERI-WARNING] Net u_hbram/u_hbram_top/hbc_dq_OE_2[2] is dangling. (VDB-8009) 
[EFX-0011 VERI-WARNING] Net u_hbram/u_hbram_top/hbc_dq_OE_2[3] is dangling. (VDB-8009) 
[EFX-0011 VERI-WARNING] Net u_hbram/u_hbram_top/hbc_dq_OE_2[4] is dangling. (VDB-8009) 
[EFX-0011 VERI-WARNING] Net u_hbram/u_hbram_top/hbc_dq_OE_2[5] is dangling. (VDB-8009) 
[EFX-0011 VERI-WARNING] Net u_hbram/u_hbram_top/hbc_dq_OE_2[6] is dangling. (VDB-8009) 
[EFX-0011 VERI-WARNING] Net u_hbram/u_hbram_top/hbc_dq_OE_2[7] is dangling. (VDB-8009) 
[EFX-0011 VERI-WARNING] Net u_hbram/u_hbram_top/hbc_dq_OE_2[8] is dangling. (VDB-8009) 
[EFX-0011 VERI-WARNING] Net u_hbram/u_hbram_top/hbc_dq_OE_2[9] is dangling. (VDB-8009) 
[EFX-0011 VERI-WARNING] Net u_hbram/u_hbram_top/hbc_dq_OE_2[10] is dangling. (VDB-8009) 
[EFX-0011 VERI-WARNING] Net u_hbram/u_hbram_top/hbc_dq_OE_2[11] is dangling. (VDB-8009) 
[EFX-0011 VERI-WARNING] Net u_hbram/u_hbram_top/hbc_dq_OE_2[12] is dangling. (VDB-8009) 
[EFX-0011 VERI-WARNING] Net u_hbram/u_hbram_top/hbc_dq_OE_2[13] is dangling. (VDB-8009) 
[EFX-0011 VERI-WARNING] Net u_hbram/u_hbram_top/hbc_dq_OE_2[14] is dangling. (VDB-8009) 
[EFX-0011 VERI-WARNING] Net u_hbram/u_hbram_top/hbc_dq_OE_2[15] is dangling. (VDB-8009) 
[EFX-0011 VERI-WARNING] Net u_risc_v/u_EfxSapphireSoc/system_ddr_ddrLogic_cc_fifo/io_output_rsp_queue/popCC_popPtrPlus[0] is dangling. (VDB-8009) 
[EFX-0011 VERI-WARNING] Net u_risc_v/u_EfxSapphireSoc/system_ddr_ddrLogic_cc_fifo/io_input_cmd_queue/popCC_popPtrPlus[0] is dangling. (VDB-8009) 
[EFX-0011 VERI-WARNING] Net u_risc_v/u_EfxSapphireSoc/system_bridge_bmb_crossClock/io_output_rsp_queue/popCC_popPtrPlus[0] is dangling. (VDB-8009) 
[EFX-0011 VERI-WARNING] Net u_risc_v/u_EfxSapphireSoc/system_bridge_bmb_crossClock/io_input_cmd_queue/popCC_popPtrPlus[0] is dangling. (VDB-8009) 
[EFX-0011 VERI-WARNING] Net u_dma/u_EfxDMA/outputsAdapter_2_crossclock_fifo/popCC_popPtrPlus[0] is dangling. (VDB-8009) 
[EFX-0011 VERI-WARNING] Net u_dma/u_EfxDMA/inputsAdapter_1_crossclock_fifo/popCC_popPtrPlus[0] is dangling. (VDB-8009) 
[EFX-0011 VERI-WARNING] Net u_dma/u_EfxDMA/outputsAdapter_1_crossclock_fifo/popCC_popPtrPlus[0] is dangling. (VDB-8009) 
[EFX-0011 VERI-WARNING] Net u_dma/u_EfxDMA/inputsAdapter_0_crossclock_fifo/popCC_popPtrPlus[0] is dangling. (VDB-8009) 
[EFX-0011 VERI-WARNING] Found 125 warnings in the post-synthesis netlist. 

///////////////////////////////////
// Efinity Synthesis Started 
// Aug 12, 2026 11:17:16
///////////////////////////////////

[EFX-0011 VERI-WARNING] parameter 'CL_S_COUNT' becomes localparam in 'axi_interconnect' with formal parameter declaration list (VERI-1199) (C:\Users\Jing-XuanTan(i)\Downloads\evsoc-efinity-v2026.1.132\evsoc-efinity-v2026.1.132\cam_single\Ti60F225_dsi\source/axi/axi_interconnect.v:180)
[EFX-0011 VERI-WARNING] parameter 'CL_M_COUNT' becomes localparam in 'axi_interconnect' with formal parameter declaration list (VERI-1199) (C:\Users\Jing-XuanTan(i)\Downloads\evsoc-efinity-v2026.1.132\evsoc-efinity-v2026.1.132\cam_single\Ti60F225_dsi\source/axi/axi_interconnect.v:181)
[EFX-0011 VERI-WARNING] parameter 'AUSER_WIDTH' becomes localparam in 'axi_interconnect' with formal parameter declaration list (VERI-1199) (C:\Users\Jing-XuanTan(i)\Downloads\evsoc-efinity-v2026.1.132\evsoc-efinity-v2026.1.132\cam_single\Ti60F225_dsi\source/axi/axi_interconnect.v:183)
[EFX-0011 VERI-WARNING] parameter 'M_BASE_ADDR_INT' becomes localparam in 'axi_interconnect' with formal parameter declaration list (VERI-1199) (C:\Users\Jing-XuanTan(i)\Downloads\evsoc-efinity-v2026.1.132\evsoc-efinity-v2026.1.132\cam_single\Ti60F225_dsi\source/axi/axi_interconnect.v:202)
[EFX-0011 VERI-WARNING] parameter 'W1' becomes localparam in 'priority_encoder' with formal parameter declaration list (VERI-1199) (C:\Users\Jing-XuanTan(i)\Downloads\evsoc-efinity-v2026.1.132\evsoc-efinity-v2026.1.132\cam_single\Ti60F225_dsi\source/axi/priority_encoder.v:39)
[EFX-0011 VERI-WARNING] parameter 'W2' becomes localparam in 'priority_encoder' with formal parameter declaration list (VERI-1199) (C:\Users\Jing-XuanTan(i)\Downloads\evsoc-efinity-v2026.1.132\evsoc-efinity-v2026.1.132\cam_single\Ti60F225_dsi\source/axi/priority_encoder.v:40)
[EFX-0011 VERI-WARNING] parameter 'X_OUT_RATIO' becomes localparam in 'cam_scaling' with formal parameter declaration list (VERI-1199) (C:\Users\Jing-XuanTan(i)\Downloads\evsoc-efinity-v2026.1.132\evsoc-efinity-v2026.1.132\cam_single\Ti60F225_dsi\source/cam/cam_scaling.v:31)
[EFX-0011 VERI-WARNING] parameter 'X_IN_RATIO' becomes localparam in 'cam_scaling' with formal parameter declaration list (VERI-1199) (C:\Users\Jing-XuanTan(i)\Downloads\evsoc-efinity-v2026.1.132\evsoc-efinity-v2026.1.132\cam_single\Ti60F225_dsi\source/cam/cam_scaling.v:32)
[EFX-0011 VERI-WARNING] parameter 'Y_OUT_RATIO' becomes localparam in 'cam_scaling' with formal parameter declaration list (VERI-1199) (C:\Users\Jing-XuanTan(i)\Downloads\evsoc-efinity-v2026.1.132\evsoc-efinity-v2026.1.132\cam_single\Ti60F225_dsi\source/cam/cam_scaling.v:33)
[EFX-0011 VERI-WARNING] parameter 'Y_IN_RATIO' becomes localparam in 'cam_scaling' with formal parameter declaration list (VERI-1199) (C:\Users\Jing-XuanTan(i)\Downloads\evsoc-efinity-v2026.1.132\evsoc-efinity-v2026.1.132\cam_single\Ti60F225_dsi\source/cam/cam_scaling.v:34)
[EFX-0011 VERI-WARNING] parameter '**' becomes localparam in '**' with formal parameter declaration list (VERI-1199) (C:\Users\Jing-XuanTan(i)\Downloads\evsoc-efinity-v2026.1.132\evsoc-efinity-v2026.1.132\cam_single\Ti60F225_dsi\ip\hbram\hbram.sv:4976)
[EFX-0011 VERI-WARNING] parameter '**' becomes localparam in '**' with formal parameter declaration list (VERI-1199) (C:\Users\Jing-XuanTan(i)\Downloads\evsoc-efinity-v2026.1.132\evsoc-efinity-v2026.1.132\cam_single\Ti60F225_dsi\ip\hbram\hbram.sv:5309)
[EFX-0011 VERI-WARNING] port 'system_spi_0_io_data_2_read' is not connected on this instance (VERI-2435) (C:\Users\Jing-XuanTan(i)\Downloads\evsoc-efinity-v2026.1.132\evsoc-efinity-v2026.1.132\cam_single\Ti60F225_dsi\edge_vision_soc.v:1337)
[EFX-0011 VERI-WARNING] port 'system_spi_0_io_data_2_write' remains unconnected for this instance (VERI-1927) (C:\Users\Jing-XuanTan(i)\Downloads\evsoc-efinity-v2026.1.132\evsoc-efinity-v2026.1.132\cam_single\Ti60F225_dsi\edge_vision_soc.v:1337)
[EFX-0011 VERI-WARNING] port 's_axi_awuser' remains unconnected for this instance (VERI-1927) (C:\Users\Jing-XuanTan(i)\Downloads\evsoc-efinity-v2026.1.132\evsoc-efinity-v2026.1.132\cam_single\Ti60F225_dsi\edge_vision_soc.v:1659)
[EFX-0011 VERI-WARNING] expression size 32 truncated to fit in target size 8 (VERI-1209) (C:\Users\Jing-XuanTan(i)\Downloads\evsoc-efinity-v2026.1.132\evsoc-efinity-v2026.1.132\cam_single\Ti60F225_dsi\edge_vision_soc.v:728)
[EFX-0011 VERI-WARNING] expression size 32 truncated to fit in target size 8 (VERI-1209) (C:\Users\Jing-XuanTan(i)\Downloads\evsoc-efinity-v2026.1.132\evsoc-efinity-v2026.1.132\cam_single\Ti60F225_dsi\edge_vision_soc.v:729)
[EFX-0011 VERI-WARNING] expression size ** truncated to fit in target size ** (VERI-1209) (C:\Users\Jing-XuanTan(i)\Downloads\evsoc-efinity-v2026.1.132\evsoc-efinity-v2026.1.132\cam_single\Ti60F225_dsi\ip\csi2_rx_cam\csi2_rx_cam.sv:7306)
[EFX-0011 VERI-WARNING] expression size ** truncated to fit in target size ** (VERI-1209) (C:\Users\Jing-XuanTan(i)\Downloads\evsoc-efinity-v2026.1.132\evsoc-efinity-v2026.1.132\cam_single\Ti60F225_dsi\ip\csi2_rx_cam\csi2_rx_cam.sv:4119)
[EFX-0011 VERI-WARNING] assignment and/or driver for '**' inside static function '**' is not preserved (VERI-2457) (C:\Users\Jing-XuanTan(i)\Downloads\evsoc-efinity-v2026.1.132\evsoc-efinity-v2026.1.132\cam_single\Ti60F225_dsi\ip\csi2_rx_cam\csi2_rx_cam.sv:1466)
[EFX-0011 VERI-WARNING] port '**' remains unconnected for this instance (VERI-1927) (C:\Users\Jing-XuanTan(i)\Downloads\evsoc-efinity-v2026.1.132\evsoc-efinity-v2026.1.132\cam_single\Ti60F225_dsi\ip\csi2_rx_cam\csi2_rx_cam.sv:1264)
[EFX-0011 VERI-WARNING] expression size ** truncated to fit in target size ** (VERI-1209) (C:\Users\Jing-XuanTan(i)\Downloads\evsoc-efinity-v2026.1.132\evsoc-efinity-v2026.1.132\cam_single\Ti60F225_dsi\ip\csi2_rx_cam\csi2_rx_cam.sv:1264)
[EFX-0011 VERI-WARNING] expression size ** truncated to fit in target size ** (VERI-1209) (C:\Users\Jing-XuanTan(i)\Downloads\evsoc-efinity-v2026.1.132\evsoc-efinity-v2026.1.132\cam_single\Ti60F225_dsi\ip\csi2_rx_cam\csi2_rx_cam.sv:2711)
[EFX-0011 VERI-WARNING] expression size ** truncated to fit in target size ** (VERI-1209) (C:\Users\Jing-XuanTan(i)\Downloads\evsoc-efinity-v2026.1.132\evsoc-efinity-v2026.1.132\cam_single\Ti60F225_dsi\ip\csi2_rx_cam\csi2_rx_cam.sv:2869)
[EFX-0011 VERI-WARNING] expression size ** truncated to fit in target size ** (VERI-1209) (C:\Users\Jing-XuanTan(i)\Downloads\evsoc-efinity-v2026.1.132\evsoc-efinity-v2026.1.132\cam_single\Ti60F225_dsi\ip\csi2_rx_cam\csi2_rx_cam.sv:1264)
[EFX-0011 VERI-WARNING] port 'rst_busy' remains unconnected for this instance (VERI-1927) (C:\Users\Jing-XuanTan(i)\Downloads\evsoc-efinity-v2026.1.132\evsoc-efinity-v2026.1.132\cam_single\Ti60F225_dsi\source/cam/cam_picam_v2.v:256)
[EFX-0011 VERI-WARNING] port 'rst_busy' remains unconnected for this instance (VERI-1927) (C:\Users\Jing-XuanTan(i)\Downloads\evsoc-efinity-v2026.1.132\evsoc-efinity-v2026.1.132\cam_single\Ti60F225_dsi\source/cam/cam_picam_v2.v:484)
[EFX-0011 VERI-WARNING] port 'a_wr_rst_i' remains unconnected for this instance (VERI-1927) (C:\Users\Jing-XuanTan(i)\Downloads\evsoc-efinity-v2026.1.132\evsoc-efinity-v2026.1.132\cam_single\Ti60F225_dsi\ip\cam_pixel_remap_fifo\cam_pixel_remap_fifo.sv:110)
[EFX-0011 VERI-WARNING] input port 'a_wr_rst_i' is not connected on this instance (VDB-1013) (C:\Users\Jing-XuanTan(i)\Downloads\evsoc-efinity-v2026.1.132\evsoc-efinity-v2026.1.132\cam_single\Ti60F225_dsi\ip\cam_pixel_remap_fifo\cam_pixel_remap_fifo.sv:92)
[EFX-0011 VERI-WARNING] expression size 32 truncated to fit in target size 11 (VERI-1209) (C:\Users\Jing-XuanTan(i)\Downloads\evsoc-efinity-v2026.1.132\evsoc-efinity-v2026.1.132\cam_single\Ti60F225_dsi\source/cam/cam_crop.v:82)
[EFX-0011 VERI-WARNING] port 'a_wr_rst_i' remains unconnected for this instance (VERI-1927) (C:\Users\Jing-XuanTan(i)\Downloads\evsoc-efinity-v2026.1.132\evsoc-efinity-v2026.1.132\cam_single\Ti60F225_dsi\ip\cam_dma_fifo\cam_dma_fifo.sv:110)
[EFX-0011 VERI-WARNING] input port 'a_wr_rst_i' is not connected on this instance (VDB-1013) (C:\Users\Jing-XuanTan(i)\Downloads\evsoc-efinity-v2026.1.132\evsoc-efinity-v2026.1.132\cam_single\Ti60F225_dsi\ip\cam_dma_fifo\cam_dma_fifo.sv:92)
[EFX-0011 VERI-WARNING] actual bit length 32 differs from formal bit length 1 for port 'i_dbg_we' (VERI-1330) (C:\Users\Jing-XuanTan(i)\Downloads\evsoc-efinity-v2026.1.132\evsoc-efinity-v2026.1.132\cam_single\Ti60F225_dsi\edge_vision_soc.v:947)
[EFX-0011 VERI-WARNING] actual bit length 32 differs from formal bit length 40 for port 'i_dbg_din' (VERI-1330) (C:\Users\Jing-XuanTan(i)\Downloads\evsoc-efinity-v2026.1.132\evsoc-efinity-v2026.1.132\cam_single\Ti60F225_dsi\edge_vision_soc.v:948)
[EFX-0011 VERI-WARNING] actual bit length 32 differs from formal bit length 9 for port 'i_dbg_addr' (VERI-1330) (C:\Users\Jing-XuanTan(i)\Downloads\evsoc-efinity-v2026.1.132\evsoc-efinity-v2026.1.132\cam_single\Ti60F225_dsi\edge_vision_soc.v:949)
[EFX-0011 VERI-WARNING] actual bit length 32 differs from formal bit length 1 for port 'i_dbg_reconfig' (VERI-1330) (C:\Users\Jing-XuanTan(i)\Downloads\evsoc-efinity-v2026.1.132\evsoc-efinity-v2026.1.132\cam_single\Ti60F225_dsi\edge_vision_soc.v:951)
[EFX-0011 VERI-WARNING] port 'rst_busy' remains unconnected for this instance (VERI-1927) (C:\Users\Jing-XuanTan(i)\Downloads\evsoc-efinity-v2026.1.132\evsoc-efinity-v2026.1.132\cam_single\Ti60F225_dsi\source/display/dsi/display_dsi.v:265)
[EFX-0011 VERI-WARNING] actual bit length 11 differs from formal bit length 14 for port 'out_x' (VERI-1330) (C:\Users\Jing-XuanTan(i)\Downloads\evsoc-efinity-v2026.1.132\evsoc-efinity-v2026.1.132\cam_single\Ti60F225_dsi\source/display/dsi/display_dsi.v:127)
[EFX-0011 VERI-WARNING] actual bit length 11 differs from formal bit length 12 for port 'out_y' (VERI-1330) (C:\Users\Jing-XuanTan(i)\Downloads\evsoc-efinity-v2026.1.132\evsoc-efinity-v2026.1.132\cam_single\Ti60F225_dsi\source/display/dsi/display_dsi.v:128)
[EFX-0011 VERI-WARNING] expression size 16 truncated to fit in target size 8 (VERI-1209) (C:\Users\Jing-XuanTan(i)\Downloads\evsoc-efinity-v2026.1.132\evsoc-efinity-v2026.1.132\cam_single\Ti60F225_dsi\source/cam/scale_up_2x_nn.v:127)
[EFX-0011 VERI-WARNING] expression size 16 truncated to fit in target size 8 (VERI-1209) (C:\Users\Jing-XuanTan(i)\Downloads\evsoc-efinity-v2026.1.132\evsoc-efinity-v2026.1.132\cam_single\Ti60F225_dsi\source/cam/scale_up_2x_nn.v:128)
[EFX-0011 VERI-WARNING] expression size 16 truncated to fit in target size 8 (VERI-1209) (C:\Users\Jing-XuanTan(i)\Downloads\evsoc-efinity-v2026.1.132\evsoc-efinity-v2026.1.132\cam_single\Ti60F225_dsi\source/cam/scale_up_2x_nn.v:129)
[EFX-0011 VERI-WARNING] port 'a_wr_rst_i' remains unconnected for this instance (VERI-1927) (C:\Users\Jing-XuanTan(i)\Downloads\evsoc-efinity-v2026.1.132\evsoc-efinity-v2026.1.132\cam_single\Ti60F225_dsi\ip\display_dma_fifo\display_dma_fifo.sv:110)
[EFX-0011 VERI-WARNING] input port 'a_wr_rst_i' is not connected on this instance (VDB-1013) (C:\Users\Jing-XuanTan(i)\Downloads\evsoc-efinity-v2026.1.132\evsoc-efinity-v2026.1.132\cam_single\Ti60F225_dsi\ip\display_dma_fifo\display_dma_fifo.sv:92)
[EFX-0011 VERI-WARNING] actual bit length 10 differs from formal bit length 11 for port 'datacount_o' (VERI-1330) (C:\Users\Jing-XuanTan(i)\Downloads\evsoc-efinity-v2026.1.132\evsoc-efinity-v2026.1.132\cam_single\Ti60F225_dsi\source/display/dsi/display_dsi.v:264)
[EFX-0011 VERI-WARNING] port '**' remains unconnected for this instance (VERI-1927) (C:\Users\Jing-XuanTan(i)\Downloads\evsoc-efinity-v2026.1.132\evsoc-efinity-v2026.1.132\cam_single\Ti60F225_dsi\ip\dsi_tx_display\dsi_tx_display.sv:5436)
[EFX-0011 VERI-WARNING] assignment and/or driver for '**' inside static function '**' is not preserved (VERI-2457) (C:\Users\Jing-XuanTan(i)\Downloads\evsoc-efinity-v2026.1.132\evsoc-efinity-v2026.1.132\cam_single\Ti60F225_dsi\ip\dsi_tx_display\dsi_tx_display.sv:2885)
[EFX-0011 VERI-WARNING] port '**' remains unconnected for this instance (VERI-1927) (C:\Users\Jing-XuanTan(i)\Downloads\evsoc-efinity-v2026.1.132\evsoc-efinity-v2026.1.132\cam_single\Ti60F225_dsi\ip\dsi_tx_display\dsi_tx_display.sv:5689)
[EFX-0011 VERI-WARNING] expression size ** truncated to fit in target size ** (VERI-1209) (C:\Users\Jing-XuanTan(i)\Downloads\evsoc-efinity-v2026.1.132\evsoc-efinity-v2026.1.132\cam_single\Ti60F225_dsi\ip\dsi_tx_display\dsi_tx_display.sv:5689)
[EFX-0011 VERI-WARNING] expression size ** truncated to fit in target size ** (VERI-1209) (C:\Users\Jing-XuanTan(i)\Downloads\evsoc-efinity-v2026.1.132\evsoc-efinity-v2026.1.132\cam_single\Ti60F225_dsi\ip\dsi_tx_display\dsi_tx_display.sv:7297)
[EFX-0011 VERI-WARNING] port '**' remains unconnected for this instance (VERI-1927) (C:\Users\Jing-XuanTan(i)\Downloads\evsoc-efinity-v2026.1.132\evsoc-efinity-v2026.1.132\cam_single\Ti60F225_dsi\ip\dsi_tx_display\dsi_tx_display.sv:1596)
[EFX-0011 VERI-WARNING] expression size ** truncated to fit in target size ** (VERI-1209) (C:\Users\Jing-XuanTan(i)\Downloads\evsoc-efinity-v2026.1.132\evsoc-efinity-v2026.1.132\cam_single\Ti60F225_dsi\ip\dsi_tx_display\dsi_tx_display.sv:1596)
[EFX-0011 VERI-WARNING] port '**' remains unconnected for this instance (VERI-1927) (C:\Users\Jing-XuanTan(i)\Downloads\evsoc-efinity-v2026.1.132\evsoc-efinity-v2026.1.132\cam_single\Ti60F225_dsi\ip\dsi_tx_display\dsi_tx_display.sv:2500)
[EFX-0011 VERI-WARNING] expression size ** truncated to fit in target size ** (VERI-1209) (C:\Users\Jing-XuanTan(i)\Downloads\evsoc-efinity-v2026.1.132\evsoc-efinity-v2026.1.132\cam_single\Ti60F225_dsi\ip\dsi_tx_display\dsi_tx_display.sv:2500)
[EFX-0011 VERI-WARNING] assignment and/or driver for '**' inside static function '**' is not preserved (VERI-2457) (C:\Users\Jing-XuanTan(i)\Downloads\evsoc-efinity-v2026.1.132\evsoc-efinity-v2026.1.132\cam_single\Ti60F225_dsi\ip\dsi_tx_display\dsi_tx_display.sv:3474)
[EFX-0011 VERI-WARNING] actual bit length 32 differs from formal bit length 16 for port 'haddr' (VERI-1330) (C:\Users\Jing-XuanTan(i)\Downloads\evsoc-efinity-v2026.1.132\evsoc-efinity-v2026.1.132\cam_single\Ti60F225_dsi\edge_vision_soc.v:1081)
[EFX-0011 VERI-WARNING] port 'ram_clk_cal_2' is not connected on this instance (VERI-2435) (C:\Users\Jing-XuanTan(i)\Downloads\evsoc-efinity-v2026.1.132\evsoc-efinity-v2026.1.132\cam_single\Ti60F225_dsi\ip\hbram\hbram.sv:200)
[EFX-0011 VERI-WARNING] port 'native_clk' remains unconnected for this instance (VERI-1927) (C:\Users\Jing-XuanTan(i)\Downloads\evsoc-efinity-v2026.1.132\evsoc-efinity-v2026.1.132\cam_single\Ti60F225_dsi\ip\hbram\hbram.sv:200)
[EFX-0011 VERI-WARNING] port '**' remains unconnected for this instance (VERI-1927) (C:\Users\Jing-XuanTan(i)\Downloads\evsoc-efinity-v2026.1.132\evsoc-efinity-v2026.1.132\cam_single\Ti60F225_dsi\ip\hbram\hbram.sv:1134)
[EFX-0011 VERI-WARNING] expression size 32 truncated to fit in target size 9 (VERI-1209) (C:\Users\Jing-XuanTan(i)\Downloads\evsoc-efinity-v2026.1.132\evsoc-efinity-v2026.1.132\cam_single\Ti60F225_dsi\ip\hbram\hbram.sv:5791)
[EFX-0011 VERI-WARNING] expression size 32 truncated to fit in target size 11 (VERI-1209) (C:\Users\Jing-XuanTan(i)\Downloads\evsoc-efinity-v2026.1.132\evsoc-efinity-v2026.1.132\cam_single\Ti60F225_dsi\ip\hbram\hbram.sv:5792)
[EFX-0011 VERI-WARNING] expression size ** truncated to fit in target size ** (VERI-1209) (C:\Users\Jing-XuanTan(i)\Downloads\evsoc-efinity-v2026.1.132\evsoc-efinity-v2026.1.132\cam_single\Ti60F225_dsi\ip\hbram\hbram.sv:1134)
[EFX-0011 VERI-WARNING] expression size 32 truncated to fit in target size 11 (VERI-1209) (C:\Users\Jing-XuanTan(i)\Downloads\evsoc-efinity-v2026.1.132\evsoc-efinity-v2026.1.132\cam_single\Ti60F225_dsi\ip\hbram\hbram.sv:5806)
[EFX-0011 VERI-WARNING] expression size 32 truncated to fit in target size 9 (VERI-1209) (C:\Users\Jing-XuanTan(i)\Downloads\evsoc-efinity-v2026.1.132\evsoc-efinity-v2026.1.132\cam_single\Ti60F225_dsi\ip\hbram\hbram.sv:5807)
[EFX-0011 VERI-WARNING] expression size ** truncated to fit in target size ** (VERI-1209) (C:\Users\Jing-XuanTan(i)\Downloads\evsoc-efinity-v2026.1.132\evsoc-efinity-v2026.1.132\cam_single\Ti60F225_dsi\ip\hbram\hbram.sv:5309)
[EFX-0011 VERI-WARNING] actual bit length ** differs from formal bit length *** for port '**' (VERI-1330) (C:\Users\Jing-XuanTan(i)\Downloads\evsoc-efinity-v2026.1.132\evsoc-efinity-v2026.1.132\cam_single\Ti60F225_dsi\ip\hbram\hbram.sv:1946)
[EFX-0011 VERI-WARNING] expression size ** truncated to fit in target size ** (VERI-1209) (C:\Users\Jing-XuanTan(i)\Downloads\evsoc-efinity-v2026.1.132\evsoc-efinity-v2026.1.132\cam_single\Ti60F225_dsi\ip\hbram\hbram.sv:3545)
[EFX-0011 VERI-WARNING] actual bit length ** differs from formal bit length *** for port '**' (VERI-1330) (C:\Users\Jing-XuanTan(i)\Downloads\evsoc-efinity-v2026.1.132\evsoc-efinity-v2026.1.132\cam_single\Ti60F225_dsi\ip\hbram\hbram.sv:2351)
[EFX-0011 VERI-WARNING] expression size ** truncated to fit in target size ** (VERI-1209) (C:\Users\Jing-XuanTan(i)\Downloads\evsoc-efinity-v2026.1.132\evsoc-efinity-v2026.1.132\cam_single\Ti60F225_dsi\ip\hbram\hbram.sv:4591)
[EFX-0011 VERI-WARNING] input port 'ram_clk_cal_2' remains unconnected for this instance (VDB-1053) (C:\Users\Jing-XuanTan(i)\Downloads\evsoc-efinity-v2026.1.132\evsoc-efinity-v2026.1.132\cam_single\Ti60F225_dsi\ip\hbram\hbram.sv:147)
[EFX-0011 VERI-WARNING] input port 'native_clk' is not connected on this instance (VDB-1013) (C:\Users\Jing-XuanTan(i)\Downloads\evsoc-efinity-v2026.1.132\evsoc-efinity-v2026.1.132\cam_single\Ti60F225_dsi\ip\hbram\hbram.sv:147)
[EFX-0011 VERI-WARNING] system task 'display' is ignored for synthesis (VERI-1142) (C:\Users\Jing-XuanTan(i)\Downloads\evsoc-efinity-v2026.1.132\evsoc-efinity-v2026.1.132\cam_single\Ti60F225_dsi\ip\SapphireSoc\SapphireSoc.v:24200)
[EFX-0011 VERI-WARNING] net 'IBusCachedPlugin_cache_io_cpu_fetch_isRemoved' does not have a driver (VDB-1002) (C:\Users\Jing-XuanTan(i)\Downloads\evsoc-efinity-v2026.1.132\evsoc-efinity-v2026.1.132\cam_single\Ti60F225_dsi\ip\SapphireSoc\SapphireSoc.v:14091)
[EFX-0011 VERI-WARNING] net 'dataCache_1_io_cpu_writeBack_fence_SW' does not have a driver (VDB-1002) (C:\Users\Jing-XuanTan(i)\Downloads\evsoc-efinity-v2026.1.132\evsoc-efinity-v2026.1.132\cam_single\Ti60F225_dsi\ip\SapphireSoc\SapphireSoc.v:14104)
[EFX-0011 VERI-WARNING] net 'dataCache_1_io_cpu_writeBack_fence_SR' does not have a driver (VDB-1002) (C:\Users\Jing-XuanTan(i)\Downloads\evsoc-efinity-v2026.1.132\evsoc-efinity-v2026.1.132\cam_single\Ti60F225_dsi\ip\SapphireSoc\SapphireSoc.v:14105)
[EFX-0011 VERI-WARNING] net 'dataCache_1_io_cpu_writeBack_fence_SO' does not have a driver (VDB-1002) (C:\Users\Jing-XuanTan(i)\Downloads\evsoc-efinity-v2026.1.132\evsoc-efinity-v2026.1.132\cam_single\Ti60F225_dsi\ip\SapphireSoc\SapphireSoc.v:14106)
[EFX-0011 VERI-WARNING] net 'dataCache_1_io_cpu_writeBack_fence_SI' does not have a driver (VDB-1002) (C:\Users\Jing-XuanTan(i)\Downloads\evsoc-efinity-v2026.1.132\evsoc-efinity-v2026.1.132\cam_single\Ti60F225_dsi\ip\SapphireSoc\SapphireSoc.v:14107)
[EFX-0011 VERI-WARNING] net 'dataCache_1_io_cpu_writeBack_fence_PW' does not have a driver (VDB-1002) (C:\Users\Jing-XuanTan(i)\Downloads\evsoc-efinity-v2026.1.132\evsoc-efinity-v2026.1.132\cam_single\Ti60F225_dsi\ip\SapphireSoc\SapphireSoc.v:14108)
[EFX-0011 VERI-WARNING] net 'dataCache_1_io_cpu_writeBack_fence_PR' does not have a driver (VDB-1002) (C:\Users\Jing-XuanTan(i)\Downloads\evsoc-efinity-v2026.1.132\evsoc-efinity-v2026.1.132\cam_single\Ti60F225_dsi\ip\SapphireSoc\SapphireSoc.v:14109)
[EFX-0011 VERI-WARNING] net 'dataCache_1_io_cpu_writeBack_fence_PO' does not have a driver (VDB-1002) (C:\Users\Jing-XuanTan(i)\Downloads\evsoc-efinity-v2026.1.132\evsoc-efinity-v2026.1.132\cam_single\Ti60F225_dsi\ip\SapphireSoc\SapphireSoc.v:14110)
[EFX-0011 VERI-WARNING] net 'dataCache_1_io_cpu_writeBack_fence_PI' does not have a driver (VDB-1002) (C:\Users\Jing-XuanTan(i)\Downloads\evsoc-efinity-v2026.1.132\evsoc-efinity-v2026.1.132\cam_single\Ti60F225_dsi\ip\SapphireSoc\SapphireSoc.v:14111)
[EFX-0011 VERI-WARNING] net 'dataCache_1_io_cpu_writeBack_fence_FM[3]' does not have a driver (VDB-1002) (C:\Users\Jing-XuanTan(i)\Downloads\evsoc-efinity-v2026.1.132\evsoc-efinity-v2026.1.132\cam_single\Ti60F225_dsi\ip\SapphireSoc\SapphireSoc.v:14112)
[EFX-0011 VERI-WARNING] net 'IBusCachedPlugin_mmuBus_rsp_bypassTranslation' does not have a driver (VDB-1002) (C:\Users\Jing-XuanTan(i)\Downloads\evsoc-efinity-v2026.1.132\evsoc-efinity-v2026.1.132\cam_single\Ti60F225_dsi\ip\SapphireSoc\SapphireSoc.v:14619)
[EFX-0011 VERI-WARNING] net 'DBusCachedPlugin_mmuBus_rsp_bypassTranslation' does not have a driver (VDB-1002) (C:\Users\Jing-XuanTan(i)\Downloads\evsoc-efinity-v2026.1.132\evsoc-efinity-v2026.1.132\cam_single\Ti60F225_dsi\ip\SapphireSoc\SapphireSoc.v:14645)
[EFX-0011 VERI-WARNING] net 'IBusCachedPlugin_iBusRsp_output_payload_rsp_error' does not have a driver (VDB-1002) (C:\Users\Jing-XuanTan(i)\Downloads\evsoc-efinity-v2026.1.132\evsoc-efinity-v2026.1.132\cam_single\Ti60F225_dsi\ip\SapphireSoc\SapphireSoc.v:14753)
[EFX-0011 VERI-WARNING] net 'IBusCachedPlugin_iBusRsp_output_payload_isRvc' does not have a driver (VDB-1002) (C:\Users\Jing-XuanTan(i)\Downloads\evsoc-efinity-v2026.1.132\evsoc-efinity-v2026.1.132\cam_single\Ti60F225_dsi\ip\SapphireSoc\SapphireSoc.v:14755)
[EFX-0011 VERI-WARNING] net 'CsrPlugin_mtvec_mode[1]' does not have a driver (VDB-1002) (C:\Users\Jing-XuanTan(i)\Downloads\evsoc-efinity-v2026.1.132\evsoc-efinity-v2026.1.132\cam_single\Ti60F225_dsi\ip\SapphireSoc\SapphireSoc.v:14989)
[EFX-0011 VERI-WARNING] system function call 'urandom' is not supported (VERI-1141) (C:\Users\Jing-XuanTan(i)\Downloads\evsoc-efinity-v2026.1.132\evsoc-efinity-v2026.1.132\cam_single\Ti60F225_dsi\ip\SapphireSoc\SapphireSoc.v:23325)
[EFX-0011 VERI-WARNING] system function call 'urandom' is not supported (VERI-1141) (C:\Users\Jing-XuanTan(i)\Downloads\evsoc-efinity-v2026.1.132\evsoc-efinity-v2026.1.132\cam_single\Ti60F225_dsi\ip\SapphireSoc\SapphireSoc.v:23326)
[EFX-0011 VERI-WARNING] system function call 'urandom' is not supported (VERI-1141) (C:\Users\Jing-XuanTan(i)\Downloads\evsoc-efinity-v2026.1.132\evsoc-efinity-v2026.1.132\cam_single\Ti60F225_dsi\ip\SapphireSoc\SapphireSoc.v:25602)
[EFX-0011 VERI-WARNING] system function call 'urandom' is not supported (VERI-1141) (C:\Users\Jing-XuanTan(i)\Downloads\evsoc-efinity-v2026.1.132\evsoc-efinity-v2026.1.132\cam_single\Ti60F225_dsi\ip\SapphireSoc\SapphireSoc.v:25603)
[EFX-0011 VERI-WARNING] system function call 'urandom' is not supported (VERI-1141) (C:\Users\Jing-XuanTan(i)\Downloads\evsoc-efinity-v2026.1.132\evsoc-efinity-v2026.1.132\cam_single\Ti60F225_dsi\ip\SapphireSoc\SapphireSoc.v:6383)
[EFX-0011 VERI-WARNING] system function call 'urandom' is not supported (VERI-1141) (C:\Users\Jing-XuanTan(i)\Downloads\evsoc-efinity-v2026.1.132\evsoc-efinity-v2026.1.132\cam_single\Ti60F225_dsi\ip\SapphireSoc\SapphireSoc.v:6384)
[EFX-0011 VERI-WARNING] port 'rst_busy' remains unconnected for this instance (VERI-1927) (C:\Users\Jing-XuanTan(i)\Downloads\evsoc-efinity-v2026.1.132\evsoc-efinity-v2026.1.132\cam_single\Ti60F225_dsi\source/hw_accel/hw_accel_wrapper.v:217)
[EFX-0011 VERI-WARNING] port 'rst_busy' remains unconnected for this instance (VERI-1927) (C:\Users\Jing-XuanTan(i)\Downloads\evsoc-efinity-v2026.1.132\evsoc-efinity-v2026.1.132\cam_single\Ti60F225_dsi\source/hw_accel/hw_accel_wrapper.v:243)
[EFX-0011 VERI-WARNING] port 'a_wr_rst_i' remains unconnected for this instance (VERI-1927) (C:\Users\Jing-XuanTan(i)\Downloads\evsoc-efinity-v2026.1.132\evsoc-efinity-v2026.1.132\cam_single\Ti60F225_dsi\ip\hw_accel_dma_in_fifo\hw_accel_dma_in_fifo.sv:112)
[EFX-0011 VERI-WARNING] input port 'a_wr_rst_i' is not connected on this instance (VDB-1013) (C:\Users\Jing-XuanTan(i)\Downloads\evsoc-efinity-v2026.1.132\evsoc-efinity-v2026.1.132\cam_single\Ti60F225_dsi\ip\hw_accel_dma_in_fifo\hw_accel_dma_in_fifo.sv:93)
[EFX-0011 VERI-WARNING] port 'a_wr_rst_i' remains unconnected for this instance (VERI-1927) (C:\Users\Jing-XuanTan(i)\Downloads\evsoc-efinity-v2026.1.132\evsoc-efinity-v2026.1.132\cam_single\Ti60F225_dsi\ip\hw_accel_dma_out_fifo\hw_accel_dma_out_fifo.sv:112)
[EFX-0011 VERI-WARNING] input port 'a_wr_rst_i' is not connected on this instance (VDB-1013) (C:\Users\Jing-XuanTan(i)\Downloads\evsoc-efinity-v2026.1.132\evsoc-efinity-v2026.1.132\cam_single\Ti60F225_dsi\ip\hw_accel_dma_out_fifo\hw_accel_dma_out_fifo.sv:93)
[EFX-0011 VERI-WARNING] system function call 'urandom' is not supported (VERI-1141) (C:\Users\Jing-XuanTan(i)\Downloads\evsoc-efinity-v2026.1.132\evsoc-efinity-v2026.1.132\cam_single\Ti60F225_dsi\ip\dma\dma.v:13453)
[EFX-0011 VERI-WARNING] system function call 'urandom' is not supported (VERI-1141) (C:\Users\Jing-XuanTan(i)\Downloads\evsoc-efinity-v2026.1.132\evsoc-efinity-v2026.1.132\cam_single\Ti60F225_dsi\ip\dma\dma.v:13454)
[EFX-0011 VERI-WARNING] system function call 'urandom' is not supported (VERI-1141) (C:\Users\Jing-XuanTan(i)\Downloads\evsoc-efinity-v2026.1.132\evsoc-efinity-v2026.1.132\cam_single\Ti60F225_dsi\ip\dma\dma.v:13455)
[EFX-0011 VERI-WARNING] system function call 'urandom' is not supported (VERI-1141) (C:\Users\Jing-XuanTan(i)\Downloads\evsoc-efinity-v2026.1.132\evsoc-efinity-v2026.1.132\cam_single\Ti60F225_dsi\ip\dma\dma.v:13456)
[EFX-0011 VERI-WARNING] system function call 'urandom' is not supported (VERI-1141) (C:\Users\Jing-XuanTan(i)\Downloads\evsoc-efinity-v2026.1.132\evsoc-efinity-v2026.1.132\cam_single\Ti60F225_dsi\ip\dma\dma.v:13457)
[EFX-0011 VERI-WARNING] actual bit length 16 differs from formal bit length 14 for port 'ctrl_PADDR' (VERI-1330) (C:\Users\Jing-XuanTan(i)\Downloads\evsoc-efinity-v2026.1.132\evsoc-efinity-v2026.1.132\cam_single\Ti60F225_dsi\edge_vision_soc.v:1439)
[EFX-0011 VERI-WARNING] system task 'display' is ignored for synthesis (VERI-1142) (C:\Users\Jing-XuanTan(i)\Downloads\evsoc-efinity-v2026.1.132\evsoc-efinity-v2026.1.132\cam_single\Ti60F225_dsi\source/axi/axi_interconnect.v:220)
[EFX-0011 VERI-WARNING] system task 'display' is ignored for synthesis (VERI-1142) (C:\Users\Jing-XuanTan(i)\Downloads\evsoc-efinity-v2026.1.132\evsoc-efinity-v2026.1.132\cam_single\Ti60F225_dsi\source/axi/axi_interconnect.v:223)
[EFX-0011 VERI-WARNING] expression size 32 truncated to fit in target size 2 (VERI-1209) (C:\Users\Jing-XuanTan(i)\Downloads\evsoc-efinity-v2026.1.132\evsoc-efinity-v2026.1.132\cam_single\Ti60F225_dsi\source/axi/priority_encoder.v:89)
[EFX-0011 VERI-WARNING] expression size 32 truncated to fit in target size 4 (VERI-1209) (C:\Users\Jing-XuanTan(i)\Downloads\evsoc-efinity-v2026.1.132\evsoc-efinity-v2026.1.132\cam_single\Ti60F225_dsi\source/axi/priority_encoder.v:89)
[EFX-0011 VERI-WARNING] right shift count >= width of value (VERI-1959) (C:\Users\Jing-XuanTan(i)\Downloads\evsoc-efinity-v2026.1.132\evsoc-efinity-v2026.1.132\cam_single\Ti60F225_dsi\source/axi/axi_interconnect.v:566)
[EFX-0011 VERI-WARNING] expression size 32 truncated to fit in target size 8 (VERI-1209) (C:\Users\Jing-XuanTan(i)\Downloads\evsoc-efinity-v2026.1.132\evsoc-efinity-v2026.1.132\cam_single\Ti60F225_dsi\source/axi/axi_interconnect.v:689)
[EFX-0011 VERI-WARNING] input port 'Rx_HS_D_2[7]' remains unconnected for this instance (VDB-1053) (C:\Users\Jing-XuanTan(i)\Downloads\evsoc-efinity-v2026.1.132\evsoc-efinity-v2026.1.132\cam_single\Ti60F225_dsi\edge_vision_soc.v:766)
[EFX-0011 VERI-WARNING] input port 'system_spi_0_io_data_2_read' remains unconnected for this instance (VDB-1053) (C:\Users\Jing-XuanTan(i)\Downloads\evsoc-efinity-v2026.1.132\evsoc-efinity-v2026.1.132\cam_single\Ti60F225_dsi\edge_vision_soc.v:1205)
[EFX-0011 VERI-WARNING] input port 'dat1_o_tready' remains unconnected for this instance (VDB-1053) (C:\Users\Jing-XuanTan(i)\Downloads\evsoc-efinity-v2026.1.132\evsoc-efinity-v2026.1.132\cam_single\Ti60F225_dsi\edge_vision_soc.v:1434)
[EFX-0011 VERI-WARNING] input port 's_axi_awuser[1]' remains unconnected for this instance (VDB-1053) (C:\Users\Jing-XuanTan(i)\Downloads\evsoc-efinity-v2026.1.132\evsoc-efinity-v2026.1.132\cam_single\Ti60F225_dsi\edge_vision_soc.v:1578)
[EFX-0200 WARNING] Removing redundant signal : Rx_HS_D_2[7:0]. (C:\Users\Jing-XuanTan(i)\Downloads\evsoc-efinity-v2026.1.132\evsoc-efinity-v2026.1.132\cam_single\Ti60F225_dsi\ip\csi2_rx_cam\csi2_rx_cam.sv:6307)
[EFX-0200 WARNING] Removing redundant signal : Rx_HS_D_3[7:0]. (C:\Users\Jing-XuanTan(i)\Downloads\evsoc-efinity-v2026.1.132\evsoc-efinity-v2026.1.132\cam_single\Ti60F225_dsi\ip\csi2_rx_cam\csi2_rx_cam.sv:6307)
[EFX-0200 WARNING] Removing redundant signal : Rx_HS_D_4[7:0]. (C:\Users\Jing-XuanTan(i)\Downloads\evsoc-efinity-v2026.1.132\evsoc-efinity-v2026.1.132\cam_single\Ti60F225_dsi\ip\csi2_rx_cam\csi2_rx_cam.sv:6307)
[EFX-0200 WARNING] Removing redundant signal : Rx_HS_D_5[7:0]. (C:\Users\Jing-XuanTan(i)\Downloads\evsoc-efinity-v2026.1.132\evsoc-efinity-v2026.1.132\cam_single\Ti60F225_dsi\ip\csi2_rx_cam\csi2_rx_cam.sv:6307)
[EFX-0200 WARNING] Removing redundant signal : Rx_HS_D_6[7:0]. (C:\Users\Jing-XuanTan(i)\Downloads\evsoc-efinity-v2026.1.132\evsoc-efinity-v2026.1.132\cam_single\Ti60F225_dsi\ip\csi2_rx_cam\csi2_rx_cam.sv:6307)
[EFX-0200 WARNING] Removing redundant signal : Rx_HS_D_7[7:0]. (C:\Users\Jing-XuanTan(i)\Downloads\evsoc-efinity-v2026.1.132\evsoc-efinity-v2026.1.132\cam_single\Ti60F225_dsi\ip\csi2_rx_cam\csi2_rx_cam.sv:6307)
[EFX-0200 WARNING] Removing redundant signal : u_dly_enable_D[1:0]. (C:\Users\Jing-XuanTan(i)\Downloads\evsoc-efinity-v2026.1.132\evsoc-efinity-v2026.1.132\cam_single\Ti60F225_dsi\ip\csi2_rx_cam\csi2_rx_cam.sv:6307)
[EFX-0200 WARNING] Removing redundant signal : u_dly_inc_D[1:0]. (C:\Users\Jing-XuanTan(i)\Downloads\evsoc-efinity-v2026.1.132\evsoc-efinity-v2026.1.132\cam_single\Ti60F225_dsi\ip\csi2_rx_cam\csi2_rx_cam.sv:6307)
[EFX-0200 WARNING] Removing redundant signal : axi_awaddr[1:0]. (C:\Users\Jing-XuanTan(i)\Downloads\evsoc-efinity-v2026.1.132\evsoc-efinity-v2026.1.132\cam_single\Ti60F225_dsi\ip\csi2_rx_cam\csi2_rx_cam.sv:5564)
[EFX-0200 WARNING] Removing redundant signal : axi_araddr[1:0]. (C:\Users\Jing-XuanTan(i)\Downloads\evsoc-efinity-v2026.1.132\evsoc-efinity-v2026.1.132\cam_single\Ti60F225_dsi\ip\csi2_rx_cam\csi2_rx_cam.sv:5564)
[EFX-0200 WARNING] Removing redundant signal : loc_rdata[31:0]. (C:\Users\Jing-XuanTan(i)\Downloads\evsoc-efinity-v2026.1.132\evsoc-efinity-v2026.1.132\cam_single\Ti60F225_dsi\ip\csi2_rx_cam\csi2_rx_cam.sv:5564)
[EFX-0200 WARNING] Removing redundant signal : nextCRC16_D16.fcrc[15:0]. (C:\Users\Jing-XuanTan(i)\Downloads\evsoc-efinity-v2026.1.132\evsoc-efinity-v2026.1.132\cam_single\Ti60F225_dsi\ip\csi2_rx_cam\csi2_rx_cam.sv:1466)
[EFX-0200 WARNING] Removing redundant signal : nextCRC16_D16.Data[15:0]. (C:\Users\Jing-XuanTan(i)\Downloads\evsoc-efinity-v2026.1.132\evsoc-efinity-v2026.1.132\cam_single\Ti60F225_dsi\ip\csi2_rx_cam\csi2_rx_cam.sv:1466)
[EFX-0200 WARNING] Removing redundant signal : nextCRC16_D16[15:0]. (C:\Users\Jing-XuanTan(i)\Downloads\evsoc-efinity-v2026.1.132\evsoc-efinity-v2026.1.132\cam_single\Ti60F225_dsi\ip\csi2_rx_cam\csi2_rx_cam.sv:1466)
[EFX-0200 WARNING] Removing redundant signal : nextCRC16_D16.c[15:0]. (C:\Users\Jing-XuanTan(i)\Downloads\evsoc-efinity-v2026.1.132\evsoc-efinity-v2026.1.132\cam_single\Ti60F225_dsi\ip\csi2_rx_cam\csi2_rx_cam.sv:1466)
[EFX-0200 WARNING] Removing redundant signal : nextCRC16_D16.d[15:0]. (C:\Users\Jing-XuanTan(i)\Downloads\evsoc-efinity-v2026.1.132\evsoc-efinity-v2026.1.132\cam_single\Ti60F225_dsi\ip\csi2_rx_cam\csi2_rx_cam.sv:1466)
[EFX-0200 WARNING] Removing redundant signal : nextCRC16_D16.newcrc[15:0]. (C:\Users\Jing-XuanTan(i)\Downloads\evsoc-efinity-v2026.1.132\evsoc-efinity-v2026.1.132\cam_single\Ti60F225_dsi\ip\csi2_rx_cam\csi2_rx_cam.sv:1466)
[EFX-0200 WARNING] Removing redundant signal : nextCRC16_D8[15:0]. (C:\Users\Jing-XuanTan(i)\Downloads\evsoc-efinity-v2026.1.132\evsoc-efinity-v2026.1.132\cam_single\Ti60F225_dsi\ip\csi2_rx_cam\csi2_rx_cam.sv:1466)
[EFX-0200 WARNING] Removing redundant signal : nextCRC16_D8.Data[7:0]. (C:\Users\Jing-XuanTan(i)\Downloads\evsoc-efinity-v2026.1.132\evsoc-efinity-v2026.1.132\cam_single\Ti60F225_dsi\ip\csi2_rx_cam\csi2_rx_cam.sv:1466)
[EFX-0200 WARNING] Removing redundant signal : nextCRC16_D8.fcrc[15:0]. (C:\Users\Jing-XuanTan(i)\Downloads\evsoc-efinity-v2026.1.132\evsoc-efinity-v2026.1.132\cam_single\Ti60F225_dsi\ip\csi2_rx_cam\csi2_rx_cam.sv:1466)
[EFX-0201 WARNING] Re-wiring to GND non-driven net/port 'a_wr_rst_i' in module 'efx_fifo_top_04a96f5177a940fe94d182603b3fa9c9(FAMILY="",SYNC_CLK=1,PIPELINE_REG=0,OUTPUT_REG=1,PROGRAMMABLE_FULL="NONE",PROG_FULL_ASSERT=510,PROG_FULL_NEGATE=510,PROGRAMMABLE_EMPTY="NONE",PROG_EMPTY_ASSERT=2,PROG_EMPTY_NEGATE=3)'. (C:\Users\Jing-XuanTan(i)\Downloads\evsoc-efinity-v2026.1.132\evsoc-efinity-v2026.1.132\cam_single\Ti60F225_dsi\ip\cam_pixel_remap_fifo\cam_pixel_remap_fifo.sv:92)
[EFX-0201 WARNING] Re-wiring to GND non-driven net/port 'a_rd_rst_i' in module 'efx_fifo_top_04a96f5177a940fe94d182603b3fa9c9(FAMILY="",SYNC_CLK=1,PIPELINE_REG=0,OUTPUT_REG=1,PROGRAMMABLE_FULL="NONE",PROG_FULL_ASSERT=510,PROG_FULL_NEGATE=510,PROGRAMMABLE_EMPTY="NONE",PROG_EMPTY_ASSERT=2,PROG_EMPTY_NEGATE=3)'. (C:\Users\Jing-XuanTan(i)\Downloads\evsoc-efinity-v2026.1.132\evsoc-efinity-v2026.1.132\cam_single\Ti60F225_dsi\ip\cam_pixel_remap_fifo\cam_pixel_remap_fifo.sv:92)
[EFX-0201 WARNING] Re-wiring to GND non-driven net/port 'wr_clk_i' in module 'efx_fifo_top_04a96f5177a940fe94d182603b3fa9c9(FAMILY="",SYNC_CLK=1,PIPELINE_REG=0,OUTPUT_REG=1,PROGRAMMABLE_FULL="NONE",PROG_FULL_ASSERT=510,PROG_FULL_NEGATE=510,PROGRAMMABLE_EMPTY="NONE",PROG_EMPTY_ASSERT=2,PROG_EMPTY_NEGATE=3)'. (C:\Users\Jing-XuanTan(i)\Downloads\evsoc-efinity-v2026.1.132\evsoc-efinity-v2026.1.132\cam_single\Ti60F225_dsi\ip\cam_pixel_remap_fifo\cam_pixel_remap_fifo.sv:92)
[EFX-0201 WARNING] Re-wiring to GND non-driven net/port 'rd_clk_i' in module 'efx_fifo_top_04a96f5177a940fe94d182603b3fa9c9(FAMILY="",SYNC_CLK=1,PIPELINE_REG=0,OUTPUT_REG=1,PROGRAMMABLE_FULL="NONE",PROG_FULL_ASSERT=510,PROG_FULL_NEGATE=510,PROGRAMMABLE_EMPTY="NONE",PROG_EMPTY_ASSERT=2,PROG_EMPTY_NEGATE=3)'. (C:\Users\Jing-XuanTan(i)\Downloads\evsoc-efinity-v2026.1.132\evsoc-efinity-v2026.1.132\cam_single\Ti60F225_dsi\ip\cam_pixel_remap_fifo\cam_pixel_remap_fifo.sv:92)
[EFX-0201 WARNING] Re-wiring to GND non-driven net/port 'a_wr_rst_i' in module 'efx_fifo_top_b0792a13d328448586f08ea7d102f373(FAMILY="",SYNC_CLK=1,MODE="FWFT",DEPTH=1024,DATA_WIDTH=48,PIPELINE_REG=0,PROGRAMMABLE_FULL="NONE",PROG_FULL_ASSERT=512,PROG_FULL_NEGATE=512,PROGRAMMABLE_EMPTY="NONE",PROG_EMPTY_ASSERT=2,PROG_EMPTY_NEGATE=3)'. (C:\Users\Jing-XuanTan(i)\Downloads\evsoc-efinity-v2026.1.132\evsoc-efinity-v2026.1.132\cam_single\Ti60F225_dsi\ip\cam_dma_fifo\cam_dma_fifo.sv:92)
[EFX-0201 WARNING] Re-wiring to GND non-driven net/port 'a_rd_rst_i' in module 'efx_fifo_top_b0792a13d328448586f08ea7d102f373(FAMILY="",SYNC_CLK=1,MODE="FWFT",DEPTH=1024,DATA_WIDTH=48,PIPELINE_REG=0,PROGRAMMABLE_FULL="NONE",PROG_FULL_ASSERT=512,PROG_FULL_NEGATE=512,PROGRAMMABLE_EMPTY="NONE",PROG_EMPTY_ASSERT=2,PROG_EMPTY_NEGATE=3)'. (C:\Users\Jing-XuanTan(i)\Downloads\evsoc-efinity-v2026.1.132\evsoc-efinity-v2026.1.132\cam_single\Ti60F225_dsi\ip\cam_dma_fifo\cam_dma_fifo.sv:92)
[EFX-0201 WARNING] Re-wiring to GND non-driven net/port 'wr_clk_i' in module 'efx_fifo_top_b0792a13d328448586f08ea7d102f373(FAMILY="",SYNC_CLK=1,MODE="FWFT",DEPTH=1024,DATA_WIDTH=48,PIPELINE_REG=0,PROGRAMMABLE_FULL="NONE",PROG_FULL_ASSERT=512,PROG_FULL_NEGATE=512,PROGRAMMABLE_EMPTY="NONE",PROG_EMPTY_ASSERT=2,PROG_EMPTY_NEGATE=3)'. (C:\Users\Jing-XuanTan(i)\Downloads\evsoc-efinity-v2026.1.132\evsoc-efinity-v2026.1.132\cam_single\Ti60F225_dsi\ip\cam_dma_fifo\cam_dma_fifo.sv:92)
[EFX-0201 WARNING] Re-wiring to GND non-driven net/port 'rd_clk_i' in module 'efx_fifo_top_b0792a13d328448586f08ea7d102f373(FAMILY="",SYNC_CLK=1,MODE="FWFT",DEPTH=1024,DATA_WIDTH=48,PIPELINE_REG=0,PROGRAMMABLE_FULL="NONE",PROG_FULL_ASSERT=512,PROG_FULL_NEGATE=512,PROGRAMMABLE_EMPTY="NONE",PROG_EMPTY_ASSERT=2,PROG_EMPTY_NEGATE=3)'. (C:\Users\Jing-XuanTan(i)\Downloads\evsoc-efinity-v2026.1.132\evsoc-efinity-v2026.1.132\cam_single\Ti60F225_dsi\ip\cam_dma_fifo\cam_dma_fifo.sv:92)
[EFX-0201 WARNING] Re-wiring to GND non-driven net/port 'a_wr_rst_i' in module 'efx_fifo_top_0ebd061cc55a4cdb9867e4fd870758a2(FAMILY="",SYNC_CLK=1,DEPTH=1024,DATA_WIDTH=48,PIPELINE_REG=0,OUTPUT_REG=1,PROGRAMMABLE_FULL="NONE",PROG_FULL_ASSERT=512,PROG_FULL_NEGATE=512,PROGRAMMABLE_EMPTY="NONE",PROG_EMPTY_ASSERT=2,PROG_EMPTY_NEGATE=3)'. (C:\Users\Jing-XuanTan(i)\Downloads\evsoc-efinity-v2026.1.132\evsoc-efinity-v2026.1.132\cam_single\Ti60F225_dsi\ip\display_dma_fifo\display_dma_fifo.sv:92)
[EFX-0201 WARNING] Re-wiring to GND non-driven net/port 'a_rd_rst_i' in module 'efx_fifo_top_0ebd061cc55a4cdb9867e4fd870758a2(FAMILY="",SYNC_CLK=1,DEPTH=1024,DATA_WIDTH=48,PIPELINE_REG=0,OUTPUT_REG=1,PROGRAMMABLE_FULL="NONE",PROG_FULL_ASSERT=512,PROG_FULL_NEGATE=512,PROGRAMMABLE_EMPTY="NONE",PROG_EMPTY_ASSERT=2,PROG_EMPTY_NEGATE=3)'. (C:\Users\Jing-XuanTan(i)\Downloads\evsoc-efinity-v2026.1.132\evsoc-efinity-v2026.1.132\cam_single\Ti60F225_dsi\ip\display_dma_fifo\display_dma_fifo.sv:92)
[EFX-0657 WARNING] Mapping into logic memory block 'logic_progbufX_mem' (64 bits) (C:\Users\Jing-XuanTan(i)\Downloads\evsoc-efinity-v2026.1.132\evsoc-efinity-v2026.1.132\cam_single\Ti60F225_dsi\ip\SapphireSoc\SapphireSoc.v:13208) because size is too small (<=64)
[EFX-0657 WARNING] Mapping into logic memory block 'logic_ram' (64 bits) (C:\Users\Jing-XuanTan(i)\Downloads\evsoc-efinity-v2026.1.132\evsoc-efinity-v2026.1.132\cam_single\Ti60F225_dsi\ip\SapphireSoc\SapphireSoc.v:22209) because size is too small (<=64)
[EFX-0657 WARNING] Mapping into logic memory block 'logic_ram' (16 bits) (C:\Users\Jing-XuanTan(i)\Downloads\evsoc-efinity-v2026.1.132\evsoc-efinity-v2026.1.132\cam_single\Ti60F225_dsi\ip\SapphireSoc\SapphireSoc.v:22052) because size is too small (<=64)
[EFX-0657 WARNING] Mapping into logic memory block 'u_apb3_cam_display/slaveReg' (224 bits) (C:\Users\Jing-XuanTan(i)\Downloads\evsoc-efinity-v2026.1.132\evsoc-efinity-v2026.1.132\cam_single\Ti60F225_dsi\source/common/common_apb3.v:48) because it has all constant reader/writer.
[EFX-0011 VERI-WARNING] Input/inout port i_mipi_txc_sclk is unconnected. Place and route may remove this unconnected port. (VDB-8003) (C:\Users\Jing-XuanTan(i)\Downloads\evsoc-efinity-v2026.1.132\evsoc-efinity-v2026.1.132\cam_single\Ti60F225_dsi\edge_vision_soc.v:26)
[EFX-0011 VERI-WARNING] Input/inout port i_mipi_txd_sclk is unconnected. Place and route may remove this unconnected port. (VDB-8003) (C:\Users\Jing-XuanTan(i)\Downloads\evsoc-efinity-v2026.1.132\evsoc-efinity-v2026.1.132\cam_single\Ti60F225_dsi\edge_vision_soc.v:27)
[EFX-0011 VERI-WARNING] Input/inout port i_mipi_tx_pll_locked is unconnected. Place and route may remove this unconnected port. (VDB-8003) (C:\Users\Jing-XuanTan(i)\Downloads\evsoc-efinity-v2026.1.132\evsoc-efinity-v2026.1.132\cam_single\Ti60F225_dsi\edge_vision_soc.v:29)
[EFX-0011 VERI-WARNING] Input/inout port i_hbramClk90 is unconnected. Place and route may remove this unconnected port. (VDB-8003) (C:\Users\Jing-XuanTan(i)\Downloads\evsoc-efinity-v2026.1.132\evsoc-efinity-v2026.1.132\cam_single\Ti60F225_dsi\edge_vision_soc.v:33)
[EFX-0011 VERI-WARNING] Input/inout port i_cam_d0_HS_IN_1[7] is unconnected. Place and route may remove this unconnected port. (VDB-8003) (C:\Users\Jing-XuanTan(i)\Downloads\evsoc-efinity-v2026.1.132\evsoc-efinity-v2026.1.132\cam_single\Ti60F225_dsi\edge_vision_soc.v:74)
[EFX-0011 VERI-WARNING] Input/inout port i_cam_d0_HS_IN_2[7] is unconnected. Place and route may remove this unconnected port. (VDB-8003) (C:\Users\Jing-XuanTan(i)\Downloads\evsoc-efinity-v2026.1.132\evsoc-efinity-v2026.1.132\cam_single\Ti60F225_dsi\edge_vision_soc.v:75)
[EFX-0011 VERI-WARNING] Input/inout port i_cam_d0_HS_IN_3[7] is unconnected. Place and route may remove this unconnected port. (VDB-8003) (C:\Users\Jing-XuanTan(i)\Downloads\evsoc-efinity-v2026.1.132\evsoc-efinity-v2026.1.132\cam_single\Ti60F225_dsi\edge_vision_soc.v:76)
[EFX-0011 VERI-WARNING] Input/inout port i_cam_d1_HS_IN_1[7] is unconnected. Place and route may remove this unconnected port. (VDB-8003) (C:\Users\Jing-XuanTan(i)\Downloads\evsoc-efinity-v2026.1.132\evsoc-efinity-v2026.1.132\cam_single\Ti60F225_dsi\edge_vision_soc.v:89)
[EFX-0011 VERI-WARNING] Input/inout port i_cam_d1_HS_IN_2[7] is unconnected. Place and route may remove this unconnected port. (VDB-8003) (C:\Users\Jing-XuanTan(i)\Downloads\evsoc-efinity-v2026.1.132\evsoc-efinity-v2026.1.132\cam_single\Ti60F225_dsi\edge_vision_soc.v:90)
[EFX-0011 VERI-WARNING] Input/inout port i_cam_d1_HS_IN_3[7] is unconnected. Place and route may remove this unconnected port. (VDB-8003) (C:\Users\Jing-XuanTan(i)\Downloads\evsoc-efinity-v2026.1.132\evsoc-efinity-v2026.1.132\cam_single\Ti60F225_dsi\edge_vision_soc.v:91)
[EFX-0011 VERI-WARNING] Input/inout port sw6 is unconnected. Place and route may remove this unconnected port. (VDB-8003) (C:\Users\Jing-XuanTan(i)\Downloads\evsoc-efinity-v2026.1.132\evsoc-efinity-v2026.1.132\cam_single\Ti60F225_dsi\edge_vision_soc.v:181)
[EFX-0011 VERI-WARNING] Input/inout port sw7 is unconnected. Place and route may remove this unconnected port. (VDB-8003) (C:\Users\Jing-XuanTan(i)\Downloads\evsoc-efinity-v2026.1.132\evsoc-efinity-v2026.1.132\cam_single\Ti60F225_dsi\edge_vision_soc.v:182)
[EFX-0011 VERI-WARNING] Net u_risc_v/u_EfxSapphireSoc/system_cores_0_logic_cpu/IBusCachedPlugin_cache/lineLoader_address[4] is dangling. (VDB-8009) 
[EFX-0011 VERI-WARNING] Net u_risc_v/u_EfxSapphireSoc/system_cores_0_logic_cpu/IBusCachedPlugin_cache/lineLoader_address[2] is dangling. (VDB-8009) 
[EFX-0011 VERI-WARNING] Net u_risc_v/u_EfxSapphireSoc/system_cores_0_logic_cpu/IBusCachedPlugin_cache/lineLoader_address[3] is dangling. (VDB-8009) 
[EFX-0011 VERI-WARNING] Net u_risc_v/u_EfxSapphireSoc/system_cores_0_logic_cpu/IBusCachedPlugin_cache/lineLoader_address[1] is dangling. (VDB-8009) 
[EFX-0011 VERI-WARNING] Net u_risc_v/u_EfxSapphireSoc/system_cores_0_logic_cpu/IBusCachedPlugin_cache/lineLoader_address[0] is dangling. (VDB-8009) 
[EFX-0011 VERI-WARNING] Net soc_io_w_payload_id[0] is dangling. (VDB-8009) 
[EFX-0011 VERI-WARNING] Net soc_io_arw_payload_region[0] is dangling. (VDB-8009) 
[EFX-0011 VERI-WARNING] Net soc_io_arw_payload_cache[0] is dangling. (VDB-8009) 
[EFX-0011 VERI-WARNING] Net u_risc_v/u_EfxSapphireSoc/io_ddrA_r_rData_id[0] is dangling. (VDB-8009) 
[EFX-0011 VERI-WARNING] Net soc_io_arw_payload_prot[0] is dangling. (VDB-8009) 
[EFX-0011 VERI-WARNING] Net soc_io_arw_payload_lock is dangling. (VDB-8009) 
[EFX-0011 VERI-WARNING] Net soc_io_arw_payload_qos[0] is dangling. (VDB-8009) 
[EFX-0011 VERI-WARNING] Net u_risc_v/u_EfxSapphireSoc/system_cores_0_logic_cpu/IBusCachedPlugin_cache/lineLoader_address[5] is dangling. (VDB-8009) 
[EFX-0011 VERI-WARNING] Net soc_io_arw_payload_addr[31] is dangling. (VDB-8009) 
[EFX-0011 VERI-WARNING] Net soc_io_w_payload_id[1] is dangling. (VDB-8009) 
[EFX-0011 VERI-WARNING] Net soc_io_w_payload_id[2] is dangling. (VDB-8009) 
[EFX-0011 VERI-WARNING] Net soc_io_w_payload_id[3] is dangling. (VDB-8009) 
[EFX-0011 VERI-WARNING] Net soc_io_w_payload_id[4] is dangling. (VDB-8009) 
[EFX-0011 VERI-WARNING] Net soc_io_w_payload_id[5] is dangling. (VDB-8009) 
[EFX-0011 VERI-WARNING] Net soc_io_w_payload_id[6] is dangling. (VDB-8009) 
[EFX-0011 VERI-WARNING] Net soc_io_w_payload_id[7] is dangling. (VDB-8009) 
[EFX-0011 VERI-WARNING] Net u_risc_v/u_EfxSapphireSoc/io_ddrA_r_rData_id[1] is dangling. (VDB-8009) 
[EFX-0011 VERI-WARNING] Net u_risc_v/u_EfxSapphireSoc/io_ddrA_r_rData_id[2] is dangling. (VDB-8009) 
[EFX-0011 VERI-WARNING] Net u_risc_v/u_EfxSapphireSoc/io_ddrA_r_rData_id[3] is dangling. (VDB-8009) 
[EFX-0011 VERI-WARNING] Net u_risc_v/u_EfxSapphireSoc/io_ddrA_r_rData_id[4] is dangling. (VDB-8009) 
[EFX-0011 VERI-WARNING] Net u_risc_v/u_EfxSapphireSoc/io_ddrA_r_rData_id[5] is dangling. (VDB-8009) 
[EFX-0011 VERI-WARNING] Net u_risc_v/u_EfxSapphireSoc/io_ddrA_r_rData_id[6] is dangling. (VDB-8009) 
[EFX-0011 VERI-WARNING] Net u_risc_v/u_EfxSapphireSoc/io_ddrA_r_rData_id[7] is dangling. (VDB-8009) 
[EFX-0011 VERI-WARNING] Net soc_io_arw_payload_region[1] is dangling. (VDB-8009) 
[EFX-0011 VERI-WARNING] Net soc_io_arw_payload_region[2] is dangling. (VDB-8009) 
[EFX-0011 VERI-WARNING] Net soc_io_arw_payload_region[3] is dangling. (VDB-8009) 
[EFX-0011 VERI-WARNING] Net soc_io_arw_payload_cache[1] is dangling. (VDB-8009) 
[EFX-0011 VERI-WARNING] Net soc_io_arw_payload_cache[2] is dangling. (VDB-8009) 
[EFX-0011 VERI-WARNING] Net soc_io_arw_payload_cache[3] is dangling. (VDB-8009) 
[EFX-0011 VERI-WARNING] Net soc_io_arw_payload_qos[1] is dangling. (VDB-8009) 
[EFX-0011 VERI-WARNING] Net soc_io_arw_payload_qos[2] is dangling. (VDB-8009) 
[EFX-0011 VERI-WARNING] Net soc_io_arw_payload_qos[3] is dangling. (VDB-8009) 
[EFX-0011 VERI-WARNING] Net soc_io_arw_payload_prot[1] is dangling. (VDB-8009) 
[EFX-0011 VERI-WARNING] Net soc_io_arw_payload_prot[2] is dangling. (VDB-8009) 
[EFX-0011 VERI-WARNING] Net dma_arregion[0] is dangling. (VDB-8009) 
[EFX-0011 VERI-WARNING] Net dma_awregion[0] is dangling. (VDB-8009) 
[EFX-0011 VERI-WARNING] Net dma_arregion[1] is dangling. (VDB-8009) 
[EFX-0011 VERI-WARNING] Net dma_arregion[2] is dangling. (VDB-8009) 
[EFX-0011 VERI-WARNING] Net dma_arregion[3] is dangling. (VDB-8009) 
[EFX-0011 VERI-WARNING] Net dma_awregion[1] is dangling. (VDB-8009) 
[EFX-0011 VERI-WARNING] Net dma_awregion[2] is dangling. (VDB-8009) 
[EFX-0011 VERI-WARNING] Net dma_awregion[3] is dangling. (VDB-8009) 
[EFX-0011 VERI-WARNING] Net u_hbram/u_hbram_top/hbc_dq_OE_2[0] is dangling. (VDB-8009) 
[EFX-0011 VERI-WARNING] Net u_hbram/u_hbram_top/hbc_dq_OE_2[1] is dangling. (VDB-8009) 
[EFX-0011 VERI-WARNING] Net u_hbram/u_hbram_top/hbc_dq_OE_2[2] is dangling. (VDB-8009) 
[EFX-0011 VERI-WARNING] Net u_hbram/u_hbram_top/hbc_dq_OE_2[3] is dangling. (VDB-8009) 
[EFX-0011 VERI-WARNING] Net u_hbram/u_hbram_top/hbc_dq_OE_2[4] is dangling. (VDB-8009) 
[EFX-0011 VERI-WARNING] Net u_hbram/u_hbram_top/hbc_dq_OE_2[5] is dangling. (VDB-8009) 
[EFX-0011 VERI-WARNING] Net u_hbram/u_hbram_top/hbc_dq_OE_2[6] is dangling. (VDB-8009) 
[EFX-0011 VERI-WARNING] Net u_hbram/u_hbram_top/hbc_dq_OE_2[7] is dangling. (VDB-8009) 
[EFX-0011 VERI-WARNING] Net u_hbram/u_hbram_top/hbc_dq_OE_2[8] is dangling. (VDB-8009) 
[EFX-0011 VERI-WARNING] Net u_hbram/u_hbram_top/hbc_dq_OE_2[9] is dangling. (VDB-8009) 
[EFX-0011 VERI-WARNING] Net u_hbram/u_hbram_top/hbc_dq_OE_2[10] is dangling. (VDB-8009) 
[EFX-0011 VERI-WARNING] Net u_hbram/u_hbram_top/hbc_dq_OE_2[11] is dangling. (VDB-8009) 
[EFX-0011 VERI-WARNING] Net u_hbram/u_hbram_top/hbc_dq_OE_2[12] is dangling. (VDB-8009) 
[EFX-0011 VERI-WARNING] Net u_hbram/u_hbram_top/hbc_dq_OE_2[13] is dangling. (VDB-8009) 
[EFX-0011 VERI-WARNING] Net u_hbram/u_hbram_top/hbc_dq_OE_2[14] is dangling. (VDB-8009) 
[EFX-0011 VERI-WARNING] Net u_hbram/u_hbram_top/hbc_dq_OE_2[15] is dangling. (VDB-8009) 
[EFX-0011 VERI-WARNING] Net u_risc_v/u_EfxSapphireSoc/system_ddr_ddrLogic_cc_fifo/io_output_rsp_queue/popCC_popPtrPlus[0] is dangling. (VDB-8009) 
[EFX-0011 VERI-WARNING] Net u_risc_v/u_EfxSapphireSoc/system_ddr_ddrLogic_cc_fifo/io_input_cmd_queue/popCC_popPtrPlus[0] is dangling. (VDB-8009) 
[EFX-0011 VERI-WARNING] Net u_risc_v/u_EfxSapphireSoc/system_bridge_bmb_crossClock/io_output_rsp_queue/popCC_popPtrPlus[0] is dangling. (VDB-8009) 
[EFX-0011 VERI-WARNING] Net u_risc_v/u_EfxSapphireSoc/system_bridge_bmb_crossClock/io_input_cmd_queue/popCC_popPtrPlus[0] is dangling. (VDB-8009) 
[EFX-0011 VERI-WARNING] Net u_dma/u_EfxDMA/outputsAdapter_2_crossclock_fifo/popCC_popPtrPlus[0] is dangling. (VDB-8009) 
[EFX-0011 VERI-WARNING] Net u_dma/u_EfxDMA/inputsAdapter_1_crossclock_fifo/popCC_popPtrPlus[0] is dangling. (VDB-8009) 
[EFX-0011 VERI-WARNING] Net u_dma/u_EfxDMA/outputsAdapter_1_crossclock_fifo/popCC_popPtrPlus[0] is dangling. (VDB-8009) 
[EFX-0011 VERI-WARNING] Net u_dma/u_EfxDMA/inputsAdapter_0_crossclock_fifo/popCC_popPtrPlus[0] is dangling. (VDB-8009) 
[EFX-0011 VERI-WARNING] Found 125 warnings in the post-synthesis netlist. 

///////////////////////////////////
// Efinity Synthesis Started 
// Aug 20, 2026 16:58:29
///////////////////////////////////

[EFX-0011 VERI-WARNING] parameter 'CL_S_COUNT' becomes localparam in 'axi_interconnect' with formal parameter declaration list (VERI-1199) (C:\Users\Jing-XuanTan(i)\Downloads\evsoc-efinity-v2026.1.132\evsoc-efinity-v2026.1.132\cam_single\Ti60F225_dsi\source/axi/axi_interconnect.v:180)
[EFX-0011 VERI-WARNING] parameter 'CL_M_COUNT' becomes localparam in 'axi_interconnect' with formal parameter declaration list (VERI-1199) (C:\Users\Jing-XuanTan(i)\Downloads\evsoc-efinity-v2026.1.132\evsoc-efinity-v2026.1.132\cam_single\Ti60F225_dsi\source/axi/axi_interconnect.v:181)
[EFX-0011 VERI-WARNING] parameter 'AUSER_WIDTH' becomes localparam in 'axi_interconnect' with formal parameter declaration list (VERI-1199) (C:\Users\Jing-XuanTan(i)\Downloads\evsoc-efinity-v2026.1.132\evsoc-efinity-v2026.1.132\cam_single\Ti60F225_dsi\source/axi/axi_interconnect.v:183)
[EFX-0011 VERI-WARNING] parameter 'M_BASE_ADDR_INT' becomes localparam in 'axi_interconnect' with formal parameter declaration list (VERI-1199) (C:\Users\Jing-XuanTan(i)\Downloads\evsoc-efinity-v2026.1.132\evsoc-efinity-v2026.1.132\cam_single\Ti60F225_dsi\source/axi/axi_interconnect.v:202)
[EFX-0011 VERI-WARNING] parameter 'W1' becomes localparam in 'priority_encoder' with formal parameter declaration list (VERI-1199) (C:\Users\Jing-XuanTan(i)\Downloads\evsoc-efinity-v2026.1.132\evsoc-efinity-v2026.1.132\cam_single\Ti60F225_dsi\source/axi/priority_encoder.v:39)
[EFX-0011 VERI-WARNING] parameter 'W2' becomes localparam in 'priority_encoder' with formal parameter declaration list (VERI-1199) (C:\Users\Jing-XuanTan(i)\Downloads\evsoc-efinity-v2026.1.132\evsoc-efinity-v2026.1.132\cam_single\Ti60F225_dsi\source/axi/priority_encoder.v:40)
[EFX-0011 VERI-WARNING] parameter 'X_OUT_RATIO' becomes localparam in 'cam_scaling' with formal parameter declaration list (VERI-1199) (C:\Users\Jing-XuanTan(i)\Downloads\evsoc-efinity-v2026.1.132\evsoc-efinity-v2026.1.132\cam_single\Ti60F225_dsi\source/cam/cam_scaling.v:31)
[EFX-0011 VERI-WARNING] parameter 'X_IN_RATIO' becomes localparam in 'cam_scaling' with formal parameter declaration list (VERI-1199) (C:\Users\Jing-XuanTan(i)\Downloads\evsoc-efinity-v2026.1.132\evsoc-efinity-v2026.1.132\cam_single\Ti60F225_dsi\source/cam/cam_scaling.v:32)
[EFX-0011 VERI-WARNING] parameter 'Y_OUT_RATIO' becomes localparam in 'cam_scaling' with formal parameter declaration list (VERI-1199) (C:\Users\Jing-XuanTan(i)\Downloads\evsoc-efinity-v2026.1.132\evsoc-efinity-v2026.1.132\cam_single\Ti60F225_dsi\source/cam/cam_scaling.v:33)
[EFX-0011 VERI-WARNING] parameter 'Y_IN_RATIO' becomes localparam in 'cam_scaling' with formal parameter declaration list (VERI-1199) (C:\Users\Jing-XuanTan(i)\Downloads\evsoc-efinity-v2026.1.132\evsoc-efinity-v2026.1.132\cam_single\Ti60F225_dsi\source/cam/cam_scaling.v:34)

///////////////////////////////////
// Efinity Synthesis Started 
// Aug 20, 2026 16:59:21
///////////////////////////////////

[EFX-0011 VERI-WARNING] parameter 'CL_S_COUNT' becomes localparam in 'axi_interconnect' with formal parameter declaration list (VERI-1199) (C:\Users\Jing-XuanTan(i)\Downloads\evsoc-efinity-v2026.1.132\evsoc-efinity-v2026.1.132\cam_single\Ti60F225_dsi\source/axi/axi_interconnect.v:180)
[EFX-0011 VERI-WARNING] parameter 'CL_M_COUNT' becomes localparam in 'axi_interconnect' with formal parameter declaration list (VERI-1199) (C:\Users\Jing-XuanTan(i)\Downloads\evsoc-efinity-v2026.1.132\evsoc-efinity-v2026.1.132\cam_single\Ti60F225_dsi\source/axi/axi_interconnect.v:181)
[EFX-0011 VERI-WARNING] parameter 'AUSER_WIDTH' becomes localparam in 'axi_interconnect' with formal parameter declaration list (VERI-1199) (C:\Users\Jing-XuanTan(i)\Downloads\evsoc-efinity-v2026.1.132\evsoc-efinity-v2026.1.132\cam_single\Ti60F225_dsi\source/axi/axi_interconnect.v:183)
[EFX-0011 VERI-WARNING] parameter 'M_BASE_ADDR_INT' becomes localparam in 'axi_interconnect' with formal parameter declaration list (VERI-1199) (C:\Users\Jing-XuanTan(i)\Downloads\evsoc-efinity-v2026.1.132\evsoc-efinity-v2026.1.132\cam_single\Ti60F225_dsi\source/axi/axi_interconnect.v:202)
[EFX-0011 VERI-WARNING] parameter 'W1' becomes localparam in 'priority_encoder' with formal parameter declaration list (VERI-1199) (C:\Users\Jing-XuanTan(i)\Downloads\evsoc-efinity-v2026.1.132\evsoc-efinity-v2026.1.132\cam_single\Ti60F225_dsi\source/axi/priority_encoder.v:39)
[EFX-0011 VERI-WARNING] parameter 'W2' becomes localparam in 'priority_encoder' with formal parameter declaration list (VERI-1199) (C:\Users\Jing-XuanTan(i)\Downloads\evsoc-efinity-v2026.1.132\evsoc-efinity-v2026.1.132\cam_single\Ti60F225_dsi\source/axi/priority_encoder.v:40)
[EFX-0011 VERI-WARNING] parameter 'X_OUT_RATIO' becomes localparam in 'cam_scaling' with formal parameter declaration list (VERI-1199) (C:\Users\Jing-XuanTan(i)\Downloads\evsoc-efinity-v2026.1.132\evsoc-efinity-v2026.1.132\cam_single\Ti60F225_dsi\source/cam/cam_scaling.v:31)
[EFX-0011 VERI-WARNING] parameter 'X_IN_RATIO' becomes localparam in 'cam_scaling' with formal parameter declaration list (VERI-1199) (C:\Users\Jing-XuanTan(i)\Downloads\evsoc-efinity-v2026.1.132\evsoc-efinity-v2026.1.132\cam_single\Ti60F225_dsi\source/cam/cam_scaling.v:32)
[EFX-0011 VERI-WARNING] parameter 'Y_OUT_RATIO' becomes localparam in 'cam_scaling' with formal parameter declaration list (VERI-1199) (C:\Users\Jing-XuanTan(i)\Downloads\evsoc-efinity-v2026.1.132\evsoc-efinity-v2026.1.132\cam_single\Ti60F225_dsi\source/cam/cam_scaling.v:33)
[EFX-0011 VERI-WARNING] parameter 'Y_IN_RATIO' becomes localparam in 'cam_scaling' with formal parameter declaration list (VERI-1199) (C:\Users\Jing-XuanTan(i)\Downloads\evsoc-efinity-v2026.1.132\evsoc-efinity-v2026.1.132\cam_single\Ti60F225_dsi\source/cam/cam_scaling.v:34)
[EFX-0011 VERI-WARNING] parameter '**' becomes localparam in '**' with formal parameter declaration list (VERI-1199) (C:\Users\Jing-XuanTan(i)\Downloads\evsoc-efinity-v2026.1.132\evsoc-efinity-v2026.1.132\cam_single\Ti60F225_dsi\ip\hbram\hbram.sv:4976)
[EFX-0011 VERI-WARNING] parameter '**' becomes localparam in '**' with formal parameter declaration list (VERI-1199) (C:\Users\Jing-XuanTan(i)\Downloads\evsoc-efinity-v2026.1.132\evsoc-efinity-v2026.1.132\cam_single\Ti60F225_dsi\ip\hbram\hbram.sv:5309)
[EFX-0011 VERI-WARNING] port 'system_spi_0_io_data_2_read' is not connected on this instance (VERI-2435) (C:\Users\Jing-XuanTan(i)\Downloads\evsoc-efinity-v2026.1.132\evsoc-efinity-v2026.1.132\cam_single\Ti60F225_dsi\edge_vision_soc.v:1337)
[EFX-0011 VERI-WARNING] port 'system_spi_0_io_data_2_write' remains unconnected for this instance (VERI-1927) (C:\Users\Jing-XuanTan(i)\Downloads\evsoc-efinity-v2026.1.132\evsoc-efinity-v2026.1.132\cam_single\Ti60F225_dsi\edge_vision_soc.v:1337)

///////////////////////////////////
// Efinity Synthesis Started 
// Aug 20, 2026 17:00:42
///////////////////////////////////

[EFX-0011 VERI-WARNING] parameter 'CL_S_COUNT' becomes localparam in 'axi_interconnect' with formal parameter declaration list (VERI-1199) (C:\Users\Jing-XuanTan(i)\Downloads\evsoc-efinity-v2026.1.132\evsoc-efinity-v2026.1.132\cam_single\Ti60F225_dsi\source/axi/axi_interconnect.v:180)
[EFX-0011 VERI-WARNING] parameter 'CL_M_COUNT' becomes localparam in 'axi_interconnect' with formal parameter declaration list (VERI-1199) (C:\Users\Jing-XuanTan(i)\Downloads\evsoc-efinity-v2026.1.132\evsoc-efinity-v2026.1.132\cam_single\Ti60F225_dsi\source/axi/axi_interconnect.v:181)
[EFX-0011 VERI-WARNING] parameter 'AUSER_WIDTH' becomes localparam in 'axi_interconnect' with formal parameter declaration list (VERI-1199) (C:\Users\Jing-XuanTan(i)\Downloads\evsoc-efinity-v2026.1.132\evsoc-efinity-v2026.1.132\cam_single\Ti60F225_dsi\source/axi/axi_interconnect.v:183)
[EFX-0011 VERI-WARNING] parameter 'M_BASE_ADDR_INT' becomes localparam in 'axi_interconnect' with formal parameter declaration list (VERI-1199) (C:\Users\Jing-XuanTan(i)\Downloads\evsoc-efinity-v2026.1.132\evsoc-efinity-v2026.1.132\cam_single\Ti60F225_dsi\source/axi/axi_interconnect.v:202)
[EFX-0011 VERI-WARNING] parameter 'W1' becomes localparam in 'priority_encoder' with formal parameter declaration list (VERI-1199) (C:\Users\Jing-XuanTan(i)\Downloads\evsoc-efinity-v2026.1.132\evsoc-efinity-v2026.1.132\cam_single\Ti60F225_dsi\source/axi/priority_encoder.v:39)
[EFX-0011 VERI-WARNING] parameter 'W2' becomes localparam in 'priority_encoder' with formal parameter declaration list (VERI-1199) (C:\Users\Jing-XuanTan(i)\Downloads\evsoc-efinity-v2026.1.132\evsoc-efinity-v2026.1.132\cam_single\Ti60F225_dsi\source/axi/priority_encoder.v:40)
[EFX-0011 VERI-WARNING] parameter 'X_OUT_RATIO' becomes localparam in 'cam_scaling' with formal parameter declaration list (VERI-1199) (C:\Users\Jing-XuanTan(i)\Downloads\evsoc-efinity-v2026.1.132\evsoc-efinity-v2026.1.132\cam_single\Ti60F225_dsi\source/cam/cam_scaling.v:31)
[EFX-0011 VERI-WARNING] parameter 'X_IN_RATIO' becomes localparam in 'cam_scaling' with formal parameter declaration list (VERI-1199) (C:\Users\Jing-XuanTan(i)\Downloads\evsoc-efinity-v2026.1.132\evsoc-efinity-v2026.1.132\cam_single\Ti60F225_dsi\source/cam/cam_scaling.v:32)
[EFX-0011 VERI-WARNING] parameter 'Y_OUT_RATIO' becomes localparam in 'cam_scaling' with formal parameter declaration list (VERI-1199) (C:\Users\Jing-XuanTan(i)\Downloads\evsoc-efinity-v2026.1.132\evsoc-efinity-v2026.1.132\cam_single\Ti60F225_dsi\source/cam/cam_scaling.v:33)
[EFX-0011 VERI-WARNING] parameter 'Y_IN_RATIO' becomes localparam in 'cam_scaling' with formal parameter declaration list (VERI-1199) (C:\Users\Jing-XuanTan(i)\Downloads\evsoc-efinity-v2026.1.132\evsoc-efinity-v2026.1.132\cam_single\Ti60F225_dsi\source/cam/cam_scaling.v:34)
[EFX-0011 VERI-WARNING] parameter '**' becomes localparam in '**' with formal parameter declaration list (VERI-1199) (C:\Users\Jing-XuanTan(i)\Downloads\evsoc-efinity-v2026.1.132\evsoc-efinity-v2026.1.132\cam_single\Ti60F225_dsi\ip\hbram\hbram.sv:4976)
[EFX-0011 VERI-WARNING] parameter '**' becomes localparam in '**' with formal parameter declaration list (VERI-1199) (C:\Users\Jing-XuanTan(i)\Downloads\evsoc-efinity-v2026.1.132\evsoc-efinity-v2026.1.132\cam_single\Ti60F225_dsi\ip\hbram\hbram.sv:5309)
[EFX-0011 VERI-WARNING] port 'system_spi_0_io_data_2_read' is not connected on this instance (VERI-2435) (C:\Users\Jing-XuanTan(i)\Downloads\evsoc-efinity-v2026.1.132\evsoc-efinity-v2026.1.132\cam_single\Ti60F225_dsi\edge_vision_soc.v:1337)
[EFX-0011 VERI-WARNING] port 'system_spi_0_io_data_2_write' remains unconnected for this instance (VERI-1927) (C:\Users\Jing-XuanTan(i)\Downloads\evsoc-efinity-v2026.1.132\evsoc-efinity-v2026.1.132\cam_single\Ti60F225_dsi\edge_vision_soc.v:1337)

///////////////////////////////////
// Efinity Synthesis Started 
// Aug 20, 2026 17:06:00
///////////////////////////////////

[EFX-0011 VERI-WARNING] parameter 'CL_S_COUNT' becomes localparam in 'axi_interconnect' with formal parameter declaration list (VERI-1199) (C:\Users\Jing-XuanTan(i)\Downloads\evsoc-efinity-v2026.1.132\evsoc-efinity-v2026.1.132\cam_single\Ti60F225_dsi\source/axi/axi_interconnect.v:180)
[EFX-0011 VERI-WARNING] parameter 'CL_M_COUNT' becomes localparam in 'axi_interconnect' with formal parameter declaration list (VERI-1199) (C:\Users\Jing-XuanTan(i)\Downloads\evsoc-efinity-v2026.1.132\evsoc-efinity-v2026.1.132\cam_single\Ti60F225_dsi\source/axi/axi_interconnect.v:181)
[EFX-0011 VERI-WARNING] parameter 'AUSER_WIDTH' becomes localparam in 'axi_interconnect' with formal parameter declaration list (VERI-1199) (C:\Users\Jing-XuanTan(i)\Downloads\evsoc-efinity-v2026.1.132\evsoc-efinity-v2026.1.132\cam_single\Ti60F225_dsi\source/axi/axi_interconnect.v:183)
[EFX-0011 VERI-WARNING] parameter 'M_BASE_ADDR_INT' becomes localparam in 'axi_interconnect' with formal parameter declaration list (VERI-1199) (C:\Users\Jing-XuanTan(i)\Downloads\evsoc-efinity-v2026.1.132\evsoc-efinity-v2026.1.132\cam_single\Ti60F225_dsi\source/axi/axi_interconnect.v:202)
[EFX-0011 VERI-WARNING] parameter 'W1' becomes localparam in 'priority_encoder' with formal parameter declaration list (VERI-1199) (C:\Users\Jing-XuanTan(i)\Downloads\evsoc-efinity-v2026.1.132\evsoc-efinity-v2026.1.132\cam_single\Ti60F225_dsi\source/axi/priority_encoder.v:39)
[EFX-0011 VERI-WARNING] parameter 'W2' becomes localparam in 'priority_encoder' with formal parameter declaration list (VERI-1199) (C:\Users\Jing-XuanTan(i)\Downloads\evsoc-efinity-v2026.1.132\evsoc-efinity-v2026.1.132\cam_single\Ti60F225_dsi\source/axi/priority_encoder.v:40)
[EFX-0011 VERI-WARNING] parameter 'X_OUT_RATIO' becomes localparam in 'cam_scaling' with formal parameter declaration list (VERI-1199) (C:\Users\Jing-XuanTan(i)\Downloads\evsoc-efinity-v2026.1.132\evsoc-efinity-v2026.1.132\cam_single\Ti60F225_dsi\source/cam/cam_scaling.v:31)
[EFX-0011 VERI-WARNING] parameter 'X_IN_RATIO' becomes localparam in 'cam_scaling' with formal parameter declaration list (VERI-1199) (C:\Users\Jing-XuanTan(i)\Downloads\evsoc-efinity-v2026.1.132\evsoc-efinity-v2026.1.132\cam_single\Ti60F225_dsi\source/cam/cam_scaling.v:32)
[EFX-0011 VERI-WARNING] parameter 'Y_OUT_RATIO' becomes localparam in 'cam_scaling' with formal parameter declaration list (VERI-1199) (C:\Users\Jing-XuanTan(i)\Downloads\evsoc-efinity-v2026.1.132\evsoc-efinity-v2026.1.132\cam_single\Ti60F225_dsi\source/cam/cam_scaling.v:33)
[EFX-0011 VERI-WARNING] parameter 'Y_IN_RATIO' becomes localparam in 'cam_scaling' with formal parameter declaration list (VERI-1199) (C:\Users\Jing-XuanTan(i)\Downloads\evsoc-efinity-v2026.1.132\evsoc-efinity-v2026.1.132\cam_single\Ti60F225_dsi\source/cam/cam_scaling.v:34)
[EFX-0011 VERI-WARNING] parameter '**' becomes localparam in '**' with formal parameter declaration list (VERI-1199) (C:\Users\Jing-XuanTan(i)\Downloads\evsoc-efinity-v2026.1.132\evsoc-efinity-v2026.1.132\cam_single\Ti60F225_dsi\ip\hbram\hbram.sv:4976)
[EFX-0011 VERI-WARNING] parameter '**' becomes localparam in '**' with formal parameter declaration list (VERI-1199) (C:\Users\Jing-XuanTan(i)\Downloads\evsoc-efinity-v2026.1.132\evsoc-efinity-v2026.1.132\cam_single\Ti60F225_dsi\ip\hbram\hbram.sv:5309)
[EFX-0011 VERI-WARNING] port 'system_spi_0_io_data_2_read' is not connected on this instance (VERI-2435) (C:\Users\Jing-XuanTan(i)\Downloads\evsoc-efinity-v2026.1.132\evsoc-efinity-v2026.1.132\cam_single\Ti60F225_dsi\edge_vision_soc.v:1337)
[EFX-0011 VERI-WARNING] port 'system_spi_0_io_data_2_write' remains unconnected for this instance (VERI-1927) (C:\Users\Jing-XuanTan(i)\Downloads\evsoc-efinity-v2026.1.132\evsoc-efinity-v2026.1.132\cam_single\Ti60F225_dsi\edge_vision_soc.v:1337)

///////////////////////////////////
// Efinity Synthesis Started 
// Aug 20, 2026 17:08:52
///////////////////////////////////

[EFX-0011 VERI-WARNING] parameter 'CL_S_COUNT' becomes localparam in 'axi_interconnect' with formal parameter declaration list (VERI-1199) (C:\Users\Jing-XuanTan(i)\Downloads\evsoc-efinity-v2026.1.132\evsoc-efinity-v2026.1.132\cam_single\Ti60F225_dsi\source/axi/axi_interconnect.v:180)
[EFX-0011 VERI-WARNING] parameter 'CL_M_COUNT' becomes localparam in 'axi_interconnect' with formal parameter declaration list (VERI-1199) (C:\Users\Jing-XuanTan(i)\Downloads\evsoc-efinity-v2026.1.132\evsoc-efinity-v2026.1.132\cam_single\Ti60F225_dsi\source/axi/axi_interconnect.v:181)
[EFX-0011 VERI-WARNING] parameter 'AUSER_WIDTH' becomes localparam in 'axi_interconnect' with formal parameter declaration list (VERI-1199) (C:\Users\Jing-XuanTan(i)\Downloads\evsoc-efinity-v2026.1.132\evsoc-efinity-v2026.1.132\cam_single\Ti60F225_dsi\source/axi/axi_interconnect.v:183)
[EFX-0011 VERI-WARNING] parameter 'M_BASE_ADDR_INT' becomes localparam in 'axi_interconnect' with formal parameter declaration list (VERI-1199) (C:\Users\Jing-XuanTan(i)\Downloads\evsoc-efinity-v2026.1.132\evsoc-efinity-v2026.1.132\cam_single\Ti60F225_dsi\source/axi/axi_interconnect.v:202)
[EFX-0011 VERI-WARNING] parameter 'W1' becomes localparam in 'priority_encoder' with formal parameter declaration list (VERI-1199) (C:\Users\Jing-XuanTan(i)\Downloads\evsoc-efinity-v2026.1.132\evsoc-efinity-v2026.1.132\cam_single\Ti60F225_dsi\source/axi/priority_encoder.v:39)
[EFX-0011 VERI-WARNING] parameter 'W2' becomes localparam in 'priority_encoder' with formal parameter declaration list (VERI-1199) (C:\Users\Jing-XuanTan(i)\Downloads\evsoc-efinity-v2026.1.132\evsoc-efinity-v2026.1.132\cam_single\Ti60F225_dsi\source/axi/priority_encoder.v:40)
[EFX-0011 VERI-WARNING] parameter 'X_OUT_RATIO' becomes localparam in 'cam_scaling' with formal parameter declaration list (VERI-1199) (C:\Users\Jing-XuanTan(i)\Downloads\evsoc-efinity-v2026.1.132\evsoc-efinity-v2026.1.132\cam_single\Ti60F225_dsi\source/cam/cam_scaling.v:31)
[EFX-0011 VERI-WARNING] parameter 'X_IN_RATIO' becomes localparam in 'cam_scaling' with formal parameter declaration list (VERI-1199) (C:\Users\Jing-XuanTan(i)\Downloads\evsoc-efinity-v2026.1.132\evsoc-efinity-v2026.1.132\cam_single\Ti60F225_dsi\source/cam/cam_scaling.v:32)
[EFX-0011 VERI-WARNING] parameter 'Y_OUT_RATIO' becomes localparam in 'cam_scaling' with formal parameter declaration list (VERI-1199) (C:\Users\Jing-XuanTan(i)\Downloads\evsoc-efinity-v2026.1.132\evsoc-efinity-v2026.1.132\cam_single\Ti60F225_dsi\source/cam/cam_scaling.v:33)
[EFX-0011 VERI-WARNING] parameter 'Y_IN_RATIO' becomes localparam in 'cam_scaling' with formal parameter declaration list (VERI-1199) (C:\Users\Jing-XuanTan(i)\Downloads\evsoc-efinity-v2026.1.132\evsoc-efinity-v2026.1.132\cam_single\Ti60F225_dsi\source/cam/cam_scaling.v:34)
[EFX-0011 VERI-WARNING] parameter '**' becomes localparam in '**' with formal parameter declaration list (VERI-1199) (C:\Users\Jing-XuanTan(i)\Downloads\evsoc-efinity-v2026.1.132\evsoc-efinity-v2026.1.132\cam_single\Ti60F225_dsi\ip\hbram\hbram.sv:4976)
[EFX-0011 VERI-WARNING] parameter '**' becomes localparam in '**' with formal parameter declaration list (VERI-1199) (C:\Users\Jing-XuanTan(i)\Downloads\evsoc-efinity-v2026.1.132\evsoc-efinity-v2026.1.132\cam_single\Ti60F225_dsi\ip\hbram\hbram.sv:5309)
[EFX-0011 VERI-WARNING] port 'system_spi_0_io_data_2_read' is not connected on this instance (VERI-2435) (C:\Users\Jing-XuanTan(i)\Downloads\evsoc-efinity-v2026.1.132\evsoc-efinity-v2026.1.132\cam_single\Ti60F225_dsi\edge_vision_soc.v:1337)
[EFX-0011 VERI-WARNING] port 'system_spi_0_io_data_2_write' remains unconnected for this instance (VERI-1927) (C:\Users\Jing-XuanTan(i)\Downloads\evsoc-efinity-v2026.1.132\evsoc-efinity-v2026.1.132\cam_single\Ti60F225_dsi\edge_vision_soc.v:1337)
[EFX-0011 VERI-WARNING] port 'dat1_o_tvalid' remains unconnected for this instance (VERI-1927) (C:\Users\Jing-XuanTan(i)\Downloads\evsoc-efinity-v2026.1.132\evsoc-efinity-v2026.1.132\cam_single\Ti60F225_dsi\edge_vision_soc.v:1523)
[EFX-0011 VERI-WARNING] port 'dat1_o_tready' is not connected on this instance (VERI-2435) (C:\Users\Jing-XuanTan(i)\Downloads\evsoc-efinity-v2026.1.132\evsoc-efinity-v2026.1.132\cam_single\Ti60F225_dsi\edge_vision_soc.v:1523)
[EFX-0011 VERI-WARNING] port 's_axi_awuser' remains unconnected for this instance (VERI-1927) (C:\Users\Jing-XuanTan(i)\Downloads\evsoc-efinity-v2026.1.132\evsoc-efinity-v2026.1.132\cam_single\Ti60F225_dsi\edge_vision_soc.v:1652)
[EFX-0011 VERI-WARNING] expression size 32 truncated to fit in target size 8 (VERI-1209) (C:\Users\Jing-XuanTan(i)\Downloads\evsoc-efinity-v2026.1.132\evsoc-efinity-v2026.1.132\cam_single\Ti60F225_dsi\edge_vision_soc.v:728)
[EFX-0011 VERI-WARNING] expression size 32 truncated to fit in target size 8 (VERI-1209) (C:\Users\Jing-XuanTan(i)\Downloads\evsoc-efinity-v2026.1.132\evsoc-efinity-v2026.1.132\cam_single\Ti60F225_dsi\edge_vision_soc.v:729)
[EFX-0011 VERI-WARNING] expression size ** truncated to fit in target size ** (VERI-1209) (C:\Users\Jing-XuanTan(i)\Downloads\evsoc-efinity-v2026.1.132\evsoc-efinity-v2026.1.132\cam_single\Ti60F225_dsi\ip\csi2_rx_cam\csi2_rx_cam.sv:7306)
[EFX-0011 VERI-WARNING] expression size ** truncated to fit in target size ** (VERI-1209) (C:\Users\Jing-XuanTan(i)\Downloads\evsoc-efinity-v2026.1.132\evsoc-efinity-v2026.1.132\cam_single\Ti60F225_dsi\ip\csi2_rx_cam\csi2_rx_cam.sv:4119)
[EFX-0011 VERI-WARNING] assignment and/or driver for '**' inside static function '**' is not preserved (VERI-2457) (C:\Users\Jing-XuanTan(i)\Downloads\evsoc-efinity-v2026.1.132\evsoc-efinity-v2026.1.132\cam_single\Ti60F225_dsi\ip\csi2_rx_cam\csi2_rx_cam.sv:1466)
[EFX-0011 VERI-WARNING] port '**' remains unconnected for this instance (VERI-1927) (C:\Users\Jing-XuanTan(i)\Downloads\evsoc-efinity-v2026.1.132\evsoc-efinity-v2026.1.132\cam_single\Ti60F225_dsi\ip\csi2_rx_cam\csi2_rx_cam.sv:1264)
[EFX-0011 VERI-WARNING] expression size ** truncated to fit in target size ** (VERI-1209) (C:\Users\Jing-XuanTan(i)\Downloads\evsoc-efinity-v2026.1.132\evsoc-efinity-v2026.1.132\cam_single\Ti60F225_dsi\ip\csi2_rx_cam\csi2_rx_cam.sv:1264)
[EFX-0011 VERI-WARNING] expression size ** truncated to fit in target size ** (VERI-1209) (C:\Users\Jing-XuanTan(i)\Downloads\evsoc-efinity-v2026.1.132\evsoc-efinity-v2026.1.132\cam_single\Ti60F225_dsi\ip\csi2_rx_cam\csi2_rx_cam.sv:2711)
[EFX-0011 VERI-WARNING] expression size ** truncated to fit in target size ** (VERI-1209) (C:\Users\Jing-XuanTan(i)\Downloads\evsoc-efinity-v2026.1.132\evsoc-efinity-v2026.1.132\cam_single\Ti60F225_dsi\ip\csi2_rx_cam\csi2_rx_cam.sv:2869)
[EFX-0011 VERI-WARNING] expression size ** truncated to fit in target size ** (VERI-1209) (C:\Users\Jing-XuanTan(i)\Downloads\evsoc-efinity-v2026.1.132\evsoc-efinity-v2026.1.132\cam_single\Ti60F225_dsi\ip\csi2_rx_cam\csi2_rx_cam.sv:1264)
[EFX-0011 VERI-WARNING] port 'rst_busy' remains unconnected for this instance (VERI-1927) (C:\Users\Jing-XuanTan(i)\Downloads\evsoc-efinity-v2026.1.132\evsoc-efinity-v2026.1.132\cam_single\Ti60F225_dsi\source/cam/cam_picam_v2.v:256)
[EFX-0011 VERI-WARNING] port 'rst_busy' remains unconnected for this instance (VERI-1927) (C:\Users\Jing-XuanTan(i)\Downloads\evsoc-efinity-v2026.1.132\evsoc-efinity-v2026.1.132\cam_single\Ti60F225_dsi\source/cam/cam_picam_v2.v:484)
[EFX-0011 VERI-WARNING] port 'a_wr_rst_i' remains unconnected for this instance (VERI-1927) (C:\Users\Jing-XuanTan(i)\Downloads\evsoc-efinity-v2026.1.132\evsoc-efinity-v2026.1.132\cam_single\Ti60F225_dsi\ip\cam_pixel_remap_fifo\cam_pixel_remap_fifo.sv:110)
[EFX-0011 VERI-WARNING] input port 'a_wr_rst_i' is not connected on this instance (VDB-1013) (C:\Users\Jing-XuanTan(i)\Downloads\evsoc-efinity-v2026.1.132\evsoc-efinity-v2026.1.132\cam_single\Ti60F225_dsi\ip\cam_pixel_remap_fifo\cam_pixel_remap_fifo.sv:92)
[EFX-0011 VERI-WARNING] expression size 32 truncated to fit in target size 11 (VERI-1209) (C:\Users\Jing-XuanTan(i)\Downloads\evsoc-efinity-v2026.1.132\evsoc-efinity-v2026.1.132\cam_single\Ti60F225_dsi\source/cam/cam_crop.v:82)
[EFX-0011 VERI-WARNING] port 'a_wr_rst_i' remains unconnected for this instance (VERI-1927) (C:\Users\Jing-XuanTan(i)\Downloads\evsoc-efinity-v2026.1.132\evsoc-efinity-v2026.1.132\cam_single\Ti60F225_dsi\ip\cam_dma_fifo\cam_dma_fifo.sv:110)
[EFX-0011 VERI-WARNING] input port 'a_wr_rst_i' is not connected on this instance (VDB-1013) (C:\Users\Jing-XuanTan(i)\Downloads\evsoc-efinity-v2026.1.132\evsoc-efinity-v2026.1.132\cam_single\Ti60F225_dsi\ip\cam_dma_fifo\cam_dma_fifo.sv:92)
[EFX-0011 VERI-WARNING] actual bit length 32 differs from formal bit length 1 for port 'i_dbg_we' (VERI-1330) (C:\Users\Jing-XuanTan(i)\Downloads\evsoc-efinity-v2026.1.132\evsoc-efinity-v2026.1.132\cam_single\Ti60F225_dsi\edge_vision_soc.v:947)
[EFX-0011 VERI-WARNING] actual bit length 32 differs from formal bit length 40 for port 'i_dbg_din' (VERI-1330) (C:\Users\Jing-XuanTan(i)\Downloads\evsoc-efinity-v2026.1.132\evsoc-efinity-v2026.1.132\cam_single\Ti60F225_dsi\edge_vision_soc.v:948)
[EFX-0011 VERI-WARNING] actual bit length 32 differs from formal bit length 9 for port 'i_dbg_addr' (VERI-1330) (C:\Users\Jing-XuanTan(i)\Downloads\evsoc-efinity-v2026.1.132\evsoc-efinity-v2026.1.132\cam_single\Ti60F225_dsi\edge_vision_soc.v:949)
[EFX-0011 VERI-WARNING] actual bit length 32 differs from formal bit length 1 for port 'i_dbg_reconfig' (VERI-1330) (C:\Users\Jing-XuanTan(i)\Downloads\evsoc-efinity-v2026.1.132\evsoc-efinity-v2026.1.132\cam_single\Ti60F225_dsi\edge_vision_soc.v:951)
[EFX-0011 VERI-WARNING] port 'rst_busy' remains unconnected for this instance (VERI-1927) (C:\Users\Jing-XuanTan(i)\Downloads\evsoc-efinity-v2026.1.132\evsoc-efinity-v2026.1.132\cam_single\Ti60F225_dsi\source/display/dsi/display_dsi.v:265)
[EFX-0011 VERI-WARNING] actual bit length 11 differs from formal bit length 14 for port 'out_x' (VERI-1330) (C:\Users\Jing-XuanTan(i)\Downloads\evsoc-efinity-v2026.1.132\evsoc-efinity-v2026.1.132\cam_single\Ti60F225_dsi\source/display/dsi/display_dsi.v:127)
[EFX-0011 VERI-WARNING] actual bit length 11 differs from formal bit length 12 for port 'out_y' (VERI-1330) (C:\Users\Jing-XuanTan(i)\Downloads\evsoc-efinity-v2026.1.132\evsoc-efinity-v2026.1.132\cam_single\Ti60F225_dsi\source/display/dsi/display_dsi.v:128)
[EFX-0011 VERI-WARNING] expression size 16 truncated to fit in target size 8 (VERI-1209) (C:\Users\Jing-XuanTan(i)\Downloads\evsoc-efinity-v2026.1.132\evsoc-efinity-v2026.1.132\cam_single\Ti60F225_dsi\source/cam/scale_up_2x_nn.v:127)
[EFX-0011 VERI-WARNING] expression size 16 truncated to fit in target size 8 (VERI-1209) (C:\Users\Jing-XuanTan(i)\Downloads\evsoc-efinity-v2026.1.132\evsoc-efinity-v2026.1.132\cam_single\Ti60F225_dsi\source/cam/scale_up_2x_nn.v:128)
[EFX-0011 VERI-WARNING] expression size 16 truncated to fit in target size 8 (VERI-1209) (C:\Users\Jing-XuanTan(i)\Downloads\evsoc-efinity-v2026.1.132\evsoc-efinity-v2026.1.132\cam_single\Ti60F225_dsi\source/cam/scale_up_2x_nn.v:129)
[EFX-0011 VERI-WARNING] port 'a_wr_rst_i' remains unconnected for this instance (VERI-1927) (C:\Users\Jing-XuanTan(i)\Downloads\evsoc-efinity-v2026.1.132\evsoc-efinity-v2026.1.132\cam_single\Ti60F225_dsi\ip\display_dma_fifo\display_dma_fifo.sv:110)
[EFX-0011 VERI-WARNING] input port 'a_wr_rst_i' is not connected on this instance (VDB-1013) (C:\Users\Jing-XuanTan(i)\Downloads\evsoc-efinity-v2026.1.132\evsoc-efinity-v2026.1.132\cam_single\Ti60F225_dsi\ip\display_dma_fifo\display_dma_fifo.sv:92)
[EFX-0011 VERI-WARNING] actual bit length 10 differs from formal bit length 11 for port 'datacount_o' (VERI-1330) (C:\Users\Jing-XuanTan(i)\Downloads\evsoc-efinity-v2026.1.132\evsoc-efinity-v2026.1.132\cam_single\Ti60F225_dsi\source/display/dsi/display_dsi.v:264)
[EFX-0011 VERI-WARNING] port '**' remains unconnected for this instance (VERI-1927) (C:\Users\Jing-XuanTan(i)\Downloads\evsoc-efinity-v2026.1.132\evsoc-efinity-v2026.1.132\cam_single\Ti60F225_dsi\ip\dsi_tx_display\dsi_tx_display.sv:5436)
[EFX-0011 VERI-WARNING] assignment and/or driver for '**' inside static function '**' is not preserved (VERI-2457) (C:\Users\Jing-XuanTan(i)\Downloads\evsoc-efinity-v2026.1.132\evsoc-efinity-v2026.1.132\cam_single\Ti60F225_dsi\ip\dsi_tx_display\dsi_tx_display.sv:2885)
[EFX-0011 VERI-WARNING] port '**' remains unconnected for this instance (VERI-1927) (C:\Users\Jing-XuanTan(i)\Downloads\evsoc-efinity-v2026.1.132\evsoc-efinity-v2026.1.132\cam_single\Ti60F225_dsi\ip\dsi_tx_display\dsi_tx_display.sv:5689)
[EFX-0011 VERI-WARNING] expression size ** truncated to fit in target size ** (VERI-1209) (C:\Users\Jing-XuanTan(i)\Downloads\evsoc-efinity-v2026.1.132\evsoc-efinity-v2026.1.132\cam_single\Ti60F225_dsi\ip\dsi_tx_display\dsi_tx_display.sv:5689)
[EFX-0011 VERI-WARNING] expression size ** truncated to fit in target size ** (VERI-1209) (C:\Users\Jing-XuanTan(i)\Downloads\evsoc-efinity-v2026.1.132\evsoc-efinity-v2026.1.132\cam_single\Ti60F225_dsi\ip\dsi_tx_display\dsi_tx_display.sv:7297)
[EFX-0011 VERI-WARNING] port '**' remains unconnected for this instance (VERI-1927) (C:\Users\Jing-XuanTan(i)\Downloads\evsoc-efinity-v2026.1.132\evsoc-efinity-v2026.1.132\cam_single\Ti60F225_dsi\ip\dsi_tx_display\dsi_tx_display.sv:1596)
[EFX-0011 VERI-WARNING] expression size ** truncated to fit in target size ** (VERI-1209) (C:\Users\Jing-XuanTan(i)\Downloads\evsoc-efinity-v2026.1.132\evsoc-efinity-v2026.1.132\cam_single\Ti60F225_dsi\ip\dsi_tx_display\dsi_tx_display.sv:1596)
[EFX-0011 VERI-WARNING] port '**' remains unconnected for this instance (VERI-1927) (C:\Users\Jing-XuanTan(i)\Downloads\evsoc-efinity-v2026.1.132\evsoc-efinity-v2026.1.132\cam_single\Ti60F225_dsi\ip\dsi_tx_display\dsi_tx_display.sv:2500)
[EFX-0011 VERI-WARNING] expression size ** truncated to fit in target size ** (VERI-1209) (C:\Users\Jing-XuanTan(i)\Downloads\evsoc-efinity-v2026.1.132\evsoc-efinity-v2026.1.132\cam_single\Ti60F225_dsi\ip\dsi_tx_display\dsi_tx_display.sv:2500)
[EFX-0011 VERI-WARNING] assignment and/or driver for '**' inside static function '**' is not preserved (VERI-2457) (C:\Users\Jing-XuanTan(i)\Downloads\evsoc-efinity-v2026.1.132\evsoc-efinity-v2026.1.132\cam_single\Ti60F225_dsi\ip\dsi_tx_display\dsi_tx_display.sv:3474)
[EFX-0011 VERI-WARNING] actual bit length 32 differs from formal bit length 16 for port 'haddr' (VERI-1330) (C:\Users\Jing-XuanTan(i)\Downloads\evsoc-efinity-v2026.1.132\evsoc-efinity-v2026.1.132\cam_single\Ti60F225_dsi\edge_vision_soc.v:1081)
[EFX-0011 VERI-WARNING] port 'ram_clk_cal_2' is not connected on this instance (VERI-2435) (C:\Users\Jing-XuanTan(i)\Downloads\evsoc-efinity-v2026.1.132\evsoc-efinity-v2026.1.132\cam_single\Ti60F225_dsi\ip\hbram\hbram.sv:200)
[EFX-0011 VERI-WARNING] port 'native_clk' remains unconnected for this instance (VERI-1927) (C:\Users\Jing-XuanTan(i)\Downloads\evsoc-efinity-v2026.1.132\evsoc-efinity-v2026.1.132\cam_single\Ti60F225_dsi\ip\hbram\hbram.sv:200)
[EFX-0011 VERI-WARNING] port '**' remains unconnected for this instance (VERI-1927) (C:\Users\Jing-XuanTan(i)\Downloads\evsoc-efinity-v2026.1.132\evsoc-efinity-v2026.1.132\cam_single\Ti60F225_dsi\ip\hbram\hbram.sv:1134)
[EFX-0011 VERI-WARNING] expression size 32 truncated to fit in target size 9 (VERI-1209) (C:\Users\Jing-XuanTan(i)\Downloads\evsoc-efinity-v2026.1.132\evsoc-efinity-v2026.1.132\cam_single\Ti60F225_dsi\ip\hbram\hbram.sv:5791)
[EFX-0011 VERI-WARNING] expression size 32 truncated to fit in target size 11 (VERI-1209) (C:\Users\Jing-XuanTan(i)\Downloads\evsoc-efinity-v2026.1.132\evsoc-efinity-v2026.1.132\cam_single\Ti60F225_dsi\ip\hbram\hbram.sv:5792)
[EFX-0011 VERI-WARNING] expression size ** truncated to fit in target size ** (VERI-1209) (C:\Users\Jing-XuanTan(i)\Downloads\evsoc-efinity-v2026.1.132\evsoc-efinity-v2026.1.132\cam_single\Ti60F225_dsi\ip\hbram\hbram.sv:1134)
[EFX-0011 VERI-WARNING] expression size 32 truncated to fit in target size 11 (VERI-1209) (C:\Users\Jing-XuanTan(i)\Downloads\evsoc-efinity-v2026.1.132\evsoc-efinity-v2026.1.132\cam_single\Ti60F225_dsi\ip\hbram\hbram.sv:5806)
[EFX-0011 VERI-WARNING] expression size 32 truncated to fit in target size 9 (VERI-1209) (C:\Users\Jing-XuanTan(i)\Downloads\evsoc-efinity-v2026.1.132\evsoc-efinity-v2026.1.132\cam_single\Ti60F225_dsi\ip\hbram\hbram.sv:5807)
[EFX-0011 VERI-WARNING] expression size ** truncated to fit in target size ** (VERI-1209) (C:\Users\Jing-XuanTan(i)\Downloads\evsoc-efinity-v2026.1.132\evsoc-efinity-v2026.1.132\cam_single\Ti60F225_dsi\ip\hbram\hbram.sv:5309)
[EFX-0011 VERI-WARNING] actual bit length ** differs from formal bit length *** for port '**' (VERI-1330) (C:\Users\Jing-XuanTan(i)\Downloads\evsoc-efinity-v2026.1.132\evsoc-efinity-v2026.1.132\cam_single\Ti60F225_dsi\ip\hbram\hbram.sv:1946)
[EFX-0011 VERI-WARNING] expression size ** truncated to fit in target size ** (VERI-1209) (C:\Users\Jing-XuanTan(i)\Downloads\evsoc-efinity-v2026.1.132\evsoc-efinity-v2026.1.132\cam_single\Ti60F225_dsi\ip\hbram\hbram.sv:3545)
[EFX-0011 VERI-WARNING] actual bit length ** differs from formal bit length *** for port '**' (VERI-1330) (C:\Users\Jing-XuanTan(i)\Downloads\evsoc-efinity-v2026.1.132\evsoc-efinity-v2026.1.132\cam_single\Ti60F225_dsi\ip\hbram\hbram.sv:2351)
[EFX-0011 VERI-WARNING] expression size ** truncated to fit in target size ** (VERI-1209) (C:\Users\Jing-XuanTan(i)\Downloads\evsoc-efinity-v2026.1.132\evsoc-efinity-v2026.1.132\cam_single\Ti60F225_dsi\ip\hbram\hbram.sv:4591)
[EFX-0011 VERI-WARNING] input port 'ram_clk_cal_2' remains unconnected for this instance (VDB-1053) (C:\Users\Jing-XuanTan(i)\Downloads\evsoc-efinity-v2026.1.132\evsoc-efinity-v2026.1.132\cam_single\Ti60F225_dsi\ip\hbram\hbram.sv:147)
[EFX-0011 VERI-WARNING] input port 'native_clk' is not connected on this instance (VDB-1013) (C:\Users\Jing-XuanTan(i)\Downloads\evsoc-efinity-v2026.1.132\evsoc-efinity-v2026.1.132\cam_single\Ti60F225_dsi\ip\hbram\hbram.sv:147)
[EFX-0011 VERI-WARNING] system task 'display' is ignored for synthesis (VERI-1142) (C:\Users\Jing-XuanTan(i)\Downloads\evsoc-efinity-v2026.1.132\evsoc-efinity-v2026.1.132\cam_single\Ti60F225_dsi\ip\SapphireSoc\SapphireSoc.v:24200)
[EFX-0011 VERI-WARNING] net 'IBusCachedPlugin_cache_io_cpu_fetch_isRemoved' does not have a driver (VDB-1002) (C:\Users\Jing-XuanTan(i)\Downloads\evsoc-efinity-v2026.1.132\evsoc-efinity-v2026.1.132\cam_single\Ti60F225_dsi\ip\SapphireSoc\SapphireSoc.v:14091)
[EFX-0011 VERI-WARNING] net 'dataCache_1_io_cpu_writeBack_fence_SW' does not have a driver (VDB-1002) (C:\Users\Jing-XuanTan(i)\Downloads\evsoc-efinity-v2026.1.132\evsoc-efinity-v2026.1.132\cam_single\Ti60F225_dsi\ip\SapphireSoc\SapphireSoc.v:14104)
[EFX-0011 VERI-WARNING] net 'dataCache_1_io_cpu_writeBack_fence_SR' does not have a driver (VDB-1002) (C:\Users\Jing-XuanTan(i)\Downloads\evsoc-efinity-v2026.1.132\evsoc-efinity-v2026.1.132\cam_single\Ti60F225_dsi\ip\SapphireSoc\SapphireSoc.v:14105)
[EFX-0011 VERI-WARNING] net 'dataCache_1_io_cpu_writeBack_fence_SO' does not have a driver (VDB-1002) (C:\Users\Jing-XuanTan(i)\Downloads\evsoc-efinity-v2026.1.132\evsoc-efinity-v2026.1.132\cam_single\Ti60F225_dsi\ip\SapphireSoc\SapphireSoc.v:14106)
[EFX-0011 VERI-WARNING] net 'dataCache_1_io_cpu_writeBack_fence_SI' does not have a driver (VDB-1002) (C:\Users\Jing-XuanTan(i)\Downloads\evsoc-efinity-v2026.1.132\evsoc-efinity-v2026.1.132\cam_single\Ti60F225_dsi\ip\SapphireSoc\SapphireSoc.v:14107)
[EFX-0011 VERI-WARNING] net 'dataCache_1_io_cpu_writeBack_fence_PW' does not have a driver (VDB-1002) (C:\Users\Jing-XuanTan(i)\Downloads\evsoc-efinity-v2026.1.132\evsoc-efinity-v2026.1.132\cam_single\Ti60F225_dsi\ip\SapphireSoc\SapphireSoc.v:14108)
[EFX-0011 VERI-WARNING] net 'dataCache_1_io_cpu_writeBack_fence_PR' does not have a driver (VDB-1002) (C:\Users\Jing-XuanTan(i)\Downloads\evsoc-efinity-v2026.1.132\evsoc-efinity-v2026.1.132\cam_single\Ti60F225_dsi\ip\SapphireSoc\SapphireSoc.v:14109)
[EFX-0011 VERI-WARNING] net 'dataCache_1_io_cpu_writeBack_fence_PO' does not have a driver (VDB-1002) (C:\Users\Jing-XuanTan(i)\Downloads\evsoc-efinity-v2026.1.132\evsoc-efinity-v2026.1.132\cam_single\Ti60F225_dsi\ip\SapphireSoc\SapphireSoc.v:14110)
[EFX-0011 VERI-WARNING] net 'dataCache_1_io_cpu_writeBack_fence_PI' does not have a driver (VDB-1002) (C:\Users\Jing-XuanTan(i)\Downloads\evsoc-efinity-v2026.1.132\evsoc-efinity-v2026.1.132\cam_single\Ti60F225_dsi\ip\SapphireSoc\SapphireSoc.v:14111)
[EFX-0011 VERI-WARNING] net 'dataCache_1_io_cpu_writeBack_fence_FM[3]' does not have a driver (VDB-1002) (C:\Users\Jing-XuanTan(i)\Downloads\evsoc-efinity-v2026.1.132\evsoc-efinity-v2026.1.132\cam_single\Ti60F225_dsi\ip\SapphireSoc\SapphireSoc.v:14112)
[EFX-0011 VERI-WARNING] net 'IBusCachedPlugin_mmuBus_rsp_bypassTranslation' does not have a driver (VDB-1002) (C:\Users\Jing-XuanTan(i)\Downloads\evsoc-efinity-v2026.1.132\evsoc-efinity-v2026.1.132\cam_single\Ti60F225_dsi\ip\SapphireSoc\SapphireSoc.v:14619)
[EFX-0011 VERI-WARNING] net 'DBusCachedPlugin_mmuBus_rsp_bypassTranslation' does not have a driver (VDB-1002) (C:\Users\Jing-XuanTan(i)\Downloads\evsoc-efinity-v2026.1.132\evsoc-efinity-v2026.1.132\cam_single\Ti60F225_dsi\ip\SapphireSoc\SapphireSoc.v:14645)
[EFX-0011 VERI-WARNING] net 'IBusCachedPlugin_iBusRsp_output_payload_rsp_error' does not have a driver (VDB-1002) (C:\Users\Jing-XuanTan(i)\Downloads\evsoc-efinity-v2026.1.132\evsoc-efinity-v2026.1.132\cam_single\Ti60F225_dsi\ip\SapphireSoc\SapphireSoc.v:14753)
[EFX-0011 VERI-WARNING] net 'IBusCachedPlugin_iBusRsp_output_payload_isRvc' does not have a driver (VDB-1002) (C:\Users\Jing-XuanTan(i)\Downloads\evsoc-efinity-v2026.1.132\evsoc-efinity-v2026.1.132\cam_single\Ti60F225_dsi\ip\SapphireSoc\SapphireSoc.v:14755)
[EFX-0011 VERI-WARNING] net 'CsrPlugin_mtvec_mode[1]' does not have a driver (VDB-1002) (C:\Users\Jing-XuanTan(i)\Downloads\evsoc-efinity-v2026.1.132\evsoc-efinity-v2026.1.132\cam_single\Ti60F225_dsi\ip\SapphireSoc\SapphireSoc.v:14989)
[EFX-0011 VERI-WARNING] system function call 'urandom' is not supported (VERI-1141) (C:\Users\Jing-XuanTan(i)\Downloads\evsoc-efinity-v2026.1.132\evsoc-efinity-v2026.1.132\cam_single\Ti60F225_dsi\ip\SapphireSoc\SapphireSoc.v:23325)
[EFX-0011 VERI-WARNING] system function call 'urandom' is not supported (VERI-1141) (C:\Users\Jing-XuanTan(i)\Downloads\evsoc-efinity-v2026.1.132\evsoc-efinity-v2026.1.132\cam_single\Ti60F225_dsi\ip\SapphireSoc\SapphireSoc.v:23326)
[EFX-0011 VERI-WARNING] system function call 'urandom' is not supported (VERI-1141) (C:\Users\Jing-XuanTan(i)\Downloads\evsoc-efinity-v2026.1.132\evsoc-efinity-v2026.1.132\cam_single\Ti60F225_dsi\ip\SapphireSoc\SapphireSoc.v:25602)
[EFX-0011 VERI-WARNING] system function call 'urandom' is not supported (VERI-1141) (C:\Users\Jing-XuanTan(i)\Downloads\evsoc-efinity-v2026.1.132\evsoc-efinity-v2026.1.132\cam_single\Ti60F225_dsi\ip\SapphireSoc\SapphireSoc.v:25603)
[EFX-0011 VERI-WARNING] system function call 'urandom' is not supported (VERI-1141) (C:\Users\Jing-XuanTan(i)\Downloads\evsoc-efinity-v2026.1.132\evsoc-efinity-v2026.1.132\cam_single\Ti60F225_dsi\ip\SapphireSoc\SapphireSoc.v:6383)
[EFX-0011 VERI-WARNING] system function call 'urandom' is not supported (VERI-1141) (C:\Users\Jing-XuanTan(i)\Downloads\evsoc-efinity-v2026.1.132\evsoc-efinity-v2026.1.132\cam_single\Ti60F225_dsi\ip\SapphireSoc\SapphireSoc.v:6384)
[EFX-0011 VERI-WARNING] port 'rst_busy' remains unconnected for this instance (VERI-1927) (C:\Users\Jing-XuanTan(i)\Downloads\evsoc-efinity-v2026.1.132\evsoc-efinity-v2026.1.132\cam_single\Ti60F225_dsi\source/hw_accel/hw_accel_wrapper.v:217)
[EFX-0011 VERI-WARNING] port 'rst_busy' remains unconnected for this instance (VERI-1927) (C:\Users\Jing-XuanTan(i)\Downloads\evsoc-efinity-v2026.1.132\evsoc-efinity-v2026.1.132\cam_single\Ti60F225_dsi\source/hw_accel/hw_accel_wrapper.v:243)
[EFX-0011 VERI-WARNING] port 'a_wr_rst_i' remains unconnected for this instance (VERI-1927) (C:\Users\Jing-XuanTan(i)\Downloads\evsoc-efinity-v2026.1.132\evsoc-efinity-v2026.1.132\cam_single\Ti60F225_dsi\ip\hw_accel_dma_in_fifo\hw_accel_dma_in_fifo.sv:112)
[EFX-0011 VERI-WARNING] input port 'a_wr_rst_i' is not connected on this instance (VDB-1013) (C:\Users\Jing-XuanTan(i)\Downloads\evsoc-efinity-v2026.1.132\evsoc-efinity-v2026.1.132\cam_single\Ti60F225_dsi\ip\hw_accel_dma_in_fifo\hw_accel_dma_in_fifo.sv:93)
[EFX-0011 VERI-WARNING] port 'a_wr_rst_i' remains unconnected for this instance (VERI-1927) (C:\Users\Jing-XuanTan(i)\Downloads\evsoc-efinity-v2026.1.132\evsoc-efinity-v2026.1.132\cam_single\Ti60F225_dsi\ip\hw_accel_dma_out_fifo\hw_accel_dma_out_fifo.sv:112)
[EFX-0011 VERI-WARNING] input port 'a_wr_rst_i' is not connected on this instance (VDB-1013) (C:\Users\Jing-XuanTan(i)\Downloads\evsoc-efinity-v2026.1.132\evsoc-efinity-v2026.1.132\cam_single\Ti60F225_dsi\ip\hw_accel_dma_out_fifo\hw_accel_dma_out_fifo.sv:93)
[EFX-0011 VERI-WARNING] system function call 'urandom' is not supported (VERI-1141) (C:\Users\Jing-XuanTan(i)\Downloads\evsoc-efinity-v2026.1.132\evsoc-efinity-v2026.1.132\cam_single\Ti60F225_dsi\ip\dma\dma.v:13453)
[EFX-0011 VERI-WARNING] system function call 'urandom' is not supported (VERI-1141) (C:\Users\Jing-XuanTan(i)\Downloads\evsoc-efinity-v2026.1.132\evsoc-efinity-v2026.1.132\cam_single\Ti60F225_dsi\ip\dma\dma.v:13454)
[EFX-0011 VERI-WARNING] system function call 'urandom' is not supported (VERI-1141) (C:\Users\Jing-XuanTan(i)\Downloads\evsoc-efinity-v2026.1.132\evsoc-efinity-v2026.1.132\cam_single\Ti60F225_dsi\ip\dma\dma.v:13455)
[EFX-0011 VERI-WARNING] system function call 'urandom' is not supported (VERI-1141) (C:\Users\Jing-XuanTan(i)\Downloads\evsoc-efinity-v2026.1.132\evsoc-efinity-v2026.1.132\cam_single\Ti60F225_dsi\ip\dma\dma.v:13456)
[EFX-0011 VERI-WARNING] system function call 'urandom' is not supported (VERI-1141) (C:\Users\Jing-XuanTan(i)\Downloads\evsoc-efinity-v2026.1.132\evsoc-efinity-v2026.1.132\cam_single\Ti60F225_dsi\ip\dma\dma.v:13457)
[EFX-0011 VERI-WARNING] actual bit length 16 differs from formal bit length 14 for port 'ctrl_PADDR' (VERI-1330) (C:\Users\Jing-XuanTan(i)\Downloads\evsoc-efinity-v2026.1.132\evsoc-efinity-v2026.1.132\cam_single\Ti60F225_dsi\edge_vision_soc.v:1439)
[EFX-0011 VERI-WARNING] system task 'display' is ignored for synthesis (VERI-1142) (C:\Users\Jing-XuanTan(i)\Downloads\evsoc-efinity-v2026.1.132\evsoc-efinity-v2026.1.132\cam_single\Ti60F225_dsi\source/axi/axi_interconnect.v:220)
[EFX-0011 VERI-WARNING] system task 'display' is ignored for synthesis (VERI-1142) (C:\Users\Jing-XuanTan(i)\Downloads\evsoc-efinity-v2026.1.132\evsoc-efinity-v2026.1.132\cam_single\Ti60F225_dsi\source/axi/axi_interconnect.v:223)
[EFX-0011 VERI-WARNING] expression size 32 truncated to fit in target size 2 (VERI-1209) (C:\Users\Jing-XuanTan(i)\Downloads\evsoc-efinity-v2026.1.132\evsoc-efinity-v2026.1.132\cam_single\Ti60F225_dsi\source/axi/priority_encoder.v:89)
[EFX-0011 VERI-WARNING] expression size 32 truncated to fit in target size 4 (VERI-1209) (C:\Users\Jing-XuanTan(i)\Downloads\evsoc-efinity-v2026.1.132\evsoc-efinity-v2026.1.132\cam_single\Ti60F225_dsi\source/axi/priority_encoder.v:89)
[EFX-0011 VERI-WARNING] right shift count >= width of value (VERI-1959) (C:\Users\Jing-XuanTan(i)\Downloads\evsoc-efinity-v2026.1.132\evsoc-efinity-v2026.1.132\cam_single\Ti60F225_dsi\source/axi/axi_interconnect.v:566)
[EFX-0011 VERI-WARNING] expression size 32 truncated to fit in target size 8 (VERI-1209) (C:\Users\Jing-XuanTan(i)\Downloads\evsoc-efinity-v2026.1.132\evsoc-efinity-v2026.1.132\cam_single\Ti60F225_dsi\source/axi/axi_interconnect.v:689)
[EFX-0011 VERI-WARNING] input port 'Rx_HS_D_2[7]' remains unconnected for this instance (VDB-1053) (C:\Users\Jing-XuanTan(i)\Downloads\evsoc-efinity-v2026.1.132\evsoc-efinity-v2026.1.132\cam_single\Ti60F225_dsi\edge_vision_soc.v:766)
[EFX-0011 VERI-WARNING] input port 'system_spi_0_io_data_2_read' remains unconnected for this instance (VDB-1053) (C:\Users\Jing-XuanTan(i)\Downloads\evsoc-efinity-v2026.1.132\evsoc-efinity-v2026.1.132\cam_single\Ti60F225_dsi\edge_vision_soc.v:1205)
[EFX-0011 VERI-WARNING] input port 'dat1_o_tready' remains unconnected for this instance (VDB-1053) (C:\Users\Jing-XuanTan(i)\Downloads\evsoc-efinity-v2026.1.132\evsoc-efinity-v2026.1.132\cam_single\Ti60F225_dsi\edge_vision_soc.v:1434)
[EFX-0011 VERI-WARNING] input port 's_axi_awuser[1]' remains unconnected for this instance (VDB-1053) (C:\Users\Jing-XuanTan(i)\Downloads\evsoc-efinity-v2026.1.132\evsoc-efinity-v2026.1.132\cam_single\Ti60F225_dsi\edge_vision_soc.v:1571)
[EFX-0200 WARNING] Removing redundant signal : Rx_HS_D_2[7:0]. (C:\Users\Jing-XuanTan(i)\Downloads\evsoc-efinity-v2026.1.132\evsoc-efinity-v2026.1.132\cam_single\Ti60F225_dsi\ip\csi2_rx_cam\csi2_rx_cam.sv:6307)
[EFX-0200 WARNING] Removing redundant signal : Rx_HS_D_3[7:0]. (C:\Users\Jing-XuanTan(i)\Downloads\evsoc-efinity-v2026.1.132\evsoc-efinity-v2026.1.132\cam_single\Ti60F225_dsi\ip\csi2_rx_cam\csi2_rx_cam.sv:6307)
[EFX-0200 WARNING] Removing redundant signal : Rx_HS_D_4[7:0]. (C:\Users\Jing-XuanTan(i)\Downloads\evsoc-efinity-v2026.1.132\evsoc-efinity-v2026.1.132\cam_single\Ti60F225_dsi\ip\csi2_rx_cam\csi2_rx_cam.sv:6307)
[EFX-0200 WARNING] Removing redundant signal : Rx_HS_D_5[7:0]. (C:\Users\Jing-XuanTan(i)\Downloads\evsoc-efinity-v2026.1.132\evsoc-efinity-v2026.1.132\cam_single\Ti60F225_dsi\ip\csi2_rx_cam\csi2_rx_cam.sv:6307)
[EFX-0200 WARNING] Removing redundant signal : Rx_HS_D_6[7:0]. (C:\Users\Jing-XuanTan(i)\Downloads\evsoc-efinity-v2026.1.132\evsoc-efinity-v2026.1.132\cam_single\Ti60F225_dsi\ip\csi2_rx_cam\csi2_rx_cam.sv:6307)
[EFX-0200 WARNING] Removing redundant signal : Rx_HS_D_7[7:0]. (C:\Users\Jing-XuanTan(i)\Downloads\evsoc-efinity-v2026.1.132\evsoc-efinity-v2026.1.132\cam_single\Ti60F225_dsi\ip\csi2_rx_cam\csi2_rx_cam.sv:6307)
[EFX-0200 WARNING] Removing redundant signal : u_dly_enable_D[1:0]. (C:\Users\Jing-XuanTan(i)\Downloads\evsoc-efinity-v2026.1.132\evsoc-efinity-v2026.1.132\cam_single\Ti60F225_dsi\ip\csi2_rx_cam\csi2_rx_cam.sv:6307)
[EFX-0200 WARNING] Removing redundant signal : u_dly_inc_D[1:0]. (C:\Users\Jing-XuanTan(i)\Downloads\evsoc-efinity-v2026.1.132\evsoc-efinity-v2026.1.132\cam_single\Ti60F225_dsi\ip\csi2_rx_cam\csi2_rx_cam.sv:6307)
[EFX-0200 WARNING] Removing redundant signal : axi_awaddr[1:0]. (C:\Users\Jing-XuanTan(i)\Downloads\evsoc-efinity-v2026.1.132\evsoc-efinity-v2026.1.132\cam_single\Ti60F225_dsi\ip\csi2_rx_cam\csi2_rx_cam.sv:5564)
[EFX-0200 WARNING] Removing redundant signal : axi_araddr[1:0]. (C:\Users\Jing-XuanTan(i)\Downloads\evsoc-efinity-v2026.1.132\evsoc-efinity-v2026.1.132\cam_single\Ti60F225_dsi\ip\csi2_rx_cam\csi2_rx_cam.sv:5564)
[EFX-0200 WARNING] Removing redundant signal : loc_rdata[31:0]. (C:\Users\Jing-XuanTan(i)\Downloads\evsoc-efinity-v2026.1.132\evsoc-efinity-v2026.1.132\cam_single\Ti60F225_dsi\ip\csi2_rx_cam\csi2_rx_cam.sv:5564)
[EFX-0200 WARNING] Removing redundant signal : nextCRC16_D16.fcrc[15:0]. (C:\Users\Jing-XuanTan(i)\Downloads\evsoc-efinity-v2026.1.132\evsoc-efinity-v2026.1.132\cam_single\Ti60F225_dsi\ip\csi2_rx_cam\csi2_rx_cam.sv:1466)
[EFX-0200 WARNING] Removing redundant signal : nextCRC16_D16.Data[15:0]. (C:\Users\Jing-XuanTan(i)\Downloads\evsoc-efinity-v2026.1.132\evsoc-efinity-v2026.1.132\cam_single\Ti60F225_dsi\ip\csi2_rx_cam\csi2_rx_cam.sv:1466)
[EFX-0200 WARNING] Removing redundant signal : nextCRC16_D16[15:0]. (C:\Users\Jing-XuanTan(i)\Downloads\evsoc-efinity-v2026.1.132\evsoc-efinity-v2026.1.132\cam_single\Ti60F225_dsi\ip\csi2_rx_cam\csi2_rx_cam.sv:1466)
[EFX-0200 WARNING] Removing redundant signal : nextCRC16_D16.c[15:0]. (C:\Users\Jing-XuanTan(i)\Downloads\evsoc-efinity-v2026.1.132\evsoc-efinity-v2026.1.132\cam_single\Ti60F225_dsi\ip\csi2_rx_cam\csi2_rx_cam.sv:1466)
[EFX-0200 WARNING] Removing redundant signal : nextCRC16_D16.d[15:0]. (C:\Users\Jing-XuanTan(i)\Downloads\evsoc-efinity-v2026.1.132\evsoc-efinity-v2026.1.132\cam_single\Ti60F225_dsi\ip\csi2_rx_cam\csi2_rx_cam.sv:1466)
[EFX-0200 WARNING] Removing redundant signal : nextCRC16_D16.newcrc[15:0]. (C:\Users\Jing-XuanTan(i)\Downloads\evsoc-efinity-v2026.1.132\evsoc-efinity-v2026.1.132\cam_single\Ti60F225_dsi\ip\csi2_rx_cam\csi2_rx_cam.sv:1466)
[EFX-0200 WARNING] Removing redundant signal : nextCRC16_D8[15:0]. (C:\Users\Jing-XuanTan(i)\Downloads\evsoc-efinity-v2026.1.132\evsoc-efinity-v2026.1.132\cam_single\Ti60F225_dsi\ip\csi2_rx_cam\csi2_rx_cam.sv:1466)
[EFX-0200 WARNING] Removing redundant signal : nextCRC16_D8.Data[7:0]. (C:\Users\Jing-XuanTan(i)\Downloads\evsoc-efinity-v2026.1.132\evsoc-efinity-v2026.1.132\cam_single\Ti60F225_dsi\ip\csi2_rx_cam\csi2_rx_cam.sv:1466)
[EFX-0200 WARNING] Removing redundant signal : nextCRC16_D8.fcrc[15:0]. (C:\Users\Jing-XuanTan(i)\Downloads\evsoc-efinity-v2026.1.132\evsoc-efinity-v2026.1.132\cam_single\Ti60F225_dsi\ip\csi2_rx_cam\csi2_rx_cam.sv:1466)
[EFX-0201 WARNING] Re-wiring to GND non-driven net/port 'a_wr_rst_i' in module 'efx_fifo_top_04a96f5177a940fe94d182603b3fa9c9(FAMILY="",SYNC_CLK=1,PIPELINE_REG=0,OUTPUT_REG=1,PROGRAMMABLE_FULL="NONE",PROG_FULL_ASSERT=510,PROG_FULL_NEGATE=510,PROGRAMMABLE_EMPTY="NONE",PROG_EMPTY_ASSERT=2,PROG_EMPTY_NEGATE=3)'. (C:\Users\Jing-XuanTan(i)\Downloads\evsoc-efinity-v2026.1.132\evsoc-efinity-v2026.1.132\cam_single\Ti60F225_dsi\ip\cam_pixel_remap_fifo\cam_pixel_remap_fifo.sv:92)
[EFX-0201 WARNING] Re-wiring to GND non-driven net/port 'a_rd_rst_i' in module 'efx_fifo_top_04a96f5177a940fe94d182603b3fa9c9(FAMILY="",SYNC_CLK=1,PIPELINE_REG=0,OUTPUT_REG=1,PROGRAMMABLE_FULL="NONE",PROG_FULL_ASSERT=510,PROG_FULL_NEGATE=510,PROGRAMMABLE_EMPTY="NONE",PROG_EMPTY_ASSERT=2,PROG_EMPTY_NEGATE=3)'. (C:\Users\Jing-XuanTan(i)\Downloads\evsoc-efinity-v2026.1.132\evsoc-efinity-v2026.1.132\cam_single\Ti60F225_dsi\ip\cam_pixel_remap_fifo\cam_pixel_remap_fifo.sv:92)
[EFX-0201 WARNING] Re-wiring to GND non-driven net/port 'wr_clk_i' in module 'efx_fifo_top_04a96f5177a940fe94d182603b3fa9c9(FAMILY="",SYNC_CLK=1,PIPELINE_REG=0,OUTPUT_REG=1,PROGRAMMABLE_FULL="NONE",PROG_FULL_ASSERT=510,PROG_FULL_NEGATE=510,PROGRAMMABLE_EMPTY="NONE",PROG_EMPTY_ASSERT=2,PROG_EMPTY_NEGATE=3)'. (C:\Users\Jing-XuanTan(i)\Downloads\evsoc-efinity-v2026.1.132\evsoc-efinity-v2026.1.132\cam_single\Ti60F225_dsi\ip\cam_pixel_remap_fifo\cam_pixel_remap_fifo.sv:92)
[EFX-0201 WARNING] Re-wiring to GND non-driven net/port 'rd_clk_i' in module 'efx_fifo_top_04a96f5177a940fe94d182603b3fa9c9(FAMILY="",SYNC_CLK=1,PIPELINE_REG=0,OUTPUT_REG=1,PROGRAMMABLE_FULL="NONE",PROG_FULL_ASSERT=510,PROG_FULL_NEGATE=510,PROGRAMMABLE_EMPTY="NONE",PROG_EMPTY_ASSERT=2,PROG_EMPTY_NEGATE=3)'. (C:\Users\Jing-XuanTan(i)\Downloads\evsoc-efinity-v2026.1.132\evsoc-efinity-v2026.1.132\cam_single\Ti60F225_dsi\ip\cam_pixel_remap_fifo\cam_pixel_remap_fifo.sv:92)
[EFX-0201 WARNING] Re-wiring to GND non-driven net/port 'a_wr_rst_i' in module 'efx_fifo_top_b0792a13d328448586f08ea7d102f373(FAMILY="",SYNC_CLK=1,MODE="FWFT",DEPTH=1024,DATA_WIDTH=48,PIPELINE_REG=0,PROGRAMMABLE_FULL="NONE",PROG_FULL_ASSERT=512,PROG_FULL_NEGATE=512,PROGRAMMABLE_EMPTY="NONE",PROG_EMPTY_ASSERT=2,PROG_EMPTY_NEGATE=3)'. (C:\Users\Jing-XuanTan(i)\Downloads\evsoc-efinity-v2026.1.132\evsoc-efinity-v2026.1.132\cam_single\Ti60F225_dsi\ip\cam_dma_fifo\cam_dma_fifo.sv:92)
[EFX-0201 WARNING] Re-wiring to GND non-driven net/port 'a_rd_rst_i' in module 'efx_fifo_top_b0792a13d328448586f08ea7d102f373(FAMILY="",SYNC_CLK=1,MODE="FWFT",DEPTH=1024,DATA_WIDTH=48,PIPELINE_REG=0,PROGRAMMABLE_FULL="NONE",PROG_FULL_ASSERT=512,PROG_FULL_NEGATE=512,PROGRAMMABLE_EMPTY="NONE",PROG_EMPTY_ASSERT=2,PROG_EMPTY_NEGATE=3)'. (C:\Users\Jing-XuanTan(i)\Downloads\evsoc-efinity-v2026.1.132\evsoc-efinity-v2026.1.132\cam_single\Ti60F225_dsi\ip\cam_dma_fifo\cam_dma_fifo.sv:92)
[EFX-0201 WARNING] Re-wiring to GND non-driven net/port 'wr_clk_i' in module 'efx_fifo_top_b0792a13d328448586f08ea7d102f373(FAMILY="",SYNC_CLK=1,MODE="FWFT",DEPTH=1024,DATA_WIDTH=48,PIPELINE_REG=0,PROGRAMMABLE_FULL="NONE",PROG_FULL_ASSERT=512,PROG_FULL_NEGATE=512,PROGRAMMABLE_EMPTY="NONE",PROG_EMPTY_ASSERT=2,PROG_EMPTY_NEGATE=3)'. (C:\Users\Jing-XuanTan(i)\Downloads\evsoc-efinity-v2026.1.132\evsoc-efinity-v2026.1.132\cam_single\Ti60F225_dsi\ip\cam_dma_fifo\cam_dma_fifo.sv:92)
[EFX-0201 WARNING] Re-wiring to GND non-driven net/port 'rd_clk_i' in module 'efx_fifo_top_b0792a13d328448586f08ea7d102f373(FAMILY="",SYNC_CLK=1,MODE="FWFT",DEPTH=1024,DATA_WIDTH=48,PIPELINE_REG=0,PROGRAMMABLE_FULL="NONE",PROG_FULL_ASSERT=512,PROG_FULL_NEGATE=512,PROGRAMMABLE_EMPTY="NONE",PROG_EMPTY_ASSERT=2,PROG_EMPTY_NEGATE=3)'. (C:\Users\Jing-XuanTan(i)\Downloads\evsoc-efinity-v2026.1.132\evsoc-efinity-v2026.1.132\cam_single\Ti60F225_dsi\ip\cam_dma_fifo\cam_dma_fifo.sv:92)
[EFX-0201 WARNING] Re-wiring to GND non-driven net/port 'a_wr_rst_i' in module 'efx_fifo_top_0ebd061cc55a4cdb9867e4fd870758a2(FAMILY="",SYNC_CLK=1,DEPTH=1024,DATA_WIDTH=48,PIPELINE_REG=0,OUTPUT_REG=1,PROGRAMMABLE_FULL="NONE",PROG_FULL_ASSERT=512,PROG_FULL_NEGATE=512,PROGRAMMABLE_EMPTY="NONE",PROG_EMPTY_ASSERT=2,PROG_EMPTY_NEGATE=3)'. (C:\Users\Jing-XuanTan(i)\Downloads\evsoc-efinity-v2026.1.132\evsoc-efinity-v2026.1.132\cam_single\Ti60F225_dsi\ip\display_dma_fifo\display_dma_fifo.sv:92)
[EFX-0201 WARNING] Re-wiring to GND non-driven net/port 'a_rd_rst_i' in module 'efx_fifo_top_0ebd061cc55a4cdb9867e4fd870758a2(FAMILY="",SYNC_CLK=1,DEPTH=1024,DATA_WIDTH=48,PIPELINE_REG=0,OUTPUT_REG=1,PROGRAMMABLE_FULL="NONE",PROG_FULL_ASSERT=512,PROG_FULL_NEGATE=512,PROGRAMMABLE_EMPTY="NONE",PROG_EMPTY_ASSERT=2,PROG_EMPTY_NEGATE=3)'. (C:\Users\Jing-XuanTan(i)\Downloads\evsoc-efinity-v2026.1.132\evsoc-efinity-v2026.1.132\cam_single\Ti60F225_dsi\ip\display_dma_fifo\display_dma_fifo.sv:92)
[EFX-0657 WARNING] Mapping into logic memory block 'logic_progbufX_mem' (64 bits) (C:\Users\Jing-XuanTan(i)\Downloads\evsoc-efinity-v2026.1.132\evsoc-efinity-v2026.1.132\cam_single\Ti60F225_dsi\ip\SapphireSoc\SapphireSoc.v:13208) because size is too small (<=64)
[EFX-0657 WARNING] Mapping into logic memory block 'logic_ram' (64 bits) (C:\Users\Jing-XuanTan(i)\Downloads\evsoc-efinity-v2026.1.132\evsoc-efinity-v2026.1.132\cam_single\Ti60F225_dsi\ip\SapphireSoc\SapphireSoc.v:22209) because size is too small (<=64)
[EFX-0657 WARNING] Mapping into logic memory block 'logic_ram' (16 bits) (C:\Users\Jing-XuanTan(i)\Downloads\evsoc-efinity-v2026.1.132\evsoc-efinity-v2026.1.132\cam_single\Ti60F225_dsi\ip\SapphireSoc\SapphireSoc.v:22052) because size is too small (<=64)
[EFX-0657 WARNING] Mapping into logic memory block 'u_apb3_cam_display/slaveReg' (224 bits) (C:\Users\Jing-XuanTan(i)\Downloads\evsoc-efinity-v2026.1.132\evsoc-efinity-v2026.1.132\cam_single\Ti60F225_dsi\source/common/common_apb3.v:48) because it has all constant reader/writer.
[EFX-0011 VERI-WARNING] Input/inout port i_mipi_txc_sclk is unconnected. Place and route may remove this unconnected port. (VDB-8003) (C:\Users\Jing-XuanTan(i)\Downloads\evsoc-efinity-v2026.1.132\evsoc-efinity-v2026.1.132\cam_single\Ti60F225_dsi\edge_vision_soc.v:26)
[EFX-0011 VERI-WARNING] Input/inout port i_mipi_txd_sclk is unconnected. Place and route may remove this unconnected port. (VDB-8003) (C:\Users\Jing-XuanTan(i)\Downloads\evsoc-efinity-v2026.1.132\evsoc-efinity-v2026.1.132\cam_single\Ti60F225_dsi\edge_vision_soc.v:27)
[EFX-0011 VERI-WARNING] Input/inout port i_mipi_tx_pll_locked is unconnected. Place and route may remove this unconnected port. (VDB-8003) (C:\Users\Jing-XuanTan(i)\Downloads\evsoc-efinity-v2026.1.132\evsoc-efinity-v2026.1.132\cam_single\Ti60F225_dsi\edge_vision_soc.v:29)
[EFX-0011 VERI-WARNING] Input/inout port i_hbramClk90 is unconnected. Place and route may remove this unconnected port. (VDB-8003) (C:\Users\Jing-XuanTan(i)\Downloads\evsoc-efinity-v2026.1.132\evsoc-efinity-v2026.1.132\cam_single\Ti60F225_dsi\edge_vision_soc.v:33)
[EFX-0011 VERI-WARNING] Input/inout port i_cam_d0_HS_IN_1[7] is unconnected. Place and route may remove this unconnected port. (VDB-8003) (C:\Users\Jing-XuanTan(i)\Downloads\evsoc-efinity-v2026.1.132\evsoc-efinity-v2026.1.132\cam_single\Ti60F225_dsi\edge_vision_soc.v:74)
[EFX-0011 VERI-WARNING] Input/inout port i_cam_d0_HS_IN_2[7] is unconnected. Place and route may remove this unconnected port. (VDB-8003) (C:\Users\Jing-XuanTan(i)\Downloads\evsoc-efinity-v2026.1.132\evsoc-efinity-v2026.1.132\cam_single\Ti60F225_dsi\edge_vision_soc.v:75)
[EFX-0011 VERI-WARNING] Input/inout port i_cam_d0_HS_IN_3[7] is unconnected. Place and route may remove this unconnected port. (VDB-8003) (C:\Users\Jing-XuanTan(i)\Downloads\evsoc-efinity-v2026.1.132\evsoc-efinity-v2026.1.132\cam_single\Ti60F225_dsi\edge_vision_soc.v:76)
[EFX-0011 VERI-WARNING] Input/inout port i_cam_d1_HS_IN_1[7] is unconnected. Place and route may remove this unconnected port. (VDB-8003) (C:\Users\Jing-XuanTan(i)\Downloads\evsoc-efinity-v2026.1.132\evsoc-efinity-v2026.1.132\cam_single\Ti60F225_dsi\edge_vision_soc.v:89)
[EFX-0011 VERI-WARNING] Input/inout port i_cam_d1_HS_IN_2[7] is unconnected. Place and route may remove this unconnected port. (VDB-8003) (C:\Users\Jing-XuanTan(i)\Downloads\evsoc-efinity-v2026.1.132\evsoc-efinity-v2026.1.132\cam_single\Ti60F225_dsi\edge_vision_soc.v:90)
[EFX-0011 VERI-WARNING] Input/inout port i_cam_d1_HS_IN_3[7] is unconnected. Place and route may remove this unconnected port. (VDB-8003) (C:\Users\Jing-XuanTan(i)\Downloads\evsoc-efinity-v2026.1.132\evsoc-efinity-v2026.1.132\cam_single\Ti60F225_dsi\edge_vision_soc.v:91)
[EFX-0011 VERI-WARNING] Input/inout port sw6 is unconnected. Place and route may remove this unconnected port. (VDB-8003) (C:\Users\Jing-XuanTan(i)\Downloads\evsoc-efinity-v2026.1.132\evsoc-efinity-v2026.1.132\cam_single\Ti60F225_dsi\edge_vision_soc.v:181)
[EFX-0011 VERI-WARNING] Input/inout port sw7 is unconnected. Place and route may remove this unconnected port. (VDB-8003) (C:\Users\Jing-XuanTan(i)\Downloads\evsoc-efinity-v2026.1.132\evsoc-efinity-v2026.1.132\cam_single\Ti60F225_dsi\edge_vision_soc.v:182)
[EFX-0011 VERI-WARNING] Net u_risc_v/u_EfxSapphireSoc/system_cores_0_logic_cpu/IBusCachedPlugin_cache/lineLoader_address[4] is dangling. (VDB-8009) 
[EFX-0011 VERI-WARNING] Net u_risc_v/u_EfxSapphireSoc/system_cores_0_logic_cpu/IBusCachedPlugin_cache/lineLoader_address[2] is dangling. (VDB-8009) 
[EFX-0011 VERI-WARNING] Net u_risc_v/u_EfxSapphireSoc/system_cores_0_logic_cpu/IBusCachedPlugin_cache/lineLoader_address[3] is dangling. (VDB-8009) 
[EFX-0011 VERI-WARNING] Net u_risc_v/u_EfxSapphireSoc/system_cores_0_logic_cpu/IBusCachedPlugin_cache/lineLoader_address[1] is dangling. (VDB-8009) 
[EFX-0011 VERI-WARNING] Net u_risc_v/u_EfxSapphireSoc/system_cores_0_logic_cpu/IBusCachedPlugin_cache/lineLoader_address[0] is dangling. (VDB-8009) 
[EFX-0011 VERI-WARNING] Net soc_io_w_payload_id[0] is dangling. (VDB-8009) 
[EFX-0011 VERI-WARNING] Net soc_io_arw_payload_region[0] is dangling. (VDB-8009) 
[EFX-0011 VERI-WARNING] Net soc_io_arw_payload_cache[0] is dangling. (VDB-8009) 
[EFX-0011 VERI-WARNING] Net u_risc_v/u_EfxSapphireSoc/io_ddrA_r_rData_id[0] is dangling. (VDB-8009) 
[EFX-0011 VERI-WARNING] Net soc_io_arw_payload_prot[0] is dangling. (VDB-8009) 
[EFX-0011 VERI-WARNING] Net soc_io_arw_payload_lock is dangling. (VDB-8009) 
[EFX-0011 VERI-WARNING] Net soc_io_arw_payload_qos[0] is dangling. (VDB-8009) 
[EFX-0011 VERI-WARNING] Net u_risc_v/u_EfxSapphireSoc/system_cores_0_logic_cpu/IBusCachedPlugin_cache/lineLoader_address[5] is dangling. (VDB-8009) 
[EFX-0011 VERI-WARNING] Net soc_io_arw_payload_addr[31] is dangling. (VDB-8009) 
[EFX-0011 VERI-WARNING] Net soc_io_w_payload_id[1] is dangling. (VDB-8009) 
[EFX-0011 VERI-WARNING] Net soc_io_w_payload_id[2] is dangling. (VDB-8009) 
[EFX-0011 VERI-WARNING] Net soc_io_w_payload_id[3] is dangling. (VDB-8009) 
[EFX-0011 VERI-WARNING] Net soc_io_w_payload_id[4] is dangling. (VDB-8009) 
[EFX-0011 VERI-WARNING] Net soc_io_w_payload_id[5] is dangling. (VDB-8009) 
[EFX-0011 VERI-WARNING] Net soc_io_w_payload_id[6] is dangling. (VDB-8009) 
[EFX-0011 VERI-WARNING] Net soc_io_w_payload_id[7] is dangling. (VDB-8009) 
[EFX-0011 VERI-WARNING] Net u_risc_v/u_EfxSapphireSoc/io_ddrA_r_rData_id[1] is dangling. (VDB-8009) 
[EFX-0011 VERI-WARNING] Net u_risc_v/u_EfxSapphireSoc/io_ddrA_r_rData_id[2] is dangling. (VDB-8009) 
[EFX-0011 VERI-WARNING] Net u_risc_v/u_EfxSapphireSoc/io_ddrA_r_rData_id[3] is dangling. (VDB-8009) 
[EFX-0011 VERI-WARNING] Net u_risc_v/u_EfxSapphireSoc/io_ddrA_r_rData_id[4] is dangling. (VDB-8009) 
[EFX-0011 VERI-WARNING] Net u_risc_v/u_EfxSapphireSoc/io_ddrA_r_rData_id[5] is dangling. (VDB-8009) 
[EFX-0011 VERI-WARNING] Net u_risc_v/u_EfxSapphireSoc/io_ddrA_r_rData_id[6] is dangling. (VDB-8009) 
[EFX-0011 VERI-WARNING] Net u_risc_v/u_EfxSapphireSoc/io_ddrA_r_rData_id[7] is dangling. (VDB-8009) 
[EFX-0011 VERI-WARNING] Net soc_io_arw_payload_region[1] is dangling. (VDB-8009) 
[EFX-0011 VERI-WARNING] Net soc_io_arw_payload_region[2] is dangling. (VDB-8009) 
[EFX-0011 VERI-WARNING] Net soc_io_arw_payload_region[3] is dangling. (VDB-8009) 
[EFX-0011 VERI-WARNING] Net soc_io_arw_payload_cache[1] is dangling. (VDB-8009) 
[EFX-0011 VERI-WARNING] Net soc_io_arw_payload_cache[2] is dangling. (VDB-8009) 
[EFX-0011 VERI-WARNING] Net soc_io_arw_payload_cache[3] is dangling. (VDB-8009) 
[EFX-0011 VERI-WARNING] Net soc_io_arw_payload_qos[1] is dangling. (VDB-8009) 
[EFX-0011 VERI-WARNING] Net soc_io_arw_payload_qos[2] is dangling. (VDB-8009) 
[EFX-0011 VERI-WARNING] Net soc_io_arw_payload_qos[3] is dangling. (VDB-8009) 
[EFX-0011 VERI-WARNING] Net soc_io_arw_payload_prot[1] is dangling. (VDB-8009) 
[EFX-0011 VERI-WARNING] Net soc_io_arw_payload_prot[2] is dangling. (VDB-8009) 
[EFX-0011 VERI-WARNING] Net dma_arregion[0] is dangling. (VDB-8009) 
[EFX-0011 VERI-WARNING] Net dma_awregion[0] is dangling. (VDB-8009) 
[EFX-0011 VERI-WARNING] Net dma_arregion[1] is dangling. (VDB-8009) 
[EFX-0011 VERI-WARNING] Net dma_arregion[2] is dangling. (VDB-8009) 
[EFX-0011 VERI-WARNING] Net dma_arregion[3] is dangling. (VDB-8009) 
[EFX-0011 VERI-WARNING] Net dma_awregion[1] is dangling. (VDB-8009) 
[EFX-0011 VERI-WARNING] Net dma_awregion[2] is dangling. (VDB-8009) 
[EFX-0011 VERI-WARNING] Net dma_awregion[3] is dangling. (VDB-8009) 
[EFX-0011 VERI-WARNING] Net u_hbram/u_hbram_top/hbc_dq_OE_2[0] is dangling. (VDB-8009) 
[EFX-0011 VERI-WARNING] Net u_hbram/u_hbram_top/hbc_dq_OE_2[1] is dangling. (VDB-8009) 
[EFX-0011 VERI-WARNING] Net u_hbram/u_hbram_top/hbc_dq_OE_2[2] is dangling. (VDB-8009) 
[EFX-0011 VERI-WARNING] Net u_hbram/u_hbram_top/hbc_dq_OE_2[3] is dangling. (VDB-8009) 
[EFX-0011 VERI-WARNING] Net u_hbram/u_hbram_top/hbc_dq_OE_2[4] is dangling. (VDB-8009) 
[EFX-0011 VERI-WARNING] Net u_hbram/u_hbram_top/hbc_dq_OE_2[5] is dangling. (VDB-8009) 
[EFX-0011 VERI-WARNING] Net u_hbram/u_hbram_top/hbc_dq_OE_2[6] is dangling. (VDB-8009) 
[EFX-0011 VERI-WARNING] Net u_hbram/u_hbram_top/hbc_dq_OE_2[7] is dangling. (VDB-8009) 
[EFX-0011 VERI-WARNING] Net u_hbram/u_hbram_top/hbc_dq_OE_2[8] is dangling. (VDB-8009) 
[EFX-0011 VERI-WARNING] Net u_hbram/u_hbram_top/hbc_dq_OE_2[9] is dangling. (VDB-8009) 
[EFX-0011 VERI-WARNING] Net u_hbram/u_hbram_top/hbc_dq_OE_2[10] is dangling. (VDB-8009) 
[EFX-0011 VERI-WARNING] Net u_hbram/u_hbram_top/hbc_dq_OE_2[11] is dangling. (VDB-8009) 
[EFX-0011 VERI-WARNING] Net u_hbram/u_hbram_top/hbc_dq_OE_2[12] is dangling. (VDB-8009) 
[EFX-0011 VERI-WARNING] Net u_hbram/u_hbram_top/hbc_dq_OE_2[13] is dangling. (VDB-8009) 
[EFX-0011 VERI-WARNING] Net u_hbram/u_hbram_top/hbc_dq_OE_2[14] is dangling. (VDB-8009) 
[EFX-0011 VERI-WARNING] Net u_hbram/u_hbram_top/hbc_dq_OE_2[15] is dangling. (VDB-8009) 
[EFX-0011 VERI-WARNING] Net u_risc_v/u_EfxSapphireSoc/system_ddr_ddrLogic_cc_fifo/io_output_rsp_queue/popCC_popPtrPlus[0] is dangling. (VDB-8009) 
[EFX-0011 VERI-WARNING] Net u_risc_v/u_EfxSapphireSoc/system_ddr_ddrLogic_cc_fifo/io_input_cmd_queue/popCC_popPtrPlus[0] is dangling. (VDB-8009) 
[EFX-0011 VERI-WARNING] Net u_risc_v/u_EfxSapphireSoc/system_bridge_bmb_crossClock/io_output_rsp_queue/popCC_popPtrPlus[0] is dangling. (VDB-8009) 
[EFX-0011 VERI-WARNING] Net u_risc_v/u_EfxSapphireSoc/system_bridge_bmb_crossClock/io_input_cmd_queue/popCC_popPtrPlus[0] is dangling. (VDB-8009) 
[EFX-0011 VERI-WARNING] Net u_dma/u_EfxDMA/outputsAdapter_2_crossclock_fifo/popCC_popPtrPlus[0] is dangling. (VDB-8009) 
[EFX-0011 VERI-WARNING] Net u_dma/u_EfxDMA/inputsAdapter_1_crossclock_fifo/popCC_popPtrPlus[0] is dangling. (VDB-8009) 
[EFX-0011 VERI-WARNING] Net u_dma/u_EfxDMA/outputsAdapter_1_crossclock_fifo/popCC_popPtrPlus[0] is dangling. (VDB-8009) 
[EFX-0011 VERI-WARNING] Net u_dma/u_EfxDMA/inputsAdapter_0_crossclock_fifo/popCC_popPtrPlus[0] is dangling. (VDB-8009) 
[EFX-0011 VERI-WARNING] Found 125 warnings in the post-synthesis netlist. 

///////////////////////////////////
// Efinity Synthesis Started 
// Aug 20, 2026 17:18:48
///////////////////////////////////

[EFX-0011 VERI-WARNING] parameter 'CL_S_COUNT' becomes localparam in 'axi_interconnect' with formal parameter declaration list (VERI-1199) (C:\Users\Jing-XuanTan(i)\Downloads\evsoc-efinity-v2026.1.132\evsoc-efinity-v2026.1.132\cam_single\Ti60F225_dsi\source/axi/axi_interconnect.v:180)
[EFX-0011 VERI-WARNING] parameter 'CL_M_COUNT' becomes localparam in 'axi_interconnect' with formal parameter declaration list (VERI-1199) (C:\Users\Jing-XuanTan(i)\Downloads\evsoc-efinity-v2026.1.132\evsoc-efinity-v2026.1.132\cam_single\Ti60F225_dsi\source/axi/axi_interconnect.v:181)
[EFX-0011 VERI-WARNING] parameter 'AUSER_WIDTH' becomes localparam in 'axi_interconnect' with formal parameter declaration list (VERI-1199) (C:\Users\Jing-XuanTan(i)\Downloads\evsoc-efinity-v2026.1.132\evsoc-efinity-v2026.1.132\cam_single\Ti60F225_dsi\source/axi/axi_interconnect.v:183)
[EFX-0011 VERI-WARNING] parameter 'M_BASE_ADDR_INT' becomes localparam in 'axi_interconnect' with formal parameter declaration list (VERI-1199) (C:\Users\Jing-XuanTan(i)\Downloads\evsoc-efinity-v2026.1.132\evsoc-efinity-v2026.1.132\cam_single\Ti60F225_dsi\source/axi/axi_interconnect.v:202)
[EFX-0011 VERI-WARNING] parameter 'W1' becomes localparam in 'priority_encoder' with formal parameter declaration list (VERI-1199) (C:\Users\Jing-XuanTan(i)\Downloads\evsoc-efinity-v2026.1.132\evsoc-efinity-v2026.1.132\cam_single\Ti60F225_dsi\source/axi/priority_encoder.v:39)
[EFX-0011 VERI-WARNING] parameter 'W2' becomes localparam in 'priority_encoder' with formal parameter declaration list (VERI-1199) (C:\Users\Jing-XuanTan(i)\Downloads\evsoc-efinity-v2026.1.132\evsoc-efinity-v2026.1.132\cam_single\Ti60F225_dsi\source/axi/priority_encoder.v:40)
[EFX-0011 VERI-WARNING] parameter 'X_OUT_RATIO' becomes localparam in 'cam_scaling' with formal parameter declaration list (VERI-1199) (C:\Users\Jing-XuanTan(i)\Downloads\evsoc-efinity-v2026.1.132\evsoc-efinity-v2026.1.132\cam_single\Ti60F225_dsi\source/cam/cam_scaling.v:31)
[EFX-0011 VERI-WARNING] parameter 'X_IN_RATIO' becomes localparam in 'cam_scaling' with formal parameter declaration list (VERI-1199) (C:\Users\Jing-XuanTan(i)\Downloads\evsoc-efinity-v2026.1.132\evsoc-efinity-v2026.1.132\cam_single\Ti60F225_dsi\source/cam/cam_scaling.v:32)
[EFX-0011 VERI-WARNING] parameter 'Y_OUT_RATIO' becomes localparam in 'cam_scaling' with formal parameter declaration list (VERI-1199) (C:\Users\Jing-XuanTan(i)\Downloads\evsoc-efinity-v2026.1.132\evsoc-efinity-v2026.1.132\cam_single\Ti60F225_dsi\source/cam/cam_scaling.v:33)
[EFX-0011 VERI-WARNING] parameter 'Y_IN_RATIO' becomes localparam in 'cam_scaling' with formal parameter declaration list (VERI-1199) (C:\Users\Jing-XuanTan(i)\Downloads\evsoc-efinity-v2026.1.132\evsoc-efinity-v2026.1.132\cam_single\Ti60F225_dsi\source/cam/cam_scaling.v:34)
[EFX-0011 VERI-WARNING] parameter '**' becomes localparam in '**' with formal parameter declaration list (VERI-1199) (C:\Users\Jing-XuanTan(i)\Downloads\evsoc-efinity-v2026.1.132\evsoc-efinity-v2026.1.132\cam_single\Ti60F225_dsi\ip\hbram\hbram.sv:4976)
[EFX-0011 VERI-WARNING] parameter '**' becomes localparam in '**' with formal parameter declaration list (VERI-1199) (C:\Users\Jing-XuanTan(i)\Downloads\evsoc-efinity-v2026.1.132\evsoc-efinity-v2026.1.132\cam_single\Ti60F225_dsi\ip\hbram\hbram.sv:5309)
[EFX-0011 VERI-WARNING] port 'system_spi_0_io_data_2_read' is not connected on this instance (VERI-2435) (C:\Users\Jing-XuanTan(i)\Downloads\evsoc-efinity-v2026.1.132\evsoc-efinity-v2026.1.132\cam_single\Ti60F225_dsi\edge_vision_soc.v:1337)
[EFX-0011 VERI-WARNING] port 'system_spi_0_io_data_2_write' remains unconnected for this instance (VERI-1927) (C:\Users\Jing-XuanTan(i)\Downloads\evsoc-efinity-v2026.1.132\evsoc-efinity-v2026.1.132\cam_single\Ti60F225_dsi\edge_vision_soc.v:1337)
[EFX-0011 VERI-WARNING] port 'dat1_o_tvalid' remains unconnected for this instance (VERI-1927) (C:\Users\Jing-XuanTan(i)\Downloads\evsoc-efinity-v2026.1.132\evsoc-efinity-v2026.1.132\cam_single\Ti60F225_dsi\edge_vision_soc.v:1523)
[EFX-0011 VERI-WARNING] port 'dat1_o_tready' is not connected on this instance (VERI-2435) (C:\Users\Jing-XuanTan(i)\Downloads\evsoc-efinity-v2026.1.132\evsoc-efinity-v2026.1.132\cam_single\Ti60F225_dsi\edge_vision_soc.v:1523)
[EFX-0011 VERI-WARNING] port 's_axi_awuser' remains unconnected for this instance (VERI-1927) (C:\Users\Jing-XuanTan(i)\Downloads\evsoc-efinity-v2026.1.132\evsoc-efinity-v2026.1.132\cam_single\Ti60F225_dsi\edge_vision_soc.v:1652)

///////////////////////////////////
// Efinity Synthesis Started 
// Aug 20, 2026 17:19:40
///////////////////////////////////

[EFX-0011 VERI-WARNING] parameter 'CL_S_COUNT' becomes localparam in 'axi_interconnect' with formal parameter declaration list (VERI-1199) (C:\Users\Jing-XuanTan(i)\Downloads\evsoc-efinity-v2026.1.132\evsoc-efinity-v2026.1.132\cam_single\Ti60F225_dsi\source/axi/axi_interconnect.v:180)
[EFX-0011 VERI-WARNING] parameter 'CL_M_COUNT' becomes localparam in 'axi_interconnect' with formal parameter declaration list (VERI-1199) (C:\Users\Jing-XuanTan(i)\Downloads\evsoc-efinity-v2026.1.132\evsoc-efinity-v2026.1.132\cam_single\Ti60F225_dsi\source/axi/axi_interconnect.v:181)
[EFX-0011 VERI-WARNING] parameter 'AUSER_WIDTH' becomes localparam in 'axi_interconnect' with formal parameter declaration list (VERI-1199) (C:\Users\Jing-XuanTan(i)\Downloads\evsoc-efinity-v2026.1.132\evsoc-efinity-v2026.1.132\cam_single\Ti60F225_dsi\source/axi/axi_interconnect.v:183)
[EFX-0011 VERI-WARNING] parameter 'M_BASE_ADDR_INT' becomes localparam in 'axi_interconnect' with formal parameter declaration list (VERI-1199) (C:\Users\Jing-XuanTan(i)\Downloads\evsoc-efinity-v2026.1.132\evsoc-efinity-v2026.1.132\cam_single\Ti60F225_dsi\source/axi/axi_interconnect.v:202)
[EFX-0011 VERI-WARNING] parameter 'W1' becomes localparam in 'priority_encoder' with formal parameter declaration list (VERI-1199) (C:\Users\Jing-XuanTan(i)\Downloads\evsoc-efinity-v2026.1.132\evsoc-efinity-v2026.1.132\cam_single\Ti60F225_dsi\source/axi/priority_encoder.v:39)
[EFX-0011 VERI-WARNING] parameter 'W2' becomes localparam in 'priority_encoder' with formal parameter declaration list (VERI-1199) (C:\Users\Jing-XuanTan(i)\Downloads\evsoc-efinity-v2026.1.132\evsoc-efinity-v2026.1.132\cam_single\Ti60F225_dsi\source/axi/priority_encoder.v:40)
[EFX-0011 VERI-WARNING] parameter 'X_OUT_RATIO' becomes localparam in 'cam_scaling' with formal parameter declaration list (VERI-1199) (C:\Users\Jing-XuanTan(i)\Downloads\evsoc-efinity-v2026.1.132\evsoc-efinity-v2026.1.132\cam_single\Ti60F225_dsi\source/cam/cam_scaling.v:31)
[EFX-0011 VERI-WARNING] parameter 'X_IN_RATIO' becomes localparam in 'cam_scaling' with formal parameter declaration list (VERI-1199) (C:\Users\Jing-XuanTan(i)\Downloads\evsoc-efinity-v2026.1.132\evsoc-efinity-v2026.1.132\cam_single\Ti60F225_dsi\source/cam/cam_scaling.v:32)
[EFX-0011 VERI-WARNING] parameter 'Y_OUT_RATIO' becomes localparam in 'cam_scaling' with formal parameter declaration list (VERI-1199) (C:\Users\Jing-XuanTan(i)\Downloads\evsoc-efinity-v2026.1.132\evsoc-efinity-v2026.1.132\cam_single\Ti60F225_dsi\source/cam/cam_scaling.v:33)
[EFX-0011 VERI-WARNING] parameter 'Y_IN_RATIO' becomes localparam in 'cam_scaling' with formal parameter declaration list (VERI-1199) (C:\Users\Jing-XuanTan(i)\Downloads\evsoc-efinity-v2026.1.132\evsoc-efinity-v2026.1.132\cam_single\Ti60F225_dsi\source/cam/cam_scaling.v:34)

///////////////////////////////////
// Efinity Synthesis Started 
// Aug 20, 2026 17:20:20
///////////////////////////////////

[EFX-0011 VERI-WARNING] parameter 'CL_S_COUNT' becomes localparam in 'axi_interconnect' with formal parameter declaration list (VERI-1199) (C:\Users\Jing-XuanTan(i)\Downloads\evsoc-efinity-v2026.1.132\evsoc-efinity-v2026.1.132\cam_single\Ti60F225_dsi\source/axi/axi_interconnect.v:180)
[EFX-0011 VERI-WARNING] parameter 'CL_M_COUNT' becomes localparam in 'axi_interconnect' with formal parameter declaration list (VERI-1199) (C:\Users\Jing-XuanTan(i)\Downloads\evsoc-efinity-v2026.1.132\evsoc-efinity-v2026.1.132\cam_single\Ti60F225_dsi\source/axi/axi_interconnect.v:181)
[EFX-0011 VERI-WARNING] parameter 'AUSER_WIDTH' becomes localparam in 'axi_interconnect' with formal parameter declaration list (VERI-1199) (C:\Users\Jing-XuanTan(i)\Downloads\evsoc-efinity-v2026.1.132\evsoc-efinity-v2026.1.132\cam_single\Ti60F225_dsi\source/axi/axi_interconnect.v:183)
[EFX-0011 VERI-WARNING] parameter 'M_BASE_ADDR_INT' becomes localparam in 'axi_interconnect' with formal parameter declaration list (VERI-1199) (C:\Users\Jing-XuanTan(i)\Downloads\evsoc-efinity-v2026.1.132\evsoc-efinity-v2026.1.132\cam_single\Ti60F225_dsi\source/axi/axi_interconnect.v:202)
[EFX-0011 VERI-WARNING] parameter 'W1' becomes localparam in 'priority_encoder' with formal parameter declaration list (VERI-1199) (C:\Users\Jing-XuanTan(i)\Downloads\evsoc-efinity-v2026.1.132\evsoc-efinity-v2026.1.132\cam_single\Ti60F225_dsi\source/axi/priority_encoder.v:39)
[EFX-0011 VERI-WARNING] parameter 'W2' becomes localparam in 'priority_encoder' with formal parameter declaration list (VERI-1199) (C:\Users\Jing-XuanTan(i)\Downloads\evsoc-efinity-v2026.1.132\evsoc-efinity-v2026.1.132\cam_single\Ti60F225_dsi\source/axi/priority_encoder.v:40)
[EFX-0011 VERI-WARNING] parameter 'X_OUT_RATIO' becomes localparam in 'cam_scaling' with formal parameter declaration list (VERI-1199) (C:\Users\Jing-XuanTan(i)\Downloads\evsoc-efinity-v2026.1.132\evsoc-efinity-v2026.1.132\cam_single\Ti60F225_dsi\source/cam/cam_scaling.v:31)
[EFX-0011 VERI-WARNING] parameter 'X_IN_RATIO' becomes localparam in 'cam_scaling' with formal parameter declaration list (VERI-1199) (C:\Users\Jing-XuanTan(i)\Downloads\evsoc-efinity-v2026.1.132\evsoc-efinity-v2026.1.132\cam_single\Ti60F225_dsi\source/cam/cam_scaling.v:32)
[EFX-0011 VERI-WARNING] parameter 'Y_OUT_RATIO' becomes localparam in 'cam_scaling' with formal parameter declaration list (VERI-1199) (C:\Users\Jing-XuanTan(i)\Downloads\evsoc-efinity-v2026.1.132\evsoc-efinity-v2026.1.132\cam_single\Ti60F225_dsi\source/cam/cam_scaling.v:33)
[EFX-0011 VERI-WARNING] parameter 'Y_IN_RATIO' becomes localparam in 'cam_scaling' with formal parameter declaration list (VERI-1199) (C:\Users\Jing-XuanTan(i)\Downloads\evsoc-efinity-v2026.1.132\evsoc-efinity-v2026.1.132\cam_single\Ti60F225_dsi\source/cam/cam_scaling.v:34)
[EFX-0011 VERI-WARNING] parameter '**' becomes localparam in '**' with formal parameter declaration list (VERI-1199) (C:\Users\Jing-XuanTan(i)\Downloads\evsoc-efinity-v2026.1.132\evsoc-efinity-v2026.1.132\cam_single\Ti60F225_dsi\ip\hbram\hbram.sv:4976)
[EFX-0011 VERI-WARNING] parameter '**' becomes localparam in '**' with formal parameter declaration list (VERI-1199) (C:\Users\Jing-XuanTan(i)\Downloads\evsoc-efinity-v2026.1.132\evsoc-efinity-v2026.1.132\cam_single\Ti60F225_dsi\ip\hbram\hbram.sv:5309)
[EFX-0011 VERI-WARNING] port 'system_spi_0_io_data_2_read' is not connected on this instance (VERI-2435) (C:\Users\Jing-XuanTan(i)\Downloads\evsoc-efinity-v2026.1.132\evsoc-efinity-v2026.1.132\cam_single\Ti60F225_dsi\edge_vision_soc.v:1337)
[EFX-0011 VERI-WARNING] port 'system_spi_0_io_data_2_write' remains unconnected for this instance (VERI-1927) (C:\Users\Jing-XuanTan(i)\Downloads\evsoc-efinity-v2026.1.132\evsoc-efinity-v2026.1.132\cam_single\Ti60F225_dsi\edge_vision_soc.v:1337)
[EFX-0011 VERI-WARNING] port 'dat1_o_tvalid' remains unconnected for this instance (VERI-1927) (C:\Users\Jing-XuanTan(i)\Downloads\evsoc-efinity-v2026.1.132\evsoc-efinity-v2026.1.132\cam_single\Ti60F225_dsi\edge_vision_soc.v:1523)
[EFX-0011 VERI-WARNING] port 'dat1_o_tready' is not connected on this instance (VERI-2435) (C:\Users\Jing-XuanTan(i)\Downloads\evsoc-efinity-v2026.1.132\evsoc-efinity-v2026.1.132\cam_single\Ti60F225_dsi\edge_vision_soc.v:1523)
[EFX-0011 VERI-WARNING] port 's_axi_awuser' remains unconnected for this instance (VERI-1927) (C:\Users\Jing-XuanTan(i)\Downloads\evsoc-efinity-v2026.1.132\evsoc-efinity-v2026.1.132\cam_single\Ti60F225_dsi\edge_vision_soc.v:1652)
[EFX-0011 VERI-WARNING] expression size 32 truncated to fit in target size 8 (VERI-1209) (C:\Users\Jing-XuanTan(i)\Downloads\evsoc-efinity-v2026.1.132\evsoc-efinity-v2026.1.132\cam_single\Ti60F225_dsi\edge_vision_soc.v:728)
[EFX-0011 VERI-WARNING] expression size 32 truncated to fit in target size 8 (VERI-1209) (C:\Users\Jing-XuanTan(i)\Downloads\evsoc-efinity-v2026.1.132\evsoc-efinity-v2026.1.132\cam_single\Ti60F225_dsi\edge_vision_soc.v:729)
[EFX-0011 VERI-WARNING] expression size ** truncated to fit in target size ** (VERI-1209) (C:\Users\Jing-XuanTan(i)\Downloads\evsoc-efinity-v2026.1.132\evsoc-efinity-v2026.1.132\cam_single\Ti60F225_dsi\ip\csi2_rx_cam\csi2_rx_cam.sv:7306)
[EFX-0011 VERI-WARNING] expression size ** truncated to fit in target size ** (VERI-1209) (C:\Users\Jing-XuanTan(i)\Downloads\evsoc-efinity-v2026.1.132\evsoc-efinity-v2026.1.132\cam_single\Ti60F225_dsi\ip\csi2_rx_cam\csi2_rx_cam.sv:4119)
[EFX-0011 VERI-WARNING] assignment and/or driver for '**' inside static function '**' is not preserved (VERI-2457) (C:\Users\Jing-XuanTan(i)\Downloads\evsoc-efinity-v2026.1.132\evsoc-efinity-v2026.1.132\cam_single\Ti60F225_dsi\ip\csi2_rx_cam\csi2_rx_cam.sv:1466)
[EFX-0011 VERI-WARNING] port '**' remains unconnected for this instance (VERI-1927) (C:\Users\Jing-XuanTan(i)\Downloads\evsoc-efinity-v2026.1.132\evsoc-efinity-v2026.1.132\cam_single\Ti60F225_dsi\ip\csi2_rx_cam\csi2_rx_cam.sv:1264)
[EFX-0011 VERI-WARNING] expression size ** truncated to fit in target size ** (VERI-1209) (C:\Users\Jing-XuanTan(i)\Downloads\evsoc-efinity-v2026.1.132\evsoc-efinity-v2026.1.132\cam_single\Ti60F225_dsi\ip\csi2_rx_cam\csi2_rx_cam.sv:1264)
[EFX-0011 VERI-WARNING] expression size ** truncated to fit in target size ** (VERI-1209) (C:\Users\Jing-XuanTan(i)\Downloads\evsoc-efinity-v2026.1.132\evsoc-efinity-v2026.1.132\cam_single\Ti60F225_dsi\ip\csi2_rx_cam\csi2_rx_cam.sv:2711)
[EFX-0011 VERI-WARNING] expression size ** truncated to fit in target size ** (VERI-1209) (C:\Users\Jing-XuanTan(i)\Downloads\evsoc-efinity-v2026.1.132\evsoc-efinity-v2026.1.132\cam_single\Ti60F225_dsi\ip\csi2_rx_cam\csi2_rx_cam.sv:2869)
[EFX-0011 VERI-WARNING] expression size ** truncated to fit in target size ** (VERI-1209) (C:\Users\Jing-XuanTan(i)\Downloads\evsoc-efinity-v2026.1.132\evsoc-efinity-v2026.1.132\cam_single\Ti60F225_dsi\ip\csi2_rx_cam\csi2_rx_cam.sv:1264)
[EFX-0011 VERI-WARNING] port 'rst_busy' remains unconnected for this instance (VERI-1927) (C:\Users\Jing-XuanTan(i)\Downloads\evsoc-efinity-v2026.1.132\evsoc-efinity-v2026.1.132\cam_single\Ti60F225_dsi\source/cam/cam_picam_v2.v:256)
[EFX-0011 VERI-WARNING] port 'rst_busy' remains unconnected for this instance (VERI-1927) (C:\Users\Jing-XuanTan(i)\Downloads\evsoc-efinity-v2026.1.132\evsoc-efinity-v2026.1.132\cam_single\Ti60F225_dsi\source/cam/cam_picam_v2.v:484)
[EFX-0011 VERI-WARNING] port 'a_wr_rst_i' remains unconnected for this instance (VERI-1927) (C:\Users\Jing-XuanTan(i)\Downloads\evsoc-efinity-v2026.1.132\evsoc-efinity-v2026.1.132\cam_single\Ti60F225_dsi\ip\cam_pixel_remap_fifo\cam_pixel_remap_fifo.sv:110)
[EFX-0011 VERI-WARNING] input port 'a_wr_rst_i' is not connected on this instance (VDB-1013) (C:\Users\Jing-XuanTan(i)\Downloads\evsoc-efinity-v2026.1.132\evsoc-efinity-v2026.1.132\cam_single\Ti60F225_dsi\ip\cam_pixel_remap_fifo\cam_pixel_remap_fifo.sv:92)
[EFX-0011 VERI-WARNING] expression size 32 truncated to fit in target size 11 (VERI-1209) (C:\Users\Jing-XuanTan(i)\Downloads\evsoc-efinity-v2026.1.132\evsoc-efinity-v2026.1.132\cam_single\Ti60F225_dsi\source/cam/cam_crop.v:82)
[EFX-0011 VERI-WARNING] port 'a_wr_rst_i' remains unconnected for this instance (VERI-1927) (C:\Users\Jing-XuanTan(i)\Downloads\evsoc-efinity-v2026.1.132\evsoc-efinity-v2026.1.132\cam_single\Ti60F225_dsi\ip\cam_dma_fifo\cam_dma_fifo.sv:110)
[EFX-0011 VERI-WARNING] input port 'a_wr_rst_i' is not connected on this instance (VDB-1013) (C:\Users\Jing-XuanTan(i)\Downloads\evsoc-efinity-v2026.1.132\evsoc-efinity-v2026.1.132\cam_single\Ti60F225_dsi\ip\cam_dma_fifo\cam_dma_fifo.sv:92)
[EFX-0011 VERI-WARNING] actual bit length 32 differs from formal bit length 1 for port 'i_dbg_we' (VERI-1330) (C:\Users\Jing-XuanTan(i)\Downloads\evsoc-efinity-v2026.1.132\evsoc-efinity-v2026.1.132\cam_single\Ti60F225_dsi\edge_vision_soc.v:947)
[EFX-0011 VERI-WARNING] actual bit length 32 differs from formal bit length 40 for port 'i_dbg_din' (VERI-1330) (C:\Users\Jing-XuanTan(i)\Downloads\evsoc-efinity-v2026.1.132\evsoc-efinity-v2026.1.132\cam_single\Ti60F225_dsi\edge_vision_soc.v:948)
[EFX-0011 VERI-WARNING] actual bit length 32 differs from formal bit length 9 for port 'i_dbg_addr' (VERI-1330) (C:\Users\Jing-XuanTan(i)\Downloads\evsoc-efinity-v2026.1.132\evsoc-efinity-v2026.1.132\cam_single\Ti60F225_dsi\edge_vision_soc.v:949)
[EFX-0011 VERI-WARNING] actual bit length 32 differs from formal bit length 1 for port 'i_dbg_reconfig' (VERI-1330) (C:\Users\Jing-XuanTan(i)\Downloads\evsoc-efinity-v2026.1.132\evsoc-efinity-v2026.1.132\cam_single\Ti60F225_dsi\edge_vision_soc.v:951)
[EFX-0011 VERI-WARNING] port 'rst_busy' remains unconnected for this instance (VERI-1927) (C:\Users\Jing-XuanTan(i)\Downloads\evsoc-efinity-v2026.1.132\evsoc-efinity-v2026.1.132\cam_single\Ti60F225_dsi\source/display/dsi/display_dsi.v:265)
[EFX-0011 VERI-WARNING] actual bit length 11 differs from formal bit length 14 for port 'out_x' (VERI-1330) (C:\Users\Jing-XuanTan(i)\Downloads\evsoc-efinity-v2026.1.132\evsoc-efinity-v2026.1.132\cam_single\Ti60F225_dsi\source/display/dsi/display_dsi.v:127)
[EFX-0011 VERI-WARNING] actual bit length 11 differs from formal bit length 12 for port 'out_y' (VERI-1330) (C:\Users\Jing-XuanTan(i)\Downloads\evsoc-efinity-v2026.1.132\evsoc-efinity-v2026.1.132\cam_single\Ti60F225_dsi\source/display/dsi/display_dsi.v:128)
[EFX-0011 VERI-WARNING] expression size 16 truncated to fit in target size 8 (VERI-1209) (C:\Users\Jing-XuanTan(i)\Downloads\evsoc-efinity-v2026.1.132\evsoc-efinity-v2026.1.132\cam_single\Ti60F225_dsi\source/cam/scale_up_2x_nn.v:127)
[EFX-0011 VERI-WARNING] expression size 16 truncated to fit in target size 8 (VERI-1209) (C:\Users\Jing-XuanTan(i)\Downloads\evsoc-efinity-v2026.1.132\evsoc-efinity-v2026.1.132\cam_single\Ti60F225_dsi\source/cam/scale_up_2x_nn.v:128)
[EFX-0011 VERI-WARNING] expression size 16 truncated to fit in target size 8 (VERI-1209) (C:\Users\Jing-XuanTan(i)\Downloads\evsoc-efinity-v2026.1.132\evsoc-efinity-v2026.1.132\cam_single\Ti60F225_dsi\source/cam/scale_up_2x_nn.v:129)
[EFX-0011 VERI-WARNING] port 'a_wr_rst_i' remains unconnected for this instance (VERI-1927) (C:\Users\Jing-XuanTan(i)\Downloads\evsoc-efinity-v2026.1.132\evsoc-efinity-v2026.1.132\cam_single\Ti60F225_dsi\ip\display_dma_fifo\display_dma_fifo.sv:110)
[EFX-0011 VERI-WARNING] input port 'a_wr_rst_i' is not connected on this instance (VDB-1013) (C:\Users\Jing-XuanTan(i)\Downloads\evsoc-efinity-v2026.1.132\evsoc-efinity-v2026.1.132\cam_single\Ti60F225_dsi\ip\display_dma_fifo\display_dma_fifo.sv:92)
[EFX-0011 VERI-WARNING] actual bit length 10 differs from formal bit length 11 for port 'datacount_o' (VERI-1330) (C:\Users\Jing-XuanTan(i)\Downloads\evsoc-efinity-v2026.1.132\evsoc-efinity-v2026.1.132\cam_single\Ti60F225_dsi\source/display/dsi/display_dsi.v:264)
[EFX-0011 VERI-WARNING] port '**' remains unconnected for this instance (VERI-1927) (C:\Users\Jing-XuanTan(i)\Downloads\evsoc-efinity-v2026.1.132\evsoc-efinity-v2026.1.132\cam_single\Ti60F225_dsi\ip\dsi_tx_display\dsi_tx_display.sv:5436)
[EFX-0011 VERI-WARNING] assignment and/or driver for '**' inside static function '**' is not preserved (VERI-2457) (C:\Users\Jing-XuanTan(i)\Downloads\evsoc-efinity-v2026.1.132\evsoc-efinity-v2026.1.132\cam_single\Ti60F225_dsi\ip\dsi_tx_display\dsi_tx_display.sv:2885)
[EFX-0011 VERI-WARNING] port '**' remains unconnected for this instance (VERI-1927) (C:\Users\Jing-XuanTan(i)\Downloads\evsoc-efinity-v2026.1.132\evsoc-efinity-v2026.1.132\cam_single\Ti60F225_dsi\ip\dsi_tx_display\dsi_tx_display.sv:5689)
[EFX-0011 VERI-WARNING] expression size ** truncated to fit in target size ** (VERI-1209) (C:\Users\Jing-XuanTan(i)\Downloads\evsoc-efinity-v2026.1.132\evsoc-efinity-v2026.1.132\cam_single\Ti60F225_dsi\ip\dsi_tx_display\dsi_tx_display.sv:5689)
[EFX-0011 VERI-WARNING] expression size ** truncated to fit in target size ** (VERI-1209) (C:\Users\Jing-XuanTan(i)\Downloads\evsoc-efinity-v2026.1.132\evsoc-efinity-v2026.1.132\cam_single\Ti60F225_dsi\ip\dsi_tx_display\dsi_tx_display.sv:7297)
[EFX-0011 VERI-WARNING] port '**' remains unconnected for this instance (VERI-1927) (C:\Users\Jing-XuanTan(i)\Downloads\evsoc-efinity-v2026.1.132\evsoc-efinity-v2026.1.132\cam_single\Ti60F225_dsi\ip\dsi_tx_display\dsi_tx_display.sv:1596)
[EFX-0011 VERI-WARNING] expression size ** truncated to fit in target size ** (VERI-1209) (C:\Users\Jing-XuanTan(i)\Downloads\evsoc-efinity-v2026.1.132\evsoc-efinity-v2026.1.132\cam_single\Ti60F225_dsi\ip\dsi_tx_display\dsi_tx_display.sv:1596)
[EFX-0011 VERI-WARNING] port '**' remains unconnected for this instance (VERI-1927) (C:\Users\Jing-XuanTan(i)\Downloads\evsoc-efinity-v2026.1.132\evsoc-efinity-v2026.1.132\cam_single\Ti60F225_dsi\ip\dsi_tx_display\dsi_tx_display.sv:2500)
[EFX-0011 VERI-WARNING] expression size ** truncated to fit in target size ** (VERI-1209) (C:\Users\Jing-XuanTan(i)\Downloads\evsoc-efinity-v2026.1.132\evsoc-efinity-v2026.1.132\cam_single\Ti60F225_dsi\ip\dsi_tx_display\dsi_tx_display.sv:2500)
[EFX-0011 VERI-WARNING] assignment and/or driver for '**' inside static function '**' is not preserved (VERI-2457) (C:\Users\Jing-XuanTan(i)\Downloads\evsoc-efinity-v2026.1.132\evsoc-efinity-v2026.1.132\cam_single\Ti60F225_dsi\ip\dsi_tx_display\dsi_tx_display.sv:3474)
[EFX-0011 VERI-WARNING] actual bit length 32 differs from formal bit length 16 for port 'haddr' (VERI-1330) (C:\Users\Jing-XuanTan(i)\Downloads\evsoc-efinity-v2026.1.132\evsoc-efinity-v2026.1.132\cam_single\Ti60F225_dsi\edge_vision_soc.v:1081)
[EFX-0011 VERI-WARNING] port 'ram_clk_cal_2' is not connected on this instance (VERI-2435) (C:\Users\Jing-XuanTan(i)\Downloads\evsoc-efinity-v2026.1.132\evsoc-efinity-v2026.1.132\cam_single\Ti60F225_dsi\ip\hbram\hbram.sv:200)
[EFX-0011 VERI-WARNING] port 'native_clk' remains unconnected for this instance (VERI-1927) (C:\Users\Jing-XuanTan(i)\Downloads\evsoc-efinity-v2026.1.132\evsoc-efinity-v2026.1.132\cam_single\Ti60F225_dsi\ip\hbram\hbram.sv:200)
[EFX-0011 VERI-WARNING] port '**' remains unconnected for this instance (VERI-1927) (C:\Users\Jing-XuanTan(i)\Downloads\evsoc-efinity-v2026.1.132\evsoc-efinity-v2026.1.132\cam_single\Ti60F225_dsi\ip\hbram\hbram.sv:1134)
[EFX-0011 VERI-WARNING] expression size 32 truncated to fit in target size 9 (VERI-1209) (C:\Users\Jing-XuanTan(i)\Downloads\evsoc-efinity-v2026.1.132\evsoc-efinity-v2026.1.132\cam_single\Ti60F225_dsi\ip\hbram\hbram.sv:5791)
[EFX-0011 VERI-WARNING] expression size 32 truncated to fit in target size 11 (VERI-1209) (C:\Users\Jing-XuanTan(i)\Downloads\evsoc-efinity-v2026.1.132\evsoc-efinity-v2026.1.132\cam_single\Ti60F225_dsi\ip\hbram\hbram.sv:5792)
[EFX-0011 VERI-WARNING] expression size ** truncated to fit in target size ** (VERI-1209) (C:\Users\Jing-XuanTan(i)\Downloads\evsoc-efinity-v2026.1.132\evsoc-efinity-v2026.1.132\cam_single\Ti60F225_dsi\ip\hbram\hbram.sv:1134)
[EFX-0011 VERI-WARNING] expression size 32 truncated to fit in target size 11 (VERI-1209) (C:\Users\Jing-XuanTan(i)\Downloads\evsoc-efinity-v2026.1.132\evsoc-efinity-v2026.1.132\cam_single\Ti60F225_dsi\ip\hbram\hbram.sv:5806)
[EFX-0011 VERI-WARNING] expression size 32 truncated to fit in target size 9 (VERI-1209) (C:\Users\Jing-XuanTan(i)\Downloads\evsoc-efinity-v2026.1.132\evsoc-efinity-v2026.1.132\cam_single\Ti60F225_dsi\ip\hbram\hbram.sv:5807)
[EFX-0011 VERI-WARNING] expression size ** truncated to fit in target size ** (VERI-1209) (C:\Users\Jing-XuanTan(i)\Downloads\evsoc-efinity-v2026.1.132\evsoc-efinity-v2026.1.132\cam_single\Ti60F225_dsi\ip\hbram\hbram.sv:5309)
[EFX-0011 VERI-WARNING] actual bit length ** differs from formal bit length *** for port '**' (VERI-1330) (C:\Users\Jing-XuanTan(i)\Downloads\evsoc-efinity-v2026.1.132\evsoc-efinity-v2026.1.132\cam_single\Ti60F225_dsi\ip\hbram\hbram.sv:1946)
[EFX-0011 VERI-WARNING] expression size ** truncated to fit in target size ** (VERI-1209) (C:\Users\Jing-XuanTan(i)\Downloads\evsoc-efinity-v2026.1.132\evsoc-efinity-v2026.1.132\cam_single\Ti60F225_dsi\ip\hbram\hbram.sv:3545)
[EFX-0011 VERI-WARNING] actual bit length ** differs from formal bit length *** for port '**' (VERI-1330) (C:\Users\Jing-XuanTan(i)\Downloads\evsoc-efinity-v2026.1.132\evsoc-efinity-v2026.1.132\cam_single\Ti60F225_dsi\ip\hbram\hbram.sv:2351)
[EFX-0011 VERI-WARNING] expression size ** truncated to fit in target size ** (VERI-1209) (C:\Users\Jing-XuanTan(i)\Downloads\evsoc-efinity-v2026.1.132\evsoc-efinity-v2026.1.132\cam_single\Ti60F225_dsi\ip\hbram\hbram.sv:4591)
[EFX-0011 VERI-WARNING] input port 'ram_clk_cal_2' remains unconnected for this instance (VDB-1053) (C:\Users\Jing-XuanTan(i)\Downloads\evsoc-efinity-v2026.1.132\evsoc-efinity-v2026.1.132\cam_single\Ti60F225_dsi\ip\hbram\hbram.sv:147)
[EFX-0011 VERI-WARNING] input port 'native_clk' is not connected on this instance (VDB-1013) (C:\Users\Jing-XuanTan(i)\Downloads\evsoc-efinity-v2026.1.132\evsoc-efinity-v2026.1.132\cam_single\Ti60F225_dsi\ip\hbram\hbram.sv:147)
[EFX-0011 VERI-WARNING] system task 'display' is ignored for synthesis (VERI-1142) (C:\Users\Jing-XuanTan(i)\Downloads\evsoc-efinity-v2026.1.132\evsoc-efinity-v2026.1.132\cam_single\Ti60F225_dsi\ip\SapphireSoc\SapphireSoc.v:24200)
[EFX-0011 VERI-WARNING] net 'IBusCachedPlugin_cache_io_cpu_fetch_isRemoved' does not have a driver (VDB-1002) (C:\Users\Jing-XuanTan(i)\Downloads\evsoc-efinity-v2026.1.132\evsoc-efinity-v2026.1.132\cam_single\Ti60F225_dsi\ip\SapphireSoc\SapphireSoc.v:14091)
[EFX-0011 VERI-WARNING] net 'dataCache_1_io_cpu_writeBack_fence_SW' does not have a driver (VDB-1002) (C:\Users\Jing-XuanTan(i)\Downloads\evsoc-efinity-v2026.1.132\evsoc-efinity-v2026.1.132\cam_single\Ti60F225_dsi\ip\SapphireSoc\SapphireSoc.v:14104)
[EFX-0011 VERI-WARNING] net 'dataCache_1_io_cpu_writeBack_fence_SR' does not have a driver (VDB-1002) (C:\Users\Jing-XuanTan(i)\Downloads\evsoc-efinity-v2026.1.132\evsoc-efinity-v2026.1.132\cam_single\Ti60F225_dsi\ip\SapphireSoc\SapphireSoc.v:14105)
[EFX-0011 VERI-WARNING] net 'dataCache_1_io_cpu_writeBack_fence_SO' does not have a driver (VDB-1002) (C:\Users\Jing-XuanTan(i)\Downloads\evsoc-efinity-v2026.1.132\evsoc-efinity-v2026.1.132\cam_single\Ti60F225_dsi\ip\SapphireSoc\SapphireSoc.v:14106)
[EFX-0011 VERI-WARNING] net 'dataCache_1_io_cpu_writeBack_fence_SI' does not have a driver (VDB-1002) (C:\Users\Jing-XuanTan(i)\Downloads\evsoc-efinity-v2026.1.132\evsoc-efinity-v2026.1.132\cam_single\Ti60F225_dsi\ip\SapphireSoc\SapphireSoc.v:14107)
[EFX-0011 VERI-WARNING] net 'dataCache_1_io_cpu_writeBack_fence_PW' does not have a driver (VDB-1002) (C:\Users\Jing-XuanTan(i)\Downloads\evsoc-efinity-v2026.1.132\evsoc-efinity-v2026.1.132\cam_single\Ti60F225_dsi\ip\SapphireSoc\SapphireSoc.v:14108)
[EFX-0011 VERI-WARNING] net 'dataCache_1_io_cpu_writeBack_fence_PR' does not have a driver (VDB-1002) (C:\Users\Jing-XuanTan(i)\Downloads\evsoc-efinity-v2026.1.132\evsoc-efinity-v2026.1.132\cam_single\Ti60F225_dsi\ip\SapphireSoc\SapphireSoc.v:14109)
[EFX-0011 VERI-WARNING] net 'dataCache_1_io_cpu_writeBack_fence_PO' does not have a driver (VDB-1002) (C:\Users\Jing-XuanTan(i)\Downloads\evsoc-efinity-v2026.1.132\evsoc-efinity-v2026.1.132\cam_single\Ti60F225_dsi\ip\SapphireSoc\SapphireSoc.v:14110)
[EFX-0011 VERI-WARNING] net 'dataCache_1_io_cpu_writeBack_fence_PI' does not have a driver (VDB-1002) (C:\Users\Jing-XuanTan(i)\Downloads\evsoc-efinity-v2026.1.132\evsoc-efinity-v2026.1.132\cam_single\Ti60F225_dsi\ip\SapphireSoc\SapphireSoc.v:14111)
[EFX-0011 VERI-WARNING] net 'dataCache_1_io_cpu_writeBack_fence_FM[3]' does not have a driver (VDB-1002) (C:\Users\Jing-XuanTan(i)\Downloads\evsoc-efinity-v2026.1.132\evsoc-efinity-v2026.1.132\cam_single\Ti60F225_dsi\ip\SapphireSoc\SapphireSoc.v:14112)
[EFX-0011 VERI-WARNING] net 'IBusCachedPlugin_mmuBus_rsp_bypassTranslation' does not have a driver (VDB-1002) (C:\Users\Jing-XuanTan(i)\Downloads\evsoc-efinity-v2026.1.132\evsoc-efinity-v2026.1.132\cam_single\Ti60F225_dsi\ip\SapphireSoc\SapphireSoc.v:14619)
[EFX-0011 VERI-WARNING] net 'DBusCachedPlugin_mmuBus_rsp_bypassTranslation' does not have a driver (VDB-1002) (C:\Users\Jing-XuanTan(i)\Downloads\evsoc-efinity-v2026.1.132\evsoc-efinity-v2026.1.132\cam_single\Ti60F225_dsi\ip\SapphireSoc\SapphireSoc.v:14645)
[EFX-0011 VERI-WARNING] net 'IBusCachedPlugin_iBusRsp_output_payload_rsp_error' does not have a driver (VDB-1002) (C:\Users\Jing-XuanTan(i)\Downloads\evsoc-efinity-v2026.1.132\evsoc-efinity-v2026.1.132\cam_single\Ti60F225_dsi\ip\SapphireSoc\SapphireSoc.v:14753)
[EFX-0011 VERI-WARNING] net 'IBusCachedPlugin_iBusRsp_output_payload_isRvc' does not have a driver (VDB-1002) (C:\Users\Jing-XuanTan(i)\Downloads\evsoc-efinity-v2026.1.132\evsoc-efinity-v2026.1.132\cam_single\Ti60F225_dsi\ip\SapphireSoc\SapphireSoc.v:14755)
[EFX-0011 VERI-WARNING] net 'CsrPlugin_mtvec_mode[1]' does not have a driver (VDB-1002) (C:\Users\Jing-XuanTan(i)\Downloads\evsoc-efinity-v2026.1.132\evsoc-efinity-v2026.1.132\cam_single\Ti60F225_dsi\ip\SapphireSoc\SapphireSoc.v:14989)
[EFX-0011 VERI-WARNING] system function call 'urandom' is not supported (VERI-1141) (C:\Users\Jing-XuanTan(i)\Downloads\evsoc-efinity-v2026.1.132\evsoc-efinity-v2026.1.132\cam_single\Ti60F225_dsi\ip\SapphireSoc\SapphireSoc.v:23325)
[EFX-0011 VERI-WARNING] system function call 'urandom' is not supported (VERI-1141) (C:\Users\Jing-XuanTan(i)\Downloads\evsoc-efinity-v2026.1.132\evsoc-efinity-v2026.1.132\cam_single\Ti60F225_dsi\ip\SapphireSoc\SapphireSoc.v:23326)
[EFX-0011 VERI-WARNING] system function call 'urandom' is not supported (VERI-1141) (C:\Users\Jing-XuanTan(i)\Downloads\evsoc-efinity-v2026.1.132\evsoc-efinity-v2026.1.132\cam_single\Ti60F225_dsi\ip\SapphireSoc\SapphireSoc.v:25602)
[EFX-0011 VERI-WARNING] system function call 'urandom' is not supported (VERI-1141) (C:\Users\Jing-XuanTan(i)\Downloads\evsoc-efinity-v2026.1.132\evsoc-efinity-v2026.1.132\cam_single\Ti60F225_dsi\ip\SapphireSoc\SapphireSoc.v:25603)
[EFX-0011 VERI-WARNING] system function call 'urandom' is not supported (VERI-1141) (C:\Users\Jing-XuanTan(i)\Downloads\evsoc-efinity-v2026.1.132\evsoc-efinity-v2026.1.132\cam_single\Ti60F225_dsi\ip\SapphireSoc\SapphireSoc.v:6383)
[EFX-0011 VERI-WARNING] system function call 'urandom' is not supported (VERI-1141) (C:\Users\Jing-XuanTan(i)\Downloads\evsoc-efinity-v2026.1.132\evsoc-efinity-v2026.1.132\cam_single\Ti60F225_dsi\ip\SapphireSoc\SapphireSoc.v:6384)
[EFX-0011 VERI-WARNING] port 'rst_busy' remains unconnected for this instance (VERI-1927) (C:\Users\Jing-XuanTan(i)\Downloads\evsoc-efinity-v2026.1.132\evsoc-efinity-v2026.1.132\cam_single\Ti60F225_dsi\source/hw_accel/hw_accel_wrapper.v:217)
[EFX-0011 VERI-WARNING] port 'rst_busy' remains unconnected for this instance (VERI-1927) (C:\Users\Jing-XuanTan(i)\Downloads\evsoc-efinity-v2026.1.132\evsoc-efinity-v2026.1.132\cam_single\Ti60F225_dsi\source/hw_accel/hw_accel_wrapper.v:243)
[EFX-0011 VERI-WARNING] port 'a_wr_rst_i' remains unconnected for this instance (VERI-1927) (C:\Users\Jing-XuanTan(i)\Downloads\evsoc-efinity-v2026.1.132\evsoc-efinity-v2026.1.132\cam_single\Ti60F225_dsi\ip\hw_accel_dma_in_fifo\hw_accel_dma_in_fifo.sv:112)
[EFX-0011 VERI-WARNING] input port 'a_wr_rst_i' is not connected on this instance (VDB-1013) (C:\Users\Jing-XuanTan(i)\Downloads\evsoc-efinity-v2026.1.132\evsoc-efinity-v2026.1.132\cam_single\Ti60F225_dsi\ip\hw_accel_dma_in_fifo\hw_accel_dma_in_fifo.sv:93)
[EFX-0011 VERI-WARNING] port 'a_wr_rst_i' remains unconnected for this instance (VERI-1927) (C:\Users\Jing-XuanTan(i)\Downloads\evsoc-efinity-v2026.1.132\evsoc-efinity-v2026.1.132\cam_single\Ti60F225_dsi\ip\hw_accel_dma_out_fifo\hw_accel_dma_out_fifo.sv:112)
[EFX-0011 VERI-WARNING] input port 'a_wr_rst_i' is not connected on this instance (VDB-1013) (C:\Users\Jing-XuanTan(i)\Downloads\evsoc-efinity-v2026.1.132\evsoc-efinity-v2026.1.132\cam_single\Ti60F225_dsi\ip\hw_accel_dma_out_fifo\hw_accel_dma_out_fifo.sv:93)
[EFX-0011 VERI-WARNING] system function call 'urandom' is not supported (VERI-1141) (C:\Users\Jing-XuanTan(i)\Downloads\evsoc-efinity-v2026.1.132\evsoc-efinity-v2026.1.132\cam_single\Ti60F225_dsi\ip\dma\dma.v:10822)
[EFX-0011 VERI-WARNING] system function call 'urandom' is not supported (VERI-1141) (C:\Users\Jing-XuanTan(i)\Downloads\evsoc-efinity-v2026.1.132\evsoc-efinity-v2026.1.132\cam_single\Ti60F225_dsi\ip\dma\dma.v:10823)
[EFX-0011 VERI-WARNING] system function call 'urandom' is not supported (VERI-1141) (C:\Users\Jing-XuanTan(i)\Downloads\evsoc-efinity-v2026.1.132\evsoc-efinity-v2026.1.132\cam_single\Ti60F225_dsi\ip\dma\dma.v:10824)
[EFX-0011 VERI-WARNING] actual bit length 16 differs from formal bit length 14 for port 'ctrl_PADDR' (VERI-1330) (C:\Users\Jing-XuanTan(i)\Downloads\evsoc-efinity-v2026.1.132\evsoc-efinity-v2026.1.132\cam_single\Ti60F225_dsi\edge_vision_soc.v:1439)
[EFX-0011 VERI-WARNING] actual bit length 5 differs from formal bit length 3 for port 'ctrl_interrupts' (VERI-1330) (C:\Users\Jing-XuanTan(i)\Downloads\evsoc-efinity-v2026.1.132\evsoc-efinity-v2026.1.132\cam_single\Ti60F225_dsi\edge_vision_soc.v:1447)
[EFX-0011 VERI-WARNING] system task 'display' is ignored for synthesis (VERI-1142) (C:\Users\Jing-XuanTan(i)\Downloads\evsoc-efinity-v2026.1.132\evsoc-efinity-v2026.1.132\cam_single\Ti60F225_dsi\source/axi/axi_interconnect.v:220)
[EFX-0011 VERI-WARNING] system task 'display' is ignored for synthesis (VERI-1142) (C:\Users\Jing-XuanTan(i)\Downloads\evsoc-efinity-v2026.1.132\evsoc-efinity-v2026.1.132\cam_single\Ti60F225_dsi\source/axi/axi_interconnect.v:223)
[EFX-0011 VERI-WARNING] expression size 32 truncated to fit in target size 2 (VERI-1209) (C:\Users\Jing-XuanTan(i)\Downloads\evsoc-efinity-v2026.1.132\evsoc-efinity-v2026.1.132\cam_single\Ti60F225_dsi\source/axi/priority_encoder.v:89)
[EFX-0011 VERI-WARNING] expression size 32 truncated to fit in target size 4 (VERI-1209) (C:\Users\Jing-XuanTan(i)\Downloads\evsoc-efinity-v2026.1.132\evsoc-efinity-v2026.1.132\cam_single\Ti60F225_dsi\source/axi/priority_encoder.v:89)
[EFX-0011 VERI-WARNING] right shift count >= width of value (VERI-1959) (C:\Users\Jing-XuanTan(i)\Downloads\evsoc-efinity-v2026.1.132\evsoc-efinity-v2026.1.132\cam_single\Ti60F225_dsi\source/axi/axi_interconnect.v:566)
[EFX-0011 VERI-WARNING] expression size 32 truncated to fit in target size 8 (VERI-1209) (C:\Users\Jing-XuanTan(i)\Downloads\evsoc-efinity-v2026.1.132\evsoc-efinity-v2026.1.132\cam_single\Ti60F225_dsi\source/axi/axi_interconnect.v:689)
[EFX-0011 VERI-WARNING] net 'hw_accel_dma_rvalid' does not have a driver (VDB-1002) (C:\Users\Jing-XuanTan(i)\Downloads\evsoc-efinity-v2026.1.132\evsoc-efinity-v2026.1.132\cam_single\Ti60F225_dsi\edge_vision_soc.v:661)
[EFX-0011 VERI-WARNING] net 'hw_accel_dma_rkeep[3]' does not have a driver (VDB-1002) (C:\Users\Jing-XuanTan(i)\Downloads\evsoc-efinity-v2026.1.132\evsoc-efinity-v2026.1.132\cam_single\Ti60F225_dsi\edge_vision_soc.v:662)
[EFX-0011 VERI-WARNING] net 'hw_accel_dma_rdata[31]' does not have a driver (VDB-1002) (C:\Users\Jing-XuanTan(i)\Downloads\evsoc-efinity-v2026.1.132\evsoc-efinity-v2026.1.132\cam_single\Ti60F225_dsi\edge_vision_soc.v:663)
[EFX-0011 VERI-WARNING] net 'hw_accel_dma_wready' does not have a driver (VDB-1002) (C:\Users\Jing-XuanTan(i)\Downloads\evsoc-efinity-v2026.1.132\evsoc-efinity-v2026.1.132\cam_single\Ti60F225_dsi\edge_vision_soc.v:664)
[EFX-0011 VERI-WARNING] input port 'Rx_HS_D_2[7]' remains unconnected for this instance (VDB-1053) (C:\Users\Jing-XuanTan(i)\Downloads\evsoc-efinity-v2026.1.132\evsoc-efinity-v2026.1.132\cam_single\Ti60F225_dsi\edge_vision_soc.v:766)
[EFX-0011 VERI-WARNING] input port 'system_spi_0_io_data_2_read' remains unconnected for this instance (VDB-1053) (C:\Users\Jing-XuanTan(i)\Downloads\evsoc-efinity-v2026.1.132\evsoc-efinity-v2026.1.132\cam_single\Ti60F225_dsi\edge_vision_soc.v:1205)
[EFX-0011 VERI-WARNING] input port 'dat1_o_tready' remains unconnected for this instance (VDB-1053) (C:\Users\Jing-XuanTan(i)\Downloads\evsoc-efinity-v2026.1.132\evsoc-efinity-v2026.1.132\cam_single\Ti60F225_dsi\edge_vision_soc.v:1434)
[EFX-0011 VERI-WARNING] input port 's_axi_awuser[1]' remains unconnected for this instance (VDB-1053) (C:\Users\Jing-XuanTan(i)\Downloads\evsoc-efinity-v2026.1.132\evsoc-efinity-v2026.1.132\cam_single\Ti60F225_dsi\edge_vision_soc.v:1571)
[EFX-0200 WARNING] Removing redundant signal : Rx_HS_D_2[7:0]. (C:\Users\Jing-XuanTan(i)\Downloads\evsoc-efinity-v2026.1.132\evsoc-efinity-v2026.1.132\cam_single\Ti60F225_dsi\ip\csi2_rx_cam\csi2_rx_cam.sv:6307)
[EFX-0200 WARNING] Removing redundant signal : Rx_HS_D_3[7:0]. (C:\Users\Jing-XuanTan(i)\Downloads\evsoc-efinity-v2026.1.132\evsoc-efinity-v2026.1.132\cam_single\Ti60F225_dsi\ip\csi2_rx_cam\csi2_rx_cam.sv:6307)
[EFX-0200 WARNING] Removing redundant signal : Rx_HS_D_4[7:0]. (C:\Users\Jing-XuanTan(i)\Downloads\evsoc-efinity-v2026.1.132\evsoc-efinity-v2026.1.132\cam_single\Ti60F225_dsi\ip\csi2_rx_cam\csi2_rx_cam.sv:6307)
[EFX-0200 WARNING] Removing redundant signal : Rx_HS_D_5[7:0]. (C:\Users\Jing-XuanTan(i)\Downloads\evsoc-efinity-v2026.1.132\evsoc-efinity-v2026.1.132\cam_single\Ti60F225_dsi\ip\csi2_rx_cam\csi2_rx_cam.sv:6307)
[EFX-0200 WARNING] Removing redundant signal : Rx_HS_D_6[7:0]. (C:\Users\Jing-XuanTan(i)\Downloads\evsoc-efinity-v2026.1.132\evsoc-efinity-v2026.1.132\cam_single\Ti60F225_dsi\ip\csi2_rx_cam\csi2_rx_cam.sv:6307)
[EFX-0200 WARNING] Removing redundant signal : Rx_HS_D_7[7:0]. (C:\Users\Jing-XuanTan(i)\Downloads\evsoc-efinity-v2026.1.132\evsoc-efinity-v2026.1.132\cam_single\Ti60F225_dsi\ip\csi2_rx_cam\csi2_rx_cam.sv:6307)
[EFX-0200 WARNING] Removing redundant signal : u_dly_enable_D[1:0]. (C:\Users\Jing-XuanTan(i)\Downloads\evsoc-efinity-v2026.1.132\evsoc-efinity-v2026.1.132\cam_single\Ti60F225_dsi\ip\csi2_rx_cam\csi2_rx_cam.sv:6307)
[EFX-0200 WARNING] Removing redundant signal : u_dly_inc_D[1:0]. (C:\Users\Jing-XuanTan(i)\Downloads\evsoc-efinity-v2026.1.132\evsoc-efinity-v2026.1.132\cam_single\Ti60F225_dsi\ip\csi2_rx_cam\csi2_rx_cam.sv:6307)
[EFX-0200 WARNING] Removing redundant signal : axi_awaddr[1:0]. (C:\Users\Jing-XuanTan(i)\Downloads\evsoc-efinity-v2026.1.132\evsoc-efinity-v2026.1.132\cam_single\Ti60F225_dsi\ip\csi2_rx_cam\csi2_rx_cam.sv:5564)
[EFX-0200 WARNING] Removing redundant signal : axi_araddr[1:0]. (C:\Users\Jing-XuanTan(i)\Downloads\evsoc-efinity-v2026.1.132\evsoc-efinity-v2026.1.132\cam_single\Ti60F225_dsi\ip\csi2_rx_cam\csi2_rx_cam.sv:5564)
[EFX-0200 WARNING] Removing redundant signal : loc_rdata[31:0]. (C:\Users\Jing-XuanTan(i)\Downloads\evsoc-efinity-v2026.1.132\evsoc-efinity-v2026.1.132\cam_single\Ti60F225_dsi\ip\csi2_rx_cam\csi2_rx_cam.sv:5564)
[EFX-0200 WARNING] Removing redundant signal : nextCRC16_D16.fcrc[15:0]. (C:\Users\Jing-XuanTan(i)\Downloads\evsoc-efinity-v2026.1.132\evsoc-efinity-v2026.1.132\cam_single\Ti60F225_dsi\ip\csi2_rx_cam\csi2_rx_cam.sv:1466)
[EFX-0200 WARNING] Removing redundant signal : nextCRC16_D16.Data[15:0]. (C:\Users\Jing-XuanTan(i)\Downloads\evsoc-efinity-v2026.1.132\evsoc-efinity-v2026.1.132\cam_single\Ti60F225_dsi\ip\csi2_rx_cam\csi2_rx_cam.sv:1466)
[EFX-0200 WARNING] Removing redundant signal : nextCRC16_D16[15:0]. (C:\Users\Jing-XuanTan(i)\Downloads\evsoc-efinity-v2026.1.132\evsoc-efinity-v2026.1.132\cam_single\Ti60F225_dsi\ip\csi2_rx_cam\csi2_rx_cam.sv:1466)
[EFX-0200 WARNING] Removing redundant signal : nextCRC16_D16.c[15:0]. (C:\Users\Jing-XuanTan(i)\Downloads\evsoc-efinity-v2026.1.132\evsoc-efinity-v2026.1.132\cam_single\Ti60F225_dsi\ip\csi2_rx_cam\csi2_rx_cam.sv:1466)
[EFX-0200 WARNING] Removing redundant signal : nextCRC16_D16.d[15:0]. (C:\Users\Jing-XuanTan(i)\Downloads\evsoc-efinity-v2026.1.132\evsoc-efinity-v2026.1.132\cam_single\Ti60F225_dsi\ip\csi2_rx_cam\csi2_rx_cam.sv:1466)
[EFX-0200 WARNING] Removing redundant signal : nextCRC16_D16.newcrc[15:0]. (C:\Users\Jing-XuanTan(i)\Downloads\evsoc-efinity-v2026.1.132\evsoc-efinity-v2026.1.132\cam_single\Ti60F225_dsi\ip\csi2_rx_cam\csi2_rx_cam.sv:1466)
[EFX-0200 WARNING] Removing redundant signal : nextCRC16_D8[15:0]. (C:\Users\Jing-XuanTan(i)\Downloads\evsoc-efinity-v2026.1.132\evsoc-efinity-v2026.1.132\cam_single\Ti60F225_dsi\ip\csi2_rx_cam\csi2_rx_cam.sv:1466)
[EFX-0200 WARNING] Removing redundant signal : nextCRC16_D8.Data[7:0]. (C:\Users\Jing-XuanTan(i)\Downloads\evsoc-efinity-v2026.1.132\evsoc-efinity-v2026.1.132\cam_single\Ti60F225_dsi\ip\csi2_rx_cam\csi2_rx_cam.sv:1466)
[EFX-0200 WARNING] Removing redundant signal : nextCRC16_D8.fcrc[15:0]. (C:\Users\Jing-XuanTan(i)\Downloads\evsoc-efinity-v2026.1.132\evsoc-efinity-v2026.1.132\cam_single\Ti60F225_dsi\ip\csi2_rx_cam\csi2_rx_cam.sv:1466)
[EFX-0201 WARNING] Re-wiring to GND non-driven net/port 'a_wr_rst_i' in module 'efx_fifo_top_04a96f5177a940fe94d182603b3fa9c9(FAMILY="",SYNC_CLK=1,PIPELINE_REG=0,OUTPUT_REG=1,PROGRAMMABLE_FULL="NONE",PROG_FULL_ASSERT=510,PROG_FULL_NEGATE=510,PROGRAMMABLE_EMPTY="NONE",PROG_EMPTY_ASSERT=2,PROG_EMPTY_NEGATE=3)'. (C:\Users\Jing-XuanTan(i)\Downloads\evsoc-efinity-v2026.1.132\evsoc-efinity-v2026.1.132\cam_single\Ti60F225_dsi\ip\cam_pixel_remap_fifo\cam_pixel_remap_fifo.sv:92)
[EFX-0201 WARNING] Re-wiring to GND non-driven net/port 'a_rd_rst_i' in module 'efx_fifo_top_04a96f5177a940fe94d182603b3fa9c9(FAMILY="",SYNC_CLK=1,PIPELINE_REG=0,OUTPUT_REG=1,PROGRAMMABLE_FULL="NONE",PROG_FULL_ASSERT=510,PROG_FULL_NEGATE=510,PROGRAMMABLE_EMPTY="NONE",PROG_EMPTY_ASSERT=2,PROG_EMPTY_NEGATE=3)'. (C:\Users\Jing-XuanTan(i)\Downloads\evsoc-efinity-v2026.1.132\evsoc-efinity-v2026.1.132\cam_single\Ti60F225_dsi\ip\cam_pixel_remap_fifo\cam_pixel_remap_fifo.sv:92)
[EFX-0201 WARNING] Re-wiring to GND non-driven net/port 'wr_clk_i' in module 'efx_fifo_top_04a96f5177a940fe94d182603b3fa9c9(FAMILY="",SYNC_CLK=1,PIPELINE_REG=0,OUTPUT_REG=1,PROGRAMMABLE_FULL="NONE",PROG_FULL_ASSERT=510,PROG_FULL_NEGATE=510,PROGRAMMABLE_EMPTY="NONE",PROG_EMPTY_ASSERT=2,PROG_EMPTY_NEGATE=3)'. (C:\Users\Jing-XuanTan(i)\Downloads\evsoc-efinity-v2026.1.132\evsoc-efinity-v2026.1.132\cam_single\Ti60F225_dsi\ip\cam_pixel_remap_fifo\cam_pixel_remap_fifo.sv:92)
[EFX-0201 WARNING] Re-wiring to GND non-driven net/port 'rd_clk_i' in module 'efx_fifo_top_04a96f5177a940fe94d182603b3fa9c9(FAMILY="",SYNC_CLK=1,PIPELINE_REG=0,OUTPUT_REG=1,PROGRAMMABLE_FULL="NONE",PROG_FULL_ASSERT=510,PROG_FULL_NEGATE=510,PROGRAMMABLE_EMPTY="NONE",PROG_EMPTY_ASSERT=2,PROG_EMPTY_NEGATE=3)'. (C:\Users\Jing-XuanTan(i)\Downloads\evsoc-efinity-v2026.1.132\evsoc-efinity-v2026.1.132\cam_single\Ti60F225_dsi\ip\cam_pixel_remap_fifo\cam_pixel_remap_fifo.sv:92)
[EFX-0201 WARNING] Re-wiring to GND non-driven net/port 'a_wr_rst_i' in module 'efx_fifo_top_b0792a13d328448586f08ea7d102f373(FAMILY="",SYNC_CLK=1,MODE="FWFT",DEPTH=1024,DATA_WIDTH=48,PIPELINE_REG=0,PROGRAMMABLE_FULL="NONE",PROG_FULL_ASSERT=512,PROG_FULL_NEGATE=512,PROGRAMMABLE_EMPTY="NONE",PROG_EMPTY_ASSERT=2,PROG_EMPTY_NEGATE=3)'. (C:\Users\Jing-XuanTan(i)\Downloads\evsoc-efinity-v2026.1.132\evsoc-efinity-v2026.1.132\cam_single\Ti60F225_dsi\ip\cam_dma_fifo\cam_dma_fifo.sv:92)
[EFX-0201 WARNING] Re-wiring to GND non-driven net/port 'a_rd_rst_i' in module 'efx_fifo_top_b0792a13d328448586f08ea7d102f373(FAMILY="",SYNC_CLK=1,MODE="FWFT",DEPTH=1024,DATA_WIDTH=48,PIPELINE_REG=0,PROGRAMMABLE_FULL="NONE",PROG_FULL_ASSERT=512,PROG_FULL_NEGATE=512,PROGRAMMABLE_EMPTY="NONE",PROG_EMPTY_ASSERT=2,PROG_EMPTY_NEGATE=3)'. (C:\Users\Jing-XuanTan(i)\Downloads\evsoc-efinity-v2026.1.132\evsoc-efinity-v2026.1.132\cam_single\Ti60F225_dsi\ip\cam_dma_fifo\cam_dma_fifo.sv:92)
[EFX-0201 WARNING] Re-wiring to GND non-driven net/port 'wr_clk_i' in module 'efx_fifo_top_b0792a13d328448586f08ea7d102f373(FAMILY="",SYNC_CLK=1,MODE="FWFT",DEPTH=1024,DATA_WIDTH=48,PIPELINE_REG=0,PROGRAMMABLE_FULL="NONE",PROG_FULL_ASSERT=512,PROG_FULL_NEGATE=512,PROGRAMMABLE_EMPTY="NONE",PROG_EMPTY_ASSERT=2,PROG_EMPTY_NEGATE=3)'. (C:\Users\Jing-XuanTan(i)\Downloads\evsoc-efinity-v2026.1.132\evsoc-efinity-v2026.1.132\cam_single\Ti60F225_dsi\ip\cam_dma_fifo\cam_dma_fifo.sv:92)
[EFX-0201 WARNING] Re-wiring to GND non-driven net/port 'rd_clk_i' in module 'efx_fifo_top_b0792a13d328448586f08ea7d102f373(FAMILY="",SYNC_CLK=1,MODE="FWFT",DEPTH=1024,DATA_WIDTH=48,PIPELINE_REG=0,PROGRAMMABLE_FULL="NONE",PROG_FULL_ASSERT=512,PROG_FULL_NEGATE=512,PROGRAMMABLE_EMPTY="NONE",PROG_EMPTY_ASSERT=2,PROG_EMPTY_NEGATE=3)'. (C:\Users\Jing-XuanTan(i)\Downloads\evsoc-efinity-v2026.1.132\evsoc-efinity-v2026.1.132\cam_single\Ti60F225_dsi\ip\cam_dma_fifo\cam_dma_fifo.sv:92)
[EFX-0201 WARNING] Re-wiring to GND non-driven net/port 'a_wr_rst_i' in module 'efx_fifo_top_0ebd061cc55a4cdb9867e4fd870758a2(FAMILY="",SYNC_CLK=1,DEPTH=1024,DATA_WIDTH=48,PIPELINE_REG=0,OUTPUT_REG=1,PROGRAMMABLE_FULL="NONE",PROG_FULL_ASSERT=512,PROG_FULL_NEGATE=512,PROGRAMMABLE_EMPTY="NONE",PROG_EMPTY_ASSERT=2,PROG_EMPTY_NEGATE=3)'. (C:\Users\Jing-XuanTan(i)\Downloads\evsoc-efinity-v2026.1.132\evsoc-efinity-v2026.1.132\cam_single\Ti60F225_dsi\ip\display_dma_fifo\display_dma_fifo.sv:92)
[EFX-0201 WARNING] Re-wiring to GND non-driven net/port 'a_rd_rst_i' in module 'efx_fifo_top_0ebd061cc55a4cdb9867e4fd870758a2(FAMILY="",SYNC_CLK=1,DEPTH=1024,DATA_WIDTH=48,PIPELINE_REG=0,OUTPUT_REG=1,PROGRAMMABLE_FULL="NONE",PROG_FULL_ASSERT=512,PROG_FULL_NEGATE=512,PROGRAMMABLE_EMPTY="NONE",PROG_EMPTY_ASSERT=2,PROG_EMPTY_NEGATE=3)'. (C:\Users\Jing-XuanTan(i)\Downloads\evsoc-efinity-v2026.1.132\evsoc-efinity-v2026.1.132\cam_single\Ti60F225_dsi\ip\display_dma_fifo\display_dma_fifo.sv:92)
[EFX-0657 WARNING] Mapping into logic memory block 'logic_progbufX_mem' (64 bits) (C:\Users\Jing-XuanTan(i)\Downloads\evsoc-efinity-v2026.1.132\evsoc-efinity-v2026.1.132\cam_single\Ti60F225_dsi\ip\SapphireSoc\SapphireSoc.v:13208) because size is too small (<=64)
[EFX-0657 WARNING] Mapping into logic memory block 'logic_ram' (64 bits) (C:\Users\Jing-XuanTan(i)\Downloads\evsoc-efinity-v2026.1.132\evsoc-efinity-v2026.1.132\cam_single\Ti60F225_dsi\ip\SapphireSoc\SapphireSoc.v:22209) because size is too small (<=64)
[EFX-0657 WARNING] Mapping into logic memory block 'logic_ram' (16 bits) (C:\Users\Jing-XuanTan(i)\Downloads\evsoc-efinity-v2026.1.132\evsoc-efinity-v2026.1.132\cam_single\Ti60F225_dsi\ip\SapphireSoc\SapphireSoc.v:22052) because size is too small (<=64)
[EFX-0657 WARNING] Mapping into logic memory block 'u_apb3_cam_display/slaveReg' (224 bits) (C:\Users\Jing-XuanTan(i)\Downloads\evsoc-efinity-v2026.1.132\evsoc-efinity-v2026.1.132\cam_single\Ti60F225_dsi\source/common/common_apb3.v:48) because it has all constant reader/writer.
[EFX-0011 VERI-WARNING] Input/inout port i_mipi_txc_sclk is unconnected. Place and route may remove this unconnected port. (VDB-8003) (C:\Users\Jing-XuanTan(i)\Downloads\evsoc-efinity-v2026.1.132\evsoc-efinity-v2026.1.132\cam_single\Ti60F225_dsi\edge_vision_soc.v:26)
[EFX-0011 VERI-WARNING] Input/inout port i_mipi_txd_sclk is unconnected. Place and route may remove this unconnected port. (VDB-8003) (C:\Users\Jing-XuanTan(i)\Downloads\evsoc-efinity-v2026.1.132\evsoc-efinity-v2026.1.132\cam_single\Ti60F225_dsi\edge_vision_soc.v:27)
[EFX-0011 VERI-WARNING] Input/inout port i_mipi_tx_pll_locked is unconnected. Place and route may remove this unconnected port. (VDB-8003) (C:\Users\Jing-XuanTan(i)\Downloads\evsoc-efinity-v2026.1.132\evsoc-efinity-v2026.1.132\cam_single\Ti60F225_dsi\edge_vision_soc.v:29)
[EFX-0011 VERI-WARNING] Input/inout port i_hbramClk90 is unconnected. Place and route may remove this unconnected port. (VDB-8003) (C:\Users\Jing-XuanTan(i)\Downloads\evsoc-efinity-v2026.1.132\evsoc-efinity-v2026.1.132\cam_single\Ti60F225_dsi\edge_vision_soc.v:33)
[EFX-0011 VERI-WARNING] Input/inout port i_cam_d0_HS_IN_1[7] is unconnected. Place and route may remove this unconnected port. (VDB-8003) (C:\Users\Jing-XuanTan(i)\Downloads\evsoc-efinity-v2026.1.132\evsoc-efinity-v2026.1.132\cam_single\Ti60F225_dsi\edge_vision_soc.v:74)
[EFX-0011 VERI-WARNING] Input/inout port i_cam_d0_HS_IN_2[7] is unconnected. Place and route may remove this unconnected port. (VDB-8003) (C:\Users\Jing-XuanTan(i)\Downloads\evsoc-efinity-v2026.1.132\evsoc-efinity-v2026.1.132\cam_single\Ti60F225_dsi\edge_vision_soc.v:75)
[EFX-0011 VERI-WARNING] Input/inout port i_cam_d0_HS_IN_3[7] is unconnected. Place and route may remove this unconnected port. (VDB-8003) (C:\Users\Jing-XuanTan(i)\Downloads\evsoc-efinity-v2026.1.132\evsoc-efinity-v2026.1.132\cam_single\Ti60F225_dsi\edge_vision_soc.v:76)
[EFX-0011 VERI-WARNING] Input/inout port i_cam_d1_HS_IN_1[7] is unconnected. Place and route may remove this unconnected port. (VDB-8003) (C:\Users\Jing-XuanTan(i)\Downloads\evsoc-efinity-v2026.1.132\evsoc-efinity-v2026.1.132\cam_single\Ti60F225_dsi\edge_vision_soc.v:89)
[EFX-0011 VERI-WARNING] Input/inout port i_cam_d1_HS_IN_2[7] is unconnected. Place and route may remove this unconnected port. (VDB-8003) (C:\Users\Jing-XuanTan(i)\Downloads\evsoc-efinity-v2026.1.132\evsoc-efinity-v2026.1.132\cam_single\Ti60F225_dsi\edge_vision_soc.v:90)
[EFX-0011 VERI-WARNING] Input/inout port i_cam_d1_HS_IN_3[7] is unconnected. Place and route may remove this unconnected port. (VDB-8003) (C:\Users\Jing-XuanTan(i)\Downloads\evsoc-efinity-v2026.1.132\evsoc-efinity-v2026.1.132\cam_single\Ti60F225_dsi\edge_vision_soc.v:91)
[EFX-0011 VERI-WARNING] Input/inout port sw6 is unconnected. Place and route may remove this unconnected port. (VDB-8003) (C:\Users\Jing-XuanTan(i)\Downloads\evsoc-efinity-v2026.1.132\evsoc-efinity-v2026.1.132\cam_single\Ti60F225_dsi\edge_vision_soc.v:181)
[EFX-0011 VERI-WARNING] Input/inout port sw7 is unconnected. Place and route may remove this unconnected port. (VDB-8003) (C:\Users\Jing-XuanTan(i)\Downloads\evsoc-efinity-v2026.1.132\evsoc-efinity-v2026.1.132\cam_single\Ti60F225_dsi\edge_vision_soc.v:182)
[EFX-0011 VERI-WARNING] Net u_risc_v/u_EfxSapphireSoc/system_cores_0_logic_cpu/IBusCachedPlugin_cache/lineLoader_address[4] is dangling. (VDB-8009) 
[EFX-0011 VERI-WARNING] Net u_risc_v/u_EfxSapphireSoc/system_cores_0_logic_cpu/IBusCachedPlugin_cache/lineLoader_address[2] is dangling. (VDB-8009) 
[EFX-0011 VERI-WARNING] Net u_risc_v/u_EfxSapphireSoc/system_cores_0_logic_cpu/IBusCachedPlugin_cache/lineLoader_address[3] is dangling. (VDB-8009) 
[EFX-0011 VERI-WARNING] Net u_risc_v/u_EfxSapphireSoc/system_cores_0_logic_cpu/IBusCachedPlugin_cache/lineLoader_address[1] is dangling. (VDB-8009) 
[EFX-0011 VERI-WARNING] Net u_risc_v/u_EfxSapphireSoc/system_cores_0_logic_cpu/IBusCachedPlugin_cache/lineLoader_address[0] is dangling. (VDB-8009) 
[EFX-0011 VERI-WARNING] Net soc_io_w_payload_id[0] is dangling. (VDB-8009) 
[EFX-0011 VERI-WARNING] Net soc_io_arw_payload_region[0] is dangling. (VDB-8009) 
[EFX-0011 VERI-WARNING] Net soc_io_arw_payload_cache[0] is dangling. (VDB-8009) 
[EFX-0011 VERI-WARNING] Net u_risc_v/u_EfxSapphireSoc/io_ddrA_r_rData_id[0] is dangling. (VDB-8009) 
[EFX-0011 VERI-WARNING] Net soc_io_arw_payload_prot[0] is dangling. (VDB-8009) 
[EFX-0011 VERI-WARNING] Net soc_io_arw_payload_lock is dangling. (VDB-8009) 
[EFX-0011 VERI-WARNING] Net soc_io_arw_payload_qos[0] is dangling. (VDB-8009) 
[EFX-0011 VERI-WARNING] Net u_risc_v/u_EfxSapphireSoc/system_cores_0_logic_cpu/IBusCachedPlugin_cache/lineLoader_address[5] is dangling. (VDB-8009) 
[EFX-0011 VERI-WARNING] Net soc_io_arw_payload_addr[31] is dangling. (VDB-8009) 
[EFX-0011 VERI-WARNING] Net soc_io_w_payload_id[1] is dangling. (VDB-8009) 
[EFX-0011 VERI-WARNING] Net soc_io_w_payload_id[2] is dangling. (VDB-8009) 
[EFX-0011 VERI-WARNING] Net soc_io_w_payload_id[3] is dangling. (VDB-8009) 
[EFX-0011 VERI-WARNING] Net soc_io_w_payload_id[4] is dangling. (VDB-8009) 
[EFX-0011 VERI-WARNING] Net soc_io_w_payload_id[5] is dangling. (VDB-8009) 
[EFX-0011 VERI-WARNING] Net soc_io_w_payload_id[6] is dangling. (VDB-8009) 
[EFX-0011 VERI-WARNING] Net soc_io_w_payload_id[7] is dangling. (VDB-8009) 
[EFX-0011 VERI-WARNING] Net u_risc_v/u_EfxSapphireSoc/io_ddrA_r_rData_id[1] is dangling. (VDB-8009) 
[EFX-0011 VERI-WARNING] Net u_risc_v/u_EfxSapphireSoc/io_ddrA_r_rData_id[2] is dangling. (VDB-8009) 
[EFX-0011 VERI-WARNING] Net u_risc_v/u_EfxSapphireSoc/io_ddrA_r_rData_id[3] is dangling. (VDB-8009) 
[EFX-0011 VERI-WARNING] Net u_risc_v/u_EfxSapphireSoc/io_ddrA_r_rData_id[4] is dangling. (VDB-8009) 
[EFX-0011 VERI-WARNING] Net u_risc_v/u_EfxSapphireSoc/io_ddrA_r_rData_id[5] is dangling. (VDB-8009) 
[EFX-0011 VERI-WARNING] Net u_risc_v/u_EfxSapphireSoc/io_ddrA_r_rData_id[6] is dangling. (VDB-8009) 
[EFX-0011 VERI-WARNING] Net u_risc_v/u_EfxSapphireSoc/io_ddrA_r_rData_id[7] is dangling. (VDB-8009) 
[EFX-0011 VERI-WARNING] Net soc_io_arw_payload_region[1] is dangling. (VDB-8009) 
[EFX-0011 VERI-WARNING] Net soc_io_arw_payload_region[2] is dangling. (VDB-8009) 
[EFX-0011 VERI-WARNING] Net soc_io_arw_payload_region[3] is dangling. (VDB-8009) 
[EFX-0011 VERI-WARNING] Net soc_io_arw_payload_cache[1] is dangling. (VDB-8009) 
[EFX-0011 VERI-WARNING] Net soc_io_arw_payload_cache[2] is dangling. (VDB-8009) 
[EFX-0011 VERI-WARNING] Net soc_io_arw_payload_cache[3] is dangling. (VDB-8009) 
[EFX-0011 VERI-WARNING] Net soc_io_arw_payload_qos[1] is dangling. (VDB-8009) 
[EFX-0011 VERI-WARNING] Net soc_io_arw_payload_qos[2] is dangling. (VDB-8009) 
[EFX-0011 VERI-WARNING] Net soc_io_arw_payload_qos[3] is dangling. (VDB-8009) 
[EFX-0011 VERI-WARNING] Net soc_io_arw_payload_prot[1] is dangling. (VDB-8009) 
[EFX-0011 VERI-WARNING] Net soc_io_arw_payload_prot[2] is dangling. (VDB-8009) 
[EFX-0011 VERI-WARNING] Net dma_arregion[0] is dangling. (VDB-8009) 
[EFX-0011 VERI-WARNING] Net dma_awregion[0] is dangling. (VDB-8009) 
[EFX-0011 VERI-WARNING] Net dma_arregion[1] is dangling. (VDB-8009) 
[EFX-0011 VERI-WARNING] Net dma_arregion[2] is dangling. (VDB-8009) 
[EFX-0011 VERI-WARNING] Net dma_arregion[3] is dangling. (VDB-8009) 
[EFX-0011 VERI-WARNING] Net dma_awregion[1] is dangling. (VDB-8009) 
[EFX-0011 VERI-WARNING] Net dma_awregion[2] is dangling. (VDB-8009) 
[EFX-0011 VERI-WARNING] Net dma_awregion[3] is dangling. (VDB-8009) 
[EFX-0011 VERI-WARNING] Net u_hbram/u_hbram_top/hbc_dq_OE_2[0] is dangling. (VDB-8009) 
[EFX-0011 VERI-WARNING] Net u_hbram/u_hbram_top/hbc_dq_OE_2[1] is dangling. (VDB-8009) 
[EFX-0011 VERI-WARNING] Net u_hbram/u_hbram_top/hbc_dq_OE_2[2] is dangling. (VDB-8009) 
[EFX-0011 VERI-WARNING] Net u_hbram/u_hbram_top/hbc_dq_OE_2[3] is dangling. (VDB-8009) 
[EFX-0011 VERI-WARNING] Net u_hbram/u_hbram_top/hbc_dq_OE_2[4] is dangling. (VDB-8009) 
[EFX-0011 VERI-WARNING] Net u_hbram/u_hbram_top/hbc_dq_OE_2[5] is dangling. (VDB-8009) 
[EFX-0011 VERI-WARNING] Net u_hbram/u_hbram_top/hbc_dq_OE_2[6] is dangling. (VDB-8009) 
[EFX-0011 VERI-WARNING] Net u_hbram/u_hbram_top/hbc_dq_OE_2[7] is dangling. (VDB-8009) 
[EFX-0011 VERI-WARNING] Net u_hbram/u_hbram_top/hbc_dq_OE_2[8] is dangling. (VDB-8009) 
[EFX-0011 VERI-WARNING] Net u_hbram/u_hbram_top/hbc_dq_OE_2[9] is dangling. (VDB-8009) 
[EFX-0011 VERI-WARNING] Net u_hbram/u_hbram_top/hbc_dq_OE_2[10] is dangling. (VDB-8009) 
[EFX-0011 VERI-WARNING] Net u_hbram/u_hbram_top/hbc_dq_OE_2[11] is dangling. (VDB-8009) 
[EFX-0011 VERI-WARNING] Net u_hbram/u_hbram_top/hbc_dq_OE_2[12] is dangling. (VDB-8009) 
[EFX-0011 VERI-WARNING] Net u_hbram/u_hbram_top/hbc_dq_OE_2[13] is dangling. (VDB-8009) 
[EFX-0011 VERI-WARNING] Net u_hbram/u_hbram_top/hbc_dq_OE_2[14] is dangling. (VDB-8009) 
[EFX-0011 VERI-WARNING] Net u_hbram/u_hbram_top/hbc_dq_OE_2[15] is dangling. (VDB-8009) 
[EFX-0011 VERI-WARNING] Net u_risc_v/u_EfxSapphireSoc/system_ddr_ddrLogic_cc_fifo/io_output_rsp_queue/popCC_popPtrPlus[0] is dangling. (VDB-8009) 
[EFX-0011 VERI-WARNING] Net u_risc_v/u_EfxSapphireSoc/system_ddr_ddrLogic_cc_fifo/io_input_cmd_queue/popCC_popPtrPlus[0] is dangling. (VDB-8009) 
[EFX-0011 VERI-WARNING] Net u_risc_v/u_EfxSapphireSoc/system_bridge_bmb_crossClock/io_output_rsp_queue/popCC_popPtrPlus[0] is dangling. (VDB-8009) 
[EFX-0011 VERI-WARNING] Net u_risc_v/u_EfxSapphireSoc/system_bridge_bmb_crossClock/io_input_cmd_queue/popCC_popPtrPlus[0] is dangling. (VDB-8009) 
[EFX-0011 VERI-WARNING] Net u_dma/u_EfxDMA/outputsAdapter_1_crossclock_fifo/popCC_popPtrPlus[0] is dangling. (VDB-8009) 
[EFX-0011 VERI-WARNING] Net u_dma/u_EfxDMA/inputsAdapter_0_crossclock_fifo/popCC_popPtrPlus[0] is dangling. (VDB-8009) 
[EFX-0011 VERI-WARNING] Found 123 warnings in the post-synthesis netlist. 

///////////////////////////////////
// Efinity Synthesis Started 
// Aug 24, 2026 14:39:44
///////////////////////////////////

[EFX-0011 VERI-WARNING] parameter 'CL_S_COUNT' becomes localparam in 'axi_interconnect' with formal parameter declaration list (VERI-1199) (C:\Users\Jing-XuanTan(i)\Downloads\evsoc-efinity-v2026.1.132\evsoc-efinity-v2026.1.132\cam_single\Ti60F225_dsi\source/axi/axi_interconnect.v:180)
[EFX-0011 VERI-WARNING] parameter 'CL_M_COUNT' becomes localparam in 'axi_interconnect' with formal parameter declaration list (VERI-1199) (C:\Users\Jing-XuanTan(i)\Downloads\evsoc-efinity-v2026.1.132\evsoc-efinity-v2026.1.132\cam_single\Ti60F225_dsi\source/axi/axi_interconnect.v:181)
[EFX-0011 VERI-WARNING] parameter 'AUSER_WIDTH' becomes localparam in 'axi_interconnect' with formal parameter declaration list (VERI-1199) (C:\Users\Jing-XuanTan(i)\Downloads\evsoc-efinity-v2026.1.132\evsoc-efinity-v2026.1.132\cam_single\Ti60F225_dsi\source/axi/axi_interconnect.v:183)
[EFX-0011 VERI-WARNING] parameter 'M_BASE_ADDR_INT' becomes localparam in 'axi_interconnect' with formal parameter declaration list (VERI-1199) (C:\Users\Jing-XuanTan(i)\Downloads\evsoc-efinity-v2026.1.132\evsoc-efinity-v2026.1.132\cam_single\Ti60F225_dsi\source/axi/axi_interconnect.v:202)
[EFX-0011 VERI-WARNING] parameter 'W1' becomes localparam in 'priority_encoder' with formal parameter declaration list (VERI-1199) (C:\Users\Jing-XuanTan(i)\Downloads\evsoc-efinity-v2026.1.132\evsoc-efinity-v2026.1.132\cam_single\Ti60F225_dsi\source/axi/priority_encoder.v:39)
[EFX-0011 VERI-WARNING] parameter 'W2' becomes localparam in 'priority_encoder' with formal parameter declaration list (VERI-1199) (C:\Users\Jing-XuanTan(i)\Downloads\evsoc-efinity-v2026.1.132\evsoc-efinity-v2026.1.132\cam_single\Ti60F225_dsi\source/axi/priority_encoder.v:40)
[EFX-0011 VERI-WARNING] parameter 'X_OUT_RATIO' becomes localparam in 'cam_scaling' with formal parameter declaration list (VERI-1199) (C:\Users\Jing-XuanTan(i)\Downloads\evsoc-efinity-v2026.1.132\evsoc-efinity-v2026.1.132\cam_single\Ti60F225_dsi\source/cam/cam_scaling.v:31)
[EFX-0011 VERI-WARNING] parameter 'X_IN_RATIO' becomes localparam in 'cam_scaling' with formal parameter declaration list (VERI-1199) (C:\Users\Jing-XuanTan(i)\Downloads\evsoc-efinity-v2026.1.132\evsoc-efinity-v2026.1.132\cam_single\Ti60F225_dsi\source/cam/cam_scaling.v:32)
[EFX-0011 VERI-WARNING] parameter 'Y_OUT_RATIO' becomes localparam in 'cam_scaling' with formal parameter declaration list (VERI-1199) (C:\Users\Jing-XuanTan(i)\Downloads\evsoc-efinity-v2026.1.132\evsoc-efinity-v2026.1.132\cam_single\Ti60F225_dsi\source/cam/cam_scaling.v:33)
[EFX-0011 VERI-WARNING] parameter 'Y_IN_RATIO' becomes localparam in 'cam_scaling' with formal parameter declaration list (VERI-1199) (C:\Users\Jing-XuanTan(i)\Downloads\evsoc-efinity-v2026.1.132\evsoc-efinity-v2026.1.132\cam_single\Ti60F225_dsi\source/cam/cam_scaling.v:34)
[EFX-0011 VERI-WARNING] parameter '**' becomes localparam in '**' with formal parameter declaration list (VERI-1199) (C:\Users\Jing-XuanTan(i)\Downloads\evsoc-efinity-v2026.1.132\evsoc-efinity-v2026.1.132\cam_single\Ti60F225_dsi\ip\hbram\hbram.sv:4976)
[EFX-0011 VERI-WARNING] parameter '**' becomes localparam in '**' with formal parameter declaration list (VERI-1199) (C:\Users\Jing-XuanTan(i)\Downloads\evsoc-efinity-v2026.1.132\evsoc-efinity-v2026.1.132\cam_single\Ti60F225_dsi\ip\hbram\hbram.sv:5309)
[EFX-0011 VERI-WARNING] port 'system_spi_0_io_data_2_read' is not connected on this instance (VERI-2435) (C:\Users\Jing-XuanTan(i)\Downloads\evsoc-efinity-v2026.1.132\evsoc-efinity-v2026.1.132\cam_single\Ti60F225_dsi\edge_vision_soc.v:1337)
[EFX-0011 VERI-WARNING] port 'system_spi_0_io_data_2_write' remains unconnected for this instance (VERI-1927) (C:\Users\Jing-XuanTan(i)\Downloads\evsoc-efinity-v2026.1.132\evsoc-efinity-v2026.1.132\cam_single\Ti60F225_dsi\edge_vision_soc.v:1337)
[EFX-0011 VERI-WARNING] port 'dat1_o_tvalid' remains unconnected for this instance (VERI-1927) (C:\Users\Jing-XuanTan(i)\Downloads\evsoc-efinity-v2026.1.132\evsoc-efinity-v2026.1.132\cam_single\Ti60F225_dsi\edge_vision_soc.v:1523)
[EFX-0011 VERI-WARNING] port 'dat1_o_tready' is not connected on this instance (VERI-2435) (C:\Users\Jing-XuanTan(i)\Downloads\evsoc-efinity-v2026.1.132\evsoc-efinity-v2026.1.132\cam_single\Ti60F225_dsi\edge_vision_soc.v:1523)
[EFX-0011 VERI-WARNING] port 's_axi_awuser' remains unconnected for this instance (VERI-1927) (C:\Users\Jing-XuanTan(i)\Downloads\evsoc-efinity-v2026.1.132\evsoc-efinity-v2026.1.132\cam_single\Ti60F225_dsi\edge_vision_soc.v:1652)
[EFX-0011 VERI-WARNING] expression size 32 truncated to fit in target size 8 (VERI-1209) (C:\Users\Jing-XuanTan(i)\Downloads\evsoc-efinity-v2026.1.132\evsoc-efinity-v2026.1.132\cam_single\Ti60F225_dsi\edge_vision_soc.v:728)
[EFX-0011 VERI-WARNING] expression size 32 truncated to fit in target size 8 (VERI-1209) (C:\Users\Jing-XuanTan(i)\Downloads\evsoc-efinity-v2026.1.132\evsoc-efinity-v2026.1.132\cam_single\Ti60F225_dsi\edge_vision_soc.v:729)
[EFX-0011 VERI-WARNING] expression size ** truncated to fit in target size ** (VERI-1209) (C:\Users\Jing-XuanTan(i)\Downloads\evsoc-efinity-v2026.1.132\evsoc-efinity-v2026.1.132\cam_single\Ti60F225_dsi\ip\csi2_rx_cam\csi2_rx_cam.sv:7306)
[EFX-0011 VERI-WARNING] expression size ** truncated to fit in target size ** (VERI-1209) (C:\Users\Jing-XuanTan(i)\Downloads\evsoc-efinity-v2026.1.132\evsoc-efinity-v2026.1.132\cam_single\Ti60F225_dsi\ip\csi2_rx_cam\csi2_rx_cam.sv:4119)
[EFX-0011 VERI-WARNING] assignment and/or driver for '**' inside static function '**' is not preserved (VERI-2457) (C:\Users\Jing-XuanTan(i)\Downloads\evsoc-efinity-v2026.1.132\evsoc-efinity-v2026.1.132\cam_single\Ti60F225_dsi\ip\csi2_rx_cam\csi2_rx_cam.sv:1466)
[EFX-0011 VERI-WARNING] port '**' remains unconnected for this instance (VERI-1927) (C:\Users\Jing-XuanTan(i)\Downloads\evsoc-efinity-v2026.1.132\evsoc-efinity-v2026.1.132\cam_single\Ti60F225_dsi\ip\csi2_rx_cam\csi2_rx_cam.sv:1264)
[EFX-0011 VERI-WARNING] expression size ** truncated to fit in target size ** (VERI-1209) (C:\Users\Jing-XuanTan(i)\Downloads\evsoc-efinity-v2026.1.132\evsoc-efinity-v2026.1.132\cam_single\Ti60F225_dsi\ip\csi2_rx_cam\csi2_rx_cam.sv:1264)
[EFX-0011 VERI-WARNING] expression size ** truncated to fit in target size ** (VERI-1209) (C:\Users\Jing-XuanTan(i)\Downloads\evsoc-efinity-v2026.1.132\evsoc-efinity-v2026.1.132\cam_single\Ti60F225_dsi\ip\csi2_rx_cam\csi2_rx_cam.sv:2711)
[EFX-0011 VERI-WARNING] expression size ** truncated to fit in target size ** (VERI-1209) (C:\Users\Jing-XuanTan(i)\Downloads\evsoc-efinity-v2026.1.132\evsoc-efinity-v2026.1.132\cam_single\Ti60F225_dsi\ip\csi2_rx_cam\csi2_rx_cam.sv:2869)
[EFX-0011 VERI-WARNING] expression size ** truncated to fit in target size ** (VERI-1209) (C:\Users\Jing-XuanTan(i)\Downloads\evsoc-efinity-v2026.1.132\evsoc-efinity-v2026.1.132\cam_single\Ti60F225_dsi\ip\csi2_rx_cam\csi2_rx_cam.sv:1264)
[EFX-0011 VERI-WARNING] port 'rst_busy' remains unconnected for this instance (VERI-1927) (C:\Users\Jing-XuanTan(i)\Downloads\evsoc-efinity-v2026.1.132\evsoc-efinity-v2026.1.132\cam_single\Ti60F225_dsi\source/cam/cam_picam_v2.v:256)
[EFX-0011 VERI-WARNING] port 'rst_busy' remains unconnected for this instance (VERI-1927) (C:\Users\Jing-XuanTan(i)\Downloads\evsoc-efinity-v2026.1.132\evsoc-efinity-v2026.1.132\cam_single\Ti60F225_dsi\source/cam/cam_picam_v2.v:484)
[EFX-0011 VERI-WARNING] port 'a_wr_rst_i' remains unconnected for this instance (VERI-1927) (C:\Users\Jing-XuanTan(i)\Downloads\evsoc-efinity-v2026.1.132\evsoc-efinity-v2026.1.132\cam_single\Ti60F225_dsi\ip\cam_pixel_remap_fifo\cam_pixel_remap_fifo.sv:110)
[EFX-0011 VERI-WARNING] input port 'a_wr_rst_i' is not connected on this instance (VDB-1013) (C:\Users\Jing-XuanTan(i)\Downloads\evsoc-efinity-v2026.1.132\evsoc-efinity-v2026.1.132\cam_single\Ti60F225_dsi\ip\cam_pixel_remap_fifo\cam_pixel_remap_fifo.sv:92)
[EFX-0011 VERI-WARNING] expression size 32 truncated to fit in target size 11 (VERI-1209) (C:\Users\Jing-XuanTan(i)\Downloads\evsoc-efinity-v2026.1.132\evsoc-efinity-v2026.1.132\cam_single\Ti60F225_dsi\source/cam/cam_crop.v:82)
[EFX-0011 VERI-WARNING] port 'a_wr_rst_i' remains unconnected for this instance (VERI-1927) (C:\Users\Jing-XuanTan(i)\Downloads\evsoc-efinity-v2026.1.132\evsoc-efinity-v2026.1.132\cam_single\Ti60F225_dsi\ip\cam_dma_fifo\cam_dma_fifo.sv:110)
[EFX-0011 VERI-WARNING] input port 'a_wr_rst_i' is not connected on this instance (VDB-1013) (C:\Users\Jing-XuanTan(i)\Downloads\evsoc-efinity-v2026.1.132\evsoc-efinity-v2026.1.132\cam_single\Ti60F225_dsi\ip\cam_dma_fifo\cam_dma_fifo.sv:92)
[EFX-0011 VERI-WARNING] actual bit length 32 differs from formal bit length 1 for port 'i_dbg_we' (VERI-1330) (C:\Users\Jing-XuanTan(i)\Downloads\evsoc-efinity-v2026.1.132\evsoc-efinity-v2026.1.132\cam_single\Ti60F225_dsi\edge_vision_soc.v:947)
[EFX-0011 VERI-WARNING] actual bit length 32 differs from formal bit length 40 for port 'i_dbg_din' (VERI-1330) (C:\Users\Jing-XuanTan(i)\Downloads\evsoc-efinity-v2026.1.132\evsoc-efinity-v2026.1.132\cam_single\Ti60F225_dsi\edge_vision_soc.v:948)
[EFX-0011 VERI-WARNING] actual bit length 32 differs from formal bit length 9 for port 'i_dbg_addr' (VERI-1330) (C:\Users\Jing-XuanTan(i)\Downloads\evsoc-efinity-v2026.1.132\evsoc-efinity-v2026.1.132\cam_single\Ti60F225_dsi\edge_vision_soc.v:949)
[EFX-0011 VERI-WARNING] actual bit length 32 differs from formal bit length 1 for port 'i_dbg_reconfig' (VERI-1330) (C:\Users\Jing-XuanTan(i)\Downloads\evsoc-efinity-v2026.1.132\evsoc-efinity-v2026.1.132\cam_single\Ti60F225_dsi\edge_vision_soc.v:951)
[EFX-0011 VERI-WARNING] port 'rst_busy' remains unconnected for this instance (VERI-1927) (C:\Users\Jing-XuanTan(i)\Downloads\evsoc-efinity-v2026.1.132\evsoc-efinity-v2026.1.132\cam_single\Ti60F225_dsi\source/display/dsi/display_dsi.v:265)
[EFX-0011 VERI-WARNING] actual bit length 11 differs from formal bit length 14 for port 'out_x' (VERI-1330) (C:\Users\Jing-XuanTan(i)\Downloads\evsoc-efinity-v2026.1.132\evsoc-efinity-v2026.1.132\cam_single\Ti60F225_dsi\source/display/dsi/display_dsi.v:127)
[EFX-0011 VERI-WARNING] actual bit length 11 differs from formal bit length 12 for port 'out_y' (VERI-1330) (C:\Users\Jing-XuanTan(i)\Downloads\evsoc-efinity-v2026.1.132\evsoc-efinity-v2026.1.132\cam_single\Ti60F225_dsi\source/display/dsi/display_dsi.v:128)
[EFX-0011 VERI-WARNING] expression size 16 truncated to fit in target size 8 (VERI-1209) (C:\Users\Jing-XuanTan(i)\Downloads\evsoc-efinity-v2026.1.132\evsoc-efinity-v2026.1.132\cam_single\Ti60F225_dsi\source/cam/scale_up_2x_nn.v:127)
[EFX-0011 VERI-WARNING] expression size 16 truncated to fit in target size 8 (VERI-1209) (C:\Users\Jing-XuanTan(i)\Downloads\evsoc-efinity-v2026.1.132\evsoc-efinity-v2026.1.132\cam_single\Ti60F225_dsi\source/cam/scale_up_2x_nn.v:128)
[EFX-0011 VERI-WARNING] expression size 16 truncated to fit in target size 8 (VERI-1209) (C:\Users\Jing-XuanTan(i)\Downloads\evsoc-efinity-v2026.1.132\evsoc-efinity-v2026.1.132\cam_single\Ti60F225_dsi\source/cam/scale_up_2x_nn.v:129)
[EFX-0011 VERI-WARNING] port 'a_wr_rst_i' remains unconnected for this instance (VERI-1927) (C:\Users\Jing-XuanTan(i)\Downloads\evsoc-efinity-v2026.1.132\evsoc-efinity-v2026.1.132\cam_single\Ti60F225_dsi\ip\display_dma_fifo\display_dma_fifo.sv:110)
[EFX-0011 VERI-WARNING] input port 'a_wr_rst_i' is not connected on this instance (VDB-1013) (C:\Users\Jing-XuanTan(i)\Downloads\evsoc-efinity-v2026.1.132\evsoc-efinity-v2026.1.132\cam_single\Ti60F225_dsi\ip\display_dma_fifo\display_dma_fifo.sv:92)
[EFX-0011 VERI-WARNING] actual bit length 10 differs from formal bit length 11 for port 'datacount_o' (VERI-1330) (C:\Users\Jing-XuanTan(i)\Downloads\evsoc-efinity-v2026.1.132\evsoc-efinity-v2026.1.132\cam_single\Ti60F225_dsi\source/display/dsi/display_dsi.v:264)
[EFX-0011 VERI-WARNING] port '**' remains unconnected for this instance (VERI-1927) (C:\Users\Jing-XuanTan(i)\Downloads\evsoc-efinity-v2026.1.132\evsoc-efinity-v2026.1.132\cam_single\Ti60F225_dsi\ip\dsi_tx_display\dsi_tx_display.sv:5436)
[EFX-0011 VERI-WARNING] assignment and/or driver for '**' inside static function '**' is not preserved (VERI-2457) (C:\Users\Jing-XuanTan(i)\Downloads\evsoc-efinity-v2026.1.132\evsoc-efinity-v2026.1.132\cam_single\Ti60F225_dsi\ip\dsi_tx_display\dsi_tx_display.sv:2885)
[EFX-0011 VERI-WARNING] port '**' remains unconnected for this instance (VERI-1927) (C:\Users\Jing-XuanTan(i)\Downloads\evsoc-efinity-v2026.1.132\evsoc-efinity-v2026.1.132\cam_single\Ti60F225_dsi\ip\dsi_tx_display\dsi_tx_display.sv:5689)
[EFX-0011 VERI-WARNING] expression size ** truncated to fit in target size ** (VERI-1209) (C:\Users\Jing-XuanTan(i)\Downloads\evsoc-efinity-v2026.1.132\evsoc-efinity-v2026.1.132\cam_single\Ti60F225_dsi\ip\dsi_tx_display\dsi_tx_display.sv:5689)
[EFX-0011 VERI-WARNING] expression size ** truncated to fit in target size ** (VERI-1209) (C:\Users\Jing-XuanTan(i)\Downloads\evsoc-efinity-v2026.1.132\evsoc-efinity-v2026.1.132\cam_single\Ti60F225_dsi\ip\dsi_tx_display\dsi_tx_display.sv:7297)
[EFX-0011 VERI-WARNING] port '**' remains unconnected for this instance (VERI-1927) (C:\Users\Jing-XuanTan(i)\Downloads\evsoc-efinity-v2026.1.132\evsoc-efinity-v2026.1.132\cam_single\Ti60F225_dsi\ip\dsi_tx_display\dsi_tx_display.sv:1596)
[EFX-0011 VERI-WARNING] expression size ** truncated to fit in target size ** (VERI-1209) (C:\Users\Jing-XuanTan(i)\Downloads\evsoc-efinity-v2026.1.132\evsoc-efinity-v2026.1.132\cam_single\Ti60F225_dsi\ip\dsi_tx_display\dsi_tx_display.sv:1596)
[EFX-0011 VERI-WARNING] port '**' remains unconnected for this instance (VERI-1927) (C:\Users\Jing-XuanTan(i)\Downloads\evsoc-efinity-v2026.1.132\evsoc-efinity-v2026.1.132\cam_single\Ti60F225_dsi\ip\dsi_tx_display\dsi_tx_display.sv:2500)
[EFX-0011 VERI-WARNING] expression size ** truncated to fit in target size ** (VERI-1209) (C:\Users\Jing-XuanTan(i)\Downloads\evsoc-efinity-v2026.1.132\evsoc-efinity-v2026.1.132\cam_single\Ti60F225_dsi\ip\dsi_tx_display\dsi_tx_display.sv:2500)
[EFX-0011 VERI-WARNING] assignment and/or driver for '**' inside static function '**' is not preserved (VERI-2457) (C:\Users\Jing-XuanTan(i)\Downloads\evsoc-efinity-v2026.1.132\evsoc-efinity-v2026.1.132\cam_single\Ti60F225_dsi\ip\dsi_tx_display\dsi_tx_display.sv:3474)
[EFX-0011 VERI-WARNING] actual bit length 32 differs from formal bit length 16 for port 'haddr' (VERI-1330) (C:\Users\Jing-XuanTan(i)\Downloads\evsoc-efinity-v2026.1.132\evsoc-efinity-v2026.1.132\cam_single\Ti60F225_dsi\edge_vision_soc.v:1081)
[EFX-0011 VERI-WARNING] port 'ram_clk_cal_2' is not connected on this instance (VERI-2435) (C:\Users\Jing-XuanTan(i)\Downloads\evsoc-efinity-v2026.1.132\evsoc-efinity-v2026.1.132\cam_single\Ti60F225_dsi\ip\hbram\hbram.sv:200)
[EFX-0011 VERI-WARNING] port 'native_clk' remains unconnected for this instance (VERI-1927) (C:\Users\Jing-XuanTan(i)\Downloads\evsoc-efinity-v2026.1.132\evsoc-efinity-v2026.1.132\cam_single\Ti60F225_dsi\ip\hbram\hbram.sv:200)
[EFX-0011 VERI-WARNING] port '**' remains unconnected for this instance (VERI-1927) (C:\Users\Jing-XuanTan(i)\Downloads\evsoc-efinity-v2026.1.132\evsoc-efinity-v2026.1.132\cam_single\Ti60F225_dsi\ip\hbram\hbram.sv:1134)
[EFX-0011 VERI-WARNING] expression size 32 truncated to fit in target size 9 (VERI-1209) (C:\Users\Jing-XuanTan(i)\Downloads\evsoc-efinity-v2026.1.132\evsoc-efinity-v2026.1.132\cam_single\Ti60F225_dsi\ip\hbram\hbram.sv:5791)
[EFX-0011 VERI-WARNING] expression size 32 truncated to fit in target size 11 (VERI-1209) (C:\Users\Jing-XuanTan(i)\Downloads\evsoc-efinity-v2026.1.132\evsoc-efinity-v2026.1.132\cam_single\Ti60F225_dsi\ip\hbram\hbram.sv:5792)
[EFX-0011 VERI-WARNING] expression size ** truncated to fit in target size ** (VERI-1209) (C:\Users\Jing-XuanTan(i)\Downloads\evsoc-efinity-v2026.1.132\evsoc-efinity-v2026.1.132\cam_single\Ti60F225_dsi\ip\hbram\hbram.sv:1134)
[EFX-0011 VERI-WARNING] expression size 32 truncated to fit in target size 11 (VERI-1209) (C:\Users\Jing-XuanTan(i)\Downloads\evsoc-efinity-v2026.1.132\evsoc-efinity-v2026.1.132\cam_single\Ti60F225_dsi\ip\hbram\hbram.sv:5806)
[EFX-0011 VERI-WARNING] expression size 32 truncated to fit in target size 9 (VERI-1209) (C:\Users\Jing-XuanTan(i)\Downloads\evsoc-efinity-v2026.1.132\evsoc-efinity-v2026.1.132\cam_single\Ti60F225_dsi\ip\hbram\hbram.sv:5807)
[EFX-0011 VERI-WARNING] expression size ** truncated to fit in target size ** (VERI-1209) (C:\Users\Jing-XuanTan(i)\Downloads\evsoc-efinity-v2026.1.132\evsoc-efinity-v2026.1.132\cam_single\Ti60F225_dsi\ip\hbram\hbram.sv:5309)
[EFX-0011 VERI-WARNING] actual bit length ** differs from formal bit length *** for port '**' (VERI-1330) (C:\Users\Jing-XuanTan(i)\Downloads\evsoc-efinity-v2026.1.132\evsoc-efinity-v2026.1.132\cam_single\Ti60F225_dsi\ip\hbram\hbram.sv:1946)
[EFX-0011 VERI-WARNING] expression size ** truncated to fit in target size ** (VERI-1209) (C:\Users\Jing-XuanTan(i)\Downloads\evsoc-efinity-v2026.1.132\evsoc-efinity-v2026.1.132\cam_single\Ti60F225_dsi\ip\hbram\hbram.sv:3545)
[EFX-0011 VERI-WARNING] actual bit length ** differs from formal bit length *** for port '**' (VERI-1330) (C:\Users\Jing-XuanTan(i)\Downloads\evsoc-efinity-v2026.1.132\evsoc-efinity-v2026.1.132\cam_single\Ti60F225_dsi\ip\hbram\hbram.sv:2351)
[EFX-0011 VERI-WARNING] expression size ** truncated to fit in target size ** (VERI-1209) (C:\Users\Jing-XuanTan(i)\Downloads\evsoc-efinity-v2026.1.132\evsoc-efinity-v2026.1.132\cam_single\Ti60F225_dsi\ip\hbram\hbram.sv:4591)
[EFX-0011 VERI-WARNING] input port 'ram_clk_cal_2' remains unconnected for this instance (VDB-1053) (C:\Users\Jing-XuanTan(i)\Downloads\evsoc-efinity-v2026.1.132\evsoc-efinity-v2026.1.132\cam_single\Ti60F225_dsi\ip\hbram\hbram.sv:147)
[EFX-0011 VERI-WARNING] input port 'native_clk' is not connected on this instance (VDB-1013) (C:\Users\Jing-XuanTan(i)\Downloads\evsoc-efinity-v2026.1.132\evsoc-efinity-v2026.1.132\cam_single\Ti60F225_dsi\ip\hbram\hbram.sv:147)
[EFX-0011 VERI-WARNING] system task 'display' is ignored for synthesis (VERI-1142) (C:\Users\Jing-XuanTan(i)\Downloads\evsoc-efinity-v2026.1.132\evsoc-efinity-v2026.1.132\cam_single\Ti60F225_dsi\ip\SapphireSoc\SapphireSoc.v:24200)
[EFX-0011 VERI-WARNING] net 'IBusCachedPlugin_cache_io_cpu_fetch_isRemoved' does not have a driver (VDB-1002) (C:\Users\Jing-XuanTan(i)\Downloads\evsoc-efinity-v2026.1.132\evsoc-efinity-v2026.1.132\cam_single\Ti60F225_dsi\ip\SapphireSoc\SapphireSoc.v:14091)
[EFX-0011 VERI-WARNING] net 'dataCache_1_io_cpu_writeBack_fence_SW' does not have a driver (VDB-1002) (C:\Users\Jing-XuanTan(i)\Downloads\evsoc-efinity-v2026.1.132\evsoc-efinity-v2026.1.132\cam_single\Ti60F225_dsi\ip\SapphireSoc\SapphireSoc.v:14104)
[EFX-0011 VERI-WARNING] net 'dataCache_1_io_cpu_writeBack_fence_SR' does not have a driver (VDB-1002) (C:\Users\Jing-XuanTan(i)\Downloads\evsoc-efinity-v2026.1.132\evsoc-efinity-v2026.1.132\cam_single\Ti60F225_dsi\ip\SapphireSoc\SapphireSoc.v:14105)
[EFX-0011 VERI-WARNING] net 'dataCache_1_io_cpu_writeBack_fence_SO' does not have a driver (VDB-1002) (C:\Users\Jing-XuanTan(i)\Downloads\evsoc-efinity-v2026.1.132\evsoc-efinity-v2026.1.132\cam_single\Ti60F225_dsi\ip\SapphireSoc\SapphireSoc.v:14106)
[EFX-0011 VERI-WARNING] net 'dataCache_1_io_cpu_writeBack_fence_SI' does not have a driver (VDB-1002) (C:\Users\Jing-XuanTan(i)\Downloads\evsoc-efinity-v2026.1.132\evsoc-efinity-v2026.1.132\cam_single\Ti60F225_dsi\ip\SapphireSoc\SapphireSoc.v:14107)
[EFX-0011 VERI-WARNING] net 'dataCache_1_io_cpu_writeBack_fence_PW' does not have a driver (VDB-1002) (C:\Users\Jing-XuanTan(i)\Downloads\evsoc-efinity-v2026.1.132\evsoc-efinity-v2026.1.132\cam_single\Ti60F225_dsi\ip\SapphireSoc\SapphireSoc.v:14108)
[EFX-0011 VERI-WARNING] net 'dataCache_1_io_cpu_writeBack_fence_PR' does not have a driver (VDB-1002) (C:\Users\Jing-XuanTan(i)\Downloads\evsoc-efinity-v2026.1.132\evsoc-efinity-v2026.1.132\cam_single\Ti60F225_dsi\ip\SapphireSoc\SapphireSoc.v:14109)
[EFX-0011 VERI-WARNING] net 'dataCache_1_io_cpu_writeBack_fence_PO' does not have a driver (VDB-1002) (C:\Users\Jing-XuanTan(i)\Downloads\evsoc-efinity-v2026.1.132\evsoc-efinity-v2026.1.132\cam_single\Ti60F225_dsi\ip\SapphireSoc\SapphireSoc.v:14110)
[EFX-0011 VERI-WARNING] net 'dataCache_1_io_cpu_writeBack_fence_PI' does not have a driver (VDB-1002) (C:\Users\Jing-XuanTan(i)\Downloads\evsoc-efinity-v2026.1.132\evsoc-efinity-v2026.1.132\cam_single\Ti60F225_dsi\ip\SapphireSoc\SapphireSoc.v:14111)
[EFX-0011 VERI-WARNING] net 'dataCache_1_io_cpu_writeBack_fence_FM[3]' does not have a driver (VDB-1002) (C:\Users\Jing-XuanTan(i)\Downloads\evsoc-efinity-v2026.1.132\evsoc-efinity-v2026.1.132\cam_single\Ti60F225_dsi\ip\SapphireSoc\SapphireSoc.v:14112)
[EFX-0011 VERI-WARNING] net 'IBusCachedPlugin_mmuBus_rsp_bypassTranslation' does not have a driver (VDB-1002) (C:\Users\Jing-XuanTan(i)\Downloads\evsoc-efinity-v2026.1.132\evsoc-efinity-v2026.1.132\cam_single\Ti60F225_dsi\ip\SapphireSoc\SapphireSoc.v:14619)
[EFX-0011 VERI-WARNING] net 'DBusCachedPlugin_mmuBus_rsp_bypassTranslation' does not have a driver (VDB-1002) (C:\Users\Jing-XuanTan(i)\Downloads\evsoc-efinity-v2026.1.132\evsoc-efinity-v2026.1.132\cam_single\Ti60F225_dsi\ip\SapphireSoc\SapphireSoc.v:14645)
[EFX-0011 VERI-WARNING] net 'IBusCachedPlugin_iBusRsp_output_payload_rsp_error' does not have a driver (VDB-1002) (C:\Users\Jing-XuanTan(i)\Downloads\evsoc-efinity-v2026.1.132\evsoc-efinity-v2026.1.132\cam_single\Ti60F225_dsi\ip\SapphireSoc\SapphireSoc.v:14753)
[EFX-0011 VERI-WARNING] net 'IBusCachedPlugin_iBusRsp_output_payload_isRvc' does not have a driver (VDB-1002) (C:\Users\Jing-XuanTan(i)\Downloads\evsoc-efinity-v2026.1.132\evsoc-efinity-v2026.1.132\cam_single\Ti60F225_dsi\ip\SapphireSoc\SapphireSoc.v:14755)
[EFX-0011 VERI-WARNING] net 'CsrPlugin_mtvec_mode[1]' does not have a driver (VDB-1002) (C:\Users\Jing-XuanTan(i)\Downloads\evsoc-efinity-v2026.1.132\evsoc-efinity-v2026.1.132\cam_single\Ti60F225_dsi\ip\SapphireSoc\SapphireSoc.v:14989)
[EFX-0011 VERI-WARNING] system function call 'urandom' is not supported (VERI-1141) (C:\Users\Jing-XuanTan(i)\Downloads\evsoc-efinity-v2026.1.132\evsoc-efinity-v2026.1.132\cam_single\Ti60F225_dsi\ip\SapphireSoc\SapphireSoc.v:23325)
[EFX-0011 VERI-WARNING] system function call 'urandom' is not supported (VERI-1141) (C:\Users\Jing-XuanTan(i)\Downloads\evsoc-efinity-v2026.1.132\evsoc-efinity-v2026.1.132\cam_single\Ti60F225_dsi\ip\SapphireSoc\SapphireSoc.v:23326)
[EFX-0011 VERI-WARNING] system function call 'urandom' is not supported (VERI-1141) (C:\Users\Jing-XuanTan(i)\Downloads\evsoc-efinity-v2026.1.132\evsoc-efinity-v2026.1.132\cam_single\Ti60F225_dsi\ip\SapphireSoc\SapphireSoc.v:25602)
[EFX-0011 VERI-WARNING] system function call 'urandom' is not supported (VERI-1141) (C:\Users\Jing-XuanTan(i)\Downloads\evsoc-efinity-v2026.1.132\evsoc-efinity-v2026.1.132\cam_single\Ti60F225_dsi\ip\SapphireSoc\SapphireSoc.v:25603)
[EFX-0011 VERI-WARNING] system function call 'urandom' is not supported (VERI-1141) (C:\Users\Jing-XuanTan(i)\Downloads\evsoc-efinity-v2026.1.132\evsoc-efinity-v2026.1.132\cam_single\Ti60F225_dsi\ip\SapphireSoc\SapphireSoc.v:6383)
[EFX-0011 VERI-WARNING] system function call 'urandom' is not supported (VERI-1141) (C:\Users\Jing-XuanTan(i)\Downloads\evsoc-efinity-v2026.1.132\evsoc-efinity-v2026.1.132\cam_single\Ti60F225_dsi\ip\SapphireSoc\SapphireSoc.v:6384)
[EFX-0011 VERI-WARNING] port 'rst_busy' remains unconnected for this instance (VERI-1927) (C:\Users\Jing-XuanTan(i)\Downloads\evsoc-efinity-v2026.1.132\evsoc-efinity-v2026.1.132\cam_single\Ti60F225_dsi\source/hw_accel/hw_accel_wrapper.v:217)
[EFX-0011 VERI-WARNING] port 'rst_busy' remains unconnected for this instance (VERI-1927) (C:\Users\Jing-XuanTan(i)\Downloads\evsoc-efinity-v2026.1.132\evsoc-efinity-v2026.1.132\cam_single\Ti60F225_dsi\source/hw_accel/hw_accel_wrapper.v:243)
[EFX-0011 VERI-WARNING] port 'a_wr_rst_i' remains unconnected for this instance (VERI-1927) (C:\Users\Jing-XuanTan(i)\Downloads\evsoc-efinity-v2026.1.132\evsoc-efinity-v2026.1.132\cam_single\Ti60F225_dsi\ip\hw_accel_dma_in_fifo\hw_accel_dma_in_fifo.sv:112)
[EFX-0011 VERI-WARNING] input port 'a_wr_rst_i' is not connected on this instance (VDB-1013) (C:\Users\Jing-XuanTan(i)\Downloads\evsoc-efinity-v2026.1.132\evsoc-efinity-v2026.1.132\cam_single\Ti60F225_dsi\ip\hw_accel_dma_in_fifo\hw_accel_dma_in_fifo.sv:93)
[EFX-0011 VERI-WARNING] port 'a_wr_rst_i' remains unconnected for this instance (VERI-1927) (C:\Users\Jing-XuanTan(i)\Downloads\evsoc-efinity-v2026.1.132\evsoc-efinity-v2026.1.132\cam_single\Ti60F225_dsi\ip\hw_accel_dma_out_fifo\hw_accel_dma_out_fifo.sv:112)
[EFX-0011 VERI-WARNING] input port 'a_wr_rst_i' is not connected on this instance (VDB-1013) (C:\Users\Jing-XuanTan(i)\Downloads\evsoc-efinity-v2026.1.132\evsoc-efinity-v2026.1.132\cam_single\Ti60F225_dsi\ip\hw_accel_dma_out_fifo\hw_accel_dma_out_fifo.sv:93)
[EFX-0011 VERI-WARNING] system function call 'urandom' is not supported (VERI-1141) (C:\Users\Jing-XuanTan(i)\Downloads\evsoc-efinity-v2026.1.132\evsoc-efinity-v2026.1.132\cam_single\Ti60F225_dsi\ip\dma\dma.v:13453)
[EFX-0011 VERI-WARNING] system function call 'urandom' is not supported (VERI-1141) (C:\Users\Jing-XuanTan(i)\Downloads\evsoc-efinity-v2026.1.132\evsoc-efinity-v2026.1.132\cam_single\Ti60F225_dsi\ip\dma\dma.v:13454)
[EFX-0011 VERI-WARNING] system function call 'urandom' is not supported (VERI-1141) (C:\Users\Jing-XuanTan(i)\Downloads\evsoc-efinity-v2026.1.132\evsoc-efinity-v2026.1.132\cam_single\Ti60F225_dsi\ip\dma\dma.v:13455)
[EFX-0011 VERI-WARNING] system function call 'urandom' is not supported (VERI-1141) (C:\Users\Jing-XuanTan(i)\Downloads\evsoc-efinity-v2026.1.132\evsoc-efinity-v2026.1.132\cam_single\Ti60F225_dsi\ip\dma\dma.v:13456)
[EFX-0011 VERI-WARNING] system function call 'urandom' is not supported (VERI-1141) (C:\Users\Jing-XuanTan(i)\Downloads\evsoc-efinity-v2026.1.132\evsoc-efinity-v2026.1.132\cam_single\Ti60F225_dsi\ip\dma\dma.v:13457)
[EFX-0011 VERI-WARNING] actual bit length 16 differs from formal bit length 14 for port 'ctrl_PADDR' (VERI-1330) (C:\Users\Jing-XuanTan(i)\Downloads\evsoc-efinity-v2026.1.132\evsoc-efinity-v2026.1.132\cam_single\Ti60F225_dsi\edge_vision_soc.v:1439)
[EFX-0011 VERI-WARNING] system task 'display' is ignored for synthesis (VERI-1142) (C:\Users\Jing-XuanTan(i)\Downloads\evsoc-efinity-v2026.1.132\evsoc-efinity-v2026.1.132\cam_single\Ti60F225_dsi\source/axi/axi_interconnect.v:220)
[EFX-0011 VERI-WARNING] system task 'display' is ignored for synthesis (VERI-1142) (C:\Users\Jing-XuanTan(i)\Downloads\evsoc-efinity-v2026.1.132\evsoc-efinity-v2026.1.132\cam_single\Ti60F225_dsi\source/axi/axi_interconnect.v:223)
[EFX-0011 VERI-WARNING] expression size 32 truncated to fit in target size 2 (VERI-1209) (C:\Users\Jing-XuanTan(i)\Downloads\evsoc-efinity-v2026.1.132\evsoc-efinity-v2026.1.132\cam_single\Ti60F225_dsi\source/axi/priority_encoder.v:89)
[EFX-0011 VERI-WARNING] expression size 32 truncated to fit in target size 4 (VERI-1209) (C:\Users\Jing-XuanTan(i)\Downloads\evsoc-efinity-v2026.1.132\evsoc-efinity-v2026.1.132\cam_single\Ti60F225_dsi\source/axi/priority_encoder.v:89)
[EFX-0011 VERI-WARNING] right shift count >= width of value (VERI-1959) (C:\Users\Jing-XuanTan(i)\Downloads\evsoc-efinity-v2026.1.132\evsoc-efinity-v2026.1.132\cam_single\Ti60F225_dsi\source/axi/axi_interconnect.v:566)
[EFX-0011 VERI-WARNING] expression size 32 truncated to fit in target size 8 (VERI-1209) (C:\Users\Jing-XuanTan(i)\Downloads\evsoc-efinity-v2026.1.132\evsoc-efinity-v2026.1.132\cam_single\Ti60F225_dsi\source/axi/axi_interconnect.v:689)
[EFX-0011 VERI-WARNING] input port 'Rx_HS_D_2[7]' remains unconnected for this instance (VDB-1053) (C:\Users\Jing-XuanTan(i)\Downloads\evsoc-efinity-v2026.1.132\evsoc-efinity-v2026.1.132\cam_single\Ti60F225_dsi\edge_vision_soc.v:766)
[EFX-0011 VERI-WARNING] input port 'system_spi_0_io_data_2_read' remains unconnected for this instance (VDB-1053) (C:\Users\Jing-XuanTan(i)\Downloads\evsoc-efinity-v2026.1.132\evsoc-efinity-v2026.1.132\cam_single\Ti60F225_dsi\edge_vision_soc.v:1205)
[EFX-0011 VERI-WARNING] input port 'dat1_o_tready' remains unconnected for this instance (VDB-1053) (C:\Users\Jing-XuanTan(i)\Downloads\evsoc-efinity-v2026.1.132\evsoc-efinity-v2026.1.132\cam_single\Ti60F225_dsi\edge_vision_soc.v:1434)
[EFX-0011 VERI-WARNING] input port 's_axi_awuser[1]' remains unconnected for this instance (VDB-1053) (C:\Users\Jing-XuanTan(i)\Downloads\evsoc-efinity-v2026.1.132\evsoc-efinity-v2026.1.132\cam_single\Ti60F225_dsi\edge_vision_soc.v:1571)
[EFX-0200 WARNING] Removing redundant signal : Rx_HS_D_2[7:0]. (C:\Users\Jing-XuanTan(i)\Downloads\evsoc-efinity-v2026.1.132\evsoc-efinity-v2026.1.132\cam_single\Ti60F225_dsi\ip\csi2_rx_cam\csi2_rx_cam.sv:6307)
[EFX-0200 WARNING] Removing redundant signal : Rx_HS_D_3[7:0]. (C:\Users\Jing-XuanTan(i)\Downloads\evsoc-efinity-v2026.1.132\evsoc-efinity-v2026.1.132\cam_single\Ti60F225_dsi\ip\csi2_rx_cam\csi2_rx_cam.sv:6307)
[EFX-0200 WARNING] Removing redundant signal : Rx_HS_D_4[7:0]. (C:\Users\Jing-XuanTan(i)\Downloads\evsoc-efinity-v2026.1.132\evsoc-efinity-v2026.1.132\cam_single\Ti60F225_dsi\ip\csi2_rx_cam\csi2_rx_cam.sv:6307)
[EFX-0200 WARNING] Removing redundant signal : Rx_HS_D_5[7:0]. (C:\Users\Jing-XuanTan(i)\Downloads\evsoc-efinity-v2026.1.132\evsoc-efinity-v2026.1.132\cam_single\Ti60F225_dsi\ip\csi2_rx_cam\csi2_rx_cam.sv:6307)
[EFX-0200 WARNING] Removing redundant signal : Rx_HS_D_6[7:0]. (C:\Users\Jing-XuanTan(i)\Downloads\evsoc-efinity-v2026.1.132\evsoc-efinity-v2026.1.132\cam_single\Ti60F225_dsi\ip\csi2_rx_cam\csi2_rx_cam.sv:6307)
[EFX-0200 WARNING] Removing redundant signal : Rx_HS_D_7[7:0]. (C:\Users\Jing-XuanTan(i)\Downloads\evsoc-efinity-v2026.1.132\evsoc-efinity-v2026.1.132\cam_single\Ti60F225_dsi\ip\csi2_rx_cam\csi2_rx_cam.sv:6307)
[EFX-0200 WARNING] Removing redundant signal : u_dly_enable_D[1:0]. (C:\Users\Jing-XuanTan(i)\Downloads\evsoc-efinity-v2026.1.132\evsoc-efinity-v2026.1.132\cam_single\Ti60F225_dsi\ip\csi2_rx_cam\csi2_rx_cam.sv:6307)
[EFX-0200 WARNING] Removing redundant signal : u_dly_inc_D[1:0]. (C:\Users\Jing-XuanTan(i)\Downloads\evsoc-efinity-v2026.1.132\evsoc-efinity-v2026.1.132\cam_single\Ti60F225_dsi\ip\csi2_rx_cam\csi2_rx_cam.sv:6307)
[EFX-0200 WARNING] Removing redundant signal : axi_awaddr[1:0]. (C:\Users\Jing-XuanTan(i)\Downloads\evsoc-efinity-v2026.1.132\evsoc-efinity-v2026.1.132\cam_single\Ti60F225_dsi\ip\csi2_rx_cam\csi2_rx_cam.sv:5564)
[EFX-0200 WARNING] Removing redundant signal : axi_araddr[1:0]. (C:\Users\Jing-XuanTan(i)\Downloads\evsoc-efinity-v2026.1.132\evsoc-efinity-v2026.1.132\cam_single\Ti60F225_dsi\ip\csi2_rx_cam\csi2_rx_cam.sv:5564)
[EFX-0200 WARNING] Removing redundant signal : loc_rdata[31:0]. (C:\Users\Jing-XuanTan(i)\Downloads\evsoc-efinity-v2026.1.132\evsoc-efinity-v2026.1.132\cam_single\Ti60F225_dsi\ip\csi2_rx_cam\csi2_rx_cam.sv:5564)
[EFX-0200 WARNING] Removing redundant signal : nextCRC16_D16.fcrc[15:0]. (C:\Users\Jing-XuanTan(i)\Downloads\evsoc-efinity-v2026.1.132\evsoc-efinity-v2026.1.132\cam_single\Ti60F225_dsi\ip\csi2_rx_cam\csi2_rx_cam.sv:1466)
[EFX-0200 WARNING] Removing redundant signal : nextCRC16_D16.Data[15:0]. (C:\Users\Jing-XuanTan(i)\Downloads\evsoc-efinity-v2026.1.132\evsoc-efinity-v2026.1.132\cam_single\Ti60F225_dsi\ip\csi2_rx_cam\csi2_rx_cam.sv:1466)
[EFX-0200 WARNING] Removing redundant signal : nextCRC16_D16[15:0]. (C:\Users\Jing-XuanTan(i)\Downloads\evsoc-efinity-v2026.1.132\evsoc-efinity-v2026.1.132\cam_single\Ti60F225_dsi\ip\csi2_rx_cam\csi2_rx_cam.sv:1466)
[EFX-0200 WARNING] Removing redundant signal : nextCRC16_D16.c[15:0]. (C:\Users\Jing-XuanTan(i)\Downloads\evsoc-efinity-v2026.1.132\evsoc-efinity-v2026.1.132\cam_single\Ti60F225_dsi\ip\csi2_rx_cam\csi2_rx_cam.sv:1466)
[EFX-0200 WARNING] Removing redundant signal : nextCRC16_D16.d[15:0]. (C:\Users\Jing-XuanTan(i)\Downloads\evsoc-efinity-v2026.1.132\evsoc-efinity-v2026.1.132\cam_single\Ti60F225_dsi\ip\csi2_rx_cam\csi2_rx_cam.sv:1466)
[EFX-0200 WARNING] Removing redundant signal : nextCRC16_D16.newcrc[15:0]. (C:\Users\Jing-XuanTan(i)\Downloads\evsoc-efinity-v2026.1.132\evsoc-efinity-v2026.1.132\cam_single\Ti60F225_dsi\ip\csi2_rx_cam\csi2_rx_cam.sv:1466)
[EFX-0200 WARNING] Removing redundant signal : nextCRC16_D8[15:0]. (C:\Users\Jing-XuanTan(i)\Downloads\evsoc-efinity-v2026.1.132\evsoc-efinity-v2026.1.132\cam_single\Ti60F225_dsi\ip\csi2_rx_cam\csi2_rx_cam.sv:1466)
[EFX-0200 WARNING] Removing redundant signal : nextCRC16_D8.Data[7:0]. (C:\Users\Jing-XuanTan(i)\Downloads\evsoc-efinity-v2026.1.132\evsoc-efinity-v2026.1.132\cam_single\Ti60F225_dsi\ip\csi2_rx_cam\csi2_rx_cam.sv:1466)
[EFX-0200 WARNING] Removing redundant signal : nextCRC16_D8.fcrc[15:0]. (C:\Users\Jing-XuanTan(i)\Downloads\evsoc-efinity-v2026.1.132\evsoc-efinity-v2026.1.132\cam_single\Ti60F225_dsi\ip\csi2_rx_cam\csi2_rx_cam.sv:1466)
[EFX-0201 WARNING] Re-wiring to GND non-driven net/port 'a_wr_rst_i' in module 'efx_fifo_top_04a96f5177a940fe94d182603b3fa9c9(FAMILY="",SYNC_CLK=1,PIPELINE_REG=0,OUTPUT_REG=1,PROGRAMMABLE_FULL="NONE",PROG_FULL_ASSERT=510,PROG_FULL_NEGATE=510,PROGRAMMABLE_EMPTY="NONE",PROG_EMPTY_ASSERT=2,PROG_EMPTY_NEGATE=3)'. (C:\Users\Jing-XuanTan(i)\Downloads\evsoc-efinity-v2026.1.132\evsoc-efinity-v2026.1.132\cam_single\Ti60F225_dsi\ip\cam_pixel_remap_fifo\cam_pixel_remap_fifo.sv:92)
[EFX-0201 WARNING] Re-wiring to GND non-driven net/port 'a_rd_rst_i' in module 'efx_fifo_top_04a96f5177a940fe94d182603b3fa9c9(FAMILY="",SYNC_CLK=1,PIPELINE_REG=0,OUTPUT_REG=1,PROGRAMMABLE_FULL="NONE",PROG_FULL_ASSERT=510,PROG_FULL_NEGATE=510,PROGRAMMABLE_EMPTY="NONE",PROG_EMPTY_ASSERT=2,PROG_EMPTY_NEGATE=3)'. (C:\Users\Jing-XuanTan(i)\Downloads\evsoc-efinity-v2026.1.132\evsoc-efinity-v2026.1.132\cam_single\Ti60F225_dsi\ip\cam_pixel_remap_fifo\cam_pixel_remap_fifo.sv:92)
[EFX-0201 WARNING] Re-wiring to GND non-driven net/port 'wr_clk_i' in module 'efx_fifo_top_04a96f5177a940fe94d182603b3fa9c9(FAMILY="",SYNC_CLK=1,PIPELINE_REG=0,OUTPUT_REG=1,PROGRAMMABLE_FULL="NONE",PROG_FULL_ASSERT=510,PROG_FULL_NEGATE=510,PROGRAMMABLE_EMPTY="NONE",PROG_EMPTY_ASSERT=2,PROG_EMPTY_NEGATE=3)'. (C:\Users\Jing-XuanTan(i)\Downloads\evsoc-efinity-v2026.1.132\evsoc-efinity-v2026.1.132\cam_single\Ti60F225_dsi\ip\cam_pixel_remap_fifo\cam_pixel_remap_fifo.sv:92)
[EFX-0201 WARNING] Re-wiring to GND non-driven net/port 'rd_clk_i' in module 'efx_fifo_top_04a96f5177a940fe94d182603b3fa9c9(FAMILY="",SYNC_CLK=1,PIPELINE_REG=0,OUTPUT_REG=1,PROGRAMMABLE_FULL="NONE",PROG_FULL_ASSERT=510,PROG_FULL_NEGATE=510,PROGRAMMABLE_EMPTY="NONE",PROG_EMPTY_ASSERT=2,PROG_EMPTY_NEGATE=3)'. (C:\Users\Jing-XuanTan(i)\Downloads\evsoc-efinity-v2026.1.132\evsoc-efinity-v2026.1.132\cam_single\Ti60F225_dsi\ip\cam_pixel_remap_fifo\cam_pixel_remap_fifo.sv:92)
[EFX-0201 WARNING] Re-wiring to GND non-driven net/port 'a_wr_rst_i' in module 'efx_fifo_top_b0792a13d328448586f08ea7d102f373(FAMILY="",SYNC_CLK=1,MODE="FWFT",DEPTH=1024,DATA_WIDTH=48,PIPELINE_REG=0,PROGRAMMABLE_FULL="NONE",PROG_FULL_ASSERT=512,PROG_FULL_NEGATE=512,PROGRAMMABLE_EMPTY="NONE",PROG_EMPTY_ASSERT=2,PROG_EMPTY_NEGATE=3)'. (C:\Users\Jing-XuanTan(i)\Downloads\evsoc-efinity-v2026.1.132\evsoc-efinity-v2026.1.132\cam_single\Ti60F225_dsi\ip\cam_dma_fifo\cam_dma_fifo.sv:92)
[EFX-0201 WARNING] Re-wiring to GND non-driven net/port 'a_rd_rst_i' in module 'efx_fifo_top_b0792a13d328448586f08ea7d102f373(FAMILY="",SYNC_CLK=1,MODE="FWFT",DEPTH=1024,DATA_WIDTH=48,PIPELINE_REG=0,PROGRAMMABLE_FULL="NONE",PROG_FULL_ASSERT=512,PROG_FULL_NEGATE=512,PROGRAMMABLE_EMPTY="NONE",PROG_EMPTY_ASSERT=2,PROG_EMPTY_NEGATE=3)'. (C:\Users\Jing-XuanTan(i)\Downloads\evsoc-efinity-v2026.1.132\evsoc-efinity-v2026.1.132\cam_single\Ti60F225_dsi\ip\cam_dma_fifo\cam_dma_fifo.sv:92)
[EFX-0201 WARNING] Re-wiring to GND non-driven net/port 'wr_clk_i' in module 'efx_fifo_top_b0792a13d328448586f08ea7d102f373(FAMILY="",SYNC_CLK=1,MODE="FWFT",DEPTH=1024,DATA_WIDTH=48,PIPELINE_REG=0,PROGRAMMABLE_FULL="NONE",PROG_FULL_ASSERT=512,PROG_FULL_NEGATE=512,PROGRAMMABLE_EMPTY="NONE",PROG_EMPTY_ASSERT=2,PROG_EMPTY_NEGATE=3)'. (C:\Users\Jing-XuanTan(i)\Downloads\evsoc-efinity-v2026.1.132\evsoc-efinity-v2026.1.132\cam_single\Ti60F225_dsi\ip\cam_dma_fifo\cam_dma_fifo.sv:92)
[EFX-0201 WARNING] Re-wiring to GND non-driven net/port 'rd_clk_i' in module 'efx_fifo_top_b0792a13d328448586f08ea7d102f373(FAMILY="",SYNC_CLK=1,MODE="FWFT",DEPTH=1024,DATA_WIDTH=48,PIPELINE_REG=0,PROGRAMMABLE_FULL="NONE",PROG_FULL_ASSERT=512,PROG_FULL_NEGATE=512,PROGRAMMABLE_EMPTY="NONE",PROG_EMPTY_ASSERT=2,PROG_EMPTY_NEGATE=3)'. (C:\Users\Jing-XuanTan(i)\Downloads\evsoc-efinity-v2026.1.132\evsoc-efinity-v2026.1.132\cam_single\Ti60F225_dsi\ip\cam_dma_fifo\cam_dma_fifo.sv:92)
[EFX-0201 WARNING] Re-wiring to GND non-driven net/port 'a_wr_rst_i' in module 'efx_fifo_top_0ebd061cc55a4cdb9867e4fd870758a2(FAMILY="",SYNC_CLK=1,DEPTH=1024,DATA_WIDTH=48,PIPELINE_REG=0,OUTPUT_REG=1,PROGRAMMABLE_FULL="NONE",PROG_FULL_ASSERT=512,PROG_FULL_NEGATE=512,PROGRAMMABLE_EMPTY="NONE",PROG_EMPTY_ASSERT=2,PROG_EMPTY_NEGATE=3)'. (C:\Users\Jing-XuanTan(i)\Downloads\evsoc-efinity-v2026.1.132\evsoc-efinity-v2026.1.132\cam_single\Ti60F225_dsi\ip\display_dma_fifo\display_dma_fifo.sv:92)
[EFX-0201 WARNING] Re-wiring to GND non-driven net/port 'a_rd_rst_i' in module 'efx_fifo_top_0ebd061cc55a4cdb9867e4fd870758a2(FAMILY="",SYNC_CLK=1,DEPTH=1024,DATA_WIDTH=48,PIPELINE_REG=0,OUTPUT_REG=1,PROGRAMMABLE_FULL="NONE",PROG_FULL_ASSERT=512,PROG_FULL_NEGATE=512,PROGRAMMABLE_EMPTY="NONE",PROG_EMPTY_ASSERT=2,PROG_EMPTY_NEGATE=3)'. (C:\Users\Jing-XuanTan(i)\Downloads\evsoc-efinity-v2026.1.132\evsoc-efinity-v2026.1.132\cam_single\Ti60F225_dsi\ip\display_dma_fifo\display_dma_fifo.sv:92)
[EFX-0657 WARNING] Mapping into logic memory block 'logic_progbufX_mem' (64 bits) (C:\Users\Jing-XuanTan(i)\Downloads\evsoc-efinity-v2026.1.132\evsoc-efinity-v2026.1.132\cam_single\Ti60F225_dsi\ip\SapphireSoc\SapphireSoc.v:13208) because size is too small (<=64)
[EFX-0657 WARNING] Mapping into logic memory block 'logic_ram' (64 bits) (C:\Users\Jing-XuanTan(i)\Downloads\evsoc-efinity-v2026.1.132\evsoc-efinity-v2026.1.132\cam_single\Ti60F225_dsi\ip\SapphireSoc\SapphireSoc.v:22209) because size is too small (<=64)
[EFX-0657 WARNING] Mapping into logic memory block 'logic_ram' (16 bits) (C:\Users\Jing-XuanTan(i)\Downloads\evsoc-efinity-v2026.1.132\evsoc-efinity-v2026.1.132\cam_single\Ti60F225_dsi\ip\SapphireSoc\SapphireSoc.v:22052) because size is too small (<=64)
[EFX-0657 WARNING] Mapping into logic memory block 'u_apb3_cam_display/slaveReg' (224 bits) (C:\Users\Jing-XuanTan(i)\Downloads\evsoc-efinity-v2026.1.132\evsoc-efinity-v2026.1.132\cam_single\Ti60F225_dsi\source/common/common_apb3.v:48) because it has all constant reader/writer.
[EFX-0011 VERI-WARNING] Input/inout port i_mipi_txc_sclk is unconnected. Place and route may remove this unconnected port. (VDB-8003) (C:\Users\Jing-XuanTan(i)\Downloads\evsoc-efinity-v2026.1.132\evsoc-efinity-v2026.1.132\cam_single\Ti60F225_dsi\edge_vision_soc.v:26)
[EFX-0011 VERI-WARNING] Input/inout port i_mipi_txd_sclk is unconnected. Place and route may remove this unconnected port. (VDB-8003) (C:\Users\Jing-XuanTan(i)\Downloads\evsoc-efinity-v2026.1.132\evsoc-efinity-v2026.1.132\cam_single\Ti60F225_dsi\edge_vision_soc.v:27)
[EFX-0011 VERI-WARNING] Input/inout port i_mipi_tx_pll_locked is unconnected. Place and route may remove this unconnected port. (VDB-8003) (C:\Users\Jing-XuanTan(i)\Downloads\evsoc-efinity-v2026.1.132\evsoc-efinity-v2026.1.132\cam_single\Ti60F225_dsi\edge_vision_soc.v:29)
[EFX-0011 VERI-WARNING] Input/inout port i_hbramClk90 is unconnected. Place and route may remove this unconnected port. (VDB-8003) (C:\Users\Jing-XuanTan(i)\Downloads\evsoc-efinity-v2026.1.132\evsoc-efinity-v2026.1.132\cam_single\Ti60F225_dsi\edge_vision_soc.v:33)
[EFX-0011 VERI-WARNING] Input/inout port i_cam_d0_HS_IN_1[7] is unconnected. Place and route may remove this unconnected port. (VDB-8003) (C:\Users\Jing-XuanTan(i)\Downloads\evsoc-efinity-v2026.1.132\evsoc-efinity-v2026.1.132\cam_single\Ti60F225_dsi\edge_vision_soc.v:74)
[EFX-0011 VERI-WARNING] Input/inout port i_cam_d0_HS_IN_2[7] is unconnected. Place and route may remove this unconnected port. (VDB-8003) (C:\Users\Jing-XuanTan(i)\Downloads\evsoc-efinity-v2026.1.132\evsoc-efinity-v2026.1.132\cam_single\Ti60F225_dsi\edge_vision_soc.v:75)
[EFX-0011 VERI-WARNING] Input/inout port i_cam_d0_HS_IN_3[7] is unconnected. Place and route may remove this unconnected port. (VDB-8003) (C:\Users\Jing-XuanTan(i)\Downloads\evsoc-efinity-v2026.1.132\evsoc-efinity-v2026.1.132\cam_single\Ti60F225_dsi\edge_vision_soc.v:76)
[EFX-0011 VERI-WARNING] Input/inout port i_cam_d1_HS_IN_1[7] is unconnected. Place and route may remove this unconnected port. (VDB-8003) (C:\Users\Jing-XuanTan(i)\Downloads\evsoc-efinity-v2026.1.132\evsoc-efinity-v2026.1.132\cam_single\Ti60F225_dsi\edge_vision_soc.v:89)
[EFX-0011 VERI-WARNING] Input/inout port i_cam_d1_HS_IN_2[7] is unconnected. Place and route may remove this unconnected port. (VDB-8003) (C:\Users\Jing-XuanTan(i)\Downloads\evsoc-efinity-v2026.1.132\evsoc-efinity-v2026.1.132\cam_single\Ti60F225_dsi\edge_vision_soc.v:90)
[EFX-0011 VERI-WARNING] Input/inout port i_cam_d1_HS_IN_3[7] is unconnected. Place and route may remove this unconnected port. (VDB-8003) (C:\Users\Jing-XuanTan(i)\Downloads\evsoc-efinity-v2026.1.132\evsoc-efinity-v2026.1.132\cam_single\Ti60F225_dsi\edge_vision_soc.v:91)
[EFX-0011 VERI-WARNING] Input/inout port sw6 is unconnected. Place and route may remove this unconnected port. (VDB-8003) (C:\Users\Jing-XuanTan(i)\Downloads\evsoc-efinity-v2026.1.132\evsoc-efinity-v2026.1.132\cam_single\Ti60F225_dsi\edge_vision_soc.v:181)
[EFX-0011 VERI-WARNING] Input/inout port sw7 is unconnected. Place and route may remove this unconnected port. (VDB-8003) (C:\Users\Jing-XuanTan(i)\Downloads\evsoc-efinity-v2026.1.132\evsoc-efinity-v2026.1.132\cam_single\Ti60F225_dsi\edge_vision_soc.v:182)
[EFX-0011 VERI-WARNING] Net u_risc_v/u_EfxSapphireSoc/system_cores_0_logic_cpu/IBusCachedPlugin_cache/lineLoader_address[4] is dangling. (VDB-8009) 
[EFX-0011 VERI-WARNING] Net u_risc_v/u_EfxSapphireSoc/system_cores_0_logic_cpu/IBusCachedPlugin_cache/lineLoader_address[2] is dangling. (VDB-8009) 
[EFX-0011 VERI-WARNING] Net u_risc_v/u_EfxSapphireSoc/system_cores_0_logic_cpu/IBusCachedPlugin_cache/lineLoader_address[3] is dangling. (VDB-8009) 
[EFX-0011 VERI-WARNING] Net u_risc_v/u_EfxSapphireSoc/system_cores_0_logic_cpu/IBusCachedPlugin_cache/lineLoader_address[1] is dangling. (VDB-8009) 
[EFX-0011 VERI-WARNING] Net u_risc_v/u_EfxSapphireSoc/system_cores_0_logic_cpu/IBusCachedPlugin_cache/lineLoader_address[0] is dangling. (VDB-8009) 
[EFX-0011 VERI-WARNING] Net soc_io_w_payload_id[0] is dangling. (VDB-8009) 
[EFX-0011 VERI-WARNING] Net soc_io_arw_payload_region[0] is dangling. (VDB-8009) 
[EFX-0011 VERI-WARNING] Net soc_io_arw_payload_cache[0] is dangling. (VDB-8009) 
[EFX-0011 VERI-WARNING] Net u_risc_v/u_EfxSapphireSoc/io_ddrA_r_rData_id[0] is dangling. (VDB-8009) 
[EFX-0011 VERI-WARNING] Net soc_io_arw_payload_prot[0] is dangling. (VDB-8009) 
[EFX-0011 VERI-WARNING] Net soc_io_arw_payload_lock is dangling. (VDB-8009) 
[EFX-0011 VERI-WARNING] Net soc_io_arw_payload_qos[0] is dangling. (VDB-8009) 
[EFX-0011 VERI-WARNING] Net u_risc_v/u_EfxSapphireSoc/system_cores_0_logic_cpu/IBusCachedPlugin_cache/lineLoader_address[5] is dangling. (VDB-8009) 
[EFX-0011 VERI-WARNING] Net soc_io_arw_payload_addr[31] is dangling. (VDB-8009) 
[EFX-0011 VERI-WARNING] Net soc_io_w_payload_id[1] is dangling. (VDB-8009) 
[EFX-0011 VERI-WARNING] Net soc_io_w_payload_id[2] is dangling. (VDB-8009) 
[EFX-0011 VERI-WARNING] Net soc_io_w_payload_id[3] is dangling. (VDB-8009) 
[EFX-0011 VERI-WARNING] Net soc_io_w_payload_id[4] is dangling. (VDB-8009) 
[EFX-0011 VERI-WARNING] Net soc_io_w_payload_id[5] is dangling. (VDB-8009) 
[EFX-0011 VERI-WARNING] Net soc_io_w_payload_id[6] is dangling. (VDB-8009) 
[EFX-0011 VERI-WARNING] Net soc_io_w_payload_id[7] is dangling. (VDB-8009) 
[EFX-0011 VERI-WARNING] Net u_risc_v/u_EfxSapphireSoc/io_ddrA_r_rData_id[1] is dangling. (VDB-8009) 
[EFX-0011 VERI-WARNING] Net u_risc_v/u_EfxSapphireSoc/io_ddrA_r_rData_id[2] is dangling. (VDB-8009) 
[EFX-0011 VERI-WARNING] Net u_risc_v/u_EfxSapphireSoc/io_ddrA_r_rData_id[3] is dangling. (VDB-8009) 
[EFX-0011 VERI-WARNING] Net u_risc_v/u_EfxSapphireSoc/io_ddrA_r_rData_id[4] is dangling. (VDB-8009) 
[EFX-0011 VERI-WARNING] Net u_risc_v/u_EfxSapphireSoc/io_ddrA_r_rData_id[5] is dangling. (VDB-8009) 
[EFX-0011 VERI-WARNING] Net u_risc_v/u_EfxSapphireSoc/io_ddrA_r_rData_id[6] is dangling. (VDB-8009) 
[EFX-0011 VERI-WARNING] Net u_risc_v/u_EfxSapphireSoc/io_ddrA_r_rData_id[7] is dangling. (VDB-8009) 
[EFX-0011 VERI-WARNING] Net soc_io_arw_payload_region[1] is dangling. (VDB-8009) 
[EFX-0011 VERI-WARNING] Net soc_io_arw_payload_region[2] is dangling. (VDB-8009) 
[EFX-0011 VERI-WARNING] Net soc_io_arw_payload_region[3] is dangling. (VDB-8009) 
[EFX-0011 VERI-WARNING] Net soc_io_arw_payload_cache[1] is dangling. (VDB-8009) 
[EFX-0011 VERI-WARNING] Net soc_io_arw_payload_cache[2] is dangling. (VDB-8009) 
[EFX-0011 VERI-WARNING] Net soc_io_arw_payload_cache[3] is dangling. (VDB-8009) 
[EFX-0011 VERI-WARNING] Net soc_io_arw_payload_qos[1] is dangling. (VDB-8009) 
[EFX-0011 VERI-WARNING] Net soc_io_arw_payload_qos[2] is dangling. (VDB-8009) 
[EFX-0011 VERI-WARNING] Net soc_io_arw_payload_qos[3] is dangling. (VDB-8009) 
[EFX-0011 VERI-WARNING] Net soc_io_arw_payload_prot[1] is dangling. (VDB-8009) 
[EFX-0011 VERI-WARNING] Net soc_io_arw_payload_prot[2] is dangling. (VDB-8009) 
[EFX-0011 VERI-WARNING] Net dma_arregion[0] is dangling. (VDB-8009) 
[EFX-0011 VERI-WARNING] Net dma_awregion[0] is dangling. (VDB-8009) 
[EFX-0011 VERI-WARNING] Net dma_arregion[1] is dangling. (VDB-8009) 
[EFX-0011 VERI-WARNING] Net dma_arregion[2] is dangling. (VDB-8009) 
[EFX-0011 VERI-WARNING] Net dma_arregion[3] is dangling. (VDB-8009) 
[EFX-0011 VERI-WARNING] Net dma_awregion[1] is dangling. (VDB-8009) 
[EFX-0011 VERI-WARNING] Net dma_awregion[2] is dangling. (VDB-8009) 
[EFX-0011 VERI-WARNING] Net dma_awregion[3] is dangling. (VDB-8009) 
[EFX-0011 VERI-WARNING] Net u_hbram/u_hbram_top/hbc_dq_OE_2[0] is dangling. (VDB-8009) 
[EFX-0011 VERI-WARNING] Net u_hbram/u_hbram_top/hbc_dq_OE_2[1] is dangling. (VDB-8009) 
[EFX-0011 VERI-WARNING] Net u_hbram/u_hbram_top/hbc_dq_OE_2[2] is dangling. (VDB-8009) 
[EFX-0011 VERI-WARNING] Net u_hbram/u_hbram_top/hbc_dq_OE_2[3] is dangling. (VDB-8009) 
[EFX-0011 VERI-WARNING] Net u_hbram/u_hbram_top/hbc_dq_OE_2[4] is dangling. (VDB-8009) 
[EFX-0011 VERI-WARNING] Net u_hbram/u_hbram_top/hbc_dq_OE_2[5] is dangling. (VDB-8009) 
[EFX-0011 VERI-WARNING] Net u_hbram/u_hbram_top/hbc_dq_OE_2[6] is dangling. (VDB-8009) 
[EFX-0011 VERI-WARNING] Net u_hbram/u_hbram_top/hbc_dq_OE_2[7] is dangling. (VDB-8009) 
[EFX-0011 VERI-WARNING] Net u_hbram/u_hbram_top/hbc_dq_OE_2[8] is dangling. (VDB-8009) 
[EFX-0011 VERI-WARNING] Net u_hbram/u_hbram_top/hbc_dq_OE_2[9] is dangling. (VDB-8009) 
[EFX-0011 VERI-WARNING] Net u_hbram/u_hbram_top/hbc_dq_OE_2[10] is dangling. (VDB-8009) 
[EFX-0011 VERI-WARNING] Net u_hbram/u_hbram_top/hbc_dq_OE_2[11] is dangling. (VDB-8009) 
[EFX-0011 VERI-WARNING] Net u_hbram/u_hbram_top/hbc_dq_OE_2[12] is dangling. (VDB-8009) 
[EFX-0011 VERI-WARNING] Net u_hbram/u_hbram_top/hbc_dq_OE_2[13] is dangling. (VDB-8009) 
[EFX-0011 VERI-WARNING] Net u_hbram/u_hbram_top/hbc_dq_OE_2[14] is dangling. (VDB-8009) 
[EFX-0011 VERI-WARNING] Net u_hbram/u_hbram_top/hbc_dq_OE_2[15] is dangling. (VDB-8009) 
[EFX-0011 VERI-WARNING] Net u_risc_v/u_EfxSapphireSoc/system_ddr_ddrLogic_cc_fifo/io_output_rsp_queue/popCC_popPtrPlus[0] is dangling. (VDB-8009) 
[EFX-0011 VERI-WARNING] Net u_risc_v/u_EfxSapphireSoc/system_ddr_ddrLogic_cc_fifo/io_input_cmd_queue/popCC_popPtrPlus[0] is dangling. (VDB-8009) 
[EFX-0011 VERI-WARNING] Net u_risc_v/u_EfxSapphireSoc/system_bridge_bmb_crossClock/io_output_rsp_queue/popCC_popPtrPlus[0] is dangling. (VDB-8009) 
[EFX-0011 VERI-WARNING] Net u_risc_v/u_EfxSapphireSoc/system_bridge_bmb_crossClock/io_input_cmd_queue/popCC_popPtrPlus[0] is dangling. (VDB-8009) 
[EFX-0011 VERI-WARNING] Net u_dma/u_EfxDMA/outputsAdapter_2_crossclock_fifo/popCC_popPtrPlus[0] is dangling. (VDB-8009) 
[EFX-0011 VERI-WARNING] Net u_dma/u_EfxDMA/inputsAdapter_1_crossclock_fifo/popCC_popPtrPlus[0] is dangling. (VDB-8009) 
[EFX-0011 VERI-WARNING] Net u_dma/u_EfxDMA/outputsAdapter_1_crossclock_fifo/popCC_popPtrPlus[0] is dangling. (VDB-8009) 
[EFX-0011 VERI-WARNING] Net u_dma/u_EfxDMA/inputsAdapter_0_crossclock_fifo/popCC_popPtrPlus[0] is dangling. (VDB-8009) 
[EFX-0011 VERI-WARNING] Found 125 warnings in the post-synthesis netlist. 

///////////////////////////////////
// Efinity Synthesis Started 
// Aug 26, 2026 14:34:35
///////////////////////////////////

[EFX-0011 VERI-WARNING] parameter 'CL_S_COUNT' becomes localparam in 'axi_interconnect' with formal parameter declaration list (VERI-1199) (C:\Users\Jing-XuanTan(i)\Downloads\evsoc-efinity-v2026.1.132\evsoc-efinity-v2026.1.132\cam_single\Ti60F225_dsi\source/axi/axi_interconnect.v:180)
[EFX-0011 VERI-WARNING] parameter 'CL_M_COUNT' becomes localparam in 'axi_interconnect' with formal parameter declaration list (VERI-1199) (C:\Users\Jing-XuanTan(i)\Downloads\evsoc-efinity-v2026.1.132\evsoc-efinity-v2026.1.132\cam_single\Ti60F225_dsi\source/axi/axi_interconnect.v:181)
[EFX-0011 VERI-WARNING] parameter 'AUSER_WIDTH' becomes localparam in 'axi_interconnect' with formal parameter declaration list (VERI-1199) (C:\Users\Jing-XuanTan(i)\Downloads\evsoc-efinity-v2026.1.132\evsoc-efinity-v2026.1.132\cam_single\Ti60F225_dsi\source/axi/axi_interconnect.v:183)
[EFX-0011 VERI-WARNING] parameter 'M_BASE_ADDR_INT' becomes localparam in 'axi_interconnect' with formal parameter declaration list (VERI-1199) (C:\Users\Jing-XuanTan(i)\Downloads\evsoc-efinity-v2026.1.132\evsoc-efinity-v2026.1.132\cam_single\Ti60F225_dsi\source/axi/axi_interconnect.v:202)
[EFX-0011 VERI-WARNING] parameter 'W1' becomes localparam in 'priority_encoder' with formal parameter declaration list (VERI-1199) (C:\Users\Jing-XuanTan(i)\Downloads\evsoc-efinity-v2026.1.132\evsoc-efinity-v2026.1.132\cam_single\Ti60F225_dsi\source/axi/priority_encoder.v:39)
[EFX-0011 VERI-WARNING] parameter 'W2' becomes localparam in 'priority_encoder' with formal parameter declaration list (VERI-1199) (C:\Users\Jing-XuanTan(i)\Downloads\evsoc-efinity-v2026.1.132\evsoc-efinity-v2026.1.132\cam_single\Ti60F225_dsi\source/axi/priority_encoder.v:40)
[EFX-0011 VERI-WARNING] parameter 'X_OUT_RATIO' becomes localparam in 'cam_scaling' with formal parameter declaration list (VERI-1199) (C:\Users\Jing-XuanTan(i)\Downloads\evsoc-efinity-v2026.1.132\evsoc-efinity-v2026.1.132\cam_single\Ti60F225_dsi\source/cam/cam_scaling.v:31)
[EFX-0011 VERI-WARNING] parameter 'X_IN_RATIO' becomes localparam in 'cam_scaling' with formal parameter declaration list (VERI-1199) (C:\Users\Jing-XuanTan(i)\Downloads\evsoc-efinity-v2026.1.132\evsoc-efinity-v2026.1.132\cam_single\Ti60F225_dsi\source/cam/cam_scaling.v:32)
[EFX-0011 VERI-WARNING] parameter 'Y_OUT_RATIO' becomes localparam in 'cam_scaling' with formal parameter declaration list (VERI-1199) (C:\Users\Jing-XuanTan(i)\Downloads\evsoc-efinity-v2026.1.132\evsoc-efinity-v2026.1.132\cam_single\Ti60F225_dsi\source/cam/cam_scaling.v:33)
[EFX-0011 VERI-WARNING] parameter 'Y_IN_RATIO' becomes localparam in 'cam_scaling' with formal parameter declaration list (VERI-1199) (C:\Users\Jing-XuanTan(i)\Downloads\evsoc-efinity-v2026.1.132\evsoc-efinity-v2026.1.132\cam_single\Ti60F225_dsi\source/cam/cam_scaling.v:34)

///////////////////////////////////
// Efinity Synthesis Started 
// Aug 26, 2026 14:36:33
///////////////////////////////////

[EFX-0011 VERI-WARNING] parameter 'CL_S_COUNT' becomes localparam in 'axi_interconnect' with formal parameter declaration list (VERI-1199) (C:\Users\Jing-XuanTan(i)\Downloads\evsoc-efinity-v2026.1.132\evsoc-efinity-v2026.1.132\cam_single\Ti60F225_dsi\source/axi/axi_interconnect.v:180)
[EFX-0011 VERI-WARNING] parameter 'CL_M_COUNT' becomes localparam in 'axi_interconnect' with formal parameter declaration list (VERI-1199) (C:\Users\Jing-XuanTan(i)\Downloads\evsoc-efinity-v2026.1.132\evsoc-efinity-v2026.1.132\cam_single\Ti60F225_dsi\source/axi/axi_interconnect.v:181)
[EFX-0011 VERI-WARNING] parameter 'AUSER_WIDTH' becomes localparam in 'axi_interconnect' with formal parameter declaration list (VERI-1199) (C:\Users\Jing-XuanTan(i)\Downloads\evsoc-efinity-v2026.1.132\evsoc-efinity-v2026.1.132\cam_single\Ti60F225_dsi\source/axi/axi_interconnect.v:183)
[EFX-0011 VERI-WARNING] parameter 'M_BASE_ADDR_INT' becomes localparam in 'axi_interconnect' with formal parameter declaration list (VERI-1199) (C:\Users\Jing-XuanTan(i)\Downloads\evsoc-efinity-v2026.1.132\evsoc-efinity-v2026.1.132\cam_single\Ti60F225_dsi\source/axi/axi_interconnect.v:202)
[EFX-0011 VERI-WARNING] parameter 'W1' becomes localparam in 'priority_encoder' with formal parameter declaration list (VERI-1199) (C:\Users\Jing-XuanTan(i)\Downloads\evsoc-efinity-v2026.1.132\evsoc-efinity-v2026.1.132\cam_single\Ti60F225_dsi\source/axi/priority_encoder.v:39)
[EFX-0011 VERI-WARNING] parameter 'W2' becomes localparam in 'priority_encoder' with formal parameter declaration list (VERI-1199) (C:\Users\Jing-XuanTan(i)\Downloads\evsoc-efinity-v2026.1.132\evsoc-efinity-v2026.1.132\cam_single\Ti60F225_dsi\source/axi/priority_encoder.v:40)
[EFX-0011 VERI-WARNING] parameter 'X_OUT_RATIO' becomes localparam in 'cam_scaling' with formal parameter declaration list (VERI-1199) (C:\Users\Jing-XuanTan(i)\Downloads\evsoc-efinity-v2026.1.132\evsoc-efinity-v2026.1.132\cam_single\Ti60F225_dsi\source/cam/cam_scaling.v:31)
[EFX-0011 VERI-WARNING] parameter 'X_IN_RATIO' becomes localparam in 'cam_scaling' with formal parameter declaration list (VERI-1199) (C:\Users\Jing-XuanTan(i)\Downloads\evsoc-efinity-v2026.1.132\evsoc-efinity-v2026.1.132\cam_single\Ti60F225_dsi\source/cam/cam_scaling.v:32)
[EFX-0011 VERI-WARNING] parameter 'Y_OUT_RATIO' becomes localparam in 'cam_scaling' with formal parameter declaration list (VERI-1199) (C:\Users\Jing-XuanTan(i)\Downloads\evsoc-efinity-v2026.1.132\evsoc-efinity-v2026.1.132\cam_single\Ti60F225_dsi\source/cam/cam_scaling.v:33)
[EFX-0011 VERI-WARNING] parameter 'Y_IN_RATIO' becomes localparam in 'cam_scaling' with formal parameter declaration list (VERI-1199) (C:\Users\Jing-XuanTan(i)\Downloads\evsoc-efinity-v2026.1.132\evsoc-efinity-v2026.1.132\cam_single\Ti60F225_dsi\source/cam/cam_scaling.v:34)

///////////////////////////////////
// Efinity Synthesis Started 
// Aug 26, 2026 14:39:42
///////////////////////////////////

[EFX-0011 VERI-WARNING] parameter 'CL_S_COUNT' becomes localparam in 'axi_interconnect' with formal parameter declaration list (VERI-1199) (C:\Users\Jing-XuanTan(i)\Downloads\evsoc-efinity-v2026.1.132\evsoc-efinity-v2026.1.132\cam_single\Ti60F225_dsi\source/axi/axi_interconnect.v:180)
[EFX-0011 VERI-WARNING] parameter 'CL_M_COUNT' becomes localparam in 'axi_interconnect' with formal parameter declaration list (VERI-1199) (C:\Users\Jing-XuanTan(i)\Downloads\evsoc-efinity-v2026.1.132\evsoc-efinity-v2026.1.132\cam_single\Ti60F225_dsi\source/axi/axi_interconnect.v:181)
[EFX-0011 VERI-WARNING] parameter 'AUSER_WIDTH' becomes localparam in 'axi_interconnect' with formal parameter declaration list (VERI-1199) (C:\Users\Jing-XuanTan(i)\Downloads\evsoc-efinity-v2026.1.132\evsoc-efinity-v2026.1.132\cam_single\Ti60F225_dsi\source/axi/axi_interconnect.v:183)
[EFX-0011 VERI-WARNING] parameter 'M_BASE_ADDR_INT' becomes localparam in 'axi_interconnect' with formal parameter declaration list (VERI-1199) (C:\Users\Jing-XuanTan(i)\Downloads\evsoc-efinity-v2026.1.132\evsoc-efinity-v2026.1.132\cam_single\Ti60F225_dsi\source/axi/axi_interconnect.v:202)
[EFX-0011 VERI-WARNING] parameter 'W1' becomes localparam in 'priority_encoder' with formal parameter declaration list (VERI-1199) (C:\Users\Jing-XuanTan(i)\Downloads\evsoc-efinity-v2026.1.132\evsoc-efinity-v2026.1.132\cam_single\Ti60F225_dsi\source/axi/priority_encoder.v:39)
[EFX-0011 VERI-WARNING] parameter 'W2' becomes localparam in 'priority_encoder' with formal parameter declaration list (VERI-1199) (C:\Users\Jing-XuanTan(i)\Downloads\evsoc-efinity-v2026.1.132\evsoc-efinity-v2026.1.132\cam_single\Ti60F225_dsi\source/axi/priority_encoder.v:40)
[EFX-0011 VERI-WARNING] parameter 'X_OUT_RATIO' becomes localparam in 'cam_scaling' with formal parameter declaration list (VERI-1199) (C:\Users\Jing-XuanTan(i)\Downloads\evsoc-efinity-v2026.1.132\evsoc-efinity-v2026.1.132\cam_single\Ti60F225_dsi\source/cam/cam_scaling.v:31)
[EFX-0011 VERI-WARNING] parameter 'X_IN_RATIO' becomes localparam in 'cam_scaling' with formal parameter declaration list (VERI-1199) (C:\Users\Jing-XuanTan(i)\Downloads\evsoc-efinity-v2026.1.132\evsoc-efinity-v2026.1.132\cam_single\Ti60F225_dsi\source/cam/cam_scaling.v:32)
[EFX-0011 VERI-WARNING] parameter 'Y_OUT_RATIO' becomes localparam in 'cam_scaling' with formal parameter declaration list (VERI-1199) (C:\Users\Jing-XuanTan(i)\Downloads\evsoc-efinity-v2026.1.132\evsoc-efinity-v2026.1.132\cam_single\Ti60F225_dsi\source/cam/cam_scaling.v:33)
[EFX-0011 VERI-WARNING] parameter 'Y_IN_RATIO' becomes localparam in 'cam_scaling' with formal parameter declaration list (VERI-1199) (C:\Users\Jing-XuanTan(i)\Downloads\evsoc-efinity-v2026.1.132\evsoc-efinity-v2026.1.132\cam_single\Ti60F225_dsi\source/cam/cam_scaling.v:34)

///////////////////////////////////
// Efinity Synthesis Started 
// Aug 26, 2026 14:46:14
///////////////////////////////////

[EFX-0011 VERI-WARNING] parameter 'CL_S_COUNT' becomes localparam in 'axi_interconnect' with formal parameter declaration list (VERI-1199) (C:\Users\Jing-XuanTan(i)\Downloads\evsoc-efinity-v2026.1.132\evsoc-efinity-v2026.1.132\cam_single\Ti60F225_dsi\source/axi/axi_interconnect.v:180)
[EFX-0011 VERI-WARNING] parameter 'CL_M_COUNT' becomes localparam in 'axi_interconnect' with formal parameter declaration list (VERI-1199) (C:\Users\Jing-XuanTan(i)\Downloads\evsoc-efinity-v2026.1.132\evsoc-efinity-v2026.1.132\cam_single\Ti60F225_dsi\source/axi/axi_interconnect.v:181)
[EFX-0011 VERI-WARNING] parameter 'AUSER_WIDTH' becomes localparam in 'axi_interconnect' with formal parameter declaration list (VERI-1199) (C:\Users\Jing-XuanTan(i)\Downloads\evsoc-efinity-v2026.1.132\evsoc-efinity-v2026.1.132\cam_single\Ti60F225_dsi\source/axi/axi_interconnect.v:183)
[EFX-0011 VERI-WARNING] parameter 'M_BASE_ADDR_INT' becomes localparam in 'axi_interconnect' with formal parameter declaration list (VERI-1199) (C:\Users\Jing-XuanTan(i)\Downloads\evsoc-efinity-v2026.1.132\evsoc-efinity-v2026.1.132\cam_single\Ti60F225_dsi\source/axi/axi_interconnect.v:202)
[EFX-0011 VERI-WARNING] parameter 'W1' becomes localparam in 'priority_encoder' with formal parameter declaration list (VERI-1199) (C:\Users\Jing-XuanTan(i)\Downloads\evsoc-efinity-v2026.1.132\evsoc-efinity-v2026.1.132\cam_single\Ti60F225_dsi\source/axi/priority_encoder.v:39)
[EFX-0011 VERI-WARNING] parameter 'W2' becomes localparam in 'priority_encoder' with formal parameter declaration list (VERI-1199) (C:\Users\Jing-XuanTan(i)\Downloads\evsoc-efinity-v2026.1.132\evsoc-efinity-v2026.1.132\cam_single\Ti60F225_dsi\source/axi/priority_encoder.v:40)
[EFX-0011 VERI-WARNING] parameter 'X_OUT_RATIO' becomes localparam in 'cam_scaling' with formal parameter declaration list (VERI-1199) (C:\Users\Jing-XuanTan(i)\Downloads\evsoc-efinity-v2026.1.132\evsoc-efinity-v2026.1.132\cam_single\Ti60F225_dsi\source/cam/cam_scaling.v:31)
[EFX-0011 VERI-WARNING] parameter 'X_IN_RATIO' becomes localparam in 'cam_scaling' with formal parameter declaration list (VERI-1199) (C:\Users\Jing-XuanTan(i)\Downloads\evsoc-efinity-v2026.1.132\evsoc-efinity-v2026.1.132\cam_single\Ti60F225_dsi\source/cam/cam_scaling.v:32)
[EFX-0011 VERI-WARNING] parameter 'Y_OUT_RATIO' becomes localparam in 'cam_scaling' with formal parameter declaration list (VERI-1199) (C:\Users\Jing-XuanTan(i)\Downloads\evsoc-efinity-v2026.1.132\evsoc-efinity-v2026.1.132\cam_single\Ti60F225_dsi\source/cam/cam_scaling.v:33)
[EFX-0011 VERI-WARNING] parameter 'Y_IN_RATIO' becomes localparam in 'cam_scaling' with formal parameter declaration list (VERI-1199) (C:\Users\Jing-XuanTan(i)\Downloads\evsoc-efinity-v2026.1.132\evsoc-efinity-v2026.1.132\cam_single\Ti60F225_dsi\source/cam/cam_scaling.v:34)

///////////////////////////////////
// Efinity Synthesis Started 
// Aug 26, 2026 14:46:51
///////////////////////////////////

[EFX-0011 VERI-WARNING] parameter 'CL_S_COUNT' becomes localparam in 'axi_interconnect' with formal parameter declaration list (VERI-1199) (C:\Users\Jing-XuanTan(i)\Downloads\evsoc-efinity-v2026.1.132\evsoc-efinity-v2026.1.132\cam_single\Ti60F225_dsi\source/axi/axi_interconnect.v:180)
[EFX-0011 VERI-WARNING] parameter 'CL_M_COUNT' becomes localparam in 'axi_interconnect' with formal parameter declaration list (VERI-1199) (C:\Users\Jing-XuanTan(i)\Downloads\evsoc-efinity-v2026.1.132\evsoc-efinity-v2026.1.132\cam_single\Ti60F225_dsi\source/axi/axi_interconnect.v:181)
[EFX-0011 VERI-WARNING] parameter 'AUSER_WIDTH' becomes localparam in 'axi_interconnect' with formal parameter declaration list (VERI-1199) (C:\Users\Jing-XuanTan(i)\Downloads\evsoc-efinity-v2026.1.132\evsoc-efinity-v2026.1.132\cam_single\Ti60F225_dsi\source/axi/axi_interconnect.v:183)
[EFX-0011 VERI-WARNING] parameter 'M_BASE_ADDR_INT' becomes localparam in 'axi_interconnect' with formal parameter declaration list (VERI-1199) (C:\Users\Jing-XuanTan(i)\Downloads\evsoc-efinity-v2026.1.132\evsoc-efinity-v2026.1.132\cam_single\Ti60F225_dsi\source/axi/axi_interconnect.v:202)
[EFX-0011 VERI-WARNING] parameter 'W1' becomes localparam in 'priority_encoder' with formal parameter declaration list (VERI-1199) (C:\Users\Jing-XuanTan(i)\Downloads\evsoc-efinity-v2026.1.132\evsoc-efinity-v2026.1.132\cam_single\Ti60F225_dsi\source/axi/priority_encoder.v:39)
[EFX-0011 VERI-WARNING] parameter 'W2' becomes localparam in 'priority_encoder' with formal parameter declaration list (VERI-1199) (C:\Users\Jing-XuanTan(i)\Downloads\evsoc-efinity-v2026.1.132\evsoc-efinity-v2026.1.132\cam_single\Ti60F225_dsi\source/axi/priority_encoder.v:40)
[EFX-0011 VERI-WARNING] parameter 'X_OUT_RATIO' becomes localparam in 'cam_scaling' with formal parameter declaration list (VERI-1199) (C:\Users\Jing-XuanTan(i)\Downloads\evsoc-efinity-v2026.1.132\evsoc-efinity-v2026.1.132\cam_single\Ti60F225_dsi\source/cam/cam_scaling.v:31)
[EFX-0011 VERI-WARNING] parameter 'X_IN_RATIO' becomes localparam in 'cam_scaling' with formal parameter declaration list (VERI-1199) (C:\Users\Jing-XuanTan(i)\Downloads\evsoc-efinity-v2026.1.132\evsoc-efinity-v2026.1.132\cam_single\Ti60F225_dsi\source/cam/cam_scaling.v:32)
[EFX-0011 VERI-WARNING] parameter 'Y_OUT_RATIO' becomes localparam in 'cam_scaling' with formal parameter declaration list (VERI-1199) (C:\Users\Jing-XuanTan(i)\Downloads\evsoc-efinity-v2026.1.132\evsoc-efinity-v2026.1.132\cam_single\Ti60F225_dsi\source/cam/cam_scaling.v:33)
[EFX-0011 VERI-WARNING] parameter 'Y_IN_RATIO' becomes localparam in 'cam_scaling' with formal parameter declaration list (VERI-1199) (C:\Users\Jing-XuanTan(i)\Downloads\evsoc-efinity-v2026.1.132\evsoc-efinity-v2026.1.132\cam_single\Ti60F225_dsi\source/cam/cam_scaling.v:34)
[EFX-0011 VERI-WARNING] parameter '**' becomes localparam in '**' with formal parameter declaration list (VERI-1199) (C:\Users\Jing-XuanTan(i)\Downloads\evsoc-efinity-v2026.1.132\evsoc-efinity-v2026.1.132\cam_single\Ti60F225_dsi\ip\hbram\hbram.sv:4976)
[EFX-0011 VERI-WARNING] parameter '**' becomes localparam in '**' with formal parameter declaration list (VERI-1199) (C:\Users\Jing-XuanTan(i)\Downloads\evsoc-efinity-v2026.1.132\evsoc-efinity-v2026.1.132\cam_single\Ti60F225_dsi\ip\hbram\hbram.sv:5309)
[EFX-0011 VERI-WARNING] port 'system_spi_0_io_data_2_read' is not connected on this instance (VERI-2435) (C:\Users\Jing-XuanTan(i)\Downloads\evsoc-efinity-v2026.1.132\evsoc-efinity-v2026.1.132\cam_single\Ti60F225_dsi\edge_vision_soc.v:1269)
[EFX-0011 VERI-WARNING] port 'system_spi_0_io_data_2_write' remains unconnected for this instance (VERI-1927) (C:\Users\Jing-XuanTan(i)\Downloads\evsoc-efinity-v2026.1.132\evsoc-efinity-v2026.1.132\cam_single\Ti60F225_dsi\edge_vision_soc.v:1269)
[EFX-0011 VERI-WARNING] port 'resetn' remains unconnected for this instance (VERI-1927) (C:\Users\Jing-XuanTan(i)\Downloads\evsoc-efinity-v2026.1.132\evsoc-efinity-v2026.1.132\cam_single\Ti60F225_dsi\edge_vision_soc.v:1293)
[EFX-0011 VERI-WARNING] port 'dat1_o_tvalid' remains unconnected for this instance (VERI-1927) (C:\Users\Jing-XuanTan(i)\Downloads\evsoc-efinity-v2026.1.132\evsoc-efinity-v2026.1.132\cam_single\Ti60F225_dsi\edge_vision_soc.v:1416)
[EFX-0011 VERI-WARNING] port 'dat1_o_tready' is not connected on this instance (VERI-2435) (C:\Users\Jing-XuanTan(i)\Downloads\evsoc-efinity-v2026.1.132\evsoc-efinity-v2026.1.132\cam_single\Ti60F225_dsi\edge_vision_soc.v:1416)
[EFX-0011 VERI-WARNING] port 's_axi_awuser' remains unconnected for this instance (VERI-1927) (C:\Users\Jing-XuanTan(i)\Downloads\evsoc-efinity-v2026.1.132\evsoc-efinity-v2026.1.132\cam_single\Ti60F225_dsi\edge_vision_soc.v:1545)

///////////////////////////////////
// Efinity Synthesis Started 
// Aug 26, 2026 14:49:04
///////////////////////////////////

[EFX-0011 VERI-WARNING] parameter 'CL_S_COUNT' becomes localparam in 'axi_interconnect' with formal parameter declaration list (VERI-1199) (C:\Users\Jing-XuanTan(i)\Downloads\evsoc-efinity-v2026.1.132\evsoc-efinity-v2026.1.132\cam_single\Ti60F225_dsi\source/axi/axi_interconnect.v:180)
[EFX-0011 VERI-WARNING] parameter 'CL_M_COUNT' becomes localparam in 'axi_interconnect' with formal parameter declaration list (VERI-1199) (C:\Users\Jing-XuanTan(i)\Downloads\evsoc-efinity-v2026.1.132\evsoc-efinity-v2026.1.132\cam_single\Ti60F225_dsi\source/axi/axi_interconnect.v:181)
[EFX-0011 VERI-WARNING] parameter 'AUSER_WIDTH' becomes localparam in 'axi_interconnect' with formal parameter declaration list (VERI-1199) (C:\Users\Jing-XuanTan(i)\Downloads\evsoc-efinity-v2026.1.132\evsoc-efinity-v2026.1.132\cam_single\Ti60F225_dsi\source/axi/axi_interconnect.v:183)
[EFX-0011 VERI-WARNING] parameter 'M_BASE_ADDR_INT' becomes localparam in 'axi_interconnect' with formal parameter declaration list (VERI-1199) (C:\Users\Jing-XuanTan(i)\Downloads\evsoc-efinity-v2026.1.132\evsoc-efinity-v2026.1.132\cam_single\Ti60F225_dsi\source/axi/axi_interconnect.v:202)
[EFX-0011 VERI-WARNING] parameter 'W1' becomes localparam in 'priority_encoder' with formal parameter declaration list (VERI-1199) (C:\Users\Jing-XuanTan(i)\Downloads\evsoc-efinity-v2026.1.132\evsoc-efinity-v2026.1.132\cam_single\Ti60F225_dsi\source/axi/priority_encoder.v:39)
[EFX-0011 VERI-WARNING] parameter 'W2' becomes localparam in 'priority_encoder' with formal parameter declaration list (VERI-1199) (C:\Users\Jing-XuanTan(i)\Downloads\evsoc-efinity-v2026.1.132\evsoc-efinity-v2026.1.132\cam_single\Ti60F225_dsi\source/axi/priority_encoder.v:40)
[EFX-0011 VERI-WARNING] parameter 'X_OUT_RATIO' becomes localparam in 'cam_scaling' with formal parameter declaration list (VERI-1199) (C:\Users\Jing-XuanTan(i)\Downloads\evsoc-efinity-v2026.1.132\evsoc-efinity-v2026.1.132\cam_single\Ti60F225_dsi\source/cam/cam_scaling.v:31)
[EFX-0011 VERI-WARNING] parameter 'X_IN_RATIO' becomes localparam in 'cam_scaling' with formal parameter declaration list (VERI-1199) (C:\Users\Jing-XuanTan(i)\Downloads\evsoc-efinity-v2026.1.132\evsoc-efinity-v2026.1.132\cam_single\Ti60F225_dsi\source/cam/cam_scaling.v:32)
[EFX-0011 VERI-WARNING] parameter 'Y_OUT_RATIO' becomes localparam in 'cam_scaling' with formal parameter declaration list (VERI-1199) (C:\Users\Jing-XuanTan(i)\Downloads\evsoc-efinity-v2026.1.132\evsoc-efinity-v2026.1.132\cam_single\Ti60F225_dsi\source/cam/cam_scaling.v:33)
[EFX-0011 VERI-WARNING] parameter 'Y_IN_RATIO' becomes localparam in 'cam_scaling' with formal parameter declaration list (VERI-1199) (C:\Users\Jing-XuanTan(i)\Downloads\evsoc-efinity-v2026.1.132\evsoc-efinity-v2026.1.132\cam_single\Ti60F225_dsi\source/cam/cam_scaling.v:34)
[EFX-0011 VERI-WARNING] parameter '**' becomes localparam in '**' with formal parameter declaration list (VERI-1199) (C:\Users\Jing-XuanTan(i)\Downloads\evsoc-efinity-v2026.1.132\evsoc-efinity-v2026.1.132\cam_single\Ti60F225_dsi\ip\hbram\hbram.sv:4976)
[EFX-0011 VERI-WARNING] parameter '**' becomes localparam in '**' with formal parameter declaration list (VERI-1199) (C:\Users\Jing-XuanTan(i)\Downloads\evsoc-efinity-v2026.1.132\evsoc-efinity-v2026.1.132\cam_single\Ti60F225_dsi\ip\hbram\hbram.sv:5309)
[EFX-0011 VERI-WARNING] port 'system_spi_0_io_data_2_read' is not connected on this instance (VERI-2435) (C:\Users\Jing-XuanTan(i)\Downloads\evsoc-efinity-v2026.1.132\evsoc-efinity-v2026.1.132\cam_single\Ti60F225_dsi\edge_vision_soc.v:1269)
[EFX-0011 VERI-WARNING] port 'system_spi_0_io_data_2_write' remains unconnected for this instance (VERI-1927) (C:\Users\Jing-XuanTan(i)\Downloads\evsoc-efinity-v2026.1.132\evsoc-efinity-v2026.1.132\cam_single\Ti60F225_dsi\edge_vision_soc.v:1269)
[EFX-0011 VERI-WARNING] port 'resetn' remains unconnected for this instance (VERI-1927) (C:\Users\Jing-XuanTan(i)\Downloads\evsoc-efinity-v2026.1.132\evsoc-efinity-v2026.1.132\cam_single\Ti60F225_dsi\edge_vision_soc.v:1293)
[EFX-0011 VERI-WARNING] port 'dat1_o_tvalid' remains unconnected for this instance (VERI-1927) (C:\Users\Jing-XuanTan(i)\Downloads\evsoc-efinity-v2026.1.132\evsoc-efinity-v2026.1.132\cam_single\Ti60F225_dsi\edge_vision_soc.v:1416)
[EFX-0011 VERI-WARNING] port 'dat1_o_tready' is not connected on this instance (VERI-2435) (C:\Users\Jing-XuanTan(i)\Downloads\evsoc-efinity-v2026.1.132\evsoc-efinity-v2026.1.132\cam_single\Ti60F225_dsi\edge_vision_soc.v:1416)
[EFX-0011 VERI-WARNING] port 's_axi_awuser' remains unconnected for this instance (VERI-1927) (C:\Users\Jing-XuanTan(i)\Downloads\evsoc-efinity-v2026.1.132\evsoc-efinity-v2026.1.132\cam_single\Ti60F225_dsi\edge_vision_soc.v:1545)

///////////////////////////////////
// Efinity Synthesis Started 
// Aug 26, 2026 14:49:40
///////////////////////////////////

[EFX-0011 VERI-WARNING] parameter 'CL_S_COUNT' becomes localparam in 'axi_interconnect' with formal parameter declaration list (VERI-1199) (C:\Users\Jing-XuanTan(i)\Downloads\evsoc-efinity-v2026.1.132\evsoc-efinity-v2026.1.132\cam_single\Ti60F225_dsi\source/axi/axi_interconnect.v:180)
[EFX-0011 VERI-WARNING] parameter 'CL_M_COUNT' becomes localparam in 'axi_interconnect' with formal parameter declaration list (VERI-1199) (C:\Users\Jing-XuanTan(i)\Downloads\evsoc-efinity-v2026.1.132\evsoc-efinity-v2026.1.132\cam_single\Ti60F225_dsi\source/axi/axi_interconnect.v:181)
[EFX-0011 VERI-WARNING] parameter 'AUSER_WIDTH' becomes localparam in 'axi_interconnect' with formal parameter declaration list (VERI-1199) (C:\Users\Jing-XuanTan(i)\Downloads\evsoc-efinity-v2026.1.132\evsoc-efinity-v2026.1.132\cam_single\Ti60F225_dsi\source/axi/axi_interconnect.v:183)
[EFX-0011 VERI-WARNING] parameter 'M_BASE_ADDR_INT' becomes localparam in 'axi_interconnect' with formal parameter declaration list (VERI-1199) (C:\Users\Jing-XuanTan(i)\Downloads\evsoc-efinity-v2026.1.132\evsoc-efinity-v2026.1.132\cam_single\Ti60F225_dsi\source/axi/axi_interconnect.v:202)
[EFX-0011 VERI-WARNING] parameter 'W1' becomes localparam in 'priority_encoder' with formal parameter declaration list (VERI-1199) (C:\Users\Jing-XuanTan(i)\Downloads\evsoc-efinity-v2026.1.132\evsoc-efinity-v2026.1.132\cam_single\Ti60F225_dsi\source/axi/priority_encoder.v:39)
[EFX-0011 VERI-WARNING] parameter 'W2' becomes localparam in 'priority_encoder' with formal parameter declaration list (VERI-1199) (C:\Users\Jing-XuanTan(i)\Downloads\evsoc-efinity-v2026.1.132\evsoc-efinity-v2026.1.132\cam_single\Ti60F225_dsi\source/axi/priority_encoder.v:40)
[EFX-0011 VERI-WARNING] parameter 'X_OUT_RATIO' becomes localparam in 'cam_scaling' with formal parameter declaration list (VERI-1199) (C:\Users\Jing-XuanTan(i)\Downloads\evsoc-efinity-v2026.1.132\evsoc-efinity-v2026.1.132\cam_single\Ti60F225_dsi\source/cam/cam_scaling.v:31)
[EFX-0011 VERI-WARNING] parameter 'X_IN_RATIO' becomes localparam in 'cam_scaling' with formal parameter declaration list (VERI-1199) (C:\Users\Jing-XuanTan(i)\Downloads\evsoc-efinity-v2026.1.132\evsoc-efinity-v2026.1.132\cam_single\Ti60F225_dsi\source/cam/cam_scaling.v:32)
[EFX-0011 VERI-WARNING] parameter 'Y_OUT_RATIO' becomes localparam in 'cam_scaling' with formal parameter declaration list (VERI-1199) (C:\Users\Jing-XuanTan(i)\Downloads\evsoc-efinity-v2026.1.132\evsoc-efinity-v2026.1.132\cam_single\Ti60F225_dsi\source/cam/cam_scaling.v:33)
[EFX-0011 VERI-WARNING] parameter 'Y_IN_RATIO' becomes localparam in 'cam_scaling' with formal parameter declaration list (VERI-1199) (C:\Users\Jing-XuanTan(i)\Downloads\evsoc-efinity-v2026.1.132\evsoc-efinity-v2026.1.132\cam_single\Ti60F225_dsi\source/cam/cam_scaling.v:34)
[EFX-0011 VERI-WARNING] parameter '**' becomes localparam in '**' with formal parameter declaration list (VERI-1199) (C:\Users\Jing-XuanTan(i)\Downloads\evsoc-efinity-v2026.1.132\evsoc-efinity-v2026.1.132\cam_single\Ti60F225_dsi\ip\hbram\hbram.sv:4976)
[EFX-0011 VERI-WARNING] parameter '**' becomes localparam in '**' with formal parameter declaration list (VERI-1199) (C:\Users\Jing-XuanTan(i)\Downloads\evsoc-efinity-v2026.1.132\evsoc-efinity-v2026.1.132\cam_single\Ti60F225_dsi\ip\hbram\hbram.sv:5309)
[EFX-0011 VERI-WARNING] port 'system_spi_0_io_data_2_read' is not connected on this instance (VERI-2435) (C:\Users\Jing-XuanTan(i)\Downloads\evsoc-efinity-v2026.1.132\evsoc-efinity-v2026.1.132\cam_single\Ti60F225_dsi\edge_vision_soc.v:1269)
[EFX-0011 VERI-WARNING] port 'system_spi_0_io_data_2_write' remains unconnected for this instance (VERI-1927) (C:\Users\Jing-XuanTan(i)\Downloads\evsoc-efinity-v2026.1.132\evsoc-efinity-v2026.1.132\cam_single\Ti60F225_dsi\edge_vision_soc.v:1269)
[EFX-0011 VERI-WARNING] port 'dat1_o_tvalid' remains unconnected for this instance (VERI-1927) (C:\Users\Jing-XuanTan(i)\Downloads\evsoc-efinity-v2026.1.132\evsoc-efinity-v2026.1.132\cam_single\Ti60F225_dsi\edge_vision_soc.v:1416)
[EFX-0011 VERI-WARNING] port 'dat1_o_tready' is not connected on this instance (VERI-2435) (C:\Users\Jing-XuanTan(i)\Downloads\evsoc-efinity-v2026.1.132\evsoc-efinity-v2026.1.132\cam_single\Ti60F225_dsi\edge_vision_soc.v:1416)
[EFX-0011 VERI-WARNING] port 's_axi_awuser' remains unconnected for this instance (VERI-1927) (C:\Users\Jing-XuanTan(i)\Downloads\evsoc-efinity-v2026.1.132\evsoc-efinity-v2026.1.132\cam_single\Ti60F225_dsi\edge_vision_soc.v:1545)
[EFX-0011 VERI-WARNING] expression size 32 truncated to fit in target size 8 (VERI-1209) (C:\Users\Jing-XuanTan(i)\Downloads\evsoc-efinity-v2026.1.132\evsoc-efinity-v2026.1.132\cam_single\Ti60F225_dsi\edge_vision_soc.v:691)
[EFX-0011 VERI-WARNING] expression size 32 truncated to fit in target size 8 (VERI-1209) (C:\Users\Jing-XuanTan(i)\Downloads\evsoc-efinity-v2026.1.132\evsoc-efinity-v2026.1.132\cam_single\Ti60F225_dsi\edge_vision_soc.v:692)
[EFX-0011 VERI-WARNING] expression size ** truncated to fit in target size ** (VERI-1209) (C:\Users\Jing-XuanTan(i)\Downloads\evsoc-efinity-v2026.1.132\evsoc-efinity-v2026.1.132\cam_single\Ti60F225_dsi\ip\csi2_rx_cam\csi2_rx_cam.sv:7306)
[EFX-0011 VERI-WARNING] expression size ** truncated to fit in target size ** (VERI-1209) (C:\Users\Jing-XuanTan(i)\Downloads\evsoc-efinity-v2026.1.132\evsoc-efinity-v2026.1.132\cam_single\Ti60F225_dsi\ip\csi2_rx_cam\csi2_rx_cam.sv:4119)
[EFX-0011 VERI-WARNING] assignment and/or driver for '**' inside static function '**' is not preserved (VERI-2457) (C:\Users\Jing-XuanTan(i)\Downloads\evsoc-efinity-v2026.1.132\evsoc-efinity-v2026.1.132\cam_single\Ti60F225_dsi\ip\csi2_rx_cam\csi2_rx_cam.sv:1466)
[EFX-0011 VERI-WARNING] port '**' remains unconnected for this instance (VERI-1927) (C:\Users\Jing-XuanTan(i)\Downloads\evsoc-efinity-v2026.1.132\evsoc-efinity-v2026.1.132\cam_single\Ti60F225_dsi\ip\csi2_rx_cam\csi2_rx_cam.sv:1264)
[EFX-0011 VERI-WARNING] expression size ** truncated to fit in target size ** (VERI-1209) (C:\Users\Jing-XuanTan(i)\Downloads\evsoc-efinity-v2026.1.132\evsoc-efinity-v2026.1.132\cam_single\Ti60F225_dsi\ip\csi2_rx_cam\csi2_rx_cam.sv:1264)
[EFX-0011 VERI-WARNING] expression size ** truncated to fit in target size ** (VERI-1209) (C:\Users\Jing-XuanTan(i)\Downloads\evsoc-efinity-v2026.1.132\evsoc-efinity-v2026.1.132\cam_single\Ti60F225_dsi\ip\csi2_rx_cam\csi2_rx_cam.sv:2711)
[EFX-0011 VERI-WARNING] expression size ** truncated to fit in target size ** (VERI-1209) (C:\Users\Jing-XuanTan(i)\Downloads\evsoc-efinity-v2026.1.132\evsoc-efinity-v2026.1.132\cam_single\Ti60F225_dsi\ip\csi2_rx_cam\csi2_rx_cam.sv:2869)
[EFX-0011 VERI-WARNING] expression size ** truncated to fit in target size ** (VERI-1209) (C:\Users\Jing-XuanTan(i)\Downloads\evsoc-efinity-v2026.1.132\evsoc-efinity-v2026.1.132\cam_single\Ti60F225_dsi\ip\csi2_rx_cam\csi2_rx_cam.sv:1264)
[EFX-0011 VERI-WARNING] port 'rst_busy' remains unconnected for this instance (VERI-1927) (C:\Users\Jing-XuanTan(i)\Downloads\evsoc-efinity-v2026.1.132\evsoc-efinity-v2026.1.132\cam_single\Ti60F225_dsi\source/cam/cam_picam_v2.v:256)
[EFX-0011 VERI-WARNING] port 'rst_busy' remains unconnected for this instance (VERI-1927) (C:\Users\Jing-XuanTan(i)\Downloads\evsoc-efinity-v2026.1.132\evsoc-efinity-v2026.1.132\cam_single\Ti60F225_dsi\source/cam/cam_picam_v2.v:484)
[EFX-0011 VERI-WARNING] port 'a_wr_rst_i' remains unconnected for this instance (VERI-1927) (C:\Users\Jing-XuanTan(i)\Downloads\evsoc-efinity-v2026.1.132\evsoc-efinity-v2026.1.132\cam_single\Ti60F225_dsi\ip\cam_pixel_remap_fifo\cam_pixel_remap_fifo.sv:110)
[EFX-0011 VERI-WARNING] input port 'a_wr_rst_i' is not connected on this instance (VDB-1013) (C:\Users\Jing-XuanTan(i)\Downloads\evsoc-efinity-v2026.1.132\evsoc-efinity-v2026.1.132\cam_single\Ti60F225_dsi\ip\cam_pixel_remap_fifo\cam_pixel_remap_fifo.sv:92)
[EFX-0011 VERI-WARNING] expression size 32 truncated to fit in target size 11 (VERI-1209) (C:\Users\Jing-XuanTan(i)\Downloads\evsoc-efinity-v2026.1.132\evsoc-efinity-v2026.1.132\cam_single\Ti60F225_dsi\source/cam/cam_crop.v:82)
[EFX-0011 VERI-WARNING] port 'a_wr_rst_i' remains unconnected for this instance (VERI-1927) (C:\Users\Jing-XuanTan(i)\Downloads\evsoc-efinity-v2026.1.132\evsoc-efinity-v2026.1.132\cam_single\Ti60F225_dsi\ip\cam_dma_fifo\cam_dma_fifo.sv:110)
[EFX-0011 VERI-WARNING] input port 'a_wr_rst_i' is not connected on this instance (VDB-1013) (C:\Users\Jing-XuanTan(i)\Downloads\evsoc-efinity-v2026.1.132\evsoc-efinity-v2026.1.132\cam_single\Ti60F225_dsi\ip\cam_dma_fifo\cam_dma_fifo.sv:92)
[EFX-0011 VERI-WARNING] actual bit length 32 differs from formal bit length 1 for port 'i_dbg_we' (VERI-1330) (C:\Users\Jing-XuanTan(i)\Downloads\evsoc-efinity-v2026.1.132\evsoc-efinity-v2026.1.132\cam_single\Ti60F225_dsi\edge_vision_soc.v:910)
[EFX-0011 VERI-WARNING] actual bit length 32 differs from formal bit length 40 for port 'i_dbg_din' (VERI-1330) (C:\Users\Jing-XuanTan(i)\Downloads\evsoc-efinity-v2026.1.132\evsoc-efinity-v2026.1.132\cam_single\Ti60F225_dsi\edge_vision_soc.v:911)
[EFX-0011 VERI-WARNING] actual bit length 32 differs from formal bit length 9 for port 'i_dbg_addr' (VERI-1330) (C:\Users\Jing-XuanTan(i)\Downloads\evsoc-efinity-v2026.1.132\evsoc-efinity-v2026.1.132\cam_single\Ti60F225_dsi\edge_vision_soc.v:912)
[EFX-0011 VERI-WARNING] actual bit length 32 differs from formal bit length 1 for port 'i_dbg_reconfig' (VERI-1330) (C:\Users\Jing-XuanTan(i)\Downloads\evsoc-efinity-v2026.1.132\evsoc-efinity-v2026.1.132\cam_single\Ti60F225_dsi\edge_vision_soc.v:914)
[EFX-0011 VERI-WARNING] port 'rst_busy' remains unconnected for this instance (VERI-1927) (C:\Users\Jing-XuanTan(i)\Downloads\evsoc-efinity-v2026.1.132\evsoc-efinity-v2026.1.132\cam_single\Ti60F225_dsi\source/display/dsi/display_dsi.v:265)
[EFX-0011 VERI-WARNING] actual bit length 11 differs from formal bit length 14 for port 'out_x' (VERI-1330) (C:\Users\Jing-XuanTan(i)\Downloads\evsoc-efinity-v2026.1.132\evsoc-efinity-v2026.1.132\cam_single\Ti60F225_dsi\source/display/dsi/display_dsi.v:127)
[EFX-0011 VERI-WARNING] actual bit length 11 differs from formal bit length 12 for port 'out_y' (VERI-1330) (C:\Users\Jing-XuanTan(i)\Downloads\evsoc-efinity-v2026.1.132\evsoc-efinity-v2026.1.132\cam_single\Ti60F225_dsi\source/display/dsi/display_dsi.v:128)
[EFX-0011 VERI-WARNING] expression size 16 truncated to fit in target size 8 (VERI-1209) (C:\Users\Jing-XuanTan(i)\Downloads\evsoc-efinity-v2026.1.132\evsoc-efinity-v2026.1.132\cam_single\Ti60F225_dsi\source/cam/scale_up_2x_nn.v:127)
[EFX-0011 VERI-WARNING] expression size 16 truncated to fit in target size 8 (VERI-1209) (C:\Users\Jing-XuanTan(i)\Downloads\evsoc-efinity-v2026.1.132\evsoc-efinity-v2026.1.132\cam_single\Ti60F225_dsi\source/cam/scale_up_2x_nn.v:128)
[EFX-0011 VERI-WARNING] expression size 16 truncated to fit in target size 8 (VERI-1209) (C:\Users\Jing-XuanTan(i)\Downloads\evsoc-efinity-v2026.1.132\evsoc-efinity-v2026.1.132\cam_single\Ti60F225_dsi\source/cam/scale_up_2x_nn.v:129)
[EFX-0011 VERI-WARNING] port 'a_wr_rst_i' remains unconnected for this instance (VERI-1927) (C:\Users\Jing-XuanTan(i)\Downloads\evsoc-efinity-v2026.1.132\evsoc-efinity-v2026.1.132\cam_single\Ti60F225_dsi\ip\display_dma_fifo\display_dma_fifo.sv:110)
[EFX-0011 VERI-WARNING] input port 'a_wr_rst_i' is not connected on this instance (VDB-1013) (C:\Users\Jing-XuanTan(i)\Downloads\evsoc-efinity-v2026.1.132\evsoc-efinity-v2026.1.132\cam_single\Ti60F225_dsi\ip\display_dma_fifo\display_dma_fifo.sv:92)
[EFX-0011 VERI-WARNING] actual bit length 10 differs from formal bit length 11 for port 'datacount_o' (VERI-1330) (C:\Users\Jing-XuanTan(i)\Downloads\evsoc-efinity-v2026.1.132\evsoc-efinity-v2026.1.132\cam_single\Ti60F225_dsi\source/display/dsi/display_dsi.v:264)
[EFX-0011 VERI-WARNING] port '**' remains unconnected for this instance (VERI-1927) (C:\Users\Jing-XuanTan(i)\Downloads\evsoc-efinity-v2026.1.132\evsoc-efinity-v2026.1.132\cam_single\Ti60F225_dsi\ip\dsi_tx_display\dsi_tx_display.sv:5436)
[EFX-0011 VERI-WARNING] assignment and/or driver for '**' inside static function '**' is not preserved (VERI-2457) (C:\Users\Jing-XuanTan(i)\Downloads\evsoc-efinity-v2026.1.132\evsoc-efinity-v2026.1.132\cam_single\Ti60F225_dsi\ip\dsi_tx_display\dsi_tx_display.sv:2885)
[EFX-0011 VERI-WARNING] port '**' remains unconnected for this instance (VERI-1927) (C:\Users\Jing-XuanTan(i)\Downloads\evsoc-efinity-v2026.1.132\evsoc-efinity-v2026.1.132\cam_single\Ti60F225_dsi\ip\dsi_tx_display\dsi_tx_display.sv:5689)
[EFX-0011 VERI-WARNING] expression size ** truncated to fit in target size ** (VERI-1209) (C:\Users\Jing-XuanTan(i)\Downloads\evsoc-efinity-v2026.1.132\evsoc-efinity-v2026.1.132\cam_single\Ti60F225_dsi\ip\dsi_tx_display\dsi_tx_display.sv:5689)
[EFX-0011 VERI-WARNING] expression size ** truncated to fit in target size ** (VERI-1209) (C:\Users\Jing-XuanTan(i)\Downloads\evsoc-efinity-v2026.1.132\evsoc-efinity-v2026.1.132\cam_single\Ti60F225_dsi\ip\dsi_tx_display\dsi_tx_display.sv:7297)
[EFX-0011 VERI-WARNING] port '**' remains unconnected for this instance (VERI-1927) (C:\Users\Jing-XuanTan(i)\Downloads\evsoc-efinity-v2026.1.132\evsoc-efinity-v2026.1.132\cam_single\Ti60F225_dsi\ip\dsi_tx_display\dsi_tx_display.sv:1596)
[EFX-0011 VERI-WARNING] expression size ** truncated to fit in target size ** (VERI-1209) (C:\Users\Jing-XuanTan(i)\Downloads\evsoc-efinity-v2026.1.132\evsoc-efinity-v2026.1.132\cam_single\Ti60F225_dsi\ip\dsi_tx_display\dsi_tx_display.sv:1596)
[EFX-0011 VERI-WARNING] port '**' remains unconnected for this instance (VERI-1927) (C:\Users\Jing-XuanTan(i)\Downloads\evsoc-efinity-v2026.1.132\evsoc-efinity-v2026.1.132\cam_single\Ti60F225_dsi\ip\dsi_tx_display\dsi_tx_display.sv:2500)
[EFX-0011 VERI-WARNING] expression size ** truncated to fit in target size ** (VERI-1209) (C:\Users\Jing-XuanTan(i)\Downloads\evsoc-efinity-v2026.1.132\evsoc-efinity-v2026.1.132\cam_single\Ti60F225_dsi\ip\dsi_tx_display\dsi_tx_display.sv:2500)
[EFX-0011 VERI-WARNING] assignment and/or driver for '**' inside static function '**' is not preserved (VERI-2457) (C:\Users\Jing-XuanTan(i)\Downloads\evsoc-efinity-v2026.1.132\evsoc-efinity-v2026.1.132\cam_single\Ti60F225_dsi\ip\dsi_tx_display\dsi_tx_display.sv:3474)
[EFX-0011 VERI-WARNING] actual bit length 32 differs from formal bit length 16 for port 'haddr' (VERI-1330) (C:\Users\Jing-XuanTan(i)\Downloads\evsoc-efinity-v2026.1.132\evsoc-efinity-v2026.1.132\cam_single\Ti60F225_dsi\edge_vision_soc.v:1044)
[EFX-0011 VERI-WARNING] port 'ram_clk_cal_2' is not connected on this instance (VERI-2435) (C:\Users\Jing-XuanTan(i)\Downloads\evsoc-efinity-v2026.1.132\evsoc-efinity-v2026.1.132\cam_single\Ti60F225_dsi\ip\hbram\hbram.sv:200)
[EFX-0011 VERI-WARNING] port 'native_clk' remains unconnected for this instance (VERI-1927) (C:\Users\Jing-XuanTan(i)\Downloads\evsoc-efinity-v2026.1.132\evsoc-efinity-v2026.1.132\cam_single\Ti60F225_dsi\ip\hbram\hbram.sv:200)
[EFX-0011 VERI-WARNING] port '**' remains unconnected for this instance (VERI-1927) (C:\Users\Jing-XuanTan(i)\Downloads\evsoc-efinity-v2026.1.132\evsoc-efinity-v2026.1.132\cam_single\Ti60F225_dsi\ip\hbram\hbram.sv:1134)
[EFX-0011 VERI-WARNING] expression size 32 truncated to fit in target size 9 (VERI-1209) (C:\Users\Jing-XuanTan(i)\Downloads\evsoc-efinity-v2026.1.132\evsoc-efinity-v2026.1.132\cam_single\Ti60F225_dsi\ip\hbram\hbram.sv:5791)
[EFX-0011 VERI-WARNING] expression size 32 truncated to fit in target size 11 (VERI-1209) (C:\Users\Jing-XuanTan(i)\Downloads\evsoc-efinity-v2026.1.132\evsoc-efinity-v2026.1.132\cam_single\Ti60F225_dsi\ip\hbram\hbram.sv:5792)
[EFX-0011 VERI-WARNING] expression size ** truncated to fit in target size ** (VERI-1209) (C:\Users\Jing-XuanTan(i)\Downloads\evsoc-efinity-v2026.1.132\evsoc-efinity-v2026.1.132\cam_single\Ti60F225_dsi\ip\hbram\hbram.sv:1134)
[EFX-0011 VERI-WARNING] expression size 32 truncated to fit in target size 11 (VERI-1209) (C:\Users\Jing-XuanTan(i)\Downloads\evsoc-efinity-v2026.1.132\evsoc-efinity-v2026.1.132\cam_single\Ti60F225_dsi\ip\hbram\hbram.sv:5806)
[EFX-0011 VERI-WARNING] expression size 32 truncated to fit in target size 9 (VERI-1209) (C:\Users\Jing-XuanTan(i)\Downloads\evsoc-efinity-v2026.1.132\evsoc-efinity-v2026.1.132\cam_single\Ti60F225_dsi\ip\hbram\hbram.sv:5807)
[EFX-0011 VERI-WARNING] expression size ** truncated to fit in target size ** (VERI-1209) (C:\Users\Jing-XuanTan(i)\Downloads\evsoc-efinity-v2026.1.132\evsoc-efinity-v2026.1.132\cam_single\Ti60F225_dsi\ip\hbram\hbram.sv:5309)
[EFX-0011 VERI-WARNING] actual bit length ** differs from formal bit length *** for port '**' (VERI-1330) (C:\Users\Jing-XuanTan(i)\Downloads\evsoc-efinity-v2026.1.132\evsoc-efinity-v2026.1.132\cam_single\Ti60F225_dsi\ip\hbram\hbram.sv:1946)
[EFX-0011 VERI-WARNING] expression size ** truncated to fit in target size ** (VERI-1209) (C:\Users\Jing-XuanTan(i)\Downloads\evsoc-efinity-v2026.1.132\evsoc-efinity-v2026.1.132\cam_single\Ti60F225_dsi\ip\hbram\hbram.sv:3545)
[EFX-0011 VERI-WARNING] actual bit length ** differs from formal bit length *** for port '**' (VERI-1330) (C:\Users\Jing-XuanTan(i)\Downloads\evsoc-efinity-v2026.1.132\evsoc-efinity-v2026.1.132\cam_single\Ti60F225_dsi\ip\hbram\hbram.sv:2351)
[EFX-0011 VERI-WARNING] expression size ** truncated to fit in target size ** (VERI-1209) (C:\Users\Jing-XuanTan(i)\Downloads\evsoc-efinity-v2026.1.132\evsoc-efinity-v2026.1.132\cam_single\Ti60F225_dsi\ip\hbram\hbram.sv:4591)
[EFX-0011 VERI-WARNING] input port 'ram_clk_cal_2' remains unconnected for this instance (VDB-1053) (C:\Users\Jing-XuanTan(i)\Downloads\evsoc-efinity-v2026.1.132\evsoc-efinity-v2026.1.132\cam_single\Ti60F225_dsi\ip\hbram\hbram.sv:147)
[EFX-0011 VERI-WARNING] input port 'native_clk' is not connected on this instance (VDB-1013) (C:\Users\Jing-XuanTan(i)\Downloads\evsoc-efinity-v2026.1.132\evsoc-efinity-v2026.1.132\cam_single\Ti60F225_dsi\ip\hbram\hbram.sv:147)
[EFX-0011 VERI-WARNING] system task 'display' is ignored for synthesis (VERI-1142) (C:\Users\Jing-XuanTan(i)\Downloads\evsoc-efinity-v2026.1.132\evsoc-efinity-v2026.1.132\cam_single\Ti60F225_dsi\ip\SapphireSoc\SapphireSoc.v:22380)
[EFX-0011 VERI-WARNING] net 'IBusCachedPlugin_cache_io_cpu_fetch_isRemoved' does not have a driver (VDB-1002) (C:\Users\Jing-XuanTan(i)\Downloads\evsoc-efinity-v2026.1.132\evsoc-efinity-v2026.1.132\cam_single\Ti60F225_dsi\ip\SapphireSoc\SapphireSoc.v:12883)
[EFX-0011 VERI-WARNING] net 'dataCache_1_io_cpu_writeBack_fence_SW' does not have a driver (VDB-1002) (C:\Users\Jing-XuanTan(i)\Downloads\evsoc-efinity-v2026.1.132\evsoc-efinity-v2026.1.132\cam_single\Ti60F225_dsi\ip\SapphireSoc\SapphireSoc.v:12896)
[EFX-0011 VERI-WARNING] net 'dataCache_1_io_cpu_writeBack_fence_SR' does not have a driver (VDB-1002) (C:\Users\Jing-XuanTan(i)\Downloads\evsoc-efinity-v2026.1.132\evsoc-efinity-v2026.1.132\cam_single\Ti60F225_dsi\ip\SapphireSoc\SapphireSoc.v:12897)
[EFX-0011 VERI-WARNING] net 'dataCache_1_io_cpu_writeBack_fence_SO' does not have a driver (VDB-1002) (C:\Users\Jing-XuanTan(i)\Downloads\evsoc-efinity-v2026.1.132\evsoc-efinity-v2026.1.132\cam_single\Ti60F225_dsi\ip\SapphireSoc\SapphireSoc.v:12898)
[EFX-0011 VERI-WARNING] net 'dataCache_1_io_cpu_writeBack_fence_SI' does not have a driver (VDB-1002) (C:\Users\Jing-XuanTan(i)\Downloads\evsoc-efinity-v2026.1.132\evsoc-efinity-v2026.1.132\cam_single\Ti60F225_dsi\ip\SapphireSoc\SapphireSoc.v:12899)
[EFX-0011 VERI-WARNING] net 'dataCache_1_io_cpu_writeBack_fence_PW' does not have a driver (VDB-1002) (C:\Users\Jing-XuanTan(i)\Downloads\evsoc-efinity-v2026.1.132\evsoc-efinity-v2026.1.132\cam_single\Ti60F225_dsi\ip\SapphireSoc\SapphireSoc.v:12900)
[EFX-0011 VERI-WARNING] net 'dataCache_1_io_cpu_writeBack_fence_PR' does not have a driver (VDB-1002) (C:\Users\Jing-XuanTan(i)\Downloads\evsoc-efinity-v2026.1.132\evsoc-efinity-v2026.1.132\cam_single\Ti60F225_dsi\ip\SapphireSoc\SapphireSoc.v:12901)
[EFX-0011 VERI-WARNING] net 'dataCache_1_io_cpu_writeBack_fence_PO' does not have a driver (VDB-1002) (C:\Users\Jing-XuanTan(i)\Downloads\evsoc-efinity-v2026.1.132\evsoc-efinity-v2026.1.132\cam_single\Ti60F225_dsi\ip\SapphireSoc\SapphireSoc.v:12902)
[EFX-0011 VERI-WARNING] net 'dataCache_1_io_cpu_writeBack_fence_PI' does not have a driver (VDB-1002) (C:\Users\Jing-XuanTan(i)\Downloads\evsoc-efinity-v2026.1.132\evsoc-efinity-v2026.1.132\cam_single\Ti60F225_dsi\ip\SapphireSoc\SapphireSoc.v:12903)
[EFX-0011 VERI-WARNING] net 'dataCache_1_io_cpu_writeBack_fence_FM[3]' does not have a driver (VDB-1002) (C:\Users\Jing-XuanTan(i)\Downloads\evsoc-efinity-v2026.1.132\evsoc-efinity-v2026.1.132\cam_single\Ti60F225_dsi\ip\SapphireSoc\SapphireSoc.v:12904)
[EFX-0011 VERI-WARNING] net 'IBusCachedPlugin_mmuBus_rsp_bypassTranslation' does not have a driver (VDB-1002) (C:\Users\Jing-XuanTan(i)\Downloads\evsoc-efinity-v2026.1.132\evsoc-efinity-v2026.1.132\cam_single\Ti60F225_dsi\ip\SapphireSoc\SapphireSoc.v:13411)
[EFX-0011 VERI-WARNING] net 'DBusCachedPlugin_mmuBus_rsp_bypassTranslation' does not have a driver (VDB-1002) (C:\Users\Jing-XuanTan(i)\Downloads\evsoc-efinity-v2026.1.132\evsoc-efinity-v2026.1.132\cam_single\Ti60F225_dsi\ip\SapphireSoc\SapphireSoc.v:13437)
[EFX-0011 VERI-WARNING] net 'IBusCachedPlugin_iBusRsp_output_payload_rsp_error' does not have a driver (VDB-1002) (C:\Users\Jing-XuanTan(i)\Downloads\evsoc-efinity-v2026.1.132\evsoc-efinity-v2026.1.132\cam_single\Ti60F225_dsi\ip\SapphireSoc\SapphireSoc.v:13545)
[EFX-0011 VERI-WARNING] net 'IBusCachedPlugin_iBusRsp_output_payload_isRvc' does not have a driver (VDB-1002) (C:\Users\Jing-XuanTan(i)\Downloads\evsoc-efinity-v2026.1.132\evsoc-efinity-v2026.1.132\cam_single\Ti60F225_dsi\ip\SapphireSoc\SapphireSoc.v:13547)
[EFX-0011 VERI-WARNING] net 'CsrPlugin_mtvec_mode[1]' does not have a driver (VDB-1002) (C:\Users\Jing-XuanTan(i)\Downloads\evsoc-efinity-v2026.1.132\evsoc-efinity-v2026.1.132\cam_single\Ti60F225_dsi\ip\SapphireSoc\SapphireSoc.v:13781)
[EFX-0011 VERI-WARNING] system function call 'urandom' is not supported (VERI-1141) (C:\Users\Jing-XuanTan(i)\Downloads\evsoc-efinity-v2026.1.132\evsoc-efinity-v2026.1.132\cam_single\Ti60F225_dsi\ip\SapphireSoc\SapphireSoc.v:21505)
[EFX-0011 VERI-WARNING] system function call 'urandom' is not supported (VERI-1141) (C:\Users\Jing-XuanTan(i)\Downloads\evsoc-efinity-v2026.1.132\evsoc-efinity-v2026.1.132\cam_single\Ti60F225_dsi\ip\SapphireSoc\SapphireSoc.v:21506)
[EFX-0011 VERI-WARNING] system function call 'urandom' is not supported (VERI-1141) (C:\Users\Jing-XuanTan(i)\Downloads\evsoc-efinity-v2026.1.132\evsoc-efinity-v2026.1.132\cam_single\Ti60F225_dsi\ip\SapphireSoc\SapphireSoc.v:23686)
[EFX-0011 VERI-WARNING] system function call 'urandom' is not supported (VERI-1141) (C:\Users\Jing-XuanTan(i)\Downloads\evsoc-efinity-v2026.1.132\evsoc-efinity-v2026.1.132\cam_single\Ti60F225_dsi\ip\SapphireSoc\SapphireSoc.v:23687)
[EFX-0011 VERI-WARNING] system function call 'urandom' is not supported (VERI-1141) (C:\Users\Jing-XuanTan(i)\Downloads\evsoc-efinity-v2026.1.132\evsoc-efinity-v2026.1.132\cam_single\Ti60F225_dsi\ip\SapphireSoc\SapphireSoc.v:5873)
[EFX-0011 VERI-WARNING] system function call 'urandom' is not supported (VERI-1141) (C:\Users\Jing-XuanTan(i)\Downloads\evsoc-efinity-v2026.1.132\evsoc-efinity-v2026.1.132\cam_single\Ti60F225_dsi\ip\SapphireSoc\SapphireSoc.v:5874)
[EFX-0011 VERI-WARNING] net 'slaveRegOut[31]' does not have a driver (VDB-1002) (C:\Users\Jing-XuanTan(i)\Downloads\evsoc-efinity-v2026.1.132\evsoc-efinity-v2026.1.132\cam_single\Ti60F225_dsi\source\hw_accel\hw_accel_apb3.v:38)
[EFX-0011 VERI-WARNING] port 'rst_busy' remains unconnected for this instance (VERI-1927) (C:\Users\Jing-XuanTan(i)\Downloads\evsoc-efinity-v2026.1.132\evsoc-efinity-v2026.1.132\cam_single\Ti60F225_dsi\source/hw_accel/hw_accel_wrapper.v:176)
[EFX-0011 VERI-WARNING] port 'rst_busy' remains unconnected for this instance (VERI-1927) (C:\Users\Jing-XuanTan(i)\Downloads\evsoc-efinity-v2026.1.132\evsoc-efinity-v2026.1.132\cam_single\Ti60F225_dsi\source/hw_accel/hw_accel_wrapper.v:202)
[EFX-0011 VERI-WARNING] port 'a_wr_rst_i' remains unconnected for this instance (VERI-1927) (C:\Users\Jing-XuanTan(i)\Downloads\evsoc-efinity-v2026.1.132\evsoc-efinity-v2026.1.132\cam_single\Ti60F225_dsi\ip\hw_accel_dma_in_fifo\hw_accel_dma_in_fifo.sv:112)
[EFX-0011 VERI-WARNING] input port 'a_wr_rst_i' is not connected on this instance (VDB-1013) (C:\Users\Jing-XuanTan(i)\Downloads\evsoc-efinity-v2026.1.132\evsoc-efinity-v2026.1.132\cam_single\Ti60F225_dsi\ip\hw_accel_dma_in_fifo\hw_accel_dma_in_fifo.sv:93)
[EFX-0011 VERI-WARNING] port 'a_wr_rst_i' remains unconnected for this instance (VERI-1927) (C:\Users\Jing-XuanTan(i)\Downloads\evsoc-efinity-v2026.1.132\evsoc-efinity-v2026.1.132\cam_single\Ti60F225_dsi\ip\hw_accel_dma_out_fifo\hw_accel_dma_out_fifo.sv:112)
[EFX-0011 VERI-WARNING] input port 'a_wr_rst_i' is not connected on this instance (VDB-1013) (C:\Users\Jing-XuanTan(i)\Downloads\evsoc-efinity-v2026.1.132\evsoc-efinity-v2026.1.132\cam_single\Ti60F225_dsi\ip\hw_accel_dma_out_fifo\hw_accel_dma_out_fifo.sv:93)
[EFX-0011 VERI-WARNING] system function call 'urandom' is not supported (VERI-1141) (C:\Users\Jing-XuanTan(i)\Downloads\evsoc-efinity-v2026.1.132\evsoc-efinity-v2026.1.132\cam_single\Ti60F225_dsi\ip\dma\dma.v:13453)
[EFX-0011 VERI-WARNING] system function call 'urandom' is not supported (VERI-1141) (C:\Users\Jing-XuanTan(i)\Downloads\evsoc-efinity-v2026.1.132\evsoc-efinity-v2026.1.132\cam_single\Ti60F225_dsi\ip\dma\dma.v:13454)
[EFX-0011 VERI-WARNING] system function call 'urandom' is not supported (VERI-1141) (C:\Users\Jing-XuanTan(i)\Downloads\evsoc-efinity-v2026.1.132\evsoc-efinity-v2026.1.132\cam_single\Ti60F225_dsi\ip\dma\dma.v:13455)
[EFX-0011 VERI-WARNING] system function call 'urandom' is not supported (VERI-1141) (C:\Users\Jing-XuanTan(i)\Downloads\evsoc-efinity-v2026.1.132\evsoc-efinity-v2026.1.132\cam_single\Ti60F225_dsi\ip\dma\dma.v:13456)
[EFX-0011 VERI-WARNING] system function call 'urandom' is not supported (VERI-1141) (C:\Users\Jing-XuanTan(i)\Downloads\evsoc-efinity-v2026.1.132\evsoc-efinity-v2026.1.132\cam_single\Ti60F225_dsi\ip\dma\dma.v:13457)
[EFX-0011 VERI-WARNING] actual bit length 16 differs from formal bit length 14 for port 'ctrl_PADDR' (VERI-1330) (C:\Users\Jing-XuanTan(i)\Downloads\evsoc-efinity-v2026.1.132\evsoc-efinity-v2026.1.132\cam_single\Ti60F225_dsi\edge_vision_soc.v:1332)
[EFX-0011 VERI-WARNING] system task 'display' is ignored for synthesis (VERI-1142) (C:\Users\Jing-XuanTan(i)\Downloads\evsoc-efinity-v2026.1.132\evsoc-efinity-v2026.1.132\cam_single\Ti60F225_dsi\source/axi/axi_interconnect.v:220)
[EFX-0011 VERI-WARNING] system task 'display' is ignored for synthesis (VERI-1142) (C:\Users\Jing-XuanTan(i)\Downloads\evsoc-efinity-v2026.1.132\evsoc-efinity-v2026.1.132\cam_single\Ti60F225_dsi\source/axi/axi_interconnect.v:223)
[EFX-0011 VERI-WARNING] expression size 32 truncated to fit in target size 2 (VERI-1209) (C:\Users\Jing-XuanTan(i)\Downloads\evsoc-efinity-v2026.1.132\evsoc-efinity-v2026.1.132\cam_single\Ti60F225_dsi\source/axi/priority_encoder.v:89)
[EFX-0011 VERI-WARNING] expression size 32 truncated to fit in target size 4 (VERI-1209) (C:\Users\Jing-XuanTan(i)\Downloads\evsoc-efinity-v2026.1.132\evsoc-efinity-v2026.1.132\cam_single\Ti60F225_dsi\source/axi/priority_encoder.v:89)
[EFX-0011 VERI-WARNING] right shift count >= width of value (VERI-1959) (C:\Users\Jing-XuanTan(i)\Downloads\evsoc-efinity-v2026.1.132\evsoc-efinity-v2026.1.132\cam_single\Ti60F225_dsi\source/axi/axi_interconnect.v:566)
[EFX-0011 VERI-WARNING] expression size 32 truncated to fit in target size 8 (VERI-1209) (C:\Users\Jing-XuanTan(i)\Downloads\evsoc-efinity-v2026.1.132\evsoc-efinity-v2026.1.132\cam_single\Ti60F225_dsi\source/axi/axi_interconnect.v:689)
[EFX-0011 VERI-WARNING] input port 'Rx_HS_D_2[7]' remains unconnected for this instance (VDB-1053) (C:\Users\Jing-XuanTan(i)\Downloads\evsoc-efinity-v2026.1.132\evsoc-efinity-v2026.1.132\cam_single\Ti60F225_dsi\edge_vision_soc.v:729)
[EFX-0011 VERI-WARNING] input port 'system_spi_0_io_data_2_read' remains unconnected for this instance (VDB-1053) (C:\Users\Jing-XuanTan(i)\Downloads\evsoc-efinity-v2026.1.132\evsoc-efinity-v2026.1.132\cam_single\Ti60F225_dsi\edge_vision_soc.v:1168)
[EFX-0011 VERI-WARNING] input port 'dat1_o_tready' remains unconnected for this instance (VDB-1053) (C:\Users\Jing-XuanTan(i)\Downloads\evsoc-efinity-v2026.1.132\evsoc-efinity-v2026.1.132\cam_single\Ti60F225_dsi\edge_vision_soc.v:1327)
[EFX-0011 VERI-WARNING] input port 's_axi_awuser[1]' remains unconnected for this instance (VDB-1053) (C:\Users\Jing-XuanTan(i)\Downloads\evsoc-efinity-v2026.1.132\evsoc-efinity-v2026.1.132\cam_single\Ti60F225_dsi\edge_vision_soc.v:1464)
[EFX-0200 WARNING] Removing redundant signal : Rx_HS_D_2[7:0]. (C:\Users\Jing-XuanTan(i)\Downloads\evsoc-efinity-v2026.1.132\evsoc-efinity-v2026.1.132\cam_single\Ti60F225_dsi\ip\csi2_rx_cam\csi2_rx_cam.sv:6307)
[EFX-0200 WARNING] Removing redundant signal : Rx_HS_D_3[7:0]. (C:\Users\Jing-XuanTan(i)\Downloads\evsoc-efinity-v2026.1.132\evsoc-efinity-v2026.1.132\cam_single\Ti60F225_dsi\ip\csi2_rx_cam\csi2_rx_cam.sv:6307)
[EFX-0200 WARNING] Removing redundant signal : Rx_HS_D_4[7:0]. (C:\Users\Jing-XuanTan(i)\Downloads\evsoc-efinity-v2026.1.132\evsoc-efinity-v2026.1.132\cam_single\Ti60F225_dsi\ip\csi2_rx_cam\csi2_rx_cam.sv:6307)
[EFX-0200 WARNING] Removing redundant signal : Rx_HS_D_5[7:0]. (C:\Users\Jing-XuanTan(i)\Downloads\evsoc-efinity-v2026.1.132\evsoc-efinity-v2026.1.132\cam_single\Ti60F225_dsi\ip\csi2_rx_cam\csi2_rx_cam.sv:6307)
[EFX-0200 WARNING] Removing redundant signal : Rx_HS_D_6[7:0]. (C:\Users\Jing-XuanTan(i)\Downloads\evsoc-efinity-v2026.1.132\evsoc-efinity-v2026.1.132\cam_single\Ti60F225_dsi\ip\csi2_rx_cam\csi2_rx_cam.sv:6307)
[EFX-0200 WARNING] Removing redundant signal : Rx_HS_D_7[7:0]. (C:\Users\Jing-XuanTan(i)\Downloads\evsoc-efinity-v2026.1.132\evsoc-efinity-v2026.1.132\cam_single\Ti60F225_dsi\ip\csi2_rx_cam\csi2_rx_cam.sv:6307)
[EFX-0200 WARNING] Removing redundant signal : u_dly_enable_D[1:0]. (C:\Users\Jing-XuanTan(i)\Downloads\evsoc-efinity-v2026.1.132\evsoc-efinity-v2026.1.132\cam_single\Ti60F225_dsi\ip\csi2_rx_cam\csi2_rx_cam.sv:6307)
[EFX-0200 WARNING] Removing redundant signal : u_dly_inc_D[1:0]. (C:\Users\Jing-XuanTan(i)\Downloads\evsoc-efinity-v2026.1.132\evsoc-efinity-v2026.1.132\cam_single\Ti60F225_dsi\ip\csi2_rx_cam\csi2_rx_cam.sv:6307)
[EFX-0200 WARNING] Removing redundant signal : axi_awaddr[1:0]. (C:\Users\Jing-XuanTan(i)\Downloads\evsoc-efinity-v2026.1.132\evsoc-efinity-v2026.1.132\cam_single\Ti60F225_dsi\ip\csi2_rx_cam\csi2_rx_cam.sv:5564)
[EFX-0200 WARNING] Removing redundant signal : axi_araddr[1:0]. (C:\Users\Jing-XuanTan(i)\Downloads\evsoc-efinity-v2026.1.132\evsoc-efinity-v2026.1.132\cam_single\Ti60F225_dsi\ip\csi2_rx_cam\csi2_rx_cam.sv:5564)
[EFX-0200 WARNING] Removing redundant signal : loc_rdata[31:0]. (C:\Users\Jing-XuanTan(i)\Downloads\evsoc-efinity-v2026.1.132\evsoc-efinity-v2026.1.132\cam_single\Ti60F225_dsi\ip\csi2_rx_cam\csi2_rx_cam.sv:5564)
[EFX-0200 WARNING] Removing redundant signal : nextCRC16_D16.fcrc[15:0]. (C:\Users\Jing-XuanTan(i)\Downloads\evsoc-efinity-v2026.1.132\evsoc-efinity-v2026.1.132\cam_single\Ti60F225_dsi\ip\csi2_rx_cam\csi2_rx_cam.sv:1466)
[EFX-0200 WARNING] Removing redundant signal : nextCRC16_D16.Data[15:0]. (C:\Users\Jing-XuanTan(i)\Downloads\evsoc-efinity-v2026.1.132\evsoc-efinity-v2026.1.132\cam_single\Ti60F225_dsi\ip\csi2_rx_cam\csi2_rx_cam.sv:1466)
[EFX-0200 WARNING] Removing redundant signal : nextCRC16_D16[15:0]. (C:\Users\Jing-XuanTan(i)\Downloads\evsoc-efinity-v2026.1.132\evsoc-efinity-v2026.1.132\cam_single\Ti60F225_dsi\ip\csi2_rx_cam\csi2_rx_cam.sv:1466)
[EFX-0200 WARNING] Removing redundant signal : nextCRC16_D16.c[15:0]. (C:\Users\Jing-XuanTan(i)\Downloads\evsoc-efinity-v2026.1.132\evsoc-efinity-v2026.1.132\cam_single\Ti60F225_dsi\ip\csi2_rx_cam\csi2_rx_cam.sv:1466)
[EFX-0200 WARNING] Removing redundant signal : nextCRC16_D16.d[15:0]. (C:\Users\Jing-XuanTan(i)\Downloads\evsoc-efinity-v2026.1.132\evsoc-efinity-v2026.1.132\cam_single\Ti60F225_dsi\ip\csi2_rx_cam\csi2_rx_cam.sv:1466)
[EFX-0200 WARNING] Removing redundant signal : nextCRC16_D16.newcrc[15:0]. (C:\Users\Jing-XuanTan(i)\Downloads\evsoc-efinity-v2026.1.132\evsoc-efinity-v2026.1.132\cam_single\Ti60F225_dsi\ip\csi2_rx_cam\csi2_rx_cam.sv:1466)
[EFX-0200 WARNING] Removing redundant signal : nextCRC16_D8[15:0]. (C:\Users\Jing-XuanTan(i)\Downloads\evsoc-efinity-v2026.1.132\evsoc-efinity-v2026.1.132\cam_single\Ti60F225_dsi\ip\csi2_rx_cam\csi2_rx_cam.sv:1466)
[EFX-0200 WARNING] Removing redundant signal : nextCRC16_D8.Data[7:0]. (C:\Users\Jing-XuanTan(i)\Downloads\evsoc-efinity-v2026.1.132\evsoc-efinity-v2026.1.132\cam_single\Ti60F225_dsi\ip\csi2_rx_cam\csi2_rx_cam.sv:1466)
[EFX-0200 WARNING] Removing redundant signal : nextCRC16_D8.fcrc[15:0]. (C:\Users\Jing-XuanTan(i)\Downloads\evsoc-efinity-v2026.1.132\evsoc-efinity-v2026.1.132\cam_single\Ti60F225_dsi\ip\csi2_rx_cam\csi2_rx_cam.sv:1466)
[EFX-0201 WARNING] Re-wiring to GND non-driven net/port 'a_wr_rst_i' in module 'efx_fifo_top_04a96f5177a940fe94d182603b3fa9c9(FAMILY="",SYNC_CLK=1,PIPELINE_REG=0,OUTPUT_REG=1,PROGRAMMABLE_FULL="NONE",PROG_FULL_ASSERT=510,PROG_FULL_NEGATE=510,PROGRAMMABLE_EMPTY="NONE",PROG_EMPTY_ASSERT=2,PROG_EMPTY_NEGATE=3)'. (C:\Users\Jing-XuanTan(i)\Downloads\evsoc-efinity-v2026.1.132\evsoc-efinity-v2026.1.132\cam_single\Ti60F225_dsi\ip\cam_pixel_remap_fifo\cam_pixel_remap_fifo.sv:92)
[EFX-0201 WARNING] Re-wiring to GND non-driven net/port 'a_rd_rst_i' in module 'efx_fifo_top_04a96f5177a940fe94d182603b3fa9c9(FAMILY="",SYNC_CLK=1,PIPELINE_REG=0,OUTPUT_REG=1,PROGRAMMABLE_FULL="NONE",PROG_FULL_ASSERT=510,PROG_FULL_NEGATE=510,PROGRAMMABLE_EMPTY="NONE",PROG_EMPTY_ASSERT=2,PROG_EMPTY_NEGATE=3)'. (C:\Users\Jing-XuanTan(i)\Downloads\evsoc-efinity-v2026.1.132\evsoc-efinity-v2026.1.132\cam_single\Ti60F225_dsi\ip\cam_pixel_remap_fifo\cam_pixel_remap_fifo.sv:92)
[EFX-0201 WARNING] Re-wiring to GND non-driven net/port 'wr_clk_i' in module 'efx_fifo_top_04a96f5177a940fe94d182603b3fa9c9(FAMILY="",SYNC_CLK=1,PIPELINE_REG=0,OUTPUT_REG=1,PROGRAMMABLE_FULL="NONE",PROG_FULL_ASSERT=510,PROG_FULL_NEGATE=510,PROGRAMMABLE_EMPTY="NONE",PROG_EMPTY_ASSERT=2,PROG_EMPTY_NEGATE=3)'. (C:\Users\Jing-XuanTan(i)\Downloads\evsoc-efinity-v2026.1.132\evsoc-efinity-v2026.1.132\cam_single\Ti60F225_dsi\ip\cam_pixel_remap_fifo\cam_pixel_remap_fifo.sv:92)
[EFX-0201 WARNING] Re-wiring to GND non-driven net/port 'rd_clk_i' in module 'efx_fifo_top_04a96f5177a940fe94d182603b3fa9c9(FAMILY="",SYNC_CLK=1,PIPELINE_REG=0,OUTPUT_REG=1,PROGRAMMABLE_FULL="NONE",PROG_FULL_ASSERT=510,PROG_FULL_NEGATE=510,PROGRAMMABLE_EMPTY="NONE",PROG_EMPTY_ASSERT=2,PROG_EMPTY_NEGATE=3)'. (C:\Users\Jing-XuanTan(i)\Downloads\evsoc-efinity-v2026.1.132\evsoc-efinity-v2026.1.132\cam_single\Ti60F225_dsi\ip\cam_pixel_remap_fifo\cam_pixel_remap_fifo.sv:92)
[EFX-0201 WARNING] Re-wiring to GND non-driven net/port 'a_wr_rst_i' in module 'efx_fifo_top_b0792a13d328448586f08ea7d102f373(FAMILY="",SYNC_CLK=1,MODE="FWFT",DEPTH=1024,DATA_WIDTH=48,PIPELINE_REG=0,PROGRAMMABLE_FULL="NONE",PROG_FULL_ASSERT=512,PROG_FULL_NEGATE=512,PROGRAMMABLE_EMPTY="NONE",PROG_EMPTY_ASSERT=2,PROG_EMPTY_NEGATE=3)'. (C:\Users\Jing-XuanTan(i)\Downloads\evsoc-efinity-v2026.1.132\evsoc-efinity-v2026.1.132\cam_single\Ti60F225_dsi\ip\cam_dma_fifo\cam_dma_fifo.sv:92)
[EFX-0201 WARNING] Re-wiring to GND non-driven net/port 'a_rd_rst_i' in module 'efx_fifo_top_b0792a13d328448586f08ea7d102f373(FAMILY="",SYNC_CLK=1,MODE="FWFT",DEPTH=1024,DATA_WIDTH=48,PIPELINE_REG=0,PROGRAMMABLE_FULL="NONE",PROG_FULL_ASSERT=512,PROG_FULL_NEGATE=512,PROGRAMMABLE_EMPTY="NONE",PROG_EMPTY_ASSERT=2,PROG_EMPTY_NEGATE=3)'. (C:\Users\Jing-XuanTan(i)\Downloads\evsoc-efinity-v2026.1.132\evsoc-efinity-v2026.1.132\cam_single\Ti60F225_dsi\ip\cam_dma_fifo\cam_dma_fifo.sv:92)
[EFX-0201 WARNING] Re-wiring to GND non-driven net/port 'wr_clk_i' in module 'efx_fifo_top_b0792a13d328448586f08ea7d102f373(FAMILY="",SYNC_CLK=1,MODE="FWFT",DEPTH=1024,DATA_WIDTH=48,PIPELINE_REG=0,PROGRAMMABLE_FULL="NONE",PROG_FULL_ASSERT=512,PROG_FULL_NEGATE=512,PROGRAMMABLE_EMPTY="NONE",PROG_EMPTY_ASSERT=2,PROG_EMPTY_NEGATE=3)'. (C:\Users\Jing-XuanTan(i)\Downloads\evsoc-efinity-v2026.1.132\evsoc-efinity-v2026.1.132\cam_single\Ti60F225_dsi\ip\cam_dma_fifo\cam_dma_fifo.sv:92)
[EFX-0201 WARNING] Re-wiring to GND non-driven net/port 'rd_clk_i' in module 'efx_fifo_top_b0792a13d328448586f08ea7d102f373(FAMILY="",SYNC_CLK=1,MODE="FWFT",DEPTH=1024,DATA_WIDTH=48,PIPELINE_REG=0,PROGRAMMABLE_FULL="NONE",PROG_FULL_ASSERT=512,PROG_FULL_NEGATE=512,PROGRAMMABLE_EMPTY="NONE",PROG_EMPTY_ASSERT=2,PROG_EMPTY_NEGATE=3)'. (C:\Users\Jing-XuanTan(i)\Downloads\evsoc-efinity-v2026.1.132\evsoc-efinity-v2026.1.132\cam_single\Ti60F225_dsi\ip\cam_dma_fifo\cam_dma_fifo.sv:92)
[EFX-0201 WARNING] Re-wiring to GND non-driven net/port 'a_wr_rst_i' in module 'efx_fifo_top_0ebd061cc55a4cdb9867e4fd870758a2(FAMILY="",SYNC_CLK=1,DEPTH=1024,DATA_WIDTH=48,PIPELINE_REG=0,OUTPUT_REG=1,PROGRAMMABLE_FULL="NONE",PROG_FULL_ASSERT=512,PROG_FULL_NEGATE=512,PROGRAMMABLE_EMPTY="NONE",PROG_EMPTY_ASSERT=2,PROG_EMPTY_NEGATE=3)'. (C:\Users\Jing-XuanTan(i)\Downloads\evsoc-efinity-v2026.1.132\evsoc-efinity-v2026.1.132\cam_single\Ti60F225_dsi\ip\display_dma_fifo\display_dma_fifo.sv:92)
[EFX-0201 WARNING] Re-wiring to GND non-driven net/port 'a_rd_rst_i' in module 'efx_fifo_top_0ebd061cc55a4cdb9867e4fd870758a2(FAMILY="",SYNC_CLK=1,DEPTH=1024,DATA_WIDTH=48,PIPELINE_REG=0,OUTPUT_REG=1,PROGRAMMABLE_FULL="NONE",PROG_FULL_ASSERT=512,PROG_FULL_NEGATE=512,PROGRAMMABLE_EMPTY="NONE",PROG_EMPTY_ASSERT=2,PROG_EMPTY_NEGATE=3)'. (C:\Users\Jing-XuanTan(i)\Downloads\evsoc-efinity-v2026.1.132\evsoc-efinity-v2026.1.132\cam_single\Ti60F225_dsi\ip\display_dma_fifo\display_dma_fifo.sv:92)
[EFX-0657 WARNING] Mapping into logic memory block 'logic_progbufX_mem' (64 bits) (C:\Users\Jing-XuanTan(i)\Downloads\evsoc-efinity-v2026.1.132\evsoc-efinity-v2026.1.132\cam_single\Ti60F225_dsi\ip\SapphireSoc\SapphireSoc.v:12000) because size is too small (<=64)
[EFX-0657 WARNING] Mapping into logic memory block 'logic_ram' (64 bits) (C:\Users\Jing-XuanTan(i)\Downloads\evsoc-efinity-v2026.1.132\evsoc-efinity-v2026.1.132\cam_single\Ti60F225_dsi\ip\SapphireSoc\SapphireSoc.v:20389) because size is too small (<=64)
[EFX-0657 WARNING] Mapping into logic memory block 'u_hw_accel_apb3/slaveReg' (96 bits) (C:\Users\Jing-XuanTan(i)\Downloads\evsoc-efinity-v2026.1.132\evsoc-efinity-v2026.1.132\cam_single\Ti60F225_dsi\source\hw_accel\hw_accel_apb3.v:37) because it has all constant reader/writer.
[EFX-0657 WARNING] Mapping into logic memory block 'u_apb3_cam_display/slaveReg' (224 bits) (C:\Users\Jing-XuanTan(i)\Downloads\evsoc-efinity-v2026.1.132\evsoc-efinity-v2026.1.132\cam_single\Ti60F225_dsi\source/common/common_apb3.v:48) because it has all constant reader/writer.
[EFX-0011 VERI-WARNING] Input/inout port i_mipi_txc_sclk is unconnected. Place and route may remove this unconnected port. (VDB-8003) (C:\Users\Jing-XuanTan(i)\Downloads\evsoc-efinity-v2026.1.132\evsoc-efinity-v2026.1.132\cam_single\Ti60F225_dsi\edge_vision_soc.v:26)
[EFX-0011 VERI-WARNING] Input/inout port i_mipi_txd_sclk is unconnected. Place and route may remove this unconnected port. (VDB-8003) (C:\Users\Jing-XuanTan(i)\Downloads\evsoc-efinity-v2026.1.132\evsoc-efinity-v2026.1.132\cam_single\Ti60F225_dsi\edge_vision_soc.v:27)
[EFX-0011 VERI-WARNING] Input/inout port i_mipi_tx_pll_locked is unconnected. Place and route may remove this unconnected port. (VDB-8003) (C:\Users\Jing-XuanTan(i)\Downloads\evsoc-efinity-v2026.1.132\evsoc-efinity-v2026.1.132\cam_single\Ti60F225_dsi\edge_vision_soc.v:29)
[EFX-0011 VERI-WARNING] Input/inout port i_hbramClk90 is unconnected. Place and route may remove this unconnected port. (VDB-8003) (C:\Users\Jing-XuanTan(i)\Downloads\evsoc-efinity-v2026.1.132\evsoc-efinity-v2026.1.132\cam_single\Ti60F225_dsi\edge_vision_soc.v:33)
[EFX-0011 VERI-WARNING] Input/inout port i_cam_d0_HS_IN_1[7] is unconnected. Place and route may remove this unconnected port. (VDB-8003) (C:\Users\Jing-XuanTan(i)\Downloads\evsoc-efinity-v2026.1.132\evsoc-efinity-v2026.1.132\cam_single\Ti60F225_dsi\edge_vision_soc.v:74)
[EFX-0011 VERI-WARNING] Input/inout port i_cam_d0_HS_IN_2[7] is unconnected. Place and route may remove this unconnected port. (VDB-8003) (C:\Users\Jing-XuanTan(i)\Downloads\evsoc-efinity-v2026.1.132\evsoc-efinity-v2026.1.132\cam_single\Ti60F225_dsi\edge_vision_soc.v:75)
[EFX-0011 VERI-WARNING] Input/inout port i_cam_d0_HS_IN_3[7] is unconnected. Place and route may remove this unconnected port. (VDB-8003) (C:\Users\Jing-XuanTan(i)\Downloads\evsoc-efinity-v2026.1.132\evsoc-efinity-v2026.1.132\cam_single\Ti60F225_dsi\edge_vision_soc.v:76)
[EFX-0011 VERI-WARNING] Input/inout port i_cam_d1_HS_IN_1[7] is unconnected. Place and route may remove this unconnected port. (VDB-8003) (C:\Users\Jing-XuanTan(i)\Downloads\evsoc-efinity-v2026.1.132\evsoc-efinity-v2026.1.132\cam_single\Ti60F225_dsi\edge_vision_soc.v:89)
[EFX-0011 VERI-WARNING] Input/inout port i_cam_d1_HS_IN_2[7] is unconnected. Place and route may remove this unconnected port. (VDB-8003) (C:\Users\Jing-XuanTan(i)\Downloads\evsoc-efinity-v2026.1.132\evsoc-efinity-v2026.1.132\cam_single\Ti60F225_dsi\edge_vision_soc.v:90)
[EFX-0011 VERI-WARNING] Input/inout port i_cam_d1_HS_IN_3[7] is unconnected. Place and route may remove this unconnected port. (VDB-8003) (C:\Users\Jing-XuanTan(i)\Downloads\evsoc-efinity-v2026.1.132\evsoc-efinity-v2026.1.132\cam_single\Ti60F225_dsi\edge_vision_soc.v:91)
[EFX-0011 VERI-WARNING] Input/inout port sw6 is unconnected. Place and route may remove this unconnected port. (VDB-8003) (C:\Users\Jing-XuanTan(i)\Downloads\evsoc-efinity-v2026.1.132\evsoc-efinity-v2026.1.132\cam_single\Ti60F225_dsi\edge_vision_soc.v:181)
[EFX-0011 VERI-WARNING] Input/inout port sw7 is unconnected. Place and route may remove this unconnected port. (VDB-8003) (C:\Users\Jing-XuanTan(i)\Downloads\evsoc-efinity-v2026.1.132\evsoc-efinity-v2026.1.132\cam_single\Ti60F225_dsi\edge_vision_soc.v:182)
[EFX-0011 VERI-WARNING] Net u_risc_v/u_EfxSapphireSoc/system_cores_0_logic_cpu/IBusCachedPlugin_cache/lineLoader_address[4] is dangling. (VDB-8009) 
[EFX-0011 VERI-WARNING] Net u_risc_v/u_EfxSapphireSoc/system_cores_0_logic_cpu/IBusCachedPlugin_cache/lineLoader_address[2] is dangling. (VDB-8009) 
[EFX-0011 VERI-WARNING] Net u_risc_v/u_EfxSapphireSoc/system_cores_0_logic_cpu/IBusCachedPlugin_cache/lineLoader_address[3] is dangling. (VDB-8009) 
[EFX-0011 VERI-WARNING] Net u_risc_v/u_EfxSapphireSoc/system_cores_0_logic_cpu/IBusCachedPlugin_cache/lineLoader_address[1] is dangling. (VDB-8009) 
[EFX-0011 VERI-WARNING] Net u_risc_v/u_EfxSapphireSoc/system_cores_0_logic_cpu/IBusCachedPlugin_cache/lineLoader_address[0] is dangling. (VDB-8009) 
[EFX-0011 VERI-WARNING] Net soc_io_w_payload_id[0] is dangling. (VDB-8009) 
[EFX-0011 VERI-WARNING] Net soc_io_arw_payload_region[0] is dangling. (VDB-8009) 
[EFX-0011 VERI-WARNING] Net soc_io_arw_payload_cache[0] is dangling. (VDB-8009) 
[EFX-0011 VERI-WARNING] Net u_risc_v/u_EfxSapphireSoc/io_ddrA_r_rData_id[0] is dangling. (VDB-8009) 
[EFX-0011 VERI-WARNING] Net soc_io_arw_payload_prot[0] is dangling. (VDB-8009) 
[EFX-0011 VERI-WARNING] Net soc_io_arw_payload_lock is dangling. (VDB-8009) 
[EFX-0011 VERI-WARNING] Net soc_io_arw_payload_qos[0] is dangling. (VDB-8009) 
[EFX-0011 VERI-WARNING] Net u_risc_v/u_EfxSapphireSoc/system_cores_0_logic_cpu/IBusCachedPlugin_cache/lineLoader_address[5] is dangling. (VDB-8009) 
[EFX-0011 VERI-WARNING] Net soc_io_arw_payload_addr[31] is dangling. (VDB-8009) 
[EFX-0011 VERI-WARNING] Net soc_io_w_payload_id[1] is dangling. (VDB-8009) 
[EFX-0011 VERI-WARNING] Net soc_io_w_payload_id[2] is dangling. (VDB-8009) 
[EFX-0011 VERI-WARNING] Net soc_io_w_payload_id[3] is dangling. (VDB-8009) 
[EFX-0011 VERI-WARNING] Net soc_io_w_payload_id[4] is dangling. (VDB-8009) 
[EFX-0011 VERI-WARNING] Net soc_io_w_payload_id[5] is dangling. (VDB-8009) 
[EFX-0011 VERI-WARNING] Net soc_io_w_payload_id[6] is dangling. (VDB-8009) 
[EFX-0011 VERI-WARNING] Net soc_io_w_payload_id[7] is dangling. (VDB-8009) 
[EFX-0011 VERI-WARNING] Net u_risc_v/u_EfxSapphireSoc/io_ddrA_r_rData_id[1] is dangling. (VDB-8009) 
[EFX-0011 VERI-WARNING] Net u_risc_v/u_EfxSapphireSoc/io_ddrA_r_rData_id[2] is dangling. (VDB-8009) 
[EFX-0011 VERI-WARNING] Net u_risc_v/u_EfxSapphireSoc/io_ddrA_r_rData_id[3] is dangling. (VDB-8009) 
[EFX-0011 VERI-WARNING] Net u_risc_v/u_EfxSapphireSoc/io_ddrA_r_rData_id[4] is dangling. (VDB-8009) 
[EFX-0011 VERI-WARNING] Net u_risc_v/u_EfxSapphireSoc/io_ddrA_r_rData_id[5] is dangling. (VDB-8009) 
[EFX-0011 VERI-WARNING] Net u_risc_v/u_EfxSapphireSoc/io_ddrA_r_rData_id[6] is dangling. (VDB-8009) 
[EFX-0011 VERI-WARNING] Net u_risc_v/u_EfxSapphireSoc/io_ddrA_r_rData_id[7] is dangling. (VDB-8009) 
[EFX-0011 VERI-WARNING] Net soc_io_arw_payload_region[1] is dangling. (VDB-8009) 
[EFX-0011 VERI-WARNING] Net soc_io_arw_payload_region[2] is dangling. (VDB-8009) 
[EFX-0011 VERI-WARNING] Net soc_io_arw_payload_region[3] is dangling. (VDB-8009) 
[EFX-0011 VERI-WARNING] Net soc_io_arw_payload_cache[1] is dangling. (VDB-8009) 
[EFX-0011 VERI-WARNING] Net soc_io_arw_payload_cache[2] is dangling. (VDB-8009) 
[EFX-0011 VERI-WARNING] Net soc_io_arw_payload_cache[3] is dangling. (VDB-8009) 
[EFX-0011 VERI-WARNING] Net soc_io_arw_payload_qos[1] is dangling. (VDB-8009) 
[EFX-0011 VERI-WARNING] Net soc_io_arw_payload_qos[2] is dangling. (VDB-8009) 
[EFX-0011 VERI-WARNING] Net soc_io_arw_payload_qos[3] is dangling. (VDB-8009) 
[EFX-0011 VERI-WARNING] Net soc_io_arw_payload_prot[1] is dangling. (VDB-8009) 
[EFX-0011 VERI-WARNING] Net soc_io_arw_payload_prot[2] is dangling. (VDB-8009) 
[EFX-0011 VERI-WARNING] Net dma_arregion[0] is dangling. (VDB-8009) 
[EFX-0011 VERI-WARNING] Net dma_awregion[0] is dangling. (VDB-8009) 
[EFX-0011 VERI-WARNING] Net dma_arregion[1] is dangling. (VDB-8009) 
[EFX-0011 VERI-WARNING] Net dma_arregion[2] is dangling. (VDB-8009) 
[EFX-0011 VERI-WARNING] Net dma_arregion[3] is dangling. (VDB-8009) 
[EFX-0011 VERI-WARNING] Net dma_awregion[1] is dangling. (VDB-8009) 
[EFX-0011 VERI-WARNING] Net dma_awregion[2] is dangling. (VDB-8009) 
[EFX-0011 VERI-WARNING] Net dma_awregion[3] is dangling. (VDB-8009) 
[EFX-0011 VERI-WARNING] Net u_hbram/u_hbram_top/hbc_dq_OE_2[0] is dangling. (VDB-8009) 
[EFX-0011 VERI-WARNING] Net u_hbram/u_hbram_top/hbc_dq_OE_2[1] is dangling. (VDB-8009) 
[EFX-0011 VERI-WARNING] Net u_hbram/u_hbram_top/hbc_dq_OE_2[2] is dangling. (VDB-8009) 
[EFX-0011 VERI-WARNING] Net u_hbram/u_hbram_top/hbc_dq_OE_2[3] is dangling. (VDB-8009) 
[EFX-0011 VERI-WARNING] Net u_hbram/u_hbram_top/hbc_dq_OE_2[4] is dangling. (VDB-8009) 
[EFX-0011 VERI-WARNING] Net u_hbram/u_hbram_top/hbc_dq_OE_2[5] is dangling. (VDB-8009) 
[EFX-0011 VERI-WARNING] Net u_hbram/u_hbram_top/hbc_dq_OE_2[6] is dangling. (VDB-8009) 
[EFX-0011 VERI-WARNING] Net u_hbram/u_hbram_top/hbc_dq_OE_2[7] is dangling. (VDB-8009) 
[EFX-0011 VERI-WARNING] Net u_hbram/u_hbram_top/hbc_dq_OE_2[8] is dangling. (VDB-8009) 
[EFX-0011 VERI-WARNING] Net u_hbram/u_hbram_top/hbc_dq_OE_2[9] is dangling. (VDB-8009) 
[EFX-0011 VERI-WARNING] Net u_hbram/u_hbram_top/hbc_dq_OE_2[10] is dangling. (VDB-8009) 
[EFX-0011 VERI-WARNING] Net u_hbram/u_hbram_top/hbc_dq_OE_2[11] is dangling. (VDB-8009) 
[EFX-0011 VERI-WARNING] Net u_hbram/u_hbram_top/hbc_dq_OE_2[12] is dangling. (VDB-8009) 
[EFX-0011 VERI-WARNING] Net u_hbram/u_hbram_top/hbc_dq_OE_2[13] is dangling. (VDB-8009) 
[EFX-0011 VERI-WARNING] Net u_hbram/u_hbram_top/hbc_dq_OE_2[14] is dangling. (VDB-8009) 
[EFX-0011 VERI-WARNING] Net u_hbram/u_hbram_top/hbc_dq_OE_2[15] is dangling. (VDB-8009) 
[EFX-0011 VERI-WARNING] Net u_risc_v/u_EfxSapphireSoc/system_ddr_ddrLogic_cc_fifo/io_input_cmd_queue/popCC_popPtrPlus[0] is dangling. (VDB-8009) 
[EFX-0011 VERI-WARNING] Net u_risc_v/u_EfxSapphireSoc/system_ddr_ddrLogic_cc_fifo/io_output_rsp_queue/popCC_popPtrPlus[0] is dangling. (VDB-8009) 
[EFX-0011 VERI-WARNING] Net u_dma/u_EfxDMA/outputsAdapter_2_crossclock_fifo/popCC_popPtrPlus[0] is dangling. (VDB-8009) 
[EFX-0011 VERI-WARNING] Net u_dma/u_EfxDMA/inputsAdapter_1_crossclock_fifo/popCC_popPtrPlus[0] is dangling. (VDB-8009) 
[EFX-0011 VERI-WARNING] Net u_dma/u_EfxDMA/outputsAdapter_1_crossclock_fifo/popCC_popPtrPlus[0] is dangling. (VDB-8009) 
[EFX-0011 VERI-WARNING] Net u_dma/u_EfxDMA/inputsAdapter_0_crossclock_fifo/popCC_popPtrPlus[0] is dangling. (VDB-8009) 
[EFX-0011 VERI-WARNING] Found 123 warnings in the post-synthesis netlist. 

///////////////////////////////////
// Efinity Synthesis Started 
// Aug 27, 2026 09:21:04
///////////////////////////////////

[EFX-0011 VERI-WARNING] parameter 'CL_S_COUNT' becomes localparam in 'axi_interconnect' with formal parameter declaration list (VERI-1199) (C:\Users\Jing-XuanTan(i)\Downloads\evsoc-efinity-v2026.1.132\evsoc-efinity-v2026.1.132\cam_single\Ti60F225_dsi\source/axi/axi_interconnect.v:180)
[EFX-0011 VERI-WARNING] parameter 'CL_M_COUNT' becomes localparam in 'axi_interconnect' with formal parameter declaration list (VERI-1199) (C:\Users\Jing-XuanTan(i)\Downloads\evsoc-efinity-v2026.1.132\evsoc-efinity-v2026.1.132\cam_single\Ti60F225_dsi\source/axi/axi_interconnect.v:181)
[EFX-0011 VERI-WARNING] parameter 'AUSER_WIDTH' becomes localparam in 'axi_interconnect' with formal parameter declaration list (VERI-1199) (C:\Users\Jing-XuanTan(i)\Downloads\evsoc-efinity-v2026.1.132\evsoc-efinity-v2026.1.132\cam_single\Ti60F225_dsi\source/axi/axi_interconnect.v:183)
[EFX-0011 VERI-WARNING] parameter 'M_BASE_ADDR_INT' becomes localparam in 'axi_interconnect' with formal parameter declaration list (VERI-1199) (C:\Users\Jing-XuanTan(i)\Downloads\evsoc-efinity-v2026.1.132\evsoc-efinity-v2026.1.132\cam_single\Ti60F225_dsi\source/axi/axi_interconnect.v:202)
[EFX-0011 VERI-WARNING] parameter 'W1' becomes localparam in 'priority_encoder' with formal parameter declaration list (VERI-1199) (C:\Users\Jing-XuanTan(i)\Downloads\evsoc-efinity-v2026.1.132\evsoc-efinity-v2026.1.132\cam_single\Ti60F225_dsi\source/axi/priority_encoder.v:39)
[EFX-0011 VERI-WARNING] parameter 'W2' becomes localparam in 'priority_encoder' with formal parameter declaration list (VERI-1199) (C:\Users\Jing-XuanTan(i)\Downloads\evsoc-efinity-v2026.1.132\evsoc-efinity-v2026.1.132\cam_single\Ti60F225_dsi\source/axi/priority_encoder.v:40)
[EFX-0011 VERI-WARNING] parameter 'X_OUT_RATIO' becomes localparam in 'cam_scaling' with formal parameter declaration list (VERI-1199) (C:\Users\Jing-XuanTan(i)\Downloads\evsoc-efinity-v2026.1.132\evsoc-efinity-v2026.1.132\cam_single\Ti60F225_dsi\source/cam/cam_scaling.v:31)
[EFX-0011 VERI-WARNING] parameter 'X_IN_RATIO' becomes localparam in 'cam_scaling' with formal parameter declaration list (VERI-1199) (C:\Users\Jing-XuanTan(i)\Downloads\evsoc-efinity-v2026.1.132\evsoc-efinity-v2026.1.132\cam_single\Ti60F225_dsi\source/cam/cam_scaling.v:32)
[EFX-0011 VERI-WARNING] parameter 'Y_OUT_RATIO' becomes localparam in 'cam_scaling' with formal parameter declaration list (VERI-1199) (C:\Users\Jing-XuanTan(i)\Downloads\evsoc-efinity-v2026.1.132\evsoc-efinity-v2026.1.132\cam_single\Ti60F225_dsi\source/cam/cam_scaling.v:33)
[EFX-0011 VERI-WARNING] parameter 'Y_IN_RATIO' becomes localparam in 'cam_scaling' with formal parameter declaration list (VERI-1199) (C:\Users\Jing-XuanTan(i)\Downloads\evsoc-efinity-v2026.1.132\evsoc-efinity-v2026.1.132\cam_single\Ti60F225_dsi\source/cam/cam_scaling.v:34)
[EFX-0011 VERI-WARNING] parameter '**' becomes localparam in '**' with formal parameter declaration list (VERI-1199) (C:\Users\Jing-XuanTan(i)\Downloads\evsoc-efinity-v2026.1.132\evsoc-efinity-v2026.1.132\cam_single\Ti60F225_dsi\ip\hbram\hbram.sv:4976)
[EFX-0011 VERI-WARNING] parameter '**' becomes localparam in '**' with formal parameter declaration list (VERI-1199) (C:\Users\Jing-XuanTan(i)\Downloads\evsoc-efinity-v2026.1.132\evsoc-efinity-v2026.1.132\cam_single\Ti60F225_dsi\ip\hbram\hbram.sv:5309)

///////////////////////////////////
// Efinity Synthesis Started 
// Aug 27, 2026 09:25:02
///////////////////////////////////

[EFX-0011 VERI-WARNING] parameter 'CL_S_COUNT' becomes localparam in 'axi_interconnect' with formal parameter declaration list (VERI-1199) (C:\Users\Jing-XuanTan(i)\Downloads\evsoc-efinity-v2026.1.132\evsoc-efinity-v2026.1.132\cam_single\Ti60F225_dsi\source/axi/axi_interconnect.v:180)
[EFX-0011 VERI-WARNING] parameter 'CL_M_COUNT' becomes localparam in 'axi_interconnect' with formal parameter declaration list (VERI-1199) (C:\Users\Jing-XuanTan(i)\Downloads\evsoc-efinity-v2026.1.132\evsoc-efinity-v2026.1.132\cam_single\Ti60F225_dsi\source/axi/axi_interconnect.v:181)
[EFX-0011 VERI-WARNING] parameter 'AUSER_WIDTH' becomes localparam in 'axi_interconnect' with formal parameter declaration list (VERI-1199) (C:\Users\Jing-XuanTan(i)\Downloads\evsoc-efinity-v2026.1.132\evsoc-efinity-v2026.1.132\cam_single\Ti60F225_dsi\source/axi/axi_interconnect.v:183)
[EFX-0011 VERI-WARNING] parameter 'M_BASE_ADDR_INT' becomes localparam in 'axi_interconnect' with formal parameter declaration list (VERI-1199) (C:\Users\Jing-XuanTan(i)\Downloads\evsoc-efinity-v2026.1.132\evsoc-efinity-v2026.1.132\cam_single\Ti60F225_dsi\source/axi/axi_interconnect.v:202)
[EFX-0011 VERI-WARNING] parameter 'W1' becomes localparam in 'priority_encoder' with formal parameter declaration list (VERI-1199) (C:\Users\Jing-XuanTan(i)\Downloads\evsoc-efinity-v2026.1.132\evsoc-efinity-v2026.1.132\cam_single\Ti60F225_dsi\source/axi/priority_encoder.v:39)
[EFX-0011 VERI-WARNING] parameter 'W2' becomes localparam in 'priority_encoder' with formal parameter declaration list (VERI-1199) (C:\Users\Jing-XuanTan(i)\Downloads\evsoc-efinity-v2026.1.132\evsoc-efinity-v2026.1.132\cam_single\Ti60F225_dsi\source/axi/priority_encoder.v:40)
[EFX-0011 VERI-WARNING] parameter 'X_OUT_RATIO' becomes localparam in 'cam_scaling' with formal parameter declaration list (VERI-1199) (C:\Users\Jing-XuanTan(i)\Downloads\evsoc-efinity-v2026.1.132\evsoc-efinity-v2026.1.132\cam_single\Ti60F225_dsi\source/cam/cam_scaling.v:31)
[EFX-0011 VERI-WARNING] parameter 'X_IN_RATIO' becomes localparam in 'cam_scaling' with formal parameter declaration list (VERI-1199) (C:\Users\Jing-XuanTan(i)\Downloads\evsoc-efinity-v2026.1.132\evsoc-efinity-v2026.1.132\cam_single\Ti60F225_dsi\source/cam/cam_scaling.v:32)
[EFX-0011 VERI-WARNING] parameter 'Y_OUT_RATIO' becomes localparam in 'cam_scaling' with formal parameter declaration list (VERI-1199) (C:\Users\Jing-XuanTan(i)\Downloads\evsoc-efinity-v2026.1.132\evsoc-efinity-v2026.1.132\cam_single\Ti60F225_dsi\source/cam/cam_scaling.v:33)
[EFX-0011 VERI-WARNING] parameter 'Y_IN_RATIO' becomes localparam in 'cam_scaling' with formal parameter declaration list (VERI-1199) (C:\Users\Jing-XuanTan(i)\Downloads\evsoc-efinity-v2026.1.132\evsoc-efinity-v2026.1.132\cam_single\Ti60F225_dsi\source/cam/cam_scaling.v:34)
[EFX-0011 VERI-WARNING] parameter '**' becomes localparam in '**' with formal parameter declaration list (VERI-1199) (C:\Users\Jing-XuanTan(i)\Downloads\evsoc-efinity-v2026.1.132\evsoc-efinity-v2026.1.132\cam_single\Ti60F225_dsi\ip\hbram\hbram.sv:4976)
[EFX-0011 VERI-WARNING] parameter '**' becomes localparam in '**' with formal parameter declaration list (VERI-1199) (C:\Users\Jing-XuanTan(i)\Downloads\evsoc-efinity-v2026.1.132\evsoc-efinity-v2026.1.132\cam_single\Ti60F225_dsi\ip\hbram\hbram.sv:5309)
[EFX-0011 VERI-WARNING] port 'system_spi_0_io_data_2_read' is not connected on this instance (VERI-2435) (C:\Users\Jing-XuanTan(i)\Downloads\evsoc-efinity-v2026.1.132\evsoc-efinity-v2026.1.132\cam_single\Ti60F225_dsi\edge_vision_soc.v:1269)
[EFX-0011 VERI-WARNING] port 'system_spi_0_io_data_2_write' remains unconnected for this instance (VERI-1927) (C:\Users\Jing-XuanTan(i)\Downloads\evsoc-efinity-v2026.1.132\evsoc-efinity-v2026.1.132\cam_single\Ti60F225_dsi\edge_vision_soc.v:1269)
[EFX-0011 VERI-WARNING] port 'dat1_o_tvalid' remains unconnected for this instance (VERI-1927) (C:\Users\Jing-XuanTan(i)\Downloads\evsoc-efinity-v2026.1.132\evsoc-efinity-v2026.1.132\cam_single\Ti60F225_dsi\edge_vision_soc.v:1416)
[EFX-0011 VERI-WARNING] port 'dat1_o_tready' is not connected on this instance (VERI-2435) (C:\Users\Jing-XuanTan(i)\Downloads\evsoc-efinity-v2026.1.132\evsoc-efinity-v2026.1.132\cam_single\Ti60F225_dsi\edge_vision_soc.v:1416)
[EFX-0011 VERI-WARNING] port 's_axi_awuser' remains unconnected for this instance (VERI-1927) (C:\Users\Jing-XuanTan(i)\Downloads\evsoc-efinity-v2026.1.132\evsoc-efinity-v2026.1.132\cam_single\Ti60F225_dsi\edge_vision_soc.v:1545)
[EFX-0011 VERI-WARNING] expression size 32 truncated to fit in target size 8 (VERI-1209) (C:\Users\Jing-XuanTan(i)\Downloads\evsoc-efinity-v2026.1.132\evsoc-efinity-v2026.1.132\cam_single\Ti60F225_dsi\edge_vision_soc.v:691)
[EFX-0011 VERI-WARNING] expression size 32 truncated to fit in target size 8 (VERI-1209) (C:\Users\Jing-XuanTan(i)\Downloads\evsoc-efinity-v2026.1.132\evsoc-efinity-v2026.1.132\cam_single\Ti60F225_dsi\edge_vision_soc.v:692)
[EFX-0011 VERI-WARNING] expression size ** truncated to fit in target size ** (VERI-1209) (C:\Users\Jing-XuanTan(i)\Downloads\evsoc-efinity-v2026.1.132\evsoc-efinity-v2026.1.132\cam_single\Ti60F225_dsi\ip\csi2_rx_cam\csi2_rx_cam.sv:7306)
[EFX-0011 VERI-WARNING] expression size ** truncated to fit in target size ** (VERI-1209) (C:\Users\Jing-XuanTan(i)\Downloads\evsoc-efinity-v2026.1.132\evsoc-efinity-v2026.1.132\cam_single\Ti60F225_dsi\ip\csi2_rx_cam\csi2_rx_cam.sv:4119)
[EFX-0011 VERI-WARNING] assignment and/or driver for '**' inside static function '**' is not preserved (VERI-2457) (C:\Users\Jing-XuanTan(i)\Downloads\evsoc-efinity-v2026.1.132\evsoc-efinity-v2026.1.132\cam_single\Ti60F225_dsi\ip\csi2_rx_cam\csi2_rx_cam.sv:1466)
[EFX-0011 VERI-WARNING] port '**' remains unconnected for this instance (VERI-1927) (C:\Users\Jing-XuanTan(i)\Downloads\evsoc-efinity-v2026.1.132\evsoc-efinity-v2026.1.132\cam_single\Ti60F225_dsi\ip\csi2_rx_cam\csi2_rx_cam.sv:1264)
[EFX-0011 VERI-WARNING] expression size ** truncated to fit in target size ** (VERI-1209) (C:\Users\Jing-XuanTan(i)\Downloads\evsoc-efinity-v2026.1.132\evsoc-efinity-v2026.1.132\cam_single\Ti60F225_dsi\ip\csi2_rx_cam\csi2_rx_cam.sv:1264)
[EFX-0011 VERI-WARNING] expression size ** truncated to fit in target size ** (VERI-1209) (C:\Users\Jing-XuanTan(i)\Downloads\evsoc-efinity-v2026.1.132\evsoc-efinity-v2026.1.132\cam_single\Ti60F225_dsi\ip\csi2_rx_cam\csi2_rx_cam.sv:2711)
[EFX-0011 VERI-WARNING] expression size ** truncated to fit in target size ** (VERI-1209) (C:\Users\Jing-XuanTan(i)\Downloads\evsoc-efinity-v2026.1.132\evsoc-efinity-v2026.1.132\cam_single\Ti60F225_dsi\ip\csi2_rx_cam\csi2_rx_cam.sv:2869)
[EFX-0011 VERI-WARNING] expression size ** truncated to fit in target size ** (VERI-1209) (C:\Users\Jing-XuanTan(i)\Downloads\evsoc-efinity-v2026.1.132\evsoc-efinity-v2026.1.132\cam_single\Ti60F225_dsi\ip\csi2_rx_cam\csi2_rx_cam.sv:1264)
[EFX-0011 VERI-WARNING] port 'rst_busy' remains unconnected for this instance (VERI-1927) (C:\Users\Jing-XuanTan(i)\Downloads\evsoc-efinity-v2026.1.132\evsoc-efinity-v2026.1.132\cam_single\Ti60F225_dsi\source\isp\cam_picam_v2.v:238)
[EFX-0011 VERI-WARNING] port 'rst_busy' remains unconnected for this instance (VERI-1927) (C:\Users\Jing-XuanTan(i)\Downloads\evsoc-efinity-v2026.1.132\evsoc-efinity-v2026.1.132\cam_single\Ti60F225_dsi\source\isp\cam_picam_v2.v:588)
[EFX-0011 VERI-WARNING] port 'a_wr_rst_i' remains unconnected for this instance (VERI-1927) (C:\Users\Jing-XuanTan(i)\Downloads\evsoc-efinity-v2026.1.132\evsoc-efinity-v2026.1.132\cam_single\Ti60F225_dsi\ip\cam_pixel_remap_fifo\cam_pixel_remap_fifo.sv:110)
[EFX-0011 VERI-WARNING] input port 'a_wr_rst_i' is not connected on this instance (VDB-1013) (C:\Users\Jing-XuanTan(i)\Downloads\evsoc-efinity-v2026.1.132\evsoc-efinity-v2026.1.132\cam_single\Ti60F225_dsi\ip\cam_pixel_remap_fifo\cam_pixel_remap_fifo.sv:92)

///////////////////////////////////
// Efinity Synthesis Started 
// Aug 27, 2026 09:37:50
///////////////////////////////////

[EFX-0011 VERI-WARNING] parameter 'CL_S_COUNT' becomes localparam in 'axi_interconnect' with formal parameter declaration list (VERI-1199) (C:\Users\Jing-XuanTan(i)\Downloads\evsoc-efinity-v2026.1.132\evsoc-efinity-v2026.1.132\cam_single\Ti60F225_dsi\source/axi/axi_interconnect.v:180)
[EFX-0011 VERI-WARNING] parameter 'CL_M_COUNT' becomes localparam in 'axi_interconnect' with formal parameter declaration list (VERI-1199) (C:\Users\Jing-XuanTan(i)\Downloads\evsoc-efinity-v2026.1.132\evsoc-efinity-v2026.1.132\cam_single\Ti60F225_dsi\source/axi/axi_interconnect.v:181)
[EFX-0011 VERI-WARNING] parameter 'AUSER_WIDTH' becomes localparam in 'axi_interconnect' with formal parameter declaration list (VERI-1199) (C:\Users\Jing-XuanTan(i)\Downloads\evsoc-efinity-v2026.1.132\evsoc-efinity-v2026.1.132\cam_single\Ti60F225_dsi\source/axi/axi_interconnect.v:183)
[EFX-0011 VERI-WARNING] parameter 'M_BASE_ADDR_INT' becomes localparam in 'axi_interconnect' with formal parameter declaration list (VERI-1199) (C:\Users\Jing-XuanTan(i)\Downloads\evsoc-efinity-v2026.1.132\evsoc-efinity-v2026.1.132\cam_single\Ti60F225_dsi\source/axi/axi_interconnect.v:202)
[EFX-0011 VERI-WARNING] parameter 'W1' becomes localparam in 'priority_encoder' with formal parameter declaration list (VERI-1199) (C:\Users\Jing-XuanTan(i)\Downloads\evsoc-efinity-v2026.1.132\evsoc-efinity-v2026.1.132\cam_single\Ti60F225_dsi\source/axi/priority_encoder.v:39)
[EFX-0011 VERI-WARNING] parameter 'W2' becomes localparam in 'priority_encoder' with formal parameter declaration list (VERI-1199) (C:\Users\Jing-XuanTan(i)\Downloads\evsoc-efinity-v2026.1.132\evsoc-efinity-v2026.1.132\cam_single\Ti60F225_dsi\source/axi/priority_encoder.v:40)
[EFX-0011 VERI-WARNING] parameter 'X_OUT_RATIO' becomes localparam in 'cam_scaling' with formal parameter declaration list (VERI-1199) (C:\Users\Jing-XuanTan(i)\Downloads\evsoc-efinity-v2026.1.132\evsoc-efinity-v2026.1.132\cam_single\Ti60F225_dsi\source/cam/cam_scaling.v:31)
[EFX-0011 VERI-WARNING] parameter 'X_IN_RATIO' becomes localparam in 'cam_scaling' with formal parameter declaration list (VERI-1199) (C:\Users\Jing-XuanTan(i)\Downloads\evsoc-efinity-v2026.1.132\evsoc-efinity-v2026.1.132\cam_single\Ti60F225_dsi\source/cam/cam_scaling.v:32)
[EFX-0011 VERI-WARNING] parameter 'Y_OUT_RATIO' becomes localparam in 'cam_scaling' with formal parameter declaration list (VERI-1199) (C:\Users\Jing-XuanTan(i)\Downloads\evsoc-efinity-v2026.1.132\evsoc-efinity-v2026.1.132\cam_single\Ti60F225_dsi\source/cam/cam_scaling.v:33)
[EFX-0011 VERI-WARNING] parameter 'Y_IN_RATIO' becomes localparam in 'cam_scaling' with formal parameter declaration list (VERI-1199) (C:\Users\Jing-XuanTan(i)\Downloads\evsoc-efinity-v2026.1.132\evsoc-efinity-v2026.1.132\cam_single\Ti60F225_dsi\source/cam/cam_scaling.v:34)
[EFX-0011 VERI-WARNING] illegal integral type argument in math function 'floor()'; expected real type (VERI-2792) (C:\Users\Jing-XuanTan(i)\Downloads\evsoc-efinity-v2026.1.132\evsoc-efinity-v2026.1.132\cam_single\Ti60F225_dsi\source/isp/axi_lite_register.sv:10)
[EFX-0011 VERI-WARNING] illegal integral type argument in math function 'floor()'; expected real type (VERI-2792) (C:\Users\Jing-XuanTan(i)\Downloads\evsoc-efinity-v2026.1.132\evsoc-efinity-v2026.1.132\cam_single\Ti60F225_dsi\source/isp/bitlog.sv:12)
[EFX-0011 VERI-WARNING] illegal integral type argument in math function 'floor()'; expected real type (VERI-2792) (C:\Users\Jing-XuanTan(i)\Downloads\evsoc-efinity-v2026.1.132\evsoc-efinity-v2026.1.132\cam_single\Ti60F225_dsi\source/isp/bitsqrt.sv:12)
[EFX-0011 VERI-WARNING] illegal integral type argument in math function 'floor()'; expected real type (VERI-2792) (C:\Users\Jing-XuanTan(i)\Downloads\evsoc-efinity-v2026.1.132\evsoc-efinity-v2026.1.132\cam_single\Ti60F225_dsi\source/isp/blc.sv:12)
[EFX-0011 VERI-WARNING] parameter 'INT_DATA_WIDTH' becomes localparam in 'blc' with formal parameter declaration list (VERI-1199) (C:\Users\Jing-XuanTan(i)\Downloads\evsoc-efinity-v2026.1.132\evsoc-efinity-v2026.1.132\cam_single\Ti60F225_dsi\source/isp/blc.sv:34)
[EFX-0011 VERI-WARNING] illegal integral type argument in math function 'floor()'; expected real type (VERI-2792) (C:\Users\Jing-XuanTan(i)\Downloads\evsoc-efinity-v2026.1.132\evsoc-efinity-v2026.1.132\cam_single\Ti60F225_dsi\source/isp/ccm.sv:12)
[EFX-0011 VERI-WARNING] illegal integral type argument in math function 'floor()'; expected real type (VERI-2792) (C:\Users\Jing-XuanTan(i)\Downloads\evsoc-efinity-v2026.1.132\evsoc-efinity-v2026.1.132\cam_single\Ti60F225_dsi\source/isp/ccm.sv:13)
[EFX-0011 VERI-WARNING] illegal integral type argument in math function 'floor()'; expected real type (VERI-2792) (C:\Users\Jing-XuanTan(i)\Downloads\evsoc-efinity-v2026.1.132\evsoc-efinity-v2026.1.132\cam_single\Ti60F225_dsi\source/isp/colorgain.sv:14)
[EFX-0011 VERI-WARNING] illegal integral type argument in math function 'floor()'; expected real type (VERI-2792) (C:\Users\Jing-XuanTan(i)\Downloads\evsoc-efinity-v2026.1.132\evsoc-efinity-v2026.1.132\cam_single\Ti60F225_dsi\source/isp/decompanding.sv:13)
[EFX-0011 VERI-WARNING] illegal integral type argument in math function 'floor()'; expected real type (VERI-2792) (C:\Users\Jing-XuanTan(i)\Downloads\evsoc-efinity-v2026.1.132\evsoc-efinity-v2026.1.132\cam_single\Ti60F225_dsi\source/isp/decompanding.sv:14)
[EFX-0011 VERI-WARNING] illegal integral type argument in math function 'floor()'; expected real type (VERI-2792) (C:\Users\Jing-XuanTan(i)\Downloads\evsoc-efinity-v2026.1.132\evsoc-efinity-v2026.1.132\cam_single\Ti60F225_dsi\source/isp/demosaic.sv:16)
[EFX-0011 VERI-WARNING] illegal integral type argument in math function 'floor()'; expected real type (VERI-2792) (C:\Users\Jing-XuanTan(i)\Downloads\evsoc-efinity-v2026.1.132\evsoc-efinity-v2026.1.132\cam_single\Ti60F225_dsi\source/isp/demosaic.sv:17)
[EFX-0011 VERI-WARNING] illegal integral type argument in math function 'floor()'; expected real type (VERI-2792) (C:\Users\Jing-XuanTan(i)\Downloads\evsoc-efinity-v2026.1.132\evsoc-efinity-v2026.1.132\cam_single\Ti60F225_dsi\source/isp/demosaic.sv:57)
[EFX-0011 VERI-WARNING] illegal integral type argument in math function 'floor()'; expected real type (VERI-2792) (C:\Users\Jing-XuanTan(i)\Downloads\evsoc-efinity-v2026.1.132\evsoc-efinity-v2026.1.132\cam_single\Ti60F225_dsi\source/isp/gamma.sv:14)
[EFX-0011 VERI-WARNING] illegal integral type argument in math function 'floor()'; expected real type (VERI-2792) (C:\Users\Jing-XuanTan(i)\Downloads\evsoc-efinity-v2026.1.132\evsoc-efinity-v2026.1.132\cam_single\Ti60F225_dsi\source/isp/gamma.sv:15)
[EFX-0011 VERI-WARNING] illegal integral type argument in math function 'floor()'; expected real type (VERI-2792) (C:\Users\Jing-XuanTan(i)\Downloads\evsoc-efinity-v2026.1.132\evsoc-efinity-v2026.1.132\cam_single\Ti60F225_dsi\source/isp/gamma.sv:36)
[EFX-0011 VERI-WARNING] illegal integral type argument in math function 'floor()'; expected real type (VERI-2792) (C:\Users\Jing-XuanTan(i)\Downloads\evsoc-efinity-v2026.1.132\evsoc-efinity-v2026.1.132\cam_single\Ti60F225_dsi\source/isp/gamma.sv:37)
[EFX-0011 VERI-WARNING] illegal integral type argument in math function 'floor()'; expected real type (VERI-2792) (C:\Users\Jing-XuanTan(i)\Downloads\evsoc-efinity-v2026.1.132\evsoc-efinity-v2026.1.132\cam_single\Ti60F225_dsi\source/isp/histogram_minmax.sv:14)
[EFX-0011 VERI-WARNING] illegal integral type argument in math function 'floor()'; expected real type (VERI-2792) (C:\Users\Jing-XuanTan(i)\Downloads\evsoc-efinity-v2026.1.132\evsoc-efinity-v2026.1.132\cam_single\Ti60F225_dsi\source/isp/histogram_minmax2.sv:14)
[EFX-0011 VERI-WARNING] illegal integral type argument in math function 'floor()'; expected real type (VERI-2792) (C:\Users\Jing-XuanTan(i)\Downloads\evsoc-efinity-v2026.1.132\evsoc-efinity-v2026.1.132\cam_single\Ti60F225_dsi\source/isp/histogram_minmax3.sv:13)
[EFX-0011 VERI-WARNING] illegal integral type argument in math function 'floor()'; expected real type (VERI-2792) (C:\Users\Jing-XuanTan(i)\Downloads\evsoc-efinity-v2026.1.132\evsoc-efinity-v2026.1.132\cam_single\Ti60F225_dsi\source/isp/histogram_scale.sv:13)
[EFX-0011 VERI-WARNING] illegal integral type argument in math function 'floor()'; expected real type (VERI-2792) (C:\Users\Jing-XuanTan(i)\Downloads\evsoc-efinity-v2026.1.132\evsoc-efinity-v2026.1.132\cam_single\Ti60F225_dsi\source/isp/histogram_scale.sv:14)
[EFX-0011 VERI-WARNING] illegal integral type argument in math function 'floor()'; expected real type (VERI-2792) (C:\Users\Jing-XuanTan(i)\Downloads\evsoc-efinity-v2026.1.132\evsoc-efinity-v2026.1.132\cam_single\Ti60F225_dsi\source/isp/histogram_stretch.sv:13)
[EFX-0011 VERI-WARNING] illegal integral type argument in math function 'floor()'; expected real type (VERI-2792) (C:\Users\Jing-XuanTan(i)\Downloads\evsoc-efinity-v2026.1.132\evsoc-efinity-v2026.1.132\cam_single\Ti60F225_dsi\source/isp/histogram_stretch.sv:14)
[EFX-0011 VERI-WARNING] illegal integral type argument in math function 'floor()'; expected real type (VERI-2792) (C:\Users\Jing-XuanTan(i)\Downloads\evsoc-efinity-v2026.1.132\evsoc-efinity-v2026.1.132\cam_single\Ti60F225_dsi\source/isp/isp.sv:20)
[EFX-0011 VERI-WARNING] illegal integral type argument in math function 'floor()'; expected real type (VERI-2792) (C:\Users\Jing-XuanTan(i)\Downloads\evsoc-efinity-v2026.1.132\evsoc-efinity-v2026.1.132\cam_single\Ti60F225_dsi\source/isp/isp.sv:23)
[EFX-0011 VERI-WARNING] illegal integral type argument in math function 'floor()'; expected real type (VERI-2792) (C:\Users\Jing-XuanTan(i)\Downloads\evsoc-efinity-v2026.1.132\evsoc-efinity-v2026.1.132\cam_single\Ti60F225_dsi\source/isp/isp.sv:24)
[EFX-0011 VERI-WARNING] illegal integral type argument in math function 'floor()'; expected real type (VERI-2792) (C:\Users\Jing-XuanTan(i)\Downloads\evsoc-efinity-v2026.1.132\evsoc-efinity-v2026.1.132\cam_single\Ti60F225_dsi\source/isp/isp.sv:135)
[EFX-0011 VERI-WARNING] illegal integral type argument in math function 'floor()'; expected real type (VERI-2792) (C:\Users\Jing-XuanTan(i)\Downloads\evsoc-efinity-v2026.1.132\evsoc-efinity-v2026.1.132\cam_single\Ti60F225_dsi\source/isp/isp.sv:167)
[EFX-0011 VERI-WARNING] illegal integral type argument in math function 'floor()'; expected real type (VERI-2792) (C:\Users\Jing-XuanTan(i)\Downloads\evsoc-efinity-v2026.1.132\evsoc-efinity-v2026.1.132\cam_single\Ti60F225_dsi\source/isp/isp.sv:230)
[EFX-0011 VERI-WARNING] illegal integral type argument in math function 'floor()'; expected real type (VERI-2792) (C:\Users\Jing-XuanTan(i)\Downloads\evsoc-efinity-v2026.1.132\evsoc-efinity-v2026.1.132\cam_single\Ti60F225_dsi\source/isp/isp.sv:262)
[EFX-0011 VERI-WARNING] illegal integral type argument in math function 'floor()'; expected real type (VERI-2792) (C:\Users\Jing-XuanTan(i)\Downloads\evsoc-efinity-v2026.1.132\evsoc-efinity-v2026.1.132\cam_single\Ti60F225_dsi\source/isp/isp.sv:263)
[EFX-0011 VERI-WARNING] illegal integral type argument in math function 'floor()'; expected real type (VERI-2792) (C:\Users\Jing-XuanTan(i)\Downloads\evsoc-efinity-v2026.1.132\evsoc-efinity-v2026.1.132\cam_single\Ti60F225_dsi\source/isp/isp.sv:332)
[EFX-0011 VERI-WARNING] illegal integral type argument in math function 'floor()'; expected real type (VERI-2792) (C:\Users\Jing-XuanTan(i)\Downloads\evsoc-efinity-v2026.1.132\evsoc-efinity-v2026.1.132\cam_single\Ti60F225_dsi\source/isp/isp.sv:333)
[EFX-0011 VERI-WARNING] illegal integral type argument in math function 'floor()'; expected real type (VERI-2792) (C:\Users\Jing-XuanTan(i)\Downloads\evsoc-efinity-v2026.1.132\evsoc-efinity-v2026.1.132\cam_single\Ti60F225_dsi\source/isp/linebuffer.sv:16)
[EFX-0011 VERI-WARNING] illegal integral type argument in math function 'floor()'; expected real type (VERI-2792) (C:\Users\Jing-XuanTan(i)\Downloads\evsoc-efinity-v2026.1.132\evsoc-efinity-v2026.1.132\cam_single\Ti60F225_dsi\source/isp/lut.sv:13)
[EFX-0011 VERI-WARNING] illegal integral type argument in math function 'floor()'; expected real type (VERI-2792) (C:\Users\Jing-XuanTan(i)\Downloads\evsoc-efinity-v2026.1.132\evsoc-efinity-v2026.1.132\cam_single\Ti60F225_dsi\source/isp/lut.sv:14)
[EFX-0011 VERI-WARNING] illegal integral type argument in math function 'floor()'; expected real type (VERI-2792) (C:\Users\Jing-XuanTan(i)\Downloads\evsoc-efinity-v2026.1.132\evsoc-efinity-v2026.1.132\cam_single\Ti60F225_dsi\source/isp/minmaxmean.sv:14)
[EFX-0011 VERI-WARNING] illegal integral type argument in math function 'floor()'; expected real type (VERI-2792) (C:\Users\Jing-XuanTan(i)\Downloads\evsoc-efinity-v2026.1.132\evsoc-efinity-v2026.1.132\cam_single\Ti60F225_dsi\source/isp/pwl.sv:13)
[EFX-0011 VERI-WARNING] illegal integral type argument in math function 'floor()'; expected real type (VERI-2792) (C:\Users\Jing-XuanTan(i)\Downloads\evsoc-efinity-v2026.1.132\evsoc-efinity-v2026.1.132\cam_single\Ti60F225_dsi\source/isp/rgb_to_xyz.sv:12)
[EFX-0011 VERI-WARNING] illegal integral type argument in math function 'floor()'; expected real type (VERI-2792) (C:\Users\Jing-XuanTan(i)\Downloads\evsoc-efinity-v2026.1.132\evsoc-efinity-v2026.1.132\cam_single\Ti60F225_dsi\source/isp/xyz_to_rgb.sv:12)
[EFX-0011 VERI-WARNING] parameter '**' becomes localparam in '**' with formal parameter declaration list (VERI-1199) (C:\Users\Jing-XuanTan(i)\Downloads\evsoc-efinity-v2026.1.132\evsoc-efinity-v2026.1.132\cam_single\Ti60F225_dsi\ip\hbram\hbram.sv:4976)
[EFX-0011 VERI-WARNING] parameter '**' becomes localparam in '**' with formal parameter declaration list (VERI-1199) (C:\Users\Jing-XuanTan(i)\Downloads\evsoc-efinity-v2026.1.132\evsoc-efinity-v2026.1.132\cam_single\Ti60F225_dsi\ip\hbram\hbram.sv:5309)
[EFX-0011 VERI-WARNING] port 'system_spi_0_io_data_2_read' is not connected on this instance (VERI-2435) (C:\Users\Jing-XuanTan(i)\Downloads\evsoc-efinity-v2026.1.132\evsoc-efinity-v2026.1.132\cam_single\Ti60F225_dsi\edge_vision_soc.v:1269)
[EFX-0011 VERI-WARNING] port 'system_spi_0_io_data_2_write' remains unconnected for this instance (VERI-1927) (C:\Users\Jing-XuanTan(i)\Downloads\evsoc-efinity-v2026.1.132\evsoc-efinity-v2026.1.132\cam_single\Ti60F225_dsi\edge_vision_soc.v:1269)
[EFX-0011 VERI-WARNING] port 'dat1_o_tvalid' remains unconnected for this instance (VERI-1927) (C:\Users\Jing-XuanTan(i)\Downloads\evsoc-efinity-v2026.1.132\evsoc-efinity-v2026.1.132\cam_single\Ti60F225_dsi\edge_vision_soc.v:1416)
[EFX-0011 VERI-WARNING] port 'dat1_o_tready' is not connected on this instance (VERI-2435) (C:\Users\Jing-XuanTan(i)\Downloads\evsoc-efinity-v2026.1.132\evsoc-efinity-v2026.1.132\cam_single\Ti60F225_dsi\edge_vision_soc.v:1416)
[EFX-0011 VERI-WARNING] port 's_axi_awuser' remains unconnected for this instance (VERI-1927) (C:\Users\Jing-XuanTan(i)\Downloads\evsoc-efinity-v2026.1.132\evsoc-efinity-v2026.1.132\cam_single\Ti60F225_dsi\edge_vision_soc.v:1545)
[EFX-0011 VERI-WARNING] expression size 32 truncated to fit in target size 8 (VERI-1209) (C:\Users\Jing-XuanTan(i)\Downloads\evsoc-efinity-v2026.1.132\evsoc-efinity-v2026.1.132\cam_single\Ti60F225_dsi\edge_vision_soc.v:691)
[EFX-0011 VERI-WARNING] expression size 32 truncated to fit in target size 8 (VERI-1209) (C:\Users\Jing-XuanTan(i)\Downloads\evsoc-efinity-v2026.1.132\evsoc-efinity-v2026.1.132\cam_single\Ti60F225_dsi\edge_vision_soc.v:692)
[EFX-0011 VERI-WARNING] expression size ** truncated to fit in target size ** (VERI-1209) (C:\Users\Jing-XuanTan(i)\Downloads\evsoc-efinity-v2026.1.132\evsoc-efinity-v2026.1.132\cam_single\Ti60F225_dsi\ip\csi2_rx_cam\csi2_rx_cam.sv:7306)
[EFX-0011 VERI-WARNING] expression size ** truncated to fit in target size ** (VERI-1209) (C:\Users\Jing-XuanTan(i)\Downloads\evsoc-efinity-v2026.1.132\evsoc-efinity-v2026.1.132\cam_single\Ti60F225_dsi\ip\csi2_rx_cam\csi2_rx_cam.sv:4119)
[EFX-0011 VERI-WARNING] assignment and/or driver for '**' inside static function '**' is not preserved (VERI-2457) (C:\Users\Jing-XuanTan(i)\Downloads\evsoc-efinity-v2026.1.132\evsoc-efinity-v2026.1.132\cam_single\Ti60F225_dsi\ip\csi2_rx_cam\csi2_rx_cam.sv:1466)
[EFX-0011 VERI-WARNING] port '**' remains unconnected for this instance (VERI-1927) (C:\Users\Jing-XuanTan(i)\Downloads\evsoc-efinity-v2026.1.132\evsoc-efinity-v2026.1.132\cam_single\Ti60F225_dsi\ip\csi2_rx_cam\csi2_rx_cam.sv:1264)
[EFX-0011 VERI-WARNING] expression size ** truncated to fit in target size ** (VERI-1209) (C:\Users\Jing-XuanTan(i)\Downloads\evsoc-efinity-v2026.1.132\evsoc-efinity-v2026.1.132\cam_single\Ti60F225_dsi\ip\csi2_rx_cam\csi2_rx_cam.sv:1264)
[EFX-0011 VERI-WARNING] expression size ** truncated to fit in target size ** (VERI-1209) (C:\Users\Jing-XuanTan(i)\Downloads\evsoc-efinity-v2026.1.132\evsoc-efinity-v2026.1.132\cam_single\Ti60F225_dsi\ip\csi2_rx_cam\csi2_rx_cam.sv:2711)
[EFX-0011 VERI-WARNING] expression size ** truncated to fit in target size ** (VERI-1209) (C:\Users\Jing-XuanTan(i)\Downloads\evsoc-efinity-v2026.1.132\evsoc-efinity-v2026.1.132\cam_single\Ti60F225_dsi\ip\csi2_rx_cam\csi2_rx_cam.sv:2869)
[EFX-0011 VERI-WARNING] expression size ** truncated to fit in target size ** (VERI-1209) (C:\Users\Jing-XuanTan(i)\Downloads\evsoc-efinity-v2026.1.132\evsoc-efinity-v2026.1.132\cam_single\Ti60F225_dsi\ip\csi2_rx_cam\csi2_rx_cam.sv:1264)
[EFX-0011 VERI-WARNING] port 'rst_busy' remains unconnected for this instance (VERI-1927) (C:\Users\Jing-XuanTan(i)\Downloads\evsoc-efinity-v2026.1.132\evsoc-efinity-v2026.1.132\cam_single\Ti60F225_dsi\source\isp\cam_picam_v2.v:238)
[EFX-0011 VERI-WARNING] port 'rst_busy' remains unconnected for this instance (VERI-1927) (C:\Users\Jing-XuanTan(i)\Downloads\evsoc-efinity-v2026.1.132\evsoc-efinity-v2026.1.132\cam_single\Ti60F225_dsi\source\isp\cam_picam_v2.v:588)
[EFX-0011 VERI-WARNING] port 'a_wr_rst_i' remains unconnected for this instance (VERI-1927) (C:\Users\Jing-XuanTan(i)\Downloads\evsoc-efinity-v2026.1.132\evsoc-efinity-v2026.1.132\cam_single\Ti60F225_dsi\ip\cam_pixel_remap_fifo\cam_pixel_remap_fifo.sv:110)
[EFX-0011 VERI-WARNING] input port 'a_wr_rst_i' is not connected on this instance (VDB-1013) (C:\Users\Jing-XuanTan(i)\Downloads\evsoc-efinity-v2026.1.132\evsoc-efinity-v2026.1.132\cam_single\Ti60F225_dsi\ip\cam_pixel_remap_fifo\cam_pixel_remap_fifo.sv:92)
[EFX-0011 VERI-WARNING] illegal integral type argument in math function 'floor()'; expected real type (VERI-2792) (C:\Users\Jing-XuanTan(i)\Downloads\evsoc-efinity-v2026.1.132\evsoc-efinity-v2026.1.132\cam_single\Ti60F225_dsi\source/isp/isp.sv:20)
[EFX-0011 VERI-WARNING] illegal integral type argument in math function 'floor()'; expected real type (VERI-2792) (C:\Users\Jing-XuanTan(i)\Downloads\evsoc-efinity-v2026.1.132\evsoc-efinity-v2026.1.132\cam_single\Ti60F225_dsi\source/isp/isp.sv:23)
[EFX-0011 VERI-WARNING] illegal integral type argument in math function 'floor()'; expected real type (VERI-2792) (C:\Users\Jing-XuanTan(i)\Downloads\evsoc-efinity-v2026.1.132\evsoc-efinity-v2026.1.132\cam_single\Ti60F225_dsi\source/isp/isp.sv:24)
[EFX-0011 VERI-WARNING] illegal integral type argument in math function 'floor()'; expected real type (VERI-2792) (C:\Users\Jing-XuanTan(i)\Downloads\evsoc-efinity-v2026.1.132\evsoc-efinity-v2026.1.132\cam_single\Ti60F225_dsi\source/isp/isp.sv:135)
[EFX-0011 VERI-WARNING] illegal integral type argument in math function 'floor()'; expected real type (VERI-2792) (C:\Users\Jing-XuanTan(i)\Downloads\evsoc-efinity-v2026.1.132\evsoc-efinity-v2026.1.132\cam_single\Ti60F225_dsi\source/isp/isp.sv:167)
[EFX-0011 VERI-WARNING] illegal integral type argument in math function 'floor()'; expected real type (VERI-2792) (C:\Users\Jing-XuanTan(i)\Downloads\evsoc-efinity-v2026.1.132\evsoc-efinity-v2026.1.132\cam_single\Ti60F225_dsi\source/isp/isp.sv:230)
[EFX-0011 VERI-WARNING] illegal integral type argument in math function 'floor()'; expected real type (VERI-2792) (C:\Users\Jing-XuanTan(i)\Downloads\evsoc-efinity-v2026.1.132\evsoc-efinity-v2026.1.132\cam_single\Ti60F225_dsi\source/isp/isp.sv:262)
[EFX-0011 VERI-WARNING] illegal integral type argument in math function 'floor()'; expected real type (VERI-2792) (C:\Users\Jing-XuanTan(i)\Downloads\evsoc-efinity-v2026.1.132\evsoc-efinity-v2026.1.132\cam_single\Ti60F225_dsi\source/isp/isp.sv:263)
[EFX-0011 VERI-WARNING] illegal integral type argument in math function 'floor()'; expected real type (VERI-2792) (C:\Users\Jing-XuanTan(i)\Downloads\evsoc-efinity-v2026.1.132\evsoc-efinity-v2026.1.132\cam_single\Ti60F225_dsi\source/isp/isp.sv:332)
[EFX-0011 VERI-WARNING] illegal integral type argument in math function 'floor()'; expected real type (VERI-2792) (C:\Users\Jing-XuanTan(i)\Downloads\evsoc-efinity-v2026.1.132\evsoc-efinity-v2026.1.132\cam_single\Ti60F225_dsi\source/isp/isp.sv:333)
[EFX-0011 VERI-WARNING] illegal integral type argument in math function 'floor()'; expected real type (VERI-2792) (C:\Users\Jing-XuanTan(i)\Downloads\evsoc-efinity-v2026.1.132\evsoc-efinity-v2026.1.132\cam_single\Ti60F225_dsi\source/isp/isp.sv:135)
[EFX-0011 VERI-WARNING] illegal integral type argument in math function 'floor()'; expected real type (VERI-2792) (C:\Users\Jing-XuanTan(i)\Downloads\evsoc-efinity-v2026.1.132\evsoc-efinity-v2026.1.132\cam_single\Ti60F225_dsi\source/isp/isp.sv:167)
[EFX-0011 VERI-WARNING] illegal integral type argument in math function 'floor()'; expected real type (VERI-2792) (C:\Users\Jing-XuanTan(i)\Downloads\evsoc-efinity-v2026.1.132\evsoc-efinity-v2026.1.132\cam_single\Ti60F225_dsi\source/isp/isp.sv:230)
[EFX-0011 VERI-WARNING] illegal integral type argument in math function 'floor()'; expected real type (VERI-2792) (C:\Users\Jing-XuanTan(i)\Downloads\evsoc-efinity-v2026.1.132\evsoc-efinity-v2026.1.132\cam_single\Ti60F225_dsi\source/isp/isp.sv:262)
[EFX-0011 VERI-WARNING] illegal integral type argument in math function 'floor()'; expected real type (VERI-2792) (C:\Users\Jing-XuanTan(i)\Downloads\evsoc-efinity-v2026.1.132\evsoc-efinity-v2026.1.132\cam_single\Ti60F225_dsi\source/isp/isp.sv:263)
[EFX-0011 VERI-WARNING] illegal integral type argument in math function 'floor()'; expected real type (VERI-2792) (C:\Users\Jing-XuanTan(i)\Downloads\evsoc-efinity-v2026.1.132\evsoc-efinity-v2026.1.132\cam_single\Ti60F225_dsi\source/isp/isp.sv:332)
[EFX-0011 VERI-WARNING] illegal integral type argument in math function 'floor()'; expected real type (VERI-2792) (C:\Users\Jing-XuanTan(i)\Downloads\evsoc-efinity-v2026.1.132\evsoc-efinity-v2026.1.132\cam_single\Ti60F225_dsi\source/isp/isp.sv:333)
[EFX-0011 VERI-WARNING] illegal integral type argument in math function 'floor()'; expected real type (VERI-2792) (C:\Users\Jing-XuanTan(i)\Downloads\evsoc-efinity-v2026.1.132\evsoc-efinity-v2026.1.132\cam_single\Ti60F225_dsi\source/isp/axi_lite_register.sv:10)
[EFX-0011 VERI-WARNING] illegal integral type argument in math function 'floor()'; expected real type (VERI-2792) (C:\Users\Jing-XuanTan(i)\Downloads\evsoc-efinity-v2026.1.132\evsoc-efinity-v2026.1.132\cam_single\Ti60F225_dsi\source/isp/blc.sv:12)
[EFX-0011 VERI-WARNING] illegal integral type argument in math function 'floor()'; expected real type (VERI-2792) (C:\Users\Jing-XuanTan(i)\Downloads\evsoc-efinity-v2026.1.132\evsoc-efinity-v2026.1.132\cam_single\Ti60F225_dsi\source/isp/blc.sv:12)
[EFX-0011 VERI-WARNING] net 'int_black_level[16]' does not have a driver (VDB-1002) (C:\Users\Jing-XuanTan(i)\Downloads\evsoc-efinity-v2026.1.132\evsoc-efinity-v2026.1.132\cam_single\Ti60F225_dsi\source/isp/blc.sv:42)
[EFX-0011 VERI-WARNING] net 'pipe_0_pixel_0_wire[16]' does not have a driver (VDB-1002) (C:\Users\Jing-XuanTan(i)\Downloads\evsoc-efinity-v2026.1.132\evsoc-efinity-v2026.1.132\cam_single\Ti60F225_dsi\source/isp/blc.sv:44)
[EFX-0011 VERI-WARNING] net 'pipe_0_pixel_1_wire[16]' does not have a driver (VDB-1002) (C:\Users\Jing-XuanTan(i)\Downloads\evsoc-efinity-v2026.1.132\evsoc-efinity-v2026.1.132\cam_single\Ti60F225_dsi\source/isp/blc.sv:45)
[EFX-0011 VERI-WARNING] net 'pipe_0_pixel_2_wire[16]' does not have a driver (VDB-1002) (C:\Users\Jing-XuanTan(i)\Downloads\evsoc-efinity-v2026.1.132\evsoc-efinity-v2026.1.132\cam_single\Ti60F225_dsi\source/isp/blc.sv:46)
[EFX-0011 VERI-WARNING] net 'pipe_0_pixel_3_wire[16]' does not have a driver (VDB-1002) (C:\Users\Jing-XuanTan(i)\Downloads\evsoc-efinity-v2026.1.132\evsoc-efinity-v2026.1.132\cam_single\Ti60F225_dsi\source/isp/blc.sv:47)
[EFX-0011 VERI-WARNING] illegal integral type argument in math function 'floor()'; expected real type (VERI-2792) (C:\Users\Jing-XuanTan(i)\Downloads\evsoc-efinity-v2026.1.132\evsoc-efinity-v2026.1.132\cam_single\Ti60F225_dsi\source/isp/colorgain.sv:14)
[EFX-0011 VERI-WARNING] illegal integral type argument in math function 'floor()'; expected real type (VERI-2792) (C:\Users\Jing-XuanTan(i)\Downloads\evsoc-efinity-v2026.1.132\evsoc-efinity-v2026.1.132\cam_single\Ti60F225_dsi\source/isp/colorgain.sv:14)
[EFX-0011 VERI-WARNING] expression size 2 truncated to fit in target size 1 (VERI-1209) (C:\Users\Jing-XuanTan(i)\Downloads\evsoc-efinity-v2026.1.132\evsoc-efinity-v2026.1.132\cam_single\Ti60F225_dsi\source/isp/colorgain.sv:94)
[EFX-0011 VERI-WARNING] illegal integral type argument in math function 'floor()'; expected real type (VERI-2792) (C:\Users\Jing-XuanTan(i)\Downloads\evsoc-efinity-v2026.1.132\evsoc-efinity-v2026.1.132\cam_single\Ti60F225_dsi\source/isp/demosaic.sv:16)
[EFX-0011 VERI-WARNING] illegal integral type argument in math function 'floor()'; expected real type (VERI-2792) (C:\Users\Jing-XuanTan(i)\Downloads\evsoc-efinity-v2026.1.132\evsoc-efinity-v2026.1.132\cam_single\Ti60F225_dsi\source/isp/demosaic.sv:17)
[EFX-0011 VERI-WARNING] illegal integral type argument in math function 'floor()'; expected real type (VERI-2792) (C:\Users\Jing-XuanTan(i)\Downloads\evsoc-efinity-v2026.1.132\evsoc-efinity-v2026.1.132\cam_single\Ti60F225_dsi\source/isp/demosaic.sv:57)
[EFX-0011 VERI-WARNING] illegal integral type argument in math function 'floor()'; expected real type (VERI-2792) (C:\Users\Jing-XuanTan(i)\Downloads\evsoc-efinity-v2026.1.132\evsoc-efinity-v2026.1.132\cam_single\Ti60F225_dsi\source/isp/demosaic.sv:16)
[EFX-0011 VERI-WARNING] illegal integral type argument in math function 'floor()'; expected real type (VERI-2792) (C:\Users\Jing-XuanTan(i)\Downloads\evsoc-efinity-v2026.1.132\evsoc-efinity-v2026.1.132\cam_single\Ti60F225_dsi\source/isp/demosaic.sv:17)
[EFX-0011 VERI-WARNING] illegal integral type argument in math function 'floor()'; expected real type (VERI-2792) (C:\Users\Jing-XuanTan(i)\Downloads\evsoc-efinity-v2026.1.132\evsoc-efinity-v2026.1.132\cam_single\Ti60F225_dsi\source/isp/demosaic.sv:57)
[EFX-0011 VERI-WARNING] illegal integral type argument in math function 'floor()'; expected real type (VERI-2792) (C:\Users\Jing-XuanTan(i)\Downloads\evsoc-efinity-v2026.1.132\evsoc-efinity-v2026.1.132\cam_single\Ti60F225_dsi\source/isp/linebuffer.sv:16)
[EFX-0011 VERI-WARNING] illegal integral type argument in math function 'floor()'; expected real type (VERI-2792) (C:\Users\Jing-XuanTan(i)\Downloads\evsoc-efinity-v2026.1.132\evsoc-efinity-v2026.1.132\cam_single\Ti60F225_dsi\source/isp/linebuffer.sv:16)
[EFX-0011 VERI-WARNING] illegal integral type argument in math function 'floor()'; expected real type (VERI-2792) (C:\Users\Jing-XuanTan(i)\Downloads\evsoc-efinity-v2026.1.132\evsoc-efinity-v2026.1.132\cam_single\Ti60F225_dsi\source/isp/linebuffer.sv:16)
[EFX-0011 VERI-WARNING] illegal integral type argument in math function 'floor()'; expected real type (VERI-2792) (C:\Users\Jing-XuanTan(i)\Downloads\evsoc-efinity-v2026.1.132\evsoc-efinity-v2026.1.132\cam_single\Ti60F225_dsi\source/isp/linebuffer.sv:16)
[EFX-0011 VERI-WARNING] illegal integral type argument in math function 'floor()'; expected real type (VERI-2792) (C:\Users\Jing-XuanTan(i)\Downloads\evsoc-efinity-v2026.1.132\evsoc-efinity-v2026.1.132\cam_single\Ti60F225_dsi\source/isp/linebuffer.sv:16)
[EFX-0011 VERI-WARNING] illegal integral type argument in math function 'floor()'; expected real type (VERI-2792) (C:\Users\Jing-XuanTan(i)\Downloads\evsoc-efinity-v2026.1.132\evsoc-efinity-v2026.1.132\cam_single\Ti60F225_dsi\source/isp/linebuffer.sv:16)
[EFX-0011 VERI-WARNING] expression size 11 truncated to fit in target size 10 (VERI-1209) (C:\Users\Jing-XuanTan(i)\Downloads\evsoc-efinity-v2026.1.132\evsoc-efinity-v2026.1.132\cam_single\Ti60F225_dsi\source/isp/linebuffer.sv:104)
[EFX-0011 VERI-WARNING] expression size 32 truncated to fit in target size 3 (VERI-1209) (C:\Users\Jing-XuanTan(i)\Downloads\evsoc-efinity-v2026.1.132\evsoc-efinity-v2026.1.132\cam_single\Ti60F225_dsi\source/isp/linebuffer.sv:120)
[EFX-0011 VERI-WARNING] illegal integral type argument in math function 'floor()'; expected real type (VERI-2792) (C:\Users\Jing-XuanTan(i)\Downloads\evsoc-efinity-v2026.1.132\evsoc-efinity-v2026.1.132\cam_single\Ti60F225_dsi\source/isp/demosaic.sv:57)
[EFX-0011 VERI-WARNING] illegal integral type argument in math function 'floor()'; expected real type (VERI-2792) (C:\Users\Jing-XuanTan(i)\Downloads\evsoc-efinity-v2026.1.132\evsoc-efinity-v2026.1.132\cam_single\Ti60F225_dsi\source/isp/demosaic.sv:16)
[EFX-0011 VERI-WARNING] expression size 2 truncated to fit in target size 1 (VERI-1209) (C:\Users\Jing-XuanTan(i)\Downloads\evsoc-efinity-v2026.1.132\evsoc-efinity-v2026.1.132\cam_single\Ti60F225_dsi\source/isp/demosaic.sv:335)
[EFX-0011 VERI-WARNING] illegal integral type argument in math function 'floor()'; expected real type (VERI-2792) (C:\Users\Jing-XuanTan(i)\Downloads\evsoc-efinity-v2026.1.132\evsoc-efinity-v2026.1.132\cam_single\Ti60F225_dsi\source/isp/ccm.sv:12)
[EFX-0011 VERI-WARNING] illegal integral type argument in math function 'floor()'; expected real type (VERI-2792) (C:\Users\Jing-XuanTan(i)\Downloads\evsoc-efinity-v2026.1.132\evsoc-efinity-v2026.1.132\cam_single\Ti60F225_dsi\source/isp/ccm.sv:13)
[EFX-0011 VERI-WARNING] net 'pipe_0_pixel2_r_wire[8]' does not have a driver (VDB-1002) (C:\Users\Jing-XuanTan(i)\Downloads\evsoc-efinity-v2026.1.132\evsoc-efinity-v2026.1.132\cam_single\Ti60F225_dsi\source/isp/ccm.sv:91)
[EFX-0011 VERI-WARNING] net 'pipe_0_pixel2_g_wire[8]' does not have a driver (VDB-1002) (C:\Users\Jing-XuanTan(i)\Downloads\evsoc-efinity-v2026.1.132\evsoc-efinity-v2026.1.132\cam_single\Ti60F225_dsi\source/isp/ccm.sv:92)
[EFX-0011 VERI-WARNING] net 'pipe_0_pixel2_b_wire[8]' does not have a driver (VDB-1002) (C:\Users\Jing-XuanTan(i)\Downloads\evsoc-efinity-v2026.1.132\evsoc-efinity-v2026.1.132\cam_single\Ti60F225_dsi\source/isp/ccm.sv:93)
[EFX-0011 VERI-WARNING] net 'pipe_0_pixel3_r_wire[8]' does not have a driver (VDB-1002) (C:\Users\Jing-XuanTan(i)\Downloads\evsoc-efinity-v2026.1.132\evsoc-efinity-v2026.1.132\cam_single\Ti60F225_dsi\source/isp/ccm.sv:94)
[EFX-0011 VERI-WARNING] net 'pipe_0_pixel3_g_wire[8]' does not have a driver (VDB-1002) (C:\Users\Jing-XuanTan(i)\Downloads\evsoc-efinity-v2026.1.132\evsoc-efinity-v2026.1.132\cam_single\Ti60F225_dsi\source/isp/ccm.sv:95)
[EFX-0011 VERI-WARNING] net 'pipe_0_pixel3_b_wire[8]' does not have a driver (VDB-1002) (C:\Users\Jing-XuanTan(i)\Downloads\evsoc-efinity-v2026.1.132\evsoc-efinity-v2026.1.132\cam_single\Ti60F225_dsi\source/isp/ccm.sv:96)
[EFX-0011 VERI-WARNING] net 'pipe_1_pixel2_r_r_wire[24]' does not have a driver (VDB-1002) (C:\Users\Jing-XuanTan(i)\Downloads\evsoc-efinity-v2026.1.132\evsoc-efinity-v2026.1.132\cam_single\Ti60F225_dsi\source/isp/ccm.sv:157)
[EFX-0011 VERI-WARNING] net 'pipe_1_pixel2_r_g_wire[24]' does not have a driver (VDB-1002) (C:\Users\Jing-XuanTan(i)\Downloads\evsoc-efinity-v2026.1.132\evsoc-efinity-v2026.1.132\cam_single\Ti60F225_dsi\source/isp/ccm.sv:158)
[EFX-0011 VERI-WARNING] net 'pipe_1_pixel2_r_b_wire[24]' does not have a driver (VDB-1002) (C:\Users\Jing-XuanTan(i)\Downloads\evsoc-efinity-v2026.1.132\evsoc-efinity-v2026.1.132\cam_single\Ti60F225_dsi\source/isp/ccm.sv:159)
[EFX-0011 VERI-WARNING] net 'pipe_1_pixel2_g_r_wire[24]' does not have a driver (VDB-1002) (C:\Users\Jing-XuanTan(i)\Downloads\evsoc-efinity-v2026.1.132\evsoc-efinity-v2026.1.132\cam_single\Ti60F225_dsi\source/isp/ccm.sv:160)
[EFX-0011 VERI-WARNING] net 'pipe_1_pixel2_g_g_wire[24]' does not have a driver (VDB-1002) (C:\Users\Jing-XuanTan(i)\Downloads\evsoc-efinity-v2026.1.132\evsoc-efinity-v2026.1.132\cam_single\Ti60F225_dsi\source/isp/ccm.sv:161)
[EFX-0011 VERI-WARNING] net 'pipe_1_pixel2_g_b_wire[24]' does not have a driver (VDB-1002) (C:\Users\Jing-XuanTan(i)\Downloads\evsoc-efinity-v2026.1.132\evsoc-efinity-v2026.1.132\cam_single\Ti60F225_dsi\source/isp/ccm.sv:162)
[EFX-0011 VERI-WARNING] net 'pipe_1_pixel2_b_r_wire[24]' does not have a driver (VDB-1002) (C:\Users\Jing-XuanTan(i)\Downloads\evsoc-efinity-v2026.1.132\evsoc-efinity-v2026.1.132\cam_single\Ti60F225_dsi\source/isp/ccm.sv:163)
[EFX-0011 VERI-WARNING] net 'pipe_1_pixel2_b_g_wire[24]' does not have a driver (VDB-1002) (C:\Users\Jing-XuanTan(i)\Downloads\evsoc-efinity-v2026.1.132\evsoc-efinity-v2026.1.132\cam_single\Ti60F225_dsi\source/isp/ccm.sv:164)
[EFX-0011 VERI-WARNING] net 'pipe_1_pixel2_b_b_wire[24]' does not have a driver (VDB-1002) (C:\Users\Jing-XuanTan(i)\Downloads\evsoc-efinity-v2026.1.132\evsoc-efinity-v2026.1.132\cam_single\Ti60F225_dsi\source/isp/ccm.sv:165)
[EFX-0011 VERI-WARNING] net 'pipe_1_pixel3_r_r_wire[24]' does not have a driver (VDB-1002) (C:\Users\Jing-XuanTan(i)\Downloads\evsoc-efinity-v2026.1.132\evsoc-efinity-v2026.1.132\cam_single\Ti60F225_dsi\source/isp/ccm.sv:166)
[EFX-0011 VERI-WARNING] net 'pipe_1_pixel3_r_g_wire[24]' does not have a driver (VDB-1002) (C:\Users\Jing-XuanTan(i)\Downloads\evsoc-efinity-v2026.1.132\evsoc-efinity-v2026.1.132\cam_single\Ti60F225_dsi\source/isp/ccm.sv:167)
[EFX-0011 VERI-WARNING] net 'pipe_1_pixel3_r_b_wire[24]' does not have a driver (VDB-1002) (C:\Users\Jing-XuanTan(i)\Downloads\evsoc-efinity-v2026.1.132\evsoc-efinity-v2026.1.132\cam_single\Ti60F225_dsi\source/isp/ccm.sv:168)
[EFX-0011 VERI-WARNING] net 'pipe_1_pixel3_g_r_wire[24]' does not have a driver (VDB-1002) (C:\Users\Jing-XuanTan(i)\Downloads\evsoc-efinity-v2026.1.132\evsoc-efinity-v2026.1.132\cam_single\Ti60F225_dsi\source/isp/ccm.sv:169)
[EFX-0011 VERI-WARNING] net 'pipe_1_pixel3_g_g_wire[24]' does not have a driver (VDB-1002) (C:\Users\Jing-XuanTan(i)\Downloads\evsoc-efinity-v2026.1.132\evsoc-efinity-v2026.1.132\cam_single\Ti60F225_dsi\source/isp/ccm.sv:170)
[EFX-0011 VERI-WARNING] net 'pipe_1_pixel3_g_b_wire[24]' does not have a driver (VDB-1002) (C:\Users\Jing-XuanTan(i)\Downloads\evsoc-efinity-v2026.1.132\evsoc-efinity-v2026.1.132\cam_single\Ti60F225_dsi\source/isp/ccm.sv:171)
[EFX-0011 VERI-WARNING] net 'pipe_1_pixel3_b_r_wire[24]' does not have a driver (VDB-1002) (C:\Users\Jing-XuanTan(i)\Downloads\evsoc-efinity-v2026.1.132\evsoc-efinity-v2026.1.132\cam_single\Ti60F225_dsi\source/isp/ccm.sv:172)
[EFX-0011 VERI-WARNING] net 'pipe_1_pixel3_b_g_wire[24]' does not have a driver (VDB-1002) (C:\Users\Jing-XuanTan(i)\Downloads\evsoc-efinity-v2026.1.132\evsoc-efinity-v2026.1.132\cam_single\Ti60F225_dsi\source/isp/ccm.sv:173)
[EFX-0011 VERI-WARNING] net 'pipe_1_pixel3_b_b_wire[24]' does not have a driver (VDB-1002) (C:\Users\Jing-XuanTan(i)\Downloads\evsoc-efinity-v2026.1.132\evsoc-efinity-v2026.1.132\cam_single\Ti60F225_dsi\source/isp/ccm.sv:174)
[EFX-0011 VERI-WARNING] net 'pipe_2_pixel2_r_wire[27]' does not have a driver (VDB-1002) (C:\Users\Jing-XuanTan(i)\Downloads\evsoc-efinity-v2026.1.132\evsoc-efinity-v2026.1.132\cam_single\Ti60F225_dsi\source/isp/ccm.sv:199)
[EFX-0011 VERI-WARNING] net 'pipe_2_pixel2_g_wire[27]' does not have a driver (VDB-1002) (C:\Users\Jing-XuanTan(i)\Downloads\evsoc-efinity-v2026.1.132\evsoc-efinity-v2026.1.132\cam_single\Ti60F225_dsi\source/isp/ccm.sv:200)
[EFX-0011 VERI-WARNING] net 'pipe_2_pixel2_b_wire[27]' does not have a driver (VDB-1002) (C:\Users\Jing-XuanTan(i)\Downloads\evsoc-efinity-v2026.1.132\evsoc-efinity-v2026.1.132\cam_single\Ti60F225_dsi\source/isp/ccm.sv:201)
[EFX-0011 VERI-WARNING] net 'pipe_2_pixel3_r_wire[27]' does not have a driver (VDB-1002) (C:\Users\Jing-XuanTan(i)\Downloads\evsoc-efinity-v2026.1.132\evsoc-efinity-v2026.1.132\cam_single\Ti60F225_dsi\source/isp/ccm.sv:202)
[EFX-0011 VERI-WARNING] net 'pipe_2_pixel3_g_wire[27]' does not have a driver (VDB-1002) (C:\Users\Jing-XuanTan(i)\Downloads\evsoc-efinity-v2026.1.132\evsoc-efinity-v2026.1.132\cam_single\Ti60F225_dsi\source/isp/ccm.sv:203)
[EFX-0011 VERI-WARNING] net 'pipe_2_pixel3_b_wire[27]' does not have a driver (VDB-1002) (C:\Users\Jing-XuanTan(i)\Downloads\evsoc-efinity-v2026.1.132\evsoc-efinity-v2026.1.132\cam_single\Ti60F225_dsi\source/isp/ccm.sv:204)
[EFX-0011 VERI-WARNING] illegal integral type argument in math function 'floor()'; expected real type (VERI-2792) (C:\Users\Jing-XuanTan(i)\Downloads\evsoc-efinity-v2026.1.132\evsoc-efinity-v2026.1.132\cam_single\Ti60F225_dsi\source/isp/gamma.sv:14)
[EFX-0011 VERI-WARNING] illegal integral type argument in math function 'floor()'; expected real type (VERI-2792) (C:\Users\Jing-XuanTan(i)\Downloads\evsoc-efinity-v2026.1.132\evsoc-efinity-v2026.1.132\cam_single\Ti60F225_dsi\source/isp/gamma.sv:15)
[EFX-0011 VERI-WARNING] illegal integral type argument in math function 'floor()'; expected real type (VERI-2792) (C:\Users\Jing-XuanTan(i)\Downloads\evsoc-efinity-v2026.1.132\evsoc-efinity-v2026.1.132\cam_single\Ti60F225_dsi\source/isp/gamma.sv:36)
[EFX-0011 VERI-WARNING] illegal integral type argument in math function 'floor()'; expected real type (VERI-2792) (C:\Users\Jing-XuanTan(i)\Downloads\evsoc-efinity-v2026.1.132\evsoc-efinity-v2026.1.132\cam_single\Ti60F225_dsi\source/isp/gamma.sv:37)
[EFX-0011 VERI-WARNING] illegal integral type argument in math function 'floor()'; expected real type (VERI-2792) (C:\Users\Jing-XuanTan(i)\Downloads\evsoc-efinity-v2026.1.132\evsoc-efinity-v2026.1.132\cam_single\Ti60F225_dsi\source/isp/gamma.sv:14)
[EFX-0011 VERI-WARNING] illegal integral type argument in math function 'floor()'; expected real type (VERI-2792) (C:\Users\Jing-XuanTan(i)\Downloads\evsoc-efinity-v2026.1.132\evsoc-efinity-v2026.1.132\cam_single\Ti60F225_dsi\source/isp/gamma.sv:15)
[EFX-0011 VERI-WARNING] illegal integral type argument in math function 'floor()'; expected real type (VERI-2792) (C:\Users\Jing-XuanTan(i)\Downloads\evsoc-efinity-v2026.1.132\evsoc-efinity-v2026.1.132\cam_single\Ti60F225_dsi\source/isp/gamma.sv:36)
[EFX-0011 VERI-WARNING] illegal integral type argument in math function 'floor()'; expected real type (VERI-2792) (C:\Users\Jing-XuanTan(i)\Downloads\evsoc-efinity-v2026.1.132\evsoc-efinity-v2026.1.132\cam_single\Ti60F225_dsi\source/isp/gamma.sv:37)
[EFX-0011 VERI-WARNING] illegal integral type argument in math function 'floor()'; expected real type (VERI-2792) (C:\Users\Jing-XuanTan(i)\Downloads\evsoc-efinity-v2026.1.132\evsoc-efinity-v2026.1.132\cam_single\Ti60F225_dsi\source/isp/lut.sv:13)
[EFX-0011 VERI-WARNING] illegal integral type argument in math function 'floor()'; expected real type (VERI-2792) (C:\Users\Jing-XuanTan(i)\Downloads\evsoc-efinity-v2026.1.132\evsoc-efinity-v2026.1.132\cam_single\Ti60F225_dsi\source/isp/lut.sv:14)
[EFX-0011 VERI-WARNING] illegal integral type argument in math function 'floor()'; expected real type (VERI-2792) (C:\Users\Jing-XuanTan(i)\Downloads\evsoc-efinity-v2026.1.132\evsoc-efinity-v2026.1.132\cam_single\Ti60F225_dsi\source/isp/lut.sv:13)
[EFX-0011 VERI-WARNING] illegal integral type argument in math function 'floor()'; expected real type (VERI-2792) (C:\Users\Jing-XuanTan(i)\Downloads\evsoc-efinity-v2026.1.132\evsoc-efinity-v2026.1.132\cam_single\Ti60F225_dsi\source/isp/lut.sv:14)
[EFX-0011 VERI-WARNING] illegal entry at :\Users\Jing-XuanTan(i)\Downloads\evsoc-efinity-v2026.1.132\evsoc-efinity-v2026.1.132\cam_single\Ti60F225_dsi\source/isp/lut.mem:257 for index 256 in range [0:255] (VERI-2588) (C:\Users\Jing-XuanTan(i)\Downloads\evsoc-efinity-v2026.1.132\evsoc-efinity-v2026.1.132\cam_single\Ti60F225_dsi\source/isp/simple_dual_ported_rom.sv:29)
[EFX-0011 VERI-WARNING] net 'rom' does not have a driver (VDB-1002) (C:\Users\Jing-XuanTan(i)\Downloads\evsoc-efinity-v2026.1.132\evsoc-efinity-v2026.1.132\cam_single\Ti60F225_dsi\source/isp/simple_dual_ported_rom.sv:24)
[EFX-0011 VERI-WARNING] net 'pipe_0_pixel2_wire[7]' does not have a driver (VDB-1002) (C:\Users\Jing-XuanTan(i)\Downloads\evsoc-efinity-v2026.1.132\evsoc-efinity-v2026.1.132\cam_single\Ti60F225_dsi\source/isp/lut.sv:44)
[EFX-0011 VERI-WARNING] net 'pipe_0_pixel3_wire[7]' does not have a driver (VDB-1002) (C:\Users\Jing-XuanTan(i)\Downloads\evsoc-efinity-v2026.1.132\evsoc-efinity-v2026.1.132\cam_single\Ti60F225_dsi\source/isp/lut.sv:45)
[EFX-0011 VERI-WARNING] input port 's_axis_tlast' remains unconnected for this instance (VDB-1053) (C:\Users\Jing-XuanTan(i)\Downloads\evsoc-efinity-v2026.1.132\evsoc-efinity-v2026.1.132\cam_single\Ti60F225_dsi\source/isp/gamma.sv:117)
[EFX-0011 VERI-WARNING] input port 's_axis_tlast' remains unconnected for this instance (VDB-1053) (C:\Users\Jing-XuanTan(i)\Downloads\evsoc-efinity-v2026.1.132\evsoc-efinity-v2026.1.132\cam_single\Ti60F225_dsi\source/isp/gamma.sv:140)
[EFX-0011 VERI-WARNING] expression size 32 truncated to fit in target size 11 (VERI-1209) (C:\Users\Jing-XuanTan(i)\Downloads\evsoc-efinity-v2026.1.132\evsoc-efinity-v2026.1.132\cam_single\Ti60F225_dsi\source/cam/cam_crop.v:82)
[EFX-0011 VERI-WARNING] port 'a_wr_rst_i' remains unconnected for this instance (VERI-1927) (C:\Users\Jing-XuanTan(i)\Downloads\evsoc-efinity-v2026.1.132\evsoc-efinity-v2026.1.132\cam_single\Ti60F225_dsi\ip\cam_dma_fifo\cam_dma_fifo.sv:110)
[EFX-0011 VERI-WARNING] input port 'a_wr_rst_i' is not connected on this instance (VDB-1013) (C:\Users\Jing-XuanTan(i)\Downloads\evsoc-efinity-v2026.1.132\evsoc-efinity-v2026.1.132\cam_single\Ti60F225_dsi\ip\cam_dma_fifo\cam_dma_fifo.sv:92)
[EFX-0011 VERI-WARNING] net 'isp_cfg_addr' does not have a driver (VDB-1002) (C:\Users\Jing-XuanTan(i)\Downloads\evsoc-efinity-v2026.1.132\evsoc-efinity-v2026.1.132\cam_single\Ti60F225_dsi\source\isp\cam_picam_v2.v:378)
[EFX-0011 VERI-WARNING] net 'isp_cfg_data' does not have a driver (VDB-1002) (C:\Users\Jing-XuanTan(i)\Downloads\evsoc-efinity-v2026.1.132\evsoc-efinity-v2026.1.132\cam_single\Ti60F225_dsi\source\isp\cam_picam_v2.v:379)
[EFX-0011 VERI-WARNING] actual bit length 32 differs from formal bit length 1 for port 'i_dbg_we' (VERI-1330) (C:\Users\Jing-XuanTan(i)\Downloads\evsoc-efinity-v2026.1.132\evsoc-efinity-v2026.1.132\cam_single\Ti60F225_dsi\edge_vision_soc.v:910)
[EFX-0011 VERI-WARNING] actual bit length 32 differs from formal bit length 40 for port 'i_dbg_din' (VERI-1330) (C:\Users\Jing-XuanTan(i)\Downloads\evsoc-efinity-v2026.1.132\evsoc-efinity-v2026.1.132\cam_single\Ti60F225_dsi\edge_vision_soc.v:911)
[EFX-0011 VERI-WARNING] actual bit length 32 differs from formal bit length 9 for port 'i_dbg_addr' (VERI-1330) (C:\Users\Jing-XuanTan(i)\Downloads\evsoc-efinity-v2026.1.132\evsoc-efinity-v2026.1.132\cam_single\Ti60F225_dsi\edge_vision_soc.v:912)
[EFX-0011 VERI-WARNING] actual bit length 32 differs from formal bit length 1 for port 'i_dbg_reconfig' (VERI-1330) (C:\Users\Jing-XuanTan(i)\Downloads\evsoc-efinity-v2026.1.132\evsoc-efinity-v2026.1.132\cam_single\Ti60F225_dsi\edge_vision_soc.v:914)
[EFX-0011 VERI-WARNING] port 'rst_busy' remains unconnected for this instance (VERI-1927) (C:\Users\Jing-XuanTan(i)\Downloads\evsoc-efinity-v2026.1.132\evsoc-efinity-v2026.1.132\cam_single\Ti60F225_dsi\source/display/dsi/display_dsi.v:265)
[EFX-0011 VERI-WARNING] actual bit length 11 differs from formal bit length 14 for port 'out_x' (VERI-1330) (C:\Users\Jing-XuanTan(i)\Downloads\evsoc-efinity-v2026.1.132\evsoc-efinity-v2026.1.132\cam_single\Ti60F225_dsi\source/display/dsi/display_dsi.v:127)
[EFX-0011 VERI-WARNING] actual bit length 11 differs from formal bit length 12 for port 'out_y' (VERI-1330) (C:\Users\Jing-XuanTan(i)\Downloads\evsoc-efinity-v2026.1.132\evsoc-efinity-v2026.1.132\cam_single\Ti60F225_dsi\source/display/dsi/display_dsi.v:128)
[EFX-0011 VERI-WARNING] expression size 16 truncated to fit in target size 8 (VERI-1209) (C:\Users\Jing-XuanTan(i)\Downloads\evsoc-efinity-v2026.1.132\evsoc-efinity-v2026.1.132\cam_single\Ti60F225_dsi\source/cam/scale_up_2x_nn.v:127)
[EFX-0011 VERI-WARNING] expression size 16 truncated to fit in target size 8 (VERI-1209) (C:\Users\Jing-XuanTan(i)\Downloads\evsoc-efinity-v2026.1.132\evsoc-efinity-v2026.1.132\cam_single\Ti60F225_dsi\source/cam/scale_up_2x_nn.v:128)
[EFX-0011 VERI-WARNING] expression size 16 truncated to fit in target size 8 (VERI-1209) (C:\Users\Jing-XuanTan(i)\Downloads\evsoc-efinity-v2026.1.132\evsoc-efinity-v2026.1.132\cam_single\Ti60F225_dsi\source/cam/scale_up_2x_nn.v:129)
[EFX-0011 VERI-WARNING] port 'a_wr_rst_i' remains unconnected for this instance (VERI-1927) (C:\Users\Jing-XuanTan(i)\Downloads\evsoc-efinity-v2026.1.132\evsoc-efinity-v2026.1.132\cam_single\Ti60F225_dsi\ip\display_dma_fifo\display_dma_fifo.sv:110)
[EFX-0011 VERI-WARNING] input port 'a_wr_rst_i' is not connected on this instance (VDB-1013) (C:\Users\Jing-XuanTan(i)\Downloads\evsoc-efinity-v2026.1.132\evsoc-efinity-v2026.1.132\cam_single\Ti60F225_dsi\ip\display_dma_fifo\display_dma_fifo.sv:92)
[EFX-0011 VERI-WARNING] actual bit length 10 differs from formal bit length 11 for port 'datacount_o' (VERI-1330) (C:\Users\Jing-XuanTan(i)\Downloads\evsoc-efinity-v2026.1.132\evsoc-efinity-v2026.1.132\cam_single\Ti60F225_dsi\source/display/dsi/display_dsi.v:264)
[EFX-0011 VERI-WARNING] port '**' remains unconnected for this instance (VERI-1927) (C:\Users\Jing-XuanTan(i)\Downloads\evsoc-efinity-v2026.1.132\evsoc-efinity-v2026.1.132\cam_single\Ti60F225_dsi\ip\dsi_tx_display\dsi_tx_display.sv:5436)
[EFX-0011 VERI-WARNING] assignment and/or driver for '**' inside static function '**' is not preserved (VERI-2457) (C:\Users\Jing-XuanTan(i)\Downloads\evsoc-efinity-v2026.1.132\evsoc-efinity-v2026.1.132\cam_single\Ti60F225_dsi\ip\dsi_tx_display\dsi_tx_display.sv:2885)
[EFX-0011 VERI-WARNING] port '**' remains unconnected for this instance (VERI-1927) (C:\Users\Jing-XuanTan(i)\Downloads\evsoc-efinity-v2026.1.132\evsoc-efinity-v2026.1.132\cam_single\Ti60F225_dsi\ip\dsi_tx_display\dsi_tx_display.sv:5689)
[EFX-0011 VERI-WARNING] expression size ** truncated to fit in target size ** (VERI-1209) (C:\Users\Jing-XuanTan(i)\Downloads\evsoc-efinity-v2026.1.132\evsoc-efinity-v2026.1.132\cam_single\Ti60F225_dsi\ip\dsi_tx_display\dsi_tx_display.sv:5689)
[EFX-0011 VERI-WARNING] expression size ** truncated to fit in target size ** (VERI-1209) (C:\Users\Jing-XuanTan(i)\Downloads\evsoc-efinity-v2026.1.132\evsoc-efinity-v2026.1.132\cam_single\Ti60F225_dsi\ip\dsi_tx_display\dsi_tx_display.sv:7297)
[EFX-0011 VERI-WARNING] port '**' remains unconnected for this instance (VERI-1927) (C:\Users\Jing-XuanTan(i)\Downloads\evsoc-efinity-v2026.1.132\evsoc-efinity-v2026.1.132\cam_single\Ti60F225_dsi\ip\dsi_tx_display\dsi_tx_display.sv:1596)
[EFX-0011 VERI-WARNING] expression size ** truncated to fit in target size ** (VERI-1209) (C:\Users\Jing-XuanTan(i)\Downloads\evsoc-efinity-v2026.1.132\evsoc-efinity-v2026.1.132\cam_single\Ti60F225_dsi\ip\dsi_tx_display\dsi_tx_display.sv:1596)
[EFX-0011 VERI-WARNING] port '**' remains unconnected for this instance (VERI-1927) (C:\Users\Jing-XuanTan(i)\Downloads\evsoc-efinity-v2026.1.132\evsoc-efinity-v2026.1.132\cam_single\Ti60F225_dsi\ip\dsi_tx_display\dsi_tx_display.sv:2500)
[EFX-0011 VERI-WARNING] expression size ** truncated to fit in target size ** (VERI-1209) (C:\Users\Jing-XuanTan(i)\Downloads\evsoc-efinity-v2026.1.132\evsoc-efinity-v2026.1.132\cam_single\Ti60F225_dsi\ip\dsi_tx_display\dsi_tx_display.sv:2500)
[EFX-0011 VERI-WARNING] assignment and/or driver for '**' inside static function '**' is not preserved (VERI-2457) (C:\Users\Jing-XuanTan(i)\Downloads\evsoc-efinity-v2026.1.132\evsoc-efinity-v2026.1.132\cam_single\Ti60F225_dsi\ip\dsi_tx_display\dsi_tx_display.sv:3474)
[EFX-0011 VERI-WARNING] actual bit length 32 differs from formal bit length 16 for port 'haddr' (VERI-1330) (C:\Users\Jing-XuanTan(i)\Downloads\evsoc-efinity-v2026.1.132\evsoc-efinity-v2026.1.132\cam_single\Ti60F225_dsi\edge_vision_soc.v:1044)
[EFX-0011 VERI-WARNING] port 'ram_clk_cal_2' is not connected on this instance (VERI-2435) (C:\Users\Jing-XuanTan(i)\Downloads\evsoc-efinity-v2026.1.132\evsoc-efinity-v2026.1.132\cam_single\Ti60F225_dsi\ip\hbram\hbram.sv:200)
[EFX-0011 VERI-WARNING] port 'native_clk' remains unconnected for this instance (VERI-1927) (C:\Users\Jing-XuanTan(i)\Downloads\evsoc-efinity-v2026.1.132\evsoc-efinity-v2026.1.132\cam_single\Ti60F225_dsi\ip\hbram\hbram.sv:200)
[EFX-0011 VERI-WARNING] port '**' remains unconnected for this instance (VERI-1927) (C:\Users\Jing-XuanTan(i)\Downloads\evsoc-efinity-v2026.1.132\evsoc-efinity-v2026.1.132\cam_single\Ti60F225_dsi\ip\hbram\hbram.sv:1134)
[EFX-0011 VERI-WARNING] expression size 32 truncated to fit in target size 9 (VERI-1209) (C:\Users\Jing-XuanTan(i)\Downloads\evsoc-efinity-v2026.1.132\evsoc-efinity-v2026.1.132\cam_single\Ti60F225_dsi\ip\hbram\hbram.sv:5791)
[EFX-0011 VERI-WARNING] expression size 32 truncated to fit in target size 11 (VERI-1209) (C:\Users\Jing-XuanTan(i)\Downloads\evsoc-efinity-v2026.1.132\evsoc-efinity-v2026.1.132\cam_single\Ti60F225_dsi\ip\hbram\hbram.sv:5792)
[EFX-0011 VERI-WARNING] expression size ** truncated to fit in target size ** (VERI-1209) (C:\Users\Jing-XuanTan(i)\Downloads\evsoc-efinity-v2026.1.132\evsoc-efinity-v2026.1.132\cam_single\Ti60F225_dsi\ip\hbram\hbram.sv:1134)
[EFX-0011 VERI-WARNING] expression size 32 truncated to fit in target size 11 (VERI-1209) (C:\Users\Jing-XuanTan(i)\Downloads\evsoc-efinity-v2026.1.132\evsoc-efinity-v2026.1.132\cam_single\Ti60F225_dsi\ip\hbram\hbram.sv:5806)
[EFX-0011 VERI-WARNING] expression size 32 truncated to fit in target size 9 (VERI-1209) (C:\Users\Jing-XuanTan(i)\Downloads\evsoc-efinity-v2026.1.132\evsoc-efinity-v2026.1.132\cam_single\Ti60F225_dsi\ip\hbram\hbram.sv:5807)
[EFX-0011 VERI-WARNING] expression size ** truncated to fit in target size ** (VERI-1209) (C:\Users\Jing-XuanTan(i)\Downloads\evsoc-efinity-v2026.1.132\evsoc-efinity-v2026.1.132\cam_single\Ti60F225_dsi\ip\hbram\hbram.sv:5309)
[EFX-0011 VERI-WARNING] actual bit length ** differs from formal bit length *** for port '**' (VERI-1330) (C:\Users\Jing-XuanTan(i)\Downloads\evsoc-efinity-v2026.1.132\evsoc-efinity-v2026.1.132\cam_single\Ti60F225_dsi\ip\hbram\hbram.sv:1946)
[EFX-0011 VERI-WARNING] expression size ** truncated to fit in target size ** (VERI-1209) (C:\Users\Jing-XuanTan(i)\Downloads\evsoc-efinity-v2026.1.132\evsoc-efinity-v2026.1.132\cam_single\Ti60F225_dsi\ip\hbram\hbram.sv:3545)
[EFX-0011 VERI-WARNING] actual bit length ** differs from formal bit length *** for port '**' (VERI-1330) (C:\Users\Jing-XuanTan(i)\Downloads\evsoc-efinity-v2026.1.132\evsoc-efinity-v2026.1.132\cam_single\Ti60F225_dsi\ip\hbram\hbram.sv:2351)
[EFX-0011 VERI-WARNING] expression size ** truncated to fit in target size ** (VERI-1209) (C:\Users\Jing-XuanTan(i)\Downloads\evsoc-efinity-v2026.1.132\evsoc-efinity-v2026.1.132\cam_single\Ti60F225_dsi\ip\hbram\hbram.sv:4591)
[EFX-0011 VERI-WARNING] input port 'ram_clk_cal_2' remains unconnected for this instance (VDB-1053) (C:\Users\Jing-XuanTan(i)\Downloads\evsoc-efinity-v2026.1.132\evsoc-efinity-v2026.1.132\cam_single\Ti60F225_dsi\ip\hbram\hbram.sv:147)
[EFX-0011 VERI-WARNING] input port 'native_clk' is not connected on this instance (VDB-1013) (C:\Users\Jing-XuanTan(i)\Downloads\evsoc-efinity-v2026.1.132\evsoc-efinity-v2026.1.132\cam_single\Ti60F225_dsi\ip\hbram\hbram.sv:147)
[EFX-0011 VERI-WARNING] system task 'display' is ignored for synthesis (VERI-1142) (C:\Users\Jing-XuanTan(i)\Downloads\evsoc-efinity-v2026.1.132\evsoc-efinity-v2026.1.132\cam_single\Ti60F225_dsi\ip\SapphireSoc\SapphireSoc.v:22380)
[EFX-0011 VERI-WARNING] net 'IBusCachedPlugin_cache_io_cpu_fetch_isRemoved' does not have a driver (VDB-1002) (C:\Users\Jing-XuanTan(i)\Downloads\evsoc-efinity-v2026.1.132\evsoc-efinity-v2026.1.132\cam_single\Ti60F225_dsi\ip\SapphireSoc\SapphireSoc.v:12883)
[EFX-0011 VERI-WARNING] net 'dataCache_1_io_cpu_writeBack_fence_SW' does not have a driver (VDB-1002) (C:\Users\Jing-XuanTan(i)\Downloads\evsoc-efinity-v2026.1.132\evsoc-efinity-v2026.1.132\cam_single\Ti60F225_dsi\ip\SapphireSoc\SapphireSoc.v:12896)
[EFX-0011 VERI-WARNING] net 'dataCache_1_io_cpu_writeBack_fence_SR' does not have a driver (VDB-1002) (C:\Users\Jing-XuanTan(i)\Downloads\evsoc-efinity-v2026.1.132\evsoc-efinity-v2026.1.132\cam_single\Ti60F225_dsi\ip\SapphireSoc\SapphireSoc.v:12897)
[EFX-0011 VERI-WARNING] net 'dataCache_1_io_cpu_writeBack_fence_SO' does not have a driver (VDB-1002) (C:\Users\Jing-XuanTan(i)\Downloads\evsoc-efinity-v2026.1.132\evsoc-efinity-v2026.1.132\cam_single\Ti60F225_dsi\ip\SapphireSoc\SapphireSoc.v:12898)
[EFX-0011 VERI-WARNING] net 'dataCache_1_io_cpu_writeBack_fence_SI' does not have a driver (VDB-1002) (C:\Users\Jing-XuanTan(i)\Downloads\evsoc-efinity-v2026.1.132\evsoc-efinity-v2026.1.132\cam_single\Ti60F225_dsi\ip\SapphireSoc\SapphireSoc.v:12899)
[EFX-0011 VERI-WARNING] net 'dataCache_1_io_cpu_writeBack_fence_PW' does not have a driver (VDB-1002) (C:\Users\Jing-XuanTan(i)\Downloads\evsoc-efinity-v2026.1.132\evsoc-efinity-v2026.1.132\cam_single\Ti60F225_dsi\ip\SapphireSoc\SapphireSoc.v:12900)
[EFX-0011 VERI-WARNING] net 'dataCache_1_io_cpu_writeBack_fence_PR' does not have a driver (VDB-1002) (C:\Users\Jing-XuanTan(i)\Downloads\evsoc-efinity-v2026.1.132\evsoc-efinity-v2026.1.132\cam_single\Ti60F225_dsi\ip\SapphireSoc\SapphireSoc.v:12901)
[EFX-0011 VERI-WARNING] net 'dataCache_1_io_cpu_writeBack_fence_PO' does not have a driver (VDB-1002) (C:\Users\Jing-XuanTan(i)\Downloads\evsoc-efinity-v2026.1.132\evsoc-efinity-v2026.1.132\cam_single\Ti60F225_dsi\ip\SapphireSoc\SapphireSoc.v:12902)
[EFX-0011 VERI-WARNING] net 'dataCache_1_io_cpu_writeBack_fence_PI' does not have a driver (VDB-1002) (C:\Users\Jing-XuanTan(i)\Downloads\evsoc-efinity-v2026.1.132\evsoc-efinity-v2026.1.132\cam_single\Ti60F225_dsi\ip\SapphireSoc\SapphireSoc.v:12903)
[EFX-0011 VERI-WARNING] net 'dataCache_1_io_cpu_writeBack_fence_FM[3]' does not have a driver (VDB-1002) (C:\Users\Jing-XuanTan(i)\Downloads\evsoc-efinity-v2026.1.132\evsoc-efinity-v2026.1.132\cam_single\Ti60F225_dsi\ip\SapphireSoc\SapphireSoc.v:12904)
[EFX-0011 VERI-WARNING] net 'IBusCachedPlugin_mmuBus_rsp_bypassTranslation' does not have a driver (VDB-1002) (C:\Users\Jing-XuanTan(i)\Downloads\evsoc-efinity-v2026.1.132\evsoc-efinity-v2026.1.132\cam_single\Ti60F225_dsi\ip\SapphireSoc\SapphireSoc.v:13411)
[EFX-0011 VERI-WARNING] net 'DBusCachedPlugin_mmuBus_rsp_bypassTranslation' does not have a driver (VDB-1002) (C:\Users\Jing-XuanTan(i)\Downloads\evsoc-efinity-v2026.1.132\evsoc-efinity-v2026.1.132\cam_single\Ti60F225_dsi\ip\SapphireSoc\SapphireSoc.v:13437)
[EFX-0011 VERI-WARNING] net 'IBusCachedPlugin_iBusRsp_output_payload_rsp_error' does not have a driver (VDB-1002) (C:\Users\Jing-XuanTan(i)\Downloads\evsoc-efinity-v2026.1.132\evsoc-efinity-v2026.1.132\cam_single\Ti60F225_dsi\ip\SapphireSoc\SapphireSoc.v:13545)
[EFX-0011 VERI-WARNING] net 'IBusCachedPlugin_iBusRsp_output_payload_isRvc' does not have a driver (VDB-1002) (C:\Users\Jing-XuanTan(i)\Downloads\evsoc-efinity-v2026.1.132\evsoc-efinity-v2026.1.132\cam_single\Ti60F225_dsi\ip\SapphireSoc\SapphireSoc.v:13547)
[EFX-0011 VERI-WARNING] net 'CsrPlugin_mtvec_mode[1]' does not have a driver (VDB-1002) (C:\Users\Jing-XuanTan(i)\Downloads\evsoc-efinity-v2026.1.132\evsoc-efinity-v2026.1.132\cam_single\Ti60F225_dsi\ip\SapphireSoc\SapphireSoc.v:13781)
[EFX-0011 VERI-WARNING] system function call 'urandom' is not supported (VERI-1141) (C:\Users\Jing-XuanTan(i)\Downloads\evsoc-efinity-v2026.1.132\evsoc-efinity-v2026.1.132\cam_single\Ti60F225_dsi\ip\SapphireSoc\SapphireSoc.v:21505)
[EFX-0011 VERI-WARNING] system function call 'urandom' is not supported (VERI-1141) (C:\Users\Jing-XuanTan(i)\Downloads\evsoc-efinity-v2026.1.132\evsoc-efinity-v2026.1.132\cam_single\Ti60F225_dsi\ip\SapphireSoc\SapphireSoc.v:21506)
[EFX-0011 VERI-WARNING] system function call 'urandom' is not supported (VERI-1141) (C:\Users\Jing-XuanTan(i)\Downloads\evsoc-efinity-v2026.1.132\evsoc-efinity-v2026.1.132\cam_single\Ti60F225_dsi\ip\SapphireSoc\SapphireSoc.v:23686)
[EFX-0011 VERI-WARNING] system function call 'urandom' is not supported (VERI-1141) (C:\Users\Jing-XuanTan(i)\Downloads\evsoc-efinity-v2026.1.132\evsoc-efinity-v2026.1.132\cam_single\Ti60F225_dsi\ip\SapphireSoc\SapphireSoc.v:23687)
[EFX-0011 VERI-WARNING] system function call 'urandom' is not supported (VERI-1141) (C:\Users\Jing-XuanTan(i)\Downloads\evsoc-efinity-v2026.1.132\evsoc-efinity-v2026.1.132\cam_single\Ti60F225_dsi\ip\SapphireSoc\SapphireSoc.v:5873)
[EFX-0011 VERI-WARNING] system function call 'urandom' is not supported (VERI-1141) (C:\Users\Jing-XuanTan(i)\Downloads\evsoc-efinity-v2026.1.132\evsoc-efinity-v2026.1.132\cam_single\Ti60F225_dsi\ip\SapphireSoc\SapphireSoc.v:5874)
[EFX-0011 VERI-WARNING] net 'slaveRegOut[31]' does not have a driver (VDB-1002) (C:\Users\Jing-XuanTan(i)\Downloads\evsoc-efinity-v2026.1.132\evsoc-efinity-v2026.1.132\cam_single\Ti60F225_dsi\source\hw_accel\hw_accel_apb3.v:38)
[EFX-0011 VERI-WARNING] port 'rst_busy' remains unconnected for this instance (VERI-1927) (C:\Users\Jing-XuanTan(i)\Downloads\evsoc-efinity-v2026.1.132\evsoc-efinity-v2026.1.132\cam_single\Ti60F225_dsi\source/hw_accel/hw_accel_wrapper.v:176)
[EFX-0011 VERI-WARNING] port 'rst_busy' remains unconnected for this instance (VERI-1927) (C:\Users\Jing-XuanTan(i)\Downloads\evsoc-efinity-v2026.1.132\evsoc-efinity-v2026.1.132\cam_single\Ti60F225_dsi\source/hw_accel/hw_accel_wrapper.v:202)
[EFX-0011 VERI-WARNING] port 'a_wr_rst_i' remains unconnected for this instance (VERI-1927) (C:\Users\Jing-XuanTan(i)\Downloads\evsoc-efinity-v2026.1.132\evsoc-efinity-v2026.1.132\cam_single\Ti60F225_dsi\ip\hw_accel_dma_in_fifo\hw_accel_dma_in_fifo.sv:112)
[EFX-0011 VERI-WARNING] input port 'a_wr_rst_i' is not connected on this instance (VDB-1013) (C:\Users\Jing-XuanTan(i)\Downloads\evsoc-efinity-v2026.1.132\evsoc-efinity-v2026.1.132\cam_single\Ti60F225_dsi\ip\hw_accel_dma_in_fifo\hw_accel_dma_in_fifo.sv:93)
[EFX-0011 VERI-WARNING] port 'a_wr_rst_i' remains unconnected for this instance (VERI-1927) (C:\Users\Jing-XuanTan(i)\Downloads\evsoc-efinity-v2026.1.132\evsoc-efinity-v2026.1.132\cam_single\Ti60F225_dsi\ip\hw_accel_dma_out_fifo\hw_accel_dma_out_fifo.sv:112)
[EFX-0011 VERI-WARNING] input port 'a_wr_rst_i' is not connected on this instance (VDB-1013) (C:\Users\Jing-XuanTan(i)\Downloads\evsoc-efinity-v2026.1.132\evsoc-efinity-v2026.1.132\cam_single\Ti60F225_dsi\ip\hw_accel_dma_out_fifo\hw_accel_dma_out_fifo.sv:93)
[EFX-0011 VERI-WARNING] system function call 'urandom' is not supported (VERI-1141) (C:\Users\Jing-XuanTan(i)\Downloads\evsoc-efinity-v2026.1.132\evsoc-efinity-v2026.1.132\cam_single\Ti60F225_dsi\ip\dma\dma.v:13453)
[EFX-0011 VERI-WARNING] system function call 'urandom' is not supported (VERI-1141) (C:\Users\Jing-XuanTan(i)\Downloads\evsoc-efinity-v2026.1.132\evsoc-efinity-v2026.1.132\cam_single\Ti60F225_dsi\ip\dma\dma.v:13454)
[EFX-0011 VERI-WARNING] system function call 'urandom' is not supported (VERI-1141) (C:\Users\Jing-XuanTan(i)\Downloads\evsoc-efinity-v2026.1.132\evsoc-efinity-v2026.1.132\cam_single\Ti60F225_dsi\ip\dma\dma.v:13455)
[EFX-0011 VERI-WARNING] system function call 'urandom' is not supported (VERI-1141) (C:\Users\Jing-XuanTan(i)\Downloads\evsoc-efinity-v2026.1.132\evsoc-efinity-v2026.1.132\cam_single\Ti60F225_dsi\ip\dma\dma.v:13456)
[EFX-0011 VERI-WARNING] system function call 'urandom' is not supported (VERI-1141) (C:\Users\Jing-XuanTan(i)\Downloads\evsoc-efinity-v2026.1.132\evsoc-efinity-v2026.1.132\cam_single\Ti60F225_dsi\ip\dma\dma.v:13457)
[EFX-0011 VERI-WARNING] actual bit length 16 differs from formal bit length 14 for port 'ctrl_PADDR' (VERI-1330) (C:\Users\Jing-XuanTan(i)\Downloads\evsoc-efinity-v2026.1.132\evsoc-efinity-v2026.1.132\cam_single\Ti60F225_dsi\edge_vision_soc.v:1332)
[EFX-0011 VERI-WARNING] system task 'display' is ignored for synthesis (VERI-1142) (C:\Users\Jing-XuanTan(i)\Downloads\evsoc-efinity-v2026.1.132\evsoc-efinity-v2026.1.132\cam_single\Ti60F225_dsi\source/axi/axi_interconnect.v:220)
[EFX-0011 VERI-WARNING] system task 'display' is ignored for synthesis (VERI-1142) (C:\Users\Jing-XuanTan(i)\Downloads\evsoc-efinity-v2026.1.132\evsoc-efinity-v2026.1.132\cam_single\Ti60F225_dsi\source/axi/axi_interconnect.v:223)
[EFX-0011 VERI-WARNING] expression size 32 truncated to fit in target size 2 (VERI-1209) (C:\Users\Jing-XuanTan(i)\Downloads\evsoc-efinity-v2026.1.132\evsoc-efinity-v2026.1.132\cam_single\Ti60F225_dsi\source/axi/priority_encoder.v:89)
[EFX-0011 VERI-WARNING] expression size 32 truncated to fit in target size 4 (VERI-1209) (C:\Users\Jing-XuanTan(i)\Downloads\evsoc-efinity-v2026.1.132\evsoc-efinity-v2026.1.132\cam_single\Ti60F225_dsi\source/axi/priority_encoder.v:89)
[EFX-0011 VERI-WARNING] right shift count >= width of value (VERI-1959) (C:\Users\Jing-XuanTan(i)\Downloads\evsoc-efinity-v2026.1.132\evsoc-efinity-v2026.1.132\cam_single\Ti60F225_dsi\source/axi/axi_interconnect.v:566)
[EFX-0011 VERI-WARNING] expression size 32 truncated to fit in target size 8 (VERI-1209) (C:\Users\Jing-XuanTan(i)\Downloads\evsoc-efinity-v2026.1.132\evsoc-efinity-v2026.1.132\cam_single\Ti60F225_dsi\source/axi/axi_interconnect.v:689)
[EFX-0011 VERI-WARNING] input port 'Rx_HS_D_2[7]' remains unconnected for this instance (VDB-1053) (C:\Users\Jing-XuanTan(i)\Downloads\evsoc-efinity-v2026.1.132\evsoc-efinity-v2026.1.132\cam_single\Ti60F225_dsi\edge_vision_soc.v:729)
[EFX-0011 VERI-WARNING] input port 'system_spi_0_io_data_2_read' remains unconnected for this instance (VDB-1053) (C:\Users\Jing-XuanTan(i)\Downloads\evsoc-efinity-v2026.1.132\evsoc-efinity-v2026.1.132\cam_single\Ti60F225_dsi\edge_vision_soc.v:1168)
[EFX-0011 VERI-WARNING] input port 'dat1_o_tready' remains unconnected for this instance (VDB-1053) (C:\Users\Jing-XuanTan(i)\Downloads\evsoc-efinity-v2026.1.132\evsoc-efinity-v2026.1.132\cam_single\Ti60F225_dsi\edge_vision_soc.v:1327)
[EFX-0011 VERI-WARNING] input port 's_axi_awuser[1]' remains unconnected for this instance (VDB-1053) (C:\Users\Jing-XuanTan(i)\Downloads\evsoc-efinity-v2026.1.132\evsoc-efinity-v2026.1.132\cam_single\Ti60F225_dsi\edge_vision_soc.v:1464)

///////////////////////////////////
// Efinity Synthesis Started 
// Aug 27, 2026 09:40:43
///////////////////////////////////

[EFX-0011 VERI-WARNING] parameter 'CL_S_COUNT' becomes localparam in 'axi_interconnect' with formal parameter declaration list (VERI-1199) (C:\Users\Jing-XuanTan(i)\Downloads\evsoc-efinity-v2026.1.132\evsoc-efinity-v2026.1.132\cam_single\Ti60F225_dsi\source/axi/axi_interconnect.v:180)
[EFX-0011 VERI-WARNING] parameter 'CL_M_COUNT' becomes localparam in 'axi_interconnect' with formal parameter declaration list (VERI-1199) (C:\Users\Jing-XuanTan(i)\Downloads\evsoc-efinity-v2026.1.132\evsoc-efinity-v2026.1.132\cam_single\Ti60F225_dsi\source/axi/axi_interconnect.v:181)
[EFX-0011 VERI-WARNING] parameter 'AUSER_WIDTH' becomes localparam in 'axi_interconnect' with formal parameter declaration list (VERI-1199) (C:\Users\Jing-XuanTan(i)\Downloads\evsoc-efinity-v2026.1.132\evsoc-efinity-v2026.1.132\cam_single\Ti60F225_dsi\source/axi/axi_interconnect.v:183)
[EFX-0011 VERI-WARNING] parameter 'M_BASE_ADDR_INT' becomes localparam in 'axi_interconnect' with formal parameter declaration list (VERI-1199) (C:\Users\Jing-XuanTan(i)\Downloads\evsoc-efinity-v2026.1.132\evsoc-efinity-v2026.1.132\cam_single\Ti60F225_dsi\source/axi/axi_interconnect.v:202)
[EFX-0011 VERI-WARNING] parameter 'W1' becomes localparam in 'priority_encoder' with formal parameter declaration list (VERI-1199) (C:\Users\Jing-XuanTan(i)\Downloads\evsoc-efinity-v2026.1.132\evsoc-efinity-v2026.1.132\cam_single\Ti60F225_dsi\source/axi/priority_encoder.v:39)
[EFX-0011 VERI-WARNING] parameter 'W2' becomes localparam in 'priority_encoder' with formal parameter declaration list (VERI-1199) (C:\Users\Jing-XuanTan(i)\Downloads\evsoc-efinity-v2026.1.132\evsoc-efinity-v2026.1.132\cam_single\Ti60F225_dsi\source/axi/priority_encoder.v:40)
[EFX-0011 VERI-WARNING] parameter 'X_OUT_RATIO' becomes localparam in 'cam_scaling' with formal parameter declaration list (VERI-1199) (C:\Users\Jing-XuanTan(i)\Downloads\evsoc-efinity-v2026.1.132\evsoc-efinity-v2026.1.132\cam_single\Ti60F225_dsi\source/cam/cam_scaling.v:31)
[EFX-0011 VERI-WARNING] parameter 'X_IN_RATIO' becomes localparam in 'cam_scaling' with formal parameter declaration list (VERI-1199) (C:\Users\Jing-XuanTan(i)\Downloads\evsoc-efinity-v2026.1.132\evsoc-efinity-v2026.1.132\cam_single\Ti60F225_dsi\source/cam/cam_scaling.v:32)
[EFX-0011 VERI-WARNING] parameter 'Y_OUT_RATIO' becomes localparam in 'cam_scaling' with formal parameter declaration list (VERI-1199) (C:\Users\Jing-XuanTan(i)\Downloads\evsoc-efinity-v2026.1.132\evsoc-efinity-v2026.1.132\cam_single\Ti60F225_dsi\source/cam/cam_scaling.v:33)
[EFX-0011 VERI-WARNING] parameter 'Y_IN_RATIO' becomes localparam in 'cam_scaling' with formal parameter declaration list (VERI-1199) (C:\Users\Jing-XuanTan(i)\Downloads\evsoc-efinity-v2026.1.132\evsoc-efinity-v2026.1.132\cam_single\Ti60F225_dsi\source/cam/cam_scaling.v:34)
[EFX-0011 VERI-WARNING] illegal integral type argument in math function 'floor()'; expected real type (VERI-2792) (C:\Users\Jing-XuanTan(i)\Downloads\evsoc-efinity-v2026.1.132\evsoc-efinity-v2026.1.132\cam_single\Ti60F225_dsi\source/isp/axi_lite_register.sv:10)
[EFX-0011 VERI-WARNING] illegal integral type argument in math function 'floor()'; expected real type (VERI-2792) (C:\Users\Jing-XuanTan(i)\Downloads\evsoc-efinity-v2026.1.132\evsoc-efinity-v2026.1.132\cam_single\Ti60F225_dsi\source/isp/bitlog.sv:12)
[EFX-0011 VERI-WARNING] illegal integral type argument in math function 'floor()'; expected real type (VERI-2792) (C:\Users\Jing-XuanTan(i)\Downloads\evsoc-efinity-v2026.1.132\evsoc-efinity-v2026.1.132\cam_single\Ti60F225_dsi\source/isp/bitsqrt.sv:12)
[EFX-0011 VERI-WARNING] illegal integral type argument in math function 'floor()'; expected real type (VERI-2792) (C:\Users\Jing-XuanTan(i)\Downloads\evsoc-efinity-v2026.1.132\evsoc-efinity-v2026.1.132\cam_single\Ti60F225_dsi\source/isp/blc.sv:12)
[EFX-0011 VERI-WARNING] parameter 'INT_DATA_WIDTH' becomes localparam in 'blc' with formal parameter declaration list (VERI-1199) (C:\Users\Jing-XuanTan(i)\Downloads\evsoc-efinity-v2026.1.132\evsoc-efinity-v2026.1.132\cam_single\Ti60F225_dsi\source/isp/blc.sv:34)
[EFX-0011 VERI-WARNING] illegal integral type argument in math function 'floor()'; expected real type (VERI-2792) (C:\Users\Jing-XuanTan(i)\Downloads\evsoc-efinity-v2026.1.132\evsoc-efinity-v2026.1.132\cam_single\Ti60F225_dsi\source/isp/ccm.sv:12)
[EFX-0011 VERI-WARNING] illegal integral type argument in math function 'floor()'; expected real type (VERI-2792) (C:\Users\Jing-XuanTan(i)\Downloads\evsoc-efinity-v2026.1.132\evsoc-efinity-v2026.1.132\cam_single\Ti60F225_dsi\source/isp/ccm.sv:13)
[EFX-0011 VERI-WARNING] illegal integral type argument in math function 'floor()'; expected real type (VERI-2792) (C:\Users\Jing-XuanTan(i)\Downloads\evsoc-efinity-v2026.1.132\evsoc-efinity-v2026.1.132\cam_single\Ti60F225_dsi\source/isp/colorgain.sv:14)
[EFX-0011 VERI-WARNING] illegal integral type argument in math function 'floor()'; expected real type (VERI-2792) (C:\Users\Jing-XuanTan(i)\Downloads\evsoc-efinity-v2026.1.132\evsoc-efinity-v2026.1.132\cam_single\Ti60F225_dsi\source/isp/decompanding.sv:13)
[EFX-0011 VERI-WARNING] illegal integral type argument in math function 'floor()'; expected real type (VERI-2792) (C:\Users\Jing-XuanTan(i)\Downloads\evsoc-efinity-v2026.1.132\evsoc-efinity-v2026.1.132\cam_single\Ti60F225_dsi\source/isp/decompanding.sv:14)
[EFX-0011 VERI-WARNING] illegal integral type argument in math function 'floor()'; expected real type (VERI-2792) (C:\Users\Jing-XuanTan(i)\Downloads\evsoc-efinity-v2026.1.132\evsoc-efinity-v2026.1.132\cam_single\Ti60F225_dsi\source/isp/demosaic.sv:16)
[EFX-0011 VERI-WARNING] illegal integral type argument in math function 'floor()'; expected real type (VERI-2792) (C:\Users\Jing-XuanTan(i)\Downloads\evsoc-efinity-v2026.1.132\evsoc-efinity-v2026.1.132\cam_single\Ti60F225_dsi\source/isp/demosaic.sv:17)
[EFX-0011 VERI-WARNING] illegal integral type argument in math function 'floor()'; expected real type (VERI-2792) (C:\Users\Jing-XuanTan(i)\Downloads\evsoc-efinity-v2026.1.132\evsoc-efinity-v2026.1.132\cam_single\Ti60F225_dsi\source/isp/demosaic.sv:57)
[EFX-0011 VERI-WARNING] illegal integral type argument in math function 'floor()'; expected real type (VERI-2792) (C:\Users\Jing-XuanTan(i)\Downloads\evsoc-efinity-v2026.1.132\evsoc-efinity-v2026.1.132\cam_single\Ti60F225_dsi\source/isp/gamma.sv:14)
[EFX-0011 VERI-WARNING] illegal integral type argument in math function 'floor()'; expected real type (VERI-2792) (C:\Users\Jing-XuanTan(i)\Downloads\evsoc-efinity-v2026.1.132\evsoc-efinity-v2026.1.132\cam_single\Ti60F225_dsi\source/isp/gamma.sv:15)
[EFX-0011 VERI-WARNING] illegal integral type argument in math function 'floor()'; expected real type (VERI-2792) (C:\Users\Jing-XuanTan(i)\Downloads\evsoc-efinity-v2026.1.132\evsoc-efinity-v2026.1.132\cam_single\Ti60F225_dsi\source/isp/gamma.sv:36)
[EFX-0011 VERI-WARNING] illegal integral type argument in math function 'floor()'; expected real type (VERI-2792) (C:\Users\Jing-XuanTan(i)\Downloads\evsoc-efinity-v2026.1.132\evsoc-efinity-v2026.1.132\cam_single\Ti60F225_dsi\source/isp/gamma.sv:37)
[EFX-0011 VERI-WARNING] illegal integral type argument in math function 'floor()'; expected real type (VERI-2792) (C:\Users\Jing-XuanTan(i)\Downloads\evsoc-efinity-v2026.1.132\evsoc-efinity-v2026.1.132\cam_single\Ti60F225_dsi\source/isp/histogram_minmax.sv:14)
[EFX-0011 VERI-WARNING] illegal integral type argument in math function 'floor()'; expected real type (VERI-2792) (C:\Users\Jing-XuanTan(i)\Downloads\evsoc-efinity-v2026.1.132\evsoc-efinity-v2026.1.132\cam_single\Ti60F225_dsi\source/isp/histogram_minmax2.sv:14)
[EFX-0011 VERI-WARNING] illegal integral type argument in math function 'floor()'; expected real type (VERI-2792) (C:\Users\Jing-XuanTan(i)\Downloads\evsoc-efinity-v2026.1.132\evsoc-efinity-v2026.1.132\cam_single\Ti60F225_dsi\source/isp/histogram_minmax3.sv:13)
[EFX-0011 VERI-WARNING] illegal integral type argument in math function 'floor()'; expected real type (VERI-2792) (C:\Users\Jing-XuanTan(i)\Downloads\evsoc-efinity-v2026.1.132\evsoc-efinity-v2026.1.132\cam_single\Ti60F225_dsi\source/isp/histogram_scale.sv:13)
[EFX-0011 VERI-WARNING] illegal integral type argument in math function 'floor()'; expected real type (VERI-2792) (C:\Users\Jing-XuanTan(i)\Downloads\evsoc-efinity-v2026.1.132\evsoc-efinity-v2026.1.132\cam_single\Ti60F225_dsi\source/isp/histogram_scale.sv:14)
[EFX-0011 VERI-WARNING] illegal integral type argument in math function 'floor()'; expected real type (VERI-2792) (C:\Users\Jing-XuanTan(i)\Downloads\evsoc-efinity-v2026.1.132\evsoc-efinity-v2026.1.132\cam_single\Ti60F225_dsi\source/isp/histogram_stretch.sv:13)
[EFX-0011 VERI-WARNING] illegal integral type argument in math function 'floor()'; expected real type (VERI-2792) (C:\Users\Jing-XuanTan(i)\Downloads\evsoc-efinity-v2026.1.132\evsoc-efinity-v2026.1.132\cam_single\Ti60F225_dsi\source/isp/histogram_stretch.sv:14)
[EFX-0011 VERI-WARNING] illegal integral type argument in math function 'floor()'; expected real type (VERI-2792) (C:\Users\Jing-XuanTan(i)\Downloads\evsoc-efinity-v2026.1.132\evsoc-efinity-v2026.1.132\cam_single\Ti60F225_dsi\source/isp/isp.sv:20)
[EFX-0011 VERI-WARNING] illegal integral type argument in math function 'floor()'; expected real type (VERI-2792) (C:\Users\Jing-XuanTan(i)\Downloads\evsoc-efinity-v2026.1.132\evsoc-efinity-v2026.1.132\cam_single\Ti60F225_dsi\source/isp/isp.sv:23)
[EFX-0011 VERI-WARNING] illegal integral type argument in math function 'floor()'; expected real type (VERI-2792) (C:\Users\Jing-XuanTan(i)\Downloads\evsoc-efinity-v2026.1.132\evsoc-efinity-v2026.1.132\cam_single\Ti60F225_dsi\source/isp/isp.sv:24)
[EFX-0011 VERI-WARNING] illegal integral type argument in math function 'floor()'; expected real type (VERI-2792) (C:\Users\Jing-XuanTan(i)\Downloads\evsoc-efinity-v2026.1.132\evsoc-efinity-v2026.1.132\cam_single\Ti60F225_dsi\source/isp/isp.sv:135)
[EFX-0011 VERI-WARNING] illegal integral type argument in math function 'floor()'; expected real type (VERI-2792) (C:\Users\Jing-XuanTan(i)\Downloads\evsoc-efinity-v2026.1.132\evsoc-efinity-v2026.1.132\cam_single\Ti60F225_dsi\source/isp/isp.sv:167)
[EFX-0011 VERI-WARNING] illegal integral type argument in math function 'floor()'; expected real type (VERI-2792) (C:\Users\Jing-XuanTan(i)\Downloads\evsoc-efinity-v2026.1.132\evsoc-efinity-v2026.1.132\cam_single\Ti60F225_dsi\source/isp/isp.sv:230)
[EFX-0011 VERI-WARNING] illegal integral type argument in math function 'floor()'; expected real type (VERI-2792) (C:\Users\Jing-XuanTan(i)\Downloads\evsoc-efinity-v2026.1.132\evsoc-efinity-v2026.1.132\cam_single\Ti60F225_dsi\source/isp/isp.sv:262)
[EFX-0011 VERI-WARNING] illegal integral type argument in math function 'floor()'; expected real type (VERI-2792) (C:\Users\Jing-XuanTan(i)\Downloads\evsoc-efinity-v2026.1.132\evsoc-efinity-v2026.1.132\cam_single\Ti60F225_dsi\source/isp/isp.sv:263)
[EFX-0011 VERI-WARNING] illegal integral type argument in math function 'floor()'; expected real type (VERI-2792) (C:\Users\Jing-XuanTan(i)\Downloads\evsoc-efinity-v2026.1.132\evsoc-efinity-v2026.1.132\cam_single\Ti60F225_dsi\source/isp/isp.sv:332)
[EFX-0011 VERI-WARNING] illegal integral type argument in math function 'floor()'; expected real type (VERI-2792) (C:\Users\Jing-XuanTan(i)\Downloads\evsoc-efinity-v2026.1.132\evsoc-efinity-v2026.1.132\cam_single\Ti60F225_dsi\source/isp/isp.sv:333)
[EFX-0011 VERI-WARNING] illegal integral type argument in math function 'floor()'; expected real type (VERI-2792) (C:\Users\Jing-XuanTan(i)\Downloads\evsoc-efinity-v2026.1.132\evsoc-efinity-v2026.1.132\cam_single\Ti60F225_dsi\source/isp/linebuffer.sv:16)
[EFX-0011 VERI-WARNING] illegal integral type argument in math function 'floor()'; expected real type (VERI-2792) (C:\Users\Jing-XuanTan(i)\Downloads\evsoc-efinity-v2026.1.132\evsoc-efinity-v2026.1.132\cam_single\Ti60F225_dsi\source/isp/lut.sv:13)
[EFX-0011 VERI-WARNING] illegal integral type argument in math function 'floor()'; expected real type (VERI-2792) (C:\Users\Jing-XuanTan(i)\Downloads\evsoc-efinity-v2026.1.132\evsoc-efinity-v2026.1.132\cam_single\Ti60F225_dsi\source/isp/lut.sv:14)
[EFX-0011 VERI-WARNING] illegal integral type argument in math function 'floor()'; expected real type (VERI-2792) (C:\Users\Jing-XuanTan(i)\Downloads\evsoc-efinity-v2026.1.132\evsoc-efinity-v2026.1.132\cam_single\Ti60F225_dsi\source/isp/minmaxmean.sv:14)
[EFX-0011 VERI-WARNING] illegal integral type argument in math function 'floor()'; expected real type (VERI-2792) (C:\Users\Jing-XuanTan(i)\Downloads\evsoc-efinity-v2026.1.132\evsoc-efinity-v2026.1.132\cam_single\Ti60F225_dsi\source/isp/pwl.sv:13)
[EFX-0011 VERI-WARNING] illegal integral type argument in math function 'floor()'; expected real type (VERI-2792) (C:\Users\Jing-XuanTan(i)\Downloads\evsoc-efinity-v2026.1.132\evsoc-efinity-v2026.1.132\cam_single\Ti60F225_dsi\source/isp/rgb_to_xyz.sv:12)
[EFX-0011 VERI-WARNING] illegal integral type argument in math function 'floor()'; expected real type (VERI-2792) (C:\Users\Jing-XuanTan(i)\Downloads\evsoc-efinity-v2026.1.132\evsoc-efinity-v2026.1.132\cam_single\Ti60F225_dsi\source/isp/xyz_to_rgb.sv:12)
[EFX-0011 VERI-WARNING] parameter '**' becomes localparam in '**' with formal parameter declaration list (VERI-1199) (C:\Users\Jing-XuanTan(i)\Downloads\evsoc-efinity-v2026.1.132\evsoc-efinity-v2026.1.132\cam_single\Ti60F225_dsi\ip\hbram\hbram.sv:4976)
[EFX-0011 VERI-WARNING] parameter '**' becomes localparam in '**' with formal parameter declaration list (VERI-1199) (C:\Users\Jing-XuanTan(i)\Downloads\evsoc-efinity-v2026.1.132\evsoc-efinity-v2026.1.132\cam_single\Ti60F225_dsi\ip\hbram\hbram.sv:5309)
[EFX-0011 VERI-WARNING] port 'system_spi_0_io_data_2_read' is not connected on this instance (VERI-2435) (C:\Users\Jing-XuanTan(i)\Downloads\evsoc-efinity-v2026.1.132\evsoc-efinity-v2026.1.132\cam_single\Ti60F225_dsi\edge_vision_soc.v:1269)
[EFX-0011 VERI-WARNING] port 'system_spi_0_io_data_2_write' remains unconnected for this instance (VERI-1927) (C:\Users\Jing-XuanTan(i)\Downloads\evsoc-efinity-v2026.1.132\evsoc-efinity-v2026.1.132\cam_single\Ti60F225_dsi\edge_vision_soc.v:1269)
[EFX-0011 VERI-WARNING] port 'dat1_o_tvalid' remains unconnected for this instance (VERI-1927) (C:\Users\Jing-XuanTan(i)\Downloads\evsoc-efinity-v2026.1.132\evsoc-efinity-v2026.1.132\cam_single\Ti60F225_dsi\edge_vision_soc.v:1416)
[EFX-0011 VERI-WARNING] port 'dat1_o_tready' is not connected on this instance (VERI-2435) (C:\Users\Jing-XuanTan(i)\Downloads\evsoc-efinity-v2026.1.132\evsoc-efinity-v2026.1.132\cam_single\Ti60F225_dsi\edge_vision_soc.v:1416)
[EFX-0011 VERI-WARNING] port 's_axi_awuser' remains unconnected for this instance (VERI-1927) (C:\Users\Jing-XuanTan(i)\Downloads\evsoc-efinity-v2026.1.132\evsoc-efinity-v2026.1.132\cam_single\Ti60F225_dsi\edge_vision_soc.v:1545)
[EFX-0011 VERI-WARNING] expression size 32 truncated to fit in target size 8 (VERI-1209) (C:\Users\Jing-XuanTan(i)\Downloads\evsoc-efinity-v2026.1.132\evsoc-efinity-v2026.1.132\cam_single\Ti60F225_dsi\edge_vision_soc.v:691)
[EFX-0011 VERI-WARNING] expression size 32 truncated to fit in target size 8 (VERI-1209) (C:\Users\Jing-XuanTan(i)\Downloads\evsoc-efinity-v2026.1.132\evsoc-efinity-v2026.1.132\cam_single\Ti60F225_dsi\edge_vision_soc.v:692)
[EFX-0011 VERI-WARNING] expression size ** truncated to fit in target size ** (VERI-1209) (C:\Users\Jing-XuanTan(i)\Downloads\evsoc-efinity-v2026.1.132\evsoc-efinity-v2026.1.132\cam_single\Ti60F225_dsi\ip\csi2_rx_cam\csi2_rx_cam.sv:7306)
[EFX-0011 VERI-WARNING] expression size ** truncated to fit in target size ** (VERI-1209) (C:\Users\Jing-XuanTan(i)\Downloads\evsoc-efinity-v2026.1.132\evsoc-efinity-v2026.1.132\cam_single\Ti60F225_dsi\ip\csi2_rx_cam\csi2_rx_cam.sv:4119)
[EFX-0011 VERI-WARNING] assignment and/or driver for '**' inside static function '**' is not preserved (VERI-2457) (C:\Users\Jing-XuanTan(i)\Downloads\evsoc-efinity-v2026.1.132\evsoc-efinity-v2026.1.132\cam_single\Ti60F225_dsi\ip\csi2_rx_cam\csi2_rx_cam.sv:1466)
[EFX-0011 VERI-WARNING] port '**' remains unconnected for this instance (VERI-1927) (C:\Users\Jing-XuanTan(i)\Downloads\evsoc-efinity-v2026.1.132\evsoc-efinity-v2026.1.132\cam_single\Ti60F225_dsi\ip\csi2_rx_cam\csi2_rx_cam.sv:1264)
[EFX-0011 VERI-WARNING] expression size ** truncated to fit in target size ** (VERI-1209) (C:\Users\Jing-XuanTan(i)\Downloads\evsoc-efinity-v2026.1.132\evsoc-efinity-v2026.1.132\cam_single\Ti60F225_dsi\ip\csi2_rx_cam\csi2_rx_cam.sv:1264)
[EFX-0011 VERI-WARNING] expression size ** truncated to fit in target size ** (VERI-1209) (C:\Users\Jing-XuanTan(i)\Downloads\evsoc-efinity-v2026.1.132\evsoc-efinity-v2026.1.132\cam_single\Ti60F225_dsi\ip\csi2_rx_cam\csi2_rx_cam.sv:2711)
[EFX-0011 VERI-WARNING] expression size ** truncated to fit in target size ** (VERI-1209) (C:\Users\Jing-XuanTan(i)\Downloads\evsoc-efinity-v2026.1.132\evsoc-efinity-v2026.1.132\cam_single\Ti60F225_dsi\ip\csi2_rx_cam\csi2_rx_cam.sv:2869)
[EFX-0011 VERI-WARNING] expression size ** truncated to fit in target size ** (VERI-1209) (C:\Users\Jing-XuanTan(i)\Downloads\evsoc-efinity-v2026.1.132\evsoc-efinity-v2026.1.132\cam_single\Ti60F225_dsi\ip\csi2_rx_cam\csi2_rx_cam.sv:1264)
[EFX-0011 VERI-WARNING] port 'rst_busy' remains unconnected for this instance (VERI-1927) (C:\Users\Jing-XuanTan(i)\Downloads\evsoc-efinity-v2026.1.132\evsoc-efinity-v2026.1.132\cam_single\Ti60F225_dsi\source\isp\cam_picam_v2.v:238)
[EFX-0011 VERI-WARNING] port 'rst_busy' remains unconnected for this instance (VERI-1927) (C:\Users\Jing-XuanTan(i)\Downloads\evsoc-efinity-v2026.1.132\evsoc-efinity-v2026.1.132\cam_single\Ti60F225_dsi\source\isp\cam_picam_v2.v:588)
[EFX-0011 VERI-WARNING] port 'a_wr_rst_i' remains unconnected for this instance (VERI-1927) (C:\Users\Jing-XuanTan(i)\Downloads\evsoc-efinity-v2026.1.132\evsoc-efinity-v2026.1.132\cam_single\Ti60F225_dsi\ip\cam_pixel_remap_fifo\cam_pixel_remap_fifo.sv:110)
[EFX-0011 VERI-WARNING] input port 'a_wr_rst_i' is not connected on this instance (VDB-1013) (C:\Users\Jing-XuanTan(i)\Downloads\evsoc-efinity-v2026.1.132\evsoc-efinity-v2026.1.132\cam_single\Ti60F225_dsi\ip\cam_pixel_remap_fifo\cam_pixel_remap_fifo.sv:92)
[EFX-0011 VERI-WARNING] illegal integral type argument in math function 'floor()'; expected real type (VERI-2792) (C:\Users\Jing-XuanTan(i)\Downloads\evsoc-efinity-v2026.1.132\evsoc-efinity-v2026.1.132\cam_single\Ti60F225_dsi\source/isp/isp.sv:20)
[EFX-0011 VERI-WARNING] illegal integral type argument in math function 'floor()'; expected real type (VERI-2792) (C:\Users\Jing-XuanTan(i)\Downloads\evsoc-efinity-v2026.1.132\evsoc-efinity-v2026.1.132\cam_single\Ti60F225_dsi\source/isp/isp.sv:23)
[EFX-0011 VERI-WARNING] illegal integral type argument in math function 'floor()'; expected real type (VERI-2792) (C:\Users\Jing-XuanTan(i)\Downloads\evsoc-efinity-v2026.1.132\evsoc-efinity-v2026.1.132\cam_single\Ti60F225_dsi\source/isp/isp.sv:24)
[EFX-0011 VERI-WARNING] illegal integral type argument in math function 'floor()'; expected real type (VERI-2792) (C:\Users\Jing-XuanTan(i)\Downloads\evsoc-efinity-v2026.1.132\evsoc-efinity-v2026.1.132\cam_single\Ti60F225_dsi\source/isp/isp.sv:135)
[EFX-0011 VERI-WARNING] illegal integral type argument in math function 'floor()'; expected real type (VERI-2792) (C:\Users\Jing-XuanTan(i)\Downloads\evsoc-efinity-v2026.1.132\evsoc-efinity-v2026.1.132\cam_single\Ti60F225_dsi\source/isp/isp.sv:167)
[EFX-0011 VERI-WARNING] illegal integral type argument in math function 'floor()'; expected real type (VERI-2792) (C:\Users\Jing-XuanTan(i)\Downloads\evsoc-efinity-v2026.1.132\evsoc-efinity-v2026.1.132\cam_single\Ti60F225_dsi\source/isp/isp.sv:230)
[EFX-0011 VERI-WARNING] illegal integral type argument in math function 'floor()'; expected real type (VERI-2792) (C:\Users\Jing-XuanTan(i)\Downloads\evsoc-efinity-v2026.1.132\evsoc-efinity-v2026.1.132\cam_single\Ti60F225_dsi\source/isp/isp.sv:262)
[EFX-0011 VERI-WARNING] illegal integral type argument in math function 'floor()'; expected real type (VERI-2792) (C:\Users\Jing-XuanTan(i)\Downloads\evsoc-efinity-v2026.1.132\evsoc-efinity-v2026.1.132\cam_single\Ti60F225_dsi\source/isp/isp.sv:263)
[EFX-0011 VERI-WARNING] illegal integral type argument in math function 'floor()'; expected real type (VERI-2792) (C:\Users\Jing-XuanTan(i)\Downloads\evsoc-efinity-v2026.1.132\evsoc-efinity-v2026.1.132\cam_single\Ti60F225_dsi\source/isp/isp.sv:332)
[EFX-0011 VERI-WARNING] illegal integral type argument in math function 'floor()'; expected real type (VERI-2792) (C:\Users\Jing-XuanTan(i)\Downloads\evsoc-efinity-v2026.1.132\evsoc-efinity-v2026.1.132\cam_single\Ti60F225_dsi\source/isp/isp.sv:333)
[EFX-0011 VERI-WARNING] illegal integral type argument in math function 'floor()'; expected real type (VERI-2792) (C:\Users\Jing-XuanTan(i)\Downloads\evsoc-efinity-v2026.1.132\evsoc-efinity-v2026.1.132\cam_single\Ti60F225_dsi\source/isp/isp.sv:135)
[EFX-0011 VERI-WARNING] illegal integral type argument in math function 'floor()'; expected real type (VERI-2792) (C:\Users\Jing-XuanTan(i)\Downloads\evsoc-efinity-v2026.1.132\evsoc-efinity-v2026.1.132\cam_single\Ti60F225_dsi\source/isp/isp.sv:167)
[EFX-0011 VERI-WARNING] illegal integral type argument in math function 'floor()'; expected real type (VERI-2792) (C:\Users\Jing-XuanTan(i)\Downloads\evsoc-efinity-v2026.1.132\evsoc-efinity-v2026.1.132\cam_single\Ti60F225_dsi\source/isp/isp.sv:230)
[EFX-0011 VERI-WARNING] illegal integral type argument in math function 'floor()'; expected real type (VERI-2792) (C:\Users\Jing-XuanTan(i)\Downloads\evsoc-efinity-v2026.1.132\evsoc-efinity-v2026.1.132\cam_single\Ti60F225_dsi\source/isp/isp.sv:262)
[EFX-0011 VERI-WARNING] illegal integral type argument in math function 'floor()'; expected real type (VERI-2792) (C:\Users\Jing-XuanTan(i)\Downloads\evsoc-efinity-v2026.1.132\evsoc-efinity-v2026.1.132\cam_single\Ti60F225_dsi\source/isp/isp.sv:263)
[EFX-0011 VERI-WARNING] illegal integral type argument in math function 'floor()'; expected real type (VERI-2792) (C:\Users\Jing-XuanTan(i)\Downloads\evsoc-efinity-v2026.1.132\evsoc-efinity-v2026.1.132\cam_single\Ti60F225_dsi\source/isp/isp.sv:332)
[EFX-0011 VERI-WARNING] illegal integral type argument in math function 'floor()'; expected real type (VERI-2792) (C:\Users\Jing-XuanTan(i)\Downloads\evsoc-efinity-v2026.1.132\evsoc-efinity-v2026.1.132\cam_single\Ti60F225_dsi\source/isp/isp.sv:333)
[EFX-0011 VERI-WARNING] illegal integral type argument in math function 'floor()'; expected real type (VERI-2792) (C:\Users\Jing-XuanTan(i)\Downloads\evsoc-efinity-v2026.1.132\evsoc-efinity-v2026.1.132\cam_single\Ti60F225_dsi\source/isp/axi_lite_register.sv:10)
[EFX-0011 VERI-WARNING] illegal integral type argument in math function 'floor()'; expected real type (VERI-2792) (C:\Users\Jing-XuanTan(i)\Downloads\evsoc-efinity-v2026.1.132\evsoc-efinity-v2026.1.132\cam_single\Ti60F225_dsi\source/isp/blc.sv:12)
[EFX-0011 VERI-WARNING] illegal integral type argument in math function 'floor()'; expected real type (VERI-2792) (C:\Users\Jing-XuanTan(i)\Downloads\evsoc-efinity-v2026.1.132\evsoc-efinity-v2026.1.132\cam_single\Ti60F225_dsi\source/isp/blc.sv:12)
[EFX-0011 VERI-WARNING] net 'int_black_level[16]' does not have a driver (VDB-1002) (C:\Users\Jing-XuanTan(i)\Downloads\evsoc-efinity-v2026.1.132\evsoc-efinity-v2026.1.132\cam_single\Ti60F225_dsi\source/isp/blc.sv:42)
[EFX-0011 VERI-WARNING] net 'pipe_0_pixel_0_wire[16]' does not have a driver (VDB-1002) (C:\Users\Jing-XuanTan(i)\Downloads\evsoc-efinity-v2026.1.132\evsoc-efinity-v2026.1.132\cam_single\Ti60F225_dsi\source/isp/blc.sv:44)
[EFX-0011 VERI-WARNING] net 'pipe_0_pixel_1_wire[16]' does not have a driver (VDB-1002) (C:\Users\Jing-XuanTan(i)\Downloads\evsoc-efinity-v2026.1.132\evsoc-efinity-v2026.1.132\cam_single\Ti60F225_dsi\source/isp/blc.sv:45)
[EFX-0011 VERI-WARNING] net 'pipe_0_pixel_2_wire[16]' does not have a driver (VDB-1002) (C:\Users\Jing-XuanTan(i)\Downloads\evsoc-efinity-v2026.1.132\evsoc-efinity-v2026.1.132\cam_single\Ti60F225_dsi\source/isp/blc.sv:46)
[EFX-0011 VERI-WARNING] net 'pipe_0_pixel_3_wire[16]' does not have a driver (VDB-1002) (C:\Users\Jing-XuanTan(i)\Downloads\evsoc-efinity-v2026.1.132\evsoc-efinity-v2026.1.132\cam_single\Ti60F225_dsi\source/isp/blc.sv:47)
[EFX-0011 VERI-WARNING] illegal integral type argument in math function 'floor()'; expected real type (VERI-2792) (C:\Users\Jing-XuanTan(i)\Downloads\evsoc-efinity-v2026.1.132\evsoc-efinity-v2026.1.132\cam_single\Ti60F225_dsi\source/isp/colorgain.sv:14)
[EFX-0011 VERI-WARNING] illegal integral type argument in math function 'floor()'; expected real type (VERI-2792) (C:\Users\Jing-XuanTan(i)\Downloads\evsoc-efinity-v2026.1.132\evsoc-efinity-v2026.1.132\cam_single\Ti60F225_dsi\source/isp/colorgain.sv:14)
[EFX-0011 VERI-WARNING] expression size 2 truncated to fit in target size 1 (VERI-1209) (C:\Users\Jing-XuanTan(i)\Downloads\evsoc-efinity-v2026.1.132\evsoc-efinity-v2026.1.132\cam_single\Ti60F225_dsi\source/isp/colorgain.sv:94)
[EFX-0011 VERI-WARNING] illegal integral type argument in math function 'floor()'; expected real type (VERI-2792) (C:\Users\Jing-XuanTan(i)\Downloads\evsoc-efinity-v2026.1.132\evsoc-efinity-v2026.1.132\cam_single\Ti60F225_dsi\source/isp/demosaic.sv:16)
[EFX-0011 VERI-WARNING] illegal integral type argument in math function 'floor()'; expected real type (VERI-2792) (C:\Users\Jing-XuanTan(i)\Downloads\evsoc-efinity-v2026.1.132\evsoc-efinity-v2026.1.132\cam_single\Ti60F225_dsi\source/isp/demosaic.sv:17)
[EFX-0011 VERI-WARNING] illegal integral type argument in math function 'floor()'; expected real type (VERI-2792) (C:\Users\Jing-XuanTan(i)\Downloads\evsoc-efinity-v2026.1.132\evsoc-efinity-v2026.1.132\cam_single\Ti60F225_dsi\source/isp/demosaic.sv:57)
[EFX-0011 VERI-WARNING] illegal integral type argument in math function 'floor()'; expected real type (VERI-2792) (C:\Users\Jing-XuanTan(i)\Downloads\evsoc-efinity-v2026.1.132\evsoc-efinity-v2026.1.132\cam_single\Ti60F225_dsi\source/isp/demosaic.sv:16)
[EFX-0011 VERI-WARNING] illegal integral type argument in math function 'floor()'; expected real type (VERI-2792) (C:\Users\Jing-XuanTan(i)\Downloads\evsoc-efinity-v2026.1.132\evsoc-efinity-v2026.1.132\cam_single\Ti60F225_dsi\source/isp/demosaic.sv:17)
[EFX-0011 VERI-WARNING] illegal integral type argument in math function 'floor()'; expected real type (VERI-2792) (C:\Users\Jing-XuanTan(i)\Downloads\evsoc-efinity-v2026.1.132\evsoc-efinity-v2026.1.132\cam_single\Ti60F225_dsi\source/isp/demosaic.sv:57)
[EFX-0011 VERI-WARNING] illegal integral type argument in math function 'floor()'; expected real type (VERI-2792) (C:\Users\Jing-XuanTan(i)\Downloads\evsoc-efinity-v2026.1.132\evsoc-efinity-v2026.1.132\cam_single\Ti60F225_dsi\source/isp/linebuffer.sv:16)
[EFX-0011 VERI-WARNING] illegal integral type argument in math function 'floor()'; expected real type (VERI-2792) (C:\Users\Jing-XuanTan(i)\Downloads\evsoc-efinity-v2026.1.132\evsoc-efinity-v2026.1.132\cam_single\Ti60F225_dsi\source/isp/linebuffer.sv:16)
[EFX-0011 VERI-WARNING] illegal integral type argument in math function 'floor()'; expected real type (VERI-2792) (C:\Users\Jing-XuanTan(i)\Downloads\evsoc-efinity-v2026.1.132\evsoc-efinity-v2026.1.132\cam_single\Ti60F225_dsi\source/isp/linebuffer.sv:16)
[EFX-0011 VERI-WARNING] illegal integral type argument in math function 'floor()'; expected real type (VERI-2792) (C:\Users\Jing-XuanTan(i)\Downloads\evsoc-efinity-v2026.1.132\evsoc-efinity-v2026.1.132\cam_single\Ti60F225_dsi\source/isp/linebuffer.sv:16)
[EFX-0011 VERI-WARNING] illegal integral type argument in math function 'floor()'; expected real type (VERI-2792) (C:\Users\Jing-XuanTan(i)\Downloads\evsoc-efinity-v2026.1.132\evsoc-efinity-v2026.1.132\cam_single\Ti60F225_dsi\source/isp/linebuffer.sv:16)
[EFX-0011 VERI-WARNING] illegal integral type argument in math function 'floor()'; expected real type (VERI-2792) (C:\Users\Jing-XuanTan(i)\Downloads\evsoc-efinity-v2026.1.132\evsoc-efinity-v2026.1.132\cam_single\Ti60F225_dsi\source/isp/linebuffer.sv:16)
[EFX-0011 VERI-WARNING] expression size 11 truncated to fit in target size 10 (VERI-1209) (C:\Users\Jing-XuanTan(i)\Downloads\evsoc-efinity-v2026.1.132\evsoc-efinity-v2026.1.132\cam_single\Ti60F225_dsi\source/isp/linebuffer.sv:104)
[EFX-0011 VERI-WARNING] expression size 32 truncated to fit in target size 3 (VERI-1209) (C:\Users\Jing-XuanTan(i)\Downloads\evsoc-efinity-v2026.1.132\evsoc-efinity-v2026.1.132\cam_single\Ti60F225_dsi\source/isp/linebuffer.sv:120)
[EFX-0011 VERI-WARNING] illegal integral type argument in math function 'floor()'; expected real type (VERI-2792) (C:\Users\Jing-XuanTan(i)\Downloads\evsoc-efinity-v2026.1.132\evsoc-efinity-v2026.1.132\cam_single\Ti60F225_dsi\source/isp/demosaic.sv:57)
[EFX-0011 VERI-WARNING] illegal integral type argument in math function 'floor()'; expected real type (VERI-2792) (C:\Users\Jing-XuanTan(i)\Downloads\evsoc-efinity-v2026.1.132\evsoc-efinity-v2026.1.132\cam_single\Ti60F225_dsi\source/isp/demosaic.sv:16)
[EFX-0011 VERI-WARNING] expression size 2 truncated to fit in target size 1 (VERI-1209) (C:\Users\Jing-XuanTan(i)\Downloads\evsoc-efinity-v2026.1.132\evsoc-efinity-v2026.1.132\cam_single\Ti60F225_dsi\source/isp/demosaic.sv:335)
[EFX-0011 VERI-WARNING] illegal integral type argument in math function 'floor()'; expected real type (VERI-2792) (C:\Users\Jing-XuanTan(i)\Downloads\evsoc-efinity-v2026.1.132\evsoc-efinity-v2026.1.132\cam_single\Ti60F225_dsi\source/isp/ccm.sv:12)
[EFX-0011 VERI-WARNING] illegal integral type argument in math function 'floor()'; expected real type (VERI-2792) (C:\Users\Jing-XuanTan(i)\Downloads\evsoc-efinity-v2026.1.132\evsoc-efinity-v2026.1.132\cam_single\Ti60F225_dsi\source/isp/ccm.sv:13)
[EFX-0011 VERI-WARNING] net 'pipe_0_pixel2_r_wire[8]' does not have a driver (VDB-1002) (C:\Users\Jing-XuanTan(i)\Downloads\evsoc-efinity-v2026.1.132\evsoc-efinity-v2026.1.132\cam_single\Ti60F225_dsi\source/isp/ccm.sv:91)
[EFX-0011 VERI-WARNING] net 'pipe_0_pixel2_g_wire[8]' does not have a driver (VDB-1002) (C:\Users\Jing-XuanTan(i)\Downloads\evsoc-efinity-v2026.1.132\evsoc-efinity-v2026.1.132\cam_single\Ti60F225_dsi\source/isp/ccm.sv:92)
[EFX-0011 VERI-WARNING] net 'pipe_0_pixel2_b_wire[8]' does not have a driver (VDB-1002) (C:\Users\Jing-XuanTan(i)\Downloads\evsoc-efinity-v2026.1.132\evsoc-efinity-v2026.1.132\cam_single\Ti60F225_dsi\source/isp/ccm.sv:93)
[EFX-0011 VERI-WARNING] net 'pipe_0_pixel3_r_wire[8]' does not have a driver (VDB-1002) (C:\Users\Jing-XuanTan(i)\Downloads\evsoc-efinity-v2026.1.132\evsoc-efinity-v2026.1.132\cam_single\Ti60F225_dsi\source/isp/ccm.sv:94)
[EFX-0011 VERI-WARNING] net 'pipe_0_pixel3_g_wire[8]' does not have a driver (VDB-1002) (C:\Users\Jing-XuanTan(i)\Downloads\evsoc-efinity-v2026.1.132\evsoc-efinity-v2026.1.132\cam_single\Ti60F225_dsi\source/isp/ccm.sv:95)
[EFX-0011 VERI-WARNING] net 'pipe_0_pixel3_b_wire[8]' does not have a driver (VDB-1002) (C:\Users\Jing-XuanTan(i)\Downloads\evsoc-efinity-v2026.1.132\evsoc-efinity-v2026.1.132\cam_single\Ti60F225_dsi\source/isp/ccm.sv:96)
[EFX-0011 VERI-WARNING] net 'pipe_1_pixel2_r_r_wire[24]' does not have a driver (VDB-1002) (C:\Users\Jing-XuanTan(i)\Downloads\evsoc-efinity-v2026.1.132\evsoc-efinity-v2026.1.132\cam_single\Ti60F225_dsi\source/isp/ccm.sv:157)
[EFX-0011 VERI-WARNING] net 'pipe_1_pixel2_r_g_wire[24]' does not have a driver (VDB-1002) (C:\Users\Jing-XuanTan(i)\Downloads\evsoc-efinity-v2026.1.132\evsoc-efinity-v2026.1.132\cam_single\Ti60F225_dsi\source/isp/ccm.sv:158)
[EFX-0011 VERI-WARNING] net 'pipe_1_pixel2_r_b_wire[24]' does not have a driver (VDB-1002) (C:\Users\Jing-XuanTan(i)\Downloads\evsoc-efinity-v2026.1.132\evsoc-efinity-v2026.1.132\cam_single\Ti60F225_dsi\source/isp/ccm.sv:159)
[EFX-0011 VERI-WARNING] net 'pipe_1_pixel2_g_r_wire[24]' does not have a driver (VDB-1002) (C:\Users\Jing-XuanTan(i)\Downloads\evsoc-efinity-v2026.1.132\evsoc-efinity-v2026.1.132\cam_single\Ti60F225_dsi\source/isp/ccm.sv:160)
[EFX-0011 VERI-WARNING] net 'pipe_1_pixel2_g_g_wire[24]' does not have a driver (VDB-1002) (C:\Users\Jing-XuanTan(i)\Downloads\evsoc-efinity-v2026.1.132\evsoc-efinity-v2026.1.132\cam_single\Ti60F225_dsi\source/isp/ccm.sv:161)
[EFX-0011 VERI-WARNING] net 'pipe_1_pixel2_g_b_wire[24]' does not have a driver (VDB-1002) (C:\Users\Jing-XuanTan(i)\Downloads\evsoc-efinity-v2026.1.132\evsoc-efinity-v2026.1.132\cam_single\Ti60F225_dsi\source/isp/ccm.sv:162)
[EFX-0011 VERI-WARNING] net 'pipe_1_pixel2_b_r_wire[24]' does not have a driver (VDB-1002) (C:\Users\Jing-XuanTan(i)\Downloads\evsoc-efinity-v2026.1.132\evsoc-efinity-v2026.1.132\cam_single\Ti60F225_dsi\source/isp/ccm.sv:163)
[EFX-0011 VERI-WARNING] net 'pipe_1_pixel2_b_g_wire[24]' does not have a driver (VDB-1002) (C:\Users\Jing-XuanTan(i)\Downloads\evsoc-efinity-v2026.1.132\evsoc-efinity-v2026.1.132\cam_single\Ti60F225_dsi\source/isp/ccm.sv:164)
[EFX-0011 VERI-WARNING] net 'pipe_1_pixel2_b_b_wire[24]' does not have a driver (VDB-1002) (C:\Users\Jing-XuanTan(i)\Downloads\evsoc-efinity-v2026.1.132\evsoc-efinity-v2026.1.132\cam_single\Ti60F225_dsi\source/isp/ccm.sv:165)
[EFX-0011 VERI-WARNING] net 'pipe_1_pixel3_r_r_wire[24]' does not have a driver (VDB-1002) (C:\Users\Jing-XuanTan(i)\Downloads\evsoc-efinity-v2026.1.132\evsoc-efinity-v2026.1.132\cam_single\Ti60F225_dsi\source/isp/ccm.sv:166)
[EFX-0011 VERI-WARNING] net 'pipe_1_pixel3_r_g_wire[24]' does not have a driver (VDB-1002) (C:\Users\Jing-XuanTan(i)\Downloads\evsoc-efinity-v2026.1.132\evsoc-efinity-v2026.1.132\cam_single\Ti60F225_dsi\source/isp/ccm.sv:167)
[EFX-0011 VERI-WARNING] net 'pipe_1_pixel3_r_b_wire[24]' does not have a driver (VDB-1002) (C:\Users\Jing-XuanTan(i)\Downloads\evsoc-efinity-v2026.1.132\evsoc-efinity-v2026.1.132\cam_single\Ti60F225_dsi\source/isp/ccm.sv:168)
[EFX-0011 VERI-WARNING] net 'pipe_1_pixel3_g_r_wire[24]' does not have a driver (VDB-1002) (C:\Users\Jing-XuanTan(i)\Downloads\evsoc-efinity-v2026.1.132\evsoc-efinity-v2026.1.132\cam_single\Ti60F225_dsi\source/isp/ccm.sv:169)
[EFX-0011 VERI-WARNING] net 'pipe_1_pixel3_g_g_wire[24]' does not have a driver (VDB-1002) (C:\Users\Jing-XuanTan(i)\Downloads\evsoc-efinity-v2026.1.132\evsoc-efinity-v2026.1.132\cam_single\Ti60F225_dsi\source/isp/ccm.sv:170)
[EFX-0011 VERI-WARNING] net 'pipe_1_pixel3_g_b_wire[24]' does not have a driver (VDB-1002) (C:\Users\Jing-XuanTan(i)\Downloads\evsoc-efinity-v2026.1.132\evsoc-efinity-v2026.1.132\cam_single\Ti60F225_dsi\source/isp/ccm.sv:171)
[EFX-0011 VERI-WARNING] net 'pipe_1_pixel3_b_r_wire[24]' does not have a driver (VDB-1002) (C:\Users\Jing-XuanTan(i)\Downloads\evsoc-efinity-v2026.1.132\evsoc-efinity-v2026.1.132\cam_single\Ti60F225_dsi\source/isp/ccm.sv:172)
[EFX-0011 VERI-WARNING] net 'pipe_1_pixel3_b_g_wire[24]' does not have a driver (VDB-1002) (C:\Users\Jing-XuanTan(i)\Downloads\evsoc-efinity-v2026.1.132\evsoc-efinity-v2026.1.132\cam_single\Ti60F225_dsi\source/isp/ccm.sv:173)
[EFX-0011 VERI-WARNING] net 'pipe_1_pixel3_b_b_wire[24]' does not have a driver (VDB-1002) (C:\Users\Jing-XuanTan(i)\Downloads\evsoc-efinity-v2026.1.132\evsoc-efinity-v2026.1.132\cam_single\Ti60F225_dsi\source/isp/ccm.sv:174)
[EFX-0011 VERI-WARNING] net 'pipe_2_pixel2_r_wire[27]' does not have a driver (VDB-1002) (C:\Users\Jing-XuanTan(i)\Downloads\evsoc-efinity-v2026.1.132\evsoc-efinity-v2026.1.132\cam_single\Ti60F225_dsi\source/isp/ccm.sv:199)
[EFX-0011 VERI-WARNING] net 'pipe_2_pixel2_g_wire[27]' does not have a driver (VDB-1002) (C:\Users\Jing-XuanTan(i)\Downloads\evsoc-efinity-v2026.1.132\evsoc-efinity-v2026.1.132\cam_single\Ti60F225_dsi\source/isp/ccm.sv:200)
[EFX-0011 VERI-WARNING] net 'pipe_2_pixel2_b_wire[27]' does not have a driver (VDB-1002) (C:\Users\Jing-XuanTan(i)\Downloads\evsoc-efinity-v2026.1.132\evsoc-efinity-v2026.1.132\cam_single\Ti60F225_dsi\source/isp/ccm.sv:201)
[EFX-0011 VERI-WARNING] net 'pipe_2_pixel3_r_wire[27]' does not have a driver (VDB-1002) (C:\Users\Jing-XuanTan(i)\Downloads\evsoc-efinity-v2026.1.132\evsoc-efinity-v2026.1.132\cam_single\Ti60F225_dsi\source/isp/ccm.sv:202)
[EFX-0011 VERI-WARNING] net 'pipe_2_pixel3_g_wire[27]' does not have a driver (VDB-1002) (C:\Users\Jing-XuanTan(i)\Downloads\evsoc-efinity-v2026.1.132\evsoc-efinity-v2026.1.132\cam_single\Ti60F225_dsi\source/isp/ccm.sv:203)
[EFX-0011 VERI-WARNING] net 'pipe_2_pixel3_b_wire[27]' does not have a driver (VDB-1002) (C:\Users\Jing-XuanTan(i)\Downloads\evsoc-efinity-v2026.1.132\evsoc-efinity-v2026.1.132\cam_single\Ti60F225_dsi\source/isp/ccm.sv:204)
[EFX-0011 VERI-WARNING] illegal integral type argument in math function 'floor()'; expected real type (VERI-2792) (C:\Users\Jing-XuanTan(i)\Downloads\evsoc-efinity-v2026.1.132\evsoc-efinity-v2026.1.132\cam_single\Ti60F225_dsi\source/isp/gamma.sv:14)
[EFX-0011 VERI-WARNING] illegal integral type argument in math function 'floor()'; expected real type (VERI-2792) (C:\Users\Jing-XuanTan(i)\Downloads\evsoc-efinity-v2026.1.132\evsoc-efinity-v2026.1.132\cam_single\Ti60F225_dsi\source/isp/gamma.sv:15)
[EFX-0011 VERI-WARNING] illegal integral type argument in math function 'floor()'; expected real type (VERI-2792) (C:\Users\Jing-XuanTan(i)\Downloads\evsoc-efinity-v2026.1.132\evsoc-efinity-v2026.1.132\cam_single\Ti60F225_dsi\source/isp/gamma.sv:36)
[EFX-0011 VERI-WARNING] illegal integral type argument in math function 'floor()'; expected real type (VERI-2792) (C:\Users\Jing-XuanTan(i)\Downloads\evsoc-efinity-v2026.1.132\evsoc-efinity-v2026.1.132\cam_single\Ti60F225_dsi\source/isp/gamma.sv:37)
[EFX-0011 VERI-WARNING] illegal integral type argument in math function 'floor()'; expected real type (VERI-2792) (C:\Users\Jing-XuanTan(i)\Downloads\evsoc-efinity-v2026.1.132\evsoc-efinity-v2026.1.132\cam_single\Ti60F225_dsi\source/isp/gamma.sv:14)
[EFX-0011 VERI-WARNING] illegal integral type argument in math function 'floor()'; expected real type (VERI-2792) (C:\Users\Jing-XuanTan(i)\Downloads\evsoc-efinity-v2026.1.132\evsoc-efinity-v2026.1.132\cam_single\Ti60F225_dsi\source/isp/gamma.sv:15)
[EFX-0011 VERI-WARNING] illegal integral type argument in math function 'floor()'; expected real type (VERI-2792) (C:\Users\Jing-XuanTan(i)\Downloads\evsoc-efinity-v2026.1.132\evsoc-efinity-v2026.1.132\cam_single\Ti60F225_dsi\source/isp/gamma.sv:36)
[EFX-0011 VERI-WARNING] illegal integral type argument in math function 'floor()'; expected real type (VERI-2792) (C:\Users\Jing-XuanTan(i)\Downloads\evsoc-efinity-v2026.1.132\evsoc-efinity-v2026.1.132\cam_single\Ti60F225_dsi\source/isp/gamma.sv:37)
[EFX-0011 VERI-WARNING] illegal integral type argument in math function 'floor()'; expected real type (VERI-2792) (C:\Users\Jing-XuanTan(i)\Downloads\evsoc-efinity-v2026.1.132\evsoc-efinity-v2026.1.132\cam_single\Ti60F225_dsi\source/isp/lut.sv:13)
[EFX-0011 VERI-WARNING] illegal integral type argument in math function 'floor()'; expected real type (VERI-2792) (C:\Users\Jing-XuanTan(i)\Downloads\evsoc-efinity-v2026.1.132\evsoc-efinity-v2026.1.132\cam_single\Ti60F225_dsi\source/isp/lut.sv:14)
[EFX-0011 VERI-WARNING] illegal integral type argument in math function 'floor()'; expected real type (VERI-2792) (C:\Users\Jing-XuanTan(i)\Downloads\evsoc-efinity-v2026.1.132\evsoc-efinity-v2026.1.132\cam_single\Ti60F225_dsi\source/isp/lut.sv:13)
[EFX-0011 VERI-WARNING] illegal integral type argument in math function 'floor()'; expected real type (VERI-2792) (C:\Users\Jing-XuanTan(i)\Downloads\evsoc-efinity-v2026.1.132\evsoc-efinity-v2026.1.132\cam_single\Ti60F225_dsi\source/isp/lut.sv:14)
[EFX-0011 VERI-WARNING] illegal entry at :\Users\Jing-XuanTan(i)\Downloads\evsoc-efinity-v2026.1.132\evsoc-efinity-v2026.1.132\cam_single\Ti60F225_dsi\source/isp/lut.mem:257 for index 256 in range [0:255] (VERI-2588) (C:\Users\Jing-XuanTan(i)\Downloads\evsoc-efinity-v2026.1.132\evsoc-efinity-v2026.1.132\cam_single\Ti60F225_dsi\source/isp/simple_dual_ported_rom.sv:29)
[EFX-0011 VERI-WARNING] net 'rom' does not have a driver (VDB-1002) (C:\Users\Jing-XuanTan(i)\Downloads\evsoc-efinity-v2026.1.132\evsoc-efinity-v2026.1.132\cam_single\Ti60F225_dsi\source/isp/simple_dual_ported_rom.sv:24)
[EFX-0011 VERI-WARNING] net 'pipe_0_pixel2_wire[7]' does not have a driver (VDB-1002) (C:\Users\Jing-XuanTan(i)\Downloads\evsoc-efinity-v2026.1.132\evsoc-efinity-v2026.1.132\cam_single\Ti60F225_dsi\source/isp/lut.sv:44)
[EFX-0011 VERI-WARNING] net 'pipe_0_pixel3_wire[7]' does not have a driver (VDB-1002) (C:\Users\Jing-XuanTan(i)\Downloads\evsoc-efinity-v2026.1.132\evsoc-efinity-v2026.1.132\cam_single\Ti60F225_dsi\source/isp/lut.sv:45)
[EFX-0011 VERI-WARNING] input port 's_axis_tlast' remains unconnected for this instance (VDB-1053) (C:\Users\Jing-XuanTan(i)\Downloads\evsoc-efinity-v2026.1.132\evsoc-efinity-v2026.1.132\cam_single\Ti60F225_dsi\source/isp/gamma.sv:117)
[EFX-0011 VERI-WARNING] input port 's_axis_tlast' remains unconnected for this instance (VDB-1053) (C:\Users\Jing-XuanTan(i)\Downloads\evsoc-efinity-v2026.1.132\evsoc-efinity-v2026.1.132\cam_single\Ti60F225_dsi\source/isp/gamma.sv:140)
[EFX-0011 VERI-WARNING] expression size 32 truncated to fit in target size 11 (VERI-1209) (C:\Users\Jing-XuanTan(i)\Downloads\evsoc-efinity-v2026.1.132\evsoc-efinity-v2026.1.132\cam_single\Ti60F225_dsi\source/cam/cam_crop.v:82)
[EFX-0011 VERI-WARNING] port 'a_wr_rst_i' remains unconnected for this instance (VERI-1927) (C:\Users\Jing-XuanTan(i)\Downloads\evsoc-efinity-v2026.1.132\evsoc-efinity-v2026.1.132\cam_single\Ti60F225_dsi\ip\cam_dma_fifo\cam_dma_fifo.sv:110)
[EFX-0011 VERI-WARNING] input port 'a_wr_rst_i' is not connected on this instance (VDB-1013) (C:\Users\Jing-XuanTan(i)\Downloads\evsoc-efinity-v2026.1.132\evsoc-efinity-v2026.1.132\cam_single\Ti60F225_dsi\ip\cam_dma_fifo\cam_dma_fifo.sv:92)
[EFX-0011 VERI-WARNING] net 'isp_cfg_addr' does not have a driver (VDB-1002) (C:\Users\Jing-XuanTan(i)\Downloads\evsoc-efinity-v2026.1.132\evsoc-efinity-v2026.1.132\cam_single\Ti60F225_dsi\source\isp\cam_picam_v2.v:378)
[EFX-0011 VERI-WARNING] net 'isp_cfg_data' does not have a driver (VDB-1002) (C:\Users\Jing-XuanTan(i)\Downloads\evsoc-efinity-v2026.1.132\evsoc-efinity-v2026.1.132\cam_single\Ti60F225_dsi\source\isp\cam_picam_v2.v:379)
[EFX-0011 VERI-WARNING] actual bit length 32 differs from formal bit length 1 for port 'i_dbg_we' (VERI-1330) (C:\Users\Jing-XuanTan(i)\Downloads\evsoc-efinity-v2026.1.132\evsoc-efinity-v2026.1.132\cam_single\Ti60F225_dsi\edge_vision_soc.v:910)
[EFX-0011 VERI-WARNING] actual bit length 32 differs from formal bit length 40 for port 'i_dbg_din' (VERI-1330) (C:\Users\Jing-XuanTan(i)\Downloads\evsoc-efinity-v2026.1.132\evsoc-efinity-v2026.1.132\cam_single\Ti60F225_dsi\edge_vision_soc.v:911)
[EFX-0011 VERI-WARNING] actual bit length 32 differs from formal bit length 9 for port 'i_dbg_addr' (VERI-1330) (C:\Users\Jing-XuanTan(i)\Downloads\evsoc-efinity-v2026.1.132\evsoc-efinity-v2026.1.132\cam_single\Ti60F225_dsi\edge_vision_soc.v:912)
[EFX-0011 VERI-WARNING] actual bit length 32 differs from formal bit length 1 for port 'i_dbg_reconfig' (VERI-1330) (C:\Users\Jing-XuanTan(i)\Downloads\evsoc-efinity-v2026.1.132\evsoc-efinity-v2026.1.132\cam_single\Ti60F225_dsi\edge_vision_soc.v:914)
[EFX-0011 VERI-WARNING] port 'rst_busy' remains unconnected for this instance (VERI-1927) (C:\Users\Jing-XuanTan(i)\Downloads\evsoc-efinity-v2026.1.132\evsoc-efinity-v2026.1.132\cam_single\Ti60F225_dsi\source/display/dsi/display_dsi.v:265)
[EFX-0011 VERI-WARNING] actual bit length 11 differs from formal bit length 14 for port 'out_x' (VERI-1330) (C:\Users\Jing-XuanTan(i)\Downloads\evsoc-efinity-v2026.1.132\evsoc-efinity-v2026.1.132\cam_single\Ti60F225_dsi\source/display/dsi/display_dsi.v:127)
[EFX-0011 VERI-WARNING] actual bit length 11 differs from formal bit length 12 for port 'out_y' (VERI-1330) (C:\Users\Jing-XuanTan(i)\Downloads\evsoc-efinity-v2026.1.132\evsoc-efinity-v2026.1.132\cam_single\Ti60F225_dsi\source/display/dsi/display_dsi.v:128)
[EFX-0011 VERI-WARNING] expression size 16 truncated to fit in target size 8 (VERI-1209) (C:\Users\Jing-XuanTan(i)\Downloads\evsoc-efinity-v2026.1.132\evsoc-efinity-v2026.1.132\cam_single\Ti60F225_dsi\source/cam/scale_up_2x_nn.v:127)
[EFX-0011 VERI-WARNING] expression size 16 truncated to fit in target size 8 (VERI-1209) (C:\Users\Jing-XuanTan(i)\Downloads\evsoc-efinity-v2026.1.132\evsoc-efinity-v2026.1.132\cam_single\Ti60F225_dsi\source/cam/scale_up_2x_nn.v:128)
[EFX-0011 VERI-WARNING] expression size 16 truncated to fit in target size 8 (VERI-1209) (C:\Users\Jing-XuanTan(i)\Downloads\evsoc-efinity-v2026.1.132\evsoc-efinity-v2026.1.132\cam_single\Ti60F225_dsi\source/cam/scale_up_2x_nn.v:129)
[EFX-0011 VERI-WARNING] port 'a_wr_rst_i' remains unconnected for this instance (VERI-1927) (C:\Users\Jing-XuanTan(i)\Downloads\evsoc-efinity-v2026.1.132\evsoc-efinity-v2026.1.132\cam_single\Ti60F225_dsi\ip\display_dma_fifo\display_dma_fifo.sv:110)
[EFX-0011 VERI-WARNING] input port 'a_wr_rst_i' is not connected on this instance (VDB-1013) (C:\Users\Jing-XuanTan(i)\Downloads\evsoc-efinity-v2026.1.132\evsoc-efinity-v2026.1.132\cam_single\Ti60F225_dsi\ip\display_dma_fifo\display_dma_fifo.sv:92)
[EFX-0011 VERI-WARNING] actual bit length 10 differs from formal bit length 11 for port 'datacount_o' (VERI-1330) (C:\Users\Jing-XuanTan(i)\Downloads\evsoc-efinity-v2026.1.132\evsoc-efinity-v2026.1.132\cam_single\Ti60F225_dsi\source/display/dsi/display_dsi.v:264)
[EFX-0011 VERI-WARNING] port '**' remains unconnected for this instance (VERI-1927) (C:\Users\Jing-XuanTan(i)\Downloads\evsoc-efinity-v2026.1.132\evsoc-efinity-v2026.1.132\cam_single\Ti60F225_dsi\ip\dsi_tx_display\dsi_tx_display.sv:5436)
[EFX-0011 VERI-WARNING] assignment and/or driver for '**' inside static function '**' is not preserved (VERI-2457) (C:\Users\Jing-XuanTan(i)\Downloads\evsoc-efinity-v2026.1.132\evsoc-efinity-v2026.1.132\cam_single\Ti60F225_dsi\ip\dsi_tx_display\dsi_tx_display.sv:2885)
[EFX-0011 VERI-WARNING] port '**' remains unconnected for this instance (VERI-1927) (C:\Users\Jing-XuanTan(i)\Downloads\evsoc-efinity-v2026.1.132\evsoc-efinity-v2026.1.132\cam_single\Ti60F225_dsi\ip\dsi_tx_display\dsi_tx_display.sv:5689)
[EFX-0011 VERI-WARNING] expression size ** truncated to fit in target size ** (VERI-1209) (C:\Users\Jing-XuanTan(i)\Downloads\evsoc-efinity-v2026.1.132\evsoc-efinity-v2026.1.132\cam_single\Ti60F225_dsi\ip\dsi_tx_display\dsi_tx_display.sv:5689)
[EFX-0011 VERI-WARNING] expression size ** truncated to fit in target size ** (VERI-1209) (C:\Users\Jing-XuanTan(i)\Downloads\evsoc-efinity-v2026.1.132\evsoc-efinity-v2026.1.132\cam_single\Ti60F225_dsi\ip\dsi_tx_display\dsi_tx_display.sv:7297)
[EFX-0011 VERI-WARNING] port '**' remains unconnected for this instance (VERI-1927) (C:\Users\Jing-XuanTan(i)\Downloads\evsoc-efinity-v2026.1.132\evsoc-efinity-v2026.1.132\cam_single\Ti60F225_dsi\ip\dsi_tx_display\dsi_tx_display.sv:1596)
[EFX-0011 VERI-WARNING] expression size ** truncated to fit in target size ** (VERI-1209) (C:\Users\Jing-XuanTan(i)\Downloads\evsoc-efinity-v2026.1.132\evsoc-efinity-v2026.1.132\cam_single\Ti60F225_dsi\ip\dsi_tx_display\dsi_tx_display.sv:1596)
[EFX-0011 VERI-WARNING] port '**' remains unconnected for this instance (VERI-1927) (C:\Users\Jing-XuanTan(i)\Downloads\evsoc-efinity-v2026.1.132\evsoc-efinity-v2026.1.132\cam_single\Ti60F225_dsi\ip\dsi_tx_display\dsi_tx_display.sv:2500)
[EFX-0011 VERI-WARNING] expression size ** truncated to fit in target size ** (VERI-1209) (C:\Users\Jing-XuanTan(i)\Downloads\evsoc-efinity-v2026.1.132\evsoc-efinity-v2026.1.132\cam_single\Ti60F225_dsi\ip\dsi_tx_display\dsi_tx_display.sv:2500)
[EFX-0011 VERI-WARNING] assignment and/or driver for '**' inside static function '**' is not preserved (VERI-2457) (C:\Users\Jing-XuanTan(i)\Downloads\evsoc-efinity-v2026.1.132\evsoc-efinity-v2026.1.132\cam_single\Ti60F225_dsi\ip\dsi_tx_display\dsi_tx_display.sv:3474)
[EFX-0011 VERI-WARNING] actual bit length 32 differs from formal bit length 16 for port 'haddr' (VERI-1330) (C:\Users\Jing-XuanTan(i)\Downloads\evsoc-efinity-v2026.1.132\evsoc-efinity-v2026.1.132\cam_single\Ti60F225_dsi\edge_vision_soc.v:1044)
[EFX-0011 VERI-WARNING] port 'ram_clk_cal_2' is not connected on this instance (VERI-2435) (C:\Users\Jing-XuanTan(i)\Downloads\evsoc-efinity-v2026.1.132\evsoc-efinity-v2026.1.132\cam_single\Ti60F225_dsi\ip\hbram\hbram.sv:200)
[EFX-0011 VERI-WARNING] port 'native_clk' remains unconnected for this instance (VERI-1927) (C:\Users\Jing-XuanTan(i)\Downloads\evsoc-efinity-v2026.1.132\evsoc-efinity-v2026.1.132\cam_single\Ti60F225_dsi\ip\hbram\hbram.sv:200)
[EFX-0011 VERI-WARNING] port '**' remains unconnected for this instance (VERI-1927) (C:\Users\Jing-XuanTan(i)\Downloads\evsoc-efinity-v2026.1.132\evsoc-efinity-v2026.1.132\cam_single\Ti60F225_dsi\ip\hbram\hbram.sv:1134)
[EFX-0011 VERI-WARNING] expression size 32 truncated to fit in target size 9 (VERI-1209) (C:\Users\Jing-XuanTan(i)\Downloads\evsoc-efinity-v2026.1.132\evsoc-efinity-v2026.1.132\cam_single\Ti60F225_dsi\ip\hbram\hbram.sv:5791)
[EFX-0011 VERI-WARNING] expression size 32 truncated to fit in target size 11 (VERI-1209) (C:\Users\Jing-XuanTan(i)\Downloads\evsoc-efinity-v2026.1.132\evsoc-efinity-v2026.1.132\cam_single\Ti60F225_dsi\ip\hbram\hbram.sv:5792)
[EFX-0011 VERI-WARNING] expression size ** truncated to fit in target size ** (VERI-1209) (C:\Users\Jing-XuanTan(i)\Downloads\evsoc-efinity-v2026.1.132\evsoc-efinity-v2026.1.132\cam_single\Ti60F225_dsi\ip\hbram\hbram.sv:1134)
[EFX-0011 VERI-WARNING] expression size 32 truncated to fit in target size 11 (VERI-1209) (C:\Users\Jing-XuanTan(i)\Downloads\evsoc-efinity-v2026.1.132\evsoc-efinity-v2026.1.132\cam_single\Ti60F225_dsi\ip\hbram\hbram.sv:5806)
[EFX-0011 VERI-WARNING] expression size 32 truncated to fit in target size 9 (VERI-1209) (C:\Users\Jing-XuanTan(i)\Downloads\evsoc-efinity-v2026.1.132\evsoc-efinity-v2026.1.132\cam_single\Ti60F225_dsi\ip\hbram\hbram.sv:5807)
[EFX-0011 VERI-WARNING] expression size ** truncated to fit in target size ** (VERI-1209) (C:\Users\Jing-XuanTan(i)\Downloads\evsoc-efinity-v2026.1.132\evsoc-efinity-v2026.1.132\cam_single\Ti60F225_dsi\ip\hbram\hbram.sv:5309)
[EFX-0011 VERI-WARNING] actual bit length ** differs from formal bit length *** for port '**' (VERI-1330) (C:\Users\Jing-XuanTan(i)\Downloads\evsoc-efinity-v2026.1.132\evsoc-efinity-v2026.1.132\cam_single\Ti60F225_dsi\ip\hbram\hbram.sv:1946)
[EFX-0011 VERI-WARNING] expression size ** truncated to fit in target size ** (VERI-1209) (C:\Users\Jing-XuanTan(i)\Downloads\evsoc-efinity-v2026.1.132\evsoc-efinity-v2026.1.132\cam_single\Ti60F225_dsi\ip\hbram\hbram.sv:3545)
[EFX-0011 VERI-WARNING] actual bit length ** differs from formal bit length *** for port '**' (VERI-1330) (C:\Users\Jing-XuanTan(i)\Downloads\evsoc-efinity-v2026.1.132\evsoc-efinity-v2026.1.132\cam_single\Ti60F225_dsi\ip\hbram\hbram.sv:2351)
[EFX-0011 VERI-WARNING] expression size ** truncated to fit in target size ** (VERI-1209) (C:\Users\Jing-XuanTan(i)\Downloads\evsoc-efinity-v2026.1.132\evsoc-efinity-v2026.1.132\cam_single\Ti60F225_dsi\ip\hbram\hbram.sv:4591)
[EFX-0011 VERI-WARNING] input port 'ram_clk_cal_2' remains unconnected for this instance (VDB-1053) (C:\Users\Jing-XuanTan(i)\Downloads\evsoc-efinity-v2026.1.132\evsoc-efinity-v2026.1.132\cam_single\Ti60F225_dsi\ip\hbram\hbram.sv:147)
[EFX-0011 VERI-WARNING] input port 'native_clk' is not connected on this instance (VDB-1013) (C:\Users\Jing-XuanTan(i)\Downloads\evsoc-efinity-v2026.1.132\evsoc-efinity-v2026.1.132\cam_single\Ti60F225_dsi\ip\hbram\hbram.sv:147)
[EFX-0011 VERI-WARNING] system task 'display' is ignored for synthesis (VERI-1142) (C:\Users\Jing-XuanTan(i)\Downloads\evsoc-efinity-v2026.1.132\evsoc-efinity-v2026.1.132\cam_single\Ti60F225_dsi\ip\SapphireSoc\SapphireSoc.v:22380)
[EFX-0011 VERI-WARNING] net 'IBusCachedPlugin_cache_io_cpu_fetch_isRemoved' does not have a driver (VDB-1002) (C:\Users\Jing-XuanTan(i)\Downloads\evsoc-efinity-v2026.1.132\evsoc-efinity-v2026.1.132\cam_single\Ti60F225_dsi\ip\SapphireSoc\SapphireSoc.v:12883)
[EFX-0011 VERI-WARNING] net 'dataCache_1_io_cpu_writeBack_fence_SW' does not have a driver (VDB-1002) (C:\Users\Jing-XuanTan(i)\Downloads\evsoc-efinity-v2026.1.132\evsoc-efinity-v2026.1.132\cam_single\Ti60F225_dsi\ip\SapphireSoc\SapphireSoc.v:12896)
[EFX-0011 VERI-WARNING] net 'dataCache_1_io_cpu_writeBack_fence_SR' does not have a driver (VDB-1002) (C:\Users\Jing-XuanTan(i)\Downloads\evsoc-efinity-v2026.1.132\evsoc-efinity-v2026.1.132\cam_single\Ti60F225_dsi\ip\SapphireSoc\SapphireSoc.v:12897)
[EFX-0011 VERI-WARNING] net 'dataCache_1_io_cpu_writeBack_fence_SO' does not have a driver (VDB-1002) (C:\Users\Jing-XuanTan(i)\Downloads\evsoc-efinity-v2026.1.132\evsoc-efinity-v2026.1.132\cam_single\Ti60F225_dsi\ip\SapphireSoc\SapphireSoc.v:12898)
[EFX-0011 VERI-WARNING] net 'dataCache_1_io_cpu_writeBack_fence_SI' does not have a driver (VDB-1002) (C:\Users\Jing-XuanTan(i)\Downloads\evsoc-efinity-v2026.1.132\evsoc-efinity-v2026.1.132\cam_single\Ti60F225_dsi\ip\SapphireSoc\SapphireSoc.v:12899)
[EFX-0011 VERI-WARNING] net 'dataCache_1_io_cpu_writeBack_fence_PW' does not have a driver (VDB-1002) (C:\Users\Jing-XuanTan(i)\Downloads\evsoc-efinity-v2026.1.132\evsoc-efinity-v2026.1.132\cam_single\Ti60F225_dsi\ip\SapphireSoc\SapphireSoc.v:12900)
[EFX-0011 VERI-WARNING] net 'dataCache_1_io_cpu_writeBack_fence_PR' does not have a driver (VDB-1002) (C:\Users\Jing-XuanTan(i)\Downloads\evsoc-efinity-v2026.1.132\evsoc-efinity-v2026.1.132\cam_single\Ti60F225_dsi\ip\SapphireSoc\SapphireSoc.v:12901)
[EFX-0011 VERI-WARNING] net 'dataCache_1_io_cpu_writeBack_fence_PO' does not have a driver (VDB-1002) (C:\Users\Jing-XuanTan(i)\Downloads\evsoc-efinity-v2026.1.132\evsoc-efinity-v2026.1.132\cam_single\Ti60F225_dsi\ip\SapphireSoc\SapphireSoc.v:12902)
[EFX-0011 VERI-WARNING] net 'dataCache_1_io_cpu_writeBack_fence_PI' does not have a driver (VDB-1002) (C:\Users\Jing-XuanTan(i)\Downloads\evsoc-efinity-v2026.1.132\evsoc-efinity-v2026.1.132\cam_single\Ti60F225_dsi\ip\SapphireSoc\SapphireSoc.v:12903)
[EFX-0011 VERI-WARNING] net 'dataCache_1_io_cpu_writeBack_fence_FM[3]' does not have a driver (VDB-1002) (C:\Users\Jing-XuanTan(i)\Downloads\evsoc-efinity-v2026.1.132\evsoc-efinity-v2026.1.132\cam_single\Ti60F225_dsi\ip\SapphireSoc\SapphireSoc.v:12904)
[EFX-0011 VERI-WARNING] net 'IBusCachedPlugin_mmuBus_rsp_bypassTranslation' does not have a driver (VDB-1002) (C:\Users\Jing-XuanTan(i)\Downloads\evsoc-efinity-v2026.1.132\evsoc-efinity-v2026.1.132\cam_single\Ti60F225_dsi\ip\SapphireSoc\SapphireSoc.v:13411)
[EFX-0011 VERI-WARNING] net 'DBusCachedPlugin_mmuBus_rsp_bypassTranslation' does not have a driver (VDB-1002) (C:\Users\Jing-XuanTan(i)\Downloads\evsoc-efinity-v2026.1.132\evsoc-efinity-v2026.1.132\cam_single\Ti60F225_dsi\ip\SapphireSoc\SapphireSoc.v:13437)
[EFX-0011 VERI-WARNING] net 'IBusCachedPlugin_iBusRsp_output_payload_rsp_error' does not have a driver (VDB-1002) (C:\Users\Jing-XuanTan(i)\Downloads\evsoc-efinity-v2026.1.132\evsoc-efinity-v2026.1.132\cam_single\Ti60F225_dsi\ip\SapphireSoc\SapphireSoc.v:13545)
[EFX-0011 VERI-WARNING] net 'IBusCachedPlugin_iBusRsp_output_payload_isRvc' does not have a driver (VDB-1002) (C:\Users\Jing-XuanTan(i)\Downloads\evsoc-efinity-v2026.1.132\evsoc-efinity-v2026.1.132\cam_single\Ti60F225_dsi\ip\SapphireSoc\SapphireSoc.v:13547)
[EFX-0011 VERI-WARNING] net 'CsrPlugin_mtvec_mode[1]' does not have a driver (VDB-1002) (C:\Users\Jing-XuanTan(i)\Downloads\evsoc-efinity-v2026.1.132\evsoc-efinity-v2026.1.132\cam_single\Ti60F225_dsi\ip\SapphireSoc\SapphireSoc.v:13781)
[EFX-0011 VERI-WARNING] system function call 'urandom' is not supported (VERI-1141) (C:\Users\Jing-XuanTan(i)\Downloads\evsoc-efinity-v2026.1.132\evsoc-efinity-v2026.1.132\cam_single\Ti60F225_dsi\ip\SapphireSoc\SapphireSoc.v:21505)
[EFX-0011 VERI-WARNING] system function call 'urandom' is not supported (VERI-1141) (C:\Users\Jing-XuanTan(i)\Downloads\evsoc-efinity-v2026.1.132\evsoc-efinity-v2026.1.132\cam_single\Ti60F225_dsi\ip\SapphireSoc\SapphireSoc.v:21506)
[EFX-0011 VERI-WARNING] system function call 'urandom' is not supported (VERI-1141) (C:\Users\Jing-XuanTan(i)\Downloads\evsoc-efinity-v2026.1.132\evsoc-efinity-v2026.1.132\cam_single\Ti60F225_dsi\ip\SapphireSoc\SapphireSoc.v:23686)
[EFX-0011 VERI-WARNING] system function call 'urandom' is not supported (VERI-1141) (C:\Users\Jing-XuanTan(i)\Downloads\evsoc-efinity-v2026.1.132\evsoc-efinity-v2026.1.132\cam_single\Ti60F225_dsi\ip\SapphireSoc\SapphireSoc.v:23687)
[EFX-0011 VERI-WARNING] system function call 'urandom' is not supported (VERI-1141) (C:\Users\Jing-XuanTan(i)\Downloads\evsoc-efinity-v2026.1.132\evsoc-efinity-v2026.1.132\cam_single\Ti60F225_dsi\ip\SapphireSoc\SapphireSoc.v:5873)
[EFX-0011 VERI-WARNING] system function call 'urandom' is not supported (VERI-1141) (C:\Users\Jing-XuanTan(i)\Downloads\evsoc-efinity-v2026.1.132\evsoc-efinity-v2026.1.132\cam_single\Ti60F225_dsi\ip\SapphireSoc\SapphireSoc.v:5874)
[EFX-0011 VERI-WARNING] net 'slaveRegOut[31]' does not have a driver (VDB-1002) (C:\Users\Jing-XuanTan(i)\Downloads\evsoc-efinity-v2026.1.132\evsoc-efinity-v2026.1.132\cam_single\Ti60F225_dsi\source\hw_accel\hw_accel_apb3.v:38)
[EFX-0011 VERI-WARNING] port 'rst_busy' remains unconnected for this instance (VERI-1927) (C:\Users\Jing-XuanTan(i)\Downloads\evsoc-efinity-v2026.1.132\evsoc-efinity-v2026.1.132\cam_single\Ti60F225_dsi\source/hw_accel/hw_accel_wrapper.v:176)
[EFX-0011 VERI-WARNING] port 'rst_busy' remains unconnected for this instance (VERI-1927) (C:\Users\Jing-XuanTan(i)\Downloads\evsoc-efinity-v2026.1.132\evsoc-efinity-v2026.1.132\cam_single\Ti60F225_dsi\source/hw_accel/hw_accel_wrapper.v:202)
[EFX-0011 VERI-WARNING] port 'a_wr_rst_i' remains unconnected for this instance (VERI-1927) (C:\Users\Jing-XuanTan(i)\Downloads\evsoc-efinity-v2026.1.132\evsoc-efinity-v2026.1.132\cam_single\Ti60F225_dsi\ip\hw_accel_dma_in_fifo\hw_accel_dma_in_fifo.sv:112)
[EFX-0011 VERI-WARNING] input port 'a_wr_rst_i' is not connected on this instance (VDB-1013) (C:\Users\Jing-XuanTan(i)\Downloads\evsoc-efinity-v2026.1.132\evsoc-efinity-v2026.1.132\cam_single\Ti60F225_dsi\ip\hw_accel_dma_in_fifo\hw_accel_dma_in_fifo.sv:93)
[EFX-0011 VERI-WARNING] port 'a_wr_rst_i' remains unconnected for this instance (VERI-1927) (C:\Users\Jing-XuanTan(i)\Downloads\evsoc-efinity-v2026.1.132\evsoc-efinity-v2026.1.132\cam_single\Ti60F225_dsi\ip\hw_accel_dma_out_fifo\hw_accel_dma_out_fifo.sv:112)
[EFX-0011 VERI-WARNING] input port 'a_wr_rst_i' is not connected on this instance (VDB-1013) (C:\Users\Jing-XuanTan(i)\Downloads\evsoc-efinity-v2026.1.132\evsoc-efinity-v2026.1.132\cam_single\Ti60F225_dsi\ip\hw_accel_dma_out_fifo\hw_accel_dma_out_fifo.sv:93)
[EFX-0011 VERI-WARNING] system function call 'urandom' is not supported (VERI-1141) (C:\Users\Jing-XuanTan(i)\Downloads\evsoc-efinity-v2026.1.132\evsoc-efinity-v2026.1.132\cam_single\Ti60F225_dsi\ip\dma\dma.v:13453)
[EFX-0011 VERI-WARNING] system function call 'urandom' is not supported (VERI-1141) (C:\Users\Jing-XuanTan(i)\Downloads\evsoc-efinity-v2026.1.132\evsoc-efinity-v2026.1.132\cam_single\Ti60F225_dsi\ip\dma\dma.v:13454)
[EFX-0011 VERI-WARNING] system function call 'urandom' is not supported (VERI-1141) (C:\Users\Jing-XuanTan(i)\Downloads\evsoc-efinity-v2026.1.132\evsoc-efinity-v2026.1.132\cam_single\Ti60F225_dsi\ip\dma\dma.v:13455)
[EFX-0011 VERI-WARNING] system function call 'urandom' is not supported (VERI-1141) (C:\Users\Jing-XuanTan(i)\Downloads\evsoc-efinity-v2026.1.132\evsoc-efinity-v2026.1.132\cam_single\Ti60F225_dsi\ip\dma\dma.v:13456)
[EFX-0011 VERI-WARNING] system function call 'urandom' is not supported (VERI-1141) (C:\Users\Jing-XuanTan(i)\Downloads\evsoc-efinity-v2026.1.132\evsoc-efinity-v2026.1.132\cam_single\Ti60F225_dsi\ip\dma\dma.v:13457)
[EFX-0011 VERI-WARNING] actual bit length 16 differs from formal bit length 14 for port 'ctrl_PADDR' (VERI-1330) (C:\Users\Jing-XuanTan(i)\Downloads\evsoc-efinity-v2026.1.132\evsoc-efinity-v2026.1.132\cam_single\Ti60F225_dsi\edge_vision_soc.v:1332)
[EFX-0011 VERI-WARNING] system task 'display' is ignored for synthesis (VERI-1142) (C:\Users\Jing-XuanTan(i)\Downloads\evsoc-efinity-v2026.1.132\evsoc-efinity-v2026.1.132\cam_single\Ti60F225_dsi\source/axi/axi_interconnect.v:220)
[EFX-0011 VERI-WARNING] system task 'display' is ignored for synthesis (VERI-1142) (C:\Users\Jing-XuanTan(i)\Downloads\evsoc-efinity-v2026.1.132\evsoc-efinity-v2026.1.132\cam_single\Ti60F225_dsi\source/axi/axi_interconnect.v:223)
[EFX-0011 VERI-WARNING] expression size 32 truncated to fit in target size 2 (VERI-1209) (C:\Users\Jing-XuanTan(i)\Downloads\evsoc-efinity-v2026.1.132\evsoc-efinity-v2026.1.132\cam_single\Ti60F225_dsi\source/axi/priority_encoder.v:89)
[EFX-0011 VERI-WARNING] expression size 32 truncated to fit in target size 4 (VERI-1209) (C:\Users\Jing-XuanTan(i)\Downloads\evsoc-efinity-v2026.1.132\evsoc-efinity-v2026.1.132\cam_single\Ti60F225_dsi\source/axi/priority_encoder.v:89)
[EFX-0011 VERI-WARNING] right shift count >= width of value (VERI-1959) (C:\Users\Jing-XuanTan(i)\Downloads\evsoc-efinity-v2026.1.132\evsoc-efinity-v2026.1.132\cam_single\Ti60F225_dsi\source/axi/axi_interconnect.v:566)
[EFX-0011 VERI-WARNING] expression size 32 truncated to fit in target size 8 (VERI-1209) (C:\Users\Jing-XuanTan(i)\Downloads\evsoc-efinity-v2026.1.132\evsoc-efinity-v2026.1.132\cam_single\Ti60F225_dsi\source/axi/axi_interconnect.v:689)
[EFX-0011 VERI-WARNING] input port 'Rx_HS_D_2[7]' remains unconnected for this instance (VDB-1053) (C:\Users\Jing-XuanTan(i)\Downloads\evsoc-efinity-v2026.1.132\evsoc-efinity-v2026.1.132\cam_single\Ti60F225_dsi\edge_vision_soc.v:729)
[EFX-0011 VERI-WARNING] input port 'system_spi_0_io_data_2_read' remains unconnected for this instance (VDB-1053) (C:\Users\Jing-XuanTan(i)\Downloads\evsoc-efinity-v2026.1.132\evsoc-efinity-v2026.1.132\cam_single\Ti60F225_dsi\edge_vision_soc.v:1168)
[EFX-0011 VERI-WARNING] input port 'dat1_o_tready' remains unconnected for this instance (VDB-1053) (C:\Users\Jing-XuanTan(i)\Downloads\evsoc-efinity-v2026.1.132\evsoc-efinity-v2026.1.132\cam_single\Ti60F225_dsi\edge_vision_soc.v:1327)
[EFX-0011 VERI-WARNING] input port 's_axi_awuser[1]' remains unconnected for this instance (VDB-1053) (C:\Users\Jing-XuanTan(i)\Downloads\evsoc-efinity-v2026.1.132\evsoc-efinity-v2026.1.132\cam_single\Ti60F225_dsi\edge_vision_soc.v:1464)
[EFX-0200 WARNING] Removing redundant signal : Rx_HS_D_2[7:0]. (C:\Users\Jing-XuanTan(i)\Downloads\evsoc-efinity-v2026.1.132\evsoc-efinity-v2026.1.132\cam_single\Ti60F225_dsi\ip\csi2_rx_cam\csi2_rx_cam.sv:6307)
[EFX-0200 WARNING] Removing redundant signal : Rx_HS_D_3[7:0]. (C:\Users\Jing-XuanTan(i)\Downloads\evsoc-efinity-v2026.1.132\evsoc-efinity-v2026.1.132\cam_single\Ti60F225_dsi\ip\csi2_rx_cam\csi2_rx_cam.sv:6307)
[EFX-0200 WARNING] Removing redundant signal : Rx_HS_D_4[7:0]. (C:\Users\Jing-XuanTan(i)\Downloads\evsoc-efinity-v2026.1.132\evsoc-efinity-v2026.1.132\cam_single\Ti60F225_dsi\ip\csi2_rx_cam\csi2_rx_cam.sv:6307)
[EFX-0200 WARNING] Removing redundant signal : Rx_HS_D_5[7:0]. (C:\Users\Jing-XuanTan(i)\Downloads\evsoc-efinity-v2026.1.132\evsoc-efinity-v2026.1.132\cam_single\Ti60F225_dsi\ip\csi2_rx_cam\csi2_rx_cam.sv:6307)
[EFX-0200 WARNING] Removing redundant signal : Rx_HS_D_6[7:0]. (C:\Users\Jing-XuanTan(i)\Downloads\evsoc-efinity-v2026.1.132\evsoc-efinity-v2026.1.132\cam_single\Ti60F225_dsi\ip\csi2_rx_cam\csi2_rx_cam.sv:6307)
[EFX-0200 WARNING] Removing redundant signal : Rx_HS_D_7[7:0]. (C:\Users\Jing-XuanTan(i)\Downloads\evsoc-efinity-v2026.1.132\evsoc-efinity-v2026.1.132\cam_single\Ti60F225_dsi\ip\csi2_rx_cam\csi2_rx_cam.sv:6307)
[EFX-0200 WARNING] Removing redundant signal : u_dly_enable_D[1:0]. (C:\Users\Jing-XuanTan(i)\Downloads\evsoc-efinity-v2026.1.132\evsoc-efinity-v2026.1.132\cam_single\Ti60F225_dsi\ip\csi2_rx_cam\csi2_rx_cam.sv:6307)
[EFX-0200 WARNING] Removing redundant signal : u_dly_inc_D[1:0]. (C:\Users\Jing-XuanTan(i)\Downloads\evsoc-efinity-v2026.1.132\evsoc-efinity-v2026.1.132\cam_single\Ti60F225_dsi\ip\csi2_rx_cam\csi2_rx_cam.sv:6307)
[EFX-0200 WARNING] Removing redundant signal : axi_awaddr[1:0]. (C:\Users\Jing-XuanTan(i)\Downloads\evsoc-efinity-v2026.1.132\evsoc-efinity-v2026.1.132\cam_single\Ti60F225_dsi\ip\csi2_rx_cam\csi2_rx_cam.sv:5564)
[EFX-0200 WARNING] Removing redundant signal : axi_araddr[1:0]. (C:\Users\Jing-XuanTan(i)\Downloads\evsoc-efinity-v2026.1.132\evsoc-efinity-v2026.1.132\cam_single\Ti60F225_dsi\ip\csi2_rx_cam\csi2_rx_cam.sv:5564)
[EFX-0200 WARNING] Removing redundant signal : loc_rdata[31:0]. (C:\Users\Jing-XuanTan(i)\Downloads\evsoc-efinity-v2026.1.132\evsoc-efinity-v2026.1.132\cam_single\Ti60F225_dsi\ip\csi2_rx_cam\csi2_rx_cam.sv:5564)
[EFX-0200 WARNING] Removing redundant signal : nextCRC16_D16.fcrc[15:0]. (C:\Users\Jing-XuanTan(i)\Downloads\evsoc-efinity-v2026.1.132\evsoc-efinity-v2026.1.132\cam_single\Ti60F225_dsi\ip\csi2_rx_cam\csi2_rx_cam.sv:1466)
[EFX-0200 WARNING] Removing redundant signal : nextCRC16_D16.Data[15:0]. (C:\Users\Jing-XuanTan(i)\Downloads\evsoc-efinity-v2026.1.132\evsoc-efinity-v2026.1.132\cam_single\Ti60F225_dsi\ip\csi2_rx_cam\csi2_rx_cam.sv:1466)
[EFX-0200 WARNING] Removing redundant signal : nextCRC16_D16[15:0]. (C:\Users\Jing-XuanTan(i)\Downloads\evsoc-efinity-v2026.1.132\evsoc-efinity-v2026.1.132\cam_single\Ti60F225_dsi\ip\csi2_rx_cam\csi2_rx_cam.sv:1466)
[EFX-0200 WARNING] Removing redundant signal : nextCRC16_D16.c[15:0]. (C:\Users\Jing-XuanTan(i)\Downloads\evsoc-efinity-v2026.1.132\evsoc-efinity-v2026.1.132\cam_single\Ti60F225_dsi\ip\csi2_rx_cam\csi2_rx_cam.sv:1466)
[EFX-0200 WARNING] Removing redundant signal : nextCRC16_D16.d[15:0]. (C:\Users\Jing-XuanTan(i)\Downloads\evsoc-efinity-v2026.1.132\evsoc-efinity-v2026.1.132\cam_single\Ti60F225_dsi\ip\csi2_rx_cam\csi2_rx_cam.sv:1466)
[EFX-0200 WARNING] Removing redundant signal : nextCRC16_D16.newcrc[15:0]. (C:\Users\Jing-XuanTan(i)\Downloads\evsoc-efinity-v2026.1.132\evsoc-efinity-v2026.1.132\cam_single\Ti60F225_dsi\ip\csi2_rx_cam\csi2_rx_cam.sv:1466)
[EFX-0200 WARNING] Removing redundant signal : nextCRC16_D8[15:0]. (C:\Users\Jing-XuanTan(i)\Downloads\evsoc-efinity-v2026.1.132\evsoc-efinity-v2026.1.132\cam_single\Ti60F225_dsi\ip\csi2_rx_cam\csi2_rx_cam.sv:1466)
[EFX-0200 WARNING] Removing redundant signal : nextCRC16_D8.Data[7:0]. (C:\Users\Jing-XuanTan(i)\Downloads\evsoc-efinity-v2026.1.132\evsoc-efinity-v2026.1.132\cam_single\Ti60F225_dsi\ip\csi2_rx_cam\csi2_rx_cam.sv:1466)
[EFX-0200 WARNING] Removing redundant signal : nextCRC16_D8.fcrc[15:0]. (C:\Users\Jing-XuanTan(i)\Downloads\evsoc-efinity-v2026.1.132\evsoc-efinity-v2026.1.132\cam_single\Ti60F225_dsi\ip\csi2_rx_cam\csi2_rx_cam.sv:1466)
[EFX-0201 WARNING] Re-wiring to GND non-driven net/port 'a_wr_rst_i' in module 'efx_fifo_top_04a96f5177a940fe94d182603b3fa9c9(FAMILY="",SYNC_CLK=1,PIPELINE_REG=0,OUTPUT_REG=1,PROGRAMMABLE_FULL="NONE",PROG_FULL_ASSERT=510,PROG_FULL_NEGATE=510,PROGRAMMABLE_EMPTY="NONE",PROG_EMPTY_ASSERT=2,PROG_EMPTY_NEGATE=3)'. (C:\Users\Jing-XuanTan(i)\Downloads\evsoc-efinity-v2026.1.132\evsoc-efinity-v2026.1.132\cam_single\Ti60F225_dsi\ip\cam_pixel_remap_fifo\cam_pixel_remap_fifo.sv:92)
[EFX-0201 WARNING] Re-wiring to GND non-driven net/port 'a_rd_rst_i' in module 'efx_fifo_top_04a96f5177a940fe94d182603b3fa9c9(FAMILY="",SYNC_CLK=1,PIPELINE_REG=0,OUTPUT_REG=1,PROGRAMMABLE_FULL="NONE",PROG_FULL_ASSERT=510,PROG_FULL_NEGATE=510,PROGRAMMABLE_EMPTY="NONE",PROG_EMPTY_ASSERT=2,PROG_EMPTY_NEGATE=3)'. (C:\Users\Jing-XuanTan(i)\Downloads\evsoc-efinity-v2026.1.132\evsoc-efinity-v2026.1.132\cam_single\Ti60F225_dsi\ip\cam_pixel_remap_fifo\cam_pixel_remap_fifo.sv:92)
[EFX-0201 WARNING] Re-wiring to GND non-driven net/port 'wr_clk_i' in module 'efx_fifo_top_04a96f5177a940fe94d182603b3fa9c9(FAMILY="",SYNC_CLK=1,PIPELINE_REG=0,OUTPUT_REG=1,PROGRAMMABLE_FULL="NONE",PROG_FULL_ASSERT=510,PROG_FULL_NEGATE=510,PROGRAMMABLE_EMPTY="NONE",PROG_EMPTY_ASSERT=2,PROG_EMPTY_NEGATE=3)'. (C:\Users\Jing-XuanTan(i)\Downloads\evsoc-efinity-v2026.1.132\evsoc-efinity-v2026.1.132\cam_single\Ti60F225_dsi\ip\cam_pixel_remap_fifo\cam_pixel_remap_fifo.sv:92)
[EFX-0201 WARNING] Re-wiring to GND non-driven net/port 'rd_clk_i' in module 'efx_fifo_top_04a96f5177a940fe94d182603b3fa9c9(FAMILY="",SYNC_CLK=1,PIPELINE_REG=0,OUTPUT_REG=1,PROGRAMMABLE_FULL="NONE",PROG_FULL_ASSERT=510,PROG_FULL_NEGATE=510,PROGRAMMABLE_EMPTY="NONE",PROG_EMPTY_ASSERT=2,PROG_EMPTY_NEGATE=3)'. (C:\Users\Jing-XuanTan(i)\Downloads\evsoc-efinity-v2026.1.132\evsoc-efinity-v2026.1.132\cam_single\Ti60F225_dsi\ip\cam_pixel_remap_fifo\cam_pixel_remap_fifo.sv:92)
[EFX-0201 WARNING] Re-wiring to GND non-driven net/port 'pipe_0_pixel_0_wire[16]' in module 'blc(PIXEL_PER_CYCLE=2,PIXEL_BIT_WIDTH=8)'. (C:\Users\Jing-XuanTan(i)\Downloads\evsoc-efinity-v2026.1.132\evsoc-efinity-v2026.1.132\cam_single\Ti60F225_dsi\source/isp/blc.sv:44)
[EFX-0201 WARNING] Re-wiring to GND non-driven net/port 'pipe_0_pixel_0_wire[15]' in module 'blc(PIXEL_PER_CYCLE=2,PIXEL_BIT_WIDTH=8)'. (C:\Users\Jing-XuanTan(i)\Downloads\evsoc-efinity-v2026.1.132\evsoc-efinity-v2026.1.132\cam_single\Ti60F225_dsi\source/isp/blc.sv:44)
[EFX-0201 WARNING] Re-wiring to GND non-driven net/port 'pipe_0_pixel_0_wire[14]' in module 'blc(PIXEL_PER_CYCLE=2,PIXEL_BIT_WIDTH=8)'. (C:\Users\Jing-XuanTan(i)\Downloads\evsoc-efinity-v2026.1.132\evsoc-efinity-v2026.1.132\cam_single\Ti60F225_dsi\source/isp/blc.sv:44)
[EFX-0201 WARNING] Re-wiring to GND non-driven net/port 'pipe_0_pixel_0_wire[13]' in module 'blc(PIXEL_PER_CYCLE=2,PIXEL_BIT_WIDTH=8)'. (C:\Users\Jing-XuanTan(i)\Downloads\evsoc-efinity-v2026.1.132\evsoc-efinity-v2026.1.132\cam_single\Ti60F225_dsi\source/isp/blc.sv:44)
[EFX-0201 WARNING] Re-wiring to GND non-driven net/port 'pipe_0_pixel_0_wire[12]' in module 'blc(PIXEL_PER_CYCLE=2,PIXEL_BIT_WIDTH=8)'. (C:\Users\Jing-XuanTan(i)\Downloads\evsoc-efinity-v2026.1.132\evsoc-efinity-v2026.1.132\cam_single\Ti60F225_dsi\source/isp/blc.sv:44)
[EFX-0201 WARNING] Re-wiring to GND non-driven net/port 'pipe_0_pixel_0_wire[11]' in module 'blc(PIXEL_PER_CYCLE=2,PIXEL_BIT_WIDTH=8)'. (C:\Users\Jing-XuanTan(i)\Downloads\evsoc-efinity-v2026.1.132\evsoc-efinity-v2026.1.132\cam_single\Ti60F225_dsi\source/isp/blc.sv:44)
[EFX-0657 WARNING] Mapping into logic memory block 'pipe_0_center' (20 bits) (C:\Users\Jing-XuanTan(i)\Downloads\evsoc-efinity-v2026.1.132\evsoc-efinity-v2026.1.132\cam_single\Ti60F225_dsi\source/isp/demosaic.sv:68) because size is too small (<=64)
[EFX-0657 WARNING] Mapping into logic memory block 'pipe_0_outer_horizontal' (20 bits) (C:\Users\Jing-XuanTan(i)\Downloads\evsoc-efinity-v2026.1.132\evsoc-efinity-v2026.1.132\cam_single\Ti60F225_dsi\source/isp/demosaic.sv:69) because size is too small (<=64)
[EFX-0657 WARNING] Mapping into logic memory block 'pipe_0_outer_vertical' (20 bits) (C:\Users\Jing-XuanTan(i)\Downloads\evsoc-efinity-v2026.1.132\evsoc-efinity-v2026.1.132\cam_single\Ti60F225_dsi\source/isp/demosaic.sv:70) because size is too small (<=64)
[EFX-0657 WARNING] Mapping into logic memory block 'pipe_0_inner_horizontal' (20 bits) (C:\Users\Jing-XuanTan(i)\Downloads\evsoc-efinity-v2026.1.132\evsoc-efinity-v2026.1.132\cam_single\Ti60F225_dsi\source/isp/demosaic.sv:71) because size is too small (<=64)
[EFX-0657 WARNING] Mapping into logic memory block 'pipe_0_inner_vertical' (20 bits) (C:\Users\Jing-XuanTan(i)\Downloads\evsoc-efinity-v2026.1.132\evsoc-efinity-v2026.1.132\cam_single\Ti60F225_dsi\source/isp/demosaic.sv:72) because size is too small (<=64)
[EFX-0657 WARNING] Mapping into logic memory block 'pipe_0_inner_top' (20 bits) (C:\Users\Jing-XuanTan(i)\Downloads\evsoc-efinity-v2026.1.132\evsoc-efinity-v2026.1.132\cam_single\Ti60F225_dsi\source/isp/demosaic.sv:73) because size is too small (<=64)
[EFX-0657 WARNING] Mapping into logic memory block 'pipe_0_inner_bottom' (20 bits) (C:\Users\Jing-XuanTan(i)\Downloads\evsoc-efinity-v2026.1.132\evsoc-efinity-v2026.1.132\cam_single\Ti60F225_dsi\source/isp/demosaic.sv:74) because size is too small (<=64)
[EFX-0657 WARNING] Mapping into logic memory block 'pipe_1_center' (28 bits) (C:\Users\Jing-XuanTan(i)\Downloads\evsoc-efinity-v2026.1.132\evsoc-efinity-v2026.1.132\cam_single\Ti60F225_dsi\source/isp/demosaic.sv:80) because size is too small (<=64)
[EFX-0657 WARNING] Mapping into logic memory block 'pipe_1_center_x5' (28 bits) (C:\Users\Jing-XuanTan(i)\Downloads\evsoc-efinity-v2026.1.132\evsoc-efinity-v2026.1.132\cam_single\Ti60F225_dsi\source/isp/demosaic.sv:81) because size is too small (<=64)
[EFX-0657 WARNING] Mapping into logic memory block 'pipe_1_center_x6' (28 bits) (C:\Users\Jing-XuanTan(i)\Downloads\evsoc-efinity-v2026.1.132\evsoc-efinity-v2026.1.132\cam_single\Ti60F225_dsi\source/isp/demosaic.sv:82) because size is too small (<=64)
[EFX-0657 WARNING] Mapping into logic memory block 'pipe_1_outer_horizontal' (28 bits) (C:\Users\Jing-XuanTan(i)\Downloads\evsoc-efinity-v2026.1.132\evsoc-efinity-v2026.1.132\cam_single\Ti60F225_dsi\source/isp/demosaic.sv:83) because size is too small (<=64)
[EFX-0657 WARNING] Mapping into logic memory block 'pipe_1_outer_vertical' (28 bits) (C:\Users\Jing-XuanTan(i)\Downloads\evsoc-efinity-v2026.1.132\evsoc-efinity-v2026.1.132\cam_single\Ti60F225_dsi\source/isp/demosaic.sv:84) because size is too small (<=64)
[EFX-0657 WARNING] Mapping into logic memory block 'pipe_1_outer_cross' (28 bits) (C:\Users\Jing-XuanTan(i)\Downloads\evsoc-efinity-v2026.1.132\evsoc-efinity-v2026.1.132\cam_single\Ti60F225_dsi\source/isp/demosaic.sv:85) because size is too small (<=64)
[EFX-0657 WARNING] Mapping into logic memory block 'pipe_1_inner_h_outer_v_x2' (28 bits) (C:\Users\Jing-XuanTan(i)\Downloads\evsoc-efinity-v2026.1.132\evsoc-efinity-v2026.1.132\cam_single\Ti60F225_dsi\source/isp/demosaic.sv:86) because size is too small (<=64)
[EFX-0657 WARNING] Mapping into logic memory block 'pipe_1_inner_v_outer_h_x2' (28 bits) (C:\Users\Jing-XuanTan(i)\Downloads\evsoc-efinity-v2026.1.132\evsoc-efinity-v2026.1.132\cam_single\Ti60F225_dsi\source/isp/demosaic.sv:87) because size is too small (<=64)
[EFX-0657 WARNING] Mapping into logic memory block 'pipe_1_inner_corner' (28 bits) (C:\Users\Jing-XuanTan(i)\Downloads\evsoc-efinity-v2026.1.132\evsoc-efinity-v2026.1.132\cam_single\Ti60F225_dsi\source/isp/demosaic.sv:88) because size is too small (<=64)
[EFX-0657 WARNING] Mapping into logic memory block 'pipe_1_inner_cross' (28 bits) (C:\Users\Jing-XuanTan(i)\Downloads\evsoc-efinity-v2026.1.132\evsoc-efinity-v2026.1.132\cam_single\Ti60F225_dsi\source/isp/demosaic.sv:89) because size is too small (<=64)
[EFX-0657 WARNING] Mapping into logic memory block 'pipe_2_center' (36 bits) (C:\Users\Jing-XuanTan(i)\Downloads\evsoc-efinity-v2026.1.132\evsoc-efinity-v2026.1.132\cam_single\Ti60F225_dsi\source/isp/demosaic.sv:95) because size is too small (<=64)
[EFX-0657 WARNING] Mapping into logic memory block 'pipe_2_center_cross_x2' (36 bits) (C:\Users\Jing-XuanTan(i)\Downloads\evsoc-efinity-v2026.1.132\evsoc-efinity-v2026.1.132\cam_single\Ti60F225_dsi\source/isp/demosaic.sv:96) because size is too small (<=64)
[EFX-0657 WARNING] Mapping into logic memory block 'pipe_2_outer_cross_x2' (36 bits) (C:\Users\Jing-XuanTan(i)\Downloads\evsoc-efinity-v2026.1.132\evsoc-efinity-v2026.1.132\cam_single\Ti60F225_dsi\source/isp/demosaic.sv:97) because size is too small (<=64)
[EFX-0657 WARNING] Mapping into logic memory block 'pipe_2_outer_cross_x3' (36 bits) (C:\Users\Jing-XuanTan(i)\Downloads\evsoc-efinity-v2026.1.132\evsoc-efinity-v2026.1.132\cam_single\Ti60F225_dsi\source/isp/demosaic.sv:98) because size is too small (<=64)
[EFX-0657 WARNING] Mapping into logic memory block 'pipe_2_inner_c_outer_h_x2' (36 bits) (C:\Users\Jing-XuanTan(i)\Downloads\evsoc-efinity-v2026.1.132\evsoc-efinity-v2026.1.132\cam_single\Ti60F225_dsi\source/isp/demosaic.sv:99) because size is too small (<=64)
[EFX-0657 WARNING] Mapping into logic memory block 'pipe_2_inner_c_outer_v_x2' (36 bits) (C:\Users\Jing-XuanTan(i)\Downloads\evsoc-efinity-v2026.1.132\evsoc-efinity-v2026.1.132\cam_single\Ti60F225_dsi\source/isp/demosaic.sv:100) because size is too small (<=64)
[EFX-0657 WARNING] Mapping into logic memory block 'pipe_2_rb_at_g1_x2' (36 bits) (C:\Users\Jing-XuanTan(i)\Downloads\evsoc-efinity-v2026.1.132\evsoc-efinity-v2026.1.132\cam_single\Ti60F225_dsi\source/isp/demosaic.sv:101) because size is too small (<=64)
[EFX-0657 WARNING] Mapping into logic memory block 'pipe_2_rb_at_g2_x2' (36 bits) (C:\Users\Jing-XuanTan(i)\Downloads\evsoc-efinity-v2026.1.132\evsoc-efinity-v2026.1.132\cam_single\Ti60F225_dsi\source/isp/demosaic.sv:102) because size is too small (<=64)
[EFX-0657 WARNING] Mapping into logic memory block 'pipe_2_rb_at_rb_x2' (36 bits) (C:\Users\Jing-XuanTan(i)\Downloads\evsoc-efinity-v2026.1.132\evsoc-efinity-v2026.1.132\cam_single\Ti60F225_dsi\source/isp/demosaic.sv:103) because size is too small (<=64)
[EFX-0656 WARNING] Optimizing into logic zero initialized read-only memory block 'isp_cfg_data__D$1'. (C:\Users\Jing-XuanTan(i)\Downloads\evsoc-efinity-v2026.1.132\evsoc-efinity-v2026.1.132\cam_single\Ti60F225_dsi\source\isp\cam_picam_v2.v:379)
[EFX-0657 WARNING] Mapping into logic memory block 'logic_progbufX_mem' (64 bits) (C:\Users\Jing-XuanTan(i)\Downloads\evsoc-efinity-v2026.1.132\evsoc-efinity-v2026.1.132\cam_single\Ti60F225_dsi\ip\SapphireSoc\SapphireSoc.v:12000) because size is too small (<=64)
[EFX-0657 WARNING] Mapping into logic memory block 'logic_ram' (64 bits) (C:\Users\Jing-XuanTan(i)\Downloads\evsoc-efinity-v2026.1.132\evsoc-efinity-v2026.1.132\cam_single\Ti60F225_dsi\ip\SapphireSoc\SapphireSoc.v:20389) because size is too small (<=64)
[EFX-0657 WARNING] Mapping into logic memory block 'u_hw_accel_apb3/slaveReg' (96 bits) (C:\Users\Jing-XuanTan(i)\Downloads\evsoc-efinity-v2026.1.132\evsoc-efinity-v2026.1.132\cam_single\Ti60F225_dsi\source\hw_accel\hw_accel_apb3.v:37) because it has all constant reader/writer.
[EFX-0657 WARNING] Mapping into logic memory block 'u_apb3_cam_display/slaveReg' (224 bits) (C:\Users\Jing-XuanTan(i)\Downloads\evsoc-efinity-v2026.1.132\evsoc-efinity-v2026.1.132\cam_single\Ti60F225_dsi\source/common/common_apb3.v:48) because it has all constant reader/writer.
[EFX-0011 VERI-WARNING] Input/inout port i_mipi_txc_sclk is unconnected. Place and route may remove this unconnected port. (VDB-8003) (C:\Users\Jing-XuanTan(i)\Downloads\evsoc-efinity-v2026.1.132\evsoc-efinity-v2026.1.132\cam_single\Ti60F225_dsi\edge_vision_soc.v:26)
[EFX-0011 VERI-WARNING] Input/inout port i_mipi_txd_sclk is unconnected. Place and route may remove this unconnected port. (VDB-8003) (C:\Users\Jing-XuanTan(i)\Downloads\evsoc-efinity-v2026.1.132\evsoc-efinity-v2026.1.132\cam_single\Ti60F225_dsi\edge_vision_soc.v:27)
[EFX-0011 VERI-WARNING] Input/inout port i_mipi_tx_pll_locked is unconnected. Place and route may remove this unconnected port. (VDB-8003) (C:\Users\Jing-XuanTan(i)\Downloads\evsoc-efinity-v2026.1.132\evsoc-efinity-v2026.1.132\cam_single\Ti60F225_dsi\edge_vision_soc.v:29)
[EFX-0011 VERI-WARNING] Input/inout port i_hbramClk90 is unconnected. Place and route may remove this unconnected port. (VDB-8003) (C:\Users\Jing-XuanTan(i)\Downloads\evsoc-efinity-v2026.1.132\evsoc-efinity-v2026.1.132\cam_single\Ti60F225_dsi\edge_vision_soc.v:33)
[EFX-0011 VERI-WARNING] Input/inout port i_cam_d0_HS_IN_1[7] is unconnected. Place and route may remove this unconnected port. (VDB-8003) (C:\Users\Jing-XuanTan(i)\Downloads\evsoc-efinity-v2026.1.132\evsoc-efinity-v2026.1.132\cam_single\Ti60F225_dsi\edge_vision_soc.v:74)
[EFX-0011 VERI-WARNING] Input/inout port i_cam_d0_HS_IN_2[7] is unconnected. Place and route may remove this unconnected port. (VDB-8003) (C:\Users\Jing-XuanTan(i)\Downloads\evsoc-efinity-v2026.1.132\evsoc-efinity-v2026.1.132\cam_single\Ti60F225_dsi\edge_vision_soc.v:75)
[EFX-0011 VERI-WARNING] Input/inout port i_cam_d0_HS_IN_3[7] is unconnected. Place and route may remove this unconnected port. (VDB-8003) (C:\Users\Jing-XuanTan(i)\Downloads\evsoc-efinity-v2026.1.132\evsoc-efinity-v2026.1.132\cam_single\Ti60F225_dsi\edge_vision_soc.v:76)
[EFX-0011 VERI-WARNING] Input/inout port i_cam_d1_HS_IN_1[7] is unconnected. Place and route may remove this unconnected port. (VDB-8003) (C:\Users\Jing-XuanTan(i)\Downloads\evsoc-efinity-v2026.1.132\evsoc-efinity-v2026.1.132\cam_single\Ti60F225_dsi\edge_vision_soc.v:89)
[EFX-0011 VERI-WARNING] Input/inout port i_cam_d1_HS_IN_2[7] is unconnected. Place and route may remove this unconnected port. (VDB-8003) (C:\Users\Jing-XuanTan(i)\Downloads\evsoc-efinity-v2026.1.132\evsoc-efinity-v2026.1.132\cam_single\Ti60F225_dsi\edge_vision_soc.v:90)
[EFX-0011 VERI-WARNING] Input/inout port i_cam_d1_HS_IN_3[7] is unconnected. Place and route may remove this unconnected port. (VDB-8003) (C:\Users\Jing-XuanTan(i)\Downloads\evsoc-efinity-v2026.1.132\evsoc-efinity-v2026.1.132\cam_single\Ti60F225_dsi\edge_vision_soc.v:91)
[EFX-0011 VERI-WARNING] Input/inout port sw6 is unconnected. Place and route may remove this unconnected port. (VDB-8003) (C:\Users\Jing-XuanTan(i)\Downloads\evsoc-efinity-v2026.1.132\evsoc-efinity-v2026.1.132\cam_single\Ti60F225_dsi\edge_vision_soc.v:181)
[EFX-0011 VERI-WARNING] Input/inout port sw7 is unconnected. Place and route may remove this unconnected port. (VDB-8003) (C:\Users\Jing-XuanTan(i)\Downloads\evsoc-efinity-v2026.1.132\evsoc-efinity-v2026.1.132\cam_single\Ti60F225_dsi\edge_vision_soc.v:182)
[EFX-0011 VERI-WARNING] Net soc_io_w_payload_id[0] is dangling. (VDB-8009) 
[EFX-0011 VERI-WARNING] Net soc_io_arw_payload_region[0] is dangling. (VDB-8009) 
[EFX-0011 VERI-WARNING] Net soc_io_arw_payload_cache[0] is dangling. (VDB-8009) 
[EFX-0011 VERI-WARNING] Net u_risc_v/u_EfxSapphireSoc/io_ddrA_r_rData_id[0] is dangling. (VDB-8009) 
[EFX-0011 VERI-WARNING] Net soc_io_arw_payload_prot[0] is dangling. (VDB-8009) 
[EFX-0011 VERI-WARNING] Net soc_io_arw_payload_lock is dangling. (VDB-8009) 
[EFX-0011 VERI-WARNING] Net soc_io_arw_payload_qos[0] is dangling. (VDB-8009) 
[EFX-0011 VERI-WARNING] Net u_risc_v/u_EfxSapphireSoc/system_cores_0_logic_cpu/IBusCachedPlugin_cache/lineLoader_address[0] is dangling. (VDB-8009) 
[EFX-0011 VERI-WARNING] Net u_risc_v/u_EfxSapphireSoc/system_cores_0_logic_cpu/IBusCachedPlugin_cache/lineLoader_address[1] is dangling. (VDB-8009) 
[EFX-0011 VERI-WARNING] Net u_risc_v/u_EfxSapphireSoc/system_cores_0_logic_cpu/IBusCachedPlugin_cache/lineLoader_address[2] is dangling. (VDB-8009) 
[EFX-0011 VERI-WARNING] Net u_risc_v/u_EfxSapphireSoc/system_cores_0_logic_cpu/IBusCachedPlugin_cache/lineLoader_address[3] is dangling. (VDB-8009) 
[EFX-0011 VERI-WARNING] Net u_risc_v/u_EfxSapphireSoc/system_cores_0_logic_cpu/IBusCachedPlugin_cache/lineLoader_address[4] is dangling. (VDB-8009) 
[EFX-0011 VERI-WARNING] Net u_risc_v/u_EfxSapphireSoc/system_cores_0_logic_cpu/IBusCachedPlugin_cache/lineLoader_address[5] is dangling. (VDB-8009) 
[EFX-0011 VERI-WARNING] Net soc_io_arw_payload_addr[31] is dangling. (VDB-8009) 
[EFX-0011 VERI-WARNING] Net soc_io_w_payload_id[1] is dangling. (VDB-8009) 
[EFX-0011 VERI-WARNING] Net soc_io_w_payload_id[2] is dangling. (VDB-8009) 
[EFX-0011 VERI-WARNING] Net soc_io_w_payload_id[3] is dangling. (VDB-8009) 
[EFX-0011 VERI-WARNING] Net soc_io_w_payload_id[4] is dangling. (VDB-8009) 
[EFX-0011 VERI-WARNING] Net soc_io_w_payload_id[5] is dangling. (VDB-8009) 
[EFX-0011 VERI-WARNING] Net soc_io_w_payload_id[6] is dangling. (VDB-8009) 
[EFX-0011 VERI-WARNING] Net soc_io_w_payload_id[7] is dangling. (VDB-8009) 
[EFX-0011 VERI-WARNING] Net u_risc_v/u_EfxSapphireSoc/io_ddrA_r_rData_id[1] is dangling. (VDB-8009) 
[EFX-0011 VERI-WARNING] Net u_risc_v/u_EfxSapphireSoc/io_ddrA_r_rData_id[2] is dangling. (VDB-8009) 
[EFX-0011 VERI-WARNING] Net u_risc_v/u_EfxSapphireSoc/io_ddrA_r_rData_id[3] is dangling. (VDB-8009) 
[EFX-0011 VERI-WARNING] Net u_risc_v/u_EfxSapphireSoc/io_ddrA_r_rData_id[4] is dangling. (VDB-8009) 
[EFX-0011 VERI-WARNING] Net u_risc_v/u_EfxSapphireSoc/io_ddrA_r_rData_id[5] is dangling. (VDB-8009) 
[EFX-0011 VERI-WARNING] Net u_risc_v/u_EfxSapphireSoc/io_ddrA_r_rData_id[6] is dangling. (VDB-8009) 
[EFX-0011 VERI-WARNING] Net u_risc_v/u_EfxSapphireSoc/io_ddrA_r_rData_id[7] is dangling. (VDB-8009) 
[EFX-0011 VERI-WARNING] Net soc_io_arw_payload_region[1] is dangling. (VDB-8009) 
[EFX-0011 VERI-WARNING] Net soc_io_arw_payload_region[2] is dangling. (VDB-8009) 
[EFX-0011 VERI-WARNING] Net soc_io_arw_payload_region[3] is dangling. (VDB-8009) 
[EFX-0011 VERI-WARNING] Net soc_io_arw_payload_cache[1] is dangling. (VDB-8009) 
[EFX-0011 VERI-WARNING] Net soc_io_arw_payload_cache[2] is dangling. (VDB-8009) 
[EFX-0011 VERI-WARNING] Net soc_io_arw_payload_cache[3] is dangling. (VDB-8009) 
[EFX-0011 VERI-WARNING] Net soc_io_arw_payload_qos[1] is dangling. (VDB-8009) 
[EFX-0011 VERI-WARNING] Net soc_io_arw_payload_qos[2] is dangling. (VDB-8009) 
[EFX-0011 VERI-WARNING] Net soc_io_arw_payload_qos[3] is dangling. (VDB-8009) 
[EFX-0011 VERI-WARNING] Net soc_io_arw_payload_prot[1] is dangling. (VDB-8009) 
[EFX-0011 VERI-WARNING] Net soc_io_arw_payload_prot[2] is dangling. (VDB-8009) 
[EFX-0011 VERI-WARNING] Net dma_arregion[0] is dangling. (VDB-8009) 
[EFX-0011 VERI-WARNING] Net dma_awregion[0] is dangling. (VDB-8009) 
[EFX-0011 VERI-WARNING] Net dma_arregion[1] is dangling. (VDB-8009) 
[EFX-0011 VERI-WARNING] Net dma_arregion[2] is dangling. (VDB-8009) 
[EFX-0011 VERI-WARNING] Net dma_arregion[3] is dangling. (VDB-8009) 
[EFX-0011 VERI-WARNING] Net dma_awregion[1] is dangling. (VDB-8009) 
[EFX-0011 VERI-WARNING] Net dma_awregion[2] is dangling. (VDB-8009) 
[EFX-0011 VERI-WARNING] Net dma_awregion[3] is dangling. (VDB-8009) 
[EFX-0011 VERI-WARNING] Net u_hbram/u_hbram_top/hbc_dq_OE_2[0] is dangling. (VDB-8009) 
[EFX-0011 VERI-WARNING] Net u_hbram/u_hbram_top/hbc_dq_OE_2[1] is dangling. (VDB-8009) 
[EFX-0011 VERI-WARNING] Net u_hbram/u_hbram_top/hbc_dq_OE_2[2] is dangling. (VDB-8009) 
[EFX-0011 VERI-WARNING] Net u_hbram/u_hbram_top/hbc_dq_OE_2[3] is dangling. (VDB-8009) 
[EFX-0011 VERI-WARNING] Net u_hbram/u_hbram_top/hbc_dq_OE_2[4] is dangling. (VDB-8009) 
[EFX-0011 VERI-WARNING] Net u_hbram/u_hbram_top/hbc_dq_OE_2[5] is dangling. (VDB-8009) 
[EFX-0011 VERI-WARNING] Net u_hbram/u_hbram_top/hbc_dq_OE_2[6] is dangling. (VDB-8009) 
[EFX-0011 VERI-WARNING] Net u_hbram/u_hbram_top/hbc_dq_OE_2[7] is dangling. (VDB-8009) 
[EFX-0011 VERI-WARNING] Net u_hbram/u_hbram_top/hbc_dq_OE_2[8] is dangling. (VDB-8009) 
[EFX-0011 VERI-WARNING] Net u_hbram/u_hbram_top/hbc_dq_OE_2[9] is dangling. (VDB-8009) 
[EFX-0011 VERI-WARNING] Net u_hbram/u_hbram_top/hbc_dq_OE_2[10] is dangling. (VDB-8009) 
[EFX-0011 VERI-WARNING] Net u_hbram/u_hbram_top/hbc_dq_OE_2[11] is dangling. (VDB-8009) 
[EFX-0011 VERI-WARNING] Net u_hbram/u_hbram_top/hbc_dq_OE_2[12] is dangling. (VDB-8009) 
[EFX-0011 VERI-WARNING] Net u_hbram/u_hbram_top/hbc_dq_OE_2[13] is dangling. (VDB-8009) 
[EFX-0011 VERI-WARNING] Net u_hbram/u_hbram_top/hbc_dq_OE_2[14] is dangling. (VDB-8009) 
[EFX-0011 VERI-WARNING] Net u_hbram/u_hbram_top/hbc_dq_OE_2[15] is dangling. (VDB-8009) 
[EFX-0011 VERI-WARNING] Net u_risc_v/u_EfxSapphireSoc/system_ddr_ddrLogic_cc_fifo/io_input_cmd_queue/popCC_popPtrPlus[0] is dangling. (VDB-8009) 
[EFX-0011 VERI-WARNING] Net u_risc_v/u_EfxSapphireSoc/system_ddr_ddrLogic_cc_fifo/io_output_rsp_queue/popCC_popPtrPlus[0] is dangling. (VDB-8009) 
[EFX-0011 VERI-WARNING] Net u_dma/u_EfxDMA/outputsAdapter_2_crossclock_fifo/popCC_popPtrPlus[0] is dangling. (VDB-8009) 
[EFX-0011 VERI-WARNING] Net u_dma/u_EfxDMA/inputsAdapter_1_crossclock_fifo/popCC_popPtrPlus[0] is dangling. (VDB-8009) 
[EFX-0011 VERI-WARNING] Net u_dma/u_EfxDMA/outputsAdapter_1_crossclock_fifo/popCC_popPtrPlus[0] is dangling. (VDB-8009) 
[EFX-0011 VERI-WARNING] Net u_dma/u_EfxDMA/inputsAdapter_0_crossclock_fifo/popCC_popPtrPlus[0] is dangling. (VDB-8009) 
[EFX-0011 VERI-WARNING] Found 123 warnings in the post-synthesis netlist. 

///////////////////////////////////
// Efinity Synthesis Started 
// Aug 27, 2026 10:09:35
///////////////////////////////////

[EFX-0011 VERI-WARNING] parameter 'CL_S_COUNT' becomes localparam in 'axi_interconnect' with formal parameter declaration list (VERI-1199) (C:\Users\Jing-XuanTan(i)\Downloads\evsoc-efinity-v2026.1.132\evsoc-efinity-v2026.1.132\cam_single\Ti60F225_dsi\source/axi/axi_interconnect.v:180)
[EFX-0011 VERI-WARNING] parameter 'CL_M_COUNT' becomes localparam in 'axi_interconnect' with formal parameter declaration list (VERI-1199) (C:\Users\Jing-XuanTan(i)\Downloads\evsoc-efinity-v2026.1.132\evsoc-efinity-v2026.1.132\cam_single\Ti60F225_dsi\source/axi/axi_interconnect.v:181)
[EFX-0011 VERI-WARNING] parameter 'AUSER_WIDTH' becomes localparam in 'axi_interconnect' with formal parameter declaration list (VERI-1199) (C:\Users\Jing-XuanTan(i)\Downloads\evsoc-efinity-v2026.1.132\evsoc-efinity-v2026.1.132\cam_single\Ti60F225_dsi\source/axi/axi_interconnect.v:183)
[EFX-0011 VERI-WARNING] parameter 'M_BASE_ADDR_INT' becomes localparam in 'axi_interconnect' with formal parameter declaration list (VERI-1199) (C:\Users\Jing-XuanTan(i)\Downloads\evsoc-efinity-v2026.1.132\evsoc-efinity-v2026.1.132\cam_single\Ti60F225_dsi\source/axi/axi_interconnect.v:202)
[EFX-0011 VERI-WARNING] parameter 'W1' becomes localparam in 'priority_encoder' with formal parameter declaration list (VERI-1199) (C:\Users\Jing-XuanTan(i)\Downloads\evsoc-efinity-v2026.1.132\evsoc-efinity-v2026.1.132\cam_single\Ti60F225_dsi\source/axi/priority_encoder.v:39)
[EFX-0011 VERI-WARNING] parameter 'W2' becomes localparam in 'priority_encoder' with formal parameter declaration list (VERI-1199) (C:\Users\Jing-XuanTan(i)\Downloads\evsoc-efinity-v2026.1.132\evsoc-efinity-v2026.1.132\cam_single\Ti60F225_dsi\source/axi/priority_encoder.v:40)
[EFX-0011 VERI-WARNING] parameter 'X_OUT_RATIO' becomes localparam in 'cam_scaling' with formal parameter declaration list (VERI-1199) (C:\Users\Jing-XuanTan(i)\Downloads\evsoc-efinity-v2026.1.132\evsoc-efinity-v2026.1.132\cam_single\Ti60F225_dsi\source/cam/cam_scaling.v:31)
[EFX-0011 VERI-WARNING] parameter 'X_IN_RATIO' becomes localparam in 'cam_scaling' with formal parameter declaration list (VERI-1199) (C:\Users\Jing-XuanTan(i)\Downloads\evsoc-efinity-v2026.1.132\evsoc-efinity-v2026.1.132\cam_single\Ti60F225_dsi\source/cam/cam_scaling.v:32)
[EFX-0011 VERI-WARNING] parameter 'Y_OUT_RATIO' becomes localparam in 'cam_scaling' with formal parameter declaration list (VERI-1199) (C:\Users\Jing-XuanTan(i)\Downloads\evsoc-efinity-v2026.1.132\evsoc-efinity-v2026.1.132\cam_single\Ti60F225_dsi\source/cam/cam_scaling.v:33)
[EFX-0011 VERI-WARNING] parameter 'Y_IN_RATIO' becomes localparam in 'cam_scaling' with formal parameter declaration list (VERI-1199) (C:\Users\Jing-XuanTan(i)\Downloads\evsoc-efinity-v2026.1.132\evsoc-efinity-v2026.1.132\cam_single\Ti60F225_dsi\source/cam/cam_scaling.v:34)
[EFX-0011 VERI-WARNING] illegal integral type argument in math function 'floor()'; expected real type (VERI-2792) (C:\Users\Jing-XuanTan(i)\Downloads\evsoc-efinity-v2026.1.132\evsoc-efinity-v2026.1.132\cam_single\Ti60F225_dsi\source/isp/axi_lite_register.sv:10)
[EFX-0011 VERI-WARNING] illegal integral type argument in math function 'floor()'; expected real type (VERI-2792) (C:\Users\Jing-XuanTan(i)\Downloads\evsoc-efinity-v2026.1.132\evsoc-efinity-v2026.1.132\cam_single\Ti60F225_dsi\source/isp/bitlog.sv:12)
[EFX-0011 VERI-WARNING] illegal integral type argument in math function 'floor()'; expected real type (VERI-2792) (C:\Users\Jing-XuanTan(i)\Downloads\evsoc-efinity-v2026.1.132\evsoc-efinity-v2026.1.132\cam_single\Ti60F225_dsi\source/isp/bitsqrt.sv:12)
[EFX-0011 VERI-WARNING] illegal integral type argument in math function 'floor()'; expected real type (VERI-2792) (C:\Users\Jing-XuanTan(i)\Downloads\evsoc-efinity-v2026.1.132\evsoc-efinity-v2026.1.132\cam_single\Ti60F225_dsi\source/isp/blc.sv:12)
[EFX-0011 VERI-WARNING] parameter 'INT_DATA_WIDTH' becomes localparam in 'blc' with formal parameter declaration list (VERI-1199) (C:\Users\Jing-XuanTan(i)\Downloads\evsoc-efinity-v2026.1.132\evsoc-efinity-v2026.1.132\cam_single\Ti60F225_dsi\source/isp/blc.sv:34)
[EFX-0011 VERI-WARNING] illegal integral type argument in math function 'floor()'; expected real type (VERI-2792) (C:\Users\Jing-XuanTan(i)\Downloads\evsoc-efinity-v2026.1.132\evsoc-efinity-v2026.1.132\cam_single\Ti60F225_dsi\source/isp/ccm.sv:12)
[EFX-0011 VERI-WARNING] illegal integral type argument in math function 'floor()'; expected real type (VERI-2792) (C:\Users\Jing-XuanTan(i)\Downloads\evsoc-efinity-v2026.1.132\evsoc-efinity-v2026.1.132\cam_single\Ti60F225_dsi\source/isp/ccm.sv:13)
[EFX-0011 VERI-WARNING] illegal integral type argument in math function 'floor()'; expected real type (VERI-2792) (C:\Users\Jing-XuanTan(i)\Downloads\evsoc-efinity-v2026.1.132\evsoc-efinity-v2026.1.132\cam_single\Ti60F225_dsi\source/isp/colorgain.sv:14)
[EFX-0011 VERI-WARNING] illegal integral type argument in math function 'floor()'; expected real type (VERI-2792) (C:\Users\Jing-XuanTan(i)\Downloads\evsoc-efinity-v2026.1.132\evsoc-efinity-v2026.1.132\cam_single\Ti60F225_dsi\source/isp/decompanding.sv:13)
[EFX-0011 VERI-WARNING] illegal integral type argument in math function 'floor()'; expected real type (VERI-2792) (C:\Users\Jing-XuanTan(i)\Downloads\evsoc-efinity-v2026.1.132\evsoc-efinity-v2026.1.132\cam_single\Ti60F225_dsi\source/isp/decompanding.sv:14)
[EFX-0011 VERI-WARNING] illegal integral type argument in math function 'floor()'; expected real type (VERI-2792) (C:\Users\Jing-XuanTan(i)\Downloads\evsoc-efinity-v2026.1.132\evsoc-efinity-v2026.1.132\cam_single\Ti60F225_dsi\source/isp/demosaic.sv:16)
[EFX-0011 VERI-WARNING] illegal integral type argument in math function 'floor()'; expected real type (VERI-2792) (C:\Users\Jing-XuanTan(i)\Downloads\evsoc-efinity-v2026.1.132\evsoc-efinity-v2026.1.132\cam_single\Ti60F225_dsi\source/isp/demosaic.sv:17)
[EFX-0011 VERI-WARNING] illegal integral type argument in math function 'floor()'; expected real type (VERI-2792) (C:\Users\Jing-XuanTan(i)\Downloads\evsoc-efinity-v2026.1.132\evsoc-efinity-v2026.1.132\cam_single\Ti60F225_dsi\source/isp/demosaic.sv:57)
[EFX-0011 VERI-WARNING] illegal integral type argument in math function 'floor()'; expected real type (VERI-2792) (C:\Users\Jing-XuanTan(i)\Downloads\evsoc-efinity-v2026.1.132\evsoc-efinity-v2026.1.132\cam_single\Ti60F225_dsi\source/isp/gamma.sv:14)
[EFX-0011 VERI-WARNING] illegal integral type argument in math function 'floor()'; expected real type (VERI-2792) (C:\Users\Jing-XuanTan(i)\Downloads\evsoc-efinity-v2026.1.132\evsoc-efinity-v2026.1.132\cam_single\Ti60F225_dsi\source/isp/gamma.sv:15)
[EFX-0011 VERI-WARNING] illegal integral type argument in math function 'floor()'; expected real type (VERI-2792) (C:\Users\Jing-XuanTan(i)\Downloads\evsoc-efinity-v2026.1.132\evsoc-efinity-v2026.1.132\cam_single\Ti60F225_dsi\source/isp/gamma.sv:36)
[EFX-0011 VERI-WARNING] illegal integral type argument in math function 'floor()'; expected real type (VERI-2792) (C:\Users\Jing-XuanTan(i)\Downloads\evsoc-efinity-v2026.1.132\evsoc-efinity-v2026.1.132\cam_single\Ti60F225_dsi\source/isp/gamma.sv:37)
[EFX-0011 VERI-WARNING] illegal integral type argument in math function 'floor()'; expected real type (VERI-2792) (C:\Users\Jing-XuanTan(i)\Downloads\evsoc-efinity-v2026.1.132\evsoc-efinity-v2026.1.132\cam_single\Ti60F225_dsi\source/isp/histogram_minmax.sv:14)
[EFX-0011 VERI-WARNING] illegal integral type argument in math function 'floor()'; expected real type (VERI-2792) (C:\Users\Jing-XuanTan(i)\Downloads\evsoc-efinity-v2026.1.132\evsoc-efinity-v2026.1.132\cam_single\Ti60F225_dsi\source/isp/histogram_minmax2.sv:14)
[EFX-0011 VERI-WARNING] illegal integral type argument in math function 'floor()'; expected real type (VERI-2792) (C:\Users\Jing-XuanTan(i)\Downloads\evsoc-efinity-v2026.1.132\evsoc-efinity-v2026.1.132\cam_single\Ti60F225_dsi\source/isp/histogram_minmax3.sv:13)
[EFX-0011 VERI-WARNING] illegal integral type argument in math function 'floor()'; expected real type (VERI-2792) (C:\Users\Jing-XuanTan(i)\Downloads\evsoc-efinity-v2026.1.132\evsoc-efinity-v2026.1.132\cam_single\Ti60F225_dsi\source/isp/histogram_scale.sv:13)
[EFX-0011 VERI-WARNING] illegal integral type argument in math function 'floor()'; expected real type (VERI-2792) (C:\Users\Jing-XuanTan(i)\Downloads\evsoc-efinity-v2026.1.132\evsoc-efinity-v2026.1.132\cam_single\Ti60F225_dsi\source/isp/histogram_scale.sv:14)
[EFX-0011 VERI-WARNING] illegal integral type argument in math function 'floor()'; expected real type (VERI-2792) (C:\Users\Jing-XuanTan(i)\Downloads\evsoc-efinity-v2026.1.132\evsoc-efinity-v2026.1.132\cam_single\Ti60F225_dsi\source/isp/histogram_stretch.sv:13)
[EFX-0011 VERI-WARNING] illegal integral type argument in math function 'floor()'; expected real type (VERI-2792) (C:\Users\Jing-XuanTan(i)\Downloads\evsoc-efinity-v2026.1.132\evsoc-efinity-v2026.1.132\cam_single\Ti60F225_dsi\source/isp/histogram_stretch.sv:14)
[EFX-0011 VERI-WARNING] illegal integral type argument in math function 'floor()'; expected real type (VERI-2792) (C:\Users\Jing-XuanTan(i)\Downloads\evsoc-efinity-v2026.1.132\evsoc-efinity-v2026.1.132\cam_single\Ti60F225_dsi\source/isp/isp.sv:20)
[EFX-0011 VERI-WARNING] illegal integral type argument in math function 'floor()'; expected real type (VERI-2792) (C:\Users\Jing-XuanTan(i)\Downloads\evsoc-efinity-v2026.1.132\evsoc-efinity-v2026.1.132\cam_single\Ti60F225_dsi\source/isp/isp.sv:23)
[EFX-0011 VERI-WARNING] illegal integral type argument in math function 'floor()'; expected real type (VERI-2792) (C:\Users\Jing-XuanTan(i)\Downloads\evsoc-efinity-v2026.1.132\evsoc-efinity-v2026.1.132\cam_single\Ti60F225_dsi\source/isp/isp.sv:24)
[EFX-0011 VERI-WARNING] illegal integral type argument in math function 'floor()'; expected real type (VERI-2792) (C:\Users\Jing-XuanTan(i)\Downloads\evsoc-efinity-v2026.1.132\evsoc-efinity-v2026.1.132\cam_single\Ti60F225_dsi\source/isp/isp.sv:135)
[EFX-0011 VERI-WARNING] illegal integral type argument in math function 'floor()'; expected real type (VERI-2792) (C:\Users\Jing-XuanTan(i)\Downloads\evsoc-efinity-v2026.1.132\evsoc-efinity-v2026.1.132\cam_single\Ti60F225_dsi\source/isp/isp.sv:167)
[EFX-0011 VERI-WARNING] illegal integral type argument in math function 'floor()'; expected real type (VERI-2792) (C:\Users\Jing-XuanTan(i)\Downloads\evsoc-efinity-v2026.1.132\evsoc-efinity-v2026.1.132\cam_single\Ti60F225_dsi\source/isp/isp.sv:230)
[EFX-0011 VERI-WARNING] illegal integral type argument in math function 'floor()'; expected real type (VERI-2792) (C:\Users\Jing-XuanTan(i)\Downloads\evsoc-efinity-v2026.1.132\evsoc-efinity-v2026.1.132\cam_single\Ti60F225_dsi\source/isp/isp.sv:262)
[EFX-0011 VERI-WARNING] illegal integral type argument in math function 'floor()'; expected real type (VERI-2792) (C:\Users\Jing-XuanTan(i)\Downloads\evsoc-efinity-v2026.1.132\evsoc-efinity-v2026.1.132\cam_single\Ti60F225_dsi\source/isp/isp.sv:263)
[EFX-0011 VERI-WARNING] illegal integral type argument in math function 'floor()'; expected real type (VERI-2792) (C:\Users\Jing-XuanTan(i)\Downloads\evsoc-efinity-v2026.1.132\evsoc-efinity-v2026.1.132\cam_single\Ti60F225_dsi\source/isp/isp.sv:332)
[EFX-0011 VERI-WARNING] illegal integral type argument in math function 'floor()'; expected real type (VERI-2792) (C:\Users\Jing-XuanTan(i)\Downloads\evsoc-efinity-v2026.1.132\evsoc-efinity-v2026.1.132\cam_single\Ti60F225_dsi\source/isp/isp.sv:333)
[EFX-0011 VERI-WARNING] illegal integral type argument in math function 'floor()'; expected real type (VERI-2792) (C:\Users\Jing-XuanTan(i)\Downloads\evsoc-efinity-v2026.1.132\evsoc-efinity-v2026.1.132\cam_single\Ti60F225_dsi\source/isp/linebuffer.sv:16)
[EFX-0011 VERI-WARNING] illegal integral type argument in math function 'floor()'; expected real type (VERI-2792) (C:\Users\Jing-XuanTan(i)\Downloads\evsoc-efinity-v2026.1.132\evsoc-efinity-v2026.1.132\cam_single\Ti60F225_dsi\source/isp/lut.sv:13)
[EFX-0011 VERI-WARNING] illegal integral type argument in math function 'floor()'; expected real type (VERI-2792) (C:\Users\Jing-XuanTan(i)\Downloads\evsoc-efinity-v2026.1.132\evsoc-efinity-v2026.1.132\cam_single\Ti60F225_dsi\source/isp/lut.sv:14)
[EFX-0011 VERI-WARNING] illegal integral type argument in math function 'floor()'; expected real type (VERI-2792) (C:\Users\Jing-XuanTan(i)\Downloads\evsoc-efinity-v2026.1.132\evsoc-efinity-v2026.1.132\cam_single\Ti60F225_dsi\source/isp/minmaxmean.sv:14)
[EFX-0011 VERI-WARNING] illegal integral type argument in math function 'floor()'; expected real type (VERI-2792) (C:\Users\Jing-XuanTan(i)\Downloads\evsoc-efinity-v2026.1.132\evsoc-efinity-v2026.1.132\cam_single\Ti60F225_dsi\source/isp/pwl.sv:13)
[EFX-0011 VERI-WARNING] illegal integral type argument in math function 'floor()'; expected real type (VERI-2792) (C:\Users\Jing-XuanTan(i)\Downloads\evsoc-efinity-v2026.1.132\evsoc-efinity-v2026.1.132\cam_single\Ti60F225_dsi\source/isp/rgb_to_xyz.sv:12)
[EFX-0011 VERI-WARNING] illegal integral type argument in math function 'floor()'; expected real type (VERI-2792) (C:\Users\Jing-XuanTan(i)\Downloads\evsoc-efinity-v2026.1.132\evsoc-efinity-v2026.1.132\cam_single\Ti60F225_dsi\source/isp/xyz_to_rgb.sv:12)
[EFX-0011 VERI-WARNING] parameter '**' becomes localparam in '**' with formal parameter declaration list (VERI-1199) (C:\Users\Jing-XuanTan(i)\Downloads\evsoc-efinity-v2026.1.132\evsoc-efinity-v2026.1.132\cam_single\Ti60F225_dsi\ip\hbram\hbram.sv:4976)
[EFX-0011 VERI-WARNING] parameter '**' becomes localparam in '**' with formal parameter declaration list (VERI-1199) (C:\Users\Jing-XuanTan(i)\Downloads\evsoc-efinity-v2026.1.132\evsoc-efinity-v2026.1.132\cam_single\Ti60F225_dsi\ip\hbram\hbram.sv:5309)
[EFX-0011 VERI-WARNING] port 'system_spi_0_io_data_2_read' is not connected on this instance (VERI-2435) (C:\Users\Jing-XuanTan(i)\Downloads\evsoc-efinity-v2026.1.132\evsoc-efinity-v2026.1.132\cam_single\Ti60F225_dsi\edge_vision_soc.v:1269)
[EFX-0011 VERI-WARNING] port 'system_spi_0_io_data_2_write' remains unconnected for this instance (VERI-1927) (C:\Users\Jing-XuanTan(i)\Downloads\evsoc-efinity-v2026.1.132\evsoc-efinity-v2026.1.132\cam_single\Ti60F225_dsi\edge_vision_soc.v:1269)
[EFX-0011 VERI-WARNING] port 'dat1_o_tvalid' remains unconnected for this instance (VERI-1927) (C:\Users\Jing-XuanTan(i)\Downloads\evsoc-efinity-v2026.1.132\evsoc-efinity-v2026.1.132\cam_single\Ti60F225_dsi\edge_vision_soc.v:1416)
[EFX-0011 VERI-WARNING] port 'dat1_o_tready' is not connected on this instance (VERI-2435) (C:\Users\Jing-XuanTan(i)\Downloads\evsoc-efinity-v2026.1.132\evsoc-efinity-v2026.1.132\cam_single\Ti60F225_dsi\edge_vision_soc.v:1416)
[EFX-0011 VERI-WARNING] port 's_axi_awuser' remains unconnected for this instance (VERI-1927) (C:\Users\Jing-XuanTan(i)\Downloads\evsoc-efinity-v2026.1.132\evsoc-efinity-v2026.1.132\cam_single\Ti60F225_dsi\edge_vision_soc.v:1545)
[EFX-0011 VERI-WARNING] expression size 32 truncated to fit in target size 8 (VERI-1209) (C:\Users\Jing-XuanTan(i)\Downloads\evsoc-efinity-v2026.1.132\evsoc-efinity-v2026.1.132\cam_single\Ti60F225_dsi\edge_vision_soc.v:691)
[EFX-0011 VERI-WARNING] expression size 32 truncated to fit in target size 8 (VERI-1209) (C:\Users\Jing-XuanTan(i)\Downloads\evsoc-efinity-v2026.1.132\evsoc-efinity-v2026.1.132\cam_single\Ti60F225_dsi\edge_vision_soc.v:692)
[EFX-0011 VERI-WARNING] expression size ** truncated to fit in target size ** (VERI-1209) (C:\Users\Jing-XuanTan(i)\Downloads\evsoc-efinity-v2026.1.132\evsoc-efinity-v2026.1.132\cam_single\Ti60F225_dsi\ip\csi2_rx_cam\csi2_rx_cam.sv:7306)
[EFX-0011 VERI-WARNING] expression size ** truncated to fit in target size ** (VERI-1209) (C:\Users\Jing-XuanTan(i)\Downloads\evsoc-efinity-v2026.1.132\evsoc-efinity-v2026.1.132\cam_single\Ti60F225_dsi\ip\csi2_rx_cam\csi2_rx_cam.sv:4119)
[EFX-0011 VERI-WARNING] assignment and/or driver for '**' inside static function '**' is not preserved (VERI-2457) (C:\Users\Jing-XuanTan(i)\Downloads\evsoc-efinity-v2026.1.132\evsoc-efinity-v2026.1.132\cam_single\Ti60F225_dsi\ip\csi2_rx_cam\csi2_rx_cam.sv:1466)
[EFX-0011 VERI-WARNING] port '**' remains unconnected for this instance (VERI-1927) (C:\Users\Jing-XuanTan(i)\Downloads\evsoc-efinity-v2026.1.132\evsoc-efinity-v2026.1.132\cam_single\Ti60F225_dsi\ip\csi2_rx_cam\csi2_rx_cam.sv:1264)
[EFX-0011 VERI-WARNING] expression size ** truncated to fit in target size ** (VERI-1209) (C:\Users\Jing-XuanTan(i)\Downloads\evsoc-efinity-v2026.1.132\evsoc-efinity-v2026.1.132\cam_single\Ti60F225_dsi\ip\csi2_rx_cam\csi2_rx_cam.sv:1264)
[EFX-0011 VERI-WARNING] expression size ** truncated to fit in target size ** (VERI-1209) (C:\Users\Jing-XuanTan(i)\Downloads\evsoc-efinity-v2026.1.132\evsoc-efinity-v2026.1.132\cam_single\Ti60F225_dsi\ip\csi2_rx_cam\csi2_rx_cam.sv:2711)
[EFX-0011 VERI-WARNING] expression size ** truncated to fit in target size ** (VERI-1209) (C:\Users\Jing-XuanTan(i)\Downloads\evsoc-efinity-v2026.1.132\evsoc-efinity-v2026.1.132\cam_single\Ti60F225_dsi\ip\csi2_rx_cam\csi2_rx_cam.sv:2869)
[EFX-0011 VERI-WARNING] expression size ** truncated to fit in target size ** (VERI-1209) (C:\Users\Jing-XuanTan(i)\Downloads\evsoc-efinity-v2026.1.132\evsoc-efinity-v2026.1.132\cam_single\Ti60F225_dsi\ip\csi2_rx_cam\csi2_rx_cam.sv:1264)
[EFX-0011 VERI-WARNING] port 'rst_busy' remains unconnected for this instance (VERI-1927) (C:\Users\Jing-XuanTan(i)\Downloads\evsoc-efinity-v2026.1.132\evsoc-efinity-v2026.1.132\cam_single\Ti60F225_dsi\source\isp\cam_picam_v2.v:238)
[EFX-0011 VERI-WARNING] port 'rst_busy' remains unconnected for this instance (VERI-1927) (C:\Users\Jing-XuanTan(i)\Downloads\evsoc-efinity-v2026.1.132\evsoc-efinity-v2026.1.132\cam_single\Ti60F225_dsi\source\isp\cam_picam_v2.v:588)
[EFX-0011 VERI-WARNING] port 'a_wr_rst_i' remains unconnected for this instance (VERI-1927) (C:\Users\Jing-XuanTan(i)\Downloads\evsoc-efinity-v2026.1.132\evsoc-efinity-v2026.1.132\cam_single\Ti60F225_dsi\ip\cam_pixel_remap_fifo\cam_pixel_remap_fifo.sv:110)
[EFX-0011 VERI-WARNING] input port 'a_wr_rst_i' is not connected on this instance (VDB-1013) (C:\Users\Jing-XuanTan(i)\Downloads\evsoc-efinity-v2026.1.132\evsoc-efinity-v2026.1.132\cam_single\Ti60F225_dsi\ip\cam_pixel_remap_fifo\cam_pixel_remap_fifo.sv:92)
[EFX-0011 VERI-WARNING] illegal integral type argument in math function 'floor()'; expected real type (VERI-2792) (C:\Users\Jing-XuanTan(i)\Downloads\evsoc-efinity-v2026.1.132\evsoc-efinity-v2026.1.132\cam_single\Ti60F225_dsi\source/isp/isp.sv:20)
[EFX-0011 VERI-WARNING] illegal integral type argument in math function 'floor()'; expected real type (VERI-2792) (C:\Users\Jing-XuanTan(i)\Downloads\evsoc-efinity-v2026.1.132\evsoc-efinity-v2026.1.132\cam_single\Ti60F225_dsi\source/isp/isp.sv:23)
[EFX-0011 VERI-WARNING] illegal integral type argument in math function 'floor()'; expected real type (VERI-2792) (C:\Users\Jing-XuanTan(i)\Downloads\evsoc-efinity-v2026.1.132\evsoc-efinity-v2026.1.132\cam_single\Ti60F225_dsi\source/isp/isp.sv:24)
[EFX-0011 VERI-WARNING] illegal integral type argument in math function 'floor()'; expected real type (VERI-2792) (C:\Users\Jing-XuanTan(i)\Downloads\evsoc-efinity-v2026.1.132\evsoc-efinity-v2026.1.132\cam_single\Ti60F225_dsi\source/isp/isp.sv:135)
[EFX-0011 VERI-WARNING] illegal integral type argument in math function 'floor()'; expected real type (VERI-2792) (C:\Users\Jing-XuanTan(i)\Downloads\evsoc-efinity-v2026.1.132\evsoc-efinity-v2026.1.132\cam_single\Ti60F225_dsi\source/isp/isp.sv:167)
[EFX-0011 VERI-WARNING] illegal integral type argument in math function 'floor()'; expected real type (VERI-2792) (C:\Users\Jing-XuanTan(i)\Downloads\evsoc-efinity-v2026.1.132\evsoc-efinity-v2026.1.132\cam_single\Ti60F225_dsi\source/isp/isp.sv:230)
[EFX-0011 VERI-WARNING] illegal integral type argument in math function 'floor()'; expected real type (VERI-2792) (C:\Users\Jing-XuanTan(i)\Downloads\evsoc-efinity-v2026.1.132\evsoc-efinity-v2026.1.132\cam_single\Ti60F225_dsi\source/isp/isp.sv:262)
[EFX-0011 VERI-WARNING] illegal integral type argument in math function 'floor()'; expected real type (VERI-2792) (C:\Users\Jing-XuanTan(i)\Downloads\evsoc-efinity-v2026.1.132\evsoc-efinity-v2026.1.132\cam_single\Ti60F225_dsi\source/isp/isp.sv:263)
[EFX-0011 VERI-WARNING] illegal integral type argument in math function 'floor()'; expected real type (VERI-2792) (C:\Users\Jing-XuanTan(i)\Downloads\evsoc-efinity-v2026.1.132\evsoc-efinity-v2026.1.132\cam_single\Ti60F225_dsi\source/isp/isp.sv:332)
[EFX-0011 VERI-WARNING] illegal integral type argument in math function 'floor()'; expected real type (VERI-2792) (C:\Users\Jing-XuanTan(i)\Downloads\evsoc-efinity-v2026.1.132\evsoc-efinity-v2026.1.132\cam_single\Ti60F225_dsi\source/isp/isp.sv:333)
[EFX-0011 VERI-WARNING] illegal integral type argument in math function 'floor()'; expected real type (VERI-2792) (C:\Users\Jing-XuanTan(i)\Downloads\evsoc-efinity-v2026.1.132\evsoc-efinity-v2026.1.132\cam_single\Ti60F225_dsi\source/isp/isp.sv:135)
[EFX-0011 VERI-WARNING] illegal integral type argument in math function 'floor()'; expected real type (VERI-2792) (C:\Users\Jing-XuanTan(i)\Downloads\evsoc-efinity-v2026.1.132\evsoc-efinity-v2026.1.132\cam_single\Ti60F225_dsi\source/isp/isp.sv:167)
[EFX-0011 VERI-WARNING] illegal integral type argument in math function 'floor()'; expected real type (VERI-2792) (C:\Users\Jing-XuanTan(i)\Downloads\evsoc-efinity-v2026.1.132\evsoc-efinity-v2026.1.132\cam_single\Ti60F225_dsi\source/isp/isp.sv:230)
[EFX-0011 VERI-WARNING] illegal integral type argument in math function 'floor()'; expected real type (VERI-2792) (C:\Users\Jing-XuanTan(i)\Downloads\evsoc-efinity-v2026.1.132\evsoc-efinity-v2026.1.132\cam_single\Ti60F225_dsi\source/isp/isp.sv:262)
[EFX-0011 VERI-WARNING] illegal integral type argument in math function 'floor()'; expected real type (VERI-2792) (C:\Users\Jing-XuanTan(i)\Downloads\evsoc-efinity-v2026.1.132\evsoc-efinity-v2026.1.132\cam_single\Ti60F225_dsi\source/isp/isp.sv:263)
[EFX-0011 VERI-WARNING] illegal integral type argument in math function 'floor()'; expected real type (VERI-2792) (C:\Users\Jing-XuanTan(i)\Downloads\evsoc-efinity-v2026.1.132\evsoc-efinity-v2026.1.132\cam_single\Ti60F225_dsi\source/isp/isp.sv:332)
[EFX-0011 VERI-WARNING] illegal integral type argument in math function 'floor()'; expected real type (VERI-2792) (C:\Users\Jing-XuanTan(i)\Downloads\evsoc-efinity-v2026.1.132\evsoc-efinity-v2026.1.132\cam_single\Ti60F225_dsi\source/isp/isp.sv:333)
[EFX-0011 VERI-WARNING] illegal integral type argument in math function 'floor()'; expected real type (VERI-2792) (C:\Users\Jing-XuanTan(i)\Downloads\evsoc-efinity-v2026.1.132\evsoc-efinity-v2026.1.132\cam_single\Ti60F225_dsi\source/isp/axi_lite_register.sv:10)
[EFX-0011 VERI-WARNING] illegal integral type argument in math function 'floor()'; expected real type (VERI-2792) (C:\Users\Jing-XuanTan(i)\Downloads\evsoc-efinity-v2026.1.132\evsoc-efinity-v2026.1.132\cam_single\Ti60F225_dsi\source/isp/blc.sv:12)
[EFX-0011 VERI-WARNING] illegal integral type argument in math function 'floor()'; expected real type (VERI-2792) (C:\Users\Jing-XuanTan(i)\Downloads\evsoc-efinity-v2026.1.132\evsoc-efinity-v2026.1.132\cam_single\Ti60F225_dsi\source/isp/blc.sv:12)
[EFX-0011 VERI-WARNING] net 'int_black_level[16]' does not have a driver (VDB-1002) (C:\Users\Jing-XuanTan(i)\Downloads\evsoc-efinity-v2026.1.132\evsoc-efinity-v2026.1.132\cam_single\Ti60F225_dsi\source/isp/blc.sv:42)
[EFX-0011 VERI-WARNING] net 'pipe_0_pixel_0_wire[16]' does not have a driver (VDB-1002) (C:\Users\Jing-XuanTan(i)\Downloads\evsoc-efinity-v2026.1.132\evsoc-efinity-v2026.1.132\cam_single\Ti60F225_dsi\source/isp/blc.sv:44)
[EFX-0011 VERI-WARNING] net 'pipe_0_pixel_1_wire[16]' does not have a driver (VDB-1002) (C:\Users\Jing-XuanTan(i)\Downloads\evsoc-efinity-v2026.1.132\evsoc-efinity-v2026.1.132\cam_single\Ti60F225_dsi\source/isp/blc.sv:45)
[EFX-0011 VERI-WARNING] net 'pipe_0_pixel_2_wire[16]' does not have a driver (VDB-1002) (C:\Users\Jing-XuanTan(i)\Downloads\evsoc-efinity-v2026.1.132\evsoc-efinity-v2026.1.132\cam_single\Ti60F225_dsi\source/isp/blc.sv:46)
[EFX-0011 VERI-WARNING] net 'pipe_0_pixel_3_wire[16]' does not have a driver (VDB-1002) (C:\Users\Jing-XuanTan(i)\Downloads\evsoc-efinity-v2026.1.132\evsoc-efinity-v2026.1.132\cam_single\Ti60F225_dsi\source/isp/blc.sv:47)
[EFX-0011 VERI-WARNING] illegal integral type argument in math function 'floor()'; expected real type (VERI-2792) (C:\Users\Jing-XuanTan(i)\Downloads\evsoc-efinity-v2026.1.132\evsoc-efinity-v2026.1.132\cam_single\Ti60F225_dsi\source/isp/colorgain.sv:14)
[EFX-0011 VERI-WARNING] illegal integral type argument in math function 'floor()'; expected real type (VERI-2792) (C:\Users\Jing-XuanTan(i)\Downloads\evsoc-efinity-v2026.1.132\evsoc-efinity-v2026.1.132\cam_single\Ti60F225_dsi\source/isp/colorgain.sv:14)
[EFX-0011 VERI-WARNING] expression size 2 truncated to fit in target size 1 (VERI-1209) (C:\Users\Jing-XuanTan(i)\Downloads\evsoc-efinity-v2026.1.132\evsoc-efinity-v2026.1.132\cam_single\Ti60F225_dsi\source/isp/colorgain.sv:94)
[EFX-0011 VERI-WARNING] illegal integral type argument in math function 'floor()'; expected real type (VERI-2792) (C:\Users\Jing-XuanTan(i)\Downloads\evsoc-efinity-v2026.1.132\evsoc-efinity-v2026.1.132\cam_single\Ti60F225_dsi\source/isp/demosaic.sv:16)
[EFX-0011 VERI-WARNING] illegal integral type argument in math function 'floor()'; expected real type (VERI-2792) (C:\Users\Jing-XuanTan(i)\Downloads\evsoc-efinity-v2026.1.132\evsoc-efinity-v2026.1.132\cam_single\Ti60F225_dsi\source/isp/demosaic.sv:17)
[EFX-0011 VERI-WARNING] illegal integral type argument in math function 'floor()'; expected real type (VERI-2792) (C:\Users\Jing-XuanTan(i)\Downloads\evsoc-efinity-v2026.1.132\evsoc-efinity-v2026.1.132\cam_single\Ti60F225_dsi\source/isp/demosaic.sv:57)
[EFX-0011 VERI-WARNING] illegal integral type argument in math function 'floor()'; expected real type (VERI-2792) (C:\Users\Jing-XuanTan(i)\Downloads\evsoc-efinity-v2026.1.132\evsoc-efinity-v2026.1.132\cam_single\Ti60F225_dsi\source/isp/demosaic.sv:16)
[EFX-0011 VERI-WARNING] illegal integral type argument in math function 'floor()'; expected real type (VERI-2792) (C:\Users\Jing-XuanTan(i)\Downloads\evsoc-efinity-v2026.1.132\evsoc-efinity-v2026.1.132\cam_single\Ti60F225_dsi\source/isp/demosaic.sv:17)
[EFX-0011 VERI-WARNING] illegal integral type argument in math function 'floor()'; expected real type (VERI-2792) (C:\Users\Jing-XuanTan(i)\Downloads\evsoc-efinity-v2026.1.132\evsoc-efinity-v2026.1.132\cam_single\Ti60F225_dsi\source/isp/demosaic.sv:57)
[EFX-0011 VERI-WARNING] illegal integral type argument in math function 'floor()'; expected real type (VERI-2792) (C:\Users\Jing-XuanTan(i)\Downloads\evsoc-efinity-v2026.1.132\evsoc-efinity-v2026.1.132\cam_single\Ti60F225_dsi\source/isp/linebuffer.sv:16)
[EFX-0011 VERI-WARNING] illegal integral type argument in math function 'floor()'; expected real type (VERI-2792) (C:\Users\Jing-XuanTan(i)\Downloads\evsoc-efinity-v2026.1.132\evsoc-efinity-v2026.1.132\cam_single\Ti60F225_dsi\source/isp/linebuffer.sv:16)
[EFX-0011 VERI-WARNING] illegal integral type argument in math function 'floor()'; expected real type (VERI-2792) (C:\Users\Jing-XuanTan(i)\Downloads\evsoc-efinity-v2026.1.132\evsoc-efinity-v2026.1.132\cam_single\Ti60F225_dsi\source/isp/linebuffer.sv:16)
[EFX-0011 VERI-WARNING] illegal integral type argument in math function 'floor()'; expected real type (VERI-2792) (C:\Users\Jing-XuanTan(i)\Downloads\evsoc-efinity-v2026.1.132\evsoc-efinity-v2026.1.132\cam_single\Ti60F225_dsi\source/isp/linebuffer.sv:16)
[EFX-0011 VERI-WARNING] illegal integral type argument in math function 'floor()'; expected real type (VERI-2792) (C:\Users\Jing-XuanTan(i)\Downloads\evsoc-efinity-v2026.1.132\evsoc-efinity-v2026.1.132\cam_single\Ti60F225_dsi\source/isp/linebuffer.sv:16)
[EFX-0011 VERI-WARNING] illegal integral type argument in math function 'floor()'; expected real type (VERI-2792) (C:\Users\Jing-XuanTan(i)\Downloads\evsoc-efinity-v2026.1.132\evsoc-efinity-v2026.1.132\cam_single\Ti60F225_dsi\source/isp/linebuffer.sv:16)
[EFX-0011 VERI-WARNING] expression size 11 truncated to fit in target size 10 (VERI-1209) (C:\Users\Jing-XuanTan(i)\Downloads\evsoc-efinity-v2026.1.132\evsoc-efinity-v2026.1.132\cam_single\Ti60F225_dsi\source/isp/linebuffer.sv:104)
[EFX-0011 VERI-WARNING] expression size 32 truncated to fit in target size 3 (VERI-1209) (C:\Users\Jing-XuanTan(i)\Downloads\evsoc-efinity-v2026.1.132\evsoc-efinity-v2026.1.132\cam_single\Ti60F225_dsi\source/isp/linebuffer.sv:120)
[EFX-0011 VERI-WARNING] illegal integral type argument in math function 'floor()'; expected real type (VERI-2792) (C:\Users\Jing-XuanTan(i)\Downloads\evsoc-efinity-v2026.1.132\evsoc-efinity-v2026.1.132\cam_single\Ti60F225_dsi\source/isp/demosaic.sv:57)
[EFX-0011 VERI-WARNING] illegal integral type argument in math function 'floor()'; expected real type (VERI-2792) (C:\Users\Jing-XuanTan(i)\Downloads\evsoc-efinity-v2026.1.132\evsoc-efinity-v2026.1.132\cam_single\Ti60F225_dsi\source/isp/demosaic.sv:16)
[EFX-0011 VERI-WARNING] expression size 2 truncated to fit in target size 1 (VERI-1209) (C:\Users\Jing-XuanTan(i)\Downloads\evsoc-efinity-v2026.1.132\evsoc-efinity-v2026.1.132\cam_single\Ti60F225_dsi\source/isp/demosaic.sv:335)
[EFX-0011 VERI-WARNING] illegal integral type argument in math function 'floor()'; expected real type (VERI-2792) (C:\Users\Jing-XuanTan(i)\Downloads\evsoc-efinity-v2026.1.132\evsoc-efinity-v2026.1.132\cam_single\Ti60F225_dsi\source/isp/ccm.sv:12)
[EFX-0011 VERI-WARNING] illegal integral type argument in math function 'floor()'; expected real type (VERI-2792) (C:\Users\Jing-XuanTan(i)\Downloads\evsoc-efinity-v2026.1.132\evsoc-efinity-v2026.1.132\cam_single\Ti60F225_dsi\source/isp/ccm.sv:13)
[EFX-0011 VERI-WARNING] net 'pipe_0_pixel2_r_wire[8]' does not have a driver (VDB-1002) (C:\Users\Jing-XuanTan(i)\Downloads\evsoc-efinity-v2026.1.132\evsoc-efinity-v2026.1.132\cam_single\Ti60F225_dsi\source/isp/ccm.sv:91)
[EFX-0011 VERI-WARNING] net 'pipe_0_pixel2_g_wire[8]' does not have a driver (VDB-1002) (C:\Users\Jing-XuanTan(i)\Downloads\evsoc-efinity-v2026.1.132\evsoc-efinity-v2026.1.132\cam_single\Ti60F225_dsi\source/isp/ccm.sv:92)
[EFX-0011 VERI-WARNING] net 'pipe_0_pixel2_b_wire[8]' does not have a driver (VDB-1002) (C:\Users\Jing-XuanTan(i)\Downloads\evsoc-efinity-v2026.1.132\evsoc-efinity-v2026.1.132\cam_single\Ti60F225_dsi\source/isp/ccm.sv:93)
[EFX-0011 VERI-WARNING] net 'pipe_0_pixel3_r_wire[8]' does not have a driver (VDB-1002) (C:\Users\Jing-XuanTan(i)\Downloads\evsoc-efinity-v2026.1.132\evsoc-efinity-v2026.1.132\cam_single\Ti60F225_dsi\source/isp/ccm.sv:94)
[EFX-0011 VERI-WARNING] net 'pipe_0_pixel3_g_wire[8]' does not have a driver (VDB-1002) (C:\Users\Jing-XuanTan(i)\Downloads\evsoc-efinity-v2026.1.132\evsoc-efinity-v2026.1.132\cam_single\Ti60F225_dsi\source/isp/ccm.sv:95)
[EFX-0011 VERI-WARNING] net 'pipe_0_pixel3_b_wire[8]' does not have a driver (VDB-1002) (C:\Users\Jing-XuanTan(i)\Downloads\evsoc-efinity-v2026.1.132\evsoc-efinity-v2026.1.132\cam_single\Ti60F225_dsi\source/isp/ccm.sv:96)
[EFX-0011 VERI-WARNING] net 'pipe_1_pixel2_r_r_wire[24]' does not have a driver (VDB-1002) (C:\Users\Jing-XuanTan(i)\Downloads\evsoc-efinity-v2026.1.132\evsoc-efinity-v2026.1.132\cam_single\Ti60F225_dsi\source/isp/ccm.sv:157)
[EFX-0011 VERI-WARNING] net 'pipe_1_pixel2_r_g_wire[24]' does not have a driver (VDB-1002) (C:\Users\Jing-XuanTan(i)\Downloads\evsoc-efinity-v2026.1.132\evsoc-efinity-v2026.1.132\cam_single\Ti60F225_dsi\source/isp/ccm.sv:158)
[EFX-0011 VERI-WARNING] net 'pipe_1_pixel2_r_b_wire[24]' does not have a driver (VDB-1002) (C:\Users\Jing-XuanTan(i)\Downloads\evsoc-efinity-v2026.1.132\evsoc-efinity-v2026.1.132\cam_single\Ti60F225_dsi\source/isp/ccm.sv:159)
[EFX-0011 VERI-WARNING] net 'pipe_1_pixel2_g_r_wire[24]' does not have a driver (VDB-1002) (C:\Users\Jing-XuanTan(i)\Downloads\evsoc-efinity-v2026.1.132\evsoc-efinity-v2026.1.132\cam_single\Ti60F225_dsi\source/isp/ccm.sv:160)
[EFX-0011 VERI-WARNING] net 'pipe_1_pixel2_g_g_wire[24]' does not have a driver (VDB-1002) (C:\Users\Jing-XuanTan(i)\Downloads\evsoc-efinity-v2026.1.132\evsoc-efinity-v2026.1.132\cam_single\Ti60F225_dsi\source/isp/ccm.sv:161)
[EFX-0011 VERI-WARNING] net 'pipe_1_pixel2_g_b_wire[24]' does not have a driver (VDB-1002) (C:\Users\Jing-XuanTan(i)\Downloads\evsoc-efinity-v2026.1.132\evsoc-efinity-v2026.1.132\cam_single\Ti60F225_dsi\source/isp/ccm.sv:162)
[EFX-0011 VERI-WARNING] net 'pipe_1_pixel2_b_r_wire[24]' does not have a driver (VDB-1002) (C:\Users\Jing-XuanTan(i)\Downloads\evsoc-efinity-v2026.1.132\evsoc-efinity-v2026.1.132\cam_single\Ti60F225_dsi\source/isp/ccm.sv:163)
[EFX-0011 VERI-WARNING] net 'pipe_1_pixel2_b_g_wire[24]' does not have a driver (VDB-1002) (C:\Users\Jing-XuanTan(i)\Downloads\evsoc-efinity-v2026.1.132\evsoc-efinity-v2026.1.132\cam_single\Ti60F225_dsi\source/isp/ccm.sv:164)
[EFX-0011 VERI-WARNING] net 'pipe_1_pixel2_b_b_wire[24]' does not have a driver (VDB-1002) (C:\Users\Jing-XuanTan(i)\Downloads\evsoc-efinity-v2026.1.132\evsoc-efinity-v2026.1.132\cam_single\Ti60F225_dsi\source/isp/ccm.sv:165)
[EFX-0011 VERI-WARNING] net 'pipe_1_pixel3_r_r_wire[24]' does not have a driver (VDB-1002) (C:\Users\Jing-XuanTan(i)\Downloads\evsoc-efinity-v2026.1.132\evsoc-efinity-v2026.1.132\cam_single\Ti60F225_dsi\source/isp/ccm.sv:166)
[EFX-0011 VERI-WARNING] net 'pipe_1_pixel3_r_g_wire[24]' does not have a driver (VDB-1002) (C:\Users\Jing-XuanTan(i)\Downloads\evsoc-efinity-v2026.1.132\evsoc-efinity-v2026.1.132\cam_single\Ti60F225_dsi\source/isp/ccm.sv:167)
[EFX-0011 VERI-WARNING] net 'pipe_1_pixel3_r_b_wire[24]' does not have a driver (VDB-1002) (C:\Users\Jing-XuanTan(i)\Downloads\evsoc-efinity-v2026.1.132\evsoc-efinity-v2026.1.132\cam_single\Ti60F225_dsi\source/isp/ccm.sv:168)
[EFX-0011 VERI-WARNING] net 'pipe_1_pixel3_g_r_wire[24]' does not have a driver (VDB-1002) (C:\Users\Jing-XuanTan(i)\Downloads\evsoc-efinity-v2026.1.132\evsoc-efinity-v2026.1.132\cam_single\Ti60F225_dsi\source/isp/ccm.sv:169)
[EFX-0011 VERI-WARNING] net 'pipe_1_pixel3_g_g_wire[24]' does not have a driver (VDB-1002) (C:\Users\Jing-XuanTan(i)\Downloads\evsoc-efinity-v2026.1.132\evsoc-efinity-v2026.1.132\cam_single\Ti60F225_dsi\source/isp/ccm.sv:170)
[EFX-0011 VERI-WARNING] net 'pipe_1_pixel3_g_b_wire[24]' does not have a driver (VDB-1002) (C:\Users\Jing-XuanTan(i)\Downloads\evsoc-efinity-v2026.1.132\evsoc-efinity-v2026.1.132\cam_single\Ti60F225_dsi\source/isp/ccm.sv:171)
[EFX-0011 VERI-WARNING] net 'pipe_1_pixel3_b_r_wire[24]' does not have a driver (VDB-1002) (C:\Users\Jing-XuanTan(i)\Downloads\evsoc-efinity-v2026.1.132\evsoc-efinity-v2026.1.132\cam_single\Ti60F225_dsi\source/isp/ccm.sv:172)
[EFX-0011 VERI-WARNING] net 'pipe_1_pixel3_b_g_wire[24]' does not have a driver (VDB-1002) (C:\Users\Jing-XuanTan(i)\Downloads\evsoc-efinity-v2026.1.132\evsoc-efinity-v2026.1.132\cam_single\Ti60F225_dsi\source/isp/ccm.sv:173)
[EFX-0011 VERI-WARNING] net 'pipe_1_pixel3_b_b_wire[24]' does not have a driver (VDB-1002) (C:\Users\Jing-XuanTan(i)\Downloads\evsoc-efinity-v2026.1.132\evsoc-efinity-v2026.1.132\cam_single\Ti60F225_dsi\source/isp/ccm.sv:174)
[EFX-0011 VERI-WARNING] net 'pipe_2_pixel2_r_wire[27]' does not have a driver (VDB-1002) (C:\Users\Jing-XuanTan(i)\Downloads\evsoc-efinity-v2026.1.132\evsoc-efinity-v2026.1.132\cam_single\Ti60F225_dsi\source/isp/ccm.sv:199)
[EFX-0011 VERI-WARNING] net 'pipe_2_pixel2_g_wire[27]' does not have a driver (VDB-1002) (C:\Users\Jing-XuanTan(i)\Downloads\evsoc-efinity-v2026.1.132\evsoc-efinity-v2026.1.132\cam_single\Ti60F225_dsi\source/isp/ccm.sv:200)
[EFX-0011 VERI-WARNING] net 'pipe_2_pixel2_b_wire[27]' does not have a driver (VDB-1002) (C:\Users\Jing-XuanTan(i)\Downloads\evsoc-efinity-v2026.1.132\evsoc-efinity-v2026.1.132\cam_single\Ti60F225_dsi\source/isp/ccm.sv:201)
[EFX-0011 VERI-WARNING] net 'pipe_2_pixel3_r_wire[27]' does not have a driver (VDB-1002) (C:\Users\Jing-XuanTan(i)\Downloads\evsoc-efinity-v2026.1.132\evsoc-efinity-v2026.1.132\cam_single\Ti60F225_dsi\source/isp/ccm.sv:202)
[EFX-0011 VERI-WARNING] net 'pipe_2_pixel3_g_wire[27]' does not have a driver (VDB-1002) (C:\Users\Jing-XuanTan(i)\Downloads\evsoc-efinity-v2026.1.132\evsoc-efinity-v2026.1.132\cam_single\Ti60F225_dsi\source/isp/ccm.sv:203)
[EFX-0011 VERI-WARNING] net 'pipe_2_pixel3_b_wire[27]' does not have a driver (VDB-1002) (C:\Users\Jing-XuanTan(i)\Downloads\evsoc-efinity-v2026.1.132\evsoc-efinity-v2026.1.132\cam_single\Ti60F225_dsi\source/isp/ccm.sv:204)
[EFX-0011 VERI-WARNING] illegal integral type argument in math function 'floor()'; expected real type (VERI-2792) (C:\Users\Jing-XuanTan(i)\Downloads\evsoc-efinity-v2026.1.132\evsoc-efinity-v2026.1.132\cam_single\Ti60F225_dsi\source/isp/gamma.sv:14)
[EFX-0011 VERI-WARNING] illegal integral type argument in math function 'floor()'; expected real type (VERI-2792) (C:\Users\Jing-XuanTan(i)\Downloads\evsoc-efinity-v2026.1.132\evsoc-efinity-v2026.1.132\cam_single\Ti60F225_dsi\source/isp/gamma.sv:15)
[EFX-0011 VERI-WARNING] illegal integral type argument in math function 'floor()'; expected real type (VERI-2792) (C:\Users\Jing-XuanTan(i)\Downloads\evsoc-efinity-v2026.1.132\evsoc-efinity-v2026.1.132\cam_single\Ti60F225_dsi\source/isp/gamma.sv:36)
[EFX-0011 VERI-WARNING] illegal integral type argument in math function 'floor()'; expected real type (VERI-2792) (C:\Users\Jing-XuanTan(i)\Downloads\evsoc-efinity-v2026.1.132\evsoc-efinity-v2026.1.132\cam_single\Ti60F225_dsi\source/isp/gamma.sv:37)
[EFX-0011 VERI-WARNING] illegal integral type argument in math function 'floor()'; expected real type (VERI-2792) (C:\Users\Jing-XuanTan(i)\Downloads\evsoc-efinity-v2026.1.132\evsoc-efinity-v2026.1.132\cam_single\Ti60F225_dsi\source/isp/gamma.sv:14)
[EFX-0011 VERI-WARNING] illegal integral type argument in math function 'floor()'; expected real type (VERI-2792) (C:\Users\Jing-XuanTan(i)\Downloads\evsoc-efinity-v2026.1.132\evsoc-efinity-v2026.1.132\cam_single\Ti60F225_dsi\source/isp/gamma.sv:15)
[EFX-0011 VERI-WARNING] illegal integral type argument in math function 'floor()'; expected real type (VERI-2792) (C:\Users\Jing-XuanTan(i)\Downloads\evsoc-efinity-v2026.1.132\evsoc-efinity-v2026.1.132\cam_single\Ti60F225_dsi\source/isp/gamma.sv:36)
[EFX-0011 VERI-WARNING] illegal integral type argument in math function 'floor()'; expected real type (VERI-2792) (C:\Users\Jing-XuanTan(i)\Downloads\evsoc-efinity-v2026.1.132\evsoc-efinity-v2026.1.132\cam_single\Ti60F225_dsi\source/isp/gamma.sv:37)
[EFX-0011 VERI-WARNING] illegal integral type argument in math function 'floor()'; expected real type (VERI-2792) (C:\Users\Jing-XuanTan(i)\Downloads\evsoc-efinity-v2026.1.132\evsoc-efinity-v2026.1.132\cam_single\Ti60F225_dsi\source/isp/lut.sv:13)
[EFX-0011 VERI-WARNING] illegal integral type argument in math function 'floor()'; expected real type (VERI-2792) (C:\Users\Jing-XuanTan(i)\Downloads\evsoc-efinity-v2026.1.132\evsoc-efinity-v2026.1.132\cam_single\Ti60F225_dsi\source/isp/lut.sv:14)
[EFX-0011 VERI-WARNING] illegal integral type argument in math function 'floor()'; expected real type (VERI-2792) (C:\Users\Jing-XuanTan(i)\Downloads\evsoc-efinity-v2026.1.132\evsoc-efinity-v2026.1.132\cam_single\Ti60F225_dsi\source/isp/lut.sv:13)
[EFX-0011 VERI-WARNING] illegal integral type argument in math function 'floor()'; expected real type (VERI-2792) (C:\Users\Jing-XuanTan(i)\Downloads\evsoc-efinity-v2026.1.132\evsoc-efinity-v2026.1.132\cam_single\Ti60F225_dsi\source/isp/lut.sv:14)
[EFX-0011 VERI-WARNING] illegal entry at :\Users\Jing-XuanTan(i)\Downloads\evsoc-efinity-v2026.1.132\evsoc-efinity-v2026.1.132\cam_single\Ti60F225_dsi\source/isp/lut.mem:257 for index 256 in range [0:255] (VERI-2588) (C:\Users\Jing-XuanTan(i)\Downloads\evsoc-efinity-v2026.1.132\evsoc-efinity-v2026.1.132\cam_single\Ti60F225_dsi\source/isp/simple_dual_ported_rom.sv:29)
[EFX-0011 VERI-WARNING] net 'rom' does not have a driver (VDB-1002) (C:\Users\Jing-XuanTan(i)\Downloads\evsoc-efinity-v2026.1.132\evsoc-efinity-v2026.1.132\cam_single\Ti60F225_dsi\source/isp/simple_dual_ported_rom.sv:24)
[EFX-0011 VERI-WARNING] net 'pipe_0_pixel2_wire[7]' does not have a driver (VDB-1002) (C:\Users\Jing-XuanTan(i)\Downloads\evsoc-efinity-v2026.1.132\evsoc-efinity-v2026.1.132\cam_single\Ti60F225_dsi\source/isp/lut.sv:44)
[EFX-0011 VERI-WARNING] net 'pipe_0_pixel3_wire[7]' does not have a driver (VDB-1002) (C:\Users\Jing-XuanTan(i)\Downloads\evsoc-efinity-v2026.1.132\evsoc-efinity-v2026.1.132\cam_single\Ti60F225_dsi\source/isp/lut.sv:45)
[EFX-0011 VERI-WARNING] input port 's_axis_tlast' remains unconnected for this instance (VDB-1053) (C:\Users\Jing-XuanTan(i)\Downloads\evsoc-efinity-v2026.1.132\evsoc-efinity-v2026.1.132\cam_single\Ti60F225_dsi\source/isp/gamma.sv:117)
[EFX-0011 VERI-WARNING] input port 's_axis_tlast' remains unconnected for this instance (VDB-1053) (C:\Users\Jing-XuanTan(i)\Downloads\evsoc-efinity-v2026.1.132\evsoc-efinity-v2026.1.132\cam_single\Ti60F225_dsi\source/isp/gamma.sv:140)
[EFX-0011 VERI-WARNING] expression size 32 truncated to fit in target size 11 (VERI-1209) (C:\Users\Jing-XuanTan(i)\Downloads\evsoc-efinity-v2026.1.132\evsoc-efinity-v2026.1.132\cam_single\Ti60F225_dsi\source/cam/cam_crop.v:82)
[EFX-0011 VERI-WARNING] port 'a_wr_rst_i' remains unconnected for this instance (VERI-1927) (C:\Users\Jing-XuanTan(i)\Downloads\evsoc-efinity-v2026.1.132\evsoc-efinity-v2026.1.132\cam_single\Ti60F225_dsi\ip\cam_dma_fifo\cam_dma_fifo.sv:110)
[EFX-0011 VERI-WARNING] input port 'a_wr_rst_i' is not connected on this instance (VDB-1013) (C:\Users\Jing-XuanTan(i)\Downloads\evsoc-efinity-v2026.1.132\evsoc-efinity-v2026.1.132\cam_single\Ti60F225_dsi\ip\cam_dma_fifo\cam_dma_fifo.sv:92)
[EFX-0011 VERI-WARNING] net 'isp_cfg_addr' does not have a driver (VDB-1002) (C:\Users\Jing-XuanTan(i)\Downloads\evsoc-efinity-v2026.1.132\evsoc-efinity-v2026.1.132\cam_single\Ti60F225_dsi\source\isp\cam_picam_v2.v:378)
[EFX-0011 VERI-WARNING] net 'isp_cfg_data' does not have a driver (VDB-1002) (C:\Users\Jing-XuanTan(i)\Downloads\evsoc-efinity-v2026.1.132\evsoc-efinity-v2026.1.132\cam_single\Ti60F225_dsi\source\isp\cam_picam_v2.v:379)
[EFX-0011 VERI-WARNING] actual bit length 32 differs from formal bit length 1 for port 'i_dbg_we' (VERI-1330) (C:\Users\Jing-XuanTan(i)\Downloads\evsoc-efinity-v2026.1.132\evsoc-efinity-v2026.1.132\cam_single\Ti60F225_dsi\edge_vision_soc.v:910)
[EFX-0011 VERI-WARNING] actual bit length 32 differs from formal bit length 40 for port 'i_dbg_din' (VERI-1330) (C:\Users\Jing-XuanTan(i)\Downloads\evsoc-efinity-v2026.1.132\evsoc-efinity-v2026.1.132\cam_single\Ti60F225_dsi\edge_vision_soc.v:911)
[EFX-0011 VERI-WARNING] actual bit length 32 differs from formal bit length 9 for port 'i_dbg_addr' (VERI-1330) (C:\Users\Jing-XuanTan(i)\Downloads\evsoc-efinity-v2026.1.132\evsoc-efinity-v2026.1.132\cam_single\Ti60F225_dsi\edge_vision_soc.v:912)
[EFX-0011 VERI-WARNING] actual bit length 32 differs from formal bit length 1 for port 'i_dbg_reconfig' (VERI-1330) (C:\Users\Jing-XuanTan(i)\Downloads\evsoc-efinity-v2026.1.132\evsoc-efinity-v2026.1.132\cam_single\Ti60F225_dsi\edge_vision_soc.v:914)
[EFX-0011 VERI-WARNING] port 'rst_busy' remains unconnected for this instance (VERI-1927) (C:\Users\Jing-XuanTan(i)\Downloads\evsoc-efinity-v2026.1.132\evsoc-efinity-v2026.1.132\cam_single\Ti60F225_dsi\source/display/dsi/display_dsi.v:265)
[EFX-0011 VERI-WARNING] actual bit length 11 differs from formal bit length 14 for port 'out_x' (VERI-1330) (C:\Users\Jing-XuanTan(i)\Downloads\evsoc-efinity-v2026.1.132\evsoc-efinity-v2026.1.132\cam_single\Ti60F225_dsi\source/display/dsi/display_dsi.v:127)
[EFX-0011 VERI-WARNING] actual bit length 11 differs from formal bit length 12 for port 'out_y' (VERI-1330) (C:\Users\Jing-XuanTan(i)\Downloads\evsoc-efinity-v2026.1.132\evsoc-efinity-v2026.1.132\cam_single\Ti60F225_dsi\source/display/dsi/display_dsi.v:128)
[EFX-0011 VERI-WARNING] expression size 16 truncated to fit in target size 8 (VERI-1209) (C:\Users\Jing-XuanTan(i)\Downloads\evsoc-efinity-v2026.1.132\evsoc-efinity-v2026.1.132\cam_single\Ti60F225_dsi\source/cam/scale_up_2x_nn.v:127)
[EFX-0011 VERI-WARNING] expression size 16 truncated to fit in target size 8 (VERI-1209) (C:\Users\Jing-XuanTan(i)\Downloads\evsoc-efinity-v2026.1.132\evsoc-efinity-v2026.1.132\cam_single\Ti60F225_dsi\source/cam/scale_up_2x_nn.v:128)
[EFX-0011 VERI-WARNING] expression size 16 truncated to fit in target size 8 (VERI-1209) (C:\Users\Jing-XuanTan(i)\Downloads\evsoc-efinity-v2026.1.132\evsoc-efinity-v2026.1.132\cam_single\Ti60F225_dsi\source/cam/scale_up_2x_nn.v:129)
[EFX-0011 VERI-WARNING] port 'a_wr_rst_i' remains unconnected for this instance (VERI-1927) (C:\Users\Jing-XuanTan(i)\Downloads\evsoc-efinity-v2026.1.132\evsoc-efinity-v2026.1.132\cam_single\Ti60F225_dsi\ip\display_dma_fifo\display_dma_fifo.sv:110)
[EFX-0011 VERI-WARNING] input port 'a_wr_rst_i' is not connected on this instance (VDB-1013) (C:\Users\Jing-XuanTan(i)\Downloads\evsoc-efinity-v2026.1.132\evsoc-efinity-v2026.1.132\cam_single\Ti60F225_dsi\ip\display_dma_fifo\display_dma_fifo.sv:92)
[EFX-0011 VERI-WARNING] actual bit length 10 differs from formal bit length 11 for port 'datacount_o' (VERI-1330) (C:\Users\Jing-XuanTan(i)\Downloads\evsoc-efinity-v2026.1.132\evsoc-efinity-v2026.1.132\cam_single\Ti60F225_dsi\source/display/dsi/display_dsi.v:264)
[EFX-0011 VERI-WARNING] port '**' remains unconnected for this instance (VERI-1927) (C:\Users\Jing-XuanTan(i)\Downloads\evsoc-efinity-v2026.1.132\evsoc-efinity-v2026.1.132\cam_single\Ti60F225_dsi\ip\dsi_tx_display\dsi_tx_display.sv:5436)
[EFX-0011 VERI-WARNING] assignment and/or driver for '**' inside static function '**' is not preserved (VERI-2457) (C:\Users\Jing-XuanTan(i)\Downloads\evsoc-efinity-v2026.1.132\evsoc-efinity-v2026.1.132\cam_single\Ti60F225_dsi\ip\dsi_tx_display\dsi_tx_display.sv:2885)
[EFX-0011 VERI-WARNING] port '**' remains unconnected for this instance (VERI-1927) (C:\Users\Jing-XuanTan(i)\Downloads\evsoc-efinity-v2026.1.132\evsoc-efinity-v2026.1.132\cam_single\Ti60F225_dsi\ip\dsi_tx_display\dsi_tx_display.sv:5689)
[EFX-0011 VERI-WARNING] expression size ** truncated to fit in target size ** (VERI-1209) (C:\Users\Jing-XuanTan(i)\Downloads\evsoc-efinity-v2026.1.132\evsoc-efinity-v2026.1.132\cam_single\Ti60F225_dsi\ip\dsi_tx_display\dsi_tx_display.sv:5689)
[EFX-0011 VERI-WARNING] expression size ** truncated to fit in target size ** (VERI-1209) (C:\Users\Jing-XuanTan(i)\Downloads\evsoc-efinity-v2026.1.132\evsoc-efinity-v2026.1.132\cam_single\Ti60F225_dsi\ip\dsi_tx_display\dsi_tx_display.sv:7297)
[EFX-0011 VERI-WARNING] port '**' remains unconnected for this instance (VERI-1927) (C:\Users\Jing-XuanTan(i)\Downloads\evsoc-efinity-v2026.1.132\evsoc-efinity-v2026.1.132\cam_single\Ti60F225_dsi\ip\dsi_tx_display\dsi_tx_display.sv:1596)
[EFX-0011 VERI-WARNING] expression size ** truncated to fit in target size ** (VERI-1209) (C:\Users\Jing-XuanTan(i)\Downloads\evsoc-efinity-v2026.1.132\evsoc-efinity-v2026.1.132\cam_single\Ti60F225_dsi\ip\dsi_tx_display\dsi_tx_display.sv:1596)
[EFX-0011 VERI-WARNING] port '**' remains unconnected for this instance (VERI-1927) (C:\Users\Jing-XuanTan(i)\Downloads\evsoc-efinity-v2026.1.132\evsoc-efinity-v2026.1.132\cam_single\Ti60F225_dsi\ip\dsi_tx_display\dsi_tx_display.sv:2500)
[EFX-0011 VERI-WARNING] expression size ** truncated to fit in target size ** (VERI-1209) (C:\Users\Jing-XuanTan(i)\Downloads\evsoc-efinity-v2026.1.132\evsoc-efinity-v2026.1.132\cam_single\Ti60F225_dsi\ip\dsi_tx_display\dsi_tx_display.sv:2500)
[EFX-0011 VERI-WARNING] assignment and/or driver for '**' inside static function '**' is not preserved (VERI-2457) (C:\Users\Jing-XuanTan(i)\Downloads\evsoc-efinity-v2026.1.132\evsoc-efinity-v2026.1.132\cam_single\Ti60F225_dsi\ip\dsi_tx_display\dsi_tx_display.sv:3474)
[EFX-0011 VERI-WARNING] actual bit length 32 differs from formal bit length 16 for port 'haddr' (VERI-1330) (C:\Users\Jing-XuanTan(i)\Downloads\evsoc-efinity-v2026.1.132\evsoc-efinity-v2026.1.132\cam_single\Ti60F225_dsi\edge_vision_soc.v:1044)
[EFX-0011 VERI-WARNING] port 'ram_clk_cal_2' is not connected on this instance (VERI-2435) (C:\Users\Jing-XuanTan(i)\Downloads\evsoc-efinity-v2026.1.132\evsoc-efinity-v2026.1.132\cam_single\Ti60F225_dsi\ip\hbram\hbram.sv:200)
[EFX-0011 VERI-WARNING] port 'native_clk' remains unconnected for this instance (VERI-1927) (C:\Users\Jing-XuanTan(i)\Downloads\evsoc-efinity-v2026.1.132\evsoc-efinity-v2026.1.132\cam_single\Ti60F225_dsi\ip\hbram\hbram.sv:200)
[EFX-0011 VERI-WARNING] port '**' remains unconnected for this instance (VERI-1927) (C:\Users\Jing-XuanTan(i)\Downloads\evsoc-efinity-v2026.1.132\evsoc-efinity-v2026.1.132\cam_single\Ti60F225_dsi\ip\hbram\hbram.sv:1134)
[EFX-0011 VERI-WARNING] expression size 32 truncated to fit in target size 9 (VERI-1209) (C:\Users\Jing-XuanTan(i)\Downloads\evsoc-efinity-v2026.1.132\evsoc-efinity-v2026.1.132\cam_single\Ti60F225_dsi\ip\hbram\hbram.sv:5791)
[EFX-0011 VERI-WARNING] expression size 32 truncated to fit in target size 11 (VERI-1209) (C:\Users\Jing-XuanTan(i)\Downloads\evsoc-efinity-v2026.1.132\evsoc-efinity-v2026.1.132\cam_single\Ti60F225_dsi\ip\hbram\hbram.sv:5792)
[EFX-0011 VERI-WARNING] expression size ** truncated to fit in target size ** (VERI-1209) (C:\Users\Jing-XuanTan(i)\Downloads\evsoc-efinity-v2026.1.132\evsoc-efinity-v2026.1.132\cam_single\Ti60F225_dsi\ip\hbram\hbram.sv:1134)
[EFX-0011 VERI-WARNING] expression size 32 truncated to fit in target size 11 (VERI-1209) (C:\Users\Jing-XuanTan(i)\Downloads\evsoc-efinity-v2026.1.132\evsoc-efinity-v2026.1.132\cam_single\Ti60F225_dsi\ip\hbram\hbram.sv:5806)
[EFX-0011 VERI-WARNING] expression size 32 truncated to fit in target size 9 (VERI-1209) (C:\Users\Jing-XuanTan(i)\Downloads\evsoc-efinity-v2026.1.132\evsoc-efinity-v2026.1.132\cam_single\Ti60F225_dsi\ip\hbram\hbram.sv:5807)
[EFX-0011 VERI-WARNING] expression size ** truncated to fit in target size ** (VERI-1209) (C:\Users\Jing-XuanTan(i)\Downloads\evsoc-efinity-v2026.1.132\evsoc-efinity-v2026.1.132\cam_single\Ti60F225_dsi\ip\hbram\hbram.sv:5309)
[EFX-0011 VERI-WARNING] actual bit length ** differs from formal bit length *** for port '**' (VERI-1330) (C:\Users\Jing-XuanTan(i)\Downloads\evsoc-efinity-v2026.1.132\evsoc-efinity-v2026.1.132\cam_single\Ti60F225_dsi\ip\hbram\hbram.sv:1946)
[EFX-0011 VERI-WARNING] expression size ** truncated to fit in target size ** (VERI-1209) (C:\Users\Jing-XuanTan(i)\Downloads\evsoc-efinity-v2026.1.132\evsoc-efinity-v2026.1.132\cam_single\Ti60F225_dsi\ip\hbram\hbram.sv:3545)
[EFX-0011 VERI-WARNING] actual bit length ** differs from formal bit length *** for port '**' (VERI-1330) (C:\Users\Jing-XuanTan(i)\Downloads\evsoc-efinity-v2026.1.132\evsoc-efinity-v2026.1.132\cam_single\Ti60F225_dsi\ip\hbram\hbram.sv:2351)
[EFX-0011 VERI-WARNING] expression size ** truncated to fit in target size ** (VERI-1209) (C:\Users\Jing-XuanTan(i)\Downloads\evsoc-efinity-v2026.1.132\evsoc-efinity-v2026.1.132\cam_single\Ti60F225_dsi\ip\hbram\hbram.sv:4591)
[EFX-0011 VERI-WARNING] input port 'ram_clk_cal_2' remains unconnected for this instance (VDB-1053) (C:\Users\Jing-XuanTan(i)\Downloads\evsoc-efinity-v2026.1.132\evsoc-efinity-v2026.1.132\cam_single\Ti60F225_dsi\ip\hbram\hbram.sv:147)
[EFX-0011 VERI-WARNING] input port 'native_clk' is not connected on this instance (VDB-1013) (C:\Users\Jing-XuanTan(i)\Downloads\evsoc-efinity-v2026.1.132\evsoc-efinity-v2026.1.132\cam_single\Ti60F225_dsi\ip\hbram\hbram.sv:147)
[EFX-0011 VERI-WARNING] system task 'display' is ignored for synthesis (VERI-1142) (C:\Users\Jing-XuanTan(i)\Downloads\evsoc-efinity-v2026.1.132\evsoc-efinity-v2026.1.132\cam_single\Ti60F225_dsi\ip\SapphireSoc\SapphireSoc.v:22380)
[EFX-0011 VERI-WARNING] net 'IBusCachedPlugin_cache_io_cpu_fetch_isRemoved' does not have a driver (VDB-1002) (C:\Users\Jing-XuanTan(i)\Downloads\evsoc-efinity-v2026.1.132\evsoc-efinity-v2026.1.132\cam_single\Ti60F225_dsi\ip\SapphireSoc\SapphireSoc.v:12883)
[EFX-0011 VERI-WARNING] net 'dataCache_1_io_cpu_writeBack_fence_SW' does not have a driver (VDB-1002) (C:\Users\Jing-XuanTan(i)\Downloads\evsoc-efinity-v2026.1.132\evsoc-efinity-v2026.1.132\cam_single\Ti60F225_dsi\ip\SapphireSoc\SapphireSoc.v:12896)
[EFX-0011 VERI-WARNING] net 'dataCache_1_io_cpu_writeBack_fence_SR' does not have a driver (VDB-1002) (C:\Users\Jing-XuanTan(i)\Downloads\evsoc-efinity-v2026.1.132\evsoc-efinity-v2026.1.132\cam_single\Ti60F225_dsi\ip\SapphireSoc\SapphireSoc.v:12897)
[EFX-0011 VERI-WARNING] net 'dataCache_1_io_cpu_writeBack_fence_SO' does not have a driver (VDB-1002) (C:\Users\Jing-XuanTan(i)\Downloads\evsoc-efinity-v2026.1.132\evsoc-efinity-v2026.1.132\cam_single\Ti60F225_dsi\ip\SapphireSoc\SapphireSoc.v:12898)
[EFX-0011 VERI-WARNING] net 'dataCache_1_io_cpu_writeBack_fence_SI' does not have a driver (VDB-1002) (C:\Users\Jing-XuanTan(i)\Downloads\evsoc-efinity-v2026.1.132\evsoc-efinity-v2026.1.132\cam_single\Ti60F225_dsi\ip\SapphireSoc\SapphireSoc.v:12899)
[EFX-0011 VERI-WARNING] net 'dataCache_1_io_cpu_writeBack_fence_PW' does not have a driver (VDB-1002) (C:\Users\Jing-XuanTan(i)\Downloads\evsoc-efinity-v2026.1.132\evsoc-efinity-v2026.1.132\cam_single\Ti60F225_dsi\ip\SapphireSoc\SapphireSoc.v:12900)
[EFX-0011 VERI-WARNING] net 'dataCache_1_io_cpu_writeBack_fence_PR' does not have a driver (VDB-1002) (C:\Users\Jing-XuanTan(i)\Downloads\evsoc-efinity-v2026.1.132\evsoc-efinity-v2026.1.132\cam_single\Ti60F225_dsi\ip\SapphireSoc\SapphireSoc.v:12901)
[EFX-0011 VERI-WARNING] net 'dataCache_1_io_cpu_writeBack_fence_PO' does not have a driver (VDB-1002) (C:\Users\Jing-XuanTan(i)\Downloads\evsoc-efinity-v2026.1.132\evsoc-efinity-v2026.1.132\cam_single\Ti60F225_dsi\ip\SapphireSoc\SapphireSoc.v:12902)
[EFX-0011 VERI-WARNING] net 'dataCache_1_io_cpu_writeBack_fence_PI' does not have a driver (VDB-1002) (C:\Users\Jing-XuanTan(i)\Downloads\evsoc-efinity-v2026.1.132\evsoc-efinity-v2026.1.132\cam_single\Ti60F225_dsi\ip\SapphireSoc\SapphireSoc.v:12903)
[EFX-0011 VERI-WARNING] net 'dataCache_1_io_cpu_writeBack_fence_FM[3]' does not have a driver (VDB-1002) (C:\Users\Jing-XuanTan(i)\Downloads\evsoc-efinity-v2026.1.132\evsoc-efinity-v2026.1.132\cam_single\Ti60F225_dsi\ip\SapphireSoc\SapphireSoc.v:12904)
[EFX-0011 VERI-WARNING] net 'IBusCachedPlugin_mmuBus_rsp_bypassTranslation' does not have a driver (VDB-1002) (C:\Users\Jing-XuanTan(i)\Downloads\evsoc-efinity-v2026.1.132\evsoc-efinity-v2026.1.132\cam_single\Ti60F225_dsi\ip\SapphireSoc\SapphireSoc.v:13411)
[EFX-0011 VERI-WARNING] net 'DBusCachedPlugin_mmuBus_rsp_bypassTranslation' does not have a driver (VDB-1002) (C:\Users\Jing-XuanTan(i)\Downloads\evsoc-efinity-v2026.1.132\evsoc-efinity-v2026.1.132\cam_single\Ti60F225_dsi\ip\SapphireSoc\SapphireSoc.v:13437)
[EFX-0011 VERI-WARNING] net 'IBusCachedPlugin_iBusRsp_output_payload_rsp_error' does not have a driver (VDB-1002) (C:\Users\Jing-XuanTan(i)\Downloads\evsoc-efinity-v2026.1.132\evsoc-efinity-v2026.1.132\cam_single\Ti60F225_dsi\ip\SapphireSoc\SapphireSoc.v:13545)
[EFX-0011 VERI-WARNING] net 'IBusCachedPlugin_iBusRsp_output_payload_isRvc' does not have a driver (VDB-1002) (C:\Users\Jing-XuanTan(i)\Downloads\evsoc-efinity-v2026.1.132\evsoc-efinity-v2026.1.132\cam_single\Ti60F225_dsi\ip\SapphireSoc\SapphireSoc.v:13547)
[EFX-0011 VERI-WARNING] net 'CsrPlugin_mtvec_mode[1]' does not have a driver (VDB-1002) (C:\Users\Jing-XuanTan(i)\Downloads\evsoc-efinity-v2026.1.132\evsoc-efinity-v2026.1.132\cam_single\Ti60F225_dsi\ip\SapphireSoc\SapphireSoc.v:13781)
[EFX-0011 VERI-WARNING] system function call 'urandom' is not supported (VERI-1141) (C:\Users\Jing-XuanTan(i)\Downloads\evsoc-efinity-v2026.1.132\evsoc-efinity-v2026.1.132\cam_single\Ti60F225_dsi\ip\SapphireSoc\SapphireSoc.v:21505)
[EFX-0011 VERI-WARNING] system function call 'urandom' is not supported (VERI-1141) (C:\Users\Jing-XuanTan(i)\Downloads\evsoc-efinity-v2026.1.132\evsoc-efinity-v2026.1.132\cam_single\Ti60F225_dsi\ip\SapphireSoc\SapphireSoc.v:21506)
[EFX-0011 VERI-WARNING] system function call 'urandom' is not supported (VERI-1141) (C:\Users\Jing-XuanTan(i)\Downloads\evsoc-efinity-v2026.1.132\evsoc-efinity-v2026.1.132\cam_single\Ti60F225_dsi\ip\SapphireSoc\SapphireSoc.v:23686)
[EFX-0011 VERI-WARNING] system function call 'urandom' is not supported (VERI-1141) (C:\Users\Jing-XuanTan(i)\Downloads\evsoc-efinity-v2026.1.132\evsoc-efinity-v2026.1.132\cam_single\Ti60F225_dsi\ip\SapphireSoc\SapphireSoc.v:23687)
[EFX-0011 VERI-WARNING] system function call 'urandom' is not supported (VERI-1141) (C:\Users\Jing-XuanTan(i)\Downloads\evsoc-efinity-v2026.1.132\evsoc-efinity-v2026.1.132\cam_single\Ti60F225_dsi\ip\SapphireSoc\SapphireSoc.v:5873)
[EFX-0011 VERI-WARNING] system function call 'urandom' is not supported (VERI-1141) (C:\Users\Jing-XuanTan(i)\Downloads\evsoc-efinity-v2026.1.132\evsoc-efinity-v2026.1.132\cam_single\Ti60F225_dsi\ip\SapphireSoc\SapphireSoc.v:5874)
[EFX-0011 VERI-WARNING] net 'slaveRegOut[31]' does not have a driver (VDB-1002) (C:\Users\Jing-XuanTan(i)\Downloads\evsoc-efinity-v2026.1.132\evsoc-efinity-v2026.1.132\cam_single\Ti60F225_dsi\source\hw_accel\hw_accel_apb3.v:38)
[EFX-0011 VERI-WARNING] port 'rst_busy' remains unconnected for this instance (VERI-1927) (C:\Users\Jing-XuanTan(i)\Downloads\evsoc-efinity-v2026.1.132\evsoc-efinity-v2026.1.132\cam_single\Ti60F225_dsi\source/hw_accel/hw_accel_wrapper.v:176)
[EFX-0011 VERI-WARNING] port 'rst_busy' remains unconnected for this instance (VERI-1927) (C:\Users\Jing-XuanTan(i)\Downloads\evsoc-efinity-v2026.1.132\evsoc-efinity-v2026.1.132\cam_single\Ti60F225_dsi\source/hw_accel/hw_accel_wrapper.v:202)
[EFX-0011 VERI-WARNING] port 'a_wr_rst_i' remains unconnected for this instance (VERI-1927) (C:\Users\Jing-XuanTan(i)\Downloads\evsoc-efinity-v2026.1.132\evsoc-efinity-v2026.1.132\cam_single\Ti60F225_dsi\ip\hw_accel_dma_in_fifo\hw_accel_dma_in_fifo.sv:112)
[EFX-0011 VERI-WARNING] input port 'a_wr_rst_i' is not connected on this instance (VDB-1013) (C:\Users\Jing-XuanTan(i)\Downloads\evsoc-efinity-v2026.1.132\evsoc-efinity-v2026.1.132\cam_single\Ti60F225_dsi\ip\hw_accel_dma_in_fifo\hw_accel_dma_in_fifo.sv:93)
[EFX-0011 VERI-WARNING] port 'a_wr_rst_i' remains unconnected for this instance (VERI-1927) (C:\Users\Jing-XuanTan(i)\Downloads\evsoc-efinity-v2026.1.132\evsoc-efinity-v2026.1.132\cam_single\Ti60F225_dsi\ip\hw_accel_dma_out_fifo\hw_accel_dma_out_fifo.sv:112)
[EFX-0011 VERI-WARNING] input port 'a_wr_rst_i' is not connected on this instance (VDB-1013) (C:\Users\Jing-XuanTan(i)\Downloads\evsoc-efinity-v2026.1.132\evsoc-efinity-v2026.1.132\cam_single\Ti60F225_dsi\ip\hw_accel_dma_out_fifo\hw_accel_dma_out_fifo.sv:93)
[EFX-0011 VERI-WARNING] system function call 'urandom' is not supported (VERI-1141) (C:\Users\Jing-XuanTan(i)\Downloads\evsoc-efinity-v2026.1.132\evsoc-efinity-v2026.1.132\cam_single\Ti60F225_dsi\ip\dma\dma.v:13453)
[EFX-0011 VERI-WARNING] system function call 'urandom' is not supported (VERI-1141) (C:\Users\Jing-XuanTan(i)\Downloads\evsoc-efinity-v2026.1.132\evsoc-efinity-v2026.1.132\cam_single\Ti60F225_dsi\ip\dma\dma.v:13454)
[EFX-0011 VERI-WARNING] system function call 'urandom' is not supported (VERI-1141) (C:\Users\Jing-XuanTan(i)\Downloads\evsoc-efinity-v2026.1.132\evsoc-efinity-v2026.1.132\cam_single\Ti60F225_dsi\ip\dma\dma.v:13455)
[EFX-0011 VERI-WARNING] system function call 'urandom' is not supported (VERI-1141) (C:\Users\Jing-XuanTan(i)\Downloads\evsoc-efinity-v2026.1.132\evsoc-efinity-v2026.1.132\cam_single\Ti60F225_dsi\ip\dma\dma.v:13456)
[EFX-0011 VERI-WARNING] system function call 'urandom' is not supported (VERI-1141) (C:\Users\Jing-XuanTan(i)\Downloads\evsoc-efinity-v2026.1.132\evsoc-efinity-v2026.1.132\cam_single\Ti60F225_dsi\ip\dma\dma.v:13457)
[EFX-0011 VERI-WARNING] actual bit length 16 differs from formal bit length 14 for port 'ctrl_PADDR' (VERI-1330) (C:\Users\Jing-XuanTan(i)\Downloads\evsoc-efinity-v2026.1.132\evsoc-efinity-v2026.1.132\cam_single\Ti60F225_dsi\edge_vision_soc.v:1332)
[EFX-0011 VERI-WARNING] system task 'display' is ignored for synthesis (VERI-1142) (C:\Users\Jing-XuanTan(i)\Downloads\evsoc-efinity-v2026.1.132\evsoc-efinity-v2026.1.132\cam_single\Ti60F225_dsi\source/axi/axi_interconnect.v:220)
[EFX-0011 VERI-WARNING] system task 'display' is ignored for synthesis (VERI-1142) (C:\Users\Jing-XuanTan(i)\Downloads\evsoc-efinity-v2026.1.132\evsoc-efinity-v2026.1.132\cam_single\Ti60F225_dsi\source/axi/axi_interconnect.v:223)
[EFX-0011 VERI-WARNING] expression size 32 truncated to fit in target size 2 (VERI-1209) (C:\Users\Jing-XuanTan(i)\Downloads\evsoc-efinity-v2026.1.132\evsoc-efinity-v2026.1.132\cam_single\Ti60F225_dsi\source/axi/priority_encoder.v:89)
[EFX-0011 VERI-WARNING] expression size 32 truncated to fit in target size 4 (VERI-1209) (C:\Users\Jing-XuanTan(i)\Downloads\evsoc-efinity-v2026.1.132\evsoc-efinity-v2026.1.132\cam_single\Ti60F225_dsi\source/axi/priority_encoder.v:89)
[EFX-0011 VERI-WARNING] right shift count >= width of value (VERI-1959) (C:\Users\Jing-XuanTan(i)\Downloads\evsoc-efinity-v2026.1.132\evsoc-efinity-v2026.1.132\cam_single\Ti60F225_dsi\source/axi/axi_interconnect.v:566)
[EFX-0011 VERI-WARNING] expression size 32 truncated to fit in target size 8 (VERI-1209) (C:\Users\Jing-XuanTan(i)\Downloads\evsoc-efinity-v2026.1.132\evsoc-efinity-v2026.1.132\cam_single\Ti60F225_dsi\source/axi/axi_interconnect.v:689)
[EFX-0011 VERI-WARNING] input port 'Rx_HS_D_2[7]' remains unconnected for this instance (VDB-1053) (C:\Users\Jing-XuanTan(i)\Downloads\evsoc-efinity-v2026.1.132\evsoc-efinity-v2026.1.132\cam_single\Ti60F225_dsi\edge_vision_soc.v:729)
[EFX-0011 VERI-WARNING] input port 'system_spi_0_io_data_2_read' remains unconnected for this instance (VDB-1053) (C:\Users\Jing-XuanTan(i)\Downloads\evsoc-efinity-v2026.1.132\evsoc-efinity-v2026.1.132\cam_single\Ti60F225_dsi\edge_vision_soc.v:1168)
[EFX-0011 VERI-WARNING] input port 'dat1_o_tready' remains unconnected for this instance (VDB-1053) (C:\Users\Jing-XuanTan(i)\Downloads\evsoc-efinity-v2026.1.132\evsoc-efinity-v2026.1.132\cam_single\Ti60F225_dsi\edge_vision_soc.v:1327)
[EFX-0011 VERI-WARNING] input port 's_axi_awuser[1]' remains unconnected for this instance (VDB-1053) (C:\Users\Jing-XuanTan(i)\Downloads\evsoc-efinity-v2026.1.132\evsoc-efinity-v2026.1.132\cam_single\Ti60F225_dsi\edge_vision_soc.v:1464)
[EFX-0200 WARNING] Removing redundant signal : Rx_HS_D_2[7:0]. (C:\Users\Jing-XuanTan(i)\Downloads\evsoc-efinity-v2026.1.132\evsoc-efinity-v2026.1.132\cam_single\Ti60F225_dsi\ip\csi2_rx_cam\csi2_rx_cam.sv:6307)
[EFX-0200 WARNING] Removing redundant signal : Rx_HS_D_3[7:0]. (C:\Users\Jing-XuanTan(i)\Downloads\evsoc-efinity-v2026.1.132\evsoc-efinity-v2026.1.132\cam_single\Ti60F225_dsi\ip\csi2_rx_cam\csi2_rx_cam.sv:6307)
[EFX-0200 WARNING] Removing redundant signal : Rx_HS_D_4[7:0]. (C:\Users\Jing-XuanTan(i)\Downloads\evsoc-efinity-v2026.1.132\evsoc-efinity-v2026.1.132\cam_single\Ti60F225_dsi\ip\csi2_rx_cam\csi2_rx_cam.sv:6307)
[EFX-0200 WARNING] Removing redundant signal : Rx_HS_D_5[7:0]. (C:\Users\Jing-XuanTan(i)\Downloads\evsoc-efinity-v2026.1.132\evsoc-efinity-v2026.1.132\cam_single\Ti60F225_dsi\ip\csi2_rx_cam\csi2_rx_cam.sv:6307)
[EFX-0200 WARNING] Removing redundant signal : Rx_HS_D_6[7:0]. (C:\Users\Jing-XuanTan(i)\Downloads\evsoc-efinity-v2026.1.132\evsoc-efinity-v2026.1.132\cam_single\Ti60F225_dsi\ip\csi2_rx_cam\csi2_rx_cam.sv:6307)
[EFX-0200 WARNING] Removing redundant signal : Rx_HS_D_7[7:0]. (C:\Users\Jing-XuanTan(i)\Downloads\evsoc-efinity-v2026.1.132\evsoc-efinity-v2026.1.132\cam_single\Ti60F225_dsi\ip\csi2_rx_cam\csi2_rx_cam.sv:6307)
[EFX-0200 WARNING] Removing redundant signal : u_dly_enable_D[1:0]. (C:\Users\Jing-XuanTan(i)\Downloads\evsoc-efinity-v2026.1.132\evsoc-efinity-v2026.1.132\cam_single\Ti60F225_dsi\ip\csi2_rx_cam\csi2_rx_cam.sv:6307)
[EFX-0200 WARNING] Removing redundant signal : u_dly_inc_D[1:0]. (C:\Users\Jing-XuanTan(i)\Downloads\evsoc-efinity-v2026.1.132\evsoc-efinity-v2026.1.132\cam_single\Ti60F225_dsi\ip\csi2_rx_cam\csi2_rx_cam.sv:6307)
[EFX-0200 WARNING] Removing redundant signal : axi_awaddr[1:0]. (C:\Users\Jing-XuanTan(i)\Downloads\evsoc-efinity-v2026.1.132\evsoc-efinity-v2026.1.132\cam_single\Ti60F225_dsi\ip\csi2_rx_cam\csi2_rx_cam.sv:5564)
[EFX-0200 WARNING] Removing redundant signal : axi_araddr[1:0]. (C:\Users\Jing-XuanTan(i)\Downloads\evsoc-efinity-v2026.1.132\evsoc-efinity-v2026.1.132\cam_single\Ti60F225_dsi\ip\csi2_rx_cam\csi2_rx_cam.sv:5564)
[EFX-0200 WARNING] Removing redundant signal : loc_rdata[31:0]. (C:\Users\Jing-XuanTan(i)\Downloads\evsoc-efinity-v2026.1.132\evsoc-efinity-v2026.1.132\cam_single\Ti60F225_dsi\ip\csi2_rx_cam\csi2_rx_cam.sv:5564)
[EFX-0200 WARNING] Removing redundant signal : nextCRC16_D16.fcrc[15:0]. (C:\Users\Jing-XuanTan(i)\Downloads\evsoc-efinity-v2026.1.132\evsoc-efinity-v2026.1.132\cam_single\Ti60F225_dsi\ip\csi2_rx_cam\csi2_rx_cam.sv:1466)
[EFX-0200 WARNING] Removing redundant signal : nextCRC16_D16.Data[15:0]. (C:\Users\Jing-XuanTan(i)\Downloads\evsoc-efinity-v2026.1.132\evsoc-efinity-v2026.1.132\cam_single\Ti60F225_dsi\ip\csi2_rx_cam\csi2_rx_cam.sv:1466)
[EFX-0200 WARNING] Removing redundant signal : nextCRC16_D16[15:0]. (C:\Users\Jing-XuanTan(i)\Downloads\evsoc-efinity-v2026.1.132\evsoc-efinity-v2026.1.132\cam_single\Ti60F225_dsi\ip\csi2_rx_cam\csi2_rx_cam.sv:1466)
[EFX-0200 WARNING] Removing redundant signal : nextCRC16_D16.c[15:0]. (C:\Users\Jing-XuanTan(i)\Downloads\evsoc-efinity-v2026.1.132\evsoc-efinity-v2026.1.132\cam_single\Ti60F225_dsi\ip\csi2_rx_cam\csi2_rx_cam.sv:1466)
[EFX-0200 WARNING] Removing redundant signal : nextCRC16_D16.d[15:0]. (C:\Users\Jing-XuanTan(i)\Downloads\evsoc-efinity-v2026.1.132\evsoc-efinity-v2026.1.132\cam_single\Ti60F225_dsi\ip\csi2_rx_cam\csi2_rx_cam.sv:1466)
[EFX-0200 WARNING] Removing redundant signal : nextCRC16_D16.newcrc[15:0]. (C:\Users\Jing-XuanTan(i)\Downloads\evsoc-efinity-v2026.1.132\evsoc-efinity-v2026.1.132\cam_single\Ti60F225_dsi\ip\csi2_rx_cam\csi2_rx_cam.sv:1466)
[EFX-0200 WARNING] Removing redundant signal : nextCRC16_D8[15:0]. (C:\Users\Jing-XuanTan(i)\Downloads\evsoc-efinity-v2026.1.132\evsoc-efinity-v2026.1.132\cam_single\Ti60F225_dsi\ip\csi2_rx_cam\csi2_rx_cam.sv:1466)
[EFX-0200 WARNING] Removing redundant signal : nextCRC16_D8.Data[7:0]. (C:\Users\Jing-XuanTan(i)\Downloads\evsoc-efinity-v2026.1.132\evsoc-efinity-v2026.1.132\cam_single\Ti60F225_dsi\ip\csi2_rx_cam\csi2_rx_cam.sv:1466)
[EFX-0200 WARNING] Removing redundant signal : nextCRC16_D8.fcrc[15:0]. (C:\Users\Jing-XuanTan(i)\Downloads\evsoc-efinity-v2026.1.132\evsoc-efinity-v2026.1.132\cam_single\Ti60F225_dsi\ip\csi2_rx_cam\csi2_rx_cam.sv:1466)
[EFX-0201 WARNING] Re-wiring to GND non-driven net/port 'a_wr_rst_i' in module 'efx_fifo_top_04a96f5177a940fe94d182603b3fa9c9(FAMILY="",SYNC_CLK=1,PIPELINE_REG=0,OUTPUT_REG=1,PROGRAMMABLE_FULL="NONE",PROG_FULL_ASSERT=510,PROG_FULL_NEGATE=510,PROGRAMMABLE_EMPTY="NONE",PROG_EMPTY_ASSERT=2,PROG_EMPTY_NEGATE=3)'. (C:\Users\Jing-XuanTan(i)\Downloads\evsoc-efinity-v2026.1.132\evsoc-efinity-v2026.1.132\cam_single\Ti60F225_dsi\ip\cam_pixel_remap_fifo\cam_pixel_remap_fifo.sv:92)
[EFX-0201 WARNING] Re-wiring to GND non-driven net/port 'a_rd_rst_i' in module 'efx_fifo_top_04a96f5177a940fe94d182603b3fa9c9(FAMILY="",SYNC_CLK=1,PIPELINE_REG=0,OUTPUT_REG=1,PROGRAMMABLE_FULL="NONE",PROG_FULL_ASSERT=510,PROG_FULL_NEGATE=510,PROGRAMMABLE_EMPTY="NONE",PROG_EMPTY_ASSERT=2,PROG_EMPTY_NEGATE=3)'. (C:\Users\Jing-XuanTan(i)\Downloads\evsoc-efinity-v2026.1.132\evsoc-efinity-v2026.1.132\cam_single\Ti60F225_dsi\ip\cam_pixel_remap_fifo\cam_pixel_remap_fifo.sv:92)
[EFX-0201 WARNING] Re-wiring to GND non-driven net/port 'wr_clk_i' in module 'efx_fifo_top_04a96f5177a940fe94d182603b3fa9c9(FAMILY="",SYNC_CLK=1,PIPELINE_REG=0,OUTPUT_REG=1,PROGRAMMABLE_FULL="NONE",PROG_FULL_ASSERT=510,PROG_FULL_NEGATE=510,PROGRAMMABLE_EMPTY="NONE",PROG_EMPTY_ASSERT=2,PROG_EMPTY_NEGATE=3)'. (C:\Users\Jing-XuanTan(i)\Downloads\evsoc-efinity-v2026.1.132\evsoc-efinity-v2026.1.132\cam_single\Ti60F225_dsi\ip\cam_pixel_remap_fifo\cam_pixel_remap_fifo.sv:92)
[EFX-0201 WARNING] Re-wiring to GND non-driven net/port 'rd_clk_i' in module 'efx_fifo_top_04a96f5177a940fe94d182603b3fa9c9(FAMILY="",SYNC_CLK=1,PIPELINE_REG=0,OUTPUT_REG=1,PROGRAMMABLE_FULL="NONE",PROG_FULL_ASSERT=510,PROG_FULL_NEGATE=510,PROGRAMMABLE_EMPTY="NONE",PROG_EMPTY_ASSERT=2,PROG_EMPTY_NEGATE=3)'. (C:\Users\Jing-XuanTan(i)\Downloads\evsoc-efinity-v2026.1.132\evsoc-efinity-v2026.1.132\cam_single\Ti60F225_dsi\ip\cam_pixel_remap_fifo\cam_pixel_remap_fifo.sv:92)
[EFX-0201 WARNING] Re-wiring to GND non-driven net/port 'pipe_0_pixel_0_wire[16]' in module 'blc(PIXEL_PER_CYCLE=2,PIXEL_BIT_WIDTH=8)'. (C:\Users\Jing-XuanTan(i)\Downloads\evsoc-efinity-v2026.1.132\evsoc-efinity-v2026.1.132\cam_single\Ti60F225_dsi\source/isp/blc.sv:44)
[EFX-0201 WARNING] Re-wiring to GND non-driven net/port 'pipe_0_pixel_0_wire[15]' in module 'blc(PIXEL_PER_CYCLE=2,PIXEL_BIT_WIDTH=8)'. (C:\Users\Jing-XuanTan(i)\Downloads\evsoc-efinity-v2026.1.132\evsoc-efinity-v2026.1.132\cam_single\Ti60F225_dsi\source/isp/blc.sv:44)
[EFX-0201 WARNING] Re-wiring to GND non-driven net/port 'pipe_0_pixel_0_wire[14]' in module 'blc(PIXEL_PER_CYCLE=2,PIXEL_BIT_WIDTH=8)'. (C:\Users\Jing-XuanTan(i)\Downloads\evsoc-efinity-v2026.1.132\evsoc-efinity-v2026.1.132\cam_single\Ti60F225_dsi\source/isp/blc.sv:44)
[EFX-0201 WARNING] Re-wiring to GND non-driven net/port 'pipe_0_pixel_0_wire[13]' in module 'blc(PIXEL_PER_CYCLE=2,PIXEL_BIT_WIDTH=8)'. (C:\Users\Jing-XuanTan(i)\Downloads\evsoc-efinity-v2026.1.132\evsoc-efinity-v2026.1.132\cam_single\Ti60F225_dsi\source/isp/blc.sv:44)
[EFX-0201 WARNING] Re-wiring to GND non-driven net/port 'pipe_0_pixel_0_wire[12]' in module 'blc(PIXEL_PER_CYCLE=2,PIXEL_BIT_WIDTH=8)'. (C:\Users\Jing-XuanTan(i)\Downloads\evsoc-efinity-v2026.1.132\evsoc-efinity-v2026.1.132\cam_single\Ti60F225_dsi\source/isp/blc.sv:44)
[EFX-0201 WARNING] Re-wiring to GND non-driven net/port 'pipe_0_pixel_0_wire[11]' in module 'blc(PIXEL_PER_CYCLE=2,PIXEL_BIT_WIDTH=8)'. (C:\Users\Jing-XuanTan(i)\Downloads\evsoc-efinity-v2026.1.132\evsoc-efinity-v2026.1.132\cam_single\Ti60F225_dsi\source/isp/blc.sv:44)
[EFX-0657 WARNING] Mapping into logic memory block 'pipe_0_center' (20 bits) (C:\Users\Jing-XuanTan(i)\Downloads\evsoc-efinity-v2026.1.132\evsoc-efinity-v2026.1.132\cam_single\Ti60F225_dsi\source/isp/demosaic.sv:68) because size is too small (<=64)
[EFX-0657 WARNING] Mapping into logic memory block 'pipe_0_outer_horizontal' (20 bits) (C:\Users\Jing-XuanTan(i)\Downloads\evsoc-efinity-v2026.1.132\evsoc-efinity-v2026.1.132\cam_single\Ti60F225_dsi\source/isp/demosaic.sv:69) because size is too small (<=64)
[EFX-0657 WARNING] Mapping into logic memory block 'pipe_0_outer_vertical' (20 bits) (C:\Users\Jing-XuanTan(i)\Downloads\evsoc-efinity-v2026.1.132\evsoc-efinity-v2026.1.132\cam_single\Ti60F225_dsi\source/isp/demosaic.sv:70) because size is too small (<=64)
[EFX-0657 WARNING] Mapping into logic memory block 'pipe_0_inner_horizontal' (20 bits) (C:\Users\Jing-XuanTan(i)\Downloads\evsoc-efinity-v2026.1.132\evsoc-efinity-v2026.1.132\cam_single\Ti60F225_dsi\source/isp/demosaic.sv:71) because size is too small (<=64)
[EFX-0657 WARNING] Mapping into logic memory block 'pipe_0_inner_vertical' (20 bits) (C:\Users\Jing-XuanTan(i)\Downloads\evsoc-efinity-v2026.1.132\evsoc-efinity-v2026.1.132\cam_single\Ti60F225_dsi\source/isp/demosaic.sv:72) because size is too small (<=64)
[EFX-0657 WARNING] Mapping into logic memory block 'pipe_0_inner_top' (20 bits) (C:\Users\Jing-XuanTan(i)\Downloads\evsoc-efinity-v2026.1.132\evsoc-efinity-v2026.1.132\cam_single\Ti60F225_dsi\source/isp/demosaic.sv:73) because size is too small (<=64)
[EFX-0657 WARNING] Mapping into logic memory block 'pipe_0_inner_bottom' (20 bits) (C:\Users\Jing-XuanTan(i)\Downloads\evsoc-efinity-v2026.1.132\evsoc-efinity-v2026.1.132\cam_single\Ti60F225_dsi\source/isp/demosaic.sv:74) because size is too small (<=64)
[EFX-0657 WARNING] Mapping into logic memory block 'pipe_1_center' (28 bits) (C:\Users\Jing-XuanTan(i)\Downloads\evsoc-efinity-v2026.1.132\evsoc-efinity-v2026.1.132\cam_single\Ti60F225_dsi\source/isp/demosaic.sv:80) because size is too small (<=64)
[EFX-0657 WARNING] Mapping into logic memory block 'pipe_1_center_x5' (28 bits) (C:\Users\Jing-XuanTan(i)\Downloads\evsoc-efinity-v2026.1.132\evsoc-efinity-v2026.1.132\cam_single\Ti60F225_dsi\source/isp/demosaic.sv:81) because size is too small (<=64)
[EFX-0657 WARNING] Mapping into logic memory block 'pipe_1_center_x6' (28 bits) (C:\Users\Jing-XuanTan(i)\Downloads\evsoc-efinity-v2026.1.132\evsoc-efinity-v2026.1.132\cam_single\Ti60F225_dsi\source/isp/demosaic.sv:82) because size is too small (<=64)
[EFX-0657 WARNING] Mapping into logic memory block 'pipe_1_outer_horizontal' (28 bits) (C:\Users\Jing-XuanTan(i)\Downloads\evsoc-efinity-v2026.1.132\evsoc-efinity-v2026.1.132\cam_single\Ti60F225_dsi\source/isp/demosaic.sv:83) because size is too small (<=64)
[EFX-0657 WARNING] Mapping into logic memory block 'pipe_1_outer_vertical' (28 bits) (C:\Users\Jing-XuanTan(i)\Downloads\evsoc-efinity-v2026.1.132\evsoc-efinity-v2026.1.132\cam_single\Ti60F225_dsi\source/isp/demosaic.sv:84) because size is too small (<=64)
[EFX-0657 WARNING] Mapping into logic memory block 'pipe_1_outer_cross' (28 bits) (C:\Users\Jing-XuanTan(i)\Downloads\evsoc-efinity-v2026.1.132\evsoc-efinity-v2026.1.132\cam_single\Ti60F225_dsi\source/isp/demosaic.sv:85) because size is too small (<=64)
[EFX-0657 WARNING] Mapping into logic memory block 'pipe_1_inner_h_outer_v_x2' (28 bits) (C:\Users\Jing-XuanTan(i)\Downloads\evsoc-efinity-v2026.1.132\evsoc-efinity-v2026.1.132\cam_single\Ti60F225_dsi\source/isp/demosaic.sv:86) because size is too small (<=64)
[EFX-0657 WARNING] Mapping into logic memory block 'pipe_1_inner_v_outer_h_x2' (28 bits) (C:\Users\Jing-XuanTan(i)\Downloads\evsoc-efinity-v2026.1.132\evsoc-efinity-v2026.1.132\cam_single\Ti60F225_dsi\source/isp/demosaic.sv:87) because size is too small (<=64)
[EFX-0657 WARNING] Mapping into logic memory block 'pipe_1_inner_corner' (28 bits) (C:\Users\Jing-XuanTan(i)\Downloads\evsoc-efinity-v2026.1.132\evsoc-efinity-v2026.1.132\cam_single\Ti60F225_dsi\source/isp/demosaic.sv:88) because size is too small (<=64)
[EFX-0657 WARNING] Mapping into logic memory block 'pipe_1_inner_cross' (28 bits) (C:\Users\Jing-XuanTan(i)\Downloads\evsoc-efinity-v2026.1.132\evsoc-efinity-v2026.1.132\cam_single\Ti60F225_dsi\source/isp/demosaic.sv:89) because size is too small (<=64)
[EFX-0657 WARNING] Mapping into logic memory block 'pipe_2_center' (36 bits) (C:\Users\Jing-XuanTan(i)\Downloads\evsoc-efinity-v2026.1.132\evsoc-efinity-v2026.1.132\cam_single\Ti60F225_dsi\source/isp/demosaic.sv:95) because size is too small (<=64)
[EFX-0657 WARNING] Mapping into logic memory block 'pipe_2_center_cross_x2' (36 bits) (C:\Users\Jing-XuanTan(i)\Downloads\evsoc-efinity-v2026.1.132\evsoc-efinity-v2026.1.132\cam_single\Ti60F225_dsi\source/isp/demosaic.sv:96) because size is too small (<=64)
[EFX-0657 WARNING] Mapping into logic memory block 'pipe_2_outer_cross_x2' (36 bits) (C:\Users\Jing-XuanTan(i)\Downloads\evsoc-efinity-v2026.1.132\evsoc-efinity-v2026.1.132\cam_single\Ti60F225_dsi\source/isp/demosaic.sv:97) because size is too small (<=64)
[EFX-0657 WARNING] Mapping into logic memory block 'pipe_2_outer_cross_x3' (36 bits) (C:\Users\Jing-XuanTan(i)\Downloads\evsoc-efinity-v2026.1.132\evsoc-efinity-v2026.1.132\cam_single\Ti60F225_dsi\source/isp/demosaic.sv:98) because size is too small (<=64)
[EFX-0657 WARNING] Mapping into logic memory block 'pipe_2_inner_c_outer_h_x2' (36 bits) (C:\Users\Jing-XuanTan(i)\Downloads\evsoc-efinity-v2026.1.132\evsoc-efinity-v2026.1.132\cam_single\Ti60F225_dsi\source/isp/demosaic.sv:99) because size is too small (<=64)
[EFX-0657 WARNING] Mapping into logic memory block 'pipe_2_inner_c_outer_v_x2' (36 bits) (C:\Users\Jing-XuanTan(i)\Downloads\evsoc-efinity-v2026.1.132\evsoc-efinity-v2026.1.132\cam_single\Ti60F225_dsi\source/isp/demosaic.sv:100) because size is too small (<=64)
[EFX-0657 WARNING] Mapping into logic memory block 'pipe_2_rb_at_g1_x2' (36 bits) (C:\Users\Jing-XuanTan(i)\Downloads\evsoc-efinity-v2026.1.132\evsoc-efinity-v2026.1.132\cam_single\Ti60F225_dsi\source/isp/demosaic.sv:101) because size is too small (<=64)
[EFX-0657 WARNING] Mapping into logic memory block 'pipe_2_rb_at_g2_x2' (36 bits) (C:\Users\Jing-XuanTan(i)\Downloads\evsoc-efinity-v2026.1.132\evsoc-efinity-v2026.1.132\cam_single\Ti60F225_dsi\source/isp/demosaic.sv:102) because size is too small (<=64)
[EFX-0657 WARNING] Mapping into logic memory block 'pipe_2_rb_at_rb_x2' (36 bits) (C:\Users\Jing-XuanTan(i)\Downloads\evsoc-efinity-v2026.1.132\evsoc-efinity-v2026.1.132\cam_single\Ti60F225_dsi\source/isp/demosaic.sv:103) because size is too small (<=64)
[EFX-0656 WARNING] Optimizing into logic zero initialized read-only memory block 'isp_cfg_data__D$1'. (C:\Users\Jing-XuanTan(i)\Downloads\evsoc-efinity-v2026.1.132\evsoc-efinity-v2026.1.132\cam_single\Ti60F225_dsi\source\isp\cam_picam_v2.v:379)
[EFX-0657 WARNING] Mapping into logic memory block 'logic_progbufX_mem' (64 bits) (C:\Users\Jing-XuanTan(i)\Downloads\evsoc-efinity-v2026.1.132\evsoc-efinity-v2026.1.132\cam_single\Ti60F225_dsi\ip\SapphireSoc\SapphireSoc.v:12000) because size is too small (<=64)
[EFX-0657 WARNING] Mapping into logic memory block 'logic_ram' (64 bits) (C:\Users\Jing-XuanTan(i)\Downloads\evsoc-efinity-v2026.1.132\evsoc-efinity-v2026.1.132\cam_single\Ti60F225_dsi\ip\SapphireSoc\SapphireSoc.v:20389) because size is too small (<=64)
[EFX-0657 WARNING] Mapping into logic memory block 'u_hw_accel_apb3/slaveReg' (96 bits) (C:\Users\Jing-XuanTan(i)\Downloads\evsoc-efinity-v2026.1.132\evsoc-efinity-v2026.1.132\cam_single\Ti60F225_dsi\source\hw_accel\hw_accel_apb3.v:37) because it has all constant reader/writer.
[EFX-0657 WARNING] Mapping into logic memory block 'u_apb3_cam_display/slaveReg' (224 bits) (C:\Users\Jing-XuanTan(i)\Downloads\evsoc-efinity-v2026.1.132\evsoc-efinity-v2026.1.132\cam_single\Ti60F225_dsi\source/common/common_apb3.v:48) because it has all constant reader/writer.
[EFX-0011 VERI-WARNING] Input/inout port i_mipi_txc_sclk is unconnected. Place and route may remove this unconnected port. (VDB-8003) (C:\Users\Jing-XuanTan(i)\Downloads\evsoc-efinity-v2026.1.132\evsoc-efinity-v2026.1.132\cam_single\Ti60F225_dsi\edge_vision_soc.v:26)
[EFX-0011 VERI-WARNING] Input/inout port i_mipi_txd_sclk is unconnected. Place and route may remove this unconnected port. (VDB-8003) (C:\Users\Jing-XuanTan(i)\Downloads\evsoc-efinity-v2026.1.132\evsoc-efinity-v2026.1.132\cam_single\Ti60F225_dsi\edge_vision_soc.v:27)
[EFX-0011 VERI-WARNING] Input/inout port i_mipi_tx_pll_locked is unconnected. Place and route may remove this unconnected port. (VDB-8003) (C:\Users\Jing-XuanTan(i)\Downloads\evsoc-efinity-v2026.1.132\evsoc-efinity-v2026.1.132\cam_single\Ti60F225_dsi\edge_vision_soc.v:29)
[EFX-0011 VERI-WARNING] Input/inout port i_hbramClk90 is unconnected. Place and route may remove this unconnected port. (VDB-8003) (C:\Users\Jing-XuanTan(i)\Downloads\evsoc-efinity-v2026.1.132\evsoc-efinity-v2026.1.132\cam_single\Ti60F225_dsi\edge_vision_soc.v:33)
[EFX-0011 VERI-WARNING] Input/inout port i_cam_d0_HS_IN_1[7] is unconnected. Place and route may remove this unconnected port. (VDB-8003) (C:\Users\Jing-XuanTan(i)\Downloads\evsoc-efinity-v2026.1.132\evsoc-efinity-v2026.1.132\cam_single\Ti60F225_dsi\edge_vision_soc.v:74)
[EFX-0011 VERI-WARNING] Input/inout port i_cam_d0_HS_IN_2[7] is unconnected. Place and route may remove this unconnected port. (VDB-8003) (C:\Users\Jing-XuanTan(i)\Downloads\evsoc-efinity-v2026.1.132\evsoc-efinity-v2026.1.132\cam_single\Ti60F225_dsi\edge_vision_soc.v:75)
[EFX-0011 VERI-WARNING] Input/inout port i_cam_d0_HS_IN_3[7] is unconnected. Place and route may remove this unconnected port. (VDB-8003) (C:\Users\Jing-XuanTan(i)\Downloads\evsoc-efinity-v2026.1.132\evsoc-efinity-v2026.1.132\cam_single\Ti60F225_dsi\edge_vision_soc.v:76)
[EFX-0011 VERI-WARNING] Input/inout port i_cam_d1_HS_IN_1[7] is unconnected. Place and route may remove this unconnected port. (VDB-8003) (C:\Users\Jing-XuanTan(i)\Downloads\evsoc-efinity-v2026.1.132\evsoc-efinity-v2026.1.132\cam_single\Ti60F225_dsi\edge_vision_soc.v:89)
[EFX-0011 VERI-WARNING] Input/inout port i_cam_d1_HS_IN_2[7] is unconnected. Place and route may remove this unconnected port. (VDB-8003) (C:\Users\Jing-XuanTan(i)\Downloads\evsoc-efinity-v2026.1.132\evsoc-efinity-v2026.1.132\cam_single\Ti60F225_dsi\edge_vision_soc.v:90)
[EFX-0011 VERI-WARNING] Input/inout port i_cam_d1_HS_IN_3[7] is unconnected. Place and route may remove this unconnected port. (VDB-8003) (C:\Users\Jing-XuanTan(i)\Downloads\evsoc-efinity-v2026.1.132\evsoc-efinity-v2026.1.132\cam_single\Ti60F225_dsi\edge_vision_soc.v:91)
[EFX-0011 VERI-WARNING] Input/inout port sw6 is unconnected. Place and route may remove this unconnected port. (VDB-8003) (C:\Users\Jing-XuanTan(i)\Downloads\evsoc-efinity-v2026.1.132\evsoc-efinity-v2026.1.132\cam_single\Ti60F225_dsi\edge_vision_soc.v:181)
[EFX-0011 VERI-WARNING] Input/inout port sw7 is unconnected. Place and route may remove this unconnected port. (VDB-8003) (C:\Users\Jing-XuanTan(i)\Downloads\evsoc-efinity-v2026.1.132\evsoc-efinity-v2026.1.132\cam_single\Ti60F225_dsi\edge_vision_soc.v:182)
[EFX-0011 VERI-WARNING] Net soc_io_w_payload_id[0] is dangling. (VDB-8009) 
[EFX-0011 VERI-WARNING] Net soc_io_arw_payload_region[0] is dangling. (VDB-8009) 
[EFX-0011 VERI-WARNING] Net soc_io_arw_payload_cache[0] is dangling. (VDB-8009) 
[EFX-0011 VERI-WARNING] Net u_risc_v/u_EfxSapphireSoc/io_ddrA_r_rData_id[0] is dangling. (VDB-8009) 
[EFX-0011 VERI-WARNING] Net soc_io_arw_payload_prot[0] is dangling. (VDB-8009) 
[EFX-0011 VERI-WARNING] Net soc_io_arw_payload_lock is dangling. (VDB-8009) 
[EFX-0011 VERI-WARNING] Net soc_io_arw_payload_qos[0] is dangling. (VDB-8009) 
[EFX-0011 VERI-WARNING] Net u_risc_v/u_EfxSapphireSoc/system_cores_0_logic_cpu/IBusCachedPlugin_cache/lineLoader_address[0] is dangling. (VDB-8009) 
[EFX-0011 VERI-WARNING] Net u_risc_v/u_EfxSapphireSoc/system_cores_0_logic_cpu/IBusCachedPlugin_cache/lineLoader_address[1] is dangling. (VDB-8009) 
[EFX-0011 VERI-WARNING] Net u_risc_v/u_EfxSapphireSoc/system_cores_0_logic_cpu/IBusCachedPlugin_cache/lineLoader_address[2] is dangling. (VDB-8009) 
[EFX-0011 VERI-WARNING] Net u_risc_v/u_EfxSapphireSoc/system_cores_0_logic_cpu/IBusCachedPlugin_cache/lineLoader_address[3] is dangling. (VDB-8009) 
[EFX-0011 VERI-WARNING] Net u_risc_v/u_EfxSapphireSoc/system_cores_0_logic_cpu/IBusCachedPlugin_cache/lineLoader_address[4] is dangling. (VDB-8009) 
[EFX-0011 VERI-WARNING] Net u_risc_v/u_EfxSapphireSoc/system_cores_0_logic_cpu/IBusCachedPlugin_cache/lineLoader_address[5] is dangling. (VDB-8009) 
[EFX-0011 VERI-WARNING] Net soc_io_arw_payload_addr[31] is dangling. (VDB-8009) 
[EFX-0011 VERI-WARNING] Net soc_io_w_payload_id[1] is dangling. (VDB-8009) 
[EFX-0011 VERI-WARNING] Net soc_io_w_payload_id[2] is dangling. (VDB-8009) 
[EFX-0011 VERI-WARNING] Net soc_io_w_payload_id[3] is dangling. (VDB-8009) 
[EFX-0011 VERI-WARNING] Net soc_io_w_payload_id[4] is dangling. (VDB-8009) 
[EFX-0011 VERI-WARNING] Net soc_io_w_payload_id[5] is dangling. (VDB-8009) 
[EFX-0011 VERI-WARNING] Net soc_io_w_payload_id[6] is dangling. (VDB-8009) 
[EFX-0011 VERI-WARNING] Net soc_io_w_payload_id[7] is dangling. (VDB-8009) 
[EFX-0011 VERI-WARNING] Net u_risc_v/u_EfxSapphireSoc/io_ddrA_r_rData_id[1] is dangling. (VDB-8009) 
[EFX-0011 VERI-WARNING] Net u_risc_v/u_EfxSapphireSoc/io_ddrA_r_rData_id[2] is dangling. (VDB-8009) 
[EFX-0011 VERI-WARNING] Net u_risc_v/u_EfxSapphireSoc/io_ddrA_r_rData_id[3] is dangling. (VDB-8009) 
[EFX-0011 VERI-WARNING] Net u_risc_v/u_EfxSapphireSoc/io_ddrA_r_rData_id[4] is dangling. (VDB-8009) 
[EFX-0011 VERI-WARNING] Net u_risc_v/u_EfxSapphireSoc/io_ddrA_r_rData_id[5] is dangling. (VDB-8009) 
[EFX-0011 VERI-WARNING] Net u_risc_v/u_EfxSapphireSoc/io_ddrA_r_rData_id[6] is dangling. (VDB-8009) 
[EFX-0011 VERI-WARNING] Net u_risc_v/u_EfxSapphireSoc/io_ddrA_r_rData_id[7] is dangling. (VDB-8009) 
[EFX-0011 VERI-WARNING] Net soc_io_arw_payload_region[1] is dangling. (VDB-8009) 
[EFX-0011 VERI-WARNING] Net soc_io_arw_payload_region[2] is dangling. (VDB-8009) 
[EFX-0011 VERI-WARNING] Net soc_io_arw_payload_region[3] is dangling. (VDB-8009) 
[EFX-0011 VERI-WARNING] Net soc_io_arw_payload_cache[1] is dangling. (VDB-8009) 
[EFX-0011 VERI-WARNING] Net soc_io_arw_payload_cache[2] is dangling. (VDB-8009) 
[EFX-0011 VERI-WARNING] Net soc_io_arw_payload_cache[3] is dangling. (VDB-8009) 
[EFX-0011 VERI-WARNING] Net soc_io_arw_payload_qos[1] is dangling. (VDB-8009) 
[EFX-0011 VERI-WARNING] Net soc_io_arw_payload_qos[2] is dangling. (VDB-8009) 
[EFX-0011 VERI-WARNING] Net soc_io_arw_payload_qos[3] is dangling. (VDB-8009) 
[EFX-0011 VERI-WARNING] Net soc_io_arw_payload_prot[1] is dangling. (VDB-8009) 
[EFX-0011 VERI-WARNING] Net soc_io_arw_payload_prot[2] is dangling. (VDB-8009) 
[EFX-0011 VERI-WARNING] Net dma_arregion[0] is dangling. (VDB-8009) 
[EFX-0011 VERI-WARNING] Net dma_awregion[0] is dangling. (VDB-8009) 
[EFX-0011 VERI-WARNING] Net dma_arregion[1] is dangling. (VDB-8009) 
[EFX-0011 VERI-WARNING] Net dma_arregion[2] is dangling. (VDB-8009) 
[EFX-0011 VERI-WARNING] Net dma_arregion[3] is dangling. (VDB-8009) 
[EFX-0011 VERI-WARNING] Net dma_awregion[1] is dangling. (VDB-8009) 
[EFX-0011 VERI-WARNING] Net dma_awregion[2] is dangling. (VDB-8009) 
[EFX-0011 VERI-WARNING] Net dma_awregion[3] is dangling. (VDB-8009) 
[EFX-0011 VERI-WARNING] Net u_hbram/u_hbram_top/hbc_dq_OE_2[0] is dangling. (VDB-8009) 
[EFX-0011 VERI-WARNING] Net u_hbram/u_hbram_top/hbc_dq_OE_2[1] is dangling. (VDB-8009) 
[EFX-0011 VERI-WARNING] Net u_hbram/u_hbram_top/hbc_dq_OE_2[2] is dangling. (VDB-8009) 
[EFX-0011 VERI-WARNING] Net u_hbram/u_hbram_top/hbc_dq_OE_2[3] is dangling. (VDB-8009) 
[EFX-0011 VERI-WARNING] Net u_hbram/u_hbram_top/hbc_dq_OE_2[4] is dangling. (VDB-8009) 
[EFX-0011 VERI-WARNING] Net u_hbram/u_hbram_top/hbc_dq_OE_2[5] is dangling. (VDB-8009) 
[EFX-0011 VERI-WARNING] Net u_hbram/u_hbram_top/hbc_dq_OE_2[6] is dangling. (VDB-8009) 
[EFX-0011 VERI-WARNING] Net u_hbram/u_hbram_top/hbc_dq_OE_2[7] is dangling. (VDB-8009) 
[EFX-0011 VERI-WARNING] Net u_hbram/u_hbram_top/hbc_dq_OE_2[8] is dangling. (VDB-8009) 
[EFX-0011 VERI-WARNING] Net u_hbram/u_hbram_top/hbc_dq_OE_2[9] is dangling. (VDB-8009) 
[EFX-0011 VERI-WARNING] Net u_hbram/u_hbram_top/hbc_dq_OE_2[10] is dangling. (VDB-8009) 
[EFX-0011 VERI-WARNING] Net u_hbram/u_hbram_top/hbc_dq_OE_2[11] is dangling. (VDB-8009) 
[EFX-0011 VERI-WARNING] Net u_hbram/u_hbram_top/hbc_dq_OE_2[12] is dangling. (VDB-8009) 
[EFX-0011 VERI-WARNING] Net u_hbram/u_hbram_top/hbc_dq_OE_2[13] is dangling. (VDB-8009) 
[EFX-0011 VERI-WARNING] Net u_hbram/u_hbram_top/hbc_dq_OE_2[14] is dangling. (VDB-8009) 
[EFX-0011 VERI-WARNING] Net u_hbram/u_hbram_top/hbc_dq_OE_2[15] is dangling. (VDB-8009) 
[EFX-0011 VERI-WARNING] Net u_risc_v/u_EfxSapphireSoc/system_ddr_ddrLogic_cc_fifo/io_input_cmd_queue/popCC_popPtrPlus[0] is dangling. (VDB-8009) 
[EFX-0011 VERI-WARNING] Net u_risc_v/u_EfxSapphireSoc/system_ddr_ddrLogic_cc_fifo/io_output_rsp_queue/popCC_popPtrPlus[0] is dangling. (VDB-8009) 
[EFX-0011 VERI-WARNING] Net u_dma/u_EfxDMA/outputsAdapter_2_crossclock_fifo/popCC_popPtrPlus[0] is dangling. (VDB-8009) 
[EFX-0011 VERI-WARNING] Net u_dma/u_EfxDMA/inputsAdapter_1_crossclock_fifo/popCC_popPtrPlus[0] is dangling. (VDB-8009) 
[EFX-0011 VERI-WARNING] Net u_dma/u_EfxDMA/outputsAdapter_1_crossclock_fifo/popCC_popPtrPlus[0] is dangling. (VDB-8009) 
[EFX-0011 VERI-WARNING] Net u_dma/u_EfxDMA/inputsAdapter_0_crossclock_fifo/popCC_popPtrPlus[0] is dangling. (VDB-8009) 
[EFX-0011 VERI-WARNING] Found 123 warnings in the post-synthesis netlist. 

///////////////////////////////////
// Efinity Synthesis Started 
// Aug 27, 2026 10:28:31
///////////////////////////////////

[EFX-0011 VERI-WARNING] parameter 'CL_S_COUNT' becomes localparam in 'axi_interconnect' with formal parameter declaration list (VERI-1199) (C:\Users\Jing-XuanTan(i)\Downloads\evsoc-efinity-v2026.1.132\evsoc-efinity-v2026.1.132\cam_single\Ti60F225_dsi\source/axi/axi_interconnect.v:180)
[EFX-0011 VERI-WARNING] parameter 'CL_M_COUNT' becomes localparam in 'axi_interconnect' with formal parameter declaration list (VERI-1199) (C:\Users\Jing-XuanTan(i)\Downloads\evsoc-efinity-v2026.1.132\evsoc-efinity-v2026.1.132\cam_single\Ti60F225_dsi\source/axi/axi_interconnect.v:181)
[EFX-0011 VERI-WARNING] parameter 'AUSER_WIDTH' becomes localparam in 'axi_interconnect' with formal parameter declaration list (VERI-1199) (C:\Users\Jing-XuanTan(i)\Downloads\evsoc-efinity-v2026.1.132\evsoc-efinity-v2026.1.132\cam_single\Ti60F225_dsi\source/axi/axi_interconnect.v:183)
[EFX-0011 VERI-WARNING] parameter 'M_BASE_ADDR_INT' becomes localparam in 'axi_interconnect' with formal parameter declaration list (VERI-1199) (C:\Users\Jing-XuanTan(i)\Downloads\evsoc-efinity-v2026.1.132\evsoc-efinity-v2026.1.132\cam_single\Ti60F225_dsi\source/axi/axi_interconnect.v:202)
[EFX-0011 VERI-WARNING] parameter 'W1' becomes localparam in 'priority_encoder' with formal parameter declaration list (VERI-1199) (C:\Users\Jing-XuanTan(i)\Downloads\evsoc-efinity-v2026.1.132\evsoc-efinity-v2026.1.132\cam_single\Ti60F225_dsi\source/axi/priority_encoder.v:39)
[EFX-0011 VERI-WARNING] parameter 'W2' becomes localparam in 'priority_encoder' with formal parameter declaration list (VERI-1199) (C:\Users\Jing-XuanTan(i)\Downloads\evsoc-efinity-v2026.1.132\evsoc-efinity-v2026.1.132\cam_single\Ti60F225_dsi\source/axi/priority_encoder.v:40)
[EFX-0011 VERI-WARNING] parameter 'X_OUT_RATIO' becomes localparam in 'cam_scaling' with formal parameter declaration list (VERI-1199) (C:\Users\Jing-XuanTan(i)\Downloads\evsoc-efinity-v2026.1.132\evsoc-efinity-v2026.1.132\cam_single\Ti60F225_dsi\source/cam/cam_scaling.v:31)
[EFX-0011 VERI-WARNING] parameter 'X_IN_RATIO' becomes localparam in 'cam_scaling' with formal parameter declaration list (VERI-1199) (C:\Users\Jing-XuanTan(i)\Downloads\evsoc-efinity-v2026.1.132\evsoc-efinity-v2026.1.132\cam_single\Ti60F225_dsi\source/cam/cam_scaling.v:32)
[EFX-0011 VERI-WARNING] parameter 'Y_OUT_RATIO' becomes localparam in 'cam_scaling' with formal parameter declaration list (VERI-1199) (C:\Users\Jing-XuanTan(i)\Downloads\evsoc-efinity-v2026.1.132\evsoc-efinity-v2026.1.132\cam_single\Ti60F225_dsi\source/cam/cam_scaling.v:33)
[EFX-0011 VERI-WARNING] parameter 'Y_IN_RATIO' becomes localparam in 'cam_scaling' with formal parameter declaration list (VERI-1199) (C:\Users\Jing-XuanTan(i)\Downloads\evsoc-efinity-v2026.1.132\evsoc-efinity-v2026.1.132\cam_single\Ti60F225_dsi\source/cam/cam_scaling.v:34)
[EFX-0011 VERI-WARNING] illegal integral type argument in math function 'floor()'; expected real type (VERI-2792) (C:\Users\Jing-XuanTan(i)\Downloads\evsoc-efinity-v2026.1.132\evsoc-efinity-v2026.1.132\cam_single\Ti60F225_dsi\source/isp/axi_lite_register.sv:10)
[EFX-0011 VERI-WARNING] illegal integral type argument in math function 'floor()'; expected real type (VERI-2792) (C:\Users\Jing-XuanTan(i)\Downloads\evsoc-efinity-v2026.1.132\evsoc-efinity-v2026.1.132\cam_single\Ti60F225_dsi\source/isp/bitlog.sv:12)
[EFX-0011 VERI-WARNING] illegal integral type argument in math function 'floor()'; expected real type (VERI-2792) (C:\Users\Jing-XuanTan(i)\Downloads\evsoc-efinity-v2026.1.132\evsoc-efinity-v2026.1.132\cam_single\Ti60F225_dsi\source/isp/bitsqrt.sv:12)
[EFX-0011 VERI-WARNING] illegal integral type argument in math function 'floor()'; expected real type (VERI-2792) (C:\Users\Jing-XuanTan(i)\Downloads\evsoc-efinity-v2026.1.132\evsoc-efinity-v2026.1.132\cam_single\Ti60F225_dsi\source/isp/blc.sv:12)
[EFX-0011 VERI-WARNING] parameter 'INT_DATA_WIDTH' becomes localparam in 'blc' with formal parameter declaration list (VERI-1199) (C:\Users\Jing-XuanTan(i)\Downloads\evsoc-efinity-v2026.1.132\evsoc-efinity-v2026.1.132\cam_single\Ti60F225_dsi\source/isp/blc.sv:34)
[EFX-0011 VERI-WARNING] illegal integral type argument in math function 'floor()'; expected real type (VERI-2792) (C:\Users\Jing-XuanTan(i)\Downloads\evsoc-efinity-v2026.1.132\evsoc-efinity-v2026.1.132\cam_single\Ti60F225_dsi\source/isp/ccm.sv:12)
[EFX-0011 VERI-WARNING] illegal integral type argument in math function 'floor()'; expected real type (VERI-2792) (C:\Users\Jing-XuanTan(i)\Downloads\evsoc-efinity-v2026.1.132\evsoc-efinity-v2026.1.132\cam_single\Ti60F225_dsi\source/isp/ccm.sv:13)
[EFX-0011 VERI-WARNING] illegal integral type argument in math function 'floor()'; expected real type (VERI-2792) (C:\Users\Jing-XuanTan(i)\Downloads\evsoc-efinity-v2026.1.132\evsoc-efinity-v2026.1.132\cam_single\Ti60F225_dsi\source/isp/colorgain.sv:14)
[EFX-0011 VERI-WARNING] illegal integral type argument in math function 'floor()'; expected real type (VERI-2792) (C:\Users\Jing-XuanTan(i)\Downloads\evsoc-efinity-v2026.1.132\evsoc-efinity-v2026.1.132\cam_single\Ti60F225_dsi\source/isp/decompanding.sv:13)
[EFX-0011 VERI-WARNING] illegal integral type argument in math function 'floor()'; expected real type (VERI-2792) (C:\Users\Jing-XuanTan(i)\Downloads\evsoc-efinity-v2026.1.132\evsoc-efinity-v2026.1.132\cam_single\Ti60F225_dsi\source/isp/decompanding.sv:14)
[EFX-0011 VERI-WARNING] illegal integral type argument in math function 'floor()'; expected real type (VERI-2792) (C:\Users\Jing-XuanTan(i)\Downloads\evsoc-efinity-v2026.1.132\evsoc-efinity-v2026.1.132\cam_single\Ti60F225_dsi\source/isp/demosaic.sv:16)
[EFX-0011 VERI-WARNING] illegal integral type argument in math function 'floor()'; expected real type (VERI-2792) (C:\Users\Jing-XuanTan(i)\Downloads\evsoc-efinity-v2026.1.132\evsoc-efinity-v2026.1.132\cam_single\Ti60F225_dsi\source/isp/demosaic.sv:17)
[EFX-0011 VERI-WARNING] illegal integral type argument in math function 'floor()'; expected real type (VERI-2792) (C:\Users\Jing-XuanTan(i)\Downloads\evsoc-efinity-v2026.1.132\evsoc-efinity-v2026.1.132\cam_single\Ti60F225_dsi\source/isp/demosaic.sv:57)
[EFX-0011 VERI-WARNING] illegal integral type argument in math function 'floor()'; expected real type (VERI-2792) (C:\Users\Jing-XuanTan(i)\Downloads\evsoc-efinity-v2026.1.132\evsoc-efinity-v2026.1.132\cam_single\Ti60F225_dsi\source/isp/gamma.sv:14)
[EFX-0011 VERI-WARNING] illegal integral type argument in math function 'floor()'; expected real type (VERI-2792) (C:\Users\Jing-XuanTan(i)\Downloads\evsoc-efinity-v2026.1.132\evsoc-efinity-v2026.1.132\cam_single\Ti60F225_dsi\source/isp/gamma.sv:15)
[EFX-0011 VERI-WARNING] illegal integral type argument in math function 'floor()'; expected real type (VERI-2792) (C:\Users\Jing-XuanTan(i)\Downloads\evsoc-efinity-v2026.1.132\evsoc-efinity-v2026.1.132\cam_single\Ti60F225_dsi\source/isp/gamma.sv:36)
[EFX-0011 VERI-WARNING] illegal integral type argument in math function 'floor()'; expected real type (VERI-2792) (C:\Users\Jing-XuanTan(i)\Downloads\evsoc-efinity-v2026.1.132\evsoc-efinity-v2026.1.132\cam_single\Ti60F225_dsi\source/isp/gamma.sv:37)
[EFX-0011 VERI-WARNING] illegal integral type argument in math function 'floor()'; expected real type (VERI-2792) (C:\Users\Jing-XuanTan(i)\Downloads\evsoc-efinity-v2026.1.132\evsoc-efinity-v2026.1.132\cam_single\Ti60F225_dsi\source/isp/histogram_minmax.sv:14)
[EFX-0011 VERI-WARNING] illegal integral type argument in math function 'floor()'; expected real type (VERI-2792) (C:\Users\Jing-XuanTan(i)\Downloads\evsoc-efinity-v2026.1.132\evsoc-efinity-v2026.1.132\cam_single\Ti60F225_dsi\source/isp/histogram_minmax2.sv:14)
[EFX-0011 VERI-WARNING] illegal integral type argument in math function 'floor()'; expected real type (VERI-2792) (C:\Users\Jing-XuanTan(i)\Downloads\evsoc-efinity-v2026.1.132\evsoc-efinity-v2026.1.132\cam_single\Ti60F225_dsi\source/isp/histogram_minmax3.sv:13)
[EFX-0011 VERI-WARNING] illegal integral type argument in math function 'floor()'; expected real type (VERI-2792) (C:\Users\Jing-XuanTan(i)\Downloads\evsoc-efinity-v2026.1.132\evsoc-efinity-v2026.1.132\cam_single\Ti60F225_dsi\source/isp/histogram_scale.sv:13)
[EFX-0011 VERI-WARNING] illegal integral type argument in math function 'floor()'; expected real type (VERI-2792) (C:\Users\Jing-XuanTan(i)\Downloads\evsoc-efinity-v2026.1.132\evsoc-efinity-v2026.1.132\cam_single\Ti60F225_dsi\source/isp/histogram_scale.sv:14)
[EFX-0011 VERI-WARNING] illegal integral type argument in math function 'floor()'; expected real type (VERI-2792) (C:\Users\Jing-XuanTan(i)\Downloads\evsoc-efinity-v2026.1.132\evsoc-efinity-v2026.1.132\cam_single\Ti60F225_dsi\source/isp/histogram_stretch.sv:13)
[EFX-0011 VERI-WARNING] illegal integral type argument in math function 'floor()'; expected real type (VERI-2792) (C:\Users\Jing-XuanTan(i)\Downloads\evsoc-efinity-v2026.1.132\evsoc-efinity-v2026.1.132\cam_single\Ti60F225_dsi\source/isp/histogram_stretch.sv:14)
[EFX-0011 VERI-WARNING] illegal integral type argument in math function 'floor()'; expected real type (VERI-2792) (C:\Users\Jing-XuanTan(i)\Downloads\evsoc-efinity-v2026.1.132\evsoc-efinity-v2026.1.132\cam_single\Ti60F225_dsi\source/isp/isp.sv:20)
[EFX-0011 VERI-WARNING] illegal integral type argument in math function 'floor()'; expected real type (VERI-2792) (C:\Users\Jing-XuanTan(i)\Downloads\evsoc-efinity-v2026.1.132\evsoc-efinity-v2026.1.132\cam_single\Ti60F225_dsi\source/isp/isp.sv:23)
[EFX-0011 VERI-WARNING] illegal integral type argument in math function 'floor()'; expected real type (VERI-2792) (C:\Users\Jing-XuanTan(i)\Downloads\evsoc-efinity-v2026.1.132\evsoc-efinity-v2026.1.132\cam_single\Ti60F225_dsi\source/isp/isp.sv:24)
[EFX-0011 VERI-WARNING] illegal integral type argument in math function 'floor()'; expected real type (VERI-2792) (C:\Users\Jing-XuanTan(i)\Downloads\evsoc-efinity-v2026.1.132\evsoc-efinity-v2026.1.132\cam_single\Ti60F225_dsi\source/isp/isp.sv:135)
[EFX-0011 VERI-WARNING] illegal integral type argument in math function 'floor()'; expected real type (VERI-2792) (C:\Users\Jing-XuanTan(i)\Downloads\evsoc-efinity-v2026.1.132\evsoc-efinity-v2026.1.132\cam_single\Ti60F225_dsi\source/isp/isp.sv:167)
[EFX-0011 VERI-WARNING] illegal integral type argument in math function 'floor()'; expected real type (VERI-2792) (C:\Users\Jing-XuanTan(i)\Downloads\evsoc-efinity-v2026.1.132\evsoc-efinity-v2026.1.132\cam_single\Ti60F225_dsi\source/isp/isp.sv:230)
[EFX-0011 VERI-WARNING] illegal integral type argument in math function 'floor()'; expected real type (VERI-2792) (C:\Users\Jing-XuanTan(i)\Downloads\evsoc-efinity-v2026.1.132\evsoc-efinity-v2026.1.132\cam_single\Ti60F225_dsi\source/isp/isp.sv:262)
[EFX-0011 VERI-WARNING] illegal integral type argument in math function 'floor()'; expected real type (VERI-2792) (C:\Users\Jing-XuanTan(i)\Downloads\evsoc-efinity-v2026.1.132\evsoc-efinity-v2026.1.132\cam_single\Ti60F225_dsi\source/isp/isp.sv:263)
[EFX-0011 VERI-WARNING] illegal integral type argument in math function 'floor()'; expected real type (VERI-2792) (C:\Users\Jing-XuanTan(i)\Downloads\evsoc-efinity-v2026.1.132\evsoc-efinity-v2026.1.132\cam_single\Ti60F225_dsi\source/isp/isp.sv:332)
[EFX-0011 VERI-WARNING] illegal integral type argument in math function 'floor()'; expected real type (VERI-2792) (C:\Users\Jing-XuanTan(i)\Downloads\evsoc-efinity-v2026.1.132\evsoc-efinity-v2026.1.132\cam_single\Ti60F225_dsi\source/isp/isp.sv:333)
[EFX-0011 VERI-WARNING] illegal integral type argument in math function 'floor()'; expected real type (VERI-2792) (C:\Users\Jing-XuanTan(i)\Downloads\evsoc-efinity-v2026.1.132\evsoc-efinity-v2026.1.132\cam_single\Ti60F225_dsi\source/isp/linebuffer.sv:16)
[EFX-0011 VERI-WARNING] illegal integral type argument in math function 'floor()'; expected real type (VERI-2792) (C:\Users\Jing-XuanTan(i)\Downloads\evsoc-efinity-v2026.1.132\evsoc-efinity-v2026.1.132\cam_single\Ti60F225_dsi\source/isp/lut.sv:13)
[EFX-0011 VERI-WARNING] illegal integral type argument in math function 'floor()'; expected real type (VERI-2792) (C:\Users\Jing-XuanTan(i)\Downloads\evsoc-efinity-v2026.1.132\evsoc-efinity-v2026.1.132\cam_single\Ti60F225_dsi\source/isp/lut.sv:14)
[EFX-0011 VERI-WARNING] illegal integral type argument in math function 'floor()'; expected real type (VERI-2792) (C:\Users\Jing-XuanTan(i)\Downloads\evsoc-efinity-v2026.1.132\evsoc-efinity-v2026.1.132\cam_single\Ti60F225_dsi\source/isp/minmaxmean.sv:14)
[EFX-0011 VERI-WARNING] illegal integral type argument in math function 'floor()'; expected real type (VERI-2792) (C:\Users\Jing-XuanTan(i)\Downloads\evsoc-efinity-v2026.1.132\evsoc-efinity-v2026.1.132\cam_single\Ti60F225_dsi\source/isp/pwl.sv:13)
[EFX-0011 VERI-WARNING] illegal integral type argument in math function 'floor()'; expected real type (VERI-2792) (C:\Users\Jing-XuanTan(i)\Downloads\evsoc-efinity-v2026.1.132\evsoc-efinity-v2026.1.132\cam_single\Ti60F225_dsi\source/isp/rgb_to_xyz.sv:12)
[EFX-0011 VERI-WARNING] illegal integral type argument in math function 'floor()'; expected real type (VERI-2792) (C:\Users\Jing-XuanTan(i)\Downloads\evsoc-efinity-v2026.1.132\evsoc-efinity-v2026.1.132\cam_single\Ti60F225_dsi\source/isp/xyz_to_rgb.sv:12)
[EFX-0011 VERI-WARNING] parameter '**' becomes localparam in '**' with formal parameter declaration list (VERI-1199) (C:\Users\Jing-XuanTan(i)\Downloads\evsoc-efinity-v2026.1.132\evsoc-efinity-v2026.1.132\cam_single\Ti60F225_dsi\ip\hbram\hbram.sv:4976)
[EFX-0011 VERI-WARNING] parameter '**' becomes localparam in '**' with formal parameter declaration list (VERI-1199) (C:\Users\Jing-XuanTan(i)\Downloads\evsoc-efinity-v2026.1.132\evsoc-efinity-v2026.1.132\cam_single\Ti60F225_dsi\ip\hbram\hbram.sv:5309)
[EFX-0011 VERI-WARNING] port 'system_spi_0_io_data_2_read' is not connected on this instance (VERI-2435) (C:\Users\Jing-XuanTan(i)\Downloads\evsoc-efinity-v2026.1.132\evsoc-efinity-v2026.1.132\cam_single\Ti60F225_dsi\edge_vision_soc.v:1269)
[EFX-0011 VERI-WARNING] port 'system_spi_0_io_data_2_write' remains unconnected for this instance (VERI-1927) (C:\Users\Jing-XuanTan(i)\Downloads\evsoc-efinity-v2026.1.132\evsoc-efinity-v2026.1.132\cam_single\Ti60F225_dsi\edge_vision_soc.v:1269)
[EFX-0011 VERI-WARNING] port 'dat1_o_tvalid' remains unconnected for this instance (VERI-1927) (C:\Users\Jing-XuanTan(i)\Downloads\evsoc-efinity-v2026.1.132\evsoc-efinity-v2026.1.132\cam_single\Ti60F225_dsi\edge_vision_soc.v:1416)
[EFX-0011 VERI-WARNING] port 'dat1_o_tready' is not connected on this instance (VERI-2435) (C:\Users\Jing-XuanTan(i)\Downloads\evsoc-efinity-v2026.1.132\evsoc-efinity-v2026.1.132\cam_single\Ti60F225_dsi\edge_vision_soc.v:1416)
[EFX-0011 VERI-WARNING] port 's_axi_awuser' remains unconnected for this instance (VERI-1927) (C:\Users\Jing-XuanTan(i)\Downloads\evsoc-efinity-v2026.1.132\evsoc-efinity-v2026.1.132\cam_single\Ti60F225_dsi\edge_vision_soc.v:1545)
[EFX-0011 VERI-WARNING] expression size 32 truncated to fit in target size 8 (VERI-1209) (C:\Users\Jing-XuanTan(i)\Downloads\evsoc-efinity-v2026.1.132\evsoc-efinity-v2026.1.132\cam_single\Ti60F225_dsi\edge_vision_soc.v:691)
[EFX-0011 VERI-WARNING] expression size 32 truncated to fit in target size 8 (VERI-1209) (C:\Users\Jing-XuanTan(i)\Downloads\evsoc-efinity-v2026.1.132\evsoc-efinity-v2026.1.132\cam_single\Ti60F225_dsi\edge_vision_soc.v:692)
[EFX-0011 VERI-WARNING] expression size ** truncated to fit in target size ** (VERI-1209) (C:\Users\Jing-XuanTan(i)\Downloads\evsoc-efinity-v2026.1.132\evsoc-efinity-v2026.1.132\cam_single\Ti60F225_dsi\ip\csi2_rx_cam\csi2_rx_cam.sv:7306)
[EFX-0011 VERI-WARNING] expression size ** truncated to fit in target size ** (VERI-1209) (C:\Users\Jing-XuanTan(i)\Downloads\evsoc-efinity-v2026.1.132\evsoc-efinity-v2026.1.132\cam_single\Ti60F225_dsi\ip\csi2_rx_cam\csi2_rx_cam.sv:4119)
[EFX-0011 VERI-WARNING] assignment and/or driver for '**' inside static function '**' is not preserved (VERI-2457) (C:\Users\Jing-XuanTan(i)\Downloads\evsoc-efinity-v2026.1.132\evsoc-efinity-v2026.1.132\cam_single\Ti60F225_dsi\ip\csi2_rx_cam\csi2_rx_cam.sv:1466)
[EFX-0011 VERI-WARNING] port '**' remains unconnected for this instance (VERI-1927) (C:\Users\Jing-XuanTan(i)\Downloads\evsoc-efinity-v2026.1.132\evsoc-efinity-v2026.1.132\cam_single\Ti60F225_dsi\ip\csi2_rx_cam\csi2_rx_cam.sv:1264)
[EFX-0011 VERI-WARNING] expression size ** truncated to fit in target size ** (VERI-1209) (C:\Users\Jing-XuanTan(i)\Downloads\evsoc-efinity-v2026.1.132\evsoc-efinity-v2026.1.132\cam_single\Ti60F225_dsi\ip\csi2_rx_cam\csi2_rx_cam.sv:1264)
[EFX-0011 VERI-WARNING] expression size ** truncated to fit in target size ** (VERI-1209) (C:\Users\Jing-XuanTan(i)\Downloads\evsoc-efinity-v2026.1.132\evsoc-efinity-v2026.1.132\cam_single\Ti60F225_dsi\ip\csi2_rx_cam\csi2_rx_cam.sv:2711)
[EFX-0011 VERI-WARNING] expression size ** truncated to fit in target size ** (VERI-1209) (C:\Users\Jing-XuanTan(i)\Downloads\evsoc-efinity-v2026.1.132\evsoc-efinity-v2026.1.132\cam_single\Ti60F225_dsi\ip\csi2_rx_cam\csi2_rx_cam.sv:2869)
[EFX-0011 VERI-WARNING] expression size ** truncated to fit in target size ** (VERI-1209) (C:\Users\Jing-XuanTan(i)\Downloads\evsoc-efinity-v2026.1.132\evsoc-efinity-v2026.1.132\cam_single\Ti60F225_dsi\ip\csi2_rx_cam\csi2_rx_cam.sv:1264)
[EFX-0011 VERI-WARNING] port 'rst_busy' remains unconnected for this instance (VERI-1927) (C:\Users\Jing-XuanTan(i)\Downloads\evsoc-efinity-v2026.1.132\evsoc-efinity-v2026.1.132\cam_single\Ti60F225_dsi\source\isp\cam_picam_v2.v:238)
[EFX-0011 VERI-WARNING] port 'rst_busy' remains unconnected for this instance (VERI-1927) (C:\Users\Jing-XuanTan(i)\Downloads\evsoc-efinity-v2026.1.132\evsoc-efinity-v2026.1.132\cam_single\Ti60F225_dsi\source\isp\cam_picam_v2.v:526)
[EFX-0011 VERI-WARNING] port 'a_wr_rst_i' remains unconnected for this instance (VERI-1927) (C:\Users\Jing-XuanTan(i)\Downloads\evsoc-efinity-v2026.1.132\evsoc-efinity-v2026.1.132\cam_single\Ti60F225_dsi\ip\cam_pixel_remap_fifo\cam_pixel_remap_fifo.sv:110)
[EFX-0011 VERI-WARNING] input port 'a_wr_rst_i' is not connected on this instance (VDB-1013) (C:\Users\Jing-XuanTan(i)\Downloads\evsoc-efinity-v2026.1.132\evsoc-efinity-v2026.1.132\cam_single\Ti60F225_dsi\ip\cam_pixel_remap_fifo\cam_pixel_remap_fifo.sv:92)
[EFX-0011 VERI-WARNING] illegal integral type argument in math function 'floor()'; expected real type (VERI-2792) (C:\Users\Jing-XuanTan(i)\Downloads\evsoc-efinity-v2026.1.132\evsoc-efinity-v2026.1.132\cam_single\Ti60F225_dsi\source/isp/isp.sv:20)
[EFX-0011 VERI-WARNING] illegal integral type argument in math function 'floor()'; expected real type (VERI-2792) (C:\Users\Jing-XuanTan(i)\Downloads\evsoc-efinity-v2026.1.132\evsoc-efinity-v2026.1.132\cam_single\Ti60F225_dsi\source/isp/isp.sv:23)
[EFX-0011 VERI-WARNING] illegal integral type argument in math function 'floor()'; expected real type (VERI-2792) (C:\Users\Jing-XuanTan(i)\Downloads\evsoc-efinity-v2026.1.132\evsoc-efinity-v2026.1.132\cam_single\Ti60F225_dsi\source/isp/isp.sv:24)
[EFX-0011 VERI-WARNING] illegal integral type argument in math function 'floor()'; expected real type (VERI-2792) (C:\Users\Jing-XuanTan(i)\Downloads\evsoc-efinity-v2026.1.132\evsoc-efinity-v2026.1.132\cam_single\Ti60F225_dsi\source/isp/isp.sv:135)
[EFX-0011 VERI-WARNING] illegal integral type argument in math function 'floor()'; expected real type (VERI-2792) (C:\Users\Jing-XuanTan(i)\Downloads\evsoc-efinity-v2026.1.132\evsoc-efinity-v2026.1.132\cam_single\Ti60F225_dsi\source/isp/isp.sv:167)
[EFX-0011 VERI-WARNING] illegal integral type argument in math function 'floor()'; expected real type (VERI-2792) (C:\Users\Jing-XuanTan(i)\Downloads\evsoc-efinity-v2026.1.132\evsoc-efinity-v2026.1.132\cam_single\Ti60F225_dsi\source/isp/isp.sv:230)
[EFX-0011 VERI-WARNING] illegal integral type argument in math function 'floor()'; expected real type (VERI-2792) (C:\Users\Jing-XuanTan(i)\Downloads\evsoc-efinity-v2026.1.132\evsoc-efinity-v2026.1.132\cam_single\Ti60F225_dsi\source/isp/isp.sv:262)
[EFX-0011 VERI-WARNING] illegal integral type argument in math function 'floor()'; expected real type (VERI-2792) (C:\Users\Jing-XuanTan(i)\Downloads\evsoc-efinity-v2026.1.132\evsoc-efinity-v2026.1.132\cam_single\Ti60F225_dsi\source/isp/isp.sv:263)
[EFX-0011 VERI-WARNING] illegal integral type argument in math function 'floor()'; expected real type (VERI-2792) (C:\Users\Jing-XuanTan(i)\Downloads\evsoc-efinity-v2026.1.132\evsoc-efinity-v2026.1.132\cam_single\Ti60F225_dsi\source/isp/isp.sv:332)
[EFX-0011 VERI-WARNING] illegal integral type argument in math function 'floor()'; expected real type (VERI-2792) (C:\Users\Jing-XuanTan(i)\Downloads\evsoc-efinity-v2026.1.132\evsoc-efinity-v2026.1.132\cam_single\Ti60F225_dsi\source/isp/isp.sv:333)
[EFX-0011 VERI-WARNING] illegal integral type argument in math function 'floor()'; expected real type (VERI-2792) (C:\Users\Jing-XuanTan(i)\Downloads\evsoc-efinity-v2026.1.132\evsoc-efinity-v2026.1.132\cam_single\Ti60F225_dsi\source/isp/isp.sv:135)
[EFX-0011 VERI-WARNING] illegal integral type argument in math function 'floor()'; expected real type (VERI-2792) (C:\Users\Jing-XuanTan(i)\Downloads\evsoc-efinity-v2026.1.132\evsoc-efinity-v2026.1.132\cam_single\Ti60F225_dsi\source/isp/isp.sv:167)
[EFX-0011 VERI-WARNING] illegal integral type argument in math function 'floor()'; expected real type (VERI-2792) (C:\Users\Jing-XuanTan(i)\Downloads\evsoc-efinity-v2026.1.132\evsoc-efinity-v2026.1.132\cam_single\Ti60F225_dsi\source/isp/isp.sv:230)
[EFX-0011 VERI-WARNING] illegal integral type argument in math function 'floor()'; expected real type (VERI-2792) (C:\Users\Jing-XuanTan(i)\Downloads\evsoc-efinity-v2026.1.132\evsoc-efinity-v2026.1.132\cam_single\Ti60F225_dsi\source/isp/isp.sv:262)
[EFX-0011 VERI-WARNING] illegal integral type argument in math function 'floor()'; expected real type (VERI-2792) (C:\Users\Jing-XuanTan(i)\Downloads\evsoc-efinity-v2026.1.132\evsoc-efinity-v2026.1.132\cam_single\Ti60F225_dsi\source/isp/isp.sv:263)
[EFX-0011 VERI-WARNING] illegal integral type argument in math function 'floor()'; expected real type (VERI-2792) (C:\Users\Jing-XuanTan(i)\Downloads\evsoc-efinity-v2026.1.132\evsoc-efinity-v2026.1.132\cam_single\Ti60F225_dsi\source/isp/isp.sv:332)
[EFX-0011 VERI-WARNING] illegal integral type argument in math function 'floor()'; expected real type (VERI-2792) (C:\Users\Jing-XuanTan(i)\Downloads\evsoc-efinity-v2026.1.132\evsoc-efinity-v2026.1.132\cam_single\Ti60F225_dsi\source/isp/isp.sv:333)
[EFX-0011 VERI-WARNING] illegal integral type argument in math function 'floor()'; expected real type (VERI-2792) (C:\Users\Jing-XuanTan(i)\Downloads\evsoc-efinity-v2026.1.132\evsoc-efinity-v2026.1.132\cam_single\Ti60F225_dsi\source/isp/axi_lite_register.sv:10)
[EFX-0011 VERI-WARNING] illegal integral type argument in math function 'floor()'; expected real type (VERI-2792) (C:\Users\Jing-XuanTan(i)\Downloads\evsoc-efinity-v2026.1.132\evsoc-efinity-v2026.1.132\cam_single\Ti60F225_dsi\source/isp/blc.sv:12)
[EFX-0011 VERI-WARNING] illegal integral type argument in math function 'floor()'; expected real type (VERI-2792) (C:\Users\Jing-XuanTan(i)\Downloads\evsoc-efinity-v2026.1.132\evsoc-efinity-v2026.1.132\cam_single\Ti60F225_dsi\source/isp/blc.sv:12)
[EFX-0011 VERI-WARNING] net 'int_black_level[16]' does not have a driver (VDB-1002) (C:\Users\Jing-XuanTan(i)\Downloads\evsoc-efinity-v2026.1.132\evsoc-efinity-v2026.1.132\cam_single\Ti60F225_dsi\source/isp/blc.sv:42)
[EFX-0011 VERI-WARNING] net 'pipe_0_pixel_0_wire[16]' does not have a driver (VDB-1002) (C:\Users\Jing-XuanTan(i)\Downloads\evsoc-efinity-v2026.1.132\evsoc-efinity-v2026.1.132\cam_single\Ti60F225_dsi\source/isp/blc.sv:44)
[EFX-0011 VERI-WARNING] net 'pipe_0_pixel_1_wire[16]' does not have a driver (VDB-1002) (C:\Users\Jing-XuanTan(i)\Downloads\evsoc-efinity-v2026.1.132\evsoc-efinity-v2026.1.132\cam_single\Ti60F225_dsi\source/isp/blc.sv:45)
[EFX-0011 VERI-WARNING] net 'pipe_0_pixel_2_wire[16]' does not have a driver (VDB-1002) (C:\Users\Jing-XuanTan(i)\Downloads\evsoc-efinity-v2026.1.132\evsoc-efinity-v2026.1.132\cam_single\Ti60F225_dsi\source/isp/blc.sv:46)
[EFX-0011 VERI-WARNING] net 'pipe_0_pixel_3_wire[16]' does not have a driver (VDB-1002) (C:\Users\Jing-XuanTan(i)\Downloads\evsoc-efinity-v2026.1.132\evsoc-efinity-v2026.1.132\cam_single\Ti60F225_dsi\source/isp/blc.sv:47)
[EFX-0011 VERI-WARNING] illegal integral type argument in math function 'floor()'; expected real type (VERI-2792) (C:\Users\Jing-XuanTan(i)\Downloads\evsoc-efinity-v2026.1.132\evsoc-efinity-v2026.1.132\cam_single\Ti60F225_dsi\source/isp/colorgain.sv:14)
[EFX-0011 VERI-WARNING] illegal integral type argument in math function 'floor()'; expected real type (VERI-2792) (C:\Users\Jing-XuanTan(i)\Downloads\evsoc-efinity-v2026.1.132\evsoc-efinity-v2026.1.132\cam_single\Ti60F225_dsi\source/isp/colorgain.sv:14)
[EFX-0011 VERI-WARNING] expression size 2 truncated to fit in target size 1 (VERI-1209) (C:\Users\Jing-XuanTan(i)\Downloads\evsoc-efinity-v2026.1.132\evsoc-efinity-v2026.1.132\cam_single\Ti60F225_dsi\source/isp/colorgain.sv:94)
[EFX-0011 VERI-WARNING] illegal integral type argument in math function 'floor()'; expected real type (VERI-2792) (C:\Users\Jing-XuanTan(i)\Downloads\evsoc-efinity-v2026.1.132\evsoc-efinity-v2026.1.132\cam_single\Ti60F225_dsi\source/isp/demosaic.sv:16)
[EFX-0011 VERI-WARNING] illegal integral type argument in math function 'floor()'; expected real type (VERI-2792) (C:\Users\Jing-XuanTan(i)\Downloads\evsoc-efinity-v2026.1.132\evsoc-efinity-v2026.1.132\cam_single\Ti60F225_dsi\source/isp/demosaic.sv:17)
[EFX-0011 VERI-WARNING] illegal integral type argument in math function 'floor()'; expected real type (VERI-2792) (C:\Users\Jing-XuanTan(i)\Downloads\evsoc-efinity-v2026.1.132\evsoc-efinity-v2026.1.132\cam_single\Ti60F225_dsi\source/isp/demosaic.sv:57)
[EFX-0011 VERI-WARNING] illegal integral type argument in math function 'floor()'; expected real type (VERI-2792) (C:\Users\Jing-XuanTan(i)\Downloads\evsoc-efinity-v2026.1.132\evsoc-efinity-v2026.1.132\cam_single\Ti60F225_dsi\source/isp/demosaic.sv:16)
[EFX-0011 VERI-WARNING] illegal integral type argument in math function 'floor()'; expected real type (VERI-2792) (C:\Users\Jing-XuanTan(i)\Downloads\evsoc-efinity-v2026.1.132\evsoc-efinity-v2026.1.132\cam_single\Ti60F225_dsi\source/isp/demosaic.sv:17)
[EFX-0011 VERI-WARNING] illegal integral type argument in math function 'floor()'; expected real type (VERI-2792) (C:\Users\Jing-XuanTan(i)\Downloads\evsoc-efinity-v2026.1.132\evsoc-efinity-v2026.1.132\cam_single\Ti60F225_dsi\source/isp/demosaic.sv:57)
[EFX-0011 VERI-WARNING] illegal integral type argument in math function 'floor()'; expected real type (VERI-2792) (C:\Users\Jing-XuanTan(i)\Downloads\evsoc-efinity-v2026.1.132\evsoc-efinity-v2026.1.132\cam_single\Ti60F225_dsi\source/isp/linebuffer.sv:16)
[EFX-0011 VERI-WARNING] illegal integral type argument in math function 'floor()'; expected real type (VERI-2792) (C:\Users\Jing-XuanTan(i)\Downloads\evsoc-efinity-v2026.1.132\evsoc-efinity-v2026.1.132\cam_single\Ti60F225_dsi\source/isp/linebuffer.sv:16)
[EFX-0011 VERI-WARNING] illegal integral type argument in math function 'floor()'; expected real type (VERI-2792) (C:\Users\Jing-XuanTan(i)\Downloads\evsoc-efinity-v2026.1.132\evsoc-efinity-v2026.1.132\cam_single\Ti60F225_dsi\source/isp/linebuffer.sv:16)
[EFX-0011 VERI-WARNING] illegal integral type argument in math function 'floor()'; expected real type (VERI-2792) (C:\Users\Jing-XuanTan(i)\Downloads\evsoc-efinity-v2026.1.132\evsoc-efinity-v2026.1.132\cam_single\Ti60F225_dsi\source/isp/linebuffer.sv:16)
[EFX-0011 VERI-WARNING] illegal integral type argument in math function 'floor()'; expected real type (VERI-2792) (C:\Users\Jing-XuanTan(i)\Downloads\evsoc-efinity-v2026.1.132\evsoc-efinity-v2026.1.132\cam_single\Ti60F225_dsi\source/isp/linebuffer.sv:16)
[EFX-0011 VERI-WARNING] illegal integral type argument in math function 'floor()'; expected real type (VERI-2792) (C:\Users\Jing-XuanTan(i)\Downloads\evsoc-efinity-v2026.1.132\evsoc-efinity-v2026.1.132\cam_single\Ti60F225_dsi\source/isp/linebuffer.sv:16)
[EFX-0011 VERI-WARNING] expression size 11 truncated to fit in target size 10 (VERI-1209) (C:\Users\Jing-XuanTan(i)\Downloads\evsoc-efinity-v2026.1.132\evsoc-efinity-v2026.1.132\cam_single\Ti60F225_dsi\source/isp/linebuffer.sv:104)
[EFX-0011 VERI-WARNING] expression size 32 truncated to fit in target size 3 (VERI-1209) (C:\Users\Jing-XuanTan(i)\Downloads\evsoc-efinity-v2026.1.132\evsoc-efinity-v2026.1.132\cam_single\Ti60F225_dsi\source/isp/linebuffer.sv:120)
[EFX-0011 VERI-WARNING] illegal integral type argument in math function 'floor()'; expected real type (VERI-2792) (C:\Users\Jing-XuanTan(i)\Downloads\evsoc-efinity-v2026.1.132\evsoc-efinity-v2026.1.132\cam_single\Ti60F225_dsi\source/isp/demosaic.sv:57)
[EFX-0011 VERI-WARNING] illegal integral type argument in math function 'floor()'; expected real type (VERI-2792) (C:\Users\Jing-XuanTan(i)\Downloads\evsoc-efinity-v2026.1.132\evsoc-efinity-v2026.1.132\cam_single\Ti60F225_dsi\source/isp/demosaic.sv:16)
[EFX-0011 VERI-WARNING] expression size 2 truncated to fit in target size 1 (VERI-1209) (C:\Users\Jing-XuanTan(i)\Downloads\evsoc-efinity-v2026.1.132\evsoc-efinity-v2026.1.132\cam_single\Ti60F225_dsi\source/isp/demosaic.sv:335)
[EFX-0011 VERI-WARNING] illegal integral type argument in math function 'floor()'; expected real type (VERI-2792) (C:\Users\Jing-XuanTan(i)\Downloads\evsoc-efinity-v2026.1.132\evsoc-efinity-v2026.1.132\cam_single\Ti60F225_dsi\source/isp/ccm.sv:12)
[EFX-0011 VERI-WARNING] illegal integral type argument in math function 'floor()'; expected real type (VERI-2792) (C:\Users\Jing-XuanTan(i)\Downloads\evsoc-efinity-v2026.1.132\evsoc-efinity-v2026.1.132\cam_single\Ti60F225_dsi\source/isp/ccm.sv:13)
[EFX-0011 VERI-WARNING] net 'pipe_0_pixel2_r_wire[8]' does not have a driver (VDB-1002) (C:\Users\Jing-XuanTan(i)\Downloads\evsoc-efinity-v2026.1.132\evsoc-efinity-v2026.1.132\cam_single\Ti60F225_dsi\source/isp/ccm.sv:91)
[EFX-0011 VERI-WARNING] net 'pipe_0_pixel2_g_wire[8]' does not have a driver (VDB-1002) (C:\Users\Jing-XuanTan(i)\Downloads\evsoc-efinity-v2026.1.132\evsoc-efinity-v2026.1.132\cam_single\Ti60F225_dsi\source/isp/ccm.sv:92)
[EFX-0011 VERI-WARNING] net 'pipe_0_pixel2_b_wire[8]' does not have a driver (VDB-1002) (C:\Users\Jing-XuanTan(i)\Downloads\evsoc-efinity-v2026.1.132\evsoc-efinity-v2026.1.132\cam_single\Ti60F225_dsi\source/isp/ccm.sv:93)
[EFX-0011 VERI-WARNING] net 'pipe_0_pixel3_r_wire[8]' does not have a driver (VDB-1002) (C:\Users\Jing-XuanTan(i)\Downloads\evsoc-efinity-v2026.1.132\evsoc-efinity-v2026.1.132\cam_single\Ti60F225_dsi\source/isp/ccm.sv:94)
[EFX-0011 VERI-WARNING] net 'pipe_0_pixel3_g_wire[8]' does not have a driver (VDB-1002) (C:\Users\Jing-XuanTan(i)\Downloads\evsoc-efinity-v2026.1.132\evsoc-efinity-v2026.1.132\cam_single\Ti60F225_dsi\source/isp/ccm.sv:95)
[EFX-0011 VERI-WARNING] net 'pipe_0_pixel3_b_wire[8]' does not have a driver (VDB-1002) (C:\Users\Jing-XuanTan(i)\Downloads\evsoc-efinity-v2026.1.132\evsoc-efinity-v2026.1.132\cam_single\Ti60F225_dsi\source/isp/ccm.sv:96)
[EFX-0011 VERI-WARNING] net 'pipe_1_pixel2_r_r_wire[24]' does not have a driver (VDB-1002) (C:\Users\Jing-XuanTan(i)\Downloads\evsoc-efinity-v2026.1.132\evsoc-efinity-v2026.1.132\cam_single\Ti60F225_dsi\source/isp/ccm.sv:157)
[EFX-0011 VERI-WARNING] net 'pipe_1_pixel2_r_g_wire[24]' does not have a driver (VDB-1002) (C:\Users\Jing-XuanTan(i)\Downloads\evsoc-efinity-v2026.1.132\evsoc-efinity-v2026.1.132\cam_single\Ti60F225_dsi\source/isp/ccm.sv:158)
[EFX-0011 VERI-WARNING] net 'pipe_1_pixel2_r_b_wire[24]' does not have a driver (VDB-1002) (C:\Users\Jing-XuanTan(i)\Downloads\evsoc-efinity-v2026.1.132\evsoc-efinity-v2026.1.132\cam_single\Ti60F225_dsi\source/isp/ccm.sv:159)
[EFX-0011 VERI-WARNING] net 'pipe_1_pixel2_g_r_wire[24]' does not have a driver (VDB-1002) (C:\Users\Jing-XuanTan(i)\Downloads\evsoc-efinity-v2026.1.132\evsoc-efinity-v2026.1.132\cam_single\Ti60F225_dsi\source/isp/ccm.sv:160)
[EFX-0011 VERI-WARNING] net 'pipe_1_pixel2_g_g_wire[24]' does not have a driver (VDB-1002) (C:\Users\Jing-XuanTan(i)\Downloads\evsoc-efinity-v2026.1.132\evsoc-efinity-v2026.1.132\cam_single\Ti60F225_dsi\source/isp/ccm.sv:161)
[EFX-0011 VERI-WARNING] net 'pipe_1_pixel2_g_b_wire[24]' does not have a driver (VDB-1002) (C:\Users\Jing-XuanTan(i)\Downloads\evsoc-efinity-v2026.1.132\evsoc-efinity-v2026.1.132\cam_single\Ti60F225_dsi\source/isp/ccm.sv:162)
[EFX-0011 VERI-WARNING] net 'pipe_1_pixel2_b_r_wire[24]' does not have a driver (VDB-1002) (C:\Users\Jing-XuanTan(i)\Downloads\evsoc-efinity-v2026.1.132\evsoc-efinity-v2026.1.132\cam_single\Ti60F225_dsi\source/isp/ccm.sv:163)
[EFX-0011 VERI-WARNING] net 'pipe_1_pixel2_b_g_wire[24]' does not have a driver (VDB-1002) (C:\Users\Jing-XuanTan(i)\Downloads\evsoc-efinity-v2026.1.132\evsoc-efinity-v2026.1.132\cam_single\Ti60F225_dsi\source/isp/ccm.sv:164)
[EFX-0011 VERI-WARNING] net 'pipe_1_pixel2_b_b_wire[24]' does not have a driver (VDB-1002) (C:\Users\Jing-XuanTan(i)\Downloads\evsoc-efinity-v2026.1.132\evsoc-efinity-v2026.1.132\cam_single\Ti60F225_dsi\source/isp/ccm.sv:165)
[EFX-0011 VERI-WARNING] net 'pipe_1_pixel3_r_r_wire[24]' does not have a driver (VDB-1002) (C:\Users\Jing-XuanTan(i)\Downloads\evsoc-efinity-v2026.1.132\evsoc-efinity-v2026.1.132\cam_single\Ti60F225_dsi\source/isp/ccm.sv:166)
[EFX-0011 VERI-WARNING] net 'pipe_1_pixel3_r_g_wire[24]' does not have a driver (VDB-1002) (C:\Users\Jing-XuanTan(i)\Downloads\evsoc-efinity-v2026.1.132\evsoc-efinity-v2026.1.132\cam_single\Ti60F225_dsi\source/isp/ccm.sv:167)
[EFX-0011 VERI-WARNING] net 'pipe_1_pixel3_r_b_wire[24]' does not have a driver (VDB-1002) (C:\Users\Jing-XuanTan(i)\Downloads\evsoc-efinity-v2026.1.132\evsoc-efinity-v2026.1.132\cam_single\Ti60F225_dsi\source/isp/ccm.sv:168)
[EFX-0011 VERI-WARNING] net 'pipe_1_pixel3_g_r_wire[24]' does not have a driver (VDB-1002) (C:\Users\Jing-XuanTan(i)\Downloads\evsoc-efinity-v2026.1.132\evsoc-efinity-v2026.1.132\cam_single\Ti60F225_dsi\source/isp/ccm.sv:169)
[EFX-0011 VERI-WARNING] net 'pipe_1_pixel3_g_g_wire[24]' does not have a driver (VDB-1002) (C:\Users\Jing-XuanTan(i)\Downloads\evsoc-efinity-v2026.1.132\evsoc-efinity-v2026.1.132\cam_single\Ti60F225_dsi\source/isp/ccm.sv:170)
[EFX-0011 VERI-WARNING] net 'pipe_1_pixel3_g_b_wire[24]' does not have a driver (VDB-1002) (C:\Users\Jing-XuanTan(i)\Downloads\evsoc-efinity-v2026.1.132\evsoc-efinity-v2026.1.132\cam_single\Ti60F225_dsi\source/isp/ccm.sv:171)
[EFX-0011 VERI-WARNING] net 'pipe_1_pixel3_b_r_wire[24]' does not have a driver (VDB-1002) (C:\Users\Jing-XuanTan(i)\Downloads\evsoc-efinity-v2026.1.132\evsoc-efinity-v2026.1.132\cam_single\Ti60F225_dsi\source/isp/ccm.sv:172)
[EFX-0011 VERI-WARNING] net 'pipe_1_pixel3_b_g_wire[24]' does not have a driver (VDB-1002) (C:\Users\Jing-XuanTan(i)\Downloads\evsoc-efinity-v2026.1.132\evsoc-efinity-v2026.1.132\cam_single\Ti60F225_dsi\source/isp/ccm.sv:173)
[EFX-0011 VERI-WARNING] net 'pipe_1_pixel3_b_b_wire[24]' does not have a driver (VDB-1002) (C:\Users\Jing-XuanTan(i)\Downloads\evsoc-efinity-v2026.1.132\evsoc-efinity-v2026.1.132\cam_single\Ti60F225_dsi\source/isp/ccm.sv:174)
[EFX-0011 VERI-WARNING] net 'pipe_2_pixel2_r_wire[27]' does not have a driver (VDB-1002) (C:\Users\Jing-XuanTan(i)\Downloads\evsoc-efinity-v2026.1.132\evsoc-efinity-v2026.1.132\cam_single\Ti60F225_dsi\source/isp/ccm.sv:199)
[EFX-0011 VERI-WARNING] net 'pipe_2_pixel2_g_wire[27]' does not have a driver (VDB-1002) (C:\Users\Jing-XuanTan(i)\Downloads\evsoc-efinity-v2026.1.132\evsoc-efinity-v2026.1.132\cam_single\Ti60F225_dsi\source/isp/ccm.sv:200)
[EFX-0011 VERI-WARNING] net 'pipe_2_pixel2_b_wire[27]' does not have a driver (VDB-1002) (C:\Users\Jing-XuanTan(i)\Downloads\evsoc-efinity-v2026.1.132\evsoc-efinity-v2026.1.132\cam_single\Ti60F225_dsi\source/isp/ccm.sv:201)
[EFX-0011 VERI-WARNING] net 'pipe_2_pixel3_r_wire[27]' does not have a driver (VDB-1002) (C:\Users\Jing-XuanTan(i)\Downloads\evsoc-efinity-v2026.1.132\evsoc-efinity-v2026.1.132\cam_single\Ti60F225_dsi\source/isp/ccm.sv:202)
[EFX-0011 VERI-WARNING] net 'pipe_2_pixel3_g_wire[27]' does not have a driver (VDB-1002) (C:\Users\Jing-XuanTan(i)\Downloads\evsoc-efinity-v2026.1.132\evsoc-efinity-v2026.1.132\cam_single\Ti60F225_dsi\source/isp/ccm.sv:203)
[EFX-0011 VERI-WARNING] net 'pipe_2_pixel3_b_wire[27]' does not have a driver (VDB-1002) (C:\Users\Jing-XuanTan(i)\Downloads\evsoc-efinity-v2026.1.132\evsoc-efinity-v2026.1.132\cam_single\Ti60F225_dsi\source/isp/ccm.sv:204)
[EFX-0011 VERI-WARNING] illegal integral type argument in math function 'floor()'; expected real type (VERI-2792) (C:\Users\Jing-XuanTan(i)\Downloads\evsoc-efinity-v2026.1.132\evsoc-efinity-v2026.1.132\cam_single\Ti60F225_dsi\source/isp/gamma.sv:14)
[EFX-0011 VERI-WARNING] illegal integral type argument in math function 'floor()'; expected real type (VERI-2792) (C:\Users\Jing-XuanTan(i)\Downloads\evsoc-efinity-v2026.1.132\evsoc-efinity-v2026.1.132\cam_single\Ti60F225_dsi\source/isp/gamma.sv:15)
[EFX-0011 VERI-WARNING] illegal integral type argument in math function 'floor()'; expected real type (VERI-2792) (C:\Users\Jing-XuanTan(i)\Downloads\evsoc-efinity-v2026.1.132\evsoc-efinity-v2026.1.132\cam_single\Ti60F225_dsi\source/isp/gamma.sv:36)
[EFX-0011 VERI-WARNING] illegal integral type argument in math function 'floor()'; expected real type (VERI-2792) (C:\Users\Jing-XuanTan(i)\Downloads\evsoc-efinity-v2026.1.132\evsoc-efinity-v2026.1.132\cam_single\Ti60F225_dsi\source/isp/gamma.sv:37)
[EFX-0011 VERI-WARNING] illegal integral type argument in math function 'floor()'; expected real type (VERI-2792) (C:\Users\Jing-XuanTan(i)\Downloads\evsoc-efinity-v2026.1.132\evsoc-efinity-v2026.1.132\cam_single\Ti60F225_dsi\source/isp/gamma.sv:14)
[EFX-0011 VERI-WARNING] illegal integral type argument in math function 'floor()'; expected real type (VERI-2792) (C:\Users\Jing-XuanTan(i)\Downloads\evsoc-efinity-v2026.1.132\evsoc-efinity-v2026.1.132\cam_single\Ti60F225_dsi\source/isp/gamma.sv:15)
[EFX-0011 VERI-WARNING] illegal integral type argument in math function 'floor()'; expected real type (VERI-2792) (C:\Users\Jing-XuanTan(i)\Downloads\evsoc-efinity-v2026.1.132\evsoc-efinity-v2026.1.132\cam_single\Ti60F225_dsi\source/isp/gamma.sv:36)
[EFX-0011 VERI-WARNING] illegal integral type argument in math function 'floor()'; expected real type (VERI-2792) (C:\Users\Jing-XuanTan(i)\Downloads\evsoc-efinity-v2026.1.132\evsoc-efinity-v2026.1.132\cam_single\Ti60F225_dsi\source/isp/gamma.sv:37)
[EFX-0011 VERI-WARNING] illegal integral type argument in math function 'floor()'; expected real type (VERI-2792) (C:\Users\Jing-XuanTan(i)\Downloads\evsoc-efinity-v2026.1.132\evsoc-efinity-v2026.1.132\cam_single\Ti60F225_dsi\source/isp/lut.sv:13)
[EFX-0011 VERI-WARNING] illegal integral type argument in math function 'floor()'; expected real type (VERI-2792) (C:\Users\Jing-XuanTan(i)\Downloads\evsoc-efinity-v2026.1.132\evsoc-efinity-v2026.1.132\cam_single\Ti60F225_dsi\source/isp/lut.sv:14)
[EFX-0011 VERI-WARNING] illegal integral type argument in math function 'floor()'; expected real type (VERI-2792) (C:\Users\Jing-XuanTan(i)\Downloads\evsoc-efinity-v2026.1.132\evsoc-efinity-v2026.1.132\cam_single\Ti60F225_dsi\source/isp/lut.sv:13)
[EFX-0011 VERI-WARNING] illegal integral type argument in math function 'floor()'; expected real type (VERI-2792) (C:\Users\Jing-XuanTan(i)\Downloads\evsoc-efinity-v2026.1.132\evsoc-efinity-v2026.1.132\cam_single\Ti60F225_dsi\source/isp/lut.sv:14)
[EFX-0011 VERI-WARNING] illegal entry at :\Users\Jing-XuanTan(i)\Downloads\evsoc-efinity-v2026.1.132\evsoc-efinity-v2026.1.132\cam_single\Ti60F225_dsi\source/isp/lut.mem:257 for index 256 in range [0:255] (VERI-2588) (C:\Users\Jing-XuanTan(i)\Downloads\evsoc-efinity-v2026.1.132\evsoc-efinity-v2026.1.132\cam_single\Ti60F225_dsi\source/isp/simple_dual_ported_rom.sv:29)
[EFX-0011 VERI-WARNING] net 'rom' does not have a driver (VDB-1002) (C:\Users\Jing-XuanTan(i)\Downloads\evsoc-efinity-v2026.1.132\evsoc-efinity-v2026.1.132\cam_single\Ti60F225_dsi\source/isp/simple_dual_ported_rom.sv:24)
[EFX-0011 VERI-WARNING] net 'pipe_0_pixel2_wire[7]' does not have a driver (VDB-1002) (C:\Users\Jing-XuanTan(i)\Downloads\evsoc-efinity-v2026.1.132\evsoc-efinity-v2026.1.132\cam_single\Ti60F225_dsi\source/isp/lut.sv:44)
[EFX-0011 VERI-WARNING] net 'pipe_0_pixel3_wire[7]' does not have a driver (VDB-1002) (C:\Users\Jing-XuanTan(i)\Downloads\evsoc-efinity-v2026.1.132\evsoc-efinity-v2026.1.132\cam_single\Ti60F225_dsi\source/isp/lut.sv:45)
[EFX-0011 VERI-WARNING] input port 's_axis_tlast' remains unconnected for this instance (VDB-1053) (C:\Users\Jing-XuanTan(i)\Downloads\evsoc-efinity-v2026.1.132\evsoc-efinity-v2026.1.132\cam_single\Ti60F225_dsi\source/isp/gamma.sv:117)
[EFX-0011 VERI-WARNING] input port 's_axis_tlast' remains unconnected for this instance (VDB-1053) (C:\Users\Jing-XuanTan(i)\Downloads\evsoc-efinity-v2026.1.132\evsoc-efinity-v2026.1.132\cam_single\Ti60F225_dsi\source/isp/gamma.sv:140)
[EFX-0011 VERI-WARNING] expression size 32 truncated to fit in target size 11 (VERI-1209) (C:\Users\Jing-XuanTan(i)\Downloads\evsoc-efinity-v2026.1.132\evsoc-efinity-v2026.1.132\cam_single\Ti60F225_dsi\source/cam/cam_crop.v:82)
[EFX-0011 VERI-WARNING] port 'a_wr_rst_i' remains unconnected for this instance (VERI-1927) (C:\Users\Jing-XuanTan(i)\Downloads\evsoc-efinity-v2026.1.132\evsoc-efinity-v2026.1.132\cam_single\Ti60F225_dsi\ip\cam_dma_fifo\cam_dma_fifo.sv:110)
[EFX-0011 VERI-WARNING] input port 'a_wr_rst_i' is not connected on this instance (VDB-1013) (C:\Users\Jing-XuanTan(i)\Downloads\evsoc-efinity-v2026.1.132\evsoc-efinity-v2026.1.132\cam_single\Ti60F225_dsi\ip\cam_dma_fifo\cam_dma_fifo.sv:92)
[EFX-0011 VERI-WARNING] actual bit length 32 differs from formal bit length 1 for port 'i_dbg_we' (VERI-1330) (C:\Users\Jing-XuanTan(i)\Downloads\evsoc-efinity-v2026.1.132\evsoc-efinity-v2026.1.132\cam_single\Ti60F225_dsi\edge_vision_soc.v:910)
[EFX-0011 VERI-WARNING] actual bit length 32 differs from formal bit length 40 for port 'i_dbg_din' (VERI-1330) (C:\Users\Jing-XuanTan(i)\Downloads\evsoc-efinity-v2026.1.132\evsoc-efinity-v2026.1.132\cam_single\Ti60F225_dsi\edge_vision_soc.v:911)
[EFX-0011 VERI-WARNING] actual bit length 32 differs from formal bit length 9 for port 'i_dbg_addr' (VERI-1330) (C:\Users\Jing-XuanTan(i)\Downloads\evsoc-efinity-v2026.1.132\evsoc-efinity-v2026.1.132\cam_single\Ti60F225_dsi\edge_vision_soc.v:912)
[EFX-0011 VERI-WARNING] actual bit length 32 differs from formal bit length 1 for port 'i_dbg_reconfig' (VERI-1330) (C:\Users\Jing-XuanTan(i)\Downloads\evsoc-efinity-v2026.1.132\evsoc-efinity-v2026.1.132\cam_single\Ti60F225_dsi\edge_vision_soc.v:914)
[EFX-0011 VERI-WARNING] port 'rst_busy' remains unconnected for this instance (VERI-1927) (C:\Users\Jing-XuanTan(i)\Downloads\evsoc-efinity-v2026.1.132\evsoc-efinity-v2026.1.132\cam_single\Ti60F225_dsi\source/display/dsi/display_dsi.v:265)
[EFX-0011 VERI-WARNING] actual bit length 11 differs from formal bit length 14 for port 'out_x' (VERI-1330) (C:\Users\Jing-XuanTan(i)\Downloads\evsoc-efinity-v2026.1.132\evsoc-efinity-v2026.1.132\cam_single\Ti60F225_dsi\source/display/dsi/display_dsi.v:127)
[EFX-0011 VERI-WARNING] actual bit length 11 differs from formal bit length 12 for port 'out_y' (VERI-1330) (C:\Users\Jing-XuanTan(i)\Downloads\evsoc-efinity-v2026.1.132\evsoc-efinity-v2026.1.132\cam_single\Ti60F225_dsi\source/display/dsi/display_dsi.v:128)
[EFX-0011 VERI-WARNING] expression size 16 truncated to fit in target size 8 (VERI-1209) (C:\Users\Jing-XuanTan(i)\Downloads\evsoc-efinity-v2026.1.132\evsoc-efinity-v2026.1.132\cam_single\Ti60F225_dsi\source/cam/scale_up_2x_nn.v:127)
[EFX-0011 VERI-WARNING] expression size 16 truncated to fit in target size 8 (VERI-1209) (C:\Users\Jing-XuanTan(i)\Downloads\evsoc-efinity-v2026.1.132\evsoc-efinity-v2026.1.132\cam_single\Ti60F225_dsi\source/cam/scale_up_2x_nn.v:128)
[EFX-0011 VERI-WARNING] expression size 16 truncated to fit in target size 8 (VERI-1209) (C:\Users\Jing-XuanTan(i)\Downloads\evsoc-efinity-v2026.1.132\evsoc-efinity-v2026.1.132\cam_single\Ti60F225_dsi\source/cam/scale_up_2x_nn.v:129)
[EFX-0011 VERI-WARNING] port 'a_wr_rst_i' remains unconnected for this instance (VERI-1927) (C:\Users\Jing-XuanTan(i)\Downloads\evsoc-efinity-v2026.1.132\evsoc-efinity-v2026.1.132\cam_single\Ti60F225_dsi\ip\display_dma_fifo\display_dma_fifo.sv:110)
[EFX-0011 VERI-WARNING] input port 'a_wr_rst_i' is not connected on this instance (VDB-1013) (C:\Users\Jing-XuanTan(i)\Downloads\evsoc-efinity-v2026.1.132\evsoc-efinity-v2026.1.132\cam_single\Ti60F225_dsi\ip\display_dma_fifo\display_dma_fifo.sv:92)
[EFX-0011 VERI-WARNING] actual bit length 10 differs from formal bit length 11 for port 'datacount_o' (VERI-1330) (C:\Users\Jing-XuanTan(i)\Downloads\evsoc-efinity-v2026.1.132\evsoc-efinity-v2026.1.132\cam_single\Ti60F225_dsi\source/display/dsi/display_dsi.v:264)
[EFX-0011 VERI-WARNING] port '**' remains unconnected for this instance (VERI-1927) (C:\Users\Jing-XuanTan(i)\Downloads\evsoc-efinity-v2026.1.132\evsoc-efinity-v2026.1.132\cam_single\Ti60F225_dsi\ip\dsi_tx_display\dsi_tx_display.sv:5436)
[EFX-0011 VERI-WARNING] assignment and/or driver for '**' inside static function '**' is not preserved (VERI-2457) (C:\Users\Jing-XuanTan(i)\Downloads\evsoc-efinity-v2026.1.132\evsoc-efinity-v2026.1.132\cam_single\Ti60F225_dsi\ip\dsi_tx_display\dsi_tx_display.sv:2885)
[EFX-0011 VERI-WARNING] port '**' remains unconnected for this instance (VERI-1927) (C:\Users\Jing-XuanTan(i)\Downloads\evsoc-efinity-v2026.1.132\evsoc-efinity-v2026.1.132\cam_single\Ti60F225_dsi\ip\dsi_tx_display\dsi_tx_display.sv:5689)
[EFX-0011 VERI-WARNING] expression size ** truncated to fit in target size ** (VERI-1209) (C:\Users\Jing-XuanTan(i)\Downloads\evsoc-efinity-v2026.1.132\evsoc-efinity-v2026.1.132\cam_single\Ti60F225_dsi\ip\dsi_tx_display\dsi_tx_display.sv:5689)
[EFX-0011 VERI-WARNING] expression size ** truncated to fit in target size ** (VERI-1209) (C:\Users\Jing-XuanTan(i)\Downloads\evsoc-efinity-v2026.1.132\evsoc-efinity-v2026.1.132\cam_single\Ti60F225_dsi\ip\dsi_tx_display\dsi_tx_display.sv:7297)
[EFX-0011 VERI-WARNING] port '**' remains unconnected for this instance (VERI-1927) (C:\Users\Jing-XuanTan(i)\Downloads\evsoc-efinity-v2026.1.132\evsoc-efinity-v2026.1.132\cam_single\Ti60F225_dsi\ip\dsi_tx_display\dsi_tx_display.sv:1596)
[EFX-0011 VERI-WARNING] expression size ** truncated to fit in target size ** (VERI-1209) (C:\Users\Jing-XuanTan(i)\Downloads\evsoc-efinity-v2026.1.132\evsoc-efinity-v2026.1.132\cam_single\Ti60F225_dsi\ip\dsi_tx_display\dsi_tx_display.sv:1596)
[EFX-0011 VERI-WARNING] port '**' remains unconnected for this instance (VERI-1927) (C:\Users\Jing-XuanTan(i)\Downloads\evsoc-efinity-v2026.1.132\evsoc-efinity-v2026.1.132\cam_single\Ti60F225_dsi\ip\dsi_tx_display\dsi_tx_display.sv:2500)
[EFX-0011 VERI-WARNING] expression size ** truncated to fit in target size ** (VERI-1209) (C:\Users\Jing-XuanTan(i)\Downloads\evsoc-efinity-v2026.1.132\evsoc-efinity-v2026.1.132\cam_single\Ti60F225_dsi\ip\dsi_tx_display\dsi_tx_display.sv:2500)
[EFX-0011 VERI-WARNING] assignment and/or driver for '**' inside static function '**' is not preserved (VERI-2457) (C:\Users\Jing-XuanTan(i)\Downloads\evsoc-efinity-v2026.1.132\evsoc-efinity-v2026.1.132\cam_single\Ti60F225_dsi\ip\dsi_tx_display\dsi_tx_display.sv:3474)
[EFX-0011 VERI-WARNING] actual bit length 32 differs from formal bit length 16 for port 'haddr' (VERI-1330) (C:\Users\Jing-XuanTan(i)\Downloads\evsoc-efinity-v2026.1.132\evsoc-efinity-v2026.1.132\cam_single\Ti60F225_dsi\edge_vision_soc.v:1044)
[EFX-0011 VERI-WARNING] port 'ram_clk_cal_2' is not connected on this instance (VERI-2435) (C:\Users\Jing-XuanTan(i)\Downloads\evsoc-efinity-v2026.1.132\evsoc-efinity-v2026.1.132\cam_single\Ti60F225_dsi\ip\hbram\hbram.sv:200)
[EFX-0011 VERI-WARNING] port 'native_clk' remains unconnected for this instance (VERI-1927) (C:\Users\Jing-XuanTan(i)\Downloads\evsoc-efinity-v2026.1.132\evsoc-efinity-v2026.1.132\cam_single\Ti60F225_dsi\ip\hbram\hbram.sv:200)
[EFX-0011 VERI-WARNING] port '**' remains unconnected for this instance (VERI-1927) (C:\Users\Jing-XuanTan(i)\Downloads\evsoc-efinity-v2026.1.132\evsoc-efinity-v2026.1.132\cam_single\Ti60F225_dsi\ip\hbram\hbram.sv:1134)
[EFX-0011 VERI-WARNING] expression size 32 truncated to fit in target size 9 (VERI-1209) (C:\Users\Jing-XuanTan(i)\Downloads\evsoc-efinity-v2026.1.132\evsoc-efinity-v2026.1.132\cam_single\Ti60F225_dsi\ip\hbram\hbram.sv:5791)
[EFX-0011 VERI-WARNING] expression size 32 truncated to fit in target size 11 (VERI-1209) (C:\Users\Jing-XuanTan(i)\Downloads\evsoc-efinity-v2026.1.132\evsoc-efinity-v2026.1.132\cam_single\Ti60F225_dsi\ip\hbram\hbram.sv:5792)
[EFX-0011 VERI-WARNING] expression size ** truncated to fit in target size ** (VERI-1209) (C:\Users\Jing-XuanTan(i)\Downloads\evsoc-efinity-v2026.1.132\evsoc-efinity-v2026.1.132\cam_single\Ti60F225_dsi\ip\hbram\hbram.sv:1134)
[EFX-0011 VERI-WARNING] expression size 32 truncated to fit in target size 11 (VERI-1209) (C:\Users\Jing-XuanTan(i)\Downloads\evsoc-efinity-v2026.1.132\evsoc-efinity-v2026.1.132\cam_single\Ti60F225_dsi\ip\hbram\hbram.sv:5806)
[EFX-0011 VERI-WARNING] expression size 32 truncated to fit in target size 9 (VERI-1209) (C:\Users\Jing-XuanTan(i)\Downloads\evsoc-efinity-v2026.1.132\evsoc-efinity-v2026.1.132\cam_single\Ti60F225_dsi\ip\hbram\hbram.sv:5807)
[EFX-0011 VERI-WARNING] expression size ** truncated to fit in target size ** (VERI-1209) (C:\Users\Jing-XuanTan(i)\Downloads\evsoc-efinity-v2026.1.132\evsoc-efinity-v2026.1.132\cam_single\Ti60F225_dsi\ip\hbram\hbram.sv:5309)
[EFX-0011 VERI-WARNING] actual bit length ** differs from formal bit length *** for port '**' (VERI-1330) (C:\Users\Jing-XuanTan(i)\Downloads\evsoc-efinity-v2026.1.132\evsoc-efinity-v2026.1.132\cam_single\Ti60F225_dsi\ip\hbram\hbram.sv:1946)
[EFX-0011 VERI-WARNING] expression size ** truncated to fit in target size ** (VERI-1209) (C:\Users\Jing-XuanTan(i)\Downloads\evsoc-efinity-v2026.1.132\evsoc-efinity-v2026.1.132\cam_single\Ti60F225_dsi\ip\hbram\hbram.sv:3545)
[EFX-0011 VERI-WARNING] actual bit length ** differs from formal bit length *** for port '**' (VERI-1330) (C:\Users\Jing-XuanTan(i)\Downloads\evsoc-efinity-v2026.1.132\evsoc-efinity-v2026.1.132\cam_single\Ti60F225_dsi\ip\hbram\hbram.sv:2351)
[EFX-0011 VERI-WARNING] expression size ** truncated to fit in target size ** (VERI-1209) (C:\Users\Jing-XuanTan(i)\Downloads\evsoc-efinity-v2026.1.132\evsoc-efinity-v2026.1.132\cam_single\Ti60F225_dsi\ip\hbram\hbram.sv:4591)
[EFX-0011 VERI-WARNING] input port 'ram_clk_cal_2' remains unconnected for this instance (VDB-1053) (C:\Users\Jing-XuanTan(i)\Downloads\evsoc-efinity-v2026.1.132\evsoc-efinity-v2026.1.132\cam_single\Ti60F225_dsi\ip\hbram\hbram.sv:147)
[EFX-0011 VERI-WARNING] input port 'native_clk' is not connected on this instance (VDB-1013) (C:\Users\Jing-XuanTan(i)\Downloads\evsoc-efinity-v2026.1.132\evsoc-efinity-v2026.1.132\cam_single\Ti60F225_dsi\ip\hbram\hbram.sv:147)
[EFX-0011 VERI-WARNING] system task 'display' is ignored for synthesis (VERI-1142) (C:\Users\Jing-XuanTan(i)\Downloads\evsoc-efinity-v2026.1.132\evsoc-efinity-v2026.1.132\cam_single\Ti60F225_dsi\ip\SapphireSoc\SapphireSoc.v:22380)
[EFX-0011 VERI-WARNING] net 'IBusCachedPlugin_cache_io_cpu_fetch_isRemoved' does not have a driver (VDB-1002) (C:\Users\Jing-XuanTan(i)\Downloads\evsoc-efinity-v2026.1.132\evsoc-efinity-v2026.1.132\cam_single\Ti60F225_dsi\ip\SapphireSoc\SapphireSoc.v:12883)
[EFX-0011 VERI-WARNING] net 'dataCache_1_io_cpu_writeBack_fence_SW' does not have a driver (VDB-1002) (C:\Users\Jing-XuanTan(i)\Downloads\evsoc-efinity-v2026.1.132\evsoc-efinity-v2026.1.132\cam_single\Ti60F225_dsi\ip\SapphireSoc\SapphireSoc.v:12896)
[EFX-0011 VERI-WARNING] net 'dataCache_1_io_cpu_writeBack_fence_SR' does not have a driver (VDB-1002) (C:\Users\Jing-XuanTan(i)\Downloads\evsoc-efinity-v2026.1.132\evsoc-efinity-v2026.1.132\cam_single\Ti60F225_dsi\ip\SapphireSoc\SapphireSoc.v:12897)
[EFX-0011 VERI-WARNING] net 'dataCache_1_io_cpu_writeBack_fence_SO' does not have a driver (VDB-1002) (C:\Users\Jing-XuanTan(i)\Downloads\evsoc-efinity-v2026.1.132\evsoc-efinity-v2026.1.132\cam_single\Ti60F225_dsi\ip\SapphireSoc\SapphireSoc.v:12898)
[EFX-0011 VERI-WARNING] net 'dataCache_1_io_cpu_writeBack_fence_SI' does not have a driver (VDB-1002) (C:\Users\Jing-XuanTan(i)\Downloads\evsoc-efinity-v2026.1.132\evsoc-efinity-v2026.1.132\cam_single\Ti60F225_dsi\ip\SapphireSoc\SapphireSoc.v:12899)
[EFX-0011 VERI-WARNING] net 'dataCache_1_io_cpu_writeBack_fence_PW' does not have a driver (VDB-1002) (C:\Users\Jing-XuanTan(i)\Downloads\evsoc-efinity-v2026.1.132\evsoc-efinity-v2026.1.132\cam_single\Ti60F225_dsi\ip\SapphireSoc\SapphireSoc.v:12900)
[EFX-0011 VERI-WARNING] net 'dataCache_1_io_cpu_writeBack_fence_PR' does not have a driver (VDB-1002) (C:\Users\Jing-XuanTan(i)\Downloads\evsoc-efinity-v2026.1.132\evsoc-efinity-v2026.1.132\cam_single\Ti60F225_dsi\ip\SapphireSoc\SapphireSoc.v:12901)
[EFX-0011 VERI-WARNING] net 'dataCache_1_io_cpu_writeBack_fence_PO' does not have a driver (VDB-1002) (C:\Users\Jing-XuanTan(i)\Downloads\evsoc-efinity-v2026.1.132\evsoc-efinity-v2026.1.132\cam_single\Ti60F225_dsi\ip\SapphireSoc\SapphireSoc.v:12902)
[EFX-0011 VERI-WARNING] net 'dataCache_1_io_cpu_writeBack_fence_PI' does not have a driver (VDB-1002) (C:\Users\Jing-XuanTan(i)\Downloads\evsoc-efinity-v2026.1.132\evsoc-efinity-v2026.1.132\cam_single\Ti60F225_dsi\ip\SapphireSoc\SapphireSoc.v:12903)
[EFX-0011 VERI-WARNING] net 'dataCache_1_io_cpu_writeBack_fence_FM[3]' does not have a driver (VDB-1002) (C:\Users\Jing-XuanTan(i)\Downloads\evsoc-efinity-v2026.1.132\evsoc-efinity-v2026.1.132\cam_single\Ti60F225_dsi\ip\SapphireSoc\SapphireSoc.v:12904)
[EFX-0011 VERI-WARNING] net 'IBusCachedPlugin_mmuBus_rsp_bypassTranslation' does not have a driver (VDB-1002) (C:\Users\Jing-XuanTan(i)\Downloads\evsoc-efinity-v2026.1.132\evsoc-efinity-v2026.1.132\cam_single\Ti60F225_dsi\ip\SapphireSoc\SapphireSoc.v:13411)
[EFX-0011 VERI-WARNING] net 'DBusCachedPlugin_mmuBus_rsp_bypassTranslation' does not have a driver (VDB-1002) (C:\Users\Jing-XuanTan(i)\Downloads\evsoc-efinity-v2026.1.132\evsoc-efinity-v2026.1.132\cam_single\Ti60F225_dsi\ip\SapphireSoc\SapphireSoc.v:13437)
[EFX-0011 VERI-WARNING] net 'IBusCachedPlugin_iBusRsp_output_payload_rsp_error' does not have a driver (VDB-1002) (C:\Users\Jing-XuanTan(i)\Downloads\evsoc-efinity-v2026.1.132\evsoc-efinity-v2026.1.132\cam_single\Ti60F225_dsi\ip\SapphireSoc\SapphireSoc.v:13545)
[EFX-0011 VERI-WARNING] net 'IBusCachedPlugin_iBusRsp_output_payload_isRvc' does not have a driver (VDB-1002) (C:\Users\Jing-XuanTan(i)\Downloads\evsoc-efinity-v2026.1.132\evsoc-efinity-v2026.1.132\cam_single\Ti60F225_dsi\ip\SapphireSoc\SapphireSoc.v:13547)
[EFX-0011 VERI-WARNING] net 'CsrPlugin_mtvec_mode[1]' does not have a driver (VDB-1002) (C:\Users\Jing-XuanTan(i)\Downloads\evsoc-efinity-v2026.1.132\evsoc-efinity-v2026.1.132\cam_single\Ti60F225_dsi\ip\SapphireSoc\SapphireSoc.v:13781)
[EFX-0011 VERI-WARNING] system function call 'urandom' is not supported (VERI-1141) (C:\Users\Jing-XuanTan(i)\Downloads\evsoc-efinity-v2026.1.132\evsoc-efinity-v2026.1.132\cam_single\Ti60F225_dsi\ip\SapphireSoc\SapphireSoc.v:21505)
[EFX-0011 VERI-WARNING] system function call 'urandom' is not supported (VERI-1141) (C:\Users\Jing-XuanTan(i)\Downloads\evsoc-efinity-v2026.1.132\evsoc-efinity-v2026.1.132\cam_single\Ti60F225_dsi\ip\SapphireSoc\SapphireSoc.v:21506)
[EFX-0011 VERI-WARNING] system function call 'urandom' is not supported (VERI-1141) (C:\Users\Jing-XuanTan(i)\Downloads\evsoc-efinity-v2026.1.132\evsoc-efinity-v2026.1.132\cam_single\Ti60F225_dsi\ip\SapphireSoc\SapphireSoc.v:23686)
[EFX-0011 VERI-WARNING] system function call 'urandom' is not supported (VERI-1141) (C:\Users\Jing-XuanTan(i)\Downloads\evsoc-efinity-v2026.1.132\evsoc-efinity-v2026.1.132\cam_single\Ti60F225_dsi\ip\SapphireSoc\SapphireSoc.v:23687)
[EFX-0011 VERI-WARNING] system function call 'urandom' is not supported (VERI-1141) (C:\Users\Jing-XuanTan(i)\Downloads\evsoc-efinity-v2026.1.132\evsoc-efinity-v2026.1.132\cam_single\Ti60F225_dsi\ip\SapphireSoc\SapphireSoc.v:5873)
[EFX-0011 VERI-WARNING] system function call 'urandom' is not supported (VERI-1141) (C:\Users\Jing-XuanTan(i)\Downloads\evsoc-efinity-v2026.1.132\evsoc-efinity-v2026.1.132\cam_single\Ti60F225_dsi\ip\SapphireSoc\SapphireSoc.v:5874)
[EFX-0011 VERI-WARNING] net 'slaveRegOut[31]' does not have a driver (VDB-1002) (C:\Users\Jing-XuanTan(i)\Downloads\evsoc-efinity-v2026.1.132\evsoc-efinity-v2026.1.132\cam_single\Ti60F225_dsi\source\hw_accel\hw_accel_apb3.v:38)
[EFX-0011 VERI-WARNING] port 'rst_busy' remains unconnected for this instance (VERI-1927) (C:\Users\Jing-XuanTan(i)\Downloads\evsoc-efinity-v2026.1.132\evsoc-efinity-v2026.1.132\cam_single\Ti60F225_dsi\source/hw_accel/hw_accel_wrapper.v:176)
[EFX-0011 VERI-WARNING] port 'rst_busy' remains unconnected for this instance (VERI-1927) (C:\Users\Jing-XuanTan(i)\Downloads\evsoc-efinity-v2026.1.132\evsoc-efinity-v2026.1.132\cam_single\Ti60F225_dsi\source/hw_accel/hw_accel_wrapper.v:202)
[EFX-0011 VERI-WARNING] port 'a_wr_rst_i' remains unconnected for this instance (VERI-1927) (C:\Users\Jing-XuanTan(i)\Downloads\evsoc-efinity-v2026.1.132\evsoc-efinity-v2026.1.132\cam_single\Ti60F225_dsi\ip\hw_accel_dma_in_fifo\hw_accel_dma_in_fifo.sv:112)
[EFX-0011 VERI-WARNING] input port 'a_wr_rst_i' is not connected on this instance (VDB-1013) (C:\Users\Jing-XuanTan(i)\Downloads\evsoc-efinity-v2026.1.132\evsoc-efinity-v2026.1.132\cam_single\Ti60F225_dsi\ip\hw_accel_dma_in_fifo\hw_accel_dma_in_fifo.sv:93)
[EFX-0011 VERI-WARNING] port 'a_wr_rst_i' remains unconnected for this instance (VERI-1927) (C:\Users\Jing-XuanTan(i)\Downloads\evsoc-efinity-v2026.1.132\evsoc-efinity-v2026.1.132\cam_single\Ti60F225_dsi\ip\hw_accel_dma_out_fifo\hw_accel_dma_out_fifo.sv:112)
[EFX-0011 VERI-WARNING] input port 'a_wr_rst_i' is not connected on this instance (VDB-1013) (C:\Users\Jing-XuanTan(i)\Downloads\evsoc-efinity-v2026.1.132\evsoc-efinity-v2026.1.132\cam_single\Ti60F225_dsi\ip\hw_accel_dma_out_fifo\hw_accel_dma_out_fifo.sv:93)
[EFX-0011 VERI-WARNING] system function call 'urandom' is not supported (VERI-1141) (C:\Users\Jing-XuanTan(i)\Downloads\evsoc-efinity-v2026.1.132\evsoc-efinity-v2026.1.132\cam_single\Ti60F225_dsi\ip\dma\dma.v:13453)
[EFX-0011 VERI-WARNING] system function call 'urandom' is not supported (VERI-1141) (C:\Users\Jing-XuanTan(i)\Downloads\evsoc-efinity-v2026.1.132\evsoc-efinity-v2026.1.132\cam_single\Ti60F225_dsi\ip\dma\dma.v:13454)
[EFX-0011 VERI-WARNING] system function call 'urandom' is not supported (VERI-1141) (C:\Users\Jing-XuanTan(i)\Downloads\evsoc-efinity-v2026.1.132\evsoc-efinity-v2026.1.132\cam_single\Ti60F225_dsi\ip\dma\dma.v:13455)
[EFX-0011 VERI-WARNING] system function call 'urandom' is not supported (VERI-1141) (C:\Users\Jing-XuanTan(i)\Downloads\evsoc-efinity-v2026.1.132\evsoc-efinity-v2026.1.132\cam_single\Ti60F225_dsi\ip\dma\dma.v:13456)
[EFX-0011 VERI-WARNING] system function call 'urandom' is not supported (VERI-1141) (C:\Users\Jing-XuanTan(i)\Downloads\evsoc-efinity-v2026.1.132\evsoc-efinity-v2026.1.132\cam_single\Ti60F225_dsi\ip\dma\dma.v:13457)
[EFX-0011 VERI-WARNING] actual bit length 16 differs from formal bit length 14 for port 'ctrl_PADDR' (VERI-1330) (C:\Users\Jing-XuanTan(i)\Downloads\evsoc-efinity-v2026.1.132\evsoc-efinity-v2026.1.132\cam_single\Ti60F225_dsi\edge_vision_soc.v:1332)
[EFX-0011 VERI-WARNING] system task 'display' is ignored for synthesis (VERI-1142) (C:\Users\Jing-XuanTan(i)\Downloads\evsoc-efinity-v2026.1.132\evsoc-efinity-v2026.1.132\cam_single\Ti60F225_dsi\source/axi/axi_interconnect.v:220)
[EFX-0011 VERI-WARNING] system task 'display' is ignored for synthesis (VERI-1142) (C:\Users\Jing-XuanTan(i)\Downloads\evsoc-efinity-v2026.1.132\evsoc-efinity-v2026.1.132\cam_single\Ti60F225_dsi\source/axi/axi_interconnect.v:223)
[EFX-0011 VERI-WARNING] expression size 32 truncated to fit in target size 2 (VERI-1209) (C:\Users\Jing-XuanTan(i)\Downloads\evsoc-efinity-v2026.1.132\evsoc-efinity-v2026.1.132\cam_single\Ti60F225_dsi\source/axi/priority_encoder.v:89)
[EFX-0011 VERI-WARNING] expression size 32 truncated to fit in target size 4 (VERI-1209) (C:\Users\Jing-XuanTan(i)\Downloads\evsoc-efinity-v2026.1.132\evsoc-efinity-v2026.1.132\cam_single\Ti60F225_dsi\source/axi/priority_encoder.v:89)
[EFX-0011 VERI-WARNING] right shift count >= width of value (VERI-1959) (C:\Users\Jing-XuanTan(i)\Downloads\evsoc-efinity-v2026.1.132\evsoc-efinity-v2026.1.132\cam_single\Ti60F225_dsi\source/axi/axi_interconnect.v:566)
[EFX-0011 VERI-WARNING] expression size 32 truncated to fit in target size 8 (VERI-1209) (C:\Users\Jing-XuanTan(i)\Downloads\evsoc-efinity-v2026.1.132\evsoc-efinity-v2026.1.132\cam_single\Ti60F225_dsi\source/axi/axi_interconnect.v:689)
[EFX-0011 VERI-WARNING] input port 'Rx_HS_D_2[7]' remains unconnected for this instance (VDB-1053) (C:\Users\Jing-XuanTan(i)\Downloads\evsoc-efinity-v2026.1.132\evsoc-efinity-v2026.1.132\cam_single\Ti60F225_dsi\edge_vision_soc.v:729)
[EFX-0011 VERI-WARNING] input port 'system_spi_0_io_data_2_read' remains unconnected for this instance (VDB-1053) (C:\Users\Jing-XuanTan(i)\Downloads\evsoc-efinity-v2026.1.132\evsoc-efinity-v2026.1.132\cam_single\Ti60F225_dsi\edge_vision_soc.v:1168)
[EFX-0011 VERI-WARNING] input port 'dat1_o_tready' remains unconnected for this instance (VDB-1053) (C:\Users\Jing-XuanTan(i)\Downloads\evsoc-efinity-v2026.1.132\evsoc-efinity-v2026.1.132\cam_single\Ti60F225_dsi\edge_vision_soc.v:1327)
[EFX-0011 VERI-WARNING] input port 's_axi_awuser[1]' remains unconnected for this instance (VDB-1053) (C:\Users\Jing-XuanTan(i)\Downloads\evsoc-efinity-v2026.1.132\evsoc-efinity-v2026.1.132\cam_single\Ti60F225_dsi\edge_vision_soc.v:1464)
[EFX-0200 WARNING] Removing redundant signal : Rx_HS_D_2[7:0]. (C:\Users\Jing-XuanTan(i)\Downloads\evsoc-efinity-v2026.1.132\evsoc-efinity-v2026.1.132\cam_single\Ti60F225_dsi\ip\csi2_rx_cam\csi2_rx_cam.sv:6307)
[EFX-0200 WARNING] Removing redundant signal : Rx_HS_D_3[7:0]. (C:\Users\Jing-XuanTan(i)\Downloads\evsoc-efinity-v2026.1.132\evsoc-efinity-v2026.1.132\cam_single\Ti60F225_dsi\ip\csi2_rx_cam\csi2_rx_cam.sv:6307)
[EFX-0200 WARNING] Removing redundant signal : Rx_HS_D_4[7:0]. (C:\Users\Jing-XuanTan(i)\Downloads\evsoc-efinity-v2026.1.132\evsoc-efinity-v2026.1.132\cam_single\Ti60F225_dsi\ip\csi2_rx_cam\csi2_rx_cam.sv:6307)
[EFX-0200 WARNING] Removing redundant signal : Rx_HS_D_5[7:0]. (C:\Users\Jing-XuanTan(i)\Downloads\evsoc-efinity-v2026.1.132\evsoc-efinity-v2026.1.132\cam_single\Ti60F225_dsi\ip\csi2_rx_cam\csi2_rx_cam.sv:6307)
[EFX-0200 WARNING] Removing redundant signal : Rx_HS_D_6[7:0]. (C:\Users\Jing-XuanTan(i)\Downloads\evsoc-efinity-v2026.1.132\evsoc-efinity-v2026.1.132\cam_single\Ti60F225_dsi\ip\csi2_rx_cam\csi2_rx_cam.sv:6307)
[EFX-0200 WARNING] Removing redundant signal : Rx_HS_D_7[7:0]. (C:\Users\Jing-XuanTan(i)\Downloads\evsoc-efinity-v2026.1.132\evsoc-efinity-v2026.1.132\cam_single\Ti60F225_dsi\ip\csi2_rx_cam\csi2_rx_cam.sv:6307)
[EFX-0200 WARNING] Removing redundant signal : u_dly_enable_D[1:0]. (C:\Users\Jing-XuanTan(i)\Downloads\evsoc-efinity-v2026.1.132\evsoc-efinity-v2026.1.132\cam_single\Ti60F225_dsi\ip\csi2_rx_cam\csi2_rx_cam.sv:6307)
[EFX-0200 WARNING] Removing redundant signal : u_dly_inc_D[1:0]. (C:\Users\Jing-XuanTan(i)\Downloads\evsoc-efinity-v2026.1.132\evsoc-efinity-v2026.1.132\cam_single\Ti60F225_dsi\ip\csi2_rx_cam\csi2_rx_cam.sv:6307)
[EFX-0200 WARNING] Removing redundant signal : axi_awaddr[1:0]. (C:\Users\Jing-XuanTan(i)\Downloads\evsoc-efinity-v2026.1.132\evsoc-efinity-v2026.1.132\cam_single\Ti60F225_dsi\ip\csi2_rx_cam\csi2_rx_cam.sv:5564)
[EFX-0200 WARNING] Removing redundant signal : axi_araddr[1:0]. (C:\Users\Jing-XuanTan(i)\Downloads\evsoc-efinity-v2026.1.132\evsoc-efinity-v2026.1.132\cam_single\Ti60F225_dsi\ip\csi2_rx_cam\csi2_rx_cam.sv:5564)
[EFX-0200 WARNING] Removing redundant signal : loc_rdata[31:0]. (C:\Users\Jing-XuanTan(i)\Downloads\evsoc-efinity-v2026.1.132\evsoc-efinity-v2026.1.132\cam_single\Ti60F225_dsi\ip\csi2_rx_cam\csi2_rx_cam.sv:5564)
[EFX-0200 WARNING] Removing redundant signal : nextCRC16_D16.fcrc[15:0]. (C:\Users\Jing-XuanTan(i)\Downloads\evsoc-efinity-v2026.1.132\evsoc-efinity-v2026.1.132\cam_single\Ti60F225_dsi\ip\csi2_rx_cam\csi2_rx_cam.sv:1466)
[EFX-0200 WARNING] Removing redundant signal : nextCRC16_D16.Data[15:0]. (C:\Users\Jing-XuanTan(i)\Downloads\evsoc-efinity-v2026.1.132\evsoc-efinity-v2026.1.132\cam_single\Ti60F225_dsi\ip\csi2_rx_cam\csi2_rx_cam.sv:1466)
[EFX-0200 WARNING] Removing redundant signal : nextCRC16_D16[15:0]. (C:\Users\Jing-XuanTan(i)\Downloads\evsoc-efinity-v2026.1.132\evsoc-efinity-v2026.1.132\cam_single\Ti60F225_dsi\ip\csi2_rx_cam\csi2_rx_cam.sv:1466)
[EFX-0200 WARNING] Removing redundant signal : nextCRC16_D16.c[15:0]. (C:\Users\Jing-XuanTan(i)\Downloads\evsoc-efinity-v2026.1.132\evsoc-efinity-v2026.1.132\cam_single\Ti60F225_dsi\ip\csi2_rx_cam\csi2_rx_cam.sv:1466)
[EFX-0200 WARNING] Removing redundant signal : nextCRC16_D16.d[15:0]. (C:\Users\Jing-XuanTan(i)\Downloads\evsoc-efinity-v2026.1.132\evsoc-efinity-v2026.1.132\cam_single\Ti60F225_dsi\ip\csi2_rx_cam\csi2_rx_cam.sv:1466)
[EFX-0200 WARNING] Removing redundant signal : nextCRC16_D16.newcrc[15:0]. (C:\Users\Jing-XuanTan(i)\Downloads\evsoc-efinity-v2026.1.132\evsoc-efinity-v2026.1.132\cam_single\Ti60F225_dsi\ip\csi2_rx_cam\csi2_rx_cam.sv:1466)
[EFX-0200 WARNING] Removing redundant signal : nextCRC16_D8[15:0]. (C:\Users\Jing-XuanTan(i)\Downloads\evsoc-efinity-v2026.1.132\evsoc-efinity-v2026.1.132\cam_single\Ti60F225_dsi\ip\csi2_rx_cam\csi2_rx_cam.sv:1466)
[EFX-0200 WARNING] Removing redundant signal : nextCRC16_D8.Data[7:0]. (C:\Users\Jing-XuanTan(i)\Downloads\evsoc-efinity-v2026.1.132\evsoc-efinity-v2026.1.132\cam_single\Ti60F225_dsi\ip\csi2_rx_cam\csi2_rx_cam.sv:1466)
[EFX-0200 WARNING] Removing redundant signal : nextCRC16_D8.fcrc[15:0]. (C:\Users\Jing-XuanTan(i)\Downloads\evsoc-efinity-v2026.1.132\evsoc-efinity-v2026.1.132\cam_single\Ti60F225_dsi\ip\csi2_rx_cam\csi2_rx_cam.sv:1466)
[EFX-0201 WARNING] Re-wiring to GND non-driven net/port 'a_wr_rst_i' in module 'efx_fifo_top_04a96f5177a940fe94d182603b3fa9c9(FAMILY="",SYNC_CLK=1,PIPELINE_REG=0,OUTPUT_REG=1,PROGRAMMABLE_FULL="NONE",PROG_FULL_ASSERT=510,PROG_FULL_NEGATE=510,PROGRAMMABLE_EMPTY="NONE",PROG_EMPTY_ASSERT=2,PROG_EMPTY_NEGATE=3)'. (C:\Users\Jing-XuanTan(i)\Downloads\evsoc-efinity-v2026.1.132\evsoc-efinity-v2026.1.132\cam_single\Ti60F225_dsi\ip\cam_pixel_remap_fifo\cam_pixel_remap_fifo.sv:92)
[EFX-0201 WARNING] Re-wiring to GND non-driven net/port 'a_rd_rst_i' in module 'efx_fifo_top_04a96f5177a940fe94d182603b3fa9c9(FAMILY="",SYNC_CLK=1,PIPELINE_REG=0,OUTPUT_REG=1,PROGRAMMABLE_FULL="NONE",PROG_FULL_ASSERT=510,PROG_FULL_NEGATE=510,PROGRAMMABLE_EMPTY="NONE",PROG_EMPTY_ASSERT=2,PROG_EMPTY_NEGATE=3)'. (C:\Users\Jing-XuanTan(i)\Downloads\evsoc-efinity-v2026.1.132\evsoc-efinity-v2026.1.132\cam_single\Ti60F225_dsi\ip\cam_pixel_remap_fifo\cam_pixel_remap_fifo.sv:92)
[EFX-0201 WARNING] Re-wiring to GND non-driven net/port 'wr_clk_i' in module 'efx_fifo_top_04a96f5177a940fe94d182603b3fa9c9(FAMILY="",SYNC_CLK=1,PIPELINE_REG=0,OUTPUT_REG=1,PROGRAMMABLE_FULL="NONE",PROG_FULL_ASSERT=510,PROG_FULL_NEGATE=510,PROGRAMMABLE_EMPTY="NONE",PROG_EMPTY_ASSERT=2,PROG_EMPTY_NEGATE=3)'. (C:\Users\Jing-XuanTan(i)\Downloads\evsoc-efinity-v2026.1.132\evsoc-efinity-v2026.1.132\cam_single\Ti60F225_dsi\ip\cam_pixel_remap_fifo\cam_pixel_remap_fifo.sv:92)
[EFX-0201 WARNING] Re-wiring to GND non-driven net/port 'rd_clk_i' in module 'efx_fifo_top_04a96f5177a940fe94d182603b3fa9c9(FAMILY="",SYNC_CLK=1,PIPELINE_REG=0,OUTPUT_REG=1,PROGRAMMABLE_FULL="NONE",PROG_FULL_ASSERT=510,PROG_FULL_NEGATE=510,PROGRAMMABLE_EMPTY="NONE",PROG_EMPTY_ASSERT=2,PROG_EMPTY_NEGATE=3)'. (C:\Users\Jing-XuanTan(i)\Downloads\evsoc-efinity-v2026.1.132\evsoc-efinity-v2026.1.132\cam_single\Ti60F225_dsi\ip\cam_pixel_remap_fifo\cam_pixel_remap_fifo.sv:92)
[EFX-0201 WARNING] Re-wiring to GND non-driven net/port 'pipe_0_pixel_0_wire[16]' in module 'blc(PIXEL_PER_CYCLE=2,PIXEL_BIT_WIDTH=8)'. (C:\Users\Jing-XuanTan(i)\Downloads\evsoc-efinity-v2026.1.132\evsoc-efinity-v2026.1.132\cam_single\Ti60F225_dsi\source/isp/blc.sv:44)
[EFX-0201 WARNING] Re-wiring to GND non-driven net/port 'pipe_0_pixel_0_wire[15]' in module 'blc(PIXEL_PER_CYCLE=2,PIXEL_BIT_WIDTH=8)'. (C:\Users\Jing-XuanTan(i)\Downloads\evsoc-efinity-v2026.1.132\evsoc-efinity-v2026.1.132\cam_single\Ti60F225_dsi\source/isp/blc.sv:44)
[EFX-0201 WARNING] Re-wiring to GND non-driven net/port 'pipe_0_pixel_0_wire[14]' in module 'blc(PIXEL_PER_CYCLE=2,PIXEL_BIT_WIDTH=8)'. (C:\Users\Jing-XuanTan(i)\Downloads\evsoc-efinity-v2026.1.132\evsoc-efinity-v2026.1.132\cam_single\Ti60F225_dsi\source/isp/blc.sv:44)
[EFX-0201 WARNING] Re-wiring to GND non-driven net/port 'pipe_0_pixel_0_wire[13]' in module 'blc(PIXEL_PER_CYCLE=2,PIXEL_BIT_WIDTH=8)'. (C:\Users\Jing-XuanTan(i)\Downloads\evsoc-efinity-v2026.1.132\evsoc-efinity-v2026.1.132\cam_single\Ti60F225_dsi\source/isp/blc.sv:44)
[EFX-0201 WARNING] Re-wiring to GND non-driven net/port 'pipe_0_pixel_0_wire[12]' in module 'blc(PIXEL_PER_CYCLE=2,PIXEL_BIT_WIDTH=8)'. (C:\Users\Jing-XuanTan(i)\Downloads\evsoc-efinity-v2026.1.132\evsoc-efinity-v2026.1.132\cam_single\Ti60F225_dsi\source/isp/blc.sv:44)
[EFX-0201 WARNING] Re-wiring to GND non-driven net/port 'pipe_0_pixel_0_wire[11]' in module 'blc(PIXEL_PER_CYCLE=2,PIXEL_BIT_WIDTH=8)'. (C:\Users\Jing-XuanTan(i)\Downloads\evsoc-efinity-v2026.1.132\evsoc-efinity-v2026.1.132\cam_single\Ti60F225_dsi\source/isp/blc.sv:44)
[EFX-0657 WARNING] Mapping into logic memory block 'pipe_0_center' (20 bits) (C:\Users\Jing-XuanTan(i)\Downloads\evsoc-efinity-v2026.1.132\evsoc-efinity-v2026.1.132\cam_single\Ti60F225_dsi\source/isp/demosaic.sv:68) because size is too small (<=64)
[EFX-0657 WARNING] Mapping into logic memory block 'pipe_0_outer_horizontal' (20 bits) (C:\Users\Jing-XuanTan(i)\Downloads\evsoc-efinity-v2026.1.132\evsoc-efinity-v2026.1.132\cam_single\Ti60F225_dsi\source/isp/demosaic.sv:69) because size is too small (<=64)
[EFX-0657 WARNING] Mapping into logic memory block 'pipe_0_outer_vertical' (20 bits) (C:\Users\Jing-XuanTan(i)\Downloads\evsoc-efinity-v2026.1.132\evsoc-efinity-v2026.1.132\cam_single\Ti60F225_dsi\source/isp/demosaic.sv:70) because size is too small (<=64)
[EFX-0657 WARNING] Mapping into logic memory block 'pipe_0_inner_horizontal' (20 bits) (C:\Users\Jing-XuanTan(i)\Downloads\evsoc-efinity-v2026.1.132\evsoc-efinity-v2026.1.132\cam_single\Ti60F225_dsi\source/isp/demosaic.sv:71) because size is too small (<=64)
[EFX-0657 WARNING] Mapping into logic memory block 'pipe_0_inner_vertical' (20 bits) (C:\Users\Jing-XuanTan(i)\Downloads\evsoc-efinity-v2026.1.132\evsoc-efinity-v2026.1.132\cam_single\Ti60F225_dsi\source/isp/demosaic.sv:72) because size is too small (<=64)
[EFX-0657 WARNING] Mapping into logic memory block 'pipe_0_inner_top' (20 bits) (C:\Users\Jing-XuanTan(i)\Downloads\evsoc-efinity-v2026.1.132\evsoc-efinity-v2026.1.132\cam_single\Ti60F225_dsi\source/isp/demosaic.sv:73) because size is too small (<=64)
[EFX-0657 WARNING] Mapping into logic memory block 'pipe_0_inner_bottom' (20 bits) (C:\Users\Jing-XuanTan(i)\Downloads\evsoc-efinity-v2026.1.132\evsoc-efinity-v2026.1.132\cam_single\Ti60F225_dsi\source/isp/demosaic.sv:74) because size is too small (<=64)
[EFX-0657 WARNING] Mapping into logic memory block 'pipe_1_center' (28 bits) (C:\Users\Jing-XuanTan(i)\Downloads\evsoc-efinity-v2026.1.132\evsoc-efinity-v2026.1.132\cam_single\Ti60F225_dsi\source/isp/demosaic.sv:80) because size is too small (<=64)
[EFX-0657 WARNING] Mapping into logic memory block 'pipe_1_center_x5' (28 bits) (C:\Users\Jing-XuanTan(i)\Downloads\evsoc-efinity-v2026.1.132\evsoc-efinity-v2026.1.132\cam_single\Ti60F225_dsi\source/isp/demosaic.sv:81) because size is too small (<=64)
[EFX-0657 WARNING] Mapping into logic memory block 'pipe_1_center_x6' (28 bits) (C:\Users\Jing-XuanTan(i)\Downloads\evsoc-efinity-v2026.1.132\evsoc-efinity-v2026.1.132\cam_single\Ti60F225_dsi\source/isp/demosaic.sv:82) because size is too small (<=64)
[EFX-0657 WARNING] Mapping into logic memory block 'pipe_1_outer_horizontal' (28 bits) (C:\Users\Jing-XuanTan(i)\Downloads\evsoc-efinity-v2026.1.132\evsoc-efinity-v2026.1.132\cam_single\Ti60F225_dsi\source/isp/demosaic.sv:83) because size is too small (<=64)
[EFX-0657 WARNING] Mapping into logic memory block 'pipe_1_outer_vertical' (28 bits) (C:\Users\Jing-XuanTan(i)\Downloads\evsoc-efinity-v2026.1.132\evsoc-efinity-v2026.1.132\cam_single\Ti60F225_dsi\source/isp/demosaic.sv:84) because size is too small (<=64)
[EFX-0657 WARNING] Mapping into logic memory block 'pipe_1_outer_cross' (28 bits) (C:\Users\Jing-XuanTan(i)\Downloads\evsoc-efinity-v2026.1.132\evsoc-efinity-v2026.1.132\cam_single\Ti60F225_dsi\source/isp/demosaic.sv:85) because size is too small (<=64)
[EFX-0657 WARNING] Mapping into logic memory block 'pipe_1_inner_h_outer_v_x2' (28 bits) (C:\Users\Jing-XuanTan(i)\Downloads\evsoc-efinity-v2026.1.132\evsoc-efinity-v2026.1.132\cam_single\Ti60F225_dsi\source/isp/demosaic.sv:86) because size is too small (<=64)
[EFX-0657 WARNING] Mapping into logic memory block 'pipe_1_inner_v_outer_h_x2' (28 bits) (C:\Users\Jing-XuanTan(i)\Downloads\evsoc-efinity-v2026.1.132\evsoc-efinity-v2026.1.132\cam_single\Ti60F225_dsi\source/isp/demosaic.sv:87) because size is too small (<=64)
[EFX-0657 WARNING] Mapping into logic memory block 'pipe_1_inner_corner' (28 bits) (C:\Users\Jing-XuanTan(i)\Downloads\evsoc-efinity-v2026.1.132\evsoc-efinity-v2026.1.132\cam_single\Ti60F225_dsi\source/isp/demosaic.sv:88) because size is too small (<=64)
[EFX-0657 WARNING] Mapping into logic memory block 'pipe_1_inner_cross' (28 bits) (C:\Users\Jing-XuanTan(i)\Downloads\evsoc-efinity-v2026.1.132\evsoc-efinity-v2026.1.132\cam_single\Ti60F225_dsi\source/isp/demosaic.sv:89) because size is too small (<=64)
[EFX-0657 WARNING] Mapping into logic memory block 'pipe_2_center' (36 bits) (C:\Users\Jing-XuanTan(i)\Downloads\evsoc-efinity-v2026.1.132\evsoc-efinity-v2026.1.132\cam_single\Ti60F225_dsi\source/isp/demosaic.sv:95) because size is too small (<=64)
[EFX-0657 WARNING] Mapping into logic memory block 'pipe_2_center_cross_x2' (36 bits) (C:\Users\Jing-XuanTan(i)\Downloads\evsoc-efinity-v2026.1.132\evsoc-efinity-v2026.1.132\cam_single\Ti60F225_dsi\source/isp/demosaic.sv:96) because size is too small (<=64)
[EFX-0657 WARNING] Mapping into logic memory block 'pipe_2_outer_cross_x2' (36 bits) (C:\Users\Jing-XuanTan(i)\Downloads\evsoc-efinity-v2026.1.132\evsoc-efinity-v2026.1.132\cam_single\Ti60F225_dsi\source/isp/demosaic.sv:97) because size is too small (<=64)
[EFX-0657 WARNING] Mapping into logic memory block 'pipe_2_outer_cross_x3' (36 bits) (C:\Users\Jing-XuanTan(i)\Downloads\evsoc-efinity-v2026.1.132\evsoc-efinity-v2026.1.132\cam_single\Ti60F225_dsi\source/isp/demosaic.sv:98) because size is too small (<=64)
[EFX-0657 WARNING] Mapping into logic memory block 'pipe_2_inner_c_outer_h_x2' (36 bits) (C:\Users\Jing-XuanTan(i)\Downloads\evsoc-efinity-v2026.1.132\evsoc-efinity-v2026.1.132\cam_single\Ti60F225_dsi\source/isp/demosaic.sv:99) because size is too small (<=64)
[EFX-0657 WARNING] Mapping into logic memory block 'pipe_2_inner_c_outer_v_x2' (36 bits) (C:\Users\Jing-XuanTan(i)\Downloads\evsoc-efinity-v2026.1.132\evsoc-efinity-v2026.1.132\cam_single\Ti60F225_dsi\source/isp/demosaic.sv:100) because size is too small (<=64)
[EFX-0657 WARNING] Mapping into logic memory block 'pipe_2_rb_at_g1_x2' (36 bits) (C:\Users\Jing-XuanTan(i)\Downloads\evsoc-efinity-v2026.1.132\evsoc-efinity-v2026.1.132\cam_single\Ti60F225_dsi\source/isp/demosaic.sv:101) because size is too small (<=64)
[EFX-0657 WARNING] Mapping into logic memory block 'pipe_2_rb_at_g2_x2' (36 bits) (C:\Users\Jing-XuanTan(i)\Downloads\evsoc-efinity-v2026.1.132\evsoc-efinity-v2026.1.132\cam_single\Ti60F225_dsi\source/isp/demosaic.sv:102) because size is too small (<=64)
[EFX-0657 WARNING] Mapping into logic memory block 'pipe_2_rb_at_rb_x2' (36 bits) (C:\Users\Jing-XuanTan(i)\Downloads\evsoc-efinity-v2026.1.132\evsoc-efinity-v2026.1.132\cam_single\Ti60F225_dsi\source/isp/demosaic.sv:103) because size is too small (<=64)
[EFX-0657 WARNING] Mapping into logic memory block 'logic_progbufX_mem' (64 bits) (C:\Users\Jing-XuanTan(i)\Downloads\evsoc-efinity-v2026.1.132\evsoc-efinity-v2026.1.132\cam_single\Ti60F225_dsi\ip\SapphireSoc\SapphireSoc.v:12000) because size is too small (<=64)
[EFX-0657 WARNING] Mapping into logic memory block 'logic_ram' (64 bits) (C:\Users\Jing-XuanTan(i)\Downloads\evsoc-efinity-v2026.1.132\evsoc-efinity-v2026.1.132\cam_single\Ti60F225_dsi\ip\SapphireSoc\SapphireSoc.v:20389) because size is too small (<=64)
[EFX-0657 WARNING] Mapping into logic memory block 'u_hw_accel_apb3/slaveReg' (96 bits) (C:\Users\Jing-XuanTan(i)\Downloads\evsoc-efinity-v2026.1.132\evsoc-efinity-v2026.1.132\cam_single\Ti60F225_dsi\source\hw_accel\hw_accel_apb3.v:37) because it has all constant reader/writer.
[EFX-0657 WARNING] Mapping into logic memory block 'u_apb3_cam_display/slaveReg' (224 bits) (C:\Users\Jing-XuanTan(i)\Downloads\evsoc-efinity-v2026.1.132\evsoc-efinity-v2026.1.132\cam_single\Ti60F225_dsi\source/common/common_apb3.v:48) because it has all constant reader/writer.
[EFX-0011 VERI-WARNING] Input/inout port i_mipi_txc_sclk is unconnected. Place and route may remove this unconnected port. (VDB-8003) (C:\Users\Jing-XuanTan(i)\Downloads\evsoc-efinity-v2026.1.132\evsoc-efinity-v2026.1.132\cam_single\Ti60F225_dsi\edge_vision_soc.v:26)
[EFX-0011 VERI-WARNING] Input/inout port i_mipi_txd_sclk is unconnected. Place and route may remove this unconnected port. (VDB-8003) (C:\Users\Jing-XuanTan(i)\Downloads\evsoc-efinity-v2026.1.132\evsoc-efinity-v2026.1.132\cam_single\Ti60F225_dsi\edge_vision_soc.v:27)
[EFX-0011 VERI-WARNING] Input/inout port i_mipi_tx_pll_locked is unconnected. Place and route may remove this unconnected port. (VDB-8003) (C:\Users\Jing-XuanTan(i)\Downloads\evsoc-efinity-v2026.1.132\evsoc-efinity-v2026.1.132\cam_single\Ti60F225_dsi\edge_vision_soc.v:29)
[EFX-0011 VERI-WARNING] Input/inout port i_hbramClk90 is unconnected. Place and route may remove this unconnected port. (VDB-8003) (C:\Users\Jing-XuanTan(i)\Downloads\evsoc-efinity-v2026.1.132\evsoc-efinity-v2026.1.132\cam_single\Ti60F225_dsi\edge_vision_soc.v:33)
[EFX-0011 VERI-WARNING] Input/inout port i_cam_d0_HS_IN_1[7] is unconnected. Place and route may remove this unconnected port. (VDB-8003) (C:\Users\Jing-XuanTan(i)\Downloads\evsoc-efinity-v2026.1.132\evsoc-efinity-v2026.1.132\cam_single\Ti60F225_dsi\edge_vision_soc.v:74)
[EFX-0011 VERI-WARNING] Input/inout port i_cam_d0_HS_IN_2[7] is unconnected. Place and route may remove this unconnected port. (VDB-8003) (C:\Users\Jing-XuanTan(i)\Downloads\evsoc-efinity-v2026.1.132\evsoc-efinity-v2026.1.132\cam_single\Ti60F225_dsi\edge_vision_soc.v:75)
[EFX-0011 VERI-WARNING] Input/inout port i_cam_d0_HS_IN_3[7] is unconnected. Place and route may remove this unconnected port. (VDB-8003) (C:\Users\Jing-XuanTan(i)\Downloads\evsoc-efinity-v2026.1.132\evsoc-efinity-v2026.1.132\cam_single\Ti60F225_dsi\edge_vision_soc.v:76)
[EFX-0011 VERI-WARNING] Input/inout port i_cam_d1_HS_IN_1[7] is unconnected. Place and route may remove this unconnected port. (VDB-8003) (C:\Users\Jing-XuanTan(i)\Downloads\evsoc-efinity-v2026.1.132\evsoc-efinity-v2026.1.132\cam_single\Ti60F225_dsi\edge_vision_soc.v:89)
[EFX-0011 VERI-WARNING] Input/inout port i_cam_d1_HS_IN_2[7] is unconnected. Place and route may remove this unconnected port. (VDB-8003) (C:\Users\Jing-XuanTan(i)\Downloads\evsoc-efinity-v2026.1.132\evsoc-efinity-v2026.1.132\cam_single\Ti60F225_dsi\edge_vision_soc.v:90)
[EFX-0011 VERI-WARNING] Input/inout port i_cam_d1_HS_IN_3[7] is unconnected. Place and route may remove this unconnected port. (VDB-8003) (C:\Users\Jing-XuanTan(i)\Downloads\evsoc-efinity-v2026.1.132\evsoc-efinity-v2026.1.132\cam_single\Ti60F225_dsi\edge_vision_soc.v:91)
[EFX-0011 VERI-WARNING] Input/inout port sw6 is unconnected. Place and route may remove this unconnected port. (VDB-8003) (C:\Users\Jing-XuanTan(i)\Downloads\evsoc-efinity-v2026.1.132\evsoc-efinity-v2026.1.132\cam_single\Ti60F225_dsi\edge_vision_soc.v:181)
[EFX-0011 VERI-WARNING] Input/inout port sw7 is unconnected. Place and route may remove this unconnected port. (VDB-8003) (C:\Users\Jing-XuanTan(i)\Downloads\evsoc-efinity-v2026.1.132\evsoc-efinity-v2026.1.132\cam_single\Ti60F225_dsi\edge_vision_soc.v:182)
[EFX-0011 VERI-WARNING] Net soc_io_w_payload_id[0] is dangling. (VDB-8009) 
[EFX-0011 VERI-WARNING] Net soc_io_arw_payload_region[0] is dangling. (VDB-8009) 
[EFX-0011 VERI-WARNING] Net soc_io_arw_payload_cache[0] is dangling. (VDB-8009) 
[EFX-0011 VERI-WARNING] Net u_risc_v/u_EfxSapphireSoc/io_ddrA_r_rData_id[0] is dangling. (VDB-8009) 
[EFX-0011 VERI-WARNING] Net soc_io_arw_payload_prot[0] is dangling. (VDB-8009) 
[EFX-0011 VERI-WARNING] Net soc_io_arw_payload_lock is dangling. (VDB-8009) 
[EFX-0011 VERI-WARNING] Net soc_io_arw_payload_qos[0] is dangling. (VDB-8009) 
[EFX-0011 VERI-WARNING] Net u_risc_v/u_EfxSapphireSoc/system_cores_0_logic_cpu/IBusCachedPlugin_cache/lineLoader_address[0] is dangling. (VDB-8009) 
[EFX-0011 VERI-WARNING] Net u_risc_v/u_EfxSapphireSoc/system_cores_0_logic_cpu/IBusCachedPlugin_cache/lineLoader_address[1] is dangling. (VDB-8009) 
[EFX-0011 VERI-WARNING] Net u_risc_v/u_EfxSapphireSoc/system_cores_0_logic_cpu/IBusCachedPlugin_cache/lineLoader_address[2] is dangling. (VDB-8009) 
[EFX-0011 VERI-WARNING] Net u_risc_v/u_EfxSapphireSoc/system_cores_0_logic_cpu/IBusCachedPlugin_cache/lineLoader_address[3] is dangling. (VDB-8009) 
[EFX-0011 VERI-WARNING] Net u_risc_v/u_EfxSapphireSoc/system_cores_0_logic_cpu/IBusCachedPlugin_cache/lineLoader_address[4] is dangling. (VDB-8009) 
[EFX-0011 VERI-WARNING] Net u_risc_v/u_EfxSapphireSoc/system_cores_0_logic_cpu/IBusCachedPlugin_cache/lineLoader_address[5] is dangling. (VDB-8009) 
[EFX-0011 VERI-WARNING] Net soc_io_arw_payload_addr[31] is dangling. (VDB-8009) 
[EFX-0011 VERI-WARNING] Net soc_io_w_payload_id[1] is dangling. (VDB-8009) 
[EFX-0011 VERI-WARNING] Net soc_io_w_payload_id[2] is dangling. (VDB-8009) 
[EFX-0011 VERI-WARNING] Net soc_io_w_payload_id[3] is dangling. (VDB-8009) 
[EFX-0011 VERI-WARNING] Net soc_io_w_payload_id[4] is dangling. (VDB-8009) 
[EFX-0011 VERI-WARNING] Net soc_io_w_payload_id[5] is dangling. (VDB-8009) 
[EFX-0011 VERI-WARNING] Net soc_io_w_payload_id[6] is dangling. (VDB-8009) 
[EFX-0011 VERI-WARNING] Net soc_io_w_payload_id[7] is dangling. (VDB-8009) 
[EFX-0011 VERI-WARNING] Net u_risc_v/u_EfxSapphireSoc/io_ddrA_r_rData_id[1] is dangling. (VDB-8009) 
[EFX-0011 VERI-WARNING] Net u_risc_v/u_EfxSapphireSoc/io_ddrA_r_rData_id[2] is dangling. (VDB-8009) 
[EFX-0011 VERI-WARNING] Net u_risc_v/u_EfxSapphireSoc/io_ddrA_r_rData_id[3] is dangling. (VDB-8009) 
[EFX-0011 VERI-WARNING] Net u_risc_v/u_EfxSapphireSoc/io_ddrA_r_rData_id[4] is dangling. (VDB-8009) 
[EFX-0011 VERI-WARNING] Net u_risc_v/u_EfxSapphireSoc/io_ddrA_r_rData_id[5] is dangling. (VDB-8009) 
[EFX-0011 VERI-WARNING] Net u_risc_v/u_EfxSapphireSoc/io_ddrA_r_rData_id[6] is dangling. (VDB-8009) 
[EFX-0011 VERI-WARNING] Net u_risc_v/u_EfxSapphireSoc/io_ddrA_r_rData_id[7] is dangling. (VDB-8009) 
[EFX-0011 VERI-WARNING] Net soc_io_arw_payload_region[1] is dangling. (VDB-8009) 
[EFX-0011 VERI-WARNING] Net soc_io_arw_payload_region[2] is dangling. (VDB-8009) 
[EFX-0011 VERI-WARNING] Net soc_io_arw_payload_region[3] is dangling. (VDB-8009) 
[EFX-0011 VERI-WARNING] Net soc_io_arw_payload_cache[1] is dangling. (VDB-8009) 
[EFX-0011 VERI-WARNING] Net soc_io_arw_payload_cache[2] is dangling. (VDB-8009) 
[EFX-0011 VERI-WARNING] Net soc_io_arw_payload_cache[3] is dangling. (VDB-8009) 
[EFX-0011 VERI-WARNING] Net soc_io_arw_payload_qos[1] is dangling. (VDB-8009) 
[EFX-0011 VERI-WARNING] Net soc_io_arw_payload_qos[2] is dangling. (VDB-8009) 
[EFX-0011 VERI-WARNING] Net soc_io_arw_payload_qos[3] is dangling. (VDB-8009) 
[EFX-0011 VERI-WARNING] Net soc_io_arw_payload_prot[1] is dangling. (VDB-8009) 
[EFX-0011 VERI-WARNING] Net soc_io_arw_payload_prot[2] is dangling. (VDB-8009) 
[EFX-0011 VERI-WARNING] Net dma_arregion[0] is dangling. (VDB-8009) 
[EFX-0011 VERI-WARNING] Net dma_awregion[0] is dangling. (VDB-8009) 
[EFX-0011 VERI-WARNING] Net dma_arregion[1] is dangling. (VDB-8009) 
[EFX-0011 VERI-WARNING] Net dma_arregion[2] is dangling. (VDB-8009) 
[EFX-0011 VERI-WARNING] Net dma_arregion[3] is dangling. (VDB-8009) 
[EFX-0011 VERI-WARNING] Net dma_awregion[1] is dangling. (VDB-8009) 
[EFX-0011 VERI-WARNING] Net dma_awregion[2] is dangling. (VDB-8009) 
[EFX-0011 VERI-WARNING] Net dma_awregion[3] is dangling. (VDB-8009) 
[EFX-0011 VERI-WARNING] Net u_hbram/u_hbram_top/hbc_dq_OE_2[0] is dangling. (VDB-8009) 
[EFX-0011 VERI-WARNING] Net u_hbram/u_hbram_top/hbc_dq_OE_2[1] is dangling. (VDB-8009) 
[EFX-0011 VERI-WARNING] Net u_hbram/u_hbram_top/hbc_dq_OE_2[2] is dangling. (VDB-8009) 
[EFX-0011 VERI-WARNING] Net u_hbram/u_hbram_top/hbc_dq_OE_2[3] is dangling. (VDB-8009) 
[EFX-0011 VERI-WARNING] Net u_hbram/u_hbram_top/hbc_dq_OE_2[4] is dangling. (VDB-8009) 
[EFX-0011 VERI-WARNING] Net u_hbram/u_hbram_top/hbc_dq_OE_2[5] is dangling. (VDB-8009) 
[EFX-0011 VERI-WARNING] Net u_hbram/u_hbram_top/hbc_dq_OE_2[6] is dangling. (VDB-8009) 
[EFX-0011 VERI-WARNING] Net u_hbram/u_hbram_top/hbc_dq_OE_2[7] is dangling. (VDB-8009) 
[EFX-0011 VERI-WARNING] Net u_hbram/u_hbram_top/hbc_dq_OE_2[8] is dangling. (VDB-8009) 
[EFX-0011 VERI-WARNING] Net u_hbram/u_hbram_top/hbc_dq_OE_2[9] is dangling. (VDB-8009) 
[EFX-0011 VERI-WARNING] Net u_hbram/u_hbram_top/hbc_dq_OE_2[10] is dangling. (VDB-8009) 
[EFX-0011 VERI-WARNING] Net u_hbram/u_hbram_top/hbc_dq_OE_2[11] is dangling. (VDB-8009) 
[EFX-0011 VERI-WARNING] Net u_hbram/u_hbram_top/hbc_dq_OE_2[12] is dangling. (VDB-8009) 
[EFX-0011 VERI-WARNING] Net u_hbram/u_hbram_top/hbc_dq_OE_2[13] is dangling. (VDB-8009) 
[EFX-0011 VERI-WARNING] Net u_hbram/u_hbram_top/hbc_dq_OE_2[14] is dangling. (VDB-8009) 
[EFX-0011 VERI-WARNING] Net u_hbram/u_hbram_top/hbc_dq_OE_2[15] is dangling. (VDB-8009) 
[EFX-0011 VERI-WARNING] Net u_risc_v/u_EfxSapphireSoc/system_ddr_ddrLogic_cc_fifo/io_input_cmd_queue/popCC_popPtrPlus[0] is dangling. (VDB-8009) 
[EFX-0011 VERI-WARNING] Net u_risc_v/u_EfxSapphireSoc/system_ddr_ddrLogic_cc_fifo/io_output_rsp_queue/popCC_popPtrPlus[0] is dangling. (VDB-8009) 
[EFX-0011 VERI-WARNING] Net u_dma/u_EfxDMA/outputsAdapter_2_crossclock_fifo/popCC_popPtrPlus[0] is dangling. (VDB-8009) 
[EFX-0011 VERI-WARNING] Net u_dma/u_EfxDMA/inputsAdapter_1_crossclock_fifo/popCC_popPtrPlus[0] is dangling. (VDB-8009) 
[EFX-0011 VERI-WARNING] Net u_dma/u_EfxDMA/outputsAdapter_1_crossclock_fifo/popCC_popPtrPlus[0] is dangling. (VDB-8009) 
[EFX-0011 VERI-WARNING] Net u_dma/u_EfxDMA/inputsAdapter_0_crossclock_fifo/popCC_popPtrPlus[0] is dangling. (VDB-8009) 
[EFX-0011 VERI-WARNING] Found 123 warnings in the post-synthesis netlist. 

///////////////////////////////////
// Efinity Synthesis Started 
// Aug 27, 2026 11:25:45
///////////////////////////////////

[EFX-0011 VERI-WARNING] parameter 'CL_S_COUNT' becomes localparam in 'axi_interconnect' with formal parameter declaration list (VERI-1199) (C:\Users\Jing-XuanTan(i)\Downloads\evsoc-efinity-v2026.1.132\evsoc-efinity-v2026.1.132\cam_single\Ti60F225_dsi\source/axi/axi_interconnect.v:180)
[EFX-0011 VERI-WARNING] parameter 'CL_M_COUNT' becomes localparam in 'axi_interconnect' with formal parameter declaration list (VERI-1199) (C:\Users\Jing-XuanTan(i)\Downloads\evsoc-efinity-v2026.1.132\evsoc-efinity-v2026.1.132\cam_single\Ti60F225_dsi\source/axi/axi_interconnect.v:181)
[EFX-0011 VERI-WARNING] parameter 'AUSER_WIDTH' becomes localparam in 'axi_interconnect' with formal parameter declaration list (VERI-1199) (C:\Users\Jing-XuanTan(i)\Downloads\evsoc-efinity-v2026.1.132\evsoc-efinity-v2026.1.132\cam_single\Ti60F225_dsi\source/axi/axi_interconnect.v:183)
[EFX-0011 VERI-WARNING] parameter 'M_BASE_ADDR_INT' becomes localparam in 'axi_interconnect' with formal parameter declaration list (VERI-1199) (C:\Users\Jing-XuanTan(i)\Downloads\evsoc-efinity-v2026.1.132\evsoc-efinity-v2026.1.132\cam_single\Ti60F225_dsi\source/axi/axi_interconnect.v:202)
[EFX-0011 VERI-WARNING] parameter 'W1' becomes localparam in 'priority_encoder' with formal parameter declaration list (VERI-1199) (C:\Users\Jing-XuanTan(i)\Downloads\evsoc-efinity-v2026.1.132\evsoc-efinity-v2026.1.132\cam_single\Ti60F225_dsi\source/axi/priority_encoder.v:39)
[EFX-0011 VERI-WARNING] parameter 'W2' becomes localparam in 'priority_encoder' with formal parameter declaration list (VERI-1199) (C:\Users\Jing-XuanTan(i)\Downloads\evsoc-efinity-v2026.1.132\evsoc-efinity-v2026.1.132\cam_single\Ti60F225_dsi\source/axi/priority_encoder.v:40)
[EFX-0011 VERI-WARNING] parameter 'X_OUT_RATIO' becomes localparam in 'cam_scaling' with formal parameter declaration list (VERI-1199) (C:\Users\Jing-XuanTan(i)\Downloads\evsoc-efinity-v2026.1.132\evsoc-efinity-v2026.1.132\cam_single\Ti60F225_dsi\source/cam/cam_scaling.v:31)
[EFX-0011 VERI-WARNING] parameter 'X_IN_RATIO' becomes localparam in 'cam_scaling' with formal parameter declaration list (VERI-1199) (C:\Users\Jing-XuanTan(i)\Downloads\evsoc-efinity-v2026.1.132\evsoc-efinity-v2026.1.132\cam_single\Ti60F225_dsi\source/cam/cam_scaling.v:32)
[EFX-0011 VERI-WARNING] parameter 'Y_OUT_RATIO' becomes localparam in 'cam_scaling' with formal parameter declaration list (VERI-1199) (C:\Users\Jing-XuanTan(i)\Downloads\evsoc-efinity-v2026.1.132\evsoc-efinity-v2026.1.132\cam_single\Ti60F225_dsi\source/cam/cam_scaling.v:33)
[EFX-0011 VERI-WARNING] parameter 'Y_IN_RATIO' becomes localparam in 'cam_scaling' with formal parameter declaration list (VERI-1199) (C:\Users\Jing-XuanTan(i)\Downloads\evsoc-efinity-v2026.1.132\evsoc-efinity-v2026.1.132\cam_single\Ti60F225_dsi\source/cam/cam_scaling.v:34)
[EFX-0011 VERI-WARNING] illegal integral type argument in math function 'floor()'; expected real type (VERI-2792) (C:\Users\Jing-XuanTan(i)\Downloads\evsoc-efinity-v2026.1.132\evsoc-efinity-v2026.1.132\cam_single\Ti60F225_dsi\source/isp/axi_lite_register.sv:10)
[EFX-0011 VERI-WARNING] illegal integral type argument in math function 'floor()'; expected real type (VERI-2792) (C:\Users\Jing-XuanTan(i)\Downloads\evsoc-efinity-v2026.1.132\evsoc-efinity-v2026.1.132\cam_single\Ti60F225_dsi\source/isp/bitlog.sv:12)
[EFX-0011 VERI-WARNING] illegal integral type argument in math function 'floor()'; expected real type (VERI-2792) (C:\Users\Jing-XuanTan(i)\Downloads\evsoc-efinity-v2026.1.132\evsoc-efinity-v2026.1.132\cam_single\Ti60F225_dsi\source/isp/bitsqrt.sv:12)
[EFX-0011 VERI-WARNING] illegal integral type argument in math function 'floor()'; expected real type (VERI-2792) (C:\Users\Jing-XuanTan(i)\Downloads\evsoc-efinity-v2026.1.132\evsoc-efinity-v2026.1.132\cam_single\Ti60F225_dsi\source/isp/blc.sv:12)
[EFX-0011 VERI-WARNING] parameter 'INT_DATA_WIDTH' becomes localparam in 'blc' with formal parameter declaration list (VERI-1199) (C:\Users\Jing-XuanTan(i)\Downloads\evsoc-efinity-v2026.1.132\evsoc-efinity-v2026.1.132\cam_single\Ti60F225_dsi\source/isp/blc.sv:34)
[EFX-0011 VERI-WARNING] illegal integral type argument in math function 'floor()'; expected real type (VERI-2792) (C:\Users\Jing-XuanTan(i)\Downloads\evsoc-efinity-v2026.1.132\evsoc-efinity-v2026.1.132\cam_single\Ti60F225_dsi\source/isp/ccm.sv:12)
[EFX-0011 VERI-WARNING] illegal integral type argument in math function 'floor()'; expected real type (VERI-2792) (C:\Users\Jing-XuanTan(i)\Downloads\evsoc-efinity-v2026.1.132\evsoc-efinity-v2026.1.132\cam_single\Ti60F225_dsi\source/isp/ccm.sv:13)
[EFX-0011 VERI-WARNING] illegal integral type argument in math function 'floor()'; expected real type (VERI-2792) (C:\Users\Jing-XuanTan(i)\Downloads\evsoc-efinity-v2026.1.132\evsoc-efinity-v2026.1.132\cam_single\Ti60F225_dsi\source/isp/colorgain.sv:14)
[EFX-0011 VERI-WARNING] illegal integral type argument in math function 'floor()'; expected real type (VERI-2792) (C:\Users\Jing-XuanTan(i)\Downloads\evsoc-efinity-v2026.1.132\evsoc-efinity-v2026.1.132\cam_single\Ti60F225_dsi\source/isp/decompanding.sv:13)
[EFX-0011 VERI-WARNING] illegal integral type argument in math function 'floor()'; expected real type (VERI-2792) (C:\Users\Jing-XuanTan(i)\Downloads\evsoc-efinity-v2026.1.132\evsoc-efinity-v2026.1.132\cam_single\Ti60F225_dsi\source/isp/decompanding.sv:14)
[EFX-0011 VERI-WARNING] illegal integral type argument in math function 'floor()'; expected real type (VERI-2792) (C:\Users\Jing-XuanTan(i)\Downloads\evsoc-efinity-v2026.1.132\evsoc-efinity-v2026.1.132\cam_single\Ti60F225_dsi\source/isp/demosaic.sv:16)
[EFX-0011 VERI-WARNING] illegal integral type argument in math function 'floor()'; expected real type (VERI-2792) (C:\Users\Jing-XuanTan(i)\Downloads\evsoc-efinity-v2026.1.132\evsoc-efinity-v2026.1.132\cam_single\Ti60F225_dsi\source/isp/demosaic.sv:17)
[EFX-0011 VERI-WARNING] illegal integral type argument in math function 'floor()'; expected real type (VERI-2792) (C:\Users\Jing-XuanTan(i)\Downloads\evsoc-efinity-v2026.1.132\evsoc-efinity-v2026.1.132\cam_single\Ti60F225_dsi\source/isp/demosaic.sv:57)
[EFX-0011 VERI-WARNING] illegal integral type argument in math function 'floor()'; expected real type (VERI-2792) (C:\Users\Jing-XuanTan(i)\Downloads\evsoc-efinity-v2026.1.132\evsoc-efinity-v2026.1.132\cam_single\Ti60F225_dsi\source/isp/gamma.sv:14)
[EFX-0011 VERI-WARNING] illegal integral type argument in math function 'floor()'; expected real type (VERI-2792) (C:\Users\Jing-XuanTan(i)\Downloads\evsoc-efinity-v2026.1.132\evsoc-efinity-v2026.1.132\cam_single\Ti60F225_dsi\source/isp/gamma.sv:15)
[EFX-0011 VERI-WARNING] illegal integral type argument in math function 'floor()'; expected real type (VERI-2792) (C:\Users\Jing-XuanTan(i)\Downloads\evsoc-efinity-v2026.1.132\evsoc-efinity-v2026.1.132\cam_single\Ti60F225_dsi\source/isp/gamma.sv:36)
[EFX-0011 VERI-WARNING] illegal integral type argument in math function 'floor()'; expected real type (VERI-2792) (C:\Users\Jing-XuanTan(i)\Downloads\evsoc-efinity-v2026.1.132\evsoc-efinity-v2026.1.132\cam_single\Ti60F225_dsi\source/isp/gamma.sv:37)
[EFX-0011 VERI-WARNING] illegal integral type argument in math function 'floor()'; expected real type (VERI-2792) (C:\Users\Jing-XuanTan(i)\Downloads\evsoc-efinity-v2026.1.132\evsoc-efinity-v2026.1.132\cam_single\Ti60F225_dsi\source/isp/histogram_minmax.sv:14)
[EFX-0011 VERI-WARNING] illegal integral type argument in math function 'floor()'; expected real type (VERI-2792) (C:\Users\Jing-XuanTan(i)\Downloads\evsoc-efinity-v2026.1.132\evsoc-efinity-v2026.1.132\cam_single\Ti60F225_dsi\source/isp/histogram_minmax2.sv:14)
[EFX-0011 VERI-WARNING] illegal integral type argument in math function 'floor()'; expected real type (VERI-2792) (C:\Users\Jing-XuanTan(i)\Downloads\evsoc-efinity-v2026.1.132\evsoc-efinity-v2026.1.132\cam_single\Ti60F225_dsi\source/isp/histogram_minmax3.sv:13)
[EFX-0011 VERI-WARNING] illegal integral type argument in math function 'floor()'; expected real type (VERI-2792) (C:\Users\Jing-XuanTan(i)\Downloads\evsoc-efinity-v2026.1.132\evsoc-efinity-v2026.1.132\cam_single\Ti60F225_dsi\source/isp/histogram_scale.sv:13)
[EFX-0011 VERI-WARNING] illegal integral type argument in math function 'floor()'; expected real type (VERI-2792) (C:\Users\Jing-XuanTan(i)\Downloads\evsoc-efinity-v2026.1.132\evsoc-efinity-v2026.1.132\cam_single\Ti60F225_dsi\source/isp/histogram_scale.sv:14)
[EFX-0011 VERI-WARNING] illegal integral type argument in math function 'floor()'; expected real type (VERI-2792) (C:\Users\Jing-XuanTan(i)\Downloads\evsoc-efinity-v2026.1.132\evsoc-efinity-v2026.1.132\cam_single\Ti60F225_dsi\source/isp/histogram_stretch.sv:13)
[EFX-0011 VERI-WARNING] illegal integral type argument in math function 'floor()'; expected real type (VERI-2792) (C:\Users\Jing-XuanTan(i)\Downloads\evsoc-efinity-v2026.1.132\evsoc-efinity-v2026.1.132\cam_single\Ti60F225_dsi\source/isp/histogram_stretch.sv:14)
[EFX-0011 VERI-WARNING] illegal integral type argument in math function 'floor()'; expected real type (VERI-2792) (C:\Users\Jing-XuanTan(i)\Downloads\evsoc-efinity-v2026.1.132\evsoc-efinity-v2026.1.132\cam_single\Ti60F225_dsi\source/isp/isp.sv:20)
[EFX-0011 VERI-WARNING] illegal integral type argument in math function 'floor()'; expected real type (VERI-2792) (C:\Users\Jing-XuanTan(i)\Downloads\evsoc-efinity-v2026.1.132\evsoc-efinity-v2026.1.132\cam_single\Ti60F225_dsi\source/isp/isp.sv:23)
[EFX-0011 VERI-WARNING] illegal integral type argument in math function 'floor()'; expected real type (VERI-2792) (C:\Users\Jing-XuanTan(i)\Downloads\evsoc-efinity-v2026.1.132\evsoc-efinity-v2026.1.132\cam_single\Ti60F225_dsi\source/isp/isp.sv:24)
[EFX-0011 VERI-WARNING] illegal integral type argument in math function 'floor()'; expected real type (VERI-2792) (C:\Users\Jing-XuanTan(i)\Downloads\evsoc-efinity-v2026.1.132\evsoc-efinity-v2026.1.132\cam_single\Ti60F225_dsi\source/isp/isp.sv:135)
[EFX-0011 VERI-WARNING] illegal integral type argument in math function 'floor()'; expected real type (VERI-2792) (C:\Users\Jing-XuanTan(i)\Downloads\evsoc-efinity-v2026.1.132\evsoc-efinity-v2026.1.132\cam_single\Ti60F225_dsi\source/isp/isp.sv:167)
[EFX-0011 VERI-WARNING] illegal integral type argument in math function 'floor()'; expected real type (VERI-2792) (C:\Users\Jing-XuanTan(i)\Downloads\evsoc-efinity-v2026.1.132\evsoc-efinity-v2026.1.132\cam_single\Ti60F225_dsi\source/isp/isp.sv:230)
[EFX-0011 VERI-WARNING] illegal integral type argument in math function 'floor()'; expected real type (VERI-2792) (C:\Users\Jing-XuanTan(i)\Downloads\evsoc-efinity-v2026.1.132\evsoc-efinity-v2026.1.132\cam_single\Ti60F225_dsi\source/isp/isp.sv:262)
[EFX-0011 VERI-WARNING] illegal integral type argument in math function 'floor()'; expected real type (VERI-2792) (C:\Users\Jing-XuanTan(i)\Downloads\evsoc-efinity-v2026.1.132\evsoc-efinity-v2026.1.132\cam_single\Ti60F225_dsi\source/isp/isp.sv:263)
[EFX-0011 VERI-WARNING] illegal integral type argument in math function 'floor()'; expected real type (VERI-2792) (C:\Users\Jing-XuanTan(i)\Downloads\evsoc-efinity-v2026.1.132\evsoc-efinity-v2026.1.132\cam_single\Ti60F225_dsi\source/isp/isp.sv:332)
[EFX-0011 VERI-WARNING] illegal integral type argument in math function 'floor()'; expected real type (VERI-2792) (C:\Users\Jing-XuanTan(i)\Downloads\evsoc-efinity-v2026.1.132\evsoc-efinity-v2026.1.132\cam_single\Ti60F225_dsi\source/isp/isp.sv:333)
[EFX-0011 VERI-WARNING] illegal integral type argument in math function 'floor()'; expected real type (VERI-2792) (C:\Users\Jing-XuanTan(i)\Downloads\evsoc-efinity-v2026.1.132\evsoc-efinity-v2026.1.132\cam_single\Ti60F225_dsi\source/isp/linebuffer.sv:16)
[EFX-0011 VERI-WARNING] illegal integral type argument in math function 'floor()'; expected real type (VERI-2792) (C:\Users\Jing-XuanTan(i)\Downloads\evsoc-efinity-v2026.1.132\evsoc-efinity-v2026.1.132\cam_single\Ti60F225_dsi\source/isp/lut.sv:13)
[EFX-0011 VERI-WARNING] illegal integral type argument in math function 'floor()'; expected real type (VERI-2792) (C:\Users\Jing-XuanTan(i)\Downloads\evsoc-efinity-v2026.1.132\evsoc-efinity-v2026.1.132\cam_single\Ti60F225_dsi\source/isp/lut.sv:14)
[EFX-0011 VERI-WARNING] illegal integral type argument in math function 'floor()'; expected real type (VERI-2792) (C:\Users\Jing-XuanTan(i)\Downloads\evsoc-efinity-v2026.1.132\evsoc-efinity-v2026.1.132\cam_single\Ti60F225_dsi\source/isp/minmaxmean.sv:14)
[EFX-0011 VERI-WARNING] illegal integral type argument in math function 'floor()'; expected real type (VERI-2792) (C:\Users\Jing-XuanTan(i)\Downloads\evsoc-efinity-v2026.1.132\evsoc-efinity-v2026.1.132\cam_single\Ti60F225_dsi\source/isp/pwl.sv:13)
[EFX-0011 VERI-WARNING] illegal integral type argument in math function 'floor()'; expected real type (VERI-2792) (C:\Users\Jing-XuanTan(i)\Downloads\evsoc-efinity-v2026.1.132\evsoc-efinity-v2026.1.132\cam_single\Ti60F225_dsi\source/isp/rgb_to_xyz.sv:12)
[EFX-0011 VERI-WARNING] illegal integral type argument in math function 'floor()'; expected real type (VERI-2792) (C:\Users\Jing-XuanTan(i)\Downloads\evsoc-efinity-v2026.1.132\evsoc-efinity-v2026.1.132\cam_single\Ti60F225_dsi\source/isp/xyz_to_rgb.sv:12)
[EFX-0011 VERI-WARNING] parameter '**' becomes localparam in '**' with formal parameter declaration list (VERI-1199) (C:\Users\Jing-XuanTan(i)\Downloads\evsoc-efinity-v2026.1.132\evsoc-efinity-v2026.1.132\cam_single\Ti60F225_dsi\ip\hbram\hbram.sv:4976)
[EFX-0011 VERI-WARNING] parameter '**' becomes localparam in '**' with formal parameter declaration list (VERI-1199) (C:\Users\Jing-XuanTan(i)\Downloads\evsoc-efinity-v2026.1.132\evsoc-efinity-v2026.1.132\cam_single\Ti60F225_dsi\ip\hbram\hbram.sv:5309)
[EFX-0011 VERI-WARNING] port 'system_spi_0_io_data_2_read' is not connected on this instance (VERI-2435) (C:\Users\Jing-XuanTan(i)\Downloads\evsoc-efinity-v2026.1.132\evsoc-efinity-v2026.1.132\cam_single\Ti60F225_dsi\edge_vision_soc.v:1269)
[EFX-0011 VERI-WARNING] port 'system_spi_0_io_data_2_write' remains unconnected for this instance (VERI-1927) (C:\Users\Jing-XuanTan(i)\Downloads\evsoc-efinity-v2026.1.132\evsoc-efinity-v2026.1.132\cam_single\Ti60F225_dsi\edge_vision_soc.v:1269)
[EFX-0011 VERI-WARNING] port 'dat1_o_tvalid' remains unconnected for this instance (VERI-1927) (C:\Users\Jing-XuanTan(i)\Downloads\evsoc-efinity-v2026.1.132\evsoc-efinity-v2026.1.132\cam_single\Ti60F225_dsi\edge_vision_soc.v:1416)
[EFX-0011 VERI-WARNING] port 'dat1_o_tready' is not connected on this instance (VERI-2435) (C:\Users\Jing-XuanTan(i)\Downloads\evsoc-efinity-v2026.1.132\evsoc-efinity-v2026.1.132\cam_single\Ti60F225_dsi\edge_vision_soc.v:1416)
[EFX-0011 VERI-WARNING] port 's_axi_awuser' remains unconnected for this instance (VERI-1927) (C:\Users\Jing-XuanTan(i)\Downloads\evsoc-efinity-v2026.1.132\evsoc-efinity-v2026.1.132\cam_single\Ti60F225_dsi\edge_vision_soc.v:1545)
[EFX-0011 VERI-WARNING] expression size 32 truncated to fit in target size 8 (VERI-1209) (C:\Users\Jing-XuanTan(i)\Downloads\evsoc-efinity-v2026.1.132\evsoc-efinity-v2026.1.132\cam_single\Ti60F225_dsi\edge_vision_soc.v:691)
[EFX-0011 VERI-WARNING] expression size 32 truncated to fit in target size 8 (VERI-1209) (C:\Users\Jing-XuanTan(i)\Downloads\evsoc-efinity-v2026.1.132\evsoc-efinity-v2026.1.132\cam_single\Ti60F225_dsi\edge_vision_soc.v:692)
[EFX-0011 VERI-WARNING] expression size ** truncated to fit in target size ** (VERI-1209) (C:\Users\Jing-XuanTan(i)\Downloads\evsoc-efinity-v2026.1.132\evsoc-efinity-v2026.1.132\cam_single\Ti60F225_dsi\ip\csi2_rx_cam\csi2_rx_cam.sv:7306)
[EFX-0011 VERI-WARNING] expression size ** truncated to fit in target size ** (VERI-1209) (C:\Users\Jing-XuanTan(i)\Downloads\evsoc-efinity-v2026.1.132\evsoc-efinity-v2026.1.132\cam_single\Ti60F225_dsi\ip\csi2_rx_cam\csi2_rx_cam.sv:4119)
[EFX-0011 VERI-WARNING] assignment and/or driver for '**' inside static function '**' is not preserved (VERI-2457) (C:\Users\Jing-XuanTan(i)\Downloads\evsoc-efinity-v2026.1.132\evsoc-efinity-v2026.1.132\cam_single\Ti60F225_dsi\ip\csi2_rx_cam\csi2_rx_cam.sv:1466)
[EFX-0011 VERI-WARNING] port '**' remains unconnected for this instance (VERI-1927) (C:\Users\Jing-XuanTan(i)\Downloads\evsoc-efinity-v2026.1.132\evsoc-efinity-v2026.1.132\cam_single\Ti60F225_dsi\ip\csi2_rx_cam\csi2_rx_cam.sv:1264)
[EFX-0011 VERI-WARNING] expression size ** truncated to fit in target size ** (VERI-1209) (C:\Users\Jing-XuanTan(i)\Downloads\evsoc-efinity-v2026.1.132\evsoc-efinity-v2026.1.132\cam_single\Ti60F225_dsi\ip\csi2_rx_cam\csi2_rx_cam.sv:1264)
[EFX-0011 VERI-WARNING] expression size ** truncated to fit in target size ** (VERI-1209) (C:\Users\Jing-XuanTan(i)\Downloads\evsoc-efinity-v2026.1.132\evsoc-efinity-v2026.1.132\cam_single\Ti60F225_dsi\ip\csi2_rx_cam\csi2_rx_cam.sv:2711)
[EFX-0011 VERI-WARNING] expression size ** truncated to fit in target size ** (VERI-1209) (C:\Users\Jing-XuanTan(i)\Downloads\evsoc-efinity-v2026.1.132\evsoc-efinity-v2026.1.132\cam_single\Ti60F225_dsi\ip\csi2_rx_cam\csi2_rx_cam.sv:2869)
[EFX-0011 VERI-WARNING] expression size ** truncated to fit in target size ** (VERI-1209) (C:\Users\Jing-XuanTan(i)\Downloads\evsoc-efinity-v2026.1.132\evsoc-efinity-v2026.1.132\cam_single\Ti60F225_dsi\ip\csi2_rx_cam\csi2_rx_cam.sv:1264)
[EFX-0011 VERI-WARNING] port 'rst_busy' remains unconnected for this instance (VERI-1927) (C:\Users\Jing-XuanTan(i)\Downloads\evsoc-efinity-v2026.1.132\evsoc-efinity-v2026.1.132\cam_single\Ti60F225_dsi\source\isp\cam_picam_v2.v:238)
[EFX-0011 VERI-WARNING] port 'rst_busy' remains unconnected for this instance (VERI-1927) (C:\Users\Jing-XuanTan(i)\Downloads\evsoc-efinity-v2026.1.132\evsoc-efinity-v2026.1.132\cam_single\Ti60F225_dsi\source\isp\cam_picam_v2.v:526)
[EFX-0011 VERI-WARNING] port 'a_wr_rst_i' remains unconnected for this instance (VERI-1927) (C:\Users\Jing-XuanTan(i)\Downloads\evsoc-efinity-v2026.1.132\evsoc-efinity-v2026.1.132\cam_single\Ti60F225_dsi\ip\cam_pixel_remap_fifo\cam_pixel_remap_fifo.sv:110)
[EFX-0011 VERI-WARNING] input port 'a_wr_rst_i' is not connected on this instance (VDB-1013) (C:\Users\Jing-XuanTan(i)\Downloads\evsoc-efinity-v2026.1.132\evsoc-efinity-v2026.1.132\cam_single\Ti60F225_dsi\ip\cam_pixel_remap_fifo\cam_pixel_remap_fifo.sv:92)
[EFX-0011 VERI-WARNING] illegal integral type argument in math function 'floor()'; expected real type (VERI-2792) (C:\Users\Jing-XuanTan(i)\Downloads\evsoc-efinity-v2026.1.132\evsoc-efinity-v2026.1.132\cam_single\Ti60F225_dsi\source/isp/isp.sv:20)
[EFX-0011 VERI-WARNING] illegal integral type argument in math function 'floor()'; expected real type (VERI-2792) (C:\Users\Jing-XuanTan(i)\Downloads\evsoc-efinity-v2026.1.132\evsoc-efinity-v2026.1.132\cam_single\Ti60F225_dsi\source/isp/isp.sv:23)
[EFX-0011 VERI-WARNING] illegal integral type argument in math function 'floor()'; expected real type (VERI-2792) (C:\Users\Jing-XuanTan(i)\Downloads\evsoc-efinity-v2026.1.132\evsoc-efinity-v2026.1.132\cam_single\Ti60F225_dsi\source/isp/isp.sv:24)
[EFX-0011 VERI-WARNING] illegal integral type argument in math function 'floor()'; expected real type (VERI-2792) (C:\Users\Jing-XuanTan(i)\Downloads\evsoc-efinity-v2026.1.132\evsoc-efinity-v2026.1.132\cam_single\Ti60F225_dsi\source/isp/isp.sv:135)
[EFX-0011 VERI-WARNING] illegal integral type argument in math function 'floor()'; expected real type (VERI-2792) (C:\Users\Jing-XuanTan(i)\Downloads\evsoc-efinity-v2026.1.132\evsoc-efinity-v2026.1.132\cam_single\Ti60F225_dsi\source/isp/isp.sv:167)
[EFX-0011 VERI-WARNING] illegal integral type argument in math function 'floor()'; expected real type (VERI-2792) (C:\Users\Jing-XuanTan(i)\Downloads\evsoc-efinity-v2026.1.132\evsoc-efinity-v2026.1.132\cam_single\Ti60F225_dsi\source/isp/isp.sv:230)
[EFX-0011 VERI-WARNING] illegal integral type argument in math function 'floor()'; expected real type (VERI-2792) (C:\Users\Jing-XuanTan(i)\Downloads\evsoc-efinity-v2026.1.132\evsoc-efinity-v2026.1.132\cam_single\Ti60F225_dsi\source/isp/isp.sv:262)
[EFX-0011 VERI-WARNING] illegal integral type argument in math function 'floor()'; expected real type (VERI-2792) (C:\Users\Jing-XuanTan(i)\Downloads\evsoc-efinity-v2026.1.132\evsoc-efinity-v2026.1.132\cam_single\Ti60F225_dsi\source/isp/isp.sv:263)
[EFX-0011 VERI-WARNING] illegal integral type argument in math function 'floor()'; expected real type (VERI-2792) (C:\Users\Jing-XuanTan(i)\Downloads\evsoc-efinity-v2026.1.132\evsoc-efinity-v2026.1.132\cam_single\Ti60F225_dsi\source/isp/isp.sv:332)
[EFX-0011 VERI-WARNING] illegal integral type argument in math function 'floor()'; expected real type (VERI-2792) (C:\Users\Jing-XuanTan(i)\Downloads\evsoc-efinity-v2026.1.132\evsoc-efinity-v2026.1.132\cam_single\Ti60F225_dsi\source/isp/isp.sv:333)
[EFX-0011 VERI-WARNING] illegal integral type argument in math function 'floor()'; expected real type (VERI-2792) (C:\Users\Jing-XuanTan(i)\Downloads\evsoc-efinity-v2026.1.132\evsoc-efinity-v2026.1.132\cam_single\Ti60F225_dsi\source/isp/isp.sv:135)
[EFX-0011 VERI-WARNING] illegal integral type argument in math function 'floor()'; expected real type (VERI-2792) (C:\Users\Jing-XuanTan(i)\Downloads\evsoc-efinity-v2026.1.132\evsoc-efinity-v2026.1.132\cam_single\Ti60F225_dsi\source/isp/isp.sv:167)
[EFX-0011 VERI-WARNING] illegal integral type argument in math function 'floor()'; expected real type (VERI-2792) (C:\Users\Jing-XuanTan(i)\Downloads\evsoc-efinity-v2026.1.132\evsoc-efinity-v2026.1.132\cam_single\Ti60F225_dsi\source/isp/isp.sv:230)
[EFX-0011 VERI-WARNING] illegal integral type argument in math function 'floor()'; expected real type (VERI-2792) (C:\Users\Jing-XuanTan(i)\Downloads\evsoc-efinity-v2026.1.132\evsoc-efinity-v2026.1.132\cam_single\Ti60F225_dsi\source/isp/isp.sv:262)
[EFX-0011 VERI-WARNING] illegal integral type argument in math function 'floor()'; expected real type (VERI-2792) (C:\Users\Jing-XuanTan(i)\Downloads\evsoc-efinity-v2026.1.132\evsoc-efinity-v2026.1.132\cam_single\Ti60F225_dsi\source/isp/isp.sv:263)
[EFX-0011 VERI-WARNING] illegal integral type argument in math function 'floor()'; expected real type (VERI-2792) (C:\Users\Jing-XuanTan(i)\Downloads\evsoc-efinity-v2026.1.132\evsoc-efinity-v2026.1.132\cam_single\Ti60F225_dsi\source/isp/isp.sv:332)
[EFX-0011 VERI-WARNING] illegal integral type argument in math function 'floor()'; expected real type (VERI-2792) (C:\Users\Jing-XuanTan(i)\Downloads\evsoc-efinity-v2026.1.132\evsoc-efinity-v2026.1.132\cam_single\Ti60F225_dsi\source/isp/isp.sv:333)
[EFX-0011 VERI-WARNING] illegal integral type argument in math function 'floor()'; expected real type (VERI-2792) (C:\Users\Jing-XuanTan(i)\Downloads\evsoc-efinity-v2026.1.132\evsoc-efinity-v2026.1.132\cam_single\Ti60F225_dsi\source/isp/axi_lite_register.sv:10)
[EFX-0011 VERI-WARNING] illegal integral type argument in math function 'floor()'; expected real type (VERI-2792) (C:\Users\Jing-XuanTan(i)\Downloads\evsoc-efinity-v2026.1.132\evsoc-efinity-v2026.1.132\cam_single\Ti60F225_dsi\source/isp/blc.sv:12)
[EFX-0011 VERI-WARNING] illegal integral type argument in math function 'floor()'; expected real type (VERI-2792) (C:\Users\Jing-XuanTan(i)\Downloads\evsoc-efinity-v2026.1.132\evsoc-efinity-v2026.1.132\cam_single\Ti60F225_dsi\source/isp/blc.sv:12)
[EFX-0011 VERI-WARNING] net 'int_black_level[16]' does not have a driver (VDB-1002) (C:\Users\Jing-XuanTan(i)\Downloads\evsoc-efinity-v2026.1.132\evsoc-efinity-v2026.1.132\cam_single\Ti60F225_dsi\source/isp/blc.sv:42)
[EFX-0011 VERI-WARNING] net 'pipe_0_pixel_0_wire[16]' does not have a driver (VDB-1002) (C:\Users\Jing-XuanTan(i)\Downloads\evsoc-efinity-v2026.1.132\evsoc-efinity-v2026.1.132\cam_single\Ti60F225_dsi\source/isp/blc.sv:44)
[EFX-0011 VERI-WARNING] net 'pipe_0_pixel_1_wire[16]' does not have a driver (VDB-1002) (C:\Users\Jing-XuanTan(i)\Downloads\evsoc-efinity-v2026.1.132\evsoc-efinity-v2026.1.132\cam_single\Ti60F225_dsi\source/isp/blc.sv:45)
[EFX-0011 VERI-WARNING] net 'pipe_0_pixel_2_wire[16]' does not have a driver (VDB-1002) (C:\Users\Jing-XuanTan(i)\Downloads\evsoc-efinity-v2026.1.132\evsoc-efinity-v2026.1.132\cam_single\Ti60F225_dsi\source/isp/blc.sv:46)
[EFX-0011 VERI-WARNING] net 'pipe_0_pixel_3_wire[16]' does not have a driver (VDB-1002) (C:\Users\Jing-XuanTan(i)\Downloads\evsoc-efinity-v2026.1.132\evsoc-efinity-v2026.1.132\cam_single\Ti60F225_dsi\source/isp/blc.sv:47)
[EFX-0011 VERI-WARNING] illegal integral type argument in math function 'floor()'; expected real type (VERI-2792) (C:\Users\Jing-XuanTan(i)\Downloads\evsoc-efinity-v2026.1.132\evsoc-efinity-v2026.1.132\cam_single\Ti60F225_dsi\source/isp/colorgain.sv:14)
[EFX-0011 VERI-WARNING] illegal integral type argument in math function 'floor()'; expected real type (VERI-2792) (C:\Users\Jing-XuanTan(i)\Downloads\evsoc-efinity-v2026.1.132\evsoc-efinity-v2026.1.132\cam_single\Ti60F225_dsi\source/isp/colorgain.sv:14)
[EFX-0011 VERI-WARNING] expression size 2 truncated to fit in target size 1 (VERI-1209) (C:\Users\Jing-XuanTan(i)\Downloads\evsoc-efinity-v2026.1.132\evsoc-efinity-v2026.1.132\cam_single\Ti60F225_dsi\source/isp/colorgain.sv:94)
[EFX-0011 VERI-WARNING] illegal integral type argument in math function 'floor()'; expected real type (VERI-2792) (C:\Users\Jing-XuanTan(i)\Downloads\evsoc-efinity-v2026.1.132\evsoc-efinity-v2026.1.132\cam_single\Ti60F225_dsi\source/isp/demosaic.sv:16)
[EFX-0011 VERI-WARNING] illegal integral type argument in math function 'floor()'; expected real type (VERI-2792) (C:\Users\Jing-XuanTan(i)\Downloads\evsoc-efinity-v2026.1.132\evsoc-efinity-v2026.1.132\cam_single\Ti60F225_dsi\source/isp/demosaic.sv:17)
[EFX-0011 VERI-WARNING] illegal integral type argument in math function 'floor()'; expected real type (VERI-2792) (C:\Users\Jing-XuanTan(i)\Downloads\evsoc-efinity-v2026.1.132\evsoc-efinity-v2026.1.132\cam_single\Ti60F225_dsi\source/isp/demosaic.sv:57)
[EFX-0011 VERI-WARNING] illegal integral type argument in math function 'floor()'; expected real type (VERI-2792) (C:\Users\Jing-XuanTan(i)\Downloads\evsoc-efinity-v2026.1.132\evsoc-efinity-v2026.1.132\cam_single\Ti60F225_dsi\source/isp/demosaic.sv:16)
[EFX-0011 VERI-WARNING] illegal integral type argument in math function 'floor()'; expected real type (VERI-2792) (C:\Users\Jing-XuanTan(i)\Downloads\evsoc-efinity-v2026.1.132\evsoc-efinity-v2026.1.132\cam_single\Ti60F225_dsi\source/isp/demosaic.sv:17)
[EFX-0011 VERI-WARNING] illegal integral type argument in math function 'floor()'; expected real type (VERI-2792) (C:\Users\Jing-XuanTan(i)\Downloads\evsoc-efinity-v2026.1.132\evsoc-efinity-v2026.1.132\cam_single\Ti60F225_dsi\source/isp/demosaic.sv:57)
[EFX-0011 VERI-WARNING] illegal integral type argument in math function 'floor()'; expected real type (VERI-2792) (C:\Users\Jing-XuanTan(i)\Downloads\evsoc-efinity-v2026.1.132\evsoc-efinity-v2026.1.132\cam_single\Ti60F225_dsi\source/isp/linebuffer.sv:16)
[EFX-0011 VERI-WARNING] illegal integral type argument in math function 'floor()'; expected real type (VERI-2792) (C:\Users\Jing-XuanTan(i)\Downloads\evsoc-efinity-v2026.1.132\evsoc-efinity-v2026.1.132\cam_single\Ti60F225_dsi\source/isp/linebuffer.sv:16)
[EFX-0011 VERI-WARNING] illegal integral type argument in math function 'floor()'; expected real type (VERI-2792) (C:\Users\Jing-XuanTan(i)\Downloads\evsoc-efinity-v2026.1.132\evsoc-efinity-v2026.1.132\cam_single\Ti60F225_dsi\source/isp/linebuffer.sv:16)
[EFX-0011 VERI-WARNING] illegal integral type argument in math function 'floor()'; expected real type (VERI-2792) (C:\Users\Jing-XuanTan(i)\Downloads\evsoc-efinity-v2026.1.132\evsoc-efinity-v2026.1.132\cam_single\Ti60F225_dsi\source/isp/linebuffer.sv:16)
[EFX-0011 VERI-WARNING] illegal integral type argument in math function 'floor()'; expected real type (VERI-2792) (C:\Users\Jing-XuanTan(i)\Downloads\evsoc-efinity-v2026.1.132\evsoc-efinity-v2026.1.132\cam_single\Ti60F225_dsi\source/isp/linebuffer.sv:16)
[EFX-0011 VERI-WARNING] illegal integral type argument in math function 'floor()'; expected real type (VERI-2792) (C:\Users\Jing-XuanTan(i)\Downloads\evsoc-efinity-v2026.1.132\evsoc-efinity-v2026.1.132\cam_single\Ti60F225_dsi\source/isp/linebuffer.sv:16)
[EFX-0011 VERI-WARNING] expression size 11 truncated to fit in target size 10 (VERI-1209) (C:\Users\Jing-XuanTan(i)\Downloads\evsoc-efinity-v2026.1.132\evsoc-efinity-v2026.1.132\cam_single\Ti60F225_dsi\source/isp/linebuffer.sv:104)
[EFX-0011 VERI-WARNING] expression size 32 truncated to fit in target size 3 (VERI-1209) (C:\Users\Jing-XuanTan(i)\Downloads\evsoc-efinity-v2026.1.132\evsoc-efinity-v2026.1.132\cam_single\Ti60F225_dsi\source/isp/linebuffer.sv:120)
[EFX-0011 VERI-WARNING] illegal integral type argument in math function 'floor()'; expected real type (VERI-2792) (C:\Users\Jing-XuanTan(i)\Downloads\evsoc-efinity-v2026.1.132\evsoc-efinity-v2026.1.132\cam_single\Ti60F225_dsi\source/isp/demosaic.sv:57)
[EFX-0011 VERI-WARNING] illegal integral type argument in math function 'floor()'; expected real type (VERI-2792) (C:\Users\Jing-XuanTan(i)\Downloads\evsoc-efinity-v2026.1.132\evsoc-efinity-v2026.1.132\cam_single\Ti60F225_dsi\source/isp/demosaic.sv:16)
[EFX-0011 VERI-WARNING] expression size 2 truncated to fit in target size 1 (VERI-1209) (C:\Users\Jing-XuanTan(i)\Downloads\evsoc-efinity-v2026.1.132\evsoc-efinity-v2026.1.132\cam_single\Ti60F225_dsi\source/isp/demosaic.sv:335)
[EFX-0011 VERI-WARNING] illegal integral type argument in math function 'floor()'; expected real type (VERI-2792) (C:\Users\Jing-XuanTan(i)\Downloads\evsoc-efinity-v2026.1.132\evsoc-efinity-v2026.1.132\cam_single\Ti60F225_dsi\source/isp/ccm.sv:12)
[EFX-0011 VERI-WARNING] illegal integral type argument in math function 'floor()'; expected real type (VERI-2792) (C:\Users\Jing-XuanTan(i)\Downloads\evsoc-efinity-v2026.1.132\evsoc-efinity-v2026.1.132\cam_single\Ti60F225_dsi\source/isp/ccm.sv:13)
[EFX-0011 VERI-WARNING] net 'pipe_0_pixel2_r_wire[8]' does not have a driver (VDB-1002) (C:\Users\Jing-XuanTan(i)\Downloads\evsoc-efinity-v2026.1.132\evsoc-efinity-v2026.1.132\cam_single\Ti60F225_dsi\source/isp/ccm.sv:91)
[EFX-0011 VERI-WARNING] net 'pipe_0_pixel2_g_wire[8]' does not have a driver (VDB-1002) (C:\Users\Jing-XuanTan(i)\Downloads\evsoc-efinity-v2026.1.132\evsoc-efinity-v2026.1.132\cam_single\Ti60F225_dsi\source/isp/ccm.sv:92)
[EFX-0011 VERI-WARNING] net 'pipe_0_pixel2_b_wire[8]' does not have a driver (VDB-1002) (C:\Users\Jing-XuanTan(i)\Downloads\evsoc-efinity-v2026.1.132\evsoc-efinity-v2026.1.132\cam_single\Ti60F225_dsi\source/isp/ccm.sv:93)
[EFX-0011 VERI-WARNING] net 'pipe_0_pixel3_r_wire[8]' does not have a driver (VDB-1002) (C:\Users\Jing-XuanTan(i)\Downloads\evsoc-efinity-v2026.1.132\evsoc-efinity-v2026.1.132\cam_single\Ti60F225_dsi\source/isp/ccm.sv:94)
[EFX-0011 VERI-WARNING] net 'pipe_0_pixel3_g_wire[8]' does not have a driver (VDB-1002) (C:\Users\Jing-XuanTan(i)\Downloads\evsoc-efinity-v2026.1.132\evsoc-efinity-v2026.1.132\cam_single\Ti60F225_dsi\source/isp/ccm.sv:95)
[EFX-0011 VERI-WARNING] net 'pipe_0_pixel3_b_wire[8]' does not have a driver (VDB-1002) (C:\Users\Jing-XuanTan(i)\Downloads\evsoc-efinity-v2026.1.132\evsoc-efinity-v2026.1.132\cam_single\Ti60F225_dsi\source/isp/ccm.sv:96)
[EFX-0011 VERI-WARNING] net 'pipe_1_pixel2_r_r_wire[24]' does not have a driver (VDB-1002) (C:\Users\Jing-XuanTan(i)\Downloads\evsoc-efinity-v2026.1.132\evsoc-efinity-v2026.1.132\cam_single\Ti60F225_dsi\source/isp/ccm.sv:157)
[EFX-0011 VERI-WARNING] net 'pipe_1_pixel2_r_g_wire[24]' does not have a driver (VDB-1002) (C:\Users\Jing-XuanTan(i)\Downloads\evsoc-efinity-v2026.1.132\evsoc-efinity-v2026.1.132\cam_single\Ti60F225_dsi\source/isp/ccm.sv:158)
[EFX-0011 VERI-WARNING] net 'pipe_1_pixel2_r_b_wire[24]' does not have a driver (VDB-1002) (C:\Users\Jing-XuanTan(i)\Downloads\evsoc-efinity-v2026.1.132\evsoc-efinity-v2026.1.132\cam_single\Ti60F225_dsi\source/isp/ccm.sv:159)
[EFX-0011 VERI-WARNING] net 'pipe_1_pixel2_g_r_wire[24]' does not have a driver (VDB-1002) (C:\Users\Jing-XuanTan(i)\Downloads\evsoc-efinity-v2026.1.132\evsoc-efinity-v2026.1.132\cam_single\Ti60F225_dsi\source/isp/ccm.sv:160)
[EFX-0011 VERI-WARNING] net 'pipe_1_pixel2_g_g_wire[24]' does not have a driver (VDB-1002) (C:\Users\Jing-XuanTan(i)\Downloads\evsoc-efinity-v2026.1.132\evsoc-efinity-v2026.1.132\cam_single\Ti60F225_dsi\source/isp/ccm.sv:161)
[EFX-0011 VERI-WARNING] net 'pipe_1_pixel2_g_b_wire[24]' does not have a driver (VDB-1002) (C:\Users\Jing-XuanTan(i)\Downloads\evsoc-efinity-v2026.1.132\evsoc-efinity-v2026.1.132\cam_single\Ti60F225_dsi\source/isp/ccm.sv:162)
[EFX-0011 VERI-WARNING] net 'pipe_1_pixel2_b_r_wire[24]' does not have a driver (VDB-1002) (C:\Users\Jing-XuanTan(i)\Downloads\evsoc-efinity-v2026.1.132\evsoc-efinity-v2026.1.132\cam_single\Ti60F225_dsi\source/isp/ccm.sv:163)
[EFX-0011 VERI-WARNING] net 'pipe_1_pixel2_b_g_wire[24]' does not have a driver (VDB-1002) (C:\Users\Jing-XuanTan(i)\Downloads\evsoc-efinity-v2026.1.132\evsoc-efinity-v2026.1.132\cam_single\Ti60F225_dsi\source/isp/ccm.sv:164)
[EFX-0011 VERI-WARNING] net 'pipe_1_pixel2_b_b_wire[24]' does not have a driver (VDB-1002) (C:\Users\Jing-XuanTan(i)\Downloads\evsoc-efinity-v2026.1.132\evsoc-efinity-v2026.1.132\cam_single\Ti60F225_dsi\source/isp/ccm.sv:165)
[EFX-0011 VERI-WARNING] net 'pipe_1_pixel3_r_r_wire[24]' does not have a driver (VDB-1002) (C:\Users\Jing-XuanTan(i)\Downloads\evsoc-efinity-v2026.1.132\evsoc-efinity-v2026.1.132\cam_single\Ti60F225_dsi\source/isp/ccm.sv:166)
[EFX-0011 VERI-WARNING] net 'pipe_1_pixel3_r_g_wire[24]' does not have a driver (VDB-1002) (C:\Users\Jing-XuanTan(i)\Downloads\evsoc-efinity-v2026.1.132\evsoc-efinity-v2026.1.132\cam_single\Ti60F225_dsi\source/isp/ccm.sv:167)
[EFX-0011 VERI-WARNING] net 'pipe_1_pixel3_r_b_wire[24]' does not have a driver (VDB-1002) (C:\Users\Jing-XuanTan(i)\Downloads\evsoc-efinity-v2026.1.132\evsoc-efinity-v2026.1.132\cam_single\Ti60F225_dsi\source/isp/ccm.sv:168)
[EFX-0011 VERI-WARNING] net 'pipe_1_pixel3_g_r_wire[24]' does not have a driver (VDB-1002) (C:\Users\Jing-XuanTan(i)\Downloads\evsoc-efinity-v2026.1.132\evsoc-efinity-v2026.1.132\cam_single\Ti60F225_dsi\source/isp/ccm.sv:169)
[EFX-0011 VERI-WARNING] net 'pipe_1_pixel3_g_g_wire[24]' does not have a driver (VDB-1002) (C:\Users\Jing-XuanTan(i)\Downloads\evsoc-efinity-v2026.1.132\evsoc-efinity-v2026.1.132\cam_single\Ti60F225_dsi\source/isp/ccm.sv:170)
[EFX-0011 VERI-WARNING] net 'pipe_1_pixel3_g_b_wire[24]' does not have a driver (VDB-1002) (C:\Users\Jing-XuanTan(i)\Downloads\evsoc-efinity-v2026.1.132\evsoc-efinity-v2026.1.132\cam_single\Ti60F225_dsi\source/isp/ccm.sv:171)
[EFX-0011 VERI-WARNING] net 'pipe_1_pixel3_b_r_wire[24]' does not have a driver (VDB-1002) (C:\Users\Jing-XuanTan(i)\Downloads\evsoc-efinity-v2026.1.132\evsoc-efinity-v2026.1.132\cam_single\Ti60F225_dsi\source/isp/ccm.sv:172)
[EFX-0011 VERI-WARNING] net 'pipe_1_pixel3_b_g_wire[24]' does not have a driver (VDB-1002) (C:\Users\Jing-XuanTan(i)\Downloads\evsoc-efinity-v2026.1.132\evsoc-efinity-v2026.1.132\cam_single\Ti60F225_dsi\source/isp/ccm.sv:173)
[EFX-0011 VERI-WARNING] net 'pipe_1_pixel3_b_b_wire[24]' does not have a driver (VDB-1002) (C:\Users\Jing-XuanTan(i)\Downloads\evsoc-efinity-v2026.1.132\evsoc-efinity-v2026.1.132\cam_single\Ti60F225_dsi\source/isp/ccm.sv:174)
[EFX-0011 VERI-WARNING] net 'pipe_2_pixel2_r_wire[27]' does not have a driver (VDB-1002) (C:\Users\Jing-XuanTan(i)\Downloads\evsoc-efinity-v2026.1.132\evsoc-efinity-v2026.1.132\cam_single\Ti60F225_dsi\source/isp/ccm.sv:199)
[EFX-0011 VERI-WARNING] net 'pipe_2_pixel2_g_wire[27]' does not have a driver (VDB-1002) (C:\Users\Jing-XuanTan(i)\Downloads\evsoc-efinity-v2026.1.132\evsoc-efinity-v2026.1.132\cam_single\Ti60F225_dsi\source/isp/ccm.sv:200)
[EFX-0011 VERI-WARNING] net 'pipe_2_pixel2_b_wire[27]' does not have a driver (VDB-1002) (C:\Users\Jing-XuanTan(i)\Downloads\evsoc-efinity-v2026.1.132\evsoc-efinity-v2026.1.132\cam_single\Ti60F225_dsi\source/isp/ccm.sv:201)
[EFX-0011 VERI-WARNING] net 'pipe_2_pixel3_r_wire[27]' does not have a driver (VDB-1002) (C:\Users\Jing-XuanTan(i)\Downloads\evsoc-efinity-v2026.1.132\evsoc-efinity-v2026.1.132\cam_single\Ti60F225_dsi\source/isp/ccm.sv:202)
[EFX-0011 VERI-WARNING] net 'pipe_2_pixel3_g_wire[27]' does not have a driver (VDB-1002) (C:\Users\Jing-XuanTan(i)\Downloads\evsoc-efinity-v2026.1.132\evsoc-efinity-v2026.1.132\cam_single\Ti60F225_dsi\source/isp/ccm.sv:203)
[EFX-0011 VERI-WARNING] net 'pipe_2_pixel3_b_wire[27]' does not have a driver (VDB-1002) (C:\Users\Jing-XuanTan(i)\Downloads\evsoc-efinity-v2026.1.132\evsoc-efinity-v2026.1.132\cam_single\Ti60F225_dsi\source/isp/ccm.sv:204)
[EFX-0011 VERI-WARNING] illegal integral type argument in math function 'floor()'; expected real type (VERI-2792) (C:\Users\Jing-XuanTan(i)\Downloads\evsoc-efinity-v2026.1.132\evsoc-efinity-v2026.1.132\cam_single\Ti60F225_dsi\source/isp/gamma.sv:14)
[EFX-0011 VERI-WARNING] illegal integral type argument in math function 'floor()'; expected real type (VERI-2792) (C:\Users\Jing-XuanTan(i)\Downloads\evsoc-efinity-v2026.1.132\evsoc-efinity-v2026.1.132\cam_single\Ti60F225_dsi\source/isp/gamma.sv:15)
[EFX-0011 VERI-WARNING] illegal integral type argument in math function 'floor()'; expected real type (VERI-2792) (C:\Users\Jing-XuanTan(i)\Downloads\evsoc-efinity-v2026.1.132\evsoc-efinity-v2026.1.132\cam_single\Ti60F225_dsi\source/isp/gamma.sv:36)
[EFX-0011 VERI-WARNING] illegal integral type argument in math function 'floor()'; expected real type (VERI-2792) (C:\Users\Jing-XuanTan(i)\Downloads\evsoc-efinity-v2026.1.132\evsoc-efinity-v2026.1.132\cam_single\Ti60F225_dsi\source/isp/gamma.sv:37)
[EFX-0011 VERI-WARNING] illegal integral type argument in math function 'floor()'; expected real type (VERI-2792) (C:\Users\Jing-XuanTan(i)\Downloads\evsoc-efinity-v2026.1.132\evsoc-efinity-v2026.1.132\cam_single\Ti60F225_dsi\source/isp/gamma.sv:14)
[EFX-0011 VERI-WARNING] illegal integral type argument in math function 'floor()'; expected real type (VERI-2792) (C:\Users\Jing-XuanTan(i)\Downloads\evsoc-efinity-v2026.1.132\evsoc-efinity-v2026.1.132\cam_single\Ti60F225_dsi\source/isp/gamma.sv:15)
[EFX-0011 VERI-WARNING] illegal integral type argument in math function 'floor()'; expected real type (VERI-2792) (C:\Users\Jing-XuanTan(i)\Downloads\evsoc-efinity-v2026.1.132\evsoc-efinity-v2026.1.132\cam_single\Ti60F225_dsi\source/isp/gamma.sv:36)
[EFX-0011 VERI-WARNING] illegal integral type argument in math function 'floor()'; expected real type (VERI-2792) (C:\Users\Jing-XuanTan(i)\Downloads\evsoc-efinity-v2026.1.132\evsoc-efinity-v2026.1.132\cam_single\Ti60F225_dsi\source/isp/gamma.sv:37)
[EFX-0011 VERI-WARNING] illegal integral type argument in math function 'floor()'; expected real type (VERI-2792) (C:\Users\Jing-XuanTan(i)\Downloads\evsoc-efinity-v2026.1.132\evsoc-efinity-v2026.1.132\cam_single\Ti60F225_dsi\source/isp/lut.sv:13)
[EFX-0011 VERI-WARNING] illegal integral type argument in math function 'floor()'; expected real type (VERI-2792) (C:\Users\Jing-XuanTan(i)\Downloads\evsoc-efinity-v2026.1.132\evsoc-efinity-v2026.1.132\cam_single\Ti60F225_dsi\source/isp/lut.sv:14)
[EFX-0011 VERI-WARNING] illegal integral type argument in math function 'floor()'; expected real type (VERI-2792) (C:\Users\Jing-XuanTan(i)\Downloads\evsoc-efinity-v2026.1.132\evsoc-efinity-v2026.1.132\cam_single\Ti60F225_dsi\source/isp/lut.sv:13)
[EFX-0011 VERI-WARNING] illegal integral type argument in math function 'floor()'; expected real type (VERI-2792) (C:\Users\Jing-XuanTan(i)\Downloads\evsoc-efinity-v2026.1.132\evsoc-efinity-v2026.1.132\cam_single\Ti60F225_dsi\source/isp/lut.sv:14)
[EFX-0011 VERI-WARNING] illegal entry at :\Users\Jing-XuanTan(i)\Downloads\evsoc-efinity-v2026.1.132\evsoc-efinity-v2026.1.132\cam_single\Ti60F225_dsi\source/isp/lut.mem:257 for index 256 in range [0:255] (VERI-2588) (C:\Users\Jing-XuanTan(i)\Downloads\evsoc-efinity-v2026.1.132\evsoc-efinity-v2026.1.132\cam_single\Ti60F225_dsi\source/isp/simple_dual_ported_rom.sv:29)
[EFX-0011 VERI-WARNING] net 'rom' does not have a driver (VDB-1002) (C:\Users\Jing-XuanTan(i)\Downloads\evsoc-efinity-v2026.1.132\evsoc-efinity-v2026.1.132\cam_single\Ti60F225_dsi\source/isp/simple_dual_ported_rom.sv:24)
[EFX-0011 VERI-WARNING] net 'pipe_0_pixel2_wire[7]' does not have a driver (VDB-1002) (C:\Users\Jing-XuanTan(i)\Downloads\evsoc-efinity-v2026.1.132\evsoc-efinity-v2026.1.132\cam_single\Ti60F225_dsi\source/isp/lut.sv:44)
[EFX-0011 VERI-WARNING] net 'pipe_0_pixel3_wire[7]' does not have a driver (VDB-1002) (C:\Users\Jing-XuanTan(i)\Downloads\evsoc-efinity-v2026.1.132\evsoc-efinity-v2026.1.132\cam_single\Ti60F225_dsi\source/isp/lut.sv:45)
[EFX-0011 VERI-WARNING] input port 's_axis_tlast' remains unconnected for this instance (VDB-1053) (C:\Users\Jing-XuanTan(i)\Downloads\evsoc-efinity-v2026.1.132\evsoc-efinity-v2026.1.132\cam_single\Ti60F225_dsi\source/isp/gamma.sv:117)
[EFX-0011 VERI-WARNING] input port 's_axis_tlast' remains unconnected for this instance (VDB-1053) (C:\Users\Jing-XuanTan(i)\Downloads\evsoc-efinity-v2026.1.132\evsoc-efinity-v2026.1.132\cam_single\Ti60F225_dsi\source/isp/gamma.sv:140)
[EFX-0011 VERI-WARNING] expression size 32 truncated to fit in target size 11 (VERI-1209) (C:\Users\Jing-XuanTan(i)\Downloads\evsoc-efinity-v2026.1.132\evsoc-efinity-v2026.1.132\cam_single\Ti60F225_dsi\source/cam/cam_crop.v:82)
[EFX-0011 VERI-WARNING] port 'a_wr_rst_i' remains unconnected for this instance (VERI-1927) (C:\Users\Jing-XuanTan(i)\Downloads\evsoc-efinity-v2026.1.132\evsoc-efinity-v2026.1.132\cam_single\Ti60F225_dsi\ip\cam_dma_fifo\cam_dma_fifo.sv:110)
[EFX-0011 VERI-WARNING] input port 'a_wr_rst_i' is not connected on this instance (VDB-1013) (C:\Users\Jing-XuanTan(i)\Downloads\evsoc-efinity-v2026.1.132\evsoc-efinity-v2026.1.132\cam_single\Ti60F225_dsi\ip\cam_dma_fifo\cam_dma_fifo.sv:92)
[EFX-0011 VERI-WARNING] actual bit length 32 differs from formal bit length 1 for port 'i_dbg_we' (VERI-1330) (C:\Users\Jing-XuanTan(i)\Downloads\evsoc-efinity-v2026.1.132\evsoc-efinity-v2026.1.132\cam_single\Ti60F225_dsi\edge_vision_soc.v:910)
[EFX-0011 VERI-WARNING] actual bit length 32 differs from formal bit length 40 for port 'i_dbg_din' (VERI-1330) (C:\Users\Jing-XuanTan(i)\Downloads\evsoc-efinity-v2026.1.132\evsoc-efinity-v2026.1.132\cam_single\Ti60F225_dsi\edge_vision_soc.v:911)
[EFX-0011 VERI-WARNING] actual bit length 32 differs from formal bit length 9 for port 'i_dbg_addr' (VERI-1330) (C:\Users\Jing-XuanTan(i)\Downloads\evsoc-efinity-v2026.1.132\evsoc-efinity-v2026.1.132\cam_single\Ti60F225_dsi\edge_vision_soc.v:912)
[EFX-0011 VERI-WARNING] actual bit length 32 differs from formal bit length 1 for port 'i_dbg_reconfig' (VERI-1330) (C:\Users\Jing-XuanTan(i)\Downloads\evsoc-efinity-v2026.1.132\evsoc-efinity-v2026.1.132\cam_single\Ti60F225_dsi\edge_vision_soc.v:914)
[EFX-0011 VERI-WARNING] port 'rst_busy' remains unconnected for this instance (VERI-1927) (C:\Users\Jing-XuanTan(i)\Downloads\evsoc-efinity-v2026.1.132\evsoc-efinity-v2026.1.132\cam_single\Ti60F225_dsi\source/display/dsi/display_dsi.v:265)
[EFX-0011 VERI-WARNING] actual bit length 11 differs from formal bit length 14 for port 'out_x' (VERI-1330) (C:\Users\Jing-XuanTan(i)\Downloads\evsoc-efinity-v2026.1.132\evsoc-efinity-v2026.1.132\cam_single\Ti60F225_dsi\source/display/dsi/display_dsi.v:127)
[EFX-0011 VERI-WARNING] actual bit length 11 differs from formal bit length 12 for port 'out_y' (VERI-1330) (C:\Users\Jing-XuanTan(i)\Downloads\evsoc-efinity-v2026.1.132\evsoc-efinity-v2026.1.132\cam_single\Ti60F225_dsi\source/display/dsi/display_dsi.v:128)
[EFX-0011 VERI-WARNING] expression size 16 truncated to fit in target size 8 (VERI-1209) (C:\Users\Jing-XuanTan(i)\Downloads\evsoc-efinity-v2026.1.132\evsoc-efinity-v2026.1.132\cam_single\Ti60F225_dsi\source/cam/scale_up_2x_nn.v:127)
[EFX-0011 VERI-WARNING] expression size 16 truncated to fit in target size 8 (VERI-1209) (C:\Users\Jing-XuanTan(i)\Downloads\evsoc-efinity-v2026.1.132\evsoc-efinity-v2026.1.132\cam_single\Ti60F225_dsi\source/cam/scale_up_2x_nn.v:128)
[EFX-0011 VERI-WARNING] expression size 16 truncated to fit in target size 8 (VERI-1209) (C:\Users\Jing-XuanTan(i)\Downloads\evsoc-efinity-v2026.1.132\evsoc-efinity-v2026.1.132\cam_single\Ti60F225_dsi\source/cam/scale_up_2x_nn.v:129)
[EFX-0011 VERI-WARNING] port 'a_wr_rst_i' remains unconnected for this instance (VERI-1927) (C:\Users\Jing-XuanTan(i)\Downloads\evsoc-efinity-v2026.1.132\evsoc-efinity-v2026.1.132\cam_single\Ti60F225_dsi\ip\display_dma_fifo\display_dma_fifo.sv:110)
[EFX-0011 VERI-WARNING] input port 'a_wr_rst_i' is not connected on this instance (VDB-1013) (C:\Users\Jing-XuanTan(i)\Downloads\evsoc-efinity-v2026.1.132\evsoc-efinity-v2026.1.132\cam_single\Ti60F225_dsi\ip\display_dma_fifo\display_dma_fifo.sv:92)
[EFX-0011 VERI-WARNING] actual bit length 10 differs from formal bit length 11 for port 'datacount_o' (VERI-1330) (C:\Users\Jing-XuanTan(i)\Downloads\evsoc-efinity-v2026.1.132\evsoc-efinity-v2026.1.132\cam_single\Ti60F225_dsi\source/display/dsi/display_dsi.v:264)
[EFX-0011 VERI-WARNING] port '**' remains unconnected for this instance (VERI-1927) (C:\Users\Jing-XuanTan(i)\Downloads\evsoc-efinity-v2026.1.132\evsoc-efinity-v2026.1.132\cam_single\Ti60F225_dsi\ip\dsi_tx_display\dsi_tx_display.sv:5436)
[EFX-0011 VERI-WARNING] assignment and/or driver for '**' inside static function '**' is not preserved (VERI-2457) (C:\Users\Jing-XuanTan(i)\Downloads\evsoc-efinity-v2026.1.132\evsoc-efinity-v2026.1.132\cam_single\Ti60F225_dsi\ip\dsi_tx_display\dsi_tx_display.sv:2885)
[EFX-0011 VERI-WARNING] port '**' remains unconnected for this instance (VERI-1927) (C:\Users\Jing-XuanTan(i)\Downloads\evsoc-efinity-v2026.1.132\evsoc-efinity-v2026.1.132\cam_single\Ti60F225_dsi\ip\dsi_tx_display\dsi_tx_display.sv:5689)
[EFX-0011 VERI-WARNING] expression size ** truncated to fit in target size ** (VERI-1209) (C:\Users\Jing-XuanTan(i)\Downloads\evsoc-efinity-v2026.1.132\evsoc-efinity-v2026.1.132\cam_single\Ti60F225_dsi\ip\dsi_tx_display\dsi_tx_display.sv:5689)
[EFX-0011 VERI-WARNING] expression size ** truncated to fit in target size ** (VERI-1209) (C:\Users\Jing-XuanTan(i)\Downloads\evsoc-efinity-v2026.1.132\evsoc-efinity-v2026.1.132\cam_single\Ti60F225_dsi\ip\dsi_tx_display\dsi_tx_display.sv:7297)
[EFX-0011 VERI-WARNING] port '**' remains unconnected for this instance (VERI-1927) (C:\Users\Jing-XuanTan(i)\Downloads\evsoc-efinity-v2026.1.132\evsoc-efinity-v2026.1.132\cam_single\Ti60F225_dsi\ip\dsi_tx_display\dsi_tx_display.sv:1596)
[EFX-0011 VERI-WARNING] expression size ** truncated to fit in target size ** (VERI-1209) (C:\Users\Jing-XuanTan(i)\Downloads\evsoc-efinity-v2026.1.132\evsoc-efinity-v2026.1.132\cam_single\Ti60F225_dsi\ip\dsi_tx_display\dsi_tx_display.sv:1596)
[EFX-0011 VERI-WARNING] port '**' remains unconnected for this instance (VERI-1927) (C:\Users\Jing-XuanTan(i)\Downloads\evsoc-efinity-v2026.1.132\evsoc-efinity-v2026.1.132\cam_single\Ti60F225_dsi\ip\dsi_tx_display\dsi_tx_display.sv:2500)
[EFX-0011 VERI-WARNING] expression size ** truncated to fit in target size ** (VERI-1209) (C:\Users\Jing-XuanTan(i)\Downloads\evsoc-efinity-v2026.1.132\evsoc-efinity-v2026.1.132\cam_single\Ti60F225_dsi\ip\dsi_tx_display\dsi_tx_display.sv:2500)
[EFX-0011 VERI-WARNING] assignment and/or driver for '**' inside static function '**' is not preserved (VERI-2457) (C:\Users\Jing-XuanTan(i)\Downloads\evsoc-efinity-v2026.1.132\evsoc-efinity-v2026.1.132\cam_single\Ti60F225_dsi\ip\dsi_tx_display\dsi_tx_display.sv:3474)
[EFX-0011 VERI-WARNING] actual bit length 32 differs from formal bit length 16 for port 'haddr' (VERI-1330) (C:\Users\Jing-XuanTan(i)\Downloads\evsoc-efinity-v2026.1.132\evsoc-efinity-v2026.1.132\cam_single\Ti60F225_dsi\edge_vision_soc.v:1044)
[EFX-0011 VERI-WARNING] port 'ram_clk_cal_2' is not connected on this instance (VERI-2435) (C:\Users\Jing-XuanTan(i)\Downloads\evsoc-efinity-v2026.1.132\evsoc-efinity-v2026.1.132\cam_single\Ti60F225_dsi\ip\hbram\hbram.sv:200)
[EFX-0011 VERI-WARNING] port 'native_clk' remains unconnected for this instance (VERI-1927) (C:\Users\Jing-XuanTan(i)\Downloads\evsoc-efinity-v2026.1.132\evsoc-efinity-v2026.1.132\cam_single\Ti60F225_dsi\ip\hbram\hbram.sv:200)
[EFX-0011 VERI-WARNING] port '**' remains unconnected for this instance (VERI-1927) (C:\Users\Jing-XuanTan(i)\Downloads\evsoc-efinity-v2026.1.132\evsoc-efinity-v2026.1.132\cam_single\Ti60F225_dsi\ip\hbram\hbram.sv:1134)
[EFX-0011 VERI-WARNING] expression size 32 truncated to fit in target size 9 (VERI-1209) (C:\Users\Jing-XuanTan(i)\Downloads\evsoc-efinity-v2026.1.132\evsoc-efinity-v2026.1.132\cam_single\Ti60F225_dsi\ip\hbram\hbram.sv:5791)
[EFX-0011 VERI-WARNING] expression size 32 truncated to fit in target size 11 (VERI-1209) (C:\Users\Jing-XuanTan(i)\Downloads\evsoc-efinity-v2026.1.132\evsoc-efinity-v2026.1.132\cam_single\Ti60F225_dsi\ip\hbram\hbram.sv:5792)
[EFX-0011 VERI-WARNING] expression size ** truncated to fit in target size ** (VERI-1209) (C:\Users\Jing-XuanTan(i)\Downloads\evsoc-efinity-v2026.1.132\evsoc-efinity-v2026.1.132\cam_single\Ti60F225_dsi\ip\hbram\hbram.sv:1134)
[EFX-0011 VERI-WARNING] expression size 32 truncated to fit in target size 11 (VERI-1209) (C:\Users\Jing-XuanTan(i)\Downloads\evsoc-efinity-v2026.1.132\evsoc-efinity-v2026.1.132\cam_single\Ti60F225_dsi\ip\hbram\hbram.sv:5806)
[EFX-0011 VERI-WARNING] expression size 32 truncated to fit in target size 9 (VERI-1209) (C:\Users\Jing-XuanTan(i)\Downloads\evsoc-efinity-v2026.1.132\evsoc-efinity-v2026.1.132\cam_single\Ti60F225_dsi\ip\hbram\hbram.sv:5807)
[EFX-0011 VERI-WARNING] expression size ** truncated to fit in target size ** (VERI-1209) (C:\Users\Jing-XuanTan(i)\Downloads\evsoc-efinity-v2026.1.132\evsoc-efinity-v2026.1.132\cam_single\Ti60F225_dsi\ip\hbram\hbram.sv:5309)
[EFX-0011 VERI-WARNING] actual bit length ** differs from formal bit length *** for port '**' (VERI-1330) (C:\Users\Jing-XuanTan(i)\Downloads\evsoc-efinity-v2026.1.132\evsoc-efinity-v2026.1.132\cam_single\Ti60F225_dsi\ip\hbram\hbram.sv:1946)
[EFX-0011 VERI-WARNING] expression size ** truncated to fit in target size ** (VERI-1209) (C:\Users\Jing-XuanTan(i)\Downloads\evsoc-efinity-v2026.1.132\evsoc-efinity-v2026.1.132\cam_single\Ti60F225_dsi\ip\hbram\hbram.sv:3545)
[EFX-0011 VERI-WARNING] actual bit length ** differs from formal bit length *** for port '**' (VERI-1330) (C:\Users\Jing-XuanTan(i)\Downloads\evsoc-efinity-v2026.1.132\evsoc-efinity-v2026.1.132\cam_single\Ti60F225_dsi\ip\hbram\hbram.sv:2351)
[EFX-0011 VERI-WARNING] expression size ** truncated to fit in target size ** (VERI-1209) (C:\Users\Jing-XuanTan(i)\Downloads\evsoc-efinity-v2026.1.132\evsoc-efinity-v2026.1.132\cam_single\Ti60F225_dsi\ip\hbram\hbram.sv:4591)
[EFX-0011 VERI-WARNING] input port 'ram_clk_cal_2' remains unconnected for this instance (VDB-1053) (C:\Users\Jing-XuanTan(i)\Downloads\evsoc-efinity-v2026.1.132\evsoc-efinity-v2026.1.132\cam_single\Ti60F225_dsi\ip\hbram\hbram.sv:147)
[EFX-0011 VERI-WARNING] input port 'native_clk' is not connected on this instance (VDB-1013) (C:\Users\Jing-XuanTan(i)\Downloads\evsoc-efinity-v2026.1.132\evsoc-efinity-v2026.1.132\cam_single\Ti60F225_dsi\ip\hbram\hbram.sv:147)
[EFX-0011 VERI-WARNING] system task 'display' is ignored for synthesis (VERI-1142) (C:\Users\Jing-XuanTan(i)\Downloads\evsoc-efinity-v2026.1.132\evsoc-efinity-v2026.1.132\cam_single\Ti60F225_dsi\ip\SapphireSoc\SapphireSoc.v:22380)
[EFX-0011 VERI-WARNING] net 'IBusCachedPlugin_cache_io_cpu_fetch_isRemoved' does not have a driver (VDB-1002) (C:\Users\Jing-XuanTan(i)\Downloads\evsoc-efinity-v2026.1.132\evsoc-efinity-v2026.1.132\cam_single\Ti60F225_dsi\ip\SapphireSoc\SapphireSoc.v:12883)
[EFX-0011 VERI-WARNING] net 'dataCache_1_io_cpu_writeBack_fence_SW' does not have a driver (VDB-1002) (C:\Users\Jing-XuanTan(i)\Downloads\evsoc-efinity-v2026.1.132\evsoc-efinity-v2026.1.132\cam_single\Ti60F225_dsi\ip\SapphireSoc\SapphireSoc.v:12896)
[EFX-0011 VERI-WARNING] net 'dataCache_1_io_cpu_writeBack_fence_SR' does not have a driver (VDB-1002) (C:\Users\Jing-XuanTan(i)\Downloads\evsoc-efinity-v2026.1.132\evsoc-efinity-v2026.1.132\cam_single\Ti60F225_dsi\ip\SapphireSoc\SapphireSoc.v:12897)
[EFX-0011 VERI-WARNING] net 'dataCache_1_io_cpu_writeBack_fence_SO' does not have a driver (VDB-1002) (C:\Users\Jing-XuanTan(i)\Downloads\evsoc-efinity-v2026.1.132\evsoc-efinity-v2026.1.132\cam_single\Ti60F225_dsi\ip\SapphireSoc\SapphireSoc.v:12898)
[EFX-0011 VERI-WARNING] net 'dataCache_1_io_cpu_writeBack_fence_SI' does not have a driver (VDB-1002) (C:\Users\Jing-XuanTan(i)\Downloads\evsoc-efinity-v2026.1.132\evsoc-efinity-v2026.1.132\cam_single\Ti60F225_dsi\ip\SapphireSoc\SapphireSoc.v:12899)
[EFX-0011 VERI-WARNING] net 'dataCache_1_io_cpu_writeBack_fence_PW' does not have a driver (VDB-1002) (C:\Users\Jing-XuanTan(i)\Downloads\evsoc-efinity-v2026.1.132\evsoc-efinity-v2026.1.132\cam_single\Ti60F225_dsi\ip\SapphireSoc\SapphireSoc.v:12900)
[EFX-0011 VERI-WARNING] net 'dataCache_1_io_cpu_writeBack_fence_PR' does not have a driver (VDB-1002) (C:\Users\Jing-XuanTan(i)\Downloads\evsoc-efinity-v2026.1.132\evsoc-efinity-v2026.1.132\cam_single\Ti60F225_dsi\ip\SapphireSoc\SapphireSoc.v:12901)
[EFX-0011 VERI-WARNING] net 'dataCache_1_io_cpu_writeBack_fence_PO' does not have a driver (VDB-1002) (C:\Users\Jing-XuanTan(i)\Downloads\evsoc-efinity-v2026.1.132\evsoc-efinity-v2026.1.132\cam_single\Ti60F225_dsi\ip\SapphireSoc\SapphireSoc.v:12902)
[EFX-0011 VERI-WARNING] net 'dataCache_1_io_cpu_writeBack_fence_PI' does not have a driver (VDB-1002) (C:\Users\Jing-XuanTan(i)\Downloads\evsoc-efinity-v2026.1.132\evsoc-efinity-v2026.1.132\cam_single\Ti60F225_dsi\ip\SapphireSoc\SapphireSoc.v:12903)
[EFX-0011 VERI-WARNING] net 'dataCache_1_io_cpu_writeBack_fence_FM[3]' does not have a driver (VDB-1002) (C:\Users\Jing-XuanTan(i)\Downloads\evsoc-efinity-v2026.1.132\evsoc-efinity-v2026.1.132\cam_single\Ti60F225_dsi\ip\SapphireSoc\SapphireSoc.v:12904)
[EFX-0011 VERI-WARNING] net 'IBusCachedPlugin_mmuBus_rsp_bypassTranslation' does not have a driver (VDB-1002) (C:\Users\Jing-XuanTan(i)\Downloads\evsoc-efinity-v2026.1.132\evsoc-efinity-v2026.1.132\cam_single\Ti60F225_dsi\ip\SapphireSoc\SapphireSoc.v:13411)
[EFX-0011 VERI-WARNING] net 'DBusCachedPlugin_mmuBus_rsp_bypassTranslation' does not have a driver (VDB-1002) (C:\Users\Jing-XuanTan(i)\Downloads\evsoc-efinity-v2026.1.132\evsoc-efinity-v2026.1.132\cam_single\Ti60F225_dsi\ip\SapphireSoc\SapphireSoc.v:13437)
[EFX-0011 VERI-WARNING] net 'IBusCachedPlugin_iBusRsp_output_payload_rsp_error' does not have a driver (VDB-1002) (C:\Users\Jing-XuanTan(i)\Downloads\evsoc-efinity-v2026.1.132\evsoc-efinity-v2026.1.132\cam_single\Ti60F225_dsi\ip\SapphireSoc\SapphireSoc.v:13545)
[EFX-0011 VERI-WARNING] net 'IBusCachedPlugin_iBusRsp_output_payload_isRvc' does not have a driver (VDB-1002) (C:\Users\Jing-XuanTan(i)\Downloads\evsoc-efinity-v2026.1.132\evsoc-efinity-v2026.1.132\cam_single\Ti60F225_dsi\ip\SapphireSoc\SapphireSoc.v:13547)
[EFX-0011 VERI-WARNING] net 'CsrPlugin_mtvec_mode[1]' does not have a driver (VDB-1002) (C:\Users\Jing-XuanTan(i)\Downloads\evsoc-efinity-v2026.1.132\evsoc-efinity-v2026.1.132\cam_single\Ti60F225_dsi\ip\SapphireSoc\SapphireSoc.v:13781)
[EFX-0011 VERI-WARNING] system function call 'urandom' is not supported (VERI-1141) (C:\Users\Jing-XuanTan(i)\Downloads\evsoc-efinity-v2026.1.132\evsoc-efinity-v2026.1.132\cam_single\Ti60F225_dsi\ip\SapphireSoc\SapphireSoc.v:21505)
[EFX-0011 VERI-WARNING] system function call 'urandom' is not supported (VERI-1141) (C:\Users\Jing-XuanTan(i)\Downloads\evsoc-efinity-v2026.1.132\evsoc-efinity-v2026.1.132\cam_single\Ti60F225_dsi\ip\SapphireSoc\SapphireSoc.v:21506)
[EFX-0011 VERI-WARNING] system function call 'urandom' is not supported (VERI-1141) (C:\Users\Jing-XuanTan(i)\Downloads\evsoc-efinity-v2026.1.132\evsoc-efinity-v2026.1.132\cam_single\Ti60F225_dsi\ip\SapphireSoc\SapphireSoc.v:23686)
[EFX-0011 VERI-WARNING] system function call 'urandom' is not supported (VERI-1141) (C:\Users\Jing-XuanTan(i)\Downloads\evsoc-efinity-v2026.1.132\evsoc-efinity-v2026.1.132\cam_single\Ti60F225_dsi\ip\SapphireSoc\SapphireSoc.v:23687)
[EFX-0011 VERI-WARNING] system function call 'urandom' is not supported (VERI-1141) (C:\Users\Jing-XuanTan(i)\Downloads\evsoc-efinity-v2026.1.132\evsoc-efinity-v2026.1.132\cam_single\Ti60F225_dsi\ip\SapphireSoc\SapphireSoc.v:5873)
[EFX-0011 VERI-WARNING] system function call 'urandom' is not supported (VERI-1141) (C:\Users\Jing-XuanTan(i)\Downloads\evsoc-efinity-v2026.1.132\evsoc-efinity-v2026.1.132\cam_single\Ti60F225_dsi\ip\SapphireSoc\SapphireSoc.v:5874)
[EFX-0011 VERI-WARNING] net 'slaveRegOut[31]' does not have a driver (VDB-1002) (C:\Users\Jing-XuanTan(i)\Downloads\evsoc-efinity-v2026.1.132\evsoc-efinity-v2026.1.132\cam_single\Ti60F225_dsi\source\hw_accel\hw_accel_apb3.v:38)
[EFX-0011 VERI-WARNING] port 'rst_busy' remains unconnected for this instance (VERI-1927) (C:\Users\Jing-XuanTan(i)\Downloads\evsoc-efinity-v2026.1.132\evsoc-efinity-v2026.1.132\cam_single\Ti60F225_dsi\source/hw_accel/hw_accel_wrapper.v:176)
[EFX-0011 VERI-WARNING] port 'rst_busy' remains unconnected for this instance (VERI-1927) (C:\Users\Jing-XuanTan(i)\Downloads\evsoc-efinity-v2026.1.132\evsoc-efinity-v2026.1.132\cam_single\Ti60F225_dsi\source/hw_accel/hw_accel_wrapper.v:202)
[EFX-0011 VERI-WARNING] port 'a_wr_rst_i' remains unconnected for this instance (VERI-1927) (C:\Users\Jing-XuanTan(i)\Downloads\evsoc-efinity-v2026.1.132\evsoc-efinity-v2026.1.132\cam_single\Ti60F225_dsi\ip\hw_accel_dma_in_fifo\hw_accel_dma_in_fifo.sv:112)
[EFX-0011 VERI-WARNING] input port 'a_wr_rst_i' is not connected on this instance (VDB-1013) (C:\Users\Jing-XuanTan(i)\Downloads\evsoc-efinity-v2026.1.132\evsoc-efinity-v2026.1.132\cam_single\Ti60F225_dsi\ip\hw_accel_dma_in_fifo\hw_accel_dma_in_fifo.sv:93)
[EFX-0011 VERI-WARNING] port 'a_wr_rst_i' remains unconnected for this instance (VERI-1927) (C:\Users\Jing-XuanTan(i)\Downloads\evsoc-efinity-v2026.1.132\evsoc-efinity-v2026.1.132\cam_single\Ti60F225_dsi\ip\hw_accel_dma_out_fifo\hw_accel_dma_out_fifo.sv:112)
[EFX-0011 VERI-WARNING] input port 'a_wr_rst_i' is not connected on this instance (VDB-1013) (C:\Users\Jing-XuanTan(i)\Downloads\evsoc-efinity-v2026.1.132\evsoc-efinity-v2026.1.132\cam_single\Ti60F225_dsi\ip\hw_accel_dma_out_fifo\hw_accel_dma_out_fifo.sv:93)
[EFX-0011 VERI-WARNING] system function call 'urandom' is not supported (VERI-1141) (C:\Users\Jing-XuanTan(i)\Downloads\evsoc-efinity-v2026.1.132\evsoc-efinity-v2026.1.132\cam_single\Ti60F225_dsi\ip\dma\dma.v:13453)
[EFX-0011 VERI-WARNING] system function call 'urandom' is not supported (VERI-1141) (C:\Users\Jing-XuanTan(i)\Downloads\evsoc-efinity-v2026.1.132\evsoc-efinity-v2026.1.132\cam_single\Ti60F225_dsi\ip\dma\dma.v:13454)
[EFX-0011 VERI-WARNING] system function call 'urandom' is not supported (VERI-1141) (C:\Users\Jing-XuanTan(i)\Downloads\evsoc-efinity-v2026.1.132\evsoc-efinity-v2026.1.132\cam_single\Ti60F225_dsi\ip\dma\dma.v:13455)
[EFX-0011 VERI-WARNING] system function call 'urandom' is not supported (VERI-1141) (C:\Users\Jing-XuanTan(i)\Downloads\evsoc-efinity-v2026.1.132\evsoc-efinity-v2026.1.132\cam_single\Ti60F225_dsi\ip\dma\dma.v:13456)
[EFX-0011 VERI-WARNING] system function call 'urandom' is not supported (VERI-1141) (C:\Users\Jing-XuanTan(i)\Downloads\evsoc-efinity-v2026.1.132\evsoc-efinity-v2026.1.132\cam_single\Ti60F225_dsi\ip\dma\dma.v:13457)
[EFX-0011 VERI-WARNING] actual bit length 16 differs from formal bit length 14 for port 'ctrl_PADDR' (VERI-1330) (C:\Users\Jing-XuanTan(i)\Downloads\evsoc-efinity-v2026.1.132\evsoc-efinity-v2026.1.132\cam_single\Ti60F225_dsi\edge_vision_soc.v:1332)
[EFX-0011 VERI-WARNING] system task 'display' is ignored for synthesis (VERI-1142) (C:\Users\Jing-XuanTan(i)\Downloads\evsoc-efinity-v2026.1.132\evsoc-efinity-v2026.1.132\cam_single\Ti60F225_dsi\source/axi/axi_interconnect.v:220)
[EFX-0011 VERI-WARNING] system task 'display' is ignored for synthesis (VERI-1142) (C:\Users\Jing-XuanTan(i)\Downloads\evsoc-efinity-v2026.1.132\evsoc-efinity-v2026.1.132\cam_single\Ti60F225_dsi\source/axi/axi_interconnect.v:223)
[EFX-0011 VERI-WARNING] expression size 32 truncated to fit in target size 2 (VERI-1209) (C:\Users\Jing-XuanTan(i)\Downloads\evsoc-efinity-v2026.1.132\evsoc-efinity-v2026.1.132\cam_single\Ti60F225_dsi\source/axi/priority_encoder.v:89)
[EFX-0011 VERI-WARNING] expression size 32 truncated to fit in target size 4 (VERI-1209) (C:\Users\Jing-XuanTan(i)\Downloads\evsoc-efinity-v2026.1.132\evsoc-efinity-v2026.1.132\cam_single\Ti60F225_dsi\source/axi/priority_encoder.v:89)
[EFX-0011 VERI-WARNING] right shift count >= width of value (VERI-1959) (C:\Users\Jing-XuanTan(i)\Downloads\evsoc-efinity-v2026.1.132\evsoc-efinity-v2026.1.132\cam_single\Ti60F225_dsi\source/axi/axi_interconnect.v:566)
[EFX-0011 VERI-WARNING] expression size 32 truncated to fit in target size 8 (VERI-1209) (C:\Users\Jing-XuanTan(i)\Downloads\evsoc-efinity-v2026.1.132\evsoc-efinity-v2026.1.132\cam_single\Ti60F225_dsi\source/axi/axi_interconnect.v:689)
[EFX-0011 VERI-WARNING] input port 'Rx_HS_D_2[7]' remains unconnected for this instance (VDB-1053) (C:\Users\Jing-XuanTan(i)\Downloads\evsoc-efinity-v2026.1.132\evsoc-efinity-v2026.1.132\cam_single\Ti60F225_dsi\edge_vision_soc.v:729)
[EFX-0011 VERI-WARNING] input port 'system_spi_0_io_data_2_read' remains unconnected for this instance (VDB-1053) (C:\Users\Jing-XuanTan(i)\Downloads\evsoc-efinity-v2026.1.132\evsoc-efinity-v2026.1.132\cam_single\Ti60F225_dsi\edge_vision_soc.v:1168)
[EFX-0011 VERI-WARNING] input port 'dat1_o_tready' remains unconnected for this instance (VDB-1053) (C:\Users\Jing-XuanTan(i)\Downloads\evsoc-efinity-v2026.1.132\evsoc-efinity-v2026.1.132\cam_single\Ti60F225_dsi\edge_vision_soc.v:1327)
[EFX-0011 VERI-WARNING] input port 's_axi_awuser[1]' remains unconnected for this instance (VDB-1053) (C:\Users\Jing-XuanTan(i)\Downloads\evsoc-efinity-v2026.1.132\evsoc-efinity-v2026.1.132\cam_single\Ti60F225_dsi\edge_vision_soc.v:1464)
[EFX-0200 WARNING] Removing redundant signal : Rx_HS_D_2[7:0]. (C:\Users\Jing-XuanTan(i)\Downloads\evsoc-efinity-v2026.1.132\evsoc-efinity-v2026.1.132\cam_single\Ti60F225_dsi\ip\csi2_rx_cam\csi2_rx_cam.sv:6307)
[EFX-0200 WARNING] Removing redundant signal : Rx_HS_D_3[7:0]. (C:\Users\Jing-XuanTan(i)\Downloads\evsoc-efinity-v2026.1.132\evsoc-efinity-v2026.1.132\cam_single\Ti60F225_dsi\ip\csi2_rx_cam\csi2_rx_cam.sv:6307)
[EFX-0200 WARNING] Removing redundant signal : Rx_HS_D_4[7:0]. (C:\Users\Jing-XuanTan(i)\Downloads\evsoc-efinity-v2026.1.132\evsoc-efinity-v2026.1.132\cam_single\Ti60F225_dsi\ip\csi2_rx_cam\csi2_rx_cam.sv:6307)
[EFX-0200 WARNING] Removing redundant signal : Rx_HS_D_5[7:0]. (C:\Users\Jing-XuanTan(i)\Downloads\evsoc-efinity-v2026.1.132\evsoc-efinity-v2026.1.132\cam_single\Ti60F225_dsi\ip\csi2_rx_cam\csi2_rx_cam.sv:6307)
[EFX-0200 WARNING] Removing redundant signal : Rx_HS_D_6[7:0]. (C:\Users\Jing-XuanTan(i)\Downloads\evsoc-efinity-v2026.1.132\evsoc-efinity-v2026.1.132\cam_single\Ti60F225_dsi\ip\csi2_rx_cam\csi2_rx_cam.sv:6307)
[EFX-0200 WARNING] Removing redundant signal : Rx_HS_D_7[7:0]. (C:\Users\Jing-XuanTan(i)\Downloads\evsoc-efinity-v2026.1.132\evsoc-efinity-v2026.1.132\cam_single\Ti60F225_dsi\ip\csi2_rx_cam\csi2_rx_cam.sv:6307)
[EFX-0200 WARNING] Removing redundant signal : u_dly_enable_D[1:0]. (C:\Users\Jing-XuanTan(i)\Downloads\evsoc-efinity-v2026.1.132\evsoc-efinity-v2026.1.132\cam_single\Ti60F225_dsi\ip\csi2_rx_cam\csi2_rx_cam.sv:6307)
[EFX-0200 WARNING] Removing redundant signal : u_dly_inc_D[1:0]. (C:\Users\Jing-XuanTan(i)\Downloads\evsoc-efinity-v2026.1.132\evsoc-efinity-v2026.1.132\cam_single\Ti60F225_dsi\ip\csi2_rx_cam\csi2_rx_cam.sv:6307)
[EFX-0200 WARNING] Removing redundant signal : axi_awaddr[1:0]. (C:\Users\Jing-XuanTan(i)\Downloads\evsoc-efinity-v2026.1.132\evsoc-efinity-v2026.1.132\cam_single\Ti60F225_dsi\ip\csi2_rx_cam\csi2_rx_cam.sv:5564)
[EFX-0200 WARNING] Removing redundant signal : axi_araddr[1:0]. (C:\Users\Jing-XuanTan(i)\Downloads\evsoc-efinity-v2026.1.132\evsoc-efinity-v2026.1.132\cam_single\Ti60F225_dsi\ip\csi2_rx_cam\csi2_rx_cam.sv:5564)
[EFX-0200 WARNING] Removing redundant signal : loc_rdata[31:0]. (C:\Users\Jing-XuanTan(i)\Downloads\evsoc-efinity-v2026.1.132\evsoc-efinity-v2026.1.132\cam_single\Ti60F225_dsi\ip\csi2_rx_cam\csi2_rx_cam.sv:5564)
[EFX-0200 WARNING] Removing redundant signal : nextCRC16_D16.fcrc[15:0]. (C:\Users\Jing-XuanTan(i)\Downloads\evsoc-efinity-v2026.1.132\evsoc-efinity-v2026.1.132\cam_single\Ti60F225_dsi\ip\csi2_rx_cam\csi2_rx_cam.sv:1466)
[EFX-0200 WARNING] Removing redundant signal : nextCRC16_D16.Data[15:0]. (C:\Users\Jing-XuanTan(i)\Downloads\evsoc-efinity-v2026.1.132\evsoc-efinity-v2026.1.132\cam_single\Ti60F225_dsi\ip\csi2_rx_cam\csi2_rx_cam.sv:1466)
[EFX-0200 WARNING] Removing redundant signal : nextCRC16_D16[15:0]. (C:\Users\Jing-XuanTan(i)\Downloads\evsoc-efinity-v2026.1.132\evsoc-efinity-v2026.1.132\cam_single\Ti60F225_dsi\ip\csi2_rx_cam\csi2_rx_cam.sv:1466)
[EFX-0200 WARNING] Removing redundant signal : nextCRC16_D16.c[15:0]. (C:\Users\Jing-XuanTan(i)\Downloads\evsoc-efinity-v2026.1.132\evsoc-efinity-v2026.1.132\cam_single\Ti60F225_dsi\ip\csi2_rx_cam\csi2_rx_cam.sv:1466)
[EFX-0200 WARNING] Removing redundant signal : nextCRC16_D16.d[15:0]. (C:\Users\Jing-XuanTan(i)\Downloads\evsoc-efinity-v2026.1.132\evsoc-efinity-v2026.1.132\cam_single\Ti60F225_dsi\ip\csi2_rx_cam\csi2_rx_cam.sv:1466)
[EFX-0200 WARNING] Removing redundant signal : nextCRC16_D16.newcrc[15:0]. (C:\Users\Jing-XuanTan(i)\Downloads\evsoc-efinity-v2026.1.132\evsoc-efinity-v2026.1.132\cam_single\Ti60F225_dsi\ip\csi2_rx_cam\csi2_rx_cam.sv:1466)
[EFX-0200 WARNING] Removing redundant signal : nextCRC16_D8[15:0]. (C:\Users\Jing-XuanTan(i)\Downloads\evsoc-efinity-v2026.1.132\evsoc-efinity-v2026.1.132\cam_single\Ti60F225_dsi\ip\csi2_rx_cam\csi2_rx_cam.sv:1466)
[EFX-0200 WARNING] Removing redundant signal : nextCRC16_D8.Data[7:0]. (C:\Users\Jing-XuanTan(i)\Downloads\evsoc-efinity-v2026.1.132\evsoc-efinity-v2026.1.132\cam_single\Ti60F225_dsi\ip\csi2_rx_cam\csi2_rx_cam.sv:1466)
[EFX-0200 WARNING] Removing redundant signal : nextCRC16_D8.fcrc[15:0]. (C:\Users\Jing-XuanTan(i)\Downloads\evsoc-efinity-v2026.1.132\evsoc-efinity-v2026.1.132\cam_single\Ti60F225_dsi\ip\csi2_rx_cam\csi2_rx_cam.sv:1466)
[EFX-0201 WARNING] Re-wiring to GND non-driven net/port 'a_wr_rst_i' in module 'efx_fifo_top_04a96f5177a940fe94d182603b3fa9c9(FAMILY="",SYNC_CLK=1,PIPELINE_REG=0,OUTPUT_REG=1,PROGRAMMABLE_FULL="NONE",PROG_FULL_ASSERT=510,PROG_FULL_NEGATE=510,PROGRAMMABLE_EMPTY="NONE",PROG_EMPTY_ASSERT=2,PROG_EMPTY_NEGATE=3)'. (C:\Users\Jing-XuanTan(i)\Downloads\evsoc-efinity-v2026.1.132\evsoc-efinity-v2026.1.132\cam_single\Ti60F225_dsi\ip\cam_pixel_remap_fifo\cam_pixel_remap_fifo.sv:92)
[EFX-0201 WARNING] Re-wiring to GND non-driven net/port 'a_rd_rst_i' in module 'efx_fifo_top_04a96f5177a940fe94d182603b3fa9c9(FAMILY="",SYNC_CLK=1,PIPELINE_REG=0,OUTPUT_REG=1,PROGRAMMABLE_FULL="NONE",PROG_FULL_ASSERT=510,PROG_FULL_NEGATE=510,PROGRAMMABLE_EMPTY="NONE",PROG_EMPTY_ASSERT=2,PROG_EMPTY_NEGATE=3)'. (C:\Users\Jing-XuanTan(i)\Downloads\evsoc-efinity-v2026.1.132\evsoc-efinity-v2026.1.132\cam_single\Ti60F225_dsi\ip\cam_pixel_remap_fifo\cam_pixel_remap_fifo.sv:92)
[EFX-0201 WARNING] Re-wiring to GND non-driven net/port 'wr_clk_i' in module 'efx_fifo_top_04a96f5177a940fe94d182603b3fa9c9(FAMILY="",SYNC_CLK=1,PIPELINE_REG=0,OUTPUT_REG=1,PROGRAMMABLE_FULL="NONE",PROG_FULL_ASSERT=510,PROG_FULL_NEGATE=510,PROGRAMMABLE_EMPTY="NONE",PROG_EMPTY_ASSERT=2,PROG_EMPTY_NEGATE=3)'. (C:\Users\Jing-XuanTan(i)\Downloads\evsoc-efinity-v2026.1.132\evsoc-efinity-v2026.1.132\cam_single\Ti60F225_dsi\ip\cam_pixel_remap_fifo\cam_pixel_remap_fifo.sv:92)
[EFX-0201 WARNING] Re-wiring to GND non-driven net/port 'rd_clk_i' in module 'efx_fifo_top_04a96f5177a940fe94d182603b3fa9c9(FAMILY="",SYNC_CLK=1,PIPELINE_REG=0,OUTPUT_REG=1,PROGRAMMABLE_FULL="NONE",PROG_FULL_ASSERT=510,PROG_FULL_NEGATE=510,PROGRAMMABLE_EMPTY="NONE",PROG_EMPTY_ASSERT=2,PROG_EMPTY_NEGATE=3)'. (C:\Users\Jing-XuanTan(i)\Downloads\evsoc-efinity-v2026.1.132\evsoc-efinity-v2026.1.132\cam_single\Ti60F225_dsi\ip\cam_pixel_remap_fifo\cam_pixel_remap_fifo.sv:92)
[EFX-0201 WARNING] Re-wiring to GND non-driven net/port 'pipe_0_pixel_0_wire[16]' in module 'blc(PIXEL_PER_CYCLE=2,PIXEL_BIT_WIDTH=8)'. (C:\Users\Jing-XuanTan(i)\Downloads\evsoc-efinity-v2026.1.132\evsoc-efinity-v2026.1.132\cam_single\Ti60F225_dsi\source/isp/blc.sv:44)
[EFX-0201 WARNING] Re-wiring to GND non-driven net/port 'pipe_0_pixel_0_wire[15]' in module 'blc(PIXEL_PER_CYCLE=2,PIXEL_BIT_WIDTH=8)'. (C:\Users\Jing-XuanTan(i)\Downloads\evsoc-efinity-v2026.1.132\evsoc-efinity-v2026.1.132\cam_single\Ti60F225_dsi\source/isp/blc.sv:44)
[EFX-0201 WARNING] Re-wiring to GND non-driven net/port 'pipe_0_pixel_0_wire[14]' in module 'blc(PIXEL_PER_CYCLE=2,PIXEL_BIT_WIDTH=8)'. (C:\Users\Jing-XuanTan(i)\Downloads\evsoc-efinity-v2026.1.132\evsoc-efinity-v2026.1.132\cam_single\Ti60F225_dsi\source/isp/blc.sv:44)
[EFX-0201 WARNING] Re-wiring to GND non-driven net/port 'pipe_0_pixel_0_wire[13]' in module 'blc(PIXEL_PER_CYCLE=2,PIXEL_BIT_WIDTH=8)'. (C:\Users\Jing-XuanTan(i)\Downloads\evsoc-efinity-v2026.1.132\evsoc-efinity-v2026.1.132\cam_single\Ti60F225_dsi\source/isp/blc.sv:44)
[EFX-0201 WARNING] Re-wiring to GND non-driven net/port 'pipe_0_pixel_0_wire[12]' in module 'blc(PIXEL_PER_CYCLE=2,PIXEL_BIT_WIDTH=8)'. (C:\Users\Jing-XuanTan(i)\Downloads\evsoc-efinity-v2026.1.132\evsoc-efinity-v2026.1.132\cam_single\Ti60F225_dsi\source/isp/blc.sv:44)
[EFX-0201 WARNING] Re-wiring to GND non-driven net/port 'pipe_0_pixel_0_wire[11]' in module 'blc(PIXEL_PER_CYCLE=2,PIXEL_BIT_WIDTH=8)'. (C:\Users\Jing-XuanTan(i)\Downloads\evsoc-efinity-v2026.1.132\evsoc-efinity-v2026.1.132\cam_single\Ti60F225_dsi\source/isp/blc.sv:44)
[EFX-0657 WARNING] Mapping into logic memory block 'pipe_0_center' (20 bits) (C:\Users\Jing-XuanTan(i)\Downloads\evsoc-efinity-v2026.1.132\evsoc-efinity-v2026.1.132\cam_single\Ti60F225_dsi\source/isp/demosaic.sv:68) because size is too small (<=64)
[EFX-0657 WARNING] Mapping into logic memory block 'pipe_0_outer_horizontal' (20 bits) (C:\Users\Jing-XuanTan(i)\Downloads\evsoc-efinity-v2026.1.132\evsoc-efinity-v2026.1.132\cam_single\Ti60F225_dsi\source/isp/demosaic.sv:69) because size is too small (<=64)
[EFX-0657 WARNING] Mapping into logic memory block 'pipe_0_outer_vertical' (20 bits) (C:\Users\Jing-XuanTan(i)\Downloads\evsoc-efinity-v2026.1.132\evsoc-efinity-v2026.1.132\cam_single\Ti60F225_dsi\source/isp/demosaic.sv:70) because size is too small (<=64)
[EFX-0657 WARNING] Mapping into logic memory block 'pipe_0_inner_horizontal' (20 bits) (C:\Users\Jing-XuanTan(i)\Downloads\evsoc-efinity-v2026.1.132\evsoc-efinity-v2026.1.132\cam_single\Ti60F225_dsi\source/isp/demosaic.sv:71) because size is too small (<=64)
[EFX-0657 WARNING] Mapping into logic memory block 'pipe_0_inner_vertical' (20 bits) (C:\Users\Jing-XuanTan(i)\Downloads\evsoc-efinity-v2026.1.132\evsoc-efinity-v2026.1.132\cam_single\Ti60F225_dsi\source/isp/demosaic.sv:72) because size is too small (<=64)
[EFX-0657 WARNING] Mapping into logic memory block 'pipe_0_inner_top' (20 bits) (C:\Users\Jing-XuanTan(i)\Downloads\evsoc-efinity-v2026.1.132\evsoc-efinity-v2026.1.132\cam_single\Ti60F225_dsi\source/isp/demosaic.sv:73) because size is too small (<=64)
[EFX-0657 WARNING] Mapping into logic memory block 'pipe_0_inner_bottom' (20 bits) (C:\Users\Jing-XuanTan(i)\Downloads\evsoc-efinity-v2026.1.132\evsoc-efinity-v2026.1.132\cam_single\Ti60F225_dsi\source/isp/demosaic.sv:74) because size is too small (<=64)
[EFX-0657 WARNING] Mapping into logic memory block 'pipe_1_center' (28 bits) (C:\Users\Jing-XuanTan(i)\Downloads\evsoc-efinity-v2026.1.132\evsoc-efinity-v2026.1.132\cam_single\Ti60F225_dsi\source/isp/demosaic.sv:80) because size is too small (<=64)
[EFX-0657 WARNING] Mapping into logic memory block 'pipe_1_center_x5' (28 bits) (C:\Users\Jing-XuanTan(i)\Downloads\evsoc-efinity-v2026.1.132\evsoc-efinity-v2026.1.132\cam_single\Ti60F225_dsi\source/isp/demosaic.sv:81) because size is too small (<=64)
[EFX-0657 WARNING] Mapping into logic memory block 'pipe_1_center_x6' (28 bits) (C:\Users\Jing-XuanTan(i)\Downloads\evsoc-efinity-v2026.1.132\evsoc-efinity-v2026.1.132\cam_single\Ti60F225_dsi\source/isp/demosaic.sv:82) because size is too small (<=64)
[EFX-0657 WARNING] Mapping into logic memory block 'pipe_1_outer_horizontal' (28 bits) (C:\Users\Jing-XuanTan(i)\Downloads\evsoc-efinity-v2026.1.132\evsoc-efinity-v2026.1.132\cam_single\Ti60F225_dsi\source/isp/demosaic.sv:83) because size is too small (<=64)
[EFX-0657 WARNING] Mapping into logic memory block 'pipe_1_outer_vertical' (28 bits) (C:\Users\Jing-XuanTan(i)\Downloads\evsoc-efinity-v2026.1.132\evsoc-efinity-v2026.1.132\cam_single\Ti60F225_dsi\source/isp/demosaic.sv:84) because size is too small (<=64)
[EFX-0657 WARNING] Mapping into logic memory block 'pipe_1_outer_cross' (28 bits) (C:\Users\Jing-XuanTan(i)\Downloads\evsoc-efinity-v2026.1.132\evsoc-efinity-v2026.1.132\cam_single\Ti60F225_dsi\source/isp/demosaic.sv:85) because size is too small (<=64)
[EFX-0657 WARNING] Mapping into logic memory block 'pipe_1_inner_h_outer_v_x2' (28 bits) (C:\Users\Jing-XuanTan(i)\Downloads\evsoc-efinity-v2026.1.132\evsoc-efinity-v2026.1.132\cam_single\Ti60F225_dsi\source/isp/demosaic.sv:86) because size is too small (<=64)
[EFX-0657 WARNING] Mapping into logic memory block 'pipe_1_inner_v_outer_h_x2' (28 bits) (C:\Users\Jing-XuanTan(i)\Downloads\evsoc-efinity-v2026.1.132\evsoc-efinity-v2026.1.132\cam_single\Ti60F225_dsi\source/isp/demosaic.sv:87) because size is too small (<=64)
[EFX-0657 WARNING] Mapping into logic memory block 'pipe_1_inner_corner' (28 bits) (C:\Users\Jing-XuanTan(i)\Downloads\evsoc-efinity-v2026.1.132\evsoc-efinity-v2026.1.132\cam_single\Ti60F225_dsi\source/isp/demosaic.sv:88) because size is too small (<=64)
[EFX-0657 WARNING] Mapping into logic memory block 'pipe_1_inner_cross' (28 bits) (C:\Users\Jing-XuanTan(i)\Downloads\evsoc-efinity-v2026.1.132\evsoc-efinity-v2026.1.132\cam_single\Ti60F225_dsi\source/isp/demosaic.sv:89) because size is too small (<=64)
[EFX-0657 WARNING] Mapping into logic memory block 'pipe_2_center' (36 bits) (C:\Users\Jing-XuanTan(i)\Downloads\evsoc-efinity-v2026.1.132\evsoc-efinity-v2026.1.132\cam_single\Ti60F225_dsi\source/isp/demosaic.sv:95) because size is too small (<=64)
[EFX-0657 WARNING] Mapping into logic memory block 'pipe_2_center_cross_x2' (36 bits) (C:\Users\Jing-XuanTan(i)\Downloads\evsoc-efinity-v2026.1.132\evsoc-efinity-v2026.1.132\cam_single\Ti60F225_dsi\source/isp/demosaic.sv:96) because size is too small (<=64)
[EFX-0657 WARNING] Mapping into logic memory block 'pipe_2_outer_cross_x2' (36 bits) (C:\Users\Jing-XuanTan(i)\Downloads\evsoc-efinity-v2026.1.132\evsoc-efinity-v2026.1.132\cam_single\Ti60F225_dsi\source/isp/demosaic.sv:97) because size is too small (<=64)
[EFX-0657 WARNING] Mapping into logic memory block 'pipe_2_outer_cross_x3' (36 bits) (C:\Users\Jing-XuanTan(i)\Downloads\evsoc-efinity-v2026.1.132\evsoc-efinity-v2026.1.132\cam_single\Ti60F225_dsi\source/isp/demosaic.sv:98) because size is too small (<=64)
[EFX-0657 WARNING] Mapping into logic memory block 'pipe_2_inner_c_outer_h_x2' (36 bits) (C:\Users\Jing-XuanTan(i)\Downloads\evsoc-efinity-v2026.1.132\evsoc-efinity-v2026.1.132\cam_single\Ti60F225_dsi\source/isp/demosaic.sv:99) because size is too small (<=64)
[EFX-0657 WARNING] Mapping into logic memory block 'pipe_2_inner_c_outer_v_x2' (36 bits) (C:\Users\Jing-XuanTan(i)\Downloads\evsoc-efinity-v2026.1.132\evsoc-efinity-v2026.1.132\cam_single\Ti60F225_dsi\source/isp/demosaic.sv:100) because size is too small (<=64)
[EFX-0657 WARNING] Mapping into logic memory block 'pipe_2_rb_at_g1_x2' (36 bits) (C:\Users\Jing-XuanTan(i)\Downloads\evsoc-efinity-v2026.1.132\evsoc-efinity-v2026.1.132\cam_single\Ti60F225_dsi\source/isp/demosaic.sv:101) because size is too small (<=64)
[EFX-0657 WARNING] Mapping into logic memory block 'pipe_2_rb_at_g2_x2' (36 bits) (C:\Users\Jing-XuanTan(i)\Downloads\evsoc-efinity-v2026.1.132\evsoc-efinity-v2026.1.132\cam_single\Ti60F225_dsi\source/isp/demosaic.sv:102) because size is too small (<=64)
[EFX-0657 WARNING] Mapping into logic memory block 'pipe_2_rb_at_rb_x2' (36 bits) (C:\Users\Jing-XuanTan(i)\Downloads\evsoc-efinity-v2026.1.132\evsoc-efinity-v2026.1.132\cam_single\Ti60F225_dsi\source/isp/demosaic.sv:103) because size is too small (<=64)
[EFX-0657 WARNING] Mapping into logic memory block 'logic_progbufX_mem' (64 bits) (C:\Users\Jing-XuanTan(i)\Downloads\evsoc-efinity-v2026.1.132\evsoc-efinity-v2026.1.132\cam_single\Ti60F225_dsi\ip\SapphireSoc\SapphireSoc.v:12000) because size is too small (<=64)
[EFX-0657 WARNING] Mapping into logic memory block 'logic_ram' (64 bits) (C:\Users\Jing-XuanTan(i)\Downloads\evsoc-efinity-v2026.1.132\evsoc-efinity-v2026.1.132\cam_single\Ti60F225_dsi\ip\SapphireSoc\SapphireSoc.v:20389) because size is too small (<=64)
[EFX-0657 WARNING] Mapping into logic memory block 'u_hw_accel_apb3/slaveReg' (96 bits) (C:\Users\Jing-XuanTan(i)\Downloads\evsoc-efinity-v2026.1.132\evsoc-efinity-v2026.1.132\cam_single\Ti60F225_dsi\source\hw_accel\hw_accel_apb3.v:37) because it has all constant reader/writer.
[EFX-0657 WARNING] Mapping into logic memory block 'u_apb3_cam_display/slaveReg' (224 bits) (C:\Users\Jing-XuanTan(i)\Downloads\evsoc-efinity-v2026.1.132\evsoc-efinity-v2026.1.132\cam_single\Ti60F225_dsi\source/common/common_apb3.v:48) because it has all constant reader/writer.
[EFX-0011 VERI-WARNING] Input/inout port i_mipi_txc_sclk is unconnected. Place and route may remove this unconnected port. (VDB-8003) (C:\Users\Jing-XuanTan(i)\Downloads\evsoc-efinity-v2026.1.132\evsoc-efinity-v2026.1.132\cam_single\Ti60F225_dsi\edge_vision_soc.v:26)
[EFX-0011 VERI-WARNING] Input/inout port i_mipi_txd_sclk is unconnected. Place and route may remove this unconnected port. (VDB-8003) (C:\Users\Jing-XuanTan(i)\Downloads\evsoc-efinity-v2026.1.132\evsoc-efinity-v2026.1.132\cam_single\Ti60F225_dsi\edge_vision_soc.v:27)
[EFX-0011 VERI-WARNING] Input/inout port i_mipi_tx_pll_locked is unconnected. Place and route may remove this unconnected port. (VDB-8003) (C:\Users\Jing-XuanTan(i)\Downloads\evsoc-efinity-v2026.1.132\evsoc-efinity-v2026.1.132\cam_single\Ti60F225_dsi\edge_vision_soc.v:29)
[EFX-0011 VERI-WARNING] Input/inout port i_hbramClk90 is unconnected. Place and route may remove this unconnected port. (VDB-8003) (C:\Users\Jing-XuanTan(i)\Downloads\evsoc-efinity-v2026.1.132\evsoc-efinity-v2026.1.132\cam_single\Ti60F225_dsi\edge_vision_soc.v:33)
[EFX-0011 VERI-WARNING] Input/inout port i_cam_d0_HS_IN_1[7] is unconnected. Place and route may remove this unconnected port. (VDB-8003) (C:\Users\Jing-XuanTan(i)\Downloads\evsoc-efinity-v2026.1.132\evsoc-efinity-v2026.1.132\cam_single\Ti60F225_dsi\edge_vision_soc.v:74)
[EFX-0011 VERI-WARNING] Input/inout port i_cam_d0_HS_IN_2[7] is unconnected. Place and route may remove this unconnected port. (VDB-8003) (C:\Users\Jing-XuanTan(i)\Downloads\evsoc-efinity-v2026.1.132\evsoc-efinity-v2026.1.132\cam_single\Ti60F225_dsi\edge_vision_soc.v:75)
[EFX-0011 VERI-WARNING] Input/inout port i_cam_d0_HS_IN_3[7] is unconnected. Place and route may remove this unconnected port. (VDB-8003) (C:\Users\Jing-XuanTan(i)\Downloads\evsoc-efinity-v2026.1.132\evsoc-efinity-v2026.1.132\cam_single\Ti60F225_dsi\edge_vision_soc.v:76)
[EFX-0011 VERI-WARNING] Input/inout port i_cam_d1_HS_IN_1[7] is unconnected. Place and route may remove this unconnected port. (VDB-8003) (C:\Users\Jing-XuanTan(i)\Downloads\evsoc-efinity-v2026.1.132\evsoc-efinity-v2026.1.132\cam_single\Ti60F225_dsi\edge_vision_soc.v:89)
[EFX-0011 VERI-WARNING] Input/inout port i_cam_d1_HS_IN_2[7] is unconnected. Place and route may remove this unconnected port. (VDB-8003) (C:\Users\Jing-XuanTan(i)\Downloads\evsoc-efinity-v2026.1.132\evsoc-efinity-v2026.1.132\cam_single\Ti60F225_dsi\edge_vision_soc.v:90)
[EFX-0011 VERI-WARNING] Input/inout port i_cam_d1_HS_IN_3[7] is unconnected. Place and route may remove this unconnected port. (VDB-8003) (C:\Users\Jing-XuanTan(i)\Downloads\evsoc-efinity-v2026.1.132\evsoc-efinity-v2026.1.132\cam_single\Ti60F225_dsi\edge_vision_soc.v:91)
[EFX-0011 VERI-WARNING] Input/inout port sw6 is unconnected. Place and route may remove this unconnected port. (VDB-8003) (C:\Users\Jing-XuanTan(i)\Downloads\evsoc-efinity-v2026.1.132\evsoc-efinity-v2026.1.132\cam_single\Ti60F225_dsi\edge_vision_soc.v:181)
[EFX-0011 VERI-WARNING] Input/inout port sw7 is unconnected. Place and route may remove this unconnected port. (VDB-8003) (C:\Users\Jing-XuanTan(i)\Downloads\evsoc-efinity-v2026.1.132\evsoc-efinity-v2026.1.132\cam_single\Ti60F225_dsi\edge_vision_soc.v:182)
[EFX-0011 VERI-WARNING] Net soc_io_w_payload_id[0] is dangling. (VDB-8009) 
[EFX-0011 VERI-WARNING] Net soc_io_arw_payload_region[0] is dangling. (VDB-8009) 
[EFX-0011 VERI-WARNING] Net soc_io_arw_payload_cache[0] is dangling. (VDB-8009) 
[EFX-0011 VERI-WARNING] Net u_risc_v/u_EfxSapphireSoc/io_ddrA_r_rData_id[0] is dangling. (VDB-8009) 
[EFX-0011 VERI-WARNING] Net soc_io_arw_payload_prot[0] is dangling. (VDB-8009) 
[EFX-0011 VERI-WARNING] Net soc_io_arw_payload_lock is dangling. (VDB-8009) 
[EFX-0011 VERI-WARNING] Net soc_io_arw_payload_qos[0] is dangling. (VDB-8009) 
[EFX-0011 VERI-WARNING] Net u_risc_v/u_EfxSapphireSoc/system_cores_0_logic_cpu/IBusCachedPlugin_cache/lineLoader_address[0] is dangling. (VDB-8009) 
[EFX-0011 VERI-WARNING] Net u_risc_v/u_EfxSapphireSoc/system_cores_0_logic_cpu/IBusCachedPlugin_cache/lineLoader_address[1] is dangling. (VDB-8009) 
[EFX-0011 VERI-WARNING] Net u_risc_v/u_EfxSapphireSoc/system_cores_0_logic_cpu/IBusCachedPlugin_cache/lineLoader_address[2] is dangling. (VDB-8009) 
[EFX-0011 VERI-WARNING] Net u_risc_v/u_EfxSapphireSoc/system_cores_0_logic_cpu/IBusCachedPlugin_cache/lineLoader_address[3] is dangling. (VDB-8009) 
[EFX-0011 VERI-WARNING] Net u_risc_v/u_EfxSapphireSoc/system_cores_0_logic_cpu/IBusCachedPlugin_cache/lineLoader_address[4] is dangling. (VDB-8009) 
[EFX-0011 VERI-WARNING] Net u_risc_v/u_EfxSapphireSoc/system_cores_0_logic_cpu/IBusCachedPlugin_cache/lineLoader_address[5] is dangling. (VDB-8009) 
[EFX-0011 VERI-WARNING] Net soc_io_arw_payload_addr[31] is dangling. (VDB-8009) 
[EFX-0011 VERI-WARNING] Net soc_io_w_payload_id[1] is dangling. (VDB-8009) 
[EFX-0011 VERI-WARNING] Net soc_io_w_payload_id[2] is dangling. (VDB-8009) 
[EFX-0011 VERI-WARNING] Net soc_io_w_payload_id[3] is dangling. (VDB-8009) 
[EFX-0011 VERI-WARNING] Net soc_io_w_payload_id[4] is dangling. (VDB-8009) 
[EFX-0011 VERI-WARNING] Net soc_io_w_payload_id[5] is dangling. (VDB-8009) 
[EFX-0011 VERI-WARNING] Net soc_io_w_payload_id[6] is dangling. (VDB-8009) 
[EFX-0011 VERI-WARNING] Net soc_io_w_payload_id[7] is dangling. (VDB-8009) 
[EFX-0011 VERI-WARNING] Net u_risc_v/u_EfxSapphireSoc/io_ddrA_r_rData_id[1] is dangling. (VDB-8009) 
[EFX-0011 VERI-WARNING] Net u_risc_v/u_EfxSapphireSoc/io_ddrA_r_rData_id[2] is dangling. (VDB-8009) 
[EFX-0011 VERI-WARNING] Net u_risc_v/u_EfxSapphireSoc/io_ddrA_r_rData_id[3] is dangling. (VDB-8009) 
[EFX-0011 VERI-WARNING] Net u_risc_v/u_EfxSapphireSoc/io_ddrA_r_rData_id[4] is dangling. (VDB-8009) 
[EFX-0011 VERI-WARNING] Net u_risc_v/u_EfxSapphireSoc/io_ddrA_r_rData_id[5] is dangling. (VDB-8009) 
[EFX-0011 VERI-WARNING] Net u_risc_v/u_EfxSapphireSoc/io_ddrA_r_rData_id[6] is dangling. (VDB-8009) 
[EFX-0011 VERI-WARNING] Net u_risc_v/u_EfxSapphireSoc/io_ddrA_r_rData_id[7] is dangling. (VDB-8009) 
[EFX-0011 VERI-WARNING] Net soc_io_arw_payload_region[1] is dangling. (VDB-8009) 
[EFX-0011 VERI-WARNING] Net soc_io_arw_payload_region[2] is dangling. (VDB-8009) 
[EFX-0011 VERI-WARNING] Net soc_io_arw_payload_region[3] is dangling. (VDB-8009) 
[EFX-0011 VERI-WARNING] Net soc_io_arw_payload_cache[1] is dangling. (VDB-8009) 
[EFX-0011 VERI-WARNING] Net soc_io_arw_payload_cache[2] is dangling. (VDB-8009) 
[EFX-0011 VERI-WARNING] Net soc_io_arw_payload_cache[3] is dangling. (VDB-8009) 
[EFX-0011 VERI-WARNING] Net soc_io_arw_payload_qos[1] is dangling. (VDB-8009) 
[EFX-0011 VERI-WARNING] Net soc_io_arw_payload_qos[2] is dangling. (VDB-8009) 
[EFX-0011 VERI-WARNING] Net soc_io_arw_payload_qos[3] is dangling. (VDB-8009) 
[EFX-0011 VERI-WARNING] Net soc_io_arw_payload_prot[1] is dangling. (VDB-8009) 
[EFX-0011 VERI-WARNING] Net soc_io_arw_payload_prot[2] is dangling. (VDB-8009) 
[EFX-0011 VERI-WARNING] Net dma_arregion[0] is dangling. (VDB-8009) 
[EFX-0011 VERI-WARNING] Net dma_awregion[0] is dangling. (VDB-8009) 
[EFX-0011 VERI-WARNING] Net dma_arregion[1] is dangling. (VDB-8009) 
[EFX-0011 VERI-WARNING] Net dma_arregion[2] is dangling. (VDB-8009) 
[EFX-0011 VERI-WARNING] Net dma_arregion[3] is dangling. (VDB-8009) 
[EFX-0011 VERI-WARNING] Net dma_awregion[1] is dangling. (VDB-8009) 
[EFX-0011 VERI-WARNING] Net dma_awregion[2] is dangling. (VDB-8009) 
[EFX-0011 VERI-WARNING] Net dma_awregion[3] is dangling. (VDB-8009) 
[EFX-0011 VERI-WARNING] Net u_hbram/u_hbram_top/hbc_dq_OE_2[0] is dangling. (VDB-8009) 
[EFX-0011 VERI-WARNING] Net u_hbram/u_hbram_top/hbc_dq_OE_2[1] is dangling. (VDB-8009) 
[EFX-0011 VERI-WARNING] Net u_hbram/u_hbram_top/hbc_dq_OE_2[2] is dangling. (VDB-8009) 
[EFX-0011 VERI-WARNING] Net u_hbram/u_hbram_top/hbc_dq_OE_2[3] is dangling. (VDB-8009) 
[EFX-0011 VERI-WARNING] Net u_hbram/u_hbram_top/hbc_dq_OE_2[4] is dangling. (VDB-8009) 
[EFX-0011 VERI-WARNING] Net u_hbram/u_hbram_top/hbc_dq_OE_2[5] is dangling. (VDB-8009) 
[EFX-0011 VERI-WARNING] Net u_hbram/u_hbram_top/hbc_dq_OE_2[6] is dangling. (VDB-8009) 
[EFX-0011 VERI-WARNING] Net u_hbram/u_hbram_top/hbc_dq_OE_2[7] is dangling. (VDB-8009) 
[EFX-0011 VERI-WARNING] Net u_hbram/u_hbram_top/hbc_dq_OE_2[8] is dangling. (VDB-8009) 
[EFX-0011 VERI-WARNING] Net u_hbram/u_hbram_top/hbc_dq_OE_2[9] is dangling. (VDB-8009) 
[EFX-0011 VERI-WARNING] Net u_hbram/u_hbram_top/hbc_dq_OE_2[10] is dangling. (VDB-8009) 
[EFX-0011 VERI-WARNING] Net u_hbram/u_hbram_top/hbc_dq_OE_2[11] is dangling. (VDB-8009) 
[EFX-0011 VERI-WARNING] Net u_hbram/u_hbram_top/hbc_dq_OE_2[12] is dangling. (VDB-8009) 
[EFX-0011 VERI-WARNING] Net u_hbram/u_hbram_top/hbc_dq_OE_2[13] is dangling. (VDB-8009) 
[EFX-0011 VERI-WARNING] Net u_hbram/u_hbram_top/hbc_dq_OE_2[14] is dangling. (VDB-8009) 
[EFX-0011 VERI-WARNING] Net u_hbram/u_hbram_top/hbc_dq_OE_2[15] is dangling. (VDB-8009) 
[EFX-0011 VERI-WARNING] Net u_risc_v/u_EfxSapphireSoc/system_ddr_ddrLogic_cc_fifo/io_input_cmd_queue/popCC_popPtrPlus[0] is dangling. (VDB-8009) 
[EFX-0011 VERI-WARNING] Net u_risc_v/u_EfxSapphireSoc/system_ddr_ddrLogic_cc_fifo/io_output_rsp_queue/popCC_popPtrPlus[0] is dangling. (VDB-8009) 
[EFX-0011 VERI-WARNING] Net u_dma/u_EfxDMA/outputsAdapter_2_crossclock_fifo/popCC_popPtrPlus[0] is dangling. (VDB-8009) 
[EFX-0011 VERI-WARNING] Net u_dma/u_EfxDMA/inputsAdapter_1_crossclock_fifo/popCC_popPtrPlus[0] is dangling. (VDB-8009) 
[EFX-0011 VERI-WARNING] Net u_dma/u_EfxDMA/outputsAdapter_1_crossclock_fifo/popCC_popPtrPlus[0] is dangling. (VDB-8009) 
[EFX-0011 VERI-WARNING] Net u_dma/u_EfxDMA/inputsAdapter_0_crossclock_fifo/popCC_popPtrPlus[0] is dangling. (VDB-8009) 
[EFX-0011 VERI-WARNING] Found 123 warnings in the post-synthesis netlist. 

///////////////////////////////////
// Efinity Synthesis Started 
// Aug 27, 2026 13:21:43
///////////////////////////////////

[EFX-0011 VERI-WARNING] parameter 'CL_S_COUNT' becomes localparam in 'axi_interconnect' with formal parameter declaration list (VERI-1199) (C:\Users\Jing-XuanTan(i)\Downloads\evsoc-efinity-v2026.1.132\evsoc-efinity-v2026.1.132\cam_single\Ti60F225_dsi\source/axi/axi_interconnect.v:180)
[EFX-0011 VERI-WARNING] parameter 'CL_M_COUNT' becomes localparam in 'axi_interconnect' with formal parameter declaration list (VERI-1199) (C:\Users\Jing-XuanTan(i)\Downloads\evsoc-efinity-v2026.1.132\evsoc-efinity-v2026.1.132\cam_single\Ti60F225_dsi\source/axi/axi_interconnect.v:181)
[EFX-0011 VERI-WARNING] parameter 'AUSER_WIDTH' becomes localparam in 'axi_interconnect' with formal parameter declaration list (VERI-1199) (C:\Users\Jing-XuanTan(i)\Downloads\evsoc-efinity-v2026.1.132\evsoc-efinity-v2026.1.132\cam_single\Ti60F225_dsi\source/axi/axi_interconnect.v:183)
[EFX-0011 VERI-WARNING] parameter 'M_BASE_ADDR_INT' becomes localparam in 'axi_interconnect' with formal parameter declaration list (VERI-1199) (C:\Users\Jing-XuanTan(i)\Downloads\evsoc-efinity-v2026.1.132\evsoc-efinity-v2026.1.132\cam_single\Ti60F225_dsi\source/axi/axi_interconnect.v:202)
[EFX-0011 VERI-WARNING] parameter 'W1' becomes localparam in 'priority_encoder' with formal parameter declaration list (VERI-1199) (C:\Users\Jing-XuanTan(i)\Downloads\evsoc-efinity-v2026.1.132\evsoc-efinity-v2026.1.132\cam_single\Ti60F225_dsi\source/axi/priority_encoder.v:39)
[EFX-0011 VERI-WARNING] parameter 'W2' becomes localparam in 'priority_encoder' with formal parameter declaration list (VERI-1199) (C:\Users\Jing-XuanTan(i)\Downloads\evsoc-efinity-v2026.1.132\evsoc-efinity-v2026.1.132\cam_single\Ti60F225_dsi\source/axi/priority_encoder.v:40)
[EFX-0011 VERI-WARNING] parameter 'X_OUT_RATIO' becomes localparam in 'cam_scaling' with formal parameter declaration list (VERI-1199) (C:\Users\Jing-XuanTan(i)\Downloads\evsoc-efinity-v2026.1.132\evsoc-efinity-v2026.1.132\cam_single\Ti60F225_dsi\source/cam/cam_scaling.v:31)
[EFX-0011 VERI-WARNING] parameter 'X_IN_RATIO' becomes localparam in 'cam_scaling' with formal parameter declaration list (VERI-1199) (C:\Users\Jing-XuanTan(i)\Downloads\evsoc-efinity-v2026.1.132\evsoc-efinity-v2026.1.132\cam_single\Ti60F225_dsi\source/cam/cam_scaling.v:32)
[EFX-0011 VERI-WARNING] parameter 'Y_OUT_RATIO' becomes localparam in 'cam_scaling' with formal parameter declaration list (VERI-1199) (C:\Users\Jing-XuanTan(i)\Downloads\evsoc-efinity-v2026.1.132\evsoc-efinity-v2026.1.132\cam_single\Ti60F225_dsi\source/cam/cam_scaling.v:33)
[EFX-0011 VERI-WARNING] parameter 'Y_IN_RATIO' becomes localparam in 'cam_scaling' with formal parameter declaration list (VERI-1199) (C:\Users\Jing-XuanTan(i)\Downloads\evsoc-efinity-v2026.1.132\evsoc-efinity-v2026.1.132\cam_single\Ti60F225_dsi\source/cam/cam_scaling.v:34)
[EFX-0011 VERI-WARNING] illegal integral type argument in math function 'floor()'; expected real type (VERI-2792) (C:\Users\Jing-XuanTan(i)\Downloads\evsoc-efinity-v2026.1.132\evsoc-efinity-v2026.1.132\cam_single\Ti60F225_dsi\source/isp/axi_lite_register.sv:10)
[EFX-0011 VERI-WARNING] illegal integral type argument in math function 'floor()'; expected real type (VERI-2792) (C:\Users\Jing-XuanTan(i)\Downloads\evsoc-efinity-v2026.1.132\evsoc-efinity-v2026.1.132\cam_single\Ti60F225_dsi\source/isp/bitlog.sv:12)
[EFX-0011 VERI-WARNING] illegal integral type argument in math function 'floor()'; expected real type (VERI-2792) (C:\Users\Jing-XuanTan(i)\Downloads\evsoc-efinity-v2026.1.132\evsoc-efinity-v2026.1.132\cam_single\Ti60F225_dsi\source/isp/bitsqrt.sv:12)
[EFX-0011 VERI-WARNING] illegal integral type argument in math function 'floor()'; expected real type (VERI-2792) (C:\Users\Jing-XuanTan(i)\Downloads\evsoc-efinity-v2026.1.132\evsoc-efinity-v2026.1.132\cam_single\Ti60F225_dsi\source/isp/blc.sv:12)
[EFX-0011 VERI-WARNING] parameter 'INT_DATA_WIDTH' becomes localparam in 'blc' with formal parameter declaration list (VERI-1199) (C:\Users\Jing-XuanTan(i)\Downloads\evsoc-efinity-v2026.1.132\evsoc-efinity-v2026.1.132\cam_single\Ti60F225_dsi\source/isp/blc.sv:34)
[EFX-0011 VERI-WARNING] illegal integral type argument in math function 'floor()'; expected real type (VERI-2792) (C:\Users\Jing-XuanTan(i)\Downloads\evsoc-efinity-v2026.1.132\evsoc-efinity-v2026.1.132\cam_single\Ti60F225_dsi\source/isp/ccm.sv:12)
[EFX-0011 VERI-WARNING] illegal integral type argument in math function 'floor()'; expected real type (VERI-2792) (C:\Users\Jing-XuanTan(i)\Downloads\evsoc-efinity-v2026.1.132\evsoc-efinity-v2026.1.132\cam_single\Ti60F225_dsi\source/isp/ccm.sv:13)
[EFX-0011 VERI-WARNING] illegal integral type argument in math function 'floor()'; expected real type (VERI-2792) (C:\Users\Jing-XuanTan(i)\Downloads\evsoc-efinity-v2026.1.132\evsoc-efinity-v2026.1.132\cam_single\Ti60F225_dsi\source/isp/colorgain.sv:14)
[EFX-0011 VERI-WARNING] illegal integral type argument in math function 'floor()'; expected real type (VERI-2792) (C:\Users\Jing-XuanTan(i)\Downloads\evsoc-efinity-v2026.1.132\evsoc-efinity-v2026.1.132\cam_single\Ti60F225_dsi\source/isp/decompanding.sv:13)
[EFX-0011 VERI-WARNING] illegal integral type argument in math function 'floor()'; expected real type (VERI-2792) (C:\Users\Jing-XuanTan(i)\Downloads\evsoc-efinity-v2026.1.132\evsoc-efinity-v2026.1.132\cam_single\Ti60F225_dsi\source/isp/decompanding.sv:14)
[EFX-0011 VERI-WARNING] illegal integral type argument in math function 'floor()'; expected real type (VERI-2792) (C:\Users\Jing-XuanTan(i)\Downloads\evsoc-efinity-v2026.1.132\evsoc-efinity-v2026.1.132\cam_single\Ti60F225_dsi\source/isp/demosaic.sv:16)
[EFX-0011 VERI-WARNING] illegal integral type argument in math function 'floor()'; expected real type (VERI-2792) (C:\Users\Jing-XuanTan(i)\Downloads\evsoc-efinity-v2026.1.132\evsoc-efinity-v2026.1.132\cam_single\Ti60F225_dsi\source/isp/demosaic.sv:17)
[EFX-0011 VERI-WARNING] illegal integral type argument in math function 'floor()'; expected real type (VERI-2792) (C:\Users\Jing-XuanTan(i)\Downloads\evsoc-efinity-v2026.1.132\evsoc-efinity-v2026.1.132\cam_single\Ti60F225_dsi\source/isp/demosaic.sv:57)
[EFX-0011 VERI-WARNING] illegal integral type argument in math function 'floor()'; expected real type (VERI-2792) (C:\Users\Jing-XuanTan(i)\Downloads\evsoc-efinity-v2026.1.132\evsoc-efinity-v2026.1.132\cam_single\Ti60F225_dsi\source/isp/gamma.sv:14)
[EFX-0011 VERI-WARNING] illegal integral type argument in math function 'floor()'; expected real type (VERI-2792) (C:\Users\Jing-XuanTan(i)\Downloads\evsoc-efinity-v2026.1.132\evsoc-efinity-v2026.1.132\cam_single\Ti60F225_dsi\source/isp/gamma.sv:15)
[EFX-0011 VERI-WARNING] illegal integral type argument in math function 'floor()'; expected real type (VERI-2792) (C:\Users\Jing-XuanTan(i)\Downloads\evsoc-efinity-v2026.1.132\evsoc-efinity-v2026.1.132\cam_single\Ti60F225_dsi\source/isp/gamma.sv:36)
[EFX-0011 VERI-WARNING] illegal integral type argument in math function 'floor()'; expected real type (VERI-2792) (C:\Users\Jing-XuanTan(i)\Downloads\evsoc-efinity-v2026.1.132\evsoc-efinity-v2026.1.132\cam_single\Ti60F225_dsi\source/isp/gamma.sv:37)
[EFX-0011 VERI-WARNING] illegal integral type argument in math function 'floor()'; expected real type (VERI-2792) (C:\Users\Jing-XuanTan(i)\Downloads\evsoc-efinity-v2026.1.132\evsoc-efinity-v2026.1.132\cam_single\Ti60F225_dsi\source/isp/histogram_minmax.sv:14)
[EFX-0011 VERI-WARNING] illegal integral type argument in math function 'floor()'; expected real type (VERI-2792) (C:\Users\Jing-XuanTan(i)\Downloads\evsoc-efinity-v2026.1.132\evsoc-efinity-v2026.1.132\cam_single\Ti60F225_dsi\source/isp/histogram_minmax2.sv:14)
[EFX-0011 VERI-WARNING] illegal integral type argument in math function 'floor()'; expected real type (VERI-2792) (C:\Users\Jing-XuanTan(i)\Downloads\evsoc-efinity-v2026.1.132\evsoc-efinity-v2026.1.132\cam_single\Ti60F225_dsi\source/isp/histogram_minmax3.sv:13)
[EFX-0011 VERI-WARNING] illegal integral type argument in math function 'floor()'; expected real type (VERI-2792) (C:\Users\Jing-XuanTan(i)\Downloads\evsoc-efinity-v2026.1.132\evsoc-efinity-v2026.1.132\cam_single\Ti60F225_dsi\source/isp/histogram_scale.sv:13)
[EFX-0011 VERI-WARNING] illegal integral type argument in math function 'floor()'; expected real type (VERI-2792) (C:\Users\Jing-XuanTan(i)\Downloads\evsoc-efinity-v2026.1.132\evsoc-efinity-v2026.1.132\cam_single\Ti60F225_dsi\source/isp/histogram_scale.sv:14)
[EFX-0011 VERI-WARNING] illegal integral type argument in math function 'floor()'; expected real type (VERI-2792) (C:\Users\Jing-XuanTan(i)\Downloads\evsoc-efinity-v2026.1.132\evsoc-efinity-v2026.1.132\cam_single\Ti60F225_dsi\source/isp/histogram_stretch.sv:13)
[EFX-0011 VERI-WARNING] illegal integral type argument in math function 'floor()'; expected real type (VERI-2792) (C:\Users\Jing-XuanTan(i)\Downloads\evsoc-efinity-v2026.1.132\evsoc-efinity-v2026.1.132\cam_single\Ti60F225_dsi\source/isp/histogram_stretch.sv:14)
[EFX-0011 VERI-WARNING] illegal integral type argument in math function 'floor()'; expected real type (VERI-2792) (C:\Users\Jing-XuanTan(i)\Downloads\evsoc-efinity-v2026.1.132\evsoc-efinity-v2026.1.132\cam_single\Ti60F225_dsi\source/isp/isp.sv:20)
[EFX-0011 VERI-WARNING] illegal integral type argument in math function 'floor()'; expected real type (VERI-2792) (C:\Users\Jing-XuanTan(i)\Downloads\evsoc-efinity-v2026.1.132\evsoc-efinity-v2026.1.132\cam_single\Ti60F225_dsi\source/isp/isp.sv:23)
[EFX-0011 VERI-WARNING] illegal integral type argument in math function 'floor()'; expected real type (VERI-2792) (C:\Users\Jing-XuanTan(i)\Downloads\evsoc-efinity-v2026.1.132\evsoc-efinity-v2026.1.132\cam_single\Ti60F225_dsi\source/isp/isp.sv:24)
[EFX-0011 VERI-WARNING] illegal integral type argument in math function 'floor()'; expected real type (VERI-2792) (C:\Users\Jing-XuanTan(i)\Downloads\evsoc-efinity-v2026.1.132\evsoc-efinity-v2026.1.132\cam_single\Ti60F225_dsi\source/isp/isp.sv:135)
[EFX-0011 VERI-WARNING] illegal integral type argument in math function 'floor()'; expected real type (VERI-2792) (C:\Users\Jing-XuanTan(i)\Downloads\evsoc-efinity-v2026.1.132\evsoc-efinity-v2026.1.132\cam_single\Ti60F225_dsi\source/isp/isp.sv:167)
[EFX-0011 VERI-WARNING] illegal integral type argument in math function 'floor()'; expected real type (VERI-2792) (C:\Users\Jing-XuanTan(i)\Downloads\evsoc-efinity-v2026.1.132\evsoc-efinity-v2026.1.132\cam_single\Ti60F225_dsi\source/isp/isp.sv:230)
[EFX-0011 VERI-WARNING] illegal integral type argument in math function 'floor()'; expected real type (VERI-2792) (C:\Users\Jing-XuanTan(i)\Downloads\evsoc-efinity-v2026.1.132\evsoc-efinity-v2026.1.132\cam_single\Ti60F225_dsi\source/isp/isp.sv:262)
[EFX-0011 VERI-WARNING] illegal integral type argument in math function 'floor()'; expected real type (VERI-2792) (C:\Users\Jing-XuanTan(i)\Downloads\evsoc-efinity-v2026.1.132\evsoc-efinity-v2026.1.132\cam_single\Ti60F225_dsi\source/isp/isp.sv:263)
[EFX-0011 VERI-WARNING] illegal integral type argument in math function 'floor()'; expected real type (VERI-2792) (C:\Users\Jing-XuanTan(i)\Downloads\evsoc-efinity-v2026.1.132\evsoc-efinity-v2026.1.132\cam_single\Ti60F225_dsi\source/isp/isp.sv:332)
[EFX-0011 VERI-WARNING] illegal integral type argument in math function 'floor()'; expected real type (VERI-2792) (C:\Users\Jing-XuanTan(i)\Downloads\evsoc-efinity-v2026.1.132\evsoc-efinity-v2026.1.132\cam_single\Ti60F225_dsi\source/isp/isp.sv:333)
[EFX-0011 VERI-WARNING] illegal integral type argument in math function 'floor()'; expected real type (VERI-2792) (C:\Users\Jing-XuanTan(i)\Downloads\evsoc-efinity-v2026.1.132\evsoc-efinity-v2026.1.132\cam_single\Ti60F225_dsi\source/isp/linebuffer.sv:16)
[EFX-0011 VERI-WARNING] illegal integral type argument in math function 'floor()'; expected real type (VERI-2792) (C:\Users\Jing-XuanTan(i)\Downloads\evsoc-efinity-v2026.1.132\evsoc-efinity-v2026.1.132\cam_single\Ti60F225_dsi\source/isp/lut.sv:13)
[EFX-0011 VERI-WARNING] illegal integral type argument in math function 'floor()'; expected real type (VERI-2792) (C:\Users\Jing-XuanTan(i)\Downloads\evsoc-efinity-v2026.1.132\evsoc-efinity-v2026.1.132\cam_single\Ti60F225_dsi\source/isp/lut.sv:14)
[EFX-0011 VERI-WARNING] illegal integral type argument in math function 'floor()'; expected real type (VERI-2792) (C:\Users\Jing-XuanTan(i)\Downloads\evsoc-efinity-v2026.1.132\evsoc-efinity-v2026.1.132\cam_single\Ti60F225_dsi\source/isp/minmaxmean.sv:14)
[EFX-0011 VERI-WARNING] illegal integral type argument in math function 'floor()'; expected real type (VERI-2792) (C:\Users\Jing-XuanTan(i)\Downloads\evsoc-efinity-v2026.1.132\evsoc-efinity-v2026.1.132\cam_single\Ti60F225_dsi\source/isp/pwl.sv:13)
[EFX-0011 VERI-WARNING] illegal integral type argument in math function 'floor()'; expected real type (VERI-2792) (C:\Users\Jing-XuanTan(i)\Downloads\evsoc-efinity-v2026.1.132\evsoc-efinity-v2026.1.132\cam_single\Ti60F225_dsi\source/isp/rgb_to_xyz.sv:12)
[EFX-0011 VERI-WARNING] illegal integral type argument in math function 'floor()'; expected real type (VERI-2792) (C:\Users\Jing-XuanTan(i)\Downloads\evsoc-efinity-v2026.1.132\evsoc-efinity-v2026.1.132\cam_single\Ti60F225_dsi\source/isp/xyz_to_rgb.sv:12)
[EFX-0011 VERI-WARNING] parameter '**' becomes localparam in '**' with formal parameter declaration list (VERI-1199) (C:\Users\Jing-XuanTan(i)\Downloads\evsoc-efinity-v2026.1.132\evsoc-efinity-v2026.1.132\cam_single\Ti60F225_dsi\ip\hbram\hbram.sv:4976)
[EFX-0011 VERI-WARNING] parameter '**' becomes localparam in '**' with formal parameter declaration list (VERI-1199) (C:\Users\Jing-XuanTan(i)\Downloads\evsoc-efinity-v2026.1.132\evsoc-efinity-v2026.1.132\cam_single\Ti60F225_dsi\ip\hbram\hbram.sv:5309)
[EFX-0011 VERI-WARNING] port 'system_spi_0_io_data_2_read' is not connected on this instance (VERI-2435) (C:\Users\Jing-XuanTan(i)\Downloads\evsoc-efinity-v2026.1.132\evsoc-efinity-v2026.1.132\cam_single\Ti60F225_dsi\edge_vision_soc.v:1269)
[EFX-0011 VERI-WARNING] port 'system_spi_0_io_data_2_write' remains unconnected for this instance (VERI-1927) (C:\Users\Jing-XuanTan(i)\Downloads\evsoc-efinity-v2026.1.132\evsoc-efinity-v2026.1.132\cam_single\Ti60F225_dsi\edge_vision_soc.v:1269)
[EFX-0011 VERI-WARNING] port 'dat1_o_tvalid' remains unconnected for this instance (VERI-1927) (C:\Users\Jing-XuanTan(i)\Downloads\evsoc-efinity-v2026.1.132\evsoc-efinity-v2026.1.132\cam_single\Ti60F225_dsi\edge_vision_soc.v:1416)
[EFX-0011 VERI-WARNING] port 'dat1_o_tready' is not connected on this instance (VERI-2435) (C:\Users\Jing-XuanTan(i)\Downloads\evsoc-efinity-v2026.1.132\evsoc-efinity-v2026.1.132\cam_single\Ti60F225_dsi\edge_vision_soc.v:1416)
[EFX-0011 VERI-WARNING] port 's_axi_awuser' remains unconnected for this instance (VERI-1927) (C:\Users\Jing-XuanTan(i)\Downloads\evsoc-efinity-v2026.1.132\evsoc-efinity-v2026.1.132\cam_single\Ti60F225_dsi\edge_vision_soc.v:1546)
[EFX-0011 VERI-WARNING] expression size 32 truncated to fit in target size 8 (VERI-1209) (C:\Users\Jing-XuanTan(i)\Downloads\evsoc-efinity-v2026.1.132\evsoc-efinity-v2026.1.132\cam_single\Ti60F225_dsi\edge_vision_soc.v:691)
[EFX-0011 VERI-WARNING] expression size 32 truncated to fit in target size 8 (VERI-1209) (C:\Users\Jing-XuanTan(i)\Downloads\evsoc-efinity-v2026.1.132\evsoc-efinity-v2026.1.132\cam_single\Ti60F225_dsi\edge_vision_soc.v:692)
[EFX-0011 VERI-WARNING] expression size ** truncated to fit in target size ** (VERI-1209) (C:\Users\Jing-XuanTan(i)\Downloads\evsoc-efinity-v2026.1.132\evsoc-efinity-v2026.1.132\cam_single\Ti60F225_dsi\ip\csi2_rx_cam\csi2_rx_cam.sv:7306)
[EFX-0011 VERI-WARNING] expression size ** truncated to fit in target size ** (VERI-1209) (C:\Users\Jing-XuanTan(i)\Downloads\evsoc-efinity-v2026.1.132\evsoc-efinity-v2026.1.132\cam_single\Ti60F225_dsi\ip\csi2_rx_cam\csi2_rx_cam.sv:4119)
[EFX-0011 VERI-WARNING] assignment and/or driver for '**' inside static function '**' is not preserved (VERI-2457) (C:\Users\Jing-XuanTan(i)\Downloads\evsoc-efinity-v2026.1.132\evsoc-efinity-v2026.1.132\cam_single\Ti60F225_dsi\ip\csi2_rx_cam\csi2_rx_cam.sv:1466)
[EFX-0011 VERI-WARNING] port '**' remains unconnected for this instance (VERI-1927) (C:\Users\Jing-XuanTan(i)\Downloads\evsoc-efinity-v2026.1.132\evsoc-efinity-v2026.1.132\cam_single\Ti60F225_dsi\ip\csi2_rx_cam\csi2_rx_cam.sv:1264)
[EFX-0011 VERI-WARNING] expression size ** truncated to fit in target size ** (VERI-1209) (C:\Users\Jing-XuanTan(i)\Downloads\evsoc-efinity-v2026.1.132\evsoc-efinity-v2026.1.132\cam_single\Ti60F225_dsi\ip\csi2_rx_cam\csi2_rx_cam.sv:1264)
[EFX-0011 VERI-WARNING] expression size ** truncated to fit in target size ** (VERI-1209) (C:\Users\Jing-XuanTan(i)\Downloads\evsoc-efinity-v2026.1.132\evsoc-efinity-v2026.1.132\cam_single\Ti60F225_dsi\ip\csi2_rx_cam\csi2_rx_cam.sv:2711)
[EFX-0011 VERI-WARNING] expression size ** truncated to fit in target size ** (VERI-1209) (C:\Users\Jing-XuanTan(i)\Downloads\evsoc-efinity-v2026.1.132\evsoc-efinity-v2026.1.132\cam_single\Ti60F225_dsi\ip\csi2_rx_cam\csi2_rx_cam.sv:2869)
[EFX-0011 VERI-WARNING] expression size ** truncated to fit in target size ** (VERI-1209) (C:\Users\Jing-XuanTan(i)\Downloads\evsoc-efinity-v2026.1.132\evsoc-efinity-v2026.1.132\cam_single\Ti60F225_dsi\ip\csi2_rx_cam\csi2_rx_cam.sv:1264)
[EFX-0011 VERI-WARNING] port 'rst_busy' remains unconnected for this instance (VERI-1927) (C:\Users\Jing-XuanTan(i)\Downloads\evsoc-efinity-v2026.1.132\evsoc-efinity-v2026.1.132\cam_single\Ti60F225_dsi\source\isp\cam_picam_v2.v:238)
[EFX-0011 VERI-WARNING] port 'rst_busy' remains unconnected for this instance (VERI-1927) (C:\Users\Jing-XuanTan(i)\Downloads\evsoc-efinity-v2026.1.132\evsoc-efinity-v2026.1.132\cam_single\Ti60F225_dsi\source\isp\cam_picam_v2.v:526)
[EFX-0011 VERI-WARNING] port 'a_wr_rst_i' remains unconnected for this instance (VERI-1927) (C:\Users\Jing-XuanTan(i)\Downloads\evsoc-efinity-v2026.1.132\evsoc-efinity-v2026.1.132\cam_single\Ti60F225_dsi\ip\cam_pixel_remap_fifo\cam_pixel_remap_fifo.sv:110)
[EFX-0011 VERI-WARNING] input port 'a_wr_rst_i' is not connected on this instance (VDB-1013) (C:\Users\Jing-XuanTan(i)\Downloads\evsoc-efinity-v2026.1.132\evsoc-efinity-v2026.1.132\cam_single\Ti60F225_dsi\ip\cam_pixel_remap_fifo\cam_pixel_remap_fifo.sv:92)
[EFX-0011 VERI-WARNING] illegal integral type argument in math function 'floor()'; expected real type (VERI-2792) (C:\Users\Jing-XuanTan(i)\Downloads\evsoc-efinity-v2026.1.132\evsoc-efinity-v2026.1.132\cam_single\Ti60F225_dsi\source/isp/isp.sv:20)
[EFX-0011 VERI-WARNING] illegal integral type argument in math function 'floor()'; expected real type (VERI-2792) (C:\Users\Jing-XuanTan(i)\Downloads\evsoc-efinity-v2026.1.132\evsoc-efinity-v2026.1.132\cam_single\Ti60F225_dsi\source/isp/isp.sv:23)
[EFX-0011 VERI-WARNING] illegal integral type argument in math function 'floor()'; expected real type (VERI-2792) (C:\Users\Jing-XuanTan(i)\Downloads\evsoc-efinity-v2026.1.132\evsoc-efinity-v2026.1.132\cam_single\Ti60F225_dsi\source/isp/isp.sv:24)
[EFX-0011 VERI-WARNING] illegal integral type argument in math function 'floor()'; expected real type (VERI-2792) (C:\Users\Jing-XuanTan(i)\Downloads\evsoc-efinity-v2026.1.132\evsoc-efinity-v2026.1.132\cam_single\Ti60F225_dsi\source/isp/isp.sv:135)
[EFX-0011 VERI-WARNING] illegal integral type argument in math function 'floor()'; expected real type (VERI-2792) (C:\Users\Jing-XuanTan(i)\Downloads\evsoc-efinity-v2026.1.132\evsoc-efinity-v2026.1.132\cam_single\Ti60F225_dsi\source/isp/isp.sv:167)
[EFX-0011 VERI-WARNING] illegal integral type argument in math function 'floor()'; expected real type (VERI-2792) (C:\Users\Jing-XuanTan(i)\Downloads\evsoc-efinity-v2026.1.132\evsoc-efinity-v2026.1.132\cam_single\Ti60F225_dsi\source/isp/isp.sv:230)
[EFX-0011 VERI-WARNING] illegal integral type argument in math function 'floor()'; expected real type (VERI-2792) (C:\Users\Jing-XuanTan(i)\Downloads\evsoc-efinity-v2026.1.132\evsoc-efinity-v2026.1.132\cam_single\Ti60F225_dsi\source/isp/isp.sv:262)
[EFX-0011 VERI-WARNING] illegal integral type argument in math function 'floor()'; expected real type (VERI-2792) (C:\Users\Jing-XuanTan(i)\Downloads\evsoc-efinity-v2026.1.132\evsoc-efinity-v2026.1.132\cam_single\Ti60F225_dsi\source/isp/isp.sv:263)
[EFX-0011 VERI-WARNING] illegal integral type argument in math function 'floor()'; expected real type (VERI-2792) (C:\Users\Jing-XuanTan(i)\Downloads\evsoc-efinity-v2026.1.132\evsoc-efinity-v2026.1.132\cam_single\Ti60F225_dsi\source/isp/isp.sv:332)
[EFX-0011 VERI-WARNING] illegal integral type argument in math function 'floor()'; expected real type (VERI-2792) (C:\Users\Jing-XuanTan(i)\Downloads\evsoc-efinity-v2026.1.132\evsoc-efinity-v2026.1.132\cam_single\Ti60F225_dsi\source/isp/isp.sv:333)
[EFX-0011 VERI-WARNING] illegal integral type argument in math function 'floor()'; expected real type (VERI-2792) (C:\Users\Jing-XuanTan(i)\Downloads\evsoc-efinity-v2026.1.132\evsoc-efinity-v2026.1.132\cam_single\Ti60F225_dsi\source/isp/isp.sv:135)
[EFX-0011 VERI-WARNING] illegal integral type argument in math function 'floor()'; expected real type (VERI-2792) (C:\Users\Jing-XuanTan(i)\Downloads\evsoc-efinity-v2026.1.132\evsoc-efinity-v2026.1.132\cam_single\Ti60F225_dsi\source/isp/isp.sv:167)
[EFX-0011 VERI-WARNING] illegal integral type argument in math function 'floor()'; expected real type (VERI-2792) (C:\Users\Jing-XuanTan(i)\Downloads\evsoc-efinity-v2026.1.132\evsoc-efinity-v2026.1.132\cam_single\Ti60F225_dsi\source/isp/isp.sv:230)
[EFX-0011 VERI-WARNING] illegal integral type argument in math function 'floor()'; expected real type (VERI-2792) (C:\Users\Jing-XuanTan(i)\Downloads\evsoc-efinity-v2026.1.132\evsoc-efinity-v2026.1.132\cam_single\Ti60F225_dsi\source/isp/isp.sv:262)
[EFX-0011 VERI-WARNING] illegal integral type argument in math function 'floor()'; expected real type (VERI-2792) (C:\Users\Jing-XuanTan(i)\Downloads\evsoc-efinity-v2026.1.132\evsoc-efinity-v2026.1.132\cam_single\Ti60F225_dsi\source/isp/isp.sv:263)
[EFX-0011 VERI-WARNING] illegal integral type argument in math function 'floor()'; expected real type (VERI-2792) (C:\Users\Jing-XuanTan(i)\Downloads\evsoc-efinity-v2026.1.132\evsoc-efinity-v2026.1.132\cam_single\Ti60F225_dsi\source/isp/isp.sv:332)
[EFX-0011 VERI-WARNING] illegal integral type argument in math function 'floor()'; expected real type (VERI-2792) (C:\Users\Jing-XuanTan(i)\Downloads\evsoc-efinity-v2026.1.132\evsoc-efinity-v2026.1.132\cam_single\Ti60F225_dsi\source/isp/isp.sv:333)
[EFX-0011 VERI-WARNING] illegal integral type argument in math function 'floor()'; expected real type (VERI-2792) (C:\Users\Jing-XuanTan(i)\Downloads\evsoc-efinity-v2026.1.132\evsoc-efinity-v2026.1.132\cam_single\Ti60F225_dsi\source/isp/axi_lite_register.sv:10)
[EFX-0011 VERI-WARNING] illegal integral type argument in math function 'floor()'; expected real type (VERI-2792) (C:\Users\Jing-XuanTan(i)\Downloads\evsoc-efinity-v2026.1.132\evsoc-efinity-v2026.1.132\cam_single\Ti60F225_dsi\source/isp/blc.sv:12)
[EFX-0011 VERI-WARNING] illegal integral type argument in math function 'floor()'; expected real type (VERI-2792) (C:\Users\Jing-XuanTan(i)\Downloads\evsoc-efinity-v2026.1.132\evsoc-efinity-v2026.1.132\cam_single\Ti60F225_dsi\source/isp/blc.sv:12)
[EFX-0011 VERI-WARNING] net 'int_black_level[16]' does not have a driver (VDB-1002) (C:\Users\Jing-XuanTan(i)\Downloads\evsoc-efinity-v2026.1.132\evsoc-efinity-v2026.1.132\cam_single\Ti60F225_dsi\source/isp/blc.sv:42)
[EFX-0011 VERI-WARNING] net 'pipe_0_pixel_0_wire[16]' does not have a driver (VDB-1002) (C:\Users\Jing-XuanTan(i)\Downloads\evsoc-efinity-v2026.1.132\evsoc-efinity-v2026.1.132\cam_single\Ti60F225_dsi\source/isp/blc.sv:44)
[EFX-0011 VERI-WARNING] net 'pipe_0_pixel_1_wire[16]' does not have a driver (VDB-1002) (C:\Users\Jing-XuanTan(i)\Downloads\evsoc-efinity-v2026.1.132\evsoc-efinity-v2026.1.132\cam_single\Ti60F225_dsi\source/isp/blc.sv:45)
[EFX-0011 VERI-WARNING] net 'pipe_0_pixel_2_wire[16]' does not have a driver (VDB-1002) (C:\Users\Jing-XuanTan(i)\Downloads\evsoc-efinity-v2026.1.132\evsoc-efinity-v2026.1.132\cam_single\Ti60F225_dsi\source/isp/blc.sv:46)
[EFX-0011 VERI-WARNING] net 'pipe_0_pixel_3_wire[16]' does not have a driver (VDB-1002) (C:\Users\Jing-XuanTan(i)\Downloads\evsoc-efinity-v2026.1.132\evsoc-efinity-v2026.1.132\cam_single\Ti60F225_dsi\source/isp/blc.sv:47)
[EFX-0011 VERI-WARNING] illegal integral type argument in math function 'floor()'; expected real type (VERI-2792) (C:\Users\Jing-XuanTan(i)\Downloads\evsoc-efinity-v2026.1.132\evsoc-efinity-v2026.1.132\cam_single\Ti60F225_dsi\source/isp/colorgain.sv:14)
[EFX-0011 VERI-WARNING] illegal integral type argument in math function 'floor()'; expected real type (VERI-2792) (C:\Users\Jing-XuanTan(i)\Downloads\evsoc-efinity-v2026.1.132\evsoc-efinity-v2026.1.132\cam_single\Ti60F225_dsi\source/isp/colorgain.sv:14)
[EFX-0011 VERI-WARNING] expression size 2 truncated to fit in target size 1 (VERI-1209) (C:\Users\Jing-XuanTan(i)\Downloads\evsoc-efinity-v2026.1.132\evsoc-efinity-v2026.1.132\cam_single\Ti60F225_dsi\source/isp/colorgain.sv:94)
[EFX-0011 VERI-WARNING] illegal integral type argument in math function 'floor()'; expected real type (VERI-2792) (C:\Users\Jing-XuanTan(i)\Downloads\evsoc-efinity-v2026.1.132\evsoc-efinity-v2026.1.132\cam_single\Ti60F225_dsi\source/isp/demosaic.sv:16)
[EFX-0011 VERI-WARNING] illegal integral type argument in math function 'floor()'; expected real type (VERI-2792) (C:\Users\Jing-XuanTan(i)\Downloads\evsoc-efinity-v2026.1.132\evsoc-efinity-v2026.1.132\cam_single\Ti60F225_dsi\source/isp/demosaic.sv:17)
[EFX-0011 VERI-WARNING] illegal integral type argument in math function 'floor()'; expected real type (VERI-2792) (C:\Users\Jing-XuanTan(i)\Downloads\evsoc-efinity-v2026.1.132\evsoc-efinity-v2026.1.132\cam_single\Ti60F225_dsi\source/isp/demosaic.sv:57)
[EFX-0011 VERI-WARNING] illegal integral type argument in math function 'floor()'; expected real type (VERI-2792) (C:\Users\Jing-XuanTan(i)\Downloads\evsoc-efinity-v2026.1.132\evsoc-efinity-v2026.1.132\cam_single\Ti60F225_dsi\source/isp/demosaic.sv:16)
[EFX-0011 VERI-WARNING] illegal integral type argument in math function 'floor()'; expected real type (VERI-2792) (C:\Users\Jing-XuanTan(i)\Downloads\evsoc-efinity-v2026.1.132\evsoc-efinity-v2026.1.132\cam_single\Ti60F225_dsi\source/isp/demosaic.sv:17)
[EFX-0011 VERI-WARNING] illegal integral type argument in math function 'floor()'; expected real type (VERI-2792) (C:\Users\Jing-XuanTan(i)\Downloads\evsoc-efinity-v2026.1.132\evsoc-efinity-v2026.1.132\cam_single\Ti60F225_dsi\source/isp/demosaic.sv:57)
[EFX-0011 VERI-WARNING] illegal integral type argument in math function 'floor()'; expected real type (VERI-2792) (C:\Users\Jing-XuanTan(i)\Downloads\evsoc-efinity-v2026.1.132\evsoc-efinity-v2026.1.132\cam_single\Ti60F225_dsi\source/isp/linebuffer.sv:16)
[EFX-0011 VERI-WARNING] illegal integral type argument in math function 'floor()'; expected real type (VERI-2792) (C:\Users\Jing-XuanTan(i)\Downloads\evsoc-efinity-v2026.1.132\evsoc-efinity-v2026.1.132\cam_single\Ti60F225_dsi\source/isp/linebuffer.sv:16)
[EFX-0011 VERI-WARNING] illegal integral type argument in math function 'floor()'; expected real type (VERI-2792) (C:\Users\Jing-XuanTan(i)\Downloads\evsoc-efinity-v2026.1.132\evsoc-efinity-v2026.1.132\cam_single\Ti60F225_dsi\source/isp/linebuffer.sv:16)
[EFX-0011 VERI-WARNING] illegal integral type argument in math function 'floor()'; expected real type (VERI-2792) (C:\Users\Jing-XuanTan(i)\Downloads\evsoc-efinity-v2026.1.132\evsoc-efinity-v2026.1.132\cam_single\Ti60F225_dsi\source/isp/linebuffer.sv:16)
[EFX-0011 VERI-WARNING] illegal integral type argument in math function 'floor()'; expected real type (VERI-2792) (C:\Users\Jing-XuanTan(i)\Downloads\evsoc-efinity-v2026.1.132\evsoc-efinity-v2026.1.132\cam_single\Ti60F225_dsi\source/isp/linebuffer.sv:16)
[EFX-0011 VERI-WARNING] illegal integral type argument in math function 'floor()'; expected real type (VERI-2792) (C:\Users\Jing-XuanTan(i)\Downloads\evsoc-efinity-v2026.1.132\evsoc-efinity-v2026.1.132\cam_single\Ti60F225_dsi\source/isp/linebuffer.sv:16)
[EFX-0011 VERI-WARNING] expression size 11 truncated to fit in target size 10 (VERI-1209) (C:\Users\Jing-XuanTan(i)\Downloads\evsoc-efinity-v2026.1.132\evsoc-efinity-v2026.1.132\cam_single\Ti60F225_dsi\source/isp/linebuffer.sv:104)
[EFX-0011 VERI-WARNING] expression size 32 truncated to fit in target size 3 (VERI-1209) (C:\Users\Jing-XuanTan(i)\Downloads\evsoc-efinity-v2026.1.132\evsoc-efinity-v2026.1.132\cam_single\Ti60F225_dsi\source/isp/linebuffer.sv:120)
[EFX-0011 VERI-WARNING] illegal integral type argument in math function 'floor()'; expected real type (VERI-2792) (C:\Users\Jing-XuanTan(i)\Downloads\evsoc-efinity-v2026.1.132\evsoc-efinity-v2026.1.132\cam_single\Ti60F225_dsi\source/isp/demosaic.sv:57)
[EFX-0011 VERI-WARNING] illegal integral type argument in math function 'floor()'; expected real type (VERI-2792) (C:\Users\Jing-XuanTan(i)\Downloads\evsoc-efinity-v2026.1.132\evsoc-efinity-v2026.1.132\cam_single\Ti60F225_dsi\source/isp/demosaic.sv:16)
[EFX-0011 VERI-WARNING] expression size 2 truncated to fit in target size 1 (VERI-1209) (C:\Users\Jing-XuanTan(i)\Downloads\evsoc-efinity-v2026.1.132\evsoc-efinity-v2026.1.132\cam_single\Ti60F225_dsi\source/isp/demosaic.sv:335)
[EFX-0011 VERI-WARNING] illegal integral type argument in math function 'floor()'; expected real type (VERI-2792) (C:\Users\Jing-XuanTan(i)\Downloads\evsoc-efinity-v2026.1.132\evsoc-efinity-v2026.1.132\cam_single\Ti60F225_dsi\source/isp/ccm.sv:12)
[EFX-0011 VERI-WARNING] illegal integral type argument in math function 'floor()'; expected real type (VERI-2792) (C:\Users\Jing-XuanTan(i)\Downloads\evsoc-efinity-v2026.1.132\evsoc-efinity-v2026.1.132\cam_single\Ti60F225_dsi\source/isp/ccm.sv:13)
[EFX-0011 VERI-WARNING] net 'pipe_0_pixel2_r_wire[8]' does not have a driver (VDB-1002) (C:\Users\Jing-XuanTan(i)\Downloads\evsoc-efinity-v2026.1.132\evsoc-efinity-v2026.1.132\cam_single\Ti60F225_dsi\source/isp/ccm.sv:91)
[EFX-0011 VERI-WARNING] net 'pipe_0_pixel2_g_wire[8]' does not have a driver (VDB-1002) (C:\Users\Jing-XuanTan(i)\Downloads\evsoc-efinity-v2026.1.132\evsoc-efinity-v2026.1.132\cam_single\Ti60F225_dsi\source/isp/ccm.sv:92)
[EFX-0011 VERI-WARNING] net 'pipe_0_pixel2_b_wire[8]' does not have a driver (VDB-1002) (C:\Users\Jing-XuanTan(i)\Downloads\evsoc-efinity-v2026.1.132\evsoc-efinity-v2026.1.132\cam_single\Ti60F225_dsi\source/isp/ccm.sv:93)
[EFX-0011 VERI-WARNING] net 'pipe_0_pixel3_r_wire[8]' does not have a driver (VDB-1002) (C:\Users\Jing-XuanTan(i)\Downloads\evsoc-efinity-v2026.1.132\evsoc-efinity-v2026.1.132\cam_single\Ti60F225_dsi\source/isp/ccm.sv:94)
[EFX-0011 VERI-WARNING] net 'pipe_0_pixel3_g_wire[8]' does not have a driver (VDB-1002) (C:\Users\Jing-XuanTan(i)\Downloads\evsoc-efinity-v2026.1.132\evsoc-efinity-v2026.1.132\cam_single\Ti60F225_dsi\source/isp/ccm.sv:95)
[EFX-0011 VERI-WARNING] net 'pipe_0_pixel3_b_wire[8]' does not have a driver (VDB-1002) (C:\Users\Jing-XuanTan(i)\Downloads\evsoc-efinity-v2026.1.132\evsoc-efinity-v2026.1.132\cam_single\Ti60F225_dsi\source/isp/ccm.sv:96)
[EFX-0011 VERI-WARNING] net 'pipe_1_pixel2_r_r_wire[24]' does not have a driver (VDB-1002) (C:\Users\Jing-XuanTan(i)\Downloads\evsoc-efinity-v2026.1.132\evsoc-efinity-v2026.1.132\cam_single\Ti60F225_dsi\source/isp/ccm.sv:157)
[EFX-0011 VERI-WARNING] net 'pipe_1_pixel2_r_g_wire[24]' does not have a driver (VDB-1002) (C:\Users\Jing-XuanTan(i)\Downloads\evsoc-efinity-v2026.1.132\evsoc-efinity-v2026.1.132\cam_single\Ti60F225_dsi\source/isp/ccm.sv:158)
[EFX-0011 VERI-WARNING] net 'pipe_1_pixel2_r_b_wire[24]' does not have a driver (VDB-1002) (C:\Users\Jing-XuanTan(i)\Downloads\evsoc-efinity-v2026.1.132\evsoc-efinity-v2026.1.132\cam_single\Ti60F225_dsi\source/isp/ccm.sv:159)
[EFX-0011 VERI-WARNING] net 'pipe_1_pixel2_g_r_wire[24]' does not have a driver (VDB-1002) (C:\Users\Jing-XuanTan(i)\Downloads\evsoc-efinity-v2026.1.132\evsoc-efinity-v2026.1.132\cam_single\Ti60F225_dsi\source/isp/ccm.sv:160)
[EFX-0011 VERI-WARNING] net 'pipe_1_pixel2_g_g_wire[24]' does not have a driver (VDB-1002) (C:\Users\Jing-XuanTan(i)\Downloads\evsoc-efinity-v2026.1.132\evsoc-efinity-v2026.1.132\cam_single\Ti60F225_dsi\source/isp/ccm.sv:161)
[EFX-0011 VERI-WARNING] net 'pipe_1_pixel2_g_b_wire[24]' does not have a driver (VDB-1002) (C:\Users\Jing-XuanTan(i)\Downloads\evsoc-efinity-v2026.1.132\evsoc-efinity-v2026.1.132\cam_single\Ti60F225_dsi\source/isp/ccm.sv:162)
[EFX-0011 VERI-WARNING] net 'pipe_1_pixel2_b_r_wire[24]' does not have a driver (VDB-1002) (C:\Users\Jing-XuanTan(i)\Downloads\evsoc-efinity-v2026.1.132\evsoc-efinity-v2026.1.132\cam_single\Ti60F225_dsi\source/isp/ccm.sv:163)
[EFX-0011 VERI-WARNING] net 'pipe_1_pixel2_b_g_wire[24]' does not have a driver (VDB-1002) (C:\Users\Jing-XuanTan(i)\Downloads\evsoc-efinity-v2026.1.132\evsoc-efinity-v2026.1.132\cam_single\Ti60F225_dsi\source/isp/ccm.sv:164)
[EFX-0011 VERI-WARNING] net 'pipe_1_pixel2_b_b_wire[24]' does not have a driver (VDB-1002) (C:\Users\Jing-XuanTan(i)\Downloads\evsoc-efinity-v2026.1.132\evsoc-efinity-v2026.1.132\cam_single\Ti60F225_dsi\source/isp/ccm.sv:165)
[EFX-0011 VERI-WARNING] net 'pipe_1_pixel3_r_r_wire[24]' does not have a driver (VDB-1002) (C:\Users\Jing-XuanTan(i)\Downloads\evsoc-efinity-v2026.1.132\evsoc-efinity-v2026.1.132\cam_single\Ti60F225_dsi\source/isp/ccm.sv:166)
[EFX-0011 VERI-WARNING] net 'pipe_1_pixel3_r_g_wire[24]' does not have a driver (VDB-1002) (C:\Users\Jing-XuanTan(i)\Downloads\evsoc-efinity-v2026.1.132\evsoc-efinity-v2026.1.132\cam_single\Ti60F225_dsi\source/isp/ccm.sv:167)
[EFX-0011 VERI-WARNING] net 'pipe_1_pixel3_r_b_wire[24]' does not have a driver (VDB-1002) (C:\Users\Jing-XuanTan(i)\Downloads\evsoc-efinity-v2026.1.132\evsoc-efinity-v2026.1.132\cam_single\Ti60F225_dsi\source/isp/ccm.sv:168)
[EFX-0011 VERI-WARNING] net 'pipe_1_pixel3_g_r_wire[24]' does not have a driver (VDB-1002) (C:\Users\Jing-XuanTan(i)\Downloads\evsoc-efinity-v2026.1.132\evsoc-efinity-v2026.1.132\cam_single\Ti60F225_dsi\source/isp/ccm.sv:169)
[EFX-0011 VERI-WARNING] net 'pipe_1_pixel3_g_g_wire[24]' does not have a driver (VDB-1002) (C:\Users\Jing-XuanTan(i)\Downloads\evsoc-efinity-v2026.1.132\evsoc-efinity-v2026.1.132\cam_single\Ti60F225_dsi\source/isp/ccm.sv:170)
[EFX-0011 VERI-WARNING] net 'pipe_1_pixel3_g_b_wire[24]' does not have a driver (VDB-1002) (C:\Users\Jing-XuanTan(i)\Downloads\evsoc-efinity-v2026.1.132\evsoc-efinity-v2026.1.132\cam_single\Ti60F225_dsi\source/isp/ccm.sv:171)
[EFX-0011 VERI-WARNING] net 'pipe_1_pixel3_b_r_wire[24]' does not have a driver (VDB-1002) (C:\Users\Jing-XuanTan(i)\Downloads\evsoc-efinity-v2026.1.132\evsoc-efinity-v2026.1.132\cam_single\Ti60F225_dsi\source/isp/ccm.sv:172)
[EFX-0011 VERI-WARNING] net 'pipe_1_pixel3_b_g_wire[24]' does not have a driver (VDB-1002) (C:\Users\Jing-XuanTan(i)\Downloads\evsoc-efinity-v2026.1.132\evsoc-efinity-v2026.1.132\cam_single\Ti60F225_dsi\source/isp/ccm.sv:173)
[EFX-0011 VERI-WARNING] net 'pipe_1_pixel3_b_b_wire[24]' does not have a driver (VDB-1002) (C:\Users\Jing-XuanTan(i)\Downloads\evsoc-efinity-v2026.1.132\evsoc-efinity-v2026.1.132\cam_single\Ti60F225_dsi\source/isp/ccm.sv:174)
[EFX-0011 VERI-WARNING] net 'pipe_2_pixel2_r_wire[27]' does not have a driver (VDB-1002) (C:\Users\Jing-XuanTan(i)\Downloads\evsoc-efinity-v2026.1.132\evsoc-efinity-v2026.1.132\cam_single\Ti60F225_dsi\source/isp/ccm.sv:199)
[EFX-0011 VERI-WARNING] net 'pipe_2_pixel2_g_wire[27]' does not have a driver (VDB-1002) (C:\Users\Jing-XuanTan(i)\Downloads\evsoc-efinity-v2026.1.132\evsoc-efinity-v2026.1.132\cam_single\Ti60F225_dsi\source/isp/ccm.sv:200)
[EFX-0011 VERI-WARNING] net 'pipe_2_pixel2_b_wire[27]' does not have a driver (VDB-1002) (C:\Users\Jing-XuanTan(i)\Downloads\evsoc-efinity-v2026.1.132\evsoc-efinity-v2026.1.132\cam_single\Ti60F225_dsi\source/isp/ccm.sv:201)
[EFX-0011 VERI-WARNING] net 'pipe_2_pixel3_r_wire[27]' does not have a driver (VDB-1002) (C:\Users\Jing-XuanTan(i)\Downloads\evsoc-efinity-v2026.1.132\evsoc-efinity-v2026.1.132\cam_single\Ti60F225_dsi\source/isp/ccm.sv:202)
[EFX-0011 VERI-WARNING] net 'pipe_2_pixel3_g_wire[27]' does not have a driver (VDB-1002) (C:\Users\Jing-XuanTan(i)\Downloads\evsoc-efinity-v2026.1.132\evsoc-efinity-v2026.1.132\cam_single\Ti60F225_dsi\source/isp/ccm.sv:203)
[EFX-0011 VERI-WARNING] net 'pipe_2_pixel3_b_wire[27]' does not have a driver (VDB-1002) (C:\Users\Jing-XuanTan(i)\Downloads\evsoc-efinity-v2026.1.132\evsoc-efinity-v2026.1.132\cam_single\Ti60F225_dsi\source/isp/ccm.sv:204)
[EFX-0011 VERI-WARNING] illegal integral type argument in math function 'floor()'; expected real type (VERI-2792) (C:\Users\Jing-XuanTan(i)\Downloads\evsoc-efinity-v2026.1.132\evsoc-efinity-v2026.1.132\cam_single\Ti60F225_dsi\source/isp/gamma.sv:14)
[EFX-0011 VERI-WARNING] illegal integral type argument in math function 'floor()'; expected real type (VERI-2792) (C:\Users\Jing-XuanTan(i)\Downloads\evsoc-efinity-v2026.1.132\evsoc-efinity-v2026.1.132\cam_single\Ti60F225_dsi\source/isp/gamma.sv:15)
[EFX-0011 VERI-WARNING] illegal integral type argument in math function 'floor()'; expected real type (VERI-2792) (C:\Users\Jing-XuanTan(i)\Downloads\evsoc-efinity-v2026.1.132\evsoc-efinity-v2026.1.132\cam_single\Ti60F225_dsi\source/isp/gamma.sv:36)
[EFX-0011 VERI-WARNING] illegal integral type argument in math function 'floor()'; expected real type (VERI-2792) (C:\Users\Jing-XuanTan(i)\Downloads\evsoc-efinity-v2026.1.132\evsoc-efinity-v2026.1.132\cam_single\Ti60F225_dsi\source/isp/gamma.sv:37)
[EFX-0011 VERI-WARNING] illegal integral type argument in math function 'floor()'; expected real type (VERI-2792) (C:\Users\Jing-XuanTan(i)\Downloads\evsoc-efinity-v2026.1.132\evsoc-efinity-v2026.1.132\cam_single\Ti60F225_dsi\source/isp/gamma.sv:14)
[EFX-0011 VERI-WARNING] illegal integral type argument in math function 'floor()'; expected real type (VERI-2792) (C:\Users\Jing-XuanTan(i)\Downloads\evsoc-efinity-v2026.1.132\evsoc-efinity-v2026.1.132\cam_single\Ti60F225_dsi\source/isp/gamma.sv:15)
[EFX-0011 VERI-WARNING] illegal integral type argument in math function 'floor()'; expected real type (VERI-2792) (C:\Users\Jing-XuanTan(i)\Downloads\evsoc-efinity-v2026.1.132\evsoc-efinity-v2026.1.132\cam_single\Ti60F225_dsi\source/isp/gamma.sv:36)
[EFX-0011 VERI-WARNING] illegal integral type argument in math function 'floor()'; expected real type (VERI-2792) (C:\Users\Jing-XuanTan(i)\Downloads\evsoc-efinity-v2026.1.132\evsoc-efinity-v2026.1.132\cam_single\Ti60F225_dsi\source/isp/gamma.sv:37)
[EFX-0011 VERI-WARNING] illegal integral type argument in math function 'floor()'; expected real type (VERI-2792) (C:\Users\Jing-XuanTan(i)\Downloads\evsoc-efinity-v2026.1.132\evsoc-efinity-v2026.1.132\cam_single\Ti60F225_dsi\source/isp/lut.sv:13)
[EFX-0011 VERI-WARNING] illegal integral type argument in math function 'floor()'; expected real type (VERI-2792) (C:\Users\Jing-XuanTan(i)\Downloads\evsoc-efinity-v2026.1.132\evsoc-efinity-v2026.1.132\cam_single\Ti60F225_dsi\source/isp/lut.sv:14)
[EFX-0011 VERI-WARNING] illegal integral type argument in math function 'floor()'; expected real type (VERI-2792) (C:\Users\Jing-XuanTan(i)\Downloads\evsoc-efinity-v2026.1.132\evsoc-efinity-v2026.1.132\cam_single\Ti60F225_dsi\source/isp/lut.sv:13)
[EFX-0011 VERI-WARNING] illegal integral type argument in math function 'floor()'; expected real type (VERI-2792) (C:\Users\Jing-XuanTan(i)\Downloads\evsoc-efinity-v2026.1.132\evsoc-efinity-v2026.1.132\cam_single\Ti60F225_dsi\source/isp/lut.sv:14)
[EFX-0011 VERI-WARNING] illegal entry at :\Users\Jing-XuanTan(i)\Downloads\evsoc-efinity-v2026.1.132\evsoc-efinity-v2026.1.132\cam_single\Ti60F225_dsi\source/isp/lut.mem:257 for index 256 in range [0:255] (VERI-2588) (C:\Users\Jing-XuanTan(i)\Downloads\evsoc-efinity-v2026.1.132\evsoc-efinity-v2026.1.132\cam_single\Ti60F225_dsi\source/isp/simple_dual_ported_rom.sv:29)
[EFX-0011 VERI-WARNING] net 'rom' does not have a driver (VDB-1002) (C:\Users\Jing-XuanTan(i)\Downloads\evsoc-efinity-v2026.1.132\evsoc-efinity-v2026.1.132\cam_single\Ti60F225_dsi\source/isp/simple_dual_ported_rom.sv:24)
[EFX-0011 VERI-WARNING] net 'pipe_0_pixel2_wire[7]' does not have a driver (VDB-1002) (C:\Users\Jing-XuanTan(i)\Downloads\evsoc-efinity-v2026.1.132\evsoc-efinity-v2026.1.132\cam_single\Ti60F225_dsi\source/isp/lut.sv:44)
[EFX-0011 VERI-WARNING] net 'pipe_0_pixel3_wire[7]' does not have a driver (VDB-1002) (C:\Users\Jing-XuanTan(i)\Downloads\evsoc-efinity-v2026.1.132\evsoc-efinity-v2026.1.132\cam_single\Ti60F225_dsi\source/isp/lut.sv:45)
[EFX-0011 VERI-WARNING] input port 's_axis_tlast' remains unconnected for this instance (VDB-1053) (C:\Users\Jing-XuanTan(i)\Downloads\evsoc-efinity-v2026.1.132\evsoc-efinity-v2026.1.132\cam_single\Ti60F225_dsi\source/isp/gamma.sv:117)
[EFX-0011 VERI-WARNING] input port 's_axis_tlast' remains unconnected for this instance (VDB-1053) (C:\Users\Jing-XuanTan(i)\Downloads\evsoc-efinity-v2026.1.132\evsoc-efinity-v2026.1.132\cam_single\Ti60F225_dsi\source/isp/gamma.sv:140)
[EFX-0011 VERI-WARNING] expression size 32 truncated to fit in target size 11 (VERI-1209) (C:\Users\Jing-XuanTan(i)\Downloads\evsoc-efinity-v2026.1.132\evsoc-efinity-v2026.1.132\cam_single\Ti60F225_dsi\source/cam/cam_crop.v:82)
[EFX-0011 VERI-WARNING] port 'a_wr_rst_i' remains unconnected for this instance (VERI-1927) (C:\Users\Jing-XuanTan(i)\Downloads\evsoc-efinity-v2026.1.132\evsoc-efinity-v2026.1.132\cam_single\Ti60F225_dsi\ip\cam_dma_fifo\cam_dma_fifo.sv:110)
[EFX-0011 VERI-WARNING] input port 'a_wr_rst_i' is not connected on this instance (VDB-1013) (C:\Users\Jing-XuanTan(i)\Downloads\evsoc-efinity-v2026.1.132\evsoc-efinity-v2026.1.132\cam_single\Ti60F225_dsi\ip\cam_dma_fifo\cam_dma_fifo.sv:92)
[EFX-0011 VERI-WARNING] actual bit length 32 differs from formal bit length 1 for port 'i_dbg_we' (VERI-1330) (C:\Users\Jing-XuanTan(i)\Downloads\evsoc-efinity-v2026.1.132\evsoc-efinity-v2026.1.132\cam_single\Ti60F225_dsi\edge_vision_soc.v:910)
[EFX-0011 VERI-WARNING] actual bit length 32 differs from formal bit length 40 for port 'i_dbg_din' (VERI-1330) (C:\Users\Jing-XuanTan(i)\Downloads\evsoc-efinity-v2026.1.132\evsoc-efinity-v2026.1.132\cam_single\Ti60F225_dsi\edge_vision_soc.v:911)
[EFX-0011 VERI-WARNING] actual bit length 32 differs from formal bit length 9 for port 'i_dbg_addr' (VERI-1330) (C:\Users\Jing-XuanTan(i)\Downloads\evsoc-efinity-v2026.1.132\evsoc-efinity-v2026.1.132\cam_single\Ti60F225_dsi\edge_vision_soc.v:912)
[EFX-0011 VERI-WARNING] actual bit length 32 differs from formal bit length 1 for port 'i_dbg_reconfig' (VERI-1330) (C:\Users\Jing-XuanTan(i)\Downloads\evsoc-efinity-v2026.1.132\evsoc-efinity-v2026.1.132\cam_single\Ti60F225_dsi\edge_vision_soc.v:914)
[EFX-0011 VERI-WARNING] port 'rst_busy' remains unconnected for this instance (VERI-1927) (C:\Users\Jing-XuanTan(i)\Downloads\evsoc-efinity-v2026.1.132\evsoc-efinity-v2026.1.132\cam_single\Ti60F225_dsi\source/display/dsi/display_dsi.v:265)
[EFX-0011 VERI-WARNING] actual bit length 11 differs from formal bit length 14 for port 'out_x' (VERI-1330) (C:\Users\Jing-XuanTan(i)\Downloads\evsoc-efinity-v2026.1.132\evsoc-efinity-v2026.1.132\cam_single\Ti60F225_dsi\source/display/dsi/display_dsi.v:127)
[EFX-0011 VERI-WARNING] actual bit length 11 differs from formal bit length 12 for port 'out_y' (VERI-1330) (C:\Users\Jing-XuanTan(i)\Downloads\evsoc-efinity-v2026.1.132\evsoc-efinity-v2026.1.132\cam_single\Ti60F225_dsi\source/display/dsi/display_dsi.v:128)
[EFX-0011 VERI-WARNING] expression size 16 truncated to fit in target size 8 (VERI-1209) (C:\Users\Jing-XuanTan(i)\Downloads\evsoc-efinity-v2026.1.132\evsoc-efinity-v2026.1.132\cam_single\Ti60F225_dsi\source/cam/scale_up_2x_nn.v:127)
[EFX-0011 VERI-WARNING] expression size 16 truncated to fit in target size 8 (VERI-1209) (C:\Users\Jing-XuanTan(i)\Downloads\evsoc-efinity-v2026.1.132\evsoc-efinity-v2026.1.132\cam_single\Ti60F225_dsi\source/cam/scale_up_2x_nn.v:128)
[EFX-0011 VERI-WARNING] expression size 16 truncated to fit in target size 8 (VERI-1209) (C:\Users\Jing-XuanTan(i)\Downloads\evsoc-efinity-v2026.1.132\evsoc-efinity-v2026.1.132\cam_single\Ti60F225_dsi\source/cam/scale_up_2x_nn.v:129)
[EFX-0011 VERI-WARNING] port 'a_wr_rst_i' remains unconnected for this instance (VERI-1927) (C:\Users\Jing-XuanTan(i)\Downloads\evsoc-efinity-v2026.1.132\evsoc-efinity-v2026.1.132\cam_single\Ti60F225_dsi\ip\display_dma_fifo\display_dma_fifo.sv:110)
[EFX-0011 VERI-WARNING] input port 'a_wr_rst_i' is not connected on this instance (VDB-1013) (C:\Users\Jing-XuanTan(i)\Downloads\evsoc-efinity-v2026.1.132\evsoc-efinity-v2026.1.132\cam_single\Ti60F225_dsi\ip\display_dma_fifo\display_dma_fifo.sv:92)
[EFX-0011 VERI-WARNING] actual bit length 10 differs from formal bit length 11 for port 'datacount_o' (VERI-1330) (C:\Users\Jing-XuanTan(i)\Downloads\evsoc-efinity-v2026.1.132\evsoc-efinity-v2026.1.132\cam_single\Ti60F225_dsi\source/display/dsi/display_dsi.v:264)
[EFX-0011 VERI-WARNING] port '**' remains unconnected for this instance (VERI-1927) (C:\Users\Jing-XuanTan(i)\Downloads\evsoc-efinity-v2026.1.132\evsoc-efinity-v2026.1.132\cam_single\Ti60F225_dsi\ip\dsi_tx_display\dsi_tx_display.sv:5436)
[EFX-0011 VERI-WARNING] assignment and/or driver for '**' inside static function '**' is not preserved (VERI-2457) (C:\Users\Jing-XuanTan(i)\Downloads\evsoc-efinity-v2026.1.132\evsoc-efinity-v2026.1.132\cam_single\Ti60F225_dsi\ip\dsi_tx_display\dsi_tx_display.sv:2885)
[EFX-0011 VERI-WARNING] port '**' remains unconnected for this instance (VERI-1927) (C:\Users\Jing-XuanTan(i)\Downloads\evsoc-efinity-v2026.1.132\evsoc-efinity-v2026.1.132\cam_single\Ti60F225_dsi\ip\dsi_tx_display\dsi_tx_display.sv:5689)
[EFX-0011 VERI-WARNING] expression size ** truncated to fit in target size ** (VERI-1209) (C:\Users\Jing-XuanTan(i)\Downloads\evsoc-efinity-v2026.1.132\evsoc-efinity-v2026.1.132\cam_single\Ti60F225_dsi\ip\dsi_tx_display\dsi_tx_display.sv:5689)
[EFX-0011 VERI-WARNING] expression size ** truncated to fit in target size ** (VERI-1209) (C:\Users\Jing-XuanTan(i)\Downloads\evsoc-efinity-v2026.1.132\evsoc-efinity-v2026.1.132\cam_single\Ti60F225_dsi\ip\dsi_tx_display\dsi_tx_display.sv:7297)
[EFX-0011 VERI-WARNING] port '**' remains unconnected for this instance (VERI-1927) (C:\Users\Jing-XuanTan(i)\Downloads\evsoc-efinity-v2026.1.132\evsoc-efinity-v2026.1.132\cam_single\Ti60F225_dsi\ip\dsi_tx_display\dsi_tx_display.sv:1596)
[EFX-0011 VERI-WARNING] expression size ** truncated to fit in target size ** (VERI-1209) (C:\Users\Jing-XuanTan(i)\Downloads\evsoc-efinity-v2026.1.132\evsoc-efinity-v2026.1.132\cam_single\Ti60F225_dsi\ip\dsi_tx_display\dsi_tx_display.sv:1596)
[EFX-0011 VERI-WARNING] port '**' remains unconnected for this instance (VERI-1927) (C:\Users\Jing-XuanTan(i)\Downloads\evsoc-efinity-v2026.1.132\evsoc-efinity-v2026.1.132\cam_single\Ti60F225_dsi\ip\dsi_tx_display\dsi_tx_display.sv:2500)
[EFX-0011 VERI-WARNING] expression size ** truncated to fit in target size ** (VERI-1209) (C:\Users\Jing-XuanTan(i)\Downloads\evsoc-efinity-v2026.1.132\evsoc-efinity-v2026.1.132\cam_single\Ti60F225_dsi\ip\dsi_tx_display\dsi_tx_display.sv:2500)
[EFX-0011 VERI-WARNING] assignment and/or driver for '**' inside static function '**' is not preserved (VERI-2457) (C:\Users\Jing-XuanTan(i)\Downloads\evsoc-efinity-v2026.1.132\evsoc-efinity-v2026.1.132\cam_single\Ti60F225_dsi\ip\dsi_tx_display\dsi_tx_display.sv:3474)
[EFX-0011 VERI-WARNING] actual bit length 32 differs from formal bit length 16 for port 'haddr' (VERI-1330) (C:\Users\Jing-XuanTan(i)\Downloads\evsoc-efinity-v2026.1.132\evsoc-efinity-v2026.1.132\cam_single\Ti60F225_dsi\edge_vision_soc.v:1044)
[EFX-0011 VERI-WARNING] port 'ram_clk_cal_2' is not connected on this instance (VERI-2435) (C:\Users\Jing-XuanTan(i)\Downloads\evsoc-efinity-v2026.1.132\evsoc-efinity-v2026.1.132\cam_single\Ti60F225_dsi\ip\hbram\hbram.sv:200)
[EFX-0011 VERI-WARNING] port 'native_clk' remains unconnected for this instance (VERI-1927) (C:\Users\Jing-XuanTan(i)\Downloads\evsoc-efinity-v2026.1.132\evsoc-efinity-v2026.1.132\cam_single\Ti60F225_dsi\ip\hbram\hbram.sv:200)
[EFX-0011 VERI-WARNING] port '**' remains unconnected for this instance (VERI-1927) (C:\Users\Jing-XuanTan(i)\Downloads\evsoc-efinity-v2026.1.132\evsoc-efinity-v2026.1.132\cam_single\Ti60F225_dsi\ip\hbram\hbram.sv:1134)
[EFX-0011 VERI-WARNING] expression size 32 truncated to fit in target size 9 (VERI-1209) (C:\Users\Jing-XuanTan(i)\Downloads\evsoc-efinity-v2026.1.132\evsoc-efinity-v2026.1.132\cam_single\Ti60F225_dsi\ip\hbram\hbram.sv:5791)
[EFX-0011 VERI-WARNING] expression size 32 truncated to fit in target size 11 (VERI-1209) (C:\Users\Jing-XuanTan(i)\Downloads\evsoc-efinity-v2026.1.132\evsoc-efinity-v2026.1.132\cam_single\Ti60F225_dsi\ip\hbram\hbram.sv:5792)
[EFX-0011 VERI-WARNING] expression size ** truncated to fit in target size ** (VERI-1209) (C:\Users\Jing-XuanTan(i)\Downloads\evsoc-efinity-v2026.1.132\evsoc-efinity-v2026.1.132\cam_single\Ti60F225_dsi\ip\hbram\hbram.sv:1134)
[EFX-0011 VERI-WARNING] expression size 32 truncated to fit in target size 11 (VERI-1209) (C:\Users\Jing-XuanTan(i)\Downloads\evsoc-efinity-v2026.1.132\evsoc-efinity-v2026.1.132\cam_single\Ti60F225_dsi\ip\hbram\hbram.sv:5806)
[EFX-0011 VERI-WARNING] expression size 32 truncated to fit in target size 9 (VERI-1209) (C:\Users\Jing-XuanTan(i)\Downloads\evsoc-efinity-v2026.1.132\evsoc-efinity-v2026.1.132\cam_single\Ti60F225_dsi\ip\hbram\hbram.sv:5807)
[EFX-0011 VERI-WARNING] expression size ** truncated to fit in target size ** (VERI-1209) (C:\Users\Jing-XuanTan(i)\Downloads\evsoc-efinity-v2026.1.132\evsoc-efinity-v2026.1.132\cam_single\Ti60F225_dsi\ip\hbram\hbram.sv:5309)
[EFX-0011 VERI-WARNING] actual bit length ** differs from formal bit length *** for port '**' (VERI-1330) (C:\Users\Jing-XuanTan(i)\Downloads\evsoc-efinity-v2026.1.132\evsoc-efinity-v2026.1.132\cam_single\Ti60F225_dsi\ip\hbram\hbram.sv:1946)
[EFX-0011 VERI-WARNING] expression size ** truncated to fit in target size ** (VERI-1209) (C:\Users\Jing-XuanTan(i)\Downloads\evsoc-efinity-v2026.1.132\evsoc-efinity-v2026.1.132\cam_single\Ti60F225_dsi\ip\hbram\hbram.sv:3545)
[EFX-0011 VERI-WARNING] actual bit length ** differs from formal bit length *** for port '**' (VERI-1330) (C:\Users\Jing-XuanTan(i)\Downloads\evsoc-efinity-v2026.1.132\evsoc-efinity-v2026.1.132\cam_single\Ti60F225_dsi\ip\hbram\hbram.sv:2351)
[EFX-0011 VERI-WARNING] expression size ** truncated to fit in target size ** (VERI-1209) (C:\Users\Jing-XuanTan(i)\Downloads\evsoc-efinity-v2026.1.132\evsoc-efinity-v2026.1.132\cam_single\Ti60F225_dsi\ip\hbram\hbram.sv:4591)
[EFX-0011 VERI-WARNING] input port 'ram_clk_cal_2' remains unconnected for this instance (VDB-1053) (C:\Users\Jing-XuanTan(i)\Downloads\evsoc-efinity-v2026.1.132\evsoc-efinity-v2026.1.132\cam_single\Ti60F225_dsi\ip\hbram\hbram.sv:147)
[EFX-0011 VERI-WARNING] input port 'native_clk' is not connected on this instance (VDB-1013) (C:\Users\Jing-XuanTan(i)\Downloads\evsoc-efinity-v2026.1.132\evsoc-efinity-v2026.1.132\cam_single\Ti60F225_dsi\ip\hbram\hbram.sv:147)
[EFX-0011 VERI-WARNING] system task 'display' is ignored for synthesis (VERI-1142) (C:\Users\Jing-XuanTan(i)\Downloads\evsoc-efinity-v2026.1.132\evsoc-efinity-v2026.1.132\cam_single\Ti60F225_dsi\ip\SapphireSoc\SapphireSoc.v:22380)
[EFX-0011 VERI-WARNING] net 'IBusCachedPlugin_cache_io_cpu_fetch_isRemoved' does not have a driver (VDB-1002) (C:\Users\Jing-XuanTan(i)\Downloads\evsoc-efinity-v2026.1.132\evsoc-efinity-v2026.1.132\cam_single\Ti60F225_dsi\ip\SapphireSoc\SapphireSoc.v:12883)
[EFX-0011 VERI-WARNING] net 'dataCache_1_io_cpu_writeBack_fence_SW' does not have a driver (VDB-1002) (C:\Users\Jing-XuanTan(i)\Downloads\evsoc-efinity-v2026.1.132\evsoc-efinity-v2026.1.132\cam_single\Ti60F225_dsi\ip\SapphireSoc\SapphireSoc.v:12896)
[EFX-0011 VERI-WARNING] net 'dataCache_1_io_cpu_writeBack_fence_SR' does not have a driver (VDB-1002) (C:\Users\Jing-XuanTan(i)\Downloads\evsoc-efinity-v2026.1.132\evsoc-efinity-v2026.1.132\cam_single\Ti60F225_dsi\ip\SapphireSoc\SapphireSoc.v:12897)
[EFX-0011 VERI-WARNING] net 'dataCache_1_io_cpu_writeBack_fence_SO' does not have a driver (VDB-1002) (C:\Users\Jing-XuanTan(i)\Downloads\evsoc-efinity-v2026.1.132\evsoc-efinity-v2026.1.132\cam_single\Ti60F225_dsi\ip\SapphireSoc\SapphireSoc.v:12898)
[EFX-0011 VERI-WARNING] net 'dataCache_1_io_cpu_writeBack_fence_SI' does not have a driver (VDB-1002) (C:\Users\Jing-XuanTan(i)\Downloads\evsoc-efinity-v2026.1.132\evsoc-efinity-v2026.1.132\cam_single\Ti60F225_dsi\ip\SapphireSoc\SapphireSoc.v:12899)
[EFX-0011 VERI-WARNING] net 'dataCache_1_io_cpu_writeBack_fence_PW' does not have a driver (VDB-1002) (C:\Users\Jing-XuanTan(i)\Downloads\evsoc-efinity-v2026.1.132\evsoc-efinity-v2026.1.132\cam_single\Ti60F225_dsi\ip\SapphireSoc\SapphireSoc.v:12900)
[EFX-0011 VERI-WARNING] net 'dataCache_1_io_cpu_writeBack_fence_PR' does not have a driver (VDB-1002) (C:\Users\Jing-XuanTan(i)\Downloads\evsoc-efinity-v2026.1.132\evsoc-efinity-v2026.1.132\cam_single\Ti60F225_dsi\ip\SapphireSoc\SapphireSoc.v:12901)
[EFX-0011 VERI-WARNING] net 'dataCache_1_io_cpu_writeBack_fence_PO' does not have a driver (VDB-1002) (C:\Users\Jing-XuanTan(i)\Downloads\evsoc-efinity-v2026.1.132\evsoc-efinity-v2026.1.132\cam_single\Ti60F225_dsi\ip\SapphireSoc\SapphireSoc.v:12902)
[EFX-0011 VERI-WARNING] net 'dataCache_1_io_cpu_writeBack_fence_PI' does not have a driver (VDB-1002) (C:\Users\Jing-XuanTan(i)\Downloads\evsoc-efinity-v2026.1.132\evsoc-efinity-v2026.1.132\cam_single\Ti60F225_dsi\ip\SapphireSoc\SapphireSoc.v:12903)
[EFX-0011 VERI-WARNING] net 'dataCache_1_io_cpu_writeBack_fence_FM[3]' does not have a driver (VDB-1002) (C:\Users\Jing-XuanTan(i)\Downloads\evsoc-efinity-v2026.1.132\evsoc-efinity-v2026.1.132\cam_single\Ti60F225_dsi\ip\SapphireSoc\SapphireSoc.v:12904)
[EFX-0011 VERI-WARNING] net 'IBusCachedPlugin_mmuBus_rsp_bypassTranslation' does not have a driver (VDB-1002) (C:\Users\Jing-XuanTan(i)\Downloads\evsoc-efinity-v2026.1.132\evsoc-efinity-v2026.1.132\cam_single\Ti60F225_dsi\ip\SapphireSoc\SapphireSoc.v:13411)
[EFX-0011 VERI-WARNING] net 'DBusCachedPlugin_mmuBus_rsp_bypassTranslation' does not have a driver (VDB-1002) (C:\Users\Jing-XuanTan(i)\Downloads\evsoc-efinity-v2026.1.132\evsoc-efinity-v2026.1.132\cam_single\Ti60F225_dsi\ip\SapphireSoc\SapphireSoc.v:13437)
[EFX-0011 VERI-WARNING] net 'IBusCachedPlugin_iBusRsp_output_payload_rsp_error' does not have a driver (VDB-1002) (C:\Users\Jing-XuanTan(i)\Downloads\evsoc-efinity-v2026.1.132\evsoc-efinity-v2026.1.132\cam_single\Ti60F225_dsi\ip\SapphireSoc\SapphireSoc.v:13545)
[EFX-0011 VERI-WARNING] net 'IBusCachedPlugin_iBusRsp_output_payload_isRvc' does not have a driver (VDB-1002) (C:\Users\Jing-XuanTan(i)\Downloads\evsoc-efinity-v2026.1.132\evsoc-efinity-v2026.1.132\cam_single\Ti60F225_dsi\ip\SapphireSoc\SapphireSoc.v:13547)
[EFX-0011 VERI-WARNING] net 'CsrPlugin_mtvec_mode[1]' does not have a driver (VDB-1002) (C:\Users\Jing-XuanTan(i)\Downloads\evsoc-efinity-v2026.1.132\evsoc-efinity-v2026.1.132\cam_single\Ti60F225_dsi\ip\SapphireSoc\SapphireSoc.v:13781)
[EFX-0011 VERI-WARNING] system function call 'urandom' is not supported (VERI-1141) (C:\Users\Jing-XuanTan(i)\Downloads\evsoc-efinity-v2026.1.132\evsoc-efinity-v2026.1.132\cam_single\Ti60F225_dsi\ip\SapphireSoc\SapphireSoc.v:21505)
[EFX-0011 VERI-WARNING] system function call 'urandom' is not supported (VERI-1141) (C:\Users\Jing-XuanTan(i)\Downloads\evsoc-efinity-v2026.1.132\evsoc-efinity-v2026.1.132\cam_single\Ti60F225_dsi\ip\SapphireSoc\SapphireSoc.v:21506)
[EFX-0011 VERI-WARNING] system function call 'urandom' is not supported (VERI-1141) (C:\Users\Jing-XuanTan(i)\Downloads\evsoc-efinity-v2026.1.132\evsoc-efinity-v2026.1.132\cam_single\Ti60F225_dsi\ip\SapphireSoc\SapphireSoc.v:23686)
[EFX-0011 VERI-WARNING] system function call 'urandom' is not supported (VERI-1141) (C:\Users\Jing-XuanTan(i)\Downloads\evsoc-efinity-v2026.1.132\evsoc-efinity-v2026.1.132\cam_single\Ti60F225_dsi\ip\SapphireSoc\SapphireSoc.v:23687)
[EFX-0011 VERI-WARNING] system function call 'urandom' is not supported (VERI-1141) (C:\Users\Jing-XuanTan(i)\Downloads\evsoc-efinity-v2026.1.132\evsoc-efinity-v2026.1.132\cam_single\Ti60F225_dsi\ip\SapphireSoc\SapphireSoc.v:5873)
[EFX-0011 VERI-WARNING] system function call 'urandom' is not supported (VERI-1141) (C:\Users\Jing-XuanTan(i)\Downloads\evsoc-efinity-v2026.1.132\evsoc-efinity-v2026.1.132\cam_single\Ti60F225_dsi\ip\SapphireSoc\SapphireSoc.v:5874)
[EFX-0011 VERI-WARNING] net 'slaveRegOut[31]' does not have a driver (VDB-1002) (C:\Users\Jing-XuanTan(i)\Downloads\evsoc-efinity-v2026.1.132\evsoc-efinity-v2026.1.132\cam_single\Ti60F225_dsi\source\hw_accel\hw_accel_apb3.v:38)
[EFX-0011 VERI-WARNING] port 'rst_busy' remains unconnected for this instance (VERI-1927) (C:\Users\Jing-XuanTan(i)\Downloads\evsoc-efinity-v2026.1.132\evsoc-efinity-v2026.1.132\cam_single\Ti60F225_dsi\source/hw_accel/hw_accel_wrapper.v:176)
[EFX-0011 VERI-WARNING] port 'rst_busy' remains unconnected for this instance (VERI-1927) (C:\Users\Jing-XuanTan(i)\Downloads\evsoc-efinity-v2026.1.132\evsoc-efinity-v2026.1.132\cam_single\Ti60F225_dsi\source/hw_accel/hw_accel_wrapper.v:202)
[EFX-0011 VERI-WARNING] port 'a_wr_rst_i' remains unconnected for this instance (VERI-1927) (C:\Users\Jing-XuanTan(i)\Downloads\evsoc-efinity-v2026.1.132\evsoc-efinity-v2026.1.132\cam_single\Ti60F225_dsi\ip\hw_accel_dma_in_fifo\hw_accel_dma_in_fifo.sv:112)
[EFX-0011 VERI-WARNING] input port 'a_wr_rst_i' is not connected on this instance (VDB-1013) (C:\Users\Jing-XuanTan(i)\Downloads\evsoc-efinity-v2026.1.132\evsoc-efinity-v2026.1.132\cam_single\Ti60F225_dsi\ip\hw_accel_dma_in_fifo\hw_accel_dma_in_fifo.sv:93)
[EFX-0011 VERI-WARNING] port 'a_wr_rst_i' remains unconnected for this instance (VERI-1927) (C:\Users\Jing-XuanTan(i)\Downloads\evsoc-efinity-v2026.1.132\evsoc-efinity-v2026.1.132\cam_single\Ti60F225_dsi\ip\hw_accel_dma_out_fifo\hw_accel_dma_out_fifo.sv:112)
[EFX-0011 VERI-WARNING] input port 'a_wr_rst_i' is not connected on this instance (VDB-1013) (C:\Users\Jing-XuanTan(i)\Downloads\evsoc-efinity-v2026.1.132\evsoc-efinity-v2026.1.132\cam_single\Ti60F225_dsi\ip\hw_accel_dma_out_fifo\hw_accel_dma_out_fifo.sv:93)
[EFX-0011 VERI-WARNING] system function call 'urandom' is not supported (VERI-1141) (C:\Users\Jing-XuanTan(i)\Downloads\evsoc-efinity-v2026.1.132\evsoc-efinity-v2026.1.132\cam_single\Ti60F225_dsi\ip\dma\dma.v:13453)
[EFX-0011 VERI-WARNING] system function call 'urandom' is not supported (VERI-1141) (C:\Users\Jing-XuanTan(i)\Downloads\evsoc-efinity-v2026.1.132\evsoc-efinity-v2026.1.132\cam_single\Ti60F225_dsi\ip\dma\dma.v:13454)
[EFX-0011 VERI-WARNING] system function call 'urandom' is not supported (VERI-1141) (C:\Users\Jing-XuanTan(i)\Downloads\evsoc-efinity-v2026.1.132\evsoc-efinity-v2026.1.132\cam_single\Ti60F225_dsi\ip\dma\dma.v:13455)
[EFX-0011 VERI-WARNING] system function call 'urandom' is not supported (VERI-1141) (C:\Users\Jing-XuanTan(i)\Downloads\evsoc-efinity-v2026.1.132\evsoc-efinity-v2026.1.132\cam_single\Ti60F225_dsi\ip\dma\dma.v:13456)
[EFX-0011 VERI-WARNING] system function call 'urandom' is not supported (VERI-1141) (C:\Users\Jing-XuanTan(i)\Downloads\evsoc-efinity-v2026.1.132\evsoc-efinity-v2026.1.132\cam_single\Ti60F225_dsi\ip\dma\dma.v:13457)
[EFX-0011 VERI-WARNING] actual bit length 16 differs from formal bit length 14 for port 'ctrl_PADDR' (VERI-1330) (C:\Users\Jing-XuanTan(i)\Downloads\evsoc-efinity-v2026.1.132\evsoc-efinity-v2026.1.132\cam_single\Ti60F225_dsi\edge_vision_soc.v:1332)
[EFX-0011 VERI-WARNING] system task 'display' is ignored for synthesis (VERI-1142) (C:\Users\Jing-XuanTan(i)\Downloads\evsoc-efinity-v2026.1.132\evsoc-efinity-v2026.1.132\cam_single\Ti60F225_dsi\source/axi/axi_interconnect.v:220)
[EFX-0011 VERI-WARNING] system task 'display' is ignored for synthesis (VERI-1142) (C:\Users\Jing-XuanTan(i)\Downloads\evsoc-efinity-v2026.1.132\evsoc-efinity-v2026.1.132\cam_single\Ti60F225_dsi\source/axi/axi_interconnect.v:223)
[EFX-0011 VERI-WARNING] expression size 32 truncated to fit in target size 2 (VERI-1209) (C:\Users\Jing-XuanTan(i)\Downloads\evsoc-efinity-v2026.1.132\evsoc-efinity-v2026.1.132\cam_single\Ti60F225_dsi\source/axi/priority_encoder.v:89)
[EFX-0011 VERI-WARNING] expression size 32 truncated to fit in target size 4 (VERI-1209) (C:\Users\Jing-XuanTan(i)\Downloads\evsoc-efinity-v2026.1.132\evsoc-efinity-v2026.1.132\cam_single\Ti60F225_dsi\source/axi/priority_encoder.v:89)
[EFX-0011 VERI-WARNING] right shift count >= width of value (VERI-1959) (C:\Users\Jing-XuanTan(i)\Downloads\evsoc-efinity-v2026.1.132\evsoc-efinity-v2026.1.132\cam_single\Ti60F225_dsi\source/axi/axi_interconnect.v:566)
[EFX-0011 VERI-WARNING] expression size 32 truncated to fit in target size 8 (VERI-1209) (C:\Users\Jing-XuanTan(i)\Downloads\evsoc-efinity-v2026.1.132\evsoc-efinity-v2026.1.132\cam_single\Ti60F225_dsi\source/axi/axi_interconnect.v:689)
[EFX-0011 VERI-WARNING] input port 'Rx_HS_D_2[7]' remains unconnected for this instance (VDB-1053) (C:\Users\Jing-XuanTan(i)\Downloads\evsoc-efinity-v2026.1.132\evsoc-efinity-v2026.1.132\cam_single\Ti60F225_dsi\edge_vision_soc.v:729)
[EFX-0011 VERI-WARNING] input port 'system_spi_0_io_data_2_read' remains unconnected for this instance (VDB-1053) (C:\Users\Jing-XuanTan(i)\Downloads\evsoc-efinity-v2026.1.132\evsoc-efinity-v2026.1.132\cam_single\Ti60F225_dsi\edge_vision_soc.v:1168)
[EFX-0011 VERI-WARNING] input port 'dat1_o_tready' remains unconnected for this instance (VDB-1053) (C:\Users\Jing-XuanTan(i)\Downloads\evsoc-efinity-v2026.1.132\evsoc-efinity-v2026.1.132\cam_single\Ti60F225_dsi\edge_vision_soc.v:1327)
[EFX-0011 VERI-WARNING] input port 's_axi_awuser[1]' remains unconnected for this instance (VDB-1053) (C:\Users\Jing-XuanTan(i)\Downloads\evsoc-efinity-v2026.1.132\evsoc-efinity-v2026.1.132\cam_single\Ti60F225_dsi\edge_vision_soc.v:1465)
[EFX-0200 WARNING] Removing redundant signal : Rx_HS_D_2[7:0]. (C:\Users\Jing-XuanTan(i)\Downloads\evsoc-efinity-v2026.1.132\evsoc-efinity-v2026.1.132\cam_single\Ti60F225_dsi\ip\csi2_rx_cam\csi2_rx_cam.sv:6307)
[EFX-0200 WARNING] Removing redundant signal : Rx_HS_D_3[7:0]. (C:\Users\Jing-XuanTan(i)\Downloads\evsoc-efinity-v2026.1.132\evsoc-efinity-v2026.1.132\cam_single\Ti60F225_dsi\ip\csi2_rx_cam\csi2_rx_cam.sv:6307)
[EFX-0200 WARNING] Removing redundant signal : Rx_HS_D_4[7:0]. (C:\Users\Jing-XuanTan(i)\Downloads\evsoc-efinity-v2026.1.132\evsoc-efinity-v2026.1.132\cam_single\Ti60F225_dsi\ip\csi2_rx_cam\csi2_rx_cam.sv:6307)
[EFX-0200 WARNING] Removing redundant signal : Rx_HS_D_5[7:0]. (C:\Users\Jing-XuanTan(i)\Downloads\evsoc-efinity-v2026.1.132\evsoc-efinity-v2026.1.132\cam_single\Ti60F225_dsi\ip\csi2_rx_cam\csi2_rx_cam.sv:6307)
[EFX-0200 WARNING] Removing redundant signal : Rx_HS_D_6[7:0]. (C:\Users\Jing-XuanTan(i)\Downloads\evsoc-efinity-v2026.1.132\evsoc-efinity-v2026.1.132\cam_single\Ti60F225_dsi\ip\csi2_rx_cam\csi2_rx_cam.sv:6307)
[EFX-0200 WARNING] Removing redundant signal : Rx_HS_D_7[7:0]. (C:\Users\Jing-XuanTan(i)\Downloads\evsoc-efinity-v2026.1.132\evsoc-efinity-v2026.1.132\cam_single\Ti60F225_dsi\ip\csi2_rx_cam\csi2_rx_cam.sv:6307)
[EFX-0200 WARNING] Removing redundant signal : u_dly_enable_D[1:0]. (C:\Users\Jing-XuanTan(i)\Downloads\evsoc-efinity-v2026.1.132\evsoc-efinity-v2026.1.132\cam_single\Ti60F225_dsi\ip\csi2_rx_cam\csi2_rx_cam.sv:6307)
[EFX-0200 WARNING] Removing redundant signal : u_dly_inc_D[1:0]. (C:\Users\Jing-XuanTan(i)\Downloads\evsoc-efinity-v2026.1.132\evsoc-efinity-v2026.1.132\cam_single\Ti60F225_dsi\ip\csi2_rx_cam\csi2_rx_cam.sv:6307)
[EFX-0200 WARNING] Removing redundant signal : axi_awaddr[1:0]. (C:\Users\Jing-XuanTan(i)\Downloads\evsoc-efinity-v2026.1.132\evsoc-efinity-v2026.1.132\cam_single\Ti60F225_dsi\ip\csi2_rx_cam\csi2_rx_cam.sv:5564)
[EFX-0200 WARNING] Removing redundant signal : axi_araddr[1:0]. (C:\Users\Jing-XuanTan(i)\Downloads\evsoc-efinity-v2026.1.132\evsoc-efinity-v2026.1.132\cam_single\Ti60F225_dsi\ip\csi2_rx_cam\csi2_rx_cam.sv:5564)
[EFX-0200 WARNING] Removing redundant signal : loc_rdata[31:0]. (C:\Users\Jing-XuanTan(i)\Downloads\evsoc-efinity-v2026.1.132\evsoc-efinity-v2026.1.132\cam_single\Ti60F225_dsi\ip\csi2_rx_cam\csi2_rx_cam.sv:5564)
[EFX-0200 WARNING] Removing redundant signal : nextCRC16_D16.fcrc[15:0]. (C:\Users\Jing-XuanTan(i)\Downloads\evsoc-efinity-v2026.1.132\evsoc-efinity-v2026.1.132\cam_single\Ti60F225_dsi\ip\csi2_rx_cam\csi2_rx_cam.sv:1466)
[EFX-0200 WARNING] Removing redundant signal : nextCRC16_D16.Data[15:0]. (C:\Users\Jing-XuanTan(i)\Downloads\evsoc-efinity-v2026.1.132\evsoc-efinity-v2026.1.132\cam_single\Ti60F225_dsi\ip\csi2_rx_cam\csi2_rx_cam.sv:1466)
[EFX-0200 WARNING] Removing redundant signal : nextCRC16_D16[15:0]. (C:\Users\Jing-XuanTan(i)\Downloads\evsoc-efinity-v2026.1.132\evsoc-efinity-v2026.1.132\cam_single\Ti60F225_dsi\ip\csi2_rx_cam\csi2_rx_cam.sv:1466)
[EFX-0200 WARNING] Removing redundant signal : nextCRC16_D16.c[15:0]. (C:\Users\Jing-XuanTan(i)\Downloads\evsoc-efinity-v2026.1.132\evsoc-efinity-v2026.1.132\cam_single\Ti60F225_dsi\ip\csi2_rx_cam\csi2_rx_cam.sv:1466)
[EFX-0200 WARNING] Removing redundant signal : nextCRC16_D16.d[15:0]. (C:\Users\Jing-XuanTan(i)\Downloads\evsoc-efinity-v2026.1.132\evsoc-efinity-v2026.1.132\cam_single\Ti60F225_dsi\ip\csi2_rx_cam\csi2_rx_cam.sv:1466)
[EFX-0200 WARNING] Removing redundant signal : nextCRC16_D16.newcrc[15:0]. (C:\Users\Jing-XuanTan(i)\Downloads\evsoc-efinity-v2026.1.132\evsoc-efinity-v2026.1.132\cam_single\Ti60F225_dsi\ip\csi2_rx_cam\csi2_rx_cam.sv:1466)
[EFX-0200 WARNING] Removing redundant signal : nextCRC16_D8[15:0]. (C:\Users\Jing-XuanTan(i)\Downloads\evsoc-efinity-v2026.1.132\evsoc-efinity-v2026.1.132\cam_single\Ti60F225_dsi\ip\csi2_rx_cam\csi2_rx_cam.sv:1466)
[EFX-0200 WARNING] Removing redundant signal : nextCRC16_D8.Data[7:0]. (C:\Users\Jing-XuanTan(i)\Downloads\evsoc-efinity-v2026.1.132\evsoc-efinity-v2026.1.132\cam_single\Ti60F225_dsi\ip\csi2_rx_cam\csi2_rx_cam.sv:1466)
[EFX-0200 WARNING] Removing redundant signal : nextCRC16_D8.fcrc[15:0]. (C:\Users\Jing-XuanTan(i)\Downloads\evsoc-efinity-v2026.1.132\evsoc-efinity-v2026.1.132\cam_single\Ti60F225_dsi\ip\csi2_rx_cam\csi2_rx_cam.sv:1466)
[EFX-0201 WARNING] Re-wiring to GND non-driven net/port 'a_wr_rst_i' in module 'efx_fifo_top_04a96f5177a940fe94d182603b3fa9c9(FAMILY="",SYNC_CLK=1,PIPELINE_REG=0,OUTPUT_REG=1,PROGRAMMABLE_FULL="NONE",PROG_FULL_ASSERT=510,PROG_FULL_NEGATE=510,PROGRAMMABLE_EMPTY="NONE",PROG_EMPTY_ASSERT=2,PROG_EMPTY_NEGATE=3)'. (C:\Users\Jing-XuanTan(i)\Downloads\evsoc-efinity-v2026.1.132\evsoc-efinity-v2026.1.132\cam_single\Ti60F225_dsi\ip\cam_pixel_remap_fifo\cam_pixel_remap_fifo.sv:92)
[EFX-0201 WARNING] Re-wiring to GND non-driven net/port 'a_rd_rst_i' in module 'efx_fifo_top_04a96f5177a940fe94d182603b3fa9c9(FAMILY="",SYNC_CLK=1,PIPELINE_REG=0,OUTPUT_REG=1,PROGRAMMABLE_FULL="NONE",PROG_FULL_ASSERT=510,PROG_FULL_NEGATE=510,PROGRAMMABLE_EMPTY="NONE",PROG_EMPTY_ASSERT=2,PROG_EMPTY_NEGATE=3)'. (C:\Users\Jing-XuanTan(i)\Downloads\evsoc-efinity-v2026.1.132\evsoc-efinity-v2026.1.132\cam_single\Ti60F225_dsi\ip\cam_pixel_remap_fifo\cam_pixel_remap_fifo.sv:92)
[EFX-0201 WARNING] Re-wiring to GND non-driven net/port 'wr_clk_i' in module 'efx_fifo_top_04a96f5177a940fe94d182603b3fa9c9(FAMILY="",SYNC_CLK=1,PIPELINE_REG=0,OUTPUT_REG=1,PROGRAMMABLE_FULL="NONE",PROG_FULL_ASSERT=510,PROG_FULL_NEGATE=510,PROGRAMMABLE_EMPTY="NONE",PROG_EMPTY_ASSERT=2,PROG_EMPTY_NEGATE=3)'. (C:\Users\Jing-XuanTan(i)\Downloads\evsoc-efinity-v2026.1.132\evsoc-efinity-v2026.1.132\cam_single\Ti60F225_dsi\ip\cam_pixel_remap_fifo\cam_pixel_remap_fifo.sv:92)
[EFX-0201 WARNING] Re-wiring to GND non-driven net/port 'rd_clk_i' in module 'efx_fifo_top_04a96f5177a940fe94d182603b3fa9c9(FAMILY="",SYNC_CLK=1,PIPELINE_REG=0,OUTPUT_REG=1,PROGRAMMABLE_FULL="NONE",PROG_FULL_ASSERT=510,PROG_FULL_NEGATE=510,PROGRAMMABLE_EMPTY="NONE",PROG_EMPTY_ASSERT=2,PROG_EMPTY_NEGATE=3)'. (C:\Users\Jing-XuanTan(i)\Downloads\evsoc-efinity-v2026.1.132\evsoc-efinity-v2026.1.132\cam_single\Ti60F225_dsi\ip\cam_pixel_remap_fifo\cam_pixel_remap_fifo.sv:92)
[EFX-0201 WARNING] Re-wiring to GND non-driven net/port 'pipe_0_pixel_0_wire[16]' in module 'blc(PIXEL_PER_CYCLE=2,PIXEL_BIT_WIDTH=8)'. (C:\Users\Jing-XuanTan(i)\Downloads\evsoc-efinity-v2026.1.132\evsoc-efinity-v2026.1.132\cam_single\Ti60F225_dsi\source/isp/blc.sv:44)
[EFX-0201 WARNING] Re-wiring to GND non-driven net/port 'pipe_0_pixel_0_wire[15]' in module 'blc(PIXEL_PER_CYCLE=2,PIXEL_BIT_WIDTH=8)'. (C:\Users\Jing-XuanTan(i)\Downloads\evsoc-efinity-v2026.1.132\evsoc-efinity-v2026.1.132\cam_single\Ti60F225_dsi\source/isp/blc.sv:44)
[EFX-0201 WARNING] Re-wiring to GND non-driven net/port 'pipe_0_pixel_0_wire[14]' in module 'blc(PIXEL_PER_CYCLE=2,PIXEL_BIT_WIDTH=8)'. (C:\Users\Jing-XuanTan(i)\Downloads\evsoc-efinity-v2026.1.132\evsoc-efinity-v2026.1.132\cam_single\Ti60F225_dsi\source/isp/blc.sv:44)
[EFX-0201 WARNING] Re-wiring to GND non-driven net/port 'pipe_0_pixel_0_wire[13]' in module 'blc(PIXEL_PER_CYCLE=2,PIXEL_BIT_WIDTH=8)'. (C:\Users\Jing-XuanTan(i)\Downloads\evsoc-efinity-v2026.1.132\evsoc-efinity-v2026.1.132\cam_single\Ti60F225_dsi\source/isp/blc.sv:44)
[EFX-0201 WARNING] Re-wiring to GND non-driven net/port 'pipe_0_pixel_0_wire[12]' in module 'blc(PIXEL_PER_CYCLE=2,PIXEL_BIT_WIDTH=8)'. (C:\Users\Jing-XuanTan(i)\Downloads\evsoc-efinity-v2026.1.132\evsoc-efinity-v2026.1.132\cam_single\Ti60F225_dsi\source/isp/blc.sv:44)
[EFX-0201 WARNING] Re-wiring to GND non-driven net/port 'pipe_0_pixel_0_wire[11]' in module 'blc(PIXEL_PER_CYCLE=2,PIXEL_BIT_WIDTH=8)'. (C:\Users\Jing-XuanTan(i)\Downloads\evsoc-efinity-v2026.1.132\evsoc-efinity-v2026.1.132\cam_single\Ti60F225_dsi\source/isp/blc.sv:44)
[EFX-0657 WARNING] Mapping into logic memory block 'pipe_0_center' (20 bits) (C:\Users\Jing-XuanTan(i)\Downloads\evsoc-efinity-v2026.1.132\evsoc-efinity-v2026.1.132\cam_single\Ti60F225_dsi\source/isp/demosaic.sv:68) because size is too small (<=64)
[EFX-0657 WARNING] Mapping into logic memory block 'pipe_0_outer_horizontal' (20 bits) (C:\Users\Jing-XuanTan(i)\Downloads\evsoc-efinity-v2026.1.132\evsoc-efinity-v2026.1.132\cam_single\Ti60F225_dsi\source/isp/demosaic.sv:69) because size is too small (<=64)
[EFX-0657 WARNING] Mapping into logic memory block 'pipe_0_outer_vertical' (20 bits) (C:\Users\Jing-XuanTan(i)\Downloads\evsoc-efinity-v2026.1.132\evsoc-efinity-v2026.1.132\cam_single\Ti60F225_dsi\source/isp/demosaic.sv:70) because size is too small (<=64)
[EFX-0657 WARNING] Mapping into logic memory block 'pipe_0_inner_horizontal' (20 bits) (C:\Users\Jing-XuanTan(i)\Downloads\evsoc-efinity-v2026.1.132\evsoc-efinity-v2026.1.132\cam_single\Ti60F225_dsi\source/isp/demosaic.sv:71) because size is too small (<=64)
[EFX-0657 WARNING] Mapping into logic memory block 'pipe_0_inner_vertical' (20 bits) (C:\Users\Jing-XuanTan(i)\Downloads\evsoc-efinity-v2026.1.132\evsoc-efinity-v2026.1.132\cam_single\Ti60F225_dsi\source/isp/demosaic.sv:72) because size is too small (<=64)
[EFX-0657 WARNING] Mapping into logic memory block 'pipe_0_inner_top' (20 bits) (C:\Users\Jing-XuanTan(i)\Downloads\evsoc-efinity-v2026.1.132\evsoc-efinity-v2026.1.132\cam_single\Ti60F225_dsi\source/isp/demosaic.sv:73) because size is too small (<=64)
[EFX-0657 WARNING] Mapping into logic memory block 'pipe_0_inner_bottom' (20 bits) (C:\Users\Jing-XuanTan(i)\Downloads\evsoc-efinity-v2026.1.132\evsoc-efinity-v2026.1.132\cam_single\Ti60F225_dsi\source/isp/demosaic.sv:74) because size is too small (<=64)
[EFX-0657 WARNING] Mapping into logic memory block 'pipe_1_center' (28 bits) (C:\Users\Jing-XuanTan(i)\Downloads\evsoc-efinity-v2026.1.132\evsoc-efinity-v2026.1.132\cam_single\Ti60F225_dsi\source/isp/demosaic.sv:80) because size is too small (<=64)
[EFX-0657 WARNING] Mapping into logic memory block 'pipe_1_center_x5' (28 bits) (C:\Users\Jing-XuanTan(i)\Downloads\evsoc-efinity-v2026.1.132\evsoc-efinity-v2026.1.132\cam_single\Ti60F225_dsi\source/isp/demosaic.sv:81) because size is too small (<=64)
[EFX-0657 WARNING] Mapping into logic memory block 'pipe_1_center_x6' (28 bits) (C:\Users\Jing-XuanTan(i)\Downloads\evsoc-efinity-v2026.1.132\evsoc-efinity-v2026.1.132\cam_single\Ti60F225_dsi\source/isp/demosaic.sv:82) because size is too small (<=64)
[EFX-0657 WARNING] Mapping into logic memory block 'pipe_1_outer_horizontal' (28 bits) (C:\Users\Jing-XuanTan(i)\Downloads\evsoc-efinity-v2026.1.132\evsoc-efinity-v2026.1.132\cam_single\Ti60F225_dsi\source/isp/demosaic.sv:83) because size is too small (<=64)
[EFX-0657 WARNING] Mapping into logic memory block 'pipe_1_outer_vertical' (28 bits) (C:\Users\Jing-XuanTan(i)\Downloads\evsoc-efinity-v2026.1.132\evsoc-efinity-v2026.1.132\cam_single\Ti60F225_dsi\source/isp/demosaic.sv:84) because size is too small (<=64)
[EFX-0657 WARNING] Mapping into logic memory block 'pipe_1_outer_cross' (28 bits) (C:\Users\Jing-XuanTan(i)\Downloads\evsoc-efinity-v2026.1.132\evsoc-efinity-v2026.1.132\cam_single\Ti60F225_dsi\source/isp/demosaic.sv:85) because size is too small (<=64)
[EFX-0657 WARNING] Mapping into logic memory block 'pipe_1_inner_h_outer_v_x2' (28 bits) (C:\Users\Jing-XuanTan(i)\Downloads\evsoc-efinity-v2026.1.132\evsoc-efinity-v2026.1.132\cam_single\Ti60F225_dsi\source/isp/demosaic.sv:86) because size is too small (<=64)
[EFX-0657 WARNING] Mapping into logic memory block 'pipe_1_inner_v_outer_h_x2' (28 bits) (C:\Users\Jing-XuanTan(i)\Downloads\evsoc-efinity-v2026.1.132\evsoc-efinity-v2026.1.132\cam_single\Ti60F225_dsi\source/isp/demosaic.sv:87) because size is too small (<=64)
[EFX-0657 WARNING] Mapping into logic memory block 'pipe_1_inner_corner' (28 bits) (C:\Users\Jing-XuanTan(i)\Downloads\evsoc-efinity-v2026.1.132\evsoc-efinity-v2026.1.132\cam_single\Ti60F225_dsi\source/isp/demosaic.sv:88) because size is too small (<=64)
[EFX-0657 WARNING] Mapping into logic memory block 'pipe_1_inner_cross' (28 bits) (C:\Users\Jing-XuanTan(i)\Downloads\evsoc-efinity-v2026.1.132\evsoc-efinity-v2026.1.132\cam_single\Ti60F225_dsi\source/isp/demosaic.sv:89) because size is too small (<=64)
[EFX-0657 WARNING] Mapping into logic memory block 'pipe_2_center' (36 bits) (C:\Users\Jing-XuanTan(i)\Downloads\evsoc-efinity-v2026.1.132\evsoc-efinity-v2026.1.132\cam_single\Ti60F225_dsi\source/isp/demosaic.sv:95) because size is too small (<=64)
[EFX-0657 WARNING] Mapping into logic memory block 'pipe_2_center_cross_x2' (36 bits) (C:\Users\Jing-XuanTan(i)\Downloads\evsoc-efinity-v2026.1.132\evsoc-efinity-v2026.1.132\cam_single\Ti60F225_dsi\source/isp/demosaic.sv:96) because size is too small (<=64)
[EFX-0657 WARNING] Mapping into logic memory block 'pipe_2_outer_cross_x2' (36 bits) (C:\Users\Jing-XuanTan(i)\Downloads\evsoc-efinity-v2026.1.132\evsoc-efinity-v2026.1.132\cam_single\Ti60F225_dsi\source/isp/demosaic.sv:97) because size is too small (<=64)
[EFX-0657 WARNING] Mapping into logic memory block 'pipe_2_outer_cross_x3' (36 bits) (C:\Users\Jing-XuanTan(i)\Downloads\evsoc-efinity-v2026.1.132\evsoc-efinity-v2026.1.132\cam_single\Ti60F225_dsi\source/isp/demosaic.sv:98) because size is too small (<=64)
[EFX-0657 WARNING] Mapping into logic memory block 'pipe_2_inner_c_outer_h_x2' (36 bits) (C:\Users\Jing-XuanTan(i)\Downloads\evsoc-efinity-v2026.1.132\evsoc-efinity-v2026.1.132\cam_single\Ti60F225_dsi\source/isp/demosaic.sv:99) because size is too small (<=64)
[EFX-0657 WARNING] Mapping into logic memory block 'pipe_2_inner_c_outer_v_x2' (36 bits) (C:\Users\Jing-XuanTan(i)\Downloads\evsoc-efinity-v2026.1.132\evsoc-efinity-v2026.1.132\cam_single\Ti60F225_dsi\source/isp/demosaic.sv:100) because size is too small (<=64)
[EFX-0657 WARNING] Mapping into logic memory block 'pipe_2_rb_at_g1_x2' (36 bits) (C:\Users\Jing-XuanTan(i)\Downloads\evsoc-efinity-v2026.1.132\evsoc-efinity-v2026.1.132\cam_single\Ti60F225_dsi\source/isp/demosaic.sv:101) because size is too small (<=64)
[EFX-0657 WARNING] Mapping into logic memory block 'pipe_2_rb_at_g2_x2' (36 bits) (C:\Users\Jing-XuanTan(i)\Downloads\evsoc-efinity-v2026.1.132\evsoc-efinity-v2026.1.132\cam_single\Ti60F225_dsi\source/isp/demosaic.sv:102) because size is too small (<=64)
[EFX-0657 WARNING] Mapping into logic memory block 'pipe_2_rb_at_rb_x2' (36 bits) (C:\Users\Jing-XuanTan(i)\Downloads\evsoc-efinity-v2026.1.132\evsoc-efinity-v2026.1.132\cam_single\Ti60F225_dsi\source/isp/demosaic.sv:103) because size is too small (<=64)
[EFX-0657 WARNING] Mapping into logic memory block 'logic_progbufX_mem' (64 bits) (C:\Users\Jing-XuanTan(i)\Downloads\evsoc-efinity-v2026.1.132\evsoc-efinity-v2026.1.132\cam_single\Ti60F225_dsi\ip\SapphireSoc\SapphireSoc.v:12000) because size is too small (<=64)
[EFX-0657 WARNING] Mapping into logic memory block 'logic_ram' (64 bits) (C:\Users\Jing-XuanTan(i)\Downloads\evsoc-efinity-v2026.1.132\evsoc-efinity-v2026.1.132\cam_single\Ti60F225_dsi\ip\SapphireSoc\SapphireSoc.v:20389) because size is too small (<=64)
[EFX-0657 WARNING] Mapping into logic memory block 'u_hw_accel_apb3/slaveReg' (96 bits) (C:\Users\Jing-XuanTan(i)\Downloads\evsoc-efinity-v2026.1.132\evsoc-efinity-v2026.1.132\cam_single\Ti60F225_dsi\source\hw_accel\hw_accel_apb3.v:37) because it has all constant reader/writer.
[EFX-0657 WARNING] Mapping into logic memory block 'u_apb3_cam_display/slaveReg' (224 bits) (C:\Users\Jing-XuanTan(i)\Downloads\evsoc-efinity-v2026.1.132\evsoc-efinity-v2026.1.132\cam_single\Ti60F225_dsi\source/common/common_apb3.v:48) because it has all constant reader/writer.
[EFX-0011 VERI-WARNING] Input/inout port i_mipi_txc_sclk is unconnected. Place and route may remove this unconnected port. (VDB-8003) (C:\Users\Jing-XuanTan(i)\Downloads\evsoc-efinity-v2026.1.132\evsoc-efinity-v2026.1.132\cam_single\Ti60F225_dsi\edge_vision_soc.v:26)
[EFX-0011 VERI-WARNING] Input/inout port i_mipi_txd_sclk is unconnected. Place and route may remove this unconnected port. (VDB-8003) (C:\Users\Jing-XuanTan(i)\Downloads\evsoc-efinity-v2026.1.132\evsoc-efinity-v2026.1.132\cam_single\Ti60F225_dsi\edge_vision_soc.v:27)
[EFX-0011 VERI-WARNING] Input/inout port i_mipi_tx_pll_locked is unconnected. Place and route may remove this unconnected port. (VDB-8003) (C:\Users\Jing-XuanTan(i)\Downloads\evsoc-efinity-v2026.1.132\evsoc-efinity-v2026.1.132\cam_single\Ti60F225_dsi\edge_vision_soc.v:29)
[EFX-0011 VERI-WARNING] Input/inout port i_hbramClk90 is unconnected. Place and route may remove this unconnected port. (VDB-8003) (C:\Users\Jing-XuanTan(i)\Downloads\evsoc-efinity-v2026.1.132\evsoc-efinity-v2026.1.132\cam_single\Ti60F225_dsi\edge_vision_soc.v:33)
[EFX-0011 VERI-WARNING] Input/inout port i_cam_d0_HS_IN_1[7] is unconnected. Place and route may remove this unconnected port. (VDB-8003) (C:\Users\Jing-XuanTan(i)\Downloads\evsoc-efinity-v2026.1.132\evsoc-efinity-v2026.1.132\cam_single\Ti60F225_dsi\edge_vision_soc.v:74)
[EFX-0011 VERI-WARNING] Input/inout port i_cam_d0_HS_IN_2[7] is unconnected. Place and route may remove this unconnected port. (VDB-8003) (C:\Users\Jing-XuanTan(i)\Downloads\evsoc-efinity-v2026.1.132\evsoc-efinity-v2026.1.132\cam_single\Ti60F225_dsi\edge_vision_soc.v:75)
[EFX-0011 VERI-WARNING] Input/inout port i_cam_d0_HS_IN_3[7] is unconnected. Place and route may remove this unconnected port. (VDB-8003) (C:\Users\Jing-XuanTan(i)\Downloads\evsoc-efinity-v2026.1.132\evsoc-efinity-v2026.1.132\cam_single\Ti60F225_dsi\edge_vision_soc.v:76)
[EFX-0011 VERI-WARNING] Input/inout port i_cam_d1_HS_IN_1[7] is unconnected. Place and route may remove this unconnected port. (VDB-8003) (C:\Users\Jing-XuanTan(i)\Downloads\evsoc-efinity-v2026.1.132\evsoc-efinity-v2026.1.132\cam_single\Ti60F225_dsi\edge_vision_soc.v:89)
[EFX-0011 VERI-WARNING] Input/inout port i_cam_d1_HS_IN_2[7] is unconnected. Place and route may remove this unconnected port. (VDB-8003) (C:\Users\Jing-XuanTan(i)\Downloads\evsoc-efinity-v2026.1.132\evsoc-efinity-v2026.1.132\cam_single\Ti60F225_dsi\edge_vision_soc.v:90)
[EFX-0011 VERI-WARNING] Input/inout port i_cam_d1_HS_IN_3[7] is unconnected. Place and route may remove this unconnected port. (VDB-8003) (C:\Users\Jing-XuanTan(i)\Downloads\evsoc-efinity-v2026.1.132\evsoc-efinity-v2026.1.132\cam_single\Ti60F225_dsi\edge_vision_soc.v:91)
[EFX-0011 VERI-WARNING] Input/inout port sw6 is unconnected. Place and route may remove this unconnected port. (VDB-8003) (C:\Users\Jing-XuanTan(i)\Downloads\evsoc-efinity-v2026.1.132\evsoc-efinity-v2026.1.132\cam_single\Ti60F225_dsi\edge_vision_soc.v:181)
[EFX-0011 VERI-WARNING] Input/inout port sw7 is unconnected. Place and route may remove this unconnected port. (VDB-8003) (C:\Users\Jing-XuanTan(i)\Downloads\evsoc-efinity-v2026.1.132\evsoc-efinity-v2026.1.132\cam_single\Ti60F225_dsi\edge_vision_soc.v:182)
[EFX-0011 VERI-WARNING] Net soc_io_w_payload_id[0] is dangling. (VDB-8009) 
[EFX-0011 VERI-WARNING] Net soc_io_arw_payload_region[0] is dangling. (VDB-8009) 
[EFX-0011 VERI-WARNING] Net soc_io_arw_payload_cache[0] is dangling. (VDB-8009) 
[EFX-0011 VERI-WARNING] Net u_risc_v/u_EfxSapphireSoc/io_ddrA_r_rData_id[0] is dangling. (VDB-8009) 
[EFX-0011 VERI-WARNING] Net soc_io_arw_payload_prot[0] is dangling. (VDB-8009) 
[EFX-0011 VERI-WARNING] Net soc_io_arw_payload_lock is dangling. (VDB-8009) 
[EFX-0011 VERI-WARNING] Net soc_io_arw_payload_qos[0] is dangling. (VDB-8009) 
[EFX-0011 VERI-WARNING] Net u_risc_v/u_EfxSapphireSoc/system_cores_0_logic_cpu/IBusCachedPlugin_cache/lineLoader_address[0] is dangling. (VDB-8009) 
[EFX-0011 VERI-WARNING] Net u_risc_v/u_EfxSapphireSoc/system_cores_0_logic_cpu/IBusCachedPlugin_cache/lineLoader_address[1] is dangling. (VDB-8009) 
[EFX-0011 VERI-WARNING] Net u_risc_v/u_EfxSapphireSoc/system_cores_0_logic_cpu/IBusCachedPlugin_cache/lineLoader_address[2] is dangling. (VDB-8009) 
[EFX-0011 VERI-WARNING] Net u_risc_v/u_EfxSapphireSoc/system_cores_0_logic_cpu/IBusCachedPlugin_cache/lineLoader_address[3] is dangling. (VDB-8009) 
[EFX-0011 VERI-WARNING] Net u_risc_v/u_EfxSapphireSoc/system_cores_0_logic_cpu/IBusCachedPlugin_cache/lineLoader_address[4] is dangling. (VDB-8009) 
[EFX-0011 VERI-WARNING] Net u_risc_v/u_EfxSapphireSoc/system_cores_0_logic_cpu/IBusCachedPlugin_cache/lineLoader_address[5] is dangling. (VDB-8009) 
[EFX-0011 VERI-WARNING] Net soc_io_arw_payload_addr[31] is dangling. (VDB-8009) 
[EFX-0011 VERI-WARNING] Net soc_io_w_payload_id[1] is dangling. (VDB-8009) 
[EFX-0011 VERI-WARNING] Net soc_io_w_payload_id[2] is dangling. (VDB-8009) 
[EFX-0011 VERI-WARNING] Net soc_io_w_payload_id[3] is dangling. (VDB-8009) 
[EFX-0011 VERI-WARNING] Net soc_io_w_payload_id[4] is dangling. (VDB-8009) 
[EFX-0011 VERI-WARNING] Net soc_io_w_payload_id[5] is dangling. (VDB-8009) 
[EFX-0011 VERI-WARNING] Net soc_io_w_payload_id[6] is dangling. (VDB-8009) 
[EFX-0011 VERI-WARNING] Net soc_io_w_payload_id[7] is dangling. (VDB-8009) 
[EFX-0011 VERI-WARNING] Net u_risc_v/u_EfxSapphireSoc/io_ddrA_r_rData_id[1] is dangling. (VDB-8009) 
[EFX-0011 VERI-WARNING] Net u_risc_v/u_EfxSapphireSoc/io_ddrA_r_rData_id[2] is dangling. (VDB-8009) 
[EFX-0011 VERI-WARNING] Net u_risc_v/u_EfxSapphireSoc/io_ddrA_r_rData_id[3] is dangling. (VDB-8009) 
[EFX-0011 VERI-WARNING] Net u_risc_v/u_EfxSapphireSoc/io_ddrA_r_rData_id[4] is dangling. (VDB-8009) 
[EFX-0011 VERI-WARNING] Net u_risc_v/u_EfxSapphireSoc/io_ddrA_r_rData_id[5] is dangling. (VDB-8009) 
[EFX-0011 VERI-WARNING] Net u_risc_v/u_EfxSapphireSoc/io_ddrA_r_rData_id[6] is dangling. (VDB-8009) 
[EFX-0011 VERI-WARNING] Net u_risc_v/u_EfxSapphireSoc/io_ddrA_r_rData_id[7] is dangling. (VDB-8009) 
[EFX-0011 VERI-WARNING] Net soc_io_arw_payload_region[1] is dangling. (VDB-8009) 
[EFX-0011 VERI-WARNING] Net soc_io_arw_payload_region[2] is dangling. (VDB-8009) 
[EFX-0011 VERI-WARNING] Net soc_io_arw_payload_region[3] is dangling. (VDB-8009) 
[EFX-0011 VERI-WARNING] Net soc_io_arw_payload_cache[1] is dangling. (VDB-8009) 
[EFX-0011 VERI-WARNING] Net soc_io_arw_payload_cache[2] is dangling. (VDB-8009) 
[EFX-0011 VERI-WARNING] Net soc_io_arw_payload_cache[3] is dangling. (VDB-8009) 
[EFX-0011 VERI-WARNING] Net soc_io_arw_payload_qos[1] is dangling. (VDB-8009) 
[EFX-0011 VERI-WARNING] Net soc_io_arw_payload_qos[2] is dangling. (VDB-8009) 
[EFX-0011 VERI-WARNING] Net soc_io_arw_payload_qos[3] is dangling. (VDB-8009) 
[EFX-0011 VERI-WARNING] Net soc_io_arw_payload_prot[1] is dangling. (VDB-8009) 
[EFX-0011 VERI-WARNING] Net soc_io_arw_payload_prot[2] is dangling. (VDB-8009) 
[EFX-0011 VERI-WARNING] Net dma_arregion[0] is dangling. (VDB-8009) 
[EFX-0011 VERI-WARNING] Net dma_awregion[0] is dangling. (VDB-8009) 
[EFX-0011 VERI-WARNING] Net dma_arregion[1] is dangling. (VDB-8009) 
[EFX-0011 VERI-WARNING] Net dma_arregion[2] is dangling. (VDB-8009) 
[EFX-0011 VERI-WARNING] Net dma_arregion[3] is dangling. (VDB-8009) 
[EFX-0011 VERI-WARNING] Net dma_awregion[1] is dangling. (VDB-8009) 
[EFX-0011 VERI-WARNING] Net dma_awregion[2] is dangling. (VDB-8009) 
[EFX-0011 VERI-WARNING] Net dma_awregion[3] is dangling. (VDB-8009) 
[EFX-0011 VERI-WARNING] Net u_hbram/u_hbram_top/hbc_dq_OE_2[0] is dangling. (VDB-8009) 
[EFX-0011 VERI-WARNING] Net u_hbram/u_hbram_top/hbc_dq_OE_2[1] is dangling. (VDB-8009) 
[EFX-0011 VERI-WARNING] Net u_hbram/u_hbram_top/hbc_dq_OE_2[2] is dangling. (VDB-8009) 
[EFX-0011 VERI-WARNING] Net u_hbram/u_hbram_top/hbc_dq_OE_2[3] is dangling. (VDB-8009) 
[EFX-0011 VERI-WARNING] Net u_hbram/u_hbram_top/hbc_dq_OE_2[4] is dangling. (VDB-8009) 
[EFX-0011 VERI-WARNING] Net u_hbram/u_hbram_top/hbc_dq_OE_2[5] is dangling. (VDB-8009) 
[EFX-0011 VERI-WARNING] Net u_hbram/u_hbram_top/hbc_dq_OE_2[6] is dangling. (VDB-8009) 
[EFX-0011 VERI-WARNING] Net u_hbram/u_hbram_top/hbc_dq_OE_2[7] is dangling. (VDB-8009) 
[EFX-0011 VERI-WARNING] Net u_hbram/u_hbram_top/hbc_dq_OE_2[8] is dangling. (VDB-8009) 
[EFX-0011 VERI-WARNING] Net u_hbram/u_hbram_top/hbc_dq_OE_2[9] is dangling. (VDB-8009) 
[EFX-0011 VERI-WARNING] Net u_hbram/u_hbram_top/hbc_dq_OE_2[10] is dangling. (VDB-8009) 
[EFX-0011 VERI-WARNING] Net u_hbram/u_hbram_top/hbc_dq_OE_2[11] is dangling. (VDB-8009) 
[EFX-0011 VERI-WARNING] Net u_hbram/u_hbram_top/hbc_dq_OE_2[12] is dangling. (VDB-8009) 
[EFX-0011 VERI-WARNING] Net u_hbram/u_hbram_top/hbc_dq_OE_2[13] is dangling. (VDB-8009) 
[EFX-0011 VERI-WARNING] Net u_hbram/u_hbram_top/hbc_dq_OE_2[14] is dangling. (VDB-8009) 
[EFX-0011 VERI-WARNING] Net u_hbram/u_hbram_top/hbc_dq_OE_2[15] is dangling. (VDB-8009) 
[EFX-0011 VERI-WARNING] Net u_risc_v/u_EfxSapphireSoc/system_ddr_ddrLogic_cc_fifo/io_input_cmd_queue/popCC_popPtrPlus[0] is dangling. (VDB-8009) 
[EFX-0011 VERI-WARNING] Net u_risc_v/u_EfxSapphireSoc/system_ddr_ddrLogic_cc_fifo/io_output_rsp_queue/popCC_popPtrPlus[0] is dangling. (VDB-8009) 
[EFX-0011 VERI-WARNING] Net u_dma/u_EfxDMA/outputsAdapter_2_crossclock_fifo/popCC_popPtrPlus[0] is dangling. (VDB-8009) 
[EFX-0011 VERI-WARNING] Net u_dma/u_EfxDMA/inputsAdapter_1_crossclock_fifo/popCC_popPtrPlus[0] is dangling. (VDB-8009) 
[EFX-0011 VERI-WARNING] Net u_dma/u_EfxDMA/outputsAdapter_1_crossclock_fifo/popCC_popPtrPlus[0] is dangling. (VDB-8009) 
[EFX-0011 VERI-WARNING] Net u_dma/u_EfxDMA/inputsAdapter_0_crossclock_fifo/popCC_popPtrPlus[0] is dangling. (VDB-8009) 
[EFX-0011 VERI-WARNING] Found 123 warnings in the post-synthesis netlist. 
