
---------- Module Resource Usage Distribution Estimates (begin) ----------

+--------------------------------------------------------------------------------------------------------------+----------------+--------+------+------------+-----------------+-----------+------------------+-----------+------------------+----------+-----------------+------------+
|                                                  inst_name                                                   |      xlr       |  mem   | dsp  |  xlr_lut4  | xlr_lut4_and_ff | xlr_comb4 | xlr_comb4_and_ff | xlr_adder | xlr_adder_and_ff | xlr_srl8 | xlr_srl8_and_ff |   xlr_ff   |
+--------------------------------------------------------------------------------------------------------------+----------------+--------+------+------------+-----------------+-----------+------------------+-----------+------------------+----------+-----------------+------------+
| +edge_vision_soc                                                                                             |   37277(71)    | 195(0) | 9(0) |  14083(9)  |     8502(1)     |   0(0)    |       0(0)       |  2108(0)  |     1406(19)     |  10(0)   |      0(0)       | 11168(42)  |
|  +u_apb3_cam_display                                                                                         |    711(711)    |  0(0)  | 0(0) |  448(448)  |     35(35)      |   0(0)    |       0(0)       |   0(0)    |       0(0)       |   0(0)   |      0(0)       |  228(228)  |
|  +u_axi_full_to_half_duplex                                                                                  |     52(52)     |  0(0)  | 0(0) |   50(50)   |      2(2)       |   0(0)    |       0(0)       |   0(0)    |       0(0)       |   0(0)   |      0(0)       |    0(0)    |
|  +u_axi_interconnect                                                                                         |    718(698)    |  0(0)  | 0(0) |  122(112)  |    572(563)     |   0(0)    |       0(0)       |   9(9)    |       0(0)       |   0(0)   |      0(0)       |   15(14)   |
|   +arb_inst                                                                                                  |    20(19.5)    |  0(0)  | 0(0) |   10(10)   |     9(8.5)      |   0(0)    |       0(0)       |   0(0)    |       0(0)       |   0(0)   |      0(0)       |    1(1)    |
|    +priority_encoder_inst                                                                                    |    0.5(0.5)    |  0(0)  | 0(0) |    0(0)    |    0.5(0.5)     |   0(0)    |       0(0)       |   0(0)    |       0(0)       |   0(0)   |      0(0)       |    0(0)    |
|  +u_cam                                                                                                      |   6521(2096)   | 29(0)  | 5(0) | 1770(430)  |    996(110)     |   0(0)    |       0(0)       |  499(20)  |     313(179)     |   0(0)   |      0(0)       | 2943(1357) |
|   +u_cam_crop                                                                                                |  108.5(108.5)  |  0(0)  | 0(0) |   25(25)   |   48.5(48.5)    |   0(0)    |       0(0)       |  11(11)   |       0(0)       |   0(0)   |      0(0)       |   24(24)   |
|   +u_cam_dma_fifo                                                                                            |     44(0)      |  5(0)  | 0(0) |    8(0)    |      1(0)       |   0(0)    |       0(0)       |   0(0)    |      21(0)       |   0(0)   |      0(0)       |   14(0)    |
|    +u_efx_fifo_top                                                                                           |     44(0)      |  5(0)  | 0(0) |    8(0)    |      1(0)       |   0(0)    |       0(0)       |   0(0)    |      21(0)       |   0(0)   |      0(0)       |   14(0)    |
|     +genblk2.efx_resetsync_a_rst                                                                             |      2(0)      |  0(0)  | 0(0) |    0(0)    |      0(0)       |   0(0)    |       0(0)       |   0(0)    |       0(0)       |   0(0)   |      0(0)       |    2(0)    |
|      +active_high.efx_resetsync_active_high                                                                  |      2(2)      |  0(0)  | 0(0) |    0(0)    |      0(0)       |   0(0)    |       0(0)       |   0(0)    |       0(0)       |   0(0)   |      0(0)       |    2(2)    |
|     +xefx_fifo_ctl                                                                                           |     42(42)     |  0(0)  | 0(0) |    8(8)    |      1(1)       |   0(0)    |       0(0)       |   0(0)    |      21(21)      |   0(0)   |      0(0)       |   12(12)   |
|     +xefx_fifo_ram                                                                                           |      0(0)      |  5(5)  | 0(0) |    0(0)    |      0(0)       |   0(0)    |       0(0)       |   0(0)    |       0(0)       |   0(0)   |      0(0)       |    0(0)    |
|   +u_cam_downscaling                                                                                         |     80(80)     |  0(0)  | 0(0) |    6(6)    |      1(1)       |   0(0)    |       0(0)       |   0(0)    |       0(0)       |   0(0)   |      0(0)       |   73(73)   |
|   +u_cam_pixel_remap_fifo                                                                                    |     35(0)      |  2(0)  | 0(0) |    9(0)    |      2(0)       |   0(0)    |       0(0)       |   0(0)    |      19(0)       |   0(0)   |      0(0)       |    5(0)    |
|    +u_efx_fifo_top                                                                                           |     35(0)      |  2(0)  | 0(0) |    9(0)    |      2(0)       |   0(0)    |       0(0)       |   0(0)    |      19(0)       |   0(0)   |      0(0)       |    5(0)    |
|     +genblk2.efx_resetsync_a_rst                                                                             |      2(0)      |  0(0)  | 0(0) |    0(0)    |      0(0)       |   0(0)    |       0(0)       |   0(0)    |       0(0)       |   0(0)   |      0(0)       |    2(0)    |
|      +active_high.efx_resetsync_active_high                                                                  |      2(2)      |  0(0)  | 0(0) |    0(0)    |      0(0)       |   0(0)    |       0(0)       |   0(0)    |       0(0)       |   0(0)   |      0(0)       |    2(2)    |
|     +xefx_fifo_ctl                                                                                           |     31(31)     |  0(0)  | 0(0) |    8(8)    |      2(2)       |   0(0)    |       0(0)       |   0(0)    |      19(19)      |   0(0)   |      0(0)       |    2(2)    |
|     +xefx_fifo_ram                                                                                           |      2(2)      |  2(2)  | 0(0) |    1(1)    |      0(0)       |   0(0)    |       0(0)       |   0(0)    |       0(0)       |   0(0)   |      0(0)       |    1(1)    |
|   +u_isp_top                                                                                                 |   3931.5(0)    | 22(0)  | 5(0) |  1292(0)   |    833.5(0)     |   0(0)    |       0(0)       |  242(0)   |      94(0)       |   0(0)   |      0(0)       |  1470(0)   |
|    +isp_int                                                                                                  |  3931.5(18.5)  | 22(0)  | 5(0) |  1292(2)   |   833.5(16.5)   |   0(0)    |       0(0)       |  242(0)   |      94(0)       |   0(0)   |      0(0)       |  1470(0)   |
|     +axi_lite_register_inst                                                                                  |  465.5(465.5)  |  0(0)  | 0(0) |  242(242)  |   72.5(72.5)    |   0(0)    |       0(0)       |   0(0)    |       0(0)       |   0(0)   |      0(0)       |  151(151)  |
|     +blc_inst                                                                                                |    124(124)    |  0(0)  | 0(0) |    3(3)    |     36(36)      |   0(0)    |       0(0)       |  36(36)   |       0(0)       |   0(0)   |      0(0)       |   49(49)   |
|     +ccm_inst                                                                                                |    253(253)    |  0(0)  | 3(3) |   13(13)   |     38(38)      |   0(0)    |       0(0)       |   0(0)    |       0(0)       |   0(0)   |      0(0)       |  202(202)  |
|     +colorgain_inst                                                                                          |  198.5(198.5)  |  0(0)  | 2(2) |   44(44)   |   25.5(25.5)    |   0(0)    |       0(0)       |   0(0)    |       0(0)       |   0(0)   |      0(0)       |  129(129)  |
|     +demosaic_inst                                                                                           |    531(372)    | 10(0)  | 0(0) |   24(15)   |      19(6)      |   0(0)    |       0(0)       |  32(23)   |      94(94)      |   0(0)   |      0(0)       |  362(234)  |
|      +linebuffer_inst                                                                                        |    159(159)    | 10(0)  | 0(0) |    9(9)    |     13(13)      |   0(0)    |       0(0)       |   9(9)    |       0(0)       |   0(0)   |      0(0)       |  128(128)  |
|       +linebuffer_sdpram[0].sdpram                                                                           |      0(0)      |  3(3)  | 0(0) |    0(0)    |      0(0)       |   0(0)    |       0(0)       |   0(0)    |       0(0)       |   0(0)   |      0(0)       |    0(0)    |
|       +linebuffer_sdpram[1].sdpram                                                                           |      0(0)      |  3(3)  | 0(0) |    0(0)    |      0(0)       |   0(0)    |       0(0)       |   0(0)    |       0(0)       |   0(0)   |      0(0)       |    0(0)    |
|       +linebuffer_sdpram[2].sdpram                                                                           |      0(0)      |  2(2)  | 0(0) |    0(0)    |      0(0)       |   0(0)    |       0(0)       |   0(0)    |       0(0)       |   0(0)   |      0(0)       |    0(0)    |
|       +linebuffer_sdpram[3].sdpram                                                                           |      0(0)      |  2(2)  | 0(0) |    0(0)    |      0(0)       |   0(0)    |       0(0)       |   0(0)    |       0(0)       |   0(0)   |      0(0)       |    0(0)    |
|     +gamma_inst                                                                                              |    114(27)     | 12(0)  | 0(0) |   12(0)    |      1(1)       |   0(0)    |       0(0)       |   0(0)    |       0(0)       |   0(0)   |      0(0)       |  101(26)   |
|      +gamma_b_inst                                                                                           |     27(27)     |  4(0)  | 0(0) |    4(4)    |      0(0)       |   0(0)    |       0(0)       |   0(0)    |       0(0)       |   0(0)   |      0(0)       |   23(23)   |
|       +lut_rom1_inst                                                                                         |      0(0)      |  4(4)  | 0(0) |    0(0)    |      0(0)       |   0(0)    |       0(0)       |   0(0)    |       0(0)       |   0(0)   |      0(0)       |    0(0)    |
|      +gamma_g_inst                                                                                           |     27(27)     |  4(0)  | 0(0) |    4(4)    |      0(0)       |   0(0)    |       0(0)       |   0(0)    |       0(0)       |   0(0)   |      0(0)       |   23(23)   |
|       +lut_rom1_inst                                                                                         |      0(0)      |  4(4)  | 0(0) |    0(0)    |      0(0)       |   0(0)    |       0(0)       |   0(0)    |       0(0)       |   0(0)   |      0(0)       |    0(0)    |
|      +gamma_r_inst                                                                                           |     33(33)     |  4(0)  | 0(0) |    4(4)    |      0(0)       |   0(0)    |       0(0)       |   0(0)    |       0(0)       |   0(0)   |      0(0)       |   29(29)   |
|       +lut_rom1_inst                                                                                         |      0(0)      |  4(4)  | 0(0) |    0(0)    |      0(0)       |   0(0)    |       0(0)       |   0(0)    |       0(0)       |   0(0)   |      0(0)       |    0(0)    |
|     +min_max_timer_inst0                                                                                     |  341.5(341.5)  |  0(0)  | 0(0) |  157(157)  |   92.5(92.5)    |   0(0)    |       0(0)       |  29(29)   |       0(0)       |   0(0)   |      0(0)       |   63(63)   |
|     +min_max_timer_inst1                                                                                     |  373.5(373.5)  |  0(0)  | 0(0) |  188(188)  |   92.5(92.5)    |   0(0)    |       0(0)       |  29(29)   |       0(0)       |   0(0)   |      0(0)       |   64(64)   |
|     +min_max_timer_inst2                                                                                     |  334.5(334.5)  |  0(0)  | 0(0) |  149(149)  |   92.5(92.5)    |   0(0)    |       0(0)       |  29(29)   |       0(0)       |   0(0)   |      0(0)       |   64(64)   |
|     +min_max_timer_inst3                                                                                     |  334.5(334.5)  |  0(0)  | 0(0) |  149(149)  |   92.5(92.5)    |   0(0)    |       0(0)       |  29(29)   |       0(0)       |   0(0)   |      0(0)       |   64(64)   |
|     +min_max_timer_inst4                                                                                     |  335.5(335.5)  |  0(0)  | 0(0) |  150(150)  |   92.5(92.5)    |   0(0)    |       0(0)       |  29(29)   |       0(0)       |   0(0)   |      0(0)       |   64(64)   |
|     +min_max_timer_inst5                                                                                     |  336.5(336.5)  |  0(0)  | 0(0) |  151(151)  |   92.5(92.5)    |   0(0)    |       0(0)       |  29(29)   |       0(0)       |   0(0)   |      0(0)       |   64(64)   |
|     +skidbuffer1_inst                                                                                        |     60(60)     |  0(0)  | 0(0) |    4(4)    |     29(29)      |   0(0)    |       0(0)       |   0(0)    |       0(0)       |   0(0)   |      0(0)       |   27(27)   |
|     +skidbuffer2_inst                                                                                        |     84(84)     |  0(0)  | 0(0) |    4(4)    |     41(41)      |   0(0)    |       0(0)       |   0(0)    |       0(0)       |   0(0)   |      0(0)       |   39(39)   |
|     +skidbuffer3_inst                                                                                        |     27(27)     |  0(0)  | 0(0) |    0(0)    |      0(0)       |   0(0)    |       0(0)       |   0(0)    |       0(0)       |   0(0)   |      0(0)       |   27(27)   |
|   +u_rgb2gray                                                                                                |     226(0)     |  0(0)  | 0(0) |    0(0)    |      0(0)       |   0(0)    |       0(0)       |  226(0)   |       0(0)       |   0(0)   |      0(0)       |    0(0)    |
|    +genblk1[0].u_rgb2gray_1PPC                                                                               |    113(113)    |  0(0)  | 0(0) |    0(0)    |      0(0)       |   0(0)    |       0(0)       | 113(113)  |       0(0)       |   0(0)   |      0(0)       |    0(0)    |
|    +genblk1[1].u_rgb2gray_1PPC                                                                               |    113(113)    |  0(0)  | 0(0) |    0(0)    |      0(0)       |   0(0)    |       0(0)       | 113(113)  |       0(0)       |   0(0)   |      0(0)       |    0(0)    |
|  +u_common_reset                                                                                             |      4(0)      |  0(0)  | 0(0) |    0(0)    |      0(0)       |   0(0)    |       0(0)       |   0(0)    |       0(0)       |   0(0)   |      0(0)       |    4(0)    |
|   +genblk1[0].genblk1.genblk1.inst_sysclk_rstn                                                               |      1(1)      |  0(0)  | 0(0) |    0(0)    |      0(0)       |   0(0)    |       0(0)       |   0(0)    |       0(0)       |   0(0)   |      0(0)       |    1(1)    |
|   +genblk1[2].genblk1.genblk1.inst_sysclk_rstn                                                               |      1(1)      |  0(0)  | 0(0) |    0(0)    |      0(0)       |   0(0)    |       0(0)       |   0(0)    |       0(0)       |   0(0)   |      0(0)       |    1(1)    |
|   +genblk1[4].genblk1.genblk1.inst_sysclk_rstn                                                               |      1(1)      |  0(0)  | 0(0) |    0(0)    |      0(0)       |   0(0)    |       0(0)       |   0(0)    |       0(0)       |   0(0)   |      0(0)       |    1(1)    |
|   +genblk1[6].genblk1.genblk1.inst_sysclk_rstn                                                               |      1(1)      |  0(0)  | 0(0) |    0(0)    |      0(0)       |   0(0)    |       0(0)       |   0(0)    |       0(0)       |   0(0)   |      0(0)       |    1(1)    |
|  +u_csi2_rx_cam                                                                                              |    2658(0)     | 15(0)  | 0(0) |  1533(0)   |     539(0)      |   0(0)    |       0(0)       |  137(0)   |      50(0)       |   0(0)   |      0(0)       |   399(0)   |
|   +u_efx_csi2_rx                                                                                             |    2658(0)     | 15(0)  | 0(0) |  1533(0)   |     539(0)      |   0(0)    |       0(0)       |  137(0)   |      50(0)       |   0(0)   |      0(0)       |   399(0)   |
|    +csi2_rx_top_inst                                                                                         |    2018(37)    | 15(0)  | 0(0) |  1153(10)  |     448(1)      |   0(0)    |       0(0)       |  104(0)   |      50(17)      |   0(0)   |      0(0)       |   263(9)   |
|     +depacketizer_inst                                                                                       |  406.5(335.5)  |  0(0)  | 0(0) |  238(192)  |   113.5(88.5)   |   0(0)    |       0(0)       |   0(0)    |       0(0)       |   0(0)   |      0(0)       |   55(55)   |
|      +genblk4.ecc_check_inst                                                                                 |     71(71)     |  0(0)  | 0(0) |   46(46)   |     25(25)      |   0(0)    |       0(0)       |   0(0)    |       0(0)       |   0(0)   |      0(0)       |    0(0)    |
|     +genblk2.lane_aligner_inst                                                                               |     58(3)      |  2(0)  | 0(0) |   21(0)    |      9(1)       |   0(0)    |       0(0)       |   0(0)    |      10(0)       |   0(0)   |      0(0)       |   18(2)    |
|      +genblk1[0].u1_inst                                                                                     |     29(0)      |  1(0)  | 0(0) |   12(0)    |      4(0)       |   0(0)    |       0(0)       |   0(0)    |       5(0)       |   0(0)   |      0(0)       |    8(0)    |
|       +genblk2.efx_resetsync_a_rst                                                                           |      2(0)      |  0(0)  | 0(0) |    0(0)    |      0(0)       |   0(0)    |       0(0)       |   0(0)    |       0(0)       |   0(0)   |      0(0)       |    2(0)    |
|        +active_high.efx_resetsync_active_high                                                                |      2(2)      |  0(0)  | 0(0) |    0(0)    |      0(0)       |   0(0)    |       0(0)       |   0(0)    |       0(0)       |   0(0)   |      0(0)       |    2(2)    |
|       +xefx_fifo_ctl                                                                                         |     27(27)     |  0(0)  | 0(0) |   12(12)   |      4(4)       |   0(0)    |       0(0)       |   0(0)    |       5(5)       |   0(0)   |      0(0)       |    6(6)    |
|       +xefx_fifo_ram                                                                                         |      0(0)      |  1(1)  | 0(0) |    0(0)    |      0(0)       |   0(0)    |       0(0)       |   0(0)    |       0(0)       |   0(0)   |      0(0)       |    0(0)    |
|      +genblk1[1].u1_inst                                                                                     |     26(0)      |  1(0)  | 0(0) |    9(0)    |      4(0)       |   0(0)    |       0(0)       |   0(0)    |       5(0)       |   0(0)   |      0(0)       |    8(0)    |
|       +genblk2.efx_resetsync_a_rst                                                                           |      2(0)      |  0(0)  | 0(0) |    0(0)    |      0(0)       |   0(0)    |       0(0)       |   0(0)    |       0(0)       |   0(0)   |      0(0)       |    2(0)    |
|        +active_high.efx_resetsync_active_high                                                                |      2(2)      |  0(0)  | 0(0) |    0(0)    |      0(0)       |   0(0)    |       0(0)       |   0(0)    |       0(0)       |   0(0)   |      0(0)       |    2(2)    |
|       +xefx_fifo_ctl                                                                                         |     24(24)     |  0(0)  | 0(0) |    9(9)    |      4(4)       |   0(0)    |       0(0)       |   0(0)    |       5(5)       |   0(0)   |      0(0)       |    6(6)    |
|       +xefx_fifo_ram                                                                                         |      0(0)      |  1(1)  | 0(0) |    0(0)    |      0(0)       |   0(0)    |       0(0)       |   0(0)    |       0(0)       |   0(0)   |      0(0)       |    0(0)    |
|     +genblk3.byte2pixel_inst                                                                                 |  1510.5(512)   | 13(0)  | 0(0) |  884(336)  |    324.5(81)    |   0(0)    |       0(0)       |  104(91)  |      23(0)       |   0(0)   |      0(0)       |   175(4)   |
|      +genblk2.depack40bit_inst                                                                               |  228.5(228.5)  |  0(0)  | 0(0) |  178(178)  |   45.5(45.5)    |   0(0)    |       0(0)       |   0(0)    |       0(0)       |   0(0)   |      0(0)       |    5(5)    |
|      +genblk3.depack48bit_inst                                                                               |    142(142)    |  0(0)  | 0(0) |   66(66)   |     52(52)      |   0(0)    |       0(0)       |   0(0)    |       0(0)       |   0(0)   |      0(0)       |   24(24)   |
|      +genblk4.depack56bit_inst                                                                               |  336.5(336.5)  |  0(0)  | 0(0) |  240(240)  |   61.5(61.5)    |   0(0)    |       0(0)       |   0(0)    |       0(0)       |   0(0)   |      0(0)       |   35(35)   |
|      +genblk5.depack64bit_inst                                                                               |   84.5(84.5)   |  0(0)  | 0(0) |   44(44)   |   40.5(40.5)    |   0(0)    |       0(0)       |   0(0)    |       0(0)       |   0(0)   |      0(0)       |    0(0)    |
|      +syncreg_0                                                                                              |      2(2)      |  0(0)  | 0(0) |    0(0)    |      0(0)       |   0(0)    |       0(0)       |   0(0)    |       0(0)       |   0(0)   |      0(0)       |    2(2)    |
|      +syncreg_1                                                                                              |      2(2)      |  0(0)  | 0(0) |    0(0)    |      0(0)       |   0(0)    |       0(0)       |   0(0)    |       0(0)       |   0(0)   |      0(0)       |    2(2)    |
|      +syncreg_10                                                                                             |      2(2)      |  0(0)  | 0(0) |    0(0)    |      0(0)       |   0(0)    |       0(0)       |   0(0)    |       0(0)       |   0(0)   |      0(0)       |    2(2)    |
|      +syncreg_11                                                                                             |      2(2)      |  0(0)  | 0(0) |    0(0)    |      0(0)       |   0(0)    |       0(0)       |   0(0)    |       0(0)       |   0(0)   |      0(0)       |    2(2)    |
|      +syncreg_12                                                                                             |      2(2)      |  0(0)  | 0(0) |    0(0)    |      0(0)       |   0(0)    |       0(0)       |   0(0)    |       0(0)       |   0(0)   |      0(0)       |    2(2)    |
|      +syncreg_13                                                                                             |      2(2)      |  0(0)  | 0(0) |    0(0)    |      0(0)       |   0(0)    |       0(0)       |   0(0)    |       0(0)       |   0(0)   |      0(0)       |    2(2)    |
|      +syncreg_14                                                                                             |      2(2)      |  0(0)  | 0(0) |    0(0)    |      0(0)       |   0(0)    |       0(0)       |   0(0)    |       0(0)       |   0(0)   |      0(0)       |    2(2)    |
|      +syncreg_15                                                                                             |      2(2)      |  0(0)  | 0(0) |    0(0)    |      0(0)       |   0(0)    |       0(0)       |   0(0)    |       0(0)       |   0(0)   |      0(0)       |    2(2)    |
|      +syncreg_16                                                                                             |      2(2)      |  0(0)  | 0(0) |    0(0)    |      0(0)       |   0(0)    |       0(0)       |   0(0)    |       0(0)       |   0(0)   |      0(0)       |    2(2)    |
|      +syncreg_17                                                                                             |      2(2)      |  0(0)  | 0(0) |    0(0)    |      0(0)       |   0(0)    |       0(0)       |   0(0)    |       0(0)       |   0(0)   |      0(0)       |    2(2)    |
|      +syncreg_18                                                                                             |      2(2)      |  0(0)  | 0(0) |    0(0)    |      0(0)       |   0(0)    |       0(0)       |   0(0)    |       0(0)       |   0(0)   |      0(0)       |    2(2)    |
|      +syncreg_2                                                                                              |      2(2)      |  0(0)  | 0(0) |    0(0)    |      0(0)       |   0(0)    |       0(0)       |   0(0)    |       0(0)       |   0(0)   |      0(0)       |    2(2)    |
|      +syncreg_23                                                                                             |      2(2)      |  0(0)  | 0(0) |    0(0)    |      0(0)       |   0(0)    |       0(0)       |   0(0)    |       0(0)       |   0(0)   |      0(0)       |    2(2)    |
|      +syncreg_24                                                                                             |      2(2)      |  0(0)  | 0(0) |    0(0)    |      0(0)       |   0(0)    |       0(0)       |   0(0)    |       0(0)       |   0(0)   |      0(0)       |    2(2)    |
|      +syncreg_25                                                                                             |      2(2)      |  0(0)  | 0(0) |    0(0)    |      0(0)       |   0(0)    |       0(0)       |   0(0)    |       0(0)       |   0(0)   |      0(0)       |    2(2)    |
|      +syncreg_26                                                                                             |      2(2)      |  0(0)  | 0(0) |    0(0)    |      0(0)       |   0(0)    |       0(0)       |   0(0)    |       0(0)       |   0(0)   |      0(0)       |    2(2)    |
|      +syncreg_3                                                                                              |      2(2)      |  0(0)  | 0(0) |    0(0)    |      0(0)       |   0(0)    |       0(0)       |   0(0)    |       0(0)       |   0(0)   |      0(0)       |    2(2)    |
|      +syncreg_4                                                                                              |      2(2)      |  0(0)  | 0(0) |    0(0)    |      0(0)       |   0(0)    |       0(0)       |   0(0)    |       0(0)       |   0(0)   |      0(0)       |    2(2)    |
|      +syncreg_5                                                                                              |      2(2)      |  0(0)  | 0(0) |    0(0)    |      0(0)       |   0(0)    |       0(0)       |   0(0)    |       0(0)       |   0(0)   |      0(0)       |    2(2)    |
|      +syncreg_6                                                                                              |      2(2)      |  0(0)  | 0(0) |    0(0)    |      0(0)       |   0(0)    |       0(0)       |   0(0)    |       0(0)       |   0(0)   |      0(0)       |    2(2)    |
|      +syncreg_7                                                                                              |      2(2)      |  0(0)  | 0(0) |    0(0)    |      0(0)       |   0(0)    |       0(0)       |   0(0)    |       0(0)       |   0(0)   |      0(0)       |    2(2)    |
|      +syncreg_8                                                                                              |      2(2)      |  0(0)  | 0(0) |    0(0)    |      0(0)       |   0(0)    |       0(0)       |   0(0)    |       0(0)       |   0(0)   |      0(0)       |    2(2)    |
|      +syncreg_9                                                                                              |      2(2)      |  0(0)  | 0(0) |    0(0)    |      0(0)       |   0(0)    |       0(0)       |   0(0)    |       0(0)       |   0(0)   |      0(0)       |    2(2)    |
|      +syncreg_fifowr_done                                                                                    |      2(2)      |  0(0)  | 0(0) |    0(0)    |      0(0)       |   0(0)    |       0(0)       |   0(0)    |       0(0)       |   0(0)   |      0(0)       |    2(2)    |
|      +syncreg_fifo_buffer                                                                                    |      2(2)      |  0(0)  | 0(0) |    0(0)    |      0(0)       |   0(0)    |       0(0)       |   0(0)    |       0(0)       |   0(0)   |      0(0)       |    2(2)    |
|      +u1_inst                                                                                                |     157(0)     | 13(0)  | 0(0) |   20(0)    |      44(0)      |   0(0)    |       0(0)       |   13(0)   |      23(0)       |   0(0)   |      0(0)       |   57(0)    |
|       +genblk2.genblk1.efx_resetsync_rd_rst                                                                  |      2(0)      |  0(0)  | 0(0) |    0(0)    |      0(0)       |   0(0)    |       0(0)       |   0(0)    |       0(0)       |   0(0)   |      0(0)       |    2(0)    |
|        +active_high.efx_resetsync_active_high                                                                |      2(2)      |  0(0)  | 0(0) |    0(0)    |      0(0)       |   0(0)    |       0(0)       |   0(0)    |       0(0)       |   0(0)   |      0(0)       |    2(2)    |
|       +genblk2.genblk1.efx_resetsync_wr_rst                                                                  |      2(0)      |  0(0)  | 0(0) |    0(0)    |      0(0)       |   0(0)    |       0(0)       |   0(0)    |       0(0)       |   0(0)   |      0(0)       |    2(0)    |
|        +active_high.efx_resetsync_active_high                                                                |      2(2)      |  0(0)  | 0(0) |    0(0)    |      0(0)       |   0(0)    |       0(0)       |   0(0)    |       0(0)       |   0(0)   |      0(0)       |    2(2)    |
|       +xefx_fifo_ctl                                                                                         |    153(83)     |  0(0)  | 0(0) |   20(20)   |     44(22)      |   0(0)    |       0(0)       |  13(13)   |      23(23)      |   0(0)   |      0(0)       |   53(5)    |
|        +async_clk.wr2rd_addr_sync                                                                            |     24(24)     |  0(0)  | 0(0) |    0(0)    |      0(0)       |   0(0)    |       0(0)       |   0(0)    |       0(0)       |   0(0)   |      0(0)       |   24(24)   |
|        +async_clk.wr2rd_bin2gray                                                                             |    5.5(5.5)    |  0(0)  | 0(0) |    0(0)    |    5.5(5.5)     |   0(0)    |       0(0)       |   0(0)    |       0(0)       |   0(0)   |      0(0)       |    0(0)    |
|        +async_clk.wr2rd_gray2bin                                                                             |    5.5(0.5)    |  0(0)  | 0(0) |    0(0)    |    5.5(0.5)     |   0(0)    |       0(0)       |   0(0)    |       0(0)       |   0(0)   |      0(0)       |    0(0)    |
|         +genblk1.genblk1.u_gray2bin                                                                          |     5(0.5)     |  0(0)  | 0(0) |    0(0)    |     5(0.5)      |   0(0)    |       0(0)       |   0(0)    |       0(0)       |   0(0)   |      0(0)       |    0(0)    |
|          +genblk1.genblk1.u_gray2bin                                                                         |    4.5(0.5)    |  0(0)  | 0(0) |    0(0)    |    4.5(0.5)     |   0(0)    |       0(0)       |   0(0)    |       0(0)       |   0(0)   |      0(0)       |    0(0)    |
|           +genblk1.genblk1.u_gray2bin                                                                        |     4(0.5)     |  0(0)  | 0(0) |    0(0)    |     4(0.5)      |   0(0)    |       0(0)       |   0(0)    |       0(0)       |   0(0)   |      0(0)       |    0(0)    |
|            +genblk1.genblk1.u_gray2bin                                                                       |    3.5(0.5)    |  0(0)  | 0(0) |    0(0)    |    3.5(0.5)     |   0(0)    |       0(0)       |   0(0)    |       0(0)       |   0(0)   |      0(0)       |    0(0)    |
|             +genblk1.genblk1.u_gray2bin                                                                      |     3(0.5)     |  0(0)  | 0(0) |    0(0)    |     3(0.5)      |   0(0)    |       0(0)       |   0(0)    |       0(0)       |   0(0)   |      0(0)       |    0(0)    |
|              +genblk1.genblk1.u_gray2bin                                                                     |    2.5(0.5)    |  0(0)  | 0(0) |    0(0)    |    2.5(0.5)     |   0(0)    |       0(0)       |   0(0)    |       0(0)       |   0(0)   |      0(0)       |    0(0)    |
|               +genblk1.genblk1.u_gray2bin                                                                    |     2(0.5)     |  0(0)  | 0(0) |    0(0)    |     2(0.5)      |   0(0)    |       0(0)       |   0(0)    |       0(0)       |   0(0)   |      0(0)       |    0(0)    |
|                +genblk1.genblk1.u_gray2bin                                                                   |    1.5(0.5)    |  0(0)  | 0(0) |    0(0)    |    1.5(0.5)     |   0(0)    |       0(0)       |   0(0)    |       0(0)       |   0(0)   |      0(0)       |    0(0)    |
|                 +genblk1.genblk1.u_gray2bin                                                                  |     1(0.5)     |  0(0)  | 0(0) |    0(0)    |     1(0.5)      |   0(0)    |       0(0)       |   0(0)    |       0(0)       |   0(0)   |      0(0)       |    0(0)    |
|                  +genblk1.genblk1.u_gray2bin                                                                 |    0.5(0.5)    |  0(0)  | 0(0) |    0(0)    |    0.5(0.5)     |   0(0)    |       0(0)       |   0(0)    |       0(0)       |   0(0)   |      0(0)       |    0(0)    |
|        +async_clk.xrd2wr_addr_sync                                                                           |     24(24)     |  0(0)  | 0(0) |    0(0)    |      0(0)       |   0(0)    |       0(0)       |   0(0)    |       0(0)       |   0(0)   |      0(0)       |   24(24)   |
|        +async_clk.xrd2wr_bin2gray                                                                            |    5.5(5.5)    |  0(0)  | 0(0) |    0(0)    |    5.5(5.5)     |   0(0)    |       0(0)       |   0(0)    |       0(0)       |   0(0)   |      0(0)       |    0(0)    |
|        +async_clk.xrd2wr_gray2bin                                                                            |    5.5(0.5)    |  0(0)  | 0(0) |    0(0)    |    5.5(0.5)     |   0(0)    |       0(0)       |   0(0)    |       0(0)       |   0(0)   |      0(0)       |    0(0)    |
|         +genblk1.genblk1.u_gray2bin                                                                          |     5(0.5)     |  0(0)  | 0(0) |    0(0)    |     5(0.5)      |   0(0)    |       0(0)       |   0(0)    |       0(0)       |   0(0)   |      0(0)       |    0(0)    |
|          +genblk1.genblk1.u_gray2bin                                                                         |    4.5(0.5)    |  0(0)  | 0(0) |    0(0)    |    4.5(0.5)     |   0(0)    |       0(0)       |   0(0)    |       0(0)       |   0(0)   |      0(0)       |    0(0)    |
|           +genblk1.genblk1.u_gray2bin                                                                        |     4(0.5)     |  0(0)  | 0(0) |    0(0)    |     4(0.5)      |   0(0)    |       0(0)       |   0(0)    |       0(0)       |   0(0)   |      0(0)       |    0(0)    |
|            +genblk1.genblk1.u_gray2bin                                                                       |    3.5(0.5)    |  0(0)  | 0(0) |    0(0)    |    3.5(0.5)     |   0(0)    |       0(0)       |   0(0)    |       0(0)       |   0(0)   |      0(0)       |    0(0)    |
|             +genblk1.genblk1.u_gray2bin                                                                      |     3(0.5)     |  0(0)  | 0(0) |    0(0)    |     3(0.5)      |   0(0)    |       0(0)       |   0(0)    |       0(0)       |   0(0)   |      0(0)       |    0(0)    |
|              +genblk1.genblk1.u_gray2bin                                                                     |    2.5(0.5)    |  0(0)  | 0(0) |    0(0)    |    2.5(0.5)     |   0(0)    |       0(0)       |   0(0)    |       0(0)       |   0(0)   |      0(0)       |    0(0)    |
|               +genblk1.genblk1.u_gray2bin                                                                    |     2(0.5)     |  0(0)  | 0(0) |    0(0)    |     2(0.5)      |   0(0)    |       0(0)       |   0(0)    |       0(0)       |   0(0)   |      0(0)       |    0(0)    |
|                +genblk1.genblk1.u_gray2bin                                                                   |    1.5(0.5)    |  0(0)  | 0(0) |    0(0)    |    1.5(0.5)     |   0(0)    |       0(0)       |   0(0)    |       0(0)       |   0(0)   |      0(0)       |    0(0)    |
|                 +genblk1.genblk1.u_gray2bin                                                                  |     1(0.5)     |  0(0)  | 0(0) |    0(0)    |     1(0.5)      |   0(0)    |       0(0)       |   0(0)    |       0(0)       |   0(0)   |      0(0)       |    0(0)    |
|                  +genblk1.genblk1.u_gray2bin                                                                 |    0.5(0.5)    |  0(0)  | 0(0) |    0(0)    |    0.5(0.5)     |   0(0)    |       0(0)       |   0(0)    |       0(0)       |   0(0)   |      0(0)       |    0(0)    |
|       +xefx_fifo_ram                                                                                         |      0(0)      | 13(13) | 0(0) |    0(0)    |      0(0)       |   0(0)    |       0(0)       |   0(0)    |       0(0)       |   0(0)   |      0(0)       |    0(0)    |
|     +syncreg_1                                                                                               |      2(2)      |  0(0)  | 0(0) |    0(0)    |      0(0)       |   0(0)    |       0(0)       |   0(0)    |       0(0)       |   0(0)   |      0(0)       |    2(2)    |
|     +syncreg_2                                                                                               |      4(4)      |  0(0)  | 0(0) |    0(0)    |      0(0)       |   0(0)    |       0(0)       |   0(0)    |       0(0)       |   0(0)   |      0(0)       |    4(4)    |
|    +dphy_rx_inst                                                                                             |     640(2)     |  0(0)  | 0(0) |   380(0)   |      91(0)      |   0(0)    |       0(0)       |   33(0)   |       0(0)       |   0(0)   |      0(0)       |   136(2)   |
|     +genblk2[0].rx_dlane_fsm_inst                                                                            |    111(111)    |  0(0)  | 0(0) |   67(67)   |     26(26)      |   0(0)    |       0(0)       |  12(12)   |       0(0)       |   0(0)   |      0(0)       |    6(6)    |
|     +genblk2[0].rx_dword_align_inst                                                                          |  193.5(193.5)  |  0(0)  | 0(0) |  122(122)  |   11.5(11.5)    |   0(0)    |       0(0)       |   0(0)    |       0(0)       |   0(0)   |      0(0)       |   60(60)   |
|     +genblk2[1].rx_dlane_fsm_inst                                                                            |    107(107)    |  0(0)  | 0(0) |   63(63)   |     28(28)      |   0(0)    |       0(0)       |  12(12)   |       0(0)       |   0(0)   |      0(0)       |    4(4)    |
|     +genblk2[1].rx_dword_align_inst                                                                          |  180.5(180.5)  |  0(0)  | 0(0) |  109(109)  |   11.5(11.5)    |   0(0)    |       0(0)       |   0(0)    |       0(0)       |   0(0)   |      0(0)       |   60(60)   |
|     +rx_clane_fsm_inst0                                                                                      |     46(46)     |  0(0)  | 0(0) |   19(19)   |     14(14)      |   0(0)    |       0(0)       |   9(9)    |       0(0)       |   0(0)   |      0(0)       |    4(4)    |
|  +u_display                                                                                                  |    530(196)    |  8(0)  | 0(0) |  135(20)   |     128(73)     |   0(0)    |       0(0)       |   33(0)   |     140(80)      |   0(0)   |      0(0)       |   94(23)   |
|   +u_display_dma_fifo                                                                                        |     56(0)      |  5(0)  | 0(0) |   16(0)    |      3(0)       |   0(0)    |       0(0)       |   11(0)   |      21(0)       |   0(0)   |      0(0)       |    5(0)    |
|    +u_efx_fifo_top                                                                                           |     56(0)      |  5(0)  | 0(0) |   16(0)    |      3(0)       |   0(0)    |       0(0)       |   11(0)   |      21(0)       |   0(0)   |      0(0)       |    5(0)    |
|     +genblk2.efx_resetsync_a_rst                                                                             |      2(0)      |  0(0)  | 0(0) |    0(0)    |      0(0)       |   0(0)    |       0(0)       |   0(0)    |       0(0)       |   0(0)   |      0(0)       |    2(0)    |
|      +active_high.efx_resetsync_active_high                                                                  |      2(2)      |  0(0)  | 0(0) |    0(0)    |      0(0)       |   0(0)    |       0(0)       |   0(0)    |       0(0)       |   0(0)   |      0(0)       |    2(2)    |
|     +xefx_fifo_ctl                                                                                           |     52(52)     |  0(0)  | 0(0) |   15(15)   |      3(3)       |   0(0)    |       0(0)       |  11(11)   |      21(21)      |   0(0)   |      0(0)       |    2(2)    |
|     +xefx_fifo_ram                                                                                           |      2(2)      |  5(5)  | 0(0) |    1(1)    |      0(0)       |   0(0)    |       0(0)       |   0(0)    |       0(0)       |   0(0)   |      0(0)       |    1(1)    |
|   +u_display_upscaling                                                                                       |    136(136)    |  3(0)  | 0(0) |   64(64)   |     27(27)      |   0(0)    |       0(0)       |   0(0)    |      16(16)      |   0(0)   |      0(0)       |   29(29)   |
|    +u_display_scale_up_ram                                                                                   |      0(0)      |  3(3)  | 0(0) |    0(0)    |      0(0)       |   0(0)    |       0(0)       |   0(0)    |       0(0)       |   0(0)   |      0(0)       |    0(0)    |
|   +u_vga_gen                                                                                                 |    142(142)    |  0(0)  | 0(0) |   35(35)   |     25(25)      |   0(0)    |       0(0)       |  22(22)   |      23(23)      |   0(0)   |      0(0)       |   37(37)   |
|  +u_dma                                                                                                      |    9149(0)     | 44(0)  | 0(0) |  3816(0)   |     2283(0)     |   0(0)    |       0(0)       |  650(0)   |      278(0)      |   0(0)   |      0(0)       |  2122(0)   |
|   +u_EfxDMA                                                                                                  |   9149(1787)   | 44(0)  | 0(0) |  3816(44)  |    2283(860)    |   0(0)    |       0(0)       |  650(0)   |     278(10)      |   0(0)   |      0(0)       | 2122(873)  |
|    +core                                                                                                     |  6594.5(2967)  | 16(0)  | 0(0) | 3644(1173) |   1348.5(706)   |   0(0)    |       0(0)       | 642(598)  |     220(191)     |   0(0)   |      0(0)       |  740(299)  |
|     +b2m_fsm_aggregate_engine                                                                                | 2662.5(2662.5) |  0(0)  | 0(0) | 1953(1953) |  412.5(412.5)   |   0(0)    |       0(0)       |   4(4)    |      19(19)      |   0(0)   |      0(0)       |  274(274)  |
|     +memory_core                                                                                             |    965(965)    | 16(16) | 0(0) |  518(518)  |    230(230)     |   0(0)    |       0(0)       |  40(40)   |      10(10)      |   0(0)   |      0(0)       |  167(167)  |
|    +inputsAdapter_0_crossclock_fifo                                                                          |     60(40)     |  4(4)  | 0(0) |   20(20)   |     15(15)      |   0(0)    |       0(0)       |   0(0)    |       0(0)       |   0(0)   |      0(0)       |   25(5)    |
|     +popToPushGray_buffercc                                                                                  |     10(10)     |  0(0)  | 0(0) |    0(0)    |      0(0)       |   0(0)    |       0(0)       |   0(0)    |       0(0)       |   0(0)   |      0(0)       |   10(10)   |
|     +pushToPopGray_buffercc                                                                                  |     10(10)     |  0(0)  | 0(0) |    0(0)    |      0(0)       |   0(0)    |       0(0)       |   0(0)    |       0(0)       |   0(0)   |      0(0)       |   10(10)   |
|    +inputsAdapter_1_crossclock_fifo                                                                          |     24(14)     |  0(0)  | 0(0) |    8(8)    |      5(5)       |   0(0)    |       0(0)       |   0(0)    |       0(0)       |   0(0)   |      0(0)       |   11(1)    |
|     +pushToPopGray_buffercc                                                                                  |     10(10)     |  0(0)  | 0(0) |    0(0)    |      0(0)       |   0(0)    |       0(0)       |   0(0)    |       0(0)       |   0(0)   |      0(0)       |   10(10)   |
|    +io_interrupts_buffercc                                                                                   |     10(10)     |  0(0)  | 0(0) |    0(0)    |      0(0)       |   0(0)    |       0(0)       |   0(0)    |       0(0)       |   0(0)   |      0(0)       |   10(10)   |
|    +outputsAdapter_0_crossclock_fifo                                                                         |     21(11)     |  0(0)  | 0(0) |    2(2)    |      7(7)       |   0(0)    |       0(0)       |   0(0)    |       0(0)       |   0(0)   |      0(0)       |   12(2)    |
|     +popToPushGray_buffercc                                                                                  |     10(10)     |  0(0)  | 0(0) |    0(0)    |      0(0)       |   0(0)    |       0(0)       |   0(0)    |       0(0)       |   0(0)   |      0(0)       |   10(10)   |
|    +outputsAdapter_1_crossclock_fifo                                                                         |     50(30)     |  4(4)  | 0(0) |   10(10)   |     15(15)      |   0(0)    |       0(0)       |   0(0)    |       0(0)       |   0(0)   |      0(0)       |   25(5)    |
|     +popToPushGray_buffercc                                                                                  |     10(10)     |  0(0)  | 0(0) |    0(0)    |      0(0)       |   0(0)    |       0(0)       |   0(0)    |       0(0)       |   0(0)   |      0(0)       |   10(10)   |
|     +pushToPopGray_buffercc                                                                                  |     10(10)     |  0(0)  | 0(0) |    0(0)    |      0(0)       |   0(0)    |       0(0)       |   0(0)    |       0(0)       |   0(0)   |      0(0)       |   10(10)   |
|    +outputsAdapter_2_crossclock_fifo                                                                         |     44(24)     |  0(0)  | 0(0) |    9(9)    |     12(12)      |   0(0)    |       0(0)       |   0(0)    |       0(0)       |   0(0)   |      0(0)       |   23(3)    |
|     +popToPushGray_buffercc                                                                                  |     10(10)     |  0(0)  | 0(0) |    0(0)    |      0(0)       |   0(0)    |       0(0)       |   0(0)    |       0(0)       |   0(0)   |      0(0)       |   10(10)   |
|     +pushToPopGray_buffercc                                                                                  |     10(10)     |  0(0)  | 0(0) |    0(0)    |      0(0)       |   0(0)    |       0(0)       |   0(0)    |       0(0)       |   0(0)   |      0(0)       |   10(10)   |
|    +readLogic_beforeQueue_fifo                                                                               |     37(37)     |  7(7)  | 0(0) |    9(9)    |      1(1)       |   0(0)    |       0(0)       |   0(0)    |      16(16)      |   0(0)   |      0(0)       |   11(11)   |
|    +readLogic_bridge                                                                                         |     67(8)      |  1(0)  | 0(0) |   25(0)    |      8(0)       |   0(0)    |       0(0)       |   4(4)    |       4(4)       |   0(0)   |      0(0)       |   26(0)    |
|     +contextRemover                                                                                          |     59(23)     |  1(0)  | 0(0) |   25(8)    |      8(0)       |   0(0)    |       0(0)       |   0(0)    |       0(0)       |   0(0)   |      0(0)       |   26(15)   |
|      +fifoFork_thrown_translated_fifo                                                                        |     36(36)     |  1(1)  | 0(0) |   17(17)   |      8(8)       |   0(0)    |       0(0)       |   0(0)    |       0(0)       |   0(0)   |      0(0)       |   11(11)   |
|    +withCtrlCc_apbCc                                                                                         |  145.5(54.5)   |  0(0)  | 0(0) |    5(5)    |    3.5(0.5)     |   0(0)    |       0(0)       |   0(0)    |       0(0)       |   0(0)   |      0(0)       |  137(49)   |
|     +flowCCUnsafeByToggle                                                                                    |   51.5(49.5)   |  0(0)  | 0(0) |    0(0)    |    0.5(0.5)     |   0(0)    |       0(0)       |   0(0)    |       0(0)       |   0(0)   |      0(0)       |   51(49)   |
|      +inputArea_target_buffercc                                                                              |      2(2)      |  0(0)  | 0(0) |    0(0)    |      0(0)       |   0(0)    |       0(0)       |   0(0)    |       0(0)       |   0(0)   |      0(0)       |    2(2)    |
|     +flowCCUnsafeByToggle_1                                                                                  |   39.5(37.5)   |  0(0)  | 0(0) |    0(0)    |    2.5(2.5)     |   0(0)    |       0(0)       |   0(0)    |       0(0)       |   0(0)   |      0(0)       |   37(35)   |
|      +inputArea_target_buffercc                                                                              |      2(2)      |  0(0)  | 0(0) |    0(0)    |      0(0)       |   0(0)    |       0(0)       |   0(0)    |       0(0)       |   0(0)   |      0(0)       |    2(2)    |
|    +writeLogic_bridge                                                                                        |     52(16)     |  1(0)  | 0(0) |   24(5)    |      7(0)       |   0(0)    |       0(0)       |   4(4)    |       4(4)       |   0(0)   |      0(0)       |   13(3)    |
|     +contextRemover                                                                                          |     36(15)     |  1(0)  | 0(0) |   19(9)    |      7(0)       |   0(0)    |       0(0)       |   0(0)    |       0(0)       |   0(0)   |      0(0)       |   10(6)    |
|      +fifoFork_thrown_translated_fifo                                                                        |     21(21)     |  1(1)  | 0(0) |   10(10)   |      7(7)       |   0(0)    |       0(0)       |   0(0)    |       0(0)       |   0(0)   |      0(0)       |    4(4)    |
|    +writeLogic_retainer                                                                                      |    257(221)    | 11(0)  | 0(0) |   16(8)    |      1(0)       |   0(0)    |       0(0)       |   0(0)    |      24(8)       |   0(0)   |      0(0)       |  216(205)  |
|     +io_input_cmd_fifo                                                                                       |     36(36)     | 11(11) | 0(0) |    8(8)    |      1(1)       |   0(0)    |       0(0)       |   0(0)    |      16(16)      |   0(0)   |      0(0)       |   11(11)   |
|  +u_dsi_tx_display                                                                                           |    4790(0)     | 25(0)  | 0(0) |  2561(0)   |     892(0)      |   0(0)    |       0(0)       |  299(0)   |      189(0)      |   0(0)   |      0(0)       |   849(0)   |
|   +u_efx_dsi_tx                                                                                              |    4790(0)     | 25(0)  | 0(0) |  2561(0)   |     892(0)      |   0(0)    |       0(0)       |  299(0)   |      189(0)      |   0(0)   |      0(0)       |   849(0)   |
|    +dphy_bidir_tx_inst                                                                                       |   1061.5(8)    |  0(0)  | 0(0) |   593(7)   |    282.5(1)     |   0(0)    |       0(0)       |  131(0)   |       0(0)       |   0(0)   |      0(0)       |   55(0)    |
|     +enter_hs_xfer_1                                                                                         |      8(8)      |  0(0)  | 0(0) |    0(0)    |      0(0)       |   0(0)    |       0(0)       |   0(0)    |       0(0)       |   0(0)   |      0(0)       |    8(8)    |
|     +enter_hs_xfer_2                                                                                         |      2(2)      |  0(0)  | 0(0) |    0(0)    |      0(0)       |   0(0)    |       0(0)       |   0(0)    |       0(0)       |   0(0)   |      0(0)       |    2(2)    |
|     +genblk2.bidir_rx_dlane_fsm_inst                                                                         |    138(138)    |  0(0)  | 0(0) |   90(90)   |     35(35)      |   0(0)    |       0(0)       |  12(12)   |       0(0)       |   0(0)   |      0(0)       |    1(1)    |
|     +genblk2.bidir_tx_dlane_fsm_inst                                                                         |  312.5(253.5)  |  0(0)  | 0(0) |  182(156)  |   77.5(54.5)    |   0(0)    |       0(0)       |  38(29)   |       0(0)       |   0(0)   |      0(0)       |   15(14)   |
|      +tx_hs_d_fsm_inst                                                                                       |     59(59)     |  0(0)  | 0(0) |   26(26)   |     23(23)      |   0(0)    |       0(0)       |   9(9)    |       0(0)       |   0(0)   |      0(0)       |    1(1)    |
|     +genblk2.genblk1[1].tx_dlane_fsm_inst                                                                    |  164.5(107.5)  |  0(0)  | 0(0) |   91(67)   |   45.5(22.5)    |   0(0)    |       0(0)       |  21(12)   |       0(0)       |   0(0)   |      0(0)       |    7(6)    |
|      +tx_hs_d_fsm_inst                                                                                       |     57(57)     |  0(0)  | 0(0) |   24(24)   |     23(23)      |   0(0)    |       0(0)       |   9(9)    |       0(0)       |   0(0)   |      0(0)       |    1(1)    |
|     +genblk2.genblk1[2].tx_dlane_fsm_inst                                                                    |  162.5(106.5)  |  0(0)  | 0(0) |   89(66)   |   45.5(22.5)    |   0(0)    |       0(0)       |  21(12)   |       0(0)       |   0(0)   |      0(0)       |    7(6)    |
|      +tx_hs_d_fsm_inst                                                                                       |     56(56)     |  0(0)  | 0(0) |   23(23)   |     23(23)      |   0(0)    |       0(0)       |   9(9)    |       0(0)       |   0(0)   |      0(0)       |    1(1)    |
|     +genblk2.genblk1[3].tx_dlane_fsm_inst                                                                    |  169.5(109.5)  |  0(0)  | 0(0) |   94(67)   |   45.5(22.5)    |   0(0)    |       0(0)       |  21(12)   |       0(0)       |   0(0)   |      0(0)       |    9(8)    |
|      +tx_hs_d_fsm_inst                                                                                       |     60(60)     |  0(0)  | 0(0) |   27(27)   |     23(23)      |   0(0)    |       0(0)       |   9(9)    |       0(0)       |   0(0)   |      0(0)       |    1(1)    |
|     +tx_clane_fsm_inst                                                                                       |   96.5(48.5)   |  0(0)  | 0(0) |   40(18)   |   32.5(17.5)    |   0(0)    |       0(0)       |   18(9)   |       0(0)       |   0(0)   |      0(0)       |    6(4)    |
|      +tx_hs_c_fsm_inst                                                                                       |     48(48)     |  0(0)  | 0(0) |   22(22)   |     15(15)      |   0(0)    |       0(0)       |   9(9)    |       0(0)       |   0(0)   |      0(0)       |    2(2)    |
|    +efx_dsi_tx_top_inst                                                                                      |  3728.5(61.5)  | 25(0)  | 0(0) |  1968(26)  |   609.5(2.5)    |   0(0)    |       0(0)       |  168(0)   |     189(17)      |   0(0)   |      0(0)       |  794(16)   |
|     +asyncreg_0                                                                                              |      2(2)      |  0(0)  | 0(0) |    0(0)    |      0(0)       |   0(0)    |       0(0)       |   0(0)    |       0(0)       |   0(0)   |      0(0)       |    2(2)    |
|     +asyncreg_1                                                                                              |      8(8)      |  0(0)  | 0(0) |    0(0)    |      0(0)       |   0(0)    |       0(0)       |   0(0)    |       0(0)       |   0(0)   |      0(0)       |    8(8)    |
|     +asyncreg_2                                                                                              |      2(2)      |  0(0)  | 0(0) |    0(0)    |      0(0)       |   0(0)    |       0(0)       |   0(0)    |       0(0)       |   0(0)   |      0(0)       |    2(2)    |
|     +genblk6.packetizer_inst                                                                                 |  1903(1494.5)  |  2(0)  | 0(0) | 1456(1187) |   239(167.5)    |   0(0)    |       0(0)       |  82(82)   |      35(16)      |   0(0)   |      0(0)       |   91(42)   |
|      +crc16_d32_gen_inst                                                                                     |  288.5(288.5)  |  0(0)  | 0(0) |  253(253)  |   35.5(35.5)    |   0(0)    |       0(0)       |   0(0)    |       0(0)       |   0(0)   |      0(0)       |    0(0)    |
|      +fifo_inst                                                                                              |     120(0)     |  2(0)  | 0(0) |   16(0)    |      36(0)      |   0(0)    |       0(0)       |   0(0)    |      19(0)       |   0(0)   |      0(0)       |   49(0)    |
|       +genblk2.genblk1.efx_resetsync_rd_rst                                                                  |      2(0)      |  0(0)  | 0(0) |    0(0)    |      0(0)       |   0(0)    |       0(0)       |   0(0)    |       0(0)       |   0(0)   |      0(0)       |    2(0)    |
|        +active_high.efx_resetsync_active_high                                                                |      2(2)      |  0(0)  | 0(0) |    0(0)    |      0(0)       |   0(0)    |       0(0)       |   0(0)    |       0(0)       |   0(0)   |      0(0)       |    2(2)    |
|       +genblk2.genblk1.efx_resetsync_wr_rst                                                                  |      2(0)      |  0(0)  | 0(0) |    0(0)    |      0(0)       |   0(0)    |       0(0)       |   0(0)    |       0(0)       |   0(0)   |      0(0)       |    2(0)    |
|        +active_high.efx_resetsync_active_high                                                                |      2(2)      |  0(0)  | 0(0) |    0(0)    |      0(0)       |   0(0)    |       0(0)       |   0(0)    |       0(0)       |   0(0)   |      0(0)       |    2(2)    |
|       +xefx_fifo_ctl                                                                                         |    116(58)     |  0(0)  | 0(0) |   16(16)   |     36(18)      |   0(0)    |       0(0)       |   0(0)    |      19(19)      |   0(0)   |      0(0)       |   45(5)    |
|        +async_clk.wr2rd_addr_sync                                                                            |     20(20)     |  0(0)  | 0(0) |    0(0)    |      0(0)       |   0(0)    |       0(0)       |   0(0)    |       0(0)       |   0(0)   |      0(0)       |   20(20)   |
|        +async_clk.wr2rd_bin2gray                                                                             |    4.5(4.5)    |  0(0)  | 0(0) |    0(0)    |    4.5(4.5)     |   0(0)    |       0(0)       |   0(0)    |       0(0)       |   0(0)   |      0(0)       |    0(0)    |
|        +async_clk.wr2rd_gray2bin                                                                             |    4.5(0.5)    |  0(0)  | 0(0) |    0(0)    |    4.5(0.5)     |   0(0)    |       0(0)       |   0(0)    |       0(0)       |   0(0)   |      0(0)       |    0(0)    |
|         +genblk1.genblk1.u_gray2bin                                                                          |     4(0.5)     |  0(0)  | 0(0) |    0(0)    |     4(0.5)      |   0(0)    |       0(0)       |   0(0)    |       0(0)       |   0(0)   |      0(0)       |    0(0)    |
|          +genblk1.genblk1.u_gray2bin                                                                         |    3.5(0.5)    |  0(0)  | 0(0) |    0(0)    |    3.5(0.5)     |   0(0)    |       0(0)       |   0(0)    |       0(0)       |   0(0)   |      0(0)       |    0(0)    |
|           +genblk1.genblk1.u_gray2bin                                                                        |     3(0.5)     |  0(0)  | 0(0) |    0(0)    |     3(0.5)      |   0(0)    |       0(0)       |   0(0)    |       0(0)       |   0(0)   |      0(0)       |    0(0)    |
|            +genblk1.genblk1.u_gray2bin                                                                       |    2.5(0.5)    |  0(0)  | 0(0) |    0(0)    |    2.5(0.5)     |   0(0)    |       0(0)       |   0(0)    |       0(0)       |   0(0)   |      0(0)       |    0(0)    |
|             +genblk1.genblk1.u_gray2bin                                                                      |     2(0.5)     |  0(0)  | 0(0) |    0(0)    |     2(0.5)      |   0(0)    |       0(0)       |   0(0)    |       0(0)       |   0(0)   |      0(0)       |    0(0)    |
|              +genblk1.genblk1.u_gray2bin                                                                     |    1.5(0.5)    |  0(0)  | 0(0) |    0(0)    |    1.5(0.5)     |   0(0)    |       0(0)       |   0(0)    |       0(0)       |   0(0)   |      0(0)       |    0(0)    |
|               +genblk1.genblk1.u_gray2bin                                                                    |     1(0.5)     |  0(0)  | 0(0) |    0(0)    |     1(0.5)      |   0(0)    |       0(0)       |   0(0)    |       0(0)       |   0(0)   |      0(0)       |    0(0)    |
|                +genblk1.genblk1.u_gray2bin                                                                   |    0.5(0.5)    |  0(0)  | 0(0) |    0(0)    |    0.5(0.5)     |   0(0)    |       0(0)       |   0(0)    |       0(0)       |   0(0)   |      0(0)       |    0(0)    |
|        +async_clk.xrd2wr_addr_sync                                                                           |     20(20)     |  0(0)  | 0(0) |    0(0)    |      0(0)       |   0(0)    |       0(0)       |   0(0)    |       0(0)       |   0(0)   |      0(0)       |   20(20)   |
|        +async_clk.xrd2wr_bin2gray                                                                            |    4.5(4.5)    |  0(0)  | 0(0) |    0(0)    |    4.5(4.5)     |   0(0)    |       0(0)       |   0(0)    |       0(0)       |   0(0)   |      0(0)       |    0(0)    |
|        +async_clk.xrd2wr_gray2bin                                                                            |    4.5(0.5)    |  0(0)  | 0(0) |    0(0)    |    4.5(0.5)     |   0(0)    |       0(0)       |   0(0)    |       0(0)       |   0(0)   |      0(0)       |    0(0)    |
|         +genblk1.genblk1.u_gray2bin                                                                          |     4(0.5)     |  0(0)  | 0(0) |    0(0)    |     4(0.5)      |   0(0)    |       0(0)       |   0(0)    |       0(0)       |   0(0)   |      0(0)       |    0(0)    |
|          +genblk1.genblk1.u_gray2bin                                                                         |    3.5(0.5)    |  0(0)  | 0(0) |    0(0)    |    3.5(0.5)     |   0(0)    |       0(0)       |   0(0)    |       0(0)       |   0(0)   |      0(0)       |    0(0)    |
|           +genblk1.genblk1.u_gray2bin                                                                        |     3(0.5)     |  0(0)  | 0(0) |    0(0)    |     3(0.5)      |   0(0)    |       0(0)       |   0(0)    |       0(0)       |   0(0)   |      0(0)       |    0(0)    |
|            +genblk1.genblk1.u_gray2bin                                                                       |    2.5(0.5)    |  0(0)  | 0(0) |    0(0)    |    2.5(0.5)     |   0(0)    |       0(0)       |   0(0)    |       0(0)       |   0(0)   |      0(0)       |    0(0)    |
|             +genblk1.genblk1.u_gray2bin                                                                      |     2(0.5)     |  0(0)  | 0(0) |    0(0)    |     2(0.5)      |   0(0)    |       0(0)       |   0(0)    |       0(0)       |   0(0)   |      0(0)       |    0(0)    |
|              +genblk1.genblk1.u_gray2bin                                                                     |    1.5(0.5)    |  0(0)  | 0(0) |    0(0)    |    1.5(0.5)     |   0(0)    |       0(0)       |   0(0)    |       0(0)       |   0(0)   |      0(0)       |    0(0)    |
|               +genblk1.genblk1.u_gray2bin                                                                    |     1(0.5)     |  0(0)  | 0(0) |    0(0)    |     1(0.5)      |   0(0)    |       0(0)       |   0(0)    |       0(0)       |   0(0)   |      0(0)       |    0(0)    |
|                +genblk1.genblk1.u_gray2bin                                                                   |    0.5(0.5)    |  0(0)  | 0(0) |    0(0)    |    0.5(0.5)     |   0(0)    |       0(0)       |   0(0)    |       0(0)       |   0(0)   |      0(0)       |    0(0)    |
|       +xefx_fifo_ram                                                                                         |      0(0)      |  2(2)  | 0(0) |    0(0)    |      0(0)       |   0(0)    |       0(0)       |   0(0)    |       0(0)       |   0(0)   |      0(0)       |    0(0)    |
|     +pixel2byte_inst                                                                                         |   401.5(73)    | 13(0)  | 0(0) |  147(65)   |    135.5(1)     |   0(0)    |       0(0)       |   0(0)    |      23(0)       |   0(0)   |      0(0)       |   96(7)    |
|      +fifo_inst                                                                                              |     142(0)     | 13(0)  | 0(0) |   18(0)    |      44(0)      |   0(0)    |       0(0)       |   0(0)    |      23(0)       |   0(0)   |      0(0)       |   57(0)    |
|       +genblk2.genblk1.efx_resetsync_rd_rst                                                                  |      2(0)      |  0(0)  | 0(0) |    0(0)    |      0(0)       |   0(0)    |       0(0)       |   0(0)    |       0(0)       |   0(0)   |      0(0)       |    2(0)    |
|        +active_high.efx_resetsync_active_high                                                                |      2(2)      |  0(0)  | 0(0) |    0(0)    |      0(0)       |   0(0)    |       0(0)       |   0(0)    |       0(0)       |   0(0)   |      0(0)       |    2(2)    |
|       +genblk2.genblk1.efx_resetsync_wr_rst                                                                  |      2(0)      |  0(0)  | 0(0) |    0(0)    |      0(0)       |   0(0)    |       0(0)       |   0(0)    |       0(0)       |   0(0)   |      0(0)       |    2(0)    |
|        +active_high.efx_resetsync_active_high                                                                |      2(2)      |  0(0)  | 0(0) |    0(0)    |      0(0)       |   0(0)    |       0(0)       |   0(0)    |       0(0)       |   0(0)   |      0(0)       |    2(2)    |
|       +xefx_fifo_ctl                                                                                         |    138(68)     |  0(0)  | 0(0) |   18(18)   |     44(22)      |   0(0)    |       0(0)       |   0(0)    |      23(23)      |   0(0)   |      0(0)       |   53(5)    |
|        +async_clk.wr2rd_addr_sync                                                                            |     24(24)     |  0(0)  | 0(0) |    0(0)    |      0(0)       |   0(0)    |       0(0)       |   0(0)    |       0(0)       |   0(0)   |      0(0)       |   24(24)   |
|        +async_clk.wr2rd_bin2gray                                                                             |    5.5(5.5)    |  0(0)  | 0(0) |    0(0)    |    5.5(5.5)     |   0(0)    |       0(0)       |   0(0)    |       0(0)       |   0(0)   |      0(0)       |    0(0)    |
|        +async_clk.wr2rd_gray2bin                                                                             |    5.5(0.5)    |  0(0)  | 0(0) |    0(0)    |    5.5(0.5)     |   0(0)    |       0(0)       |   0(0)    |       0(0)       |   0(0)   |      0(0)       |    0(0)    |
|         +genblk1.genblk1.u_gray2bin                                                                          |     5(0.5)     |  0(0)  | 0(0) |    0(0)    |     5(0.5)      |   0(0)    |       0(0)       |   0(0)    |       0(0)       |   0(0)   |      0(0)       |    0(0)    |
|          +genblk1.genblk1.u_gray2bin                                                                         |    4.5(0.5)    |  0(0)  | 0(0) |    0(0)    |    4.5(0.5)     |   0(0)    |       0(0)       |   0(0)    |       0(0)       |   0(0)   |      0(0)       |    0(0)    |
|           +genblk1.genblk1.u_gray2bin                                                                        |     4(0.5)     |  0(0)  | 0(0) |    0(0)    |     4(0.5)      |   0(0)    |       0(0)       |   0(0)    |       0(0)       |   0(0)   |      0(0)       |    0(0)    |
|            +genblk1.genblk1.u_gray2bin                                                                       |    3.5(0.5)    |  0(0)  | 0(0) |    0(0)    |    3.5(0.5)     |   0(0)    |       0(0)       |   0(0)    |       0(0)       |   0(0)   |      0(0)       |    0(0)    |
|             +genblk1.genblk1.u_gray2bin                                                                      |     3(0.5)     |  0(0)  | 0(0) |    0(0)    |     3(0.5)      |   0(0)    |       0(0)       |   0(0)    |       0(0)       |   0(0)   |      0(0)       |    0(0)    |
|              +genblk1.genblk1.u_gray2bin                                                                     |    2.5(0.5)    |  0(0)  | 0(0) |    0(0)    |    2.5(0.5)     |   0(0)    |       0(0)       |   0(0)    |       0(0)       |   0(0)   |      0(0)       |    0(0)    |
|               +genblk1.genblk1.u_gray2bin                                                                    |     2(0.5)     |  0(0)  | 0(0) |    0(0)    |     2(0.5)      |   0(0)    |       0(0)       |   0(0)    |       0(0)       |   0(0)   |      0(0)       |    0(0)    |
|                +genblk1.genblk1.u_gray2bin                                                                   |    1.5(0.5)    |  0(0)  | 0(0) |    0(0)    |    1.5(0.5)     |   0(0)    |       0(0)       |   0(0)    |       0(0)       |   0(0)   |      0(0)       |    0(0)    |
|                 +genblk1.genblk1.u_gray2bin                                                                  |     1(0.5)     |  0(0)  | 0(0) |    0(0)    |     1(0.5)      |   0(0)    |       0(0)       |   0(0)    |       0(0)       |   0(0)   |      0(0)       |    0(0)    |
|                  +genblk1.genblk1.u_gray2bin                                                                 |    0.5(0.5)    |  0(0)  | 0(0) |    0(0)    |    0.5(0.5)     |   0(0)    |       0(0)       |   0(0)    |       0(0)       |   0(0)   |      0(0)       |    0(0)    |
|        +async_clk.xrd2wr_addr_sync                                                                           |     24(24)     |  0(0)  | 0(0) |    0(0)    |      0(0)       |   0(0)    |       0(0)       |   0(0)    |       0(0)       |   0(0)   |      0(0)       |   24(24)   |
|        +async_clk.xrd2wr_bin2gray                                                                            |    5.5(5.5)    |  0(0)  | 0(0) |    0(0)    |    5.5(5.5)     |   0(0)    |       0(0)       |   0(0)    |       0(0)       |   0(0)   |      0(0)       |    0(0)    |
|        +async_clk.xrd2wr_gray2bin                                                                            |    5.5(0.5)    |  0(0)  | 0(0) |    0(0)    |    5.5(0.5)     |   0(0)    |       0(0)       |   0(0)    |       0(0)       |   0(0)   |      0(0)       |    0(0)    |
|         +genblk1.genblk1.u_gray2bin                                                                          |     5(0.5)     |  0(0)  | 0(0) |    0(0)    |     5(0.5)      |   0(0)    |       0(0)       |   0(0)    |       0(0)       |   0(0)   |      0(0)       |    0(0)    |
|          +genblk1.genblk1.u_gray2bin                                                                         |    4.5(0.5)    |  0(0)  | 0(0) |    0(0)    |    4.5(0.5)     |   0(0)    |       0(0)       |   0(0)    |       0(0)       |   0(0)   |      0(0)       |    0(0)    |
|           +genblk1.genblk1.u_gray2bin                                                                        |     4(0.5)     |  0(0)  | 0(0) |    0(0)    |     4(0.5)      |   0(0)    |       0(0)       |   0(0)    |       0(0)       |   0(0)   |      0(0)       |    0(0)    |
|            +genblk1.genblk1.u_gray2bin                                                                       |    3.5(0.5)    |  0(0)  | 0(0) |    0(0)    |    3.5(0.5)     |   0(0)    |       0(0)       |   0(0)    |       0(0)       |   0(0)   |      0(0)       |    0(0)    |
|             +genblk1.genblk1.u_gray2bin                                                                      |     3(0.5)     |  0(0)  | 0(0) |    0(0)    |     3(0.5)      |   0(0)    |       0(0)       |   0(0)    |       0(0)       |   0(0)   |      0(0)       |    0(0)    |
|              +genblk1.genblk1.u_gray2bin                                                                     |    2.5(0.5)    |  0(0)  | 0(0) |    0(0)    |    2.5(0.5)     |   0(0)    |       0(0)       |   0(0)    |       0(0)       |   0(0)   |      0(0)       |    0(0)    |
|               +genblk1.genblk1.u_gray2bin                                                                    |     2(0.5)     |  0(0)  | 0(0) |    0(0)    |     2(0.5)      |   0(0)    |       0(0)       |   0(0)    |       0(0)       |   0(0)   |      0(0)       |    0(0)    |
|                +genblk1.genblk1.u_gray2bin                                                                   |    1.5(0.5)    |  0(0)  | 0(0) |    0(0)    |    1.5(0.5)     |   0(0)    |       0(0)       |   0(0)    |       0(0)       |   0(0)   |      0(0)       |    0(0)    |
|                 +genblk1.genblk1.u_gray2bin                                                                  |     1(0.5)     |  0(0)  | 0(0) |    0(0)    |     1(0.5)      |   0(0)    |       0(0)       |   0(0)    |       0(0)       |   0(0)   |      0(0)       |    0(0)    |
|                  +genblk1.genblk1.u_gray2bin                                                                 |    0.5(0.5)    |  0(0)  | 0(0) |    0(0)    |    0.5(0.5)     |   0(0)    |       0(0)       |   0(0)    |       0(0)       |   0(0)   |      0(0)       |    0(0)    |
|       +xefx_fifo_ram                                                                                         |      0(0)      | 13(13) | 0(0) |    0(0)    |      0(0)       |   0(0)    |       0(0)       |   0(0)    |       0(0)       |   0(0)   |      0(0)       |    0(0)    |
|      +genblk1.pack48bto64b_inst                                                                              |  154.5(154.5)  |  0(0)  | 0(0) |   64(64)   |   90.5(90.5)    |   0(0)    |       0(0)       |   0(0)    |       0(0)       |   0(0)   |      0(0)       |    0(0)    |
|      +syncreg_0                                                                                              |     32(32)     |  0(0)  | 0(0) |    0(0)    |      0(0)       |   0(0)    |       0(0)       |   0(0)    |       0(0)       |   0(0)   |      0(0)       |   32(32)   |
|     +syncreg_4                                                                                               |      8(8)      |  0(0)  | 0(0) |    0(0)    |      0(0)       |   0(0)    |       0(0)       |   0(0)    |       0(0)       |   0(0)   |      0(0)       |    8(8)    |
|     +tx_csr_inst                                                                                             |  1033(259.5)   |  4(0)  | 0(0) |  267(57)   |    204(42.5)    |   0(0)    |       0(0)       |   21(0)   |      38(0)       |   0(0)   |      0(0)       |  503(160)  |
|      +asyncreg_0_0                                                                                           |      2(2)      |  0(0)  | 0(0) |    0(0)    |      0(0)       |   0(0)    |       0(0)       |   0(0)    |       0(0)       |   0(0)   |      0(0)       |    2(2)    |
|      +asyncreg_0_1                                                                                           |      2(2)      |  0(0)  | 0(0) |    0(0)    |      0(0)       |   0(0)    |       0(0)       |   0(0)    |       0(0)       |   0(0)   |      0(0)       |    2(2)    |
|      +asyncreg_0_2                                                                                           |      2(2)      |  0(0)  | 0(0) |    0(0)    |      0(0)       |   0(0)    |       0(0)       |   0(0)    |       0(0)       |   0(0)   |      0(0)       |    2(2)    |
|      +asyncreg_0_3                                                                                           |      2(2)      |  0(0)  | 0(0) |    0(0)    |      0(0)       |   0(0)    |       0(0)       |   0(0)    |       0(0)       |   0(0)   |      0(0)       |    2(2)    |
|      +asyncreg_0_4                                                                                           |      8(8)      |  0(0)  | 0(0) |    0(0)    |      0(0)       |   0(0)    |       0(0)       |   0(0)    |       0(0)       |   0(0)   |      0(0)       |    8(8)    |
|      +asyncreg_0_5                                                                                           |      8(8)      |  0(0)  | 0(0) |    0(0)    |      0(0)       |   0(0)    |       0(0)       |   0(0)    |       0(0)       |   0(0)   |      0(0)       |    8(8)    |
|      +asyncreg_0_6                                                                                           |      8(8)      |  0(0)  | 0(0) |    0(0)    |      0(0)       |   0(0)    |       0(0)       |   0(0)    |       0(0)       |   0(0)   |      0(0)       |    8(8)    |
|      +asyncreg_0_7                                                                                           |      2(2)      |  0(0)  | 0(0) |    0(0)    |      0(0)       |   0(0)    |       0(0)       |   0(0)    |       0(0)       |   0(0)   |      0(0)       |    2(2)    |
|      +asyncreg_11                                                                                            |     32(32)     |  0(0)  | 0(0) |    0(0)    |      0(0)       |   0(0)    |       0(0)       |   0(0)    |       0(0)       |   0(0)   |      0(0)       |   32(32)   |
|      +asyncreg_12                                                                                            |     32(32)     |  0(0)  | 0(0) |    0(0)    |      0(0)       |   0(0)    |       0(0)       |   0(0)    |       0(0)       |   0(0)   |      0(0)       |   32(32)   |
|      +asyncreg_13                                                                                            |     16(16)     |  0(0)  | 0(0) |    0(0)    |      0(0)       |   0(0)    |       0(0)       |   0(0)    |       0(0)       |   0(0)   |      0(0)       |   16(16)   |
|      +asyncreg_14                                                                                            |     16(16)     |  0(0)  | 0(0) |    0(0)    |      0(0)       |   0(0)    |       0(0)       |   0(0)    |       0(0)       |   0(0)   |      0(0)       |   16(16)   |
|      +asyncreg_15                                                                                            |     16(16)     |  0(0)  | 0(0) |    0(0)    |      0(0)       |   0(0)    |       0(0)       |   0(0)    |       0(0)       |   0(0)   |      0(0)       |   16(16)   |
|      +asyncreg_16                                                                                            |     32(32)     |  0(0)  | 0(0) |    0(0)    |      0(0)       |   0(0)    |       0(0)       |   0(0)    |       0(0)       |   0(0)   |      0(0)       |   32(32)   |
|      +asyncreg_17                                                                                            |      2(2)      |  0(0)  | 0(0) |    0(0)    |      0(0)       |   0(0)    |       0(0)       |   0(0)    |       0(0)       |   0(0)   |      0(0)       |    2(2)    |
|      +asyncreg_18                                                                                            |      2(2)      |  0(0)  | 0(0) |    0(0)    |      0(0)       |   0(0)    |       0(0)       |   0(0)    |       0(0)       |   0(0)   |      0(0)       |    2(2)    |
|      +asyncreg_21                                                                                            |      8(8)      |  0(0)  | 0(0) |    0(0)    |      0(0)       |   0(0)    |       0(0)       |   0(0)    |       0(0)       |   0(0)   |      0(0)       |    8(8)    |
|      +asyncreg_7                                                                                             |      2(2)      |  0(0)  | 0(0) |    0(0)    |      0(0)       |   0(0)    |       0(0)       |   0(0)    |       0(0)       |   0(0)   |      0(0)       |    2(2)    |
|      +asyncreg_8                                                                                             |      2(2)      |  0(0)  | 0(0) |    0(0)    |      0(0)       |   0(0)    |       0(0)       |   0(0)    |       0(0)       |   0(0)   |      0(0)       |    2(2)    |
|      +asyncreg_9                                                                                             |     32(32)     |  0(0)  | 0(0) |    0(0)    |      0(0)       |   0(0)    |       0(0)       |   0(0)    |       0(0)       |   0(0)   |      0(0)       |   32(32)   |
|      +cmd_driver_inst                                                                                        |   299.5(261)   |  0(0)  | 0(0) |  180(164)  |    89.5(69)     |   0(0)    |       0(0)       |  21(21)   |       0(0)       |   0(0)   |      0(0)       |    9(7)    |
|       +asyncreg_2                                                                                            |      2(2)      |  0(0)  | 0(0) |    0(0)    |      0(0)       |   0(0)    |       0(0)       |   0(0)    |       0(0)       |   0(0)   |      0(0)       |    2(2)    |
|       +cmd_crc16_d8_gen_inst                                                                                 |   36.5(36.5)   |  0(0)  | 0(0) |   16(16)   |   20.5(20.5)    |   0(0)    |       0(0)       |   0(0)    |       0(0)       |   0(0)   |      0(0)       |    0(0)    |
|      +hs_dcs_wfifo_inst                                                                                      |     119(0)     |  2(0)  | 0(0) |   15(0)    |      36(0)      |   0(0)    |       0(0)       |   0(0)    |      19(0)       |   0(0)   |      0(0)       |   49(0)    |
|       +genblk2.genblk1.efx_resetsync_rd_rst                                                                  |      2(0)      |  0(0)  | 0(0) |    0(0)    |      0(0)       |   0(0)    |       0(0)       |   0(0)    |       0(0)       |   0(0)   |      0(0)       |    2(0)    |
|        +active_high.efx_resetsync_active_high                                                                |      2(2)      |  0(0)  | 0(0) |    0(0)    |      0(0)       |   0(0)    |       0(0)       |   0(0)    |       0(0)       |   0(0)   |      0(0)       |    2(2)    |
|       +genblk2.genblk1.efx_resetsync_wr_rst                                                                  |      2(0)      |  0(0)  | 0(0) |    0(0)    |      0(0)       |   0(0)    |       0(0)       |   0(0)    |       0(0)       |   0(0)   |      0(0)       |    2(0)    |
|        +active_high.efx_resetsync_active_high                                                                |      2(2)      |  0(0)  | 0(0) |    0(0)    |      0(0)       |   0(0)    |       0(0)       |   0(0)    |       0(0)       |   0(0)   |      0(0)       |    2(2)    |
|       +xefx_fifo_ctl                                                                                         |    115(57)     |  0(0)  | 0(0) |   15(15)   |     36(18)      |   0(0)    |       0(0)       |   0(0)    |      19(19)      |   0(0)   |      0(0)       |   45(5)    |
|        +async_clk.wr2rd_addr_sync                                                                            |     20(20)     |  0(0)  | 0(0) |    0(0)    |      0(0)       |   0(0)    |       0(0)       |   0(0)    |       0(0)       |   0(0)   |      0(0)       |   20(20)   |
|        +async_clk.wr2rd_bin2gray                                                                             |    4.5(4.5)    |  0(0)  | 0(0) |    0(0)    |    4.5(4.5)     |   0(0)    |       0(0)       |   0(0)    |       0(0)       |   0(0)   |      0(0)       |    0(0)    |
|        +async_clk.wr2rd_gray2bin                                                                             |    4.5(0.5)    |  0(0)  | 0(0) |    0(0)    |    4.5(0.5)     |   0(0)    |       0(0)       |   0(0)    |       0(0)       |   0(0)   |      0(0)       |    0(0)    |
|         +genblk1.genblk1.u_gray2bin                                                                          |     4(0.5)     |  0(0)  | 0(0) |    0(0)    |     4(0.5)      |   0(0)    |       0(0)       |   0(0)    |       0(0)       |   0(0)   |      0(0)       |    0(0)    |
|          +genblk1.genblk1.u_gray2bin                                                                         |    3.5(0.5)    |  0(0)  | 0(0) |    0(0)    |    3.5(0.5)     |   0(0)    |       0(0)       |   0(0)    |       0(0)       |   0(0)   |      0(0)       |    0(0)    |
|           +genblk1.genblk1.u_gray2bin                                                                        |     3(0.5)     |  0(0)  | 0(0) |    0(0)    |     3(0.5)      |   0(0)    |       0(0)       |   0(0)    |       0(0)       |   0(0)   |      0(0)       |    0(0)    |
|            +genblk1.genblk1.u_gray2bin                                                                       |    2.5(0.5)    |  0(0)  | 0(0) |    0(0)    |    2.5(0.5)     |   0(0)    |       0(0)       |   0(0)    |       0(0)       |   0(0)   |      0(0)       |    0(0)    |
|             +genblk1.genblk1.u_gray2bin                                                                      |     2(0.5)     |  0(0)  | 0(0) |    0(0)    |     2(0.5)      |   0(0)    |       0(0)       |   0(0)    |       0(0)       |   0(0)   |      0(0)       |    0(0)    |
|              +genblk1.genblk1.u_gray2bin                                                                     |    1.5(0.5)    |  0(0)  | 0(0) |    0(0)    |    1.5(0.5)     |   0(0)    |       0(0)       |   0(0)    |       0(0)       |   0(0)   |      0(0)       |    0(0)    |
|               +genblk1.genblk1.u_gray2bin                                                                    |     1(0.5)     |  0(0)  | 0(0) |    0(0)    |     1(0.5)      |   0(0)    |       0(0)       |   0(0)    |       0(0)       |   0(0)   |      0(0)       |    0(0)    |
|                +genblk1.genblk1.u_gray2bin                                                                   |    0.5(0.5)    |  0(0)  | 0(0) |    0(0)    |    0.5(0.5)     |   0(0)    |       0(0)       |   0(0)    |       0(0)       |   0(0)   |      0(0)       |    0(0)    |
|        +async_clk.xrd2wr_addr_sync                                                                           |     20(20)     |  0(0)  | 0(0) |    0(0)    |      0(0)       |   0(0)    |       0(0)       |   0(0)    |       0(0)       |   0(0)   |      0(0)       |   20(20)   |
|        +async_clk.xrd2wr_bin2gray                                                                            |    4.5(4.5)    |  0(0)  | 0(0) |    0(0)    |    4.5(4.5)     |   0(0)    |       0(0)       |   0(0)    |       0(0)       |   0(0)   |      0(0)       |    0(0)    |
|        +async_clk.xrd2wr_gray2bin                                                                            |    4.5(0.5)    |  0(0)  | 0(0) |    0(0)    |    4.5(0.5)     |   0(0)    |       0(0)       |   0(0)    |       0(0)       |   0(0)   |      0(0)       |    0(0)    |
|         +genblk1.genblk1.u_gray2bin                                                                          |     4(0.5)     |  0(0)  | 0(0) |    0(0)    |     4(0.5)      |   0(0)    |       0(0)       |   0(0)    |       0(0)       |   0(0)   |      0(0)       |    0(0)    |
|          +genblk1.genblk1.u_gray2bin                                                                         |    3.5(0.5)    |  0(0)  | 0(0) |    0(0)    |    3.5(0.5)     |   0(0)    |       0(0)       |   0(0)    |       0(0)       |   0(0)   |      0(0)       |    0(0)    |
|           +genblk1.genblk1.u_gray2bin                                                                        |     3(0.5)     |  0(0)  | 0(0) |    0(0)    |     3(0.5)      |   0(0)    |       0(0)       |   0(0)    |       0(0)       |   0(0)   |      0(0)       |    0(0)    |
|            +genblk1.genblk1.u_gray2bin                                                                       |    2.5(0.5)    |  0(0)  | 0(0) |    0(0)    |    2.5(0.5)     |   0(0)    |       0(0)       |   0(0)    |       0(0)       |   0(0)   |      0(0)       |    0(0)    |
|             +genblk1.genblk1.u_gray2bin                                                                      |     2(0.5)     |  0(0)  | 0(0) |    0(0)    |     2(0.5)      |   0(0)    |       0(0)       |   0(0)    |       0(0)       |   0(0)   |      0(0)       |    0(0)    |
|              +genblk1.genblk1.u_gray2bin                                                                     |    1.5(0.5)    |  0(0)  | 0(0) |    0(0)    |    1.5(0.5)     |   0(0)    |       0(0)       |   0(0)    |       0(0)       |   0(0)   |      0(0)       |    0(0)    |
|               +genblk1.genblk1.u_gray2bin                                                                    |     1(0.5)     |  0(0)  | 0(0) |    0(0)    |     1(0.5)      |   0(0)    |       0(0)       |   0(0)    |       0(0)       |   0(0)   |      0(0)       |    0(0)    |
|                +genblk1.genblk1.u_gray2bin                                                                   |    0.5(0.5)    |  0(0)  | 0(0) |    0(0)    |    0.5(0.5)     |   0(0)    |       0(0)       |   0(0)    |       0(0)       |   0(0)   |      0(0)       |    0(0)    |
|       +xefx_fifo_ram                                                                                         |      0(0)      |  2(2)  | 0(0) |    0(0)    |      0(0)       |   0(0)    |       0(0)       |   0(0)    |       0(0)       |   0(0)   |      0(0)       |    0(0)    |
|      +lp_dcs_wfifo_inst                                                                                      |     119(0)     |  2(0)  | 0(0) |   15(0)    |      36(0)      |   0(0)    |       0(0)       |   0(0)    |      19(0)       |   0(0)   |      0(0)       |   49(0)    |
|       +genblk2.genblk1.efx_resetsync_rd_rst                                                                  |      2(0)      |  0(0)  | 0(0) |    0(0)    |      0(0)       |   0(0)    |       0(0)       |   0(0)    |       0(0)       |   0(0)   |      0(0)       |    2(0)    |
|        +active_high.efx_resetsync_active_high                                                                |      2(2)      |  0(0)  | 0(0) |    0(0)    |      0(0)       |   0(0)    |       0(0)       |   0(0)    |       0(0)       |   0(0)   |      0(0)       |    2(2)    |
|       +genblk2.genblk1.efx_resetsync_wr_rst                                                                  |      2(0)      |  0(0)  | 0(0) |    0(0)    |      0(0)       |   0(0)    |       0(0)       |   0(0)    |       0(0)       |   0(0)   |      0(0)       |    2(0)    |
|        +active_high.efx_resetsync_active_high                                                                |      2(2)      |  0(0)  | 0(0) |    0(0)    |      0(0)       |   0(0)    |       0(0)       |   0(0)    |       0(0)       |   0(0)   |      0(0)       |    2(2)    |
|       +xefx_fifo_ctl                                                                                         |    115(57)     |  0(0)  | 0(0) |   15(15)   |     36(18)      |   0(0)    |       0(0)       |   0(0)    |      19(19)      |   0(0)   |      0(0)       |   45(5)    |
|        +async_clk.wr2rd_addr_sync                                                                            |     20(20)     |  0(0)  | 0(0) |    0(0)    |      0(0)       |   0(0)    |       0(0)       |   0(0)    |       0(0)       |   0(0)   |      0(0)       |   20(20)   |
|        +async_clk.wr2rd_bin2gray                                                                             |    4.5(4.5)    |  0(0)  | 0(0) |    0(0)    |    4.5(4.5)     |   0(0)    |       0(0)       |   0(0)    |       0(0)       |   0(0)   |      0(0)       |    0(0)    |
|        +async_clk.wr2rd_gray2bin                                                                             |    4.5(0.5)    |  0(0)  | 0(0) |    0(0)    |    4.5(0.5)     |   0(0)    |       0(0)       |   0(0)    |       0(0)       |   0(0)   |      0(0)       |    0(0)    |
|         +genblk1.genblk1.u_gray2bin                                                                          |     4(0.5)     |  0(0)  | 0(0) |    0(0)    |     4(0.5)      |   0(0)    |       0(0)       |   0(0)    |       0(0)       |   0(0)   |      0(0)       |    0(0)    |
|          +genblk1.genblk1.u_gray2bin                                                                         |    3.5(0.5)    |  0(0)  | 0(0) |    0(0)    |    3.5(0.5)     |   0(0)    |       0(0)       |   0(0)    |       0(0)       |   0(0)   |      0(0)       |    0(0)    |
|           +genblk1.genblk1.u_gray2bin                                                                        |     3(0.5)     |  0(0)  | 0(0) |    0(0)    |     3(0.5)      |   0(0)    |       0(0)       |   0(0)    |       0(0)       |   0(0)   |      0(0)       |    0(0)    |
|            +genblk1.genblk1.u_gray2bin                                                                       |    2.5(0.5)    |  0(0)  | 0(0) |    0(0)    |    2.5(0.5)     |   0(0)    |       0(0)       |   0(0)    |       0(0)       |   0(0)   |      0(0)       |    0(0)    |
|             +genblk1.genblk1.u_gray2bin                                                                      |     2(0.5)     |  0(0)  | 0(0) |    0(0)    |     2(0.5)      |   0(0)    |       0(0)       |   0(0)    |       0(0)       |   0(0)   |      0(0)       |    0(0)    |
|              +genblk1.genblk1.u_gray2bin                                                                     |    1.5(0.5)    |  0(0)  | 0(0) |    0(0)    |    1.5(0.5)     |   0(0)    |       0(0)       |   0(0)    |       0(0)       |   0(0)   |      0(0)       |    0(0)    |
|               +genblk1.genblk1.u_gray2bin                                                                    |     1(0.5)     |  0(0)  | 0(0) |    0(0)    |     1(0.5)      |   0(0)    |       0(0)       |   0(0)    |       0(0)       |   0(0)   |      0(0)       |    0(0)    |
|                +genblk1.genblk1.u_gray2bin                                                                   |    0.5(0.5)    |  0(0)  | 0(0) |    0(0)    |    0.5(0.5)     |   0(0)    |       0(0)       |   0(0)    |       0(0)       |   0(0)   |      0(0)       |    0(0)    |
|        +async_clk.xrd2wr_addr_sync                                                                           |     20(20)     |  0(0)  | 0(0) |    0(0)    |      0(0)       |   0(0)    |       0(0)       |   0(0)    |       0(0)       |   0(0)   |      0(0)       |   20(20)   |
|        +async_clk.xrd2wr_bin2gray                                                                            |    4.5(4.5)    |  0(0)  | 0(0) |    0(0)    |    4.5(4.5)     |   0(0)    |       0(0)       |   0(0)    |       0(0)       |   0(0)   |      0(0)       |    0(0)    |
|        +async_clk.xrd2wr_gray2bin                                                                            |    4.5(0.5)    |  0(0)  | 0(0) |    0(0)    |    4.5(0.5)     |   0(0)    |       0(0)       |   0(0)    |       0(0)       |   0(0)   |      0(0)       |    0(0)    |
|         +genblk1.genblk1.u_gray2bin                                                                          |     4(0.5)     |  0(0)  | 0(0) |    0(0)    |     4(0.5)      |   0(0)    |       0(0)       |   0(0)    |       0(0)       |   0(0)   |      0(0)       |    0(0)    |
|          +genblk1.genblk1.u_gray2bin                                                                         |    3.5(0.5)    |  0(0)  | 0(0) |    0(0)    |    3.5(0.5)     |   0(0)    |       0(0)       |   0(0)    |       0(0)       |   0(0)   |      0(0)       |    0(0)    |
|           +genblk1.genblk1.u_gray2bin                                                                        |     3(0.5)     |  0(0)  | 0(0) |    0(0)    |     3(0.5)      |   0(0)    |       0(0)       |   0(0)    |       0(0)       |   0(0)   |      0(0)       |    0(0)    |
|            +genblk1.genblk1.u_gray2bin                                                                       |    2.5(0.5)    |  0(0)  | 0(0) |    0(0)    |    2.5(0.5)     |   0(0)    |       0(0)       |   0(0)    |       0(0)       |   0(0)   |      0(0)       |    0(0)    |
|             +genblk1.genblk1.u_gray2bin                                                                      |     2(0.5)     |  0(0)  | 0(0) |    0(0)    |     2(0.5)      |   0(0)    |       0(0)       |   0(0)    |       0(0)       |   0(0)   |      0(0)       |    0(0)    |
|              +genblk1.genblk1.u_gray2bin                                                                     |    1.5(0.5)    |  0(0)  | 0(0) |    0(0)    |    1.5(0.5)     |   0(0)    |       0(0)       |   0(0)    |       0(0)       |   0(0)   |      0(0)       |    0(0)    |
|               +genblk1.genblk1.u_gray2bin                                                                    |     1(0.5)     |  0(0)  | 0(0) |    0(0)    |     1(0.5)      |   0(0)    |       0(0)       |   0(0)    |       0(0)       |   0(0)   |      0(0)       |    0(0)    |
|                +genblk1.genblk1.u_gray2bin                                                                   |    0.5(0.5)    |  0(0)  | 0(0) |    0(0)    |    0.5(0.5)     |   0(0)    |       0(0)       |   0(0)    |       0(0)       |   0(0)   |      0(0)       |    0(0)    |
|       +xefx_fifo_ram                                                                                         |      0(0)      |  2(2)  | 0(0) |    0(0)    |      0(0)       |   0(0)    |       0(0)       |   0(0)    |       0(0)       |   0(0)   |      0(0)       |    0(0)    |
|      +syncreg_25                                                                                             |      8(8)      |  0(0)  | 0(0) |    0(0)    |      0(0)       |   0(0)    |       0(0)       |   0(0)    |       0(0)       |   0(0)   |      0(0)       |    8(8)    |
|      +syncreg_30                                                                                             |      2(2)      |  0(0)  | 0(0) |    0(0)    |      0(0)       |   0(0)    |       0(0)       |   0(0)    |       0(0)       |   0(0)   |      0(0)       |    2(2)    |
|     +video_iface_inst                                                                                        |  309.5(229.5)  |  6(0)  | 0(0) |   72(53)   |   28.5(23.5)    |   0(0)    |       0(0)       |  65(65)   |      76(47)      |   0(0)   |      0(0)       |   68(41)   |
|      +asyncreg_1                                                                                             |      2(2)      |  0(0)  | 0(0) |    0(0)    |      0(0)       |   0(0)    |       0(0)       |   0(0)    |       0(0)       |   0(0)   |      0(0)       |    2(2)    |
|      +asyncreg_2                                                                                             |      4(4)      |  0(0)  | 0(0) |    0(0)    |      0(0)       |   0(0)    |       0(0)       |   0(0)    |       0(0)       |   0(0)   |      0(0)       |    4(4)    |
|      +asyncreg_3                                                                                             |     12(12)     |  0(0)  | 0(0) |    0(0)    |      0(0)       |   0(0)    |       0(0)       |   0(0)    |       0(0)       |   0(0)   |      0(0)       |   12(12)   |
|      +delay_sync_inst                                                                                        |     62(14)     |  6(0)  | 0(0) |   19(5)    |      5(4)       |   0(0)    |       0(0)       |   0(0)    |      29(0)       |   0(0)   |      0(0)       |    9(5)    |
|       +delaysyncfifo                                                                                         |     48(0)      |  6(0)  | 0(0) |   14(0)    |      1(0)       |   0(0)    |       0(0)       |   0(0)    |      29(0)       |   0(0)   |      0(0)       |    4(0)    |
|        +genblk2.efx_resetsync_a_rst                                                                          |      2(0)      |  0(0)  | 0(0) |    0(0)    |      0(0)       |   0(0)    |       0(0)       |   0(0)    |       0(0)       |   0(0)   |      0(0)       |    2(0)    |
|         +active_high.efx_resetsync_active_high                                                               |      2(2)      |  0(0)  | 0(0) |    0(0)    |      0(0)       |   0(0)    |       0(0)       |   0(0)    |       0(0)       |   0(0)   |      0(0)       |    2(2)    |
|        +xefx_fifo_ctl                                                                                        |     41(41)     |  0(0)  | 0(0) |   10(10)   |      1(1)       |   0(0)    |       0(0)       |   0(0)    |      29(29)      |   0(0)   |      0(0)       |    1(1)    |
|        +xefx_fifo_ram                                                                                        |      5(5)      |  6(6)  | 0(0) |    4(4)    |      0(0)       |   0(0)    |       0(0)       |   0(0)    |       0(0)       |   0(0)   |      0(0)       |    1(1)    |
|  +u_hbram                                                                                                    |    1611(0)     | 27(0)  | 0(0) |   497(0)   |     535(0)      |   0(0)    |       0(0)       |  121(0)   |      53(0)       |   0(0)   |      0(0)       |   405(0)   |
|   +u_hbram_top                                                                                               |    1611(0)     | 27(0)  | 0(0) |   497(0)   |     535(0)      |   0(0)    |       0(0)       |  121(0)   |      53(0)       |   0(0)   |      0(0)       |   405(0)   |
|    +hard_cal_block.hbram_cal_axi_top_inst                                                                    |    1611(14)    | 27(0)  | 0(0) |   497(5)   |     535(5)      |   0(0)    |       0(0)       |  121(0)   |      53(0)       |   0(0)   |      0(0)       |   405(4)   |
|     +axi_rst_syncronizer                                                                                     |      2(0)      |  0(0)  | 0(0) |    0(0)    |      0(0)       |   0(0)    |       0(0)       |   0(0)    |       0(0)       |   0(0)   |      0(0)       |    2(0)    |
|      +active_low.efx_resetsync_active_low                                                                    |      2(2)      |  0(0)  | 0(0) |    0(0)    |      0(0)       |   0(0)    |       0(0)       |   0(0)    |       0(0)       |   0(0)   |      0(0)       |    2(2)    |
|     +calibration_block.hbram_cal_top_inst                                                                    |     904(2)     |  2(0)  | 0(0) |   354(1)   |     290(1)      |   0(0)    |       0(0)       |   94(0)   |       5(0)       |   0(0)   |      0(0)       |   161(0)   |
|      +hbram_cal_ctrl_inst                                                                                    |    602(531)    |  2(0)  | 0(0) |  221(213)  |    175(155)     |   0(0)    |       0(0)       |  70(70)   |       5(0)       |   0(0)   |      0(0)       |  131(93)   |
|       +fail_safe_sync                                                                                        |      8(8)      |  0(0)  | 0(0) |    0(0)    |      0(0)       |   0(0)    |       0(0)       |   0(0)    |       0(0)       |   0(0)   |      0(0)       |    8(8)    |
|       +fifo_rden_block.genblk1.rd_data_fifo                                                                  |     63(0)      |  2(0)  | 0(0) |    8(0)    |      20(0)      |   0(0)    |       0(0)       |   0(0)    |       5(0)       |   0(0)   |      0(0)       |   30(0)    |
|        +genblk2.genblk1.efx_resetsync_rd_rst                                                                 |      2(0)      |  0(0)  | 0(0) |    0(0)    |      0(0)       |   0(0)    |       0(0)       |   0(0)    |       0(0)       |   0(0)   |      0(0)       |    2(0)    |
|         +active_high.efx_resetsync_active_high                                                               |      2(2)      |  0(0)  | 0(0) |    0(0)    |      0(0)       |   0(0)    |       0(0)       |   0(0)    |       0(0)       |   0(0)   |      0(0)       |    2(2)    |
|        +genblk2.genblk1.efx_resetsync_wr_rst                                                                 |      2(0)      |  0(0)  | 0(0) |    0(0)    |      0(0)       |   0(0)    |       0(0)       |   0(0)    |       0(0)       |   0(0)   |      0(0)       |    2(0)    |
|         +active_high.efx_resetsync_active_high                                                               |      2(2)      |  0(0)  | 0(0) |    0(0)    |      0(0)       |   0(0)    |       0(0)       |   0(0)    |       0(0)       |   0(0)   |      0(0)       |    2(2)    |
|        +xefx_fifo_ctl                                                                                        |    59(31.5)    |  0(0)  | 0(0) |    8(8)    |    20(12.5)     |   0(0)    |       0(0)       |   0(0)    |       5(5)       |   0(0)   |      0(0)       |   26(6)    |
|         +async_clk.wr2rd_addr_sync                                                                           |     10(10)     |  0(0)  | 0(0) |    0(0)    |      0(0)       |   0(0)    |       0(0)       |   0(0)    |       0(0)       |   0(0)   |      0(0)       |   10(10)   |
|         +async_clk.wr2rd_bin2gray                                                                            |    1.5(1.5)    |  0(0)  | 0(0) |    0(0)    |    1.5(1.5)     |   0(0)    |       0(0)       |   0(0)    |       0(0)       |   0(0)   |      0(0)       |    0(0)    |
|         +async_clk.wr2rd_gray2bin                                                                            |     2(0.5)     |  0(0)  | 0(0) |    0(0)    |     2(0.5)      |   0(0)    |       0(0)       |   0(0)    |       0(0)       |   0(0)   |      0(0)       |    0(0)    |
|          +genblk1.genblk1.u_gray2bin                                                                         |    1.5(0.5)    |  0(0)  | 0(0) |    0(0)    |    1.5(0.5)     |   0(0)    |       0(0)       |   0(0)    |       0(0)       |   0(0)   |      0(0)       |    0(0)    |
|           +genblk1.genblk1.u_gray2bin                                                                        |     1(0.5)     |  0(0)  | 0(0) |    0(0)    |     1(0.5)      |   0(0)    |       0(0)       |   0(0)    |       0(0)       |   0(0)   |      0(0)       |    0(0)    |
|            +genblk1.genblk1.u_gray2bin                                                                       |    0.5(0.5)    |  0(0)  | 0(0) |    0(0)    |    0.5(0.5)     |   0(0)    |       0(0)       |   0(0)    |       0(0)       |   0(0)   |      0(0)       |    0(0)    |
|         +async_clk.xrd2wr_addr_sync                                                                          |     10(10)     |  0(0)  | 0(0) |    0(0)    |      0(0)       |   0(0)    |       0(0)       |   0(0)    |       0(0)       |   0(0)   |      0(0)       |   10(10)   |
|         +async_clk.xrd2wr_bin2gray                                                                           |      2(2)      |  0(0)  | 0(0) |    0(0)    |      2(2)       |   0(0)    |       0(0)       |   0(0)    |       0(0)       |   0(0)   |      0(0)       |    0(0)    |
|         +async_clk.xrd2wr_gray2bin                                                                           |     2(0.5)     |  0(0)  | 0(0) |    0(0)    |     2(0.5)      |   0(0)    |       0(0)       |   0(0)    |       0(0)       |   0(0)   |      0(0)       |    0(0)    |
|          +genblk1.genblk1.u_gray2bin                                                                         |    1.5(0.5)    |  0(0)  | 0(0) |    0(0)    |    1.5(0.5)     |   0(0)    |       0(0)       |   0(0)    |       0(0)       |   0(0)   |      0(0)       |    0(0)    |
|           +genblk1.genblk1.u_gray2bin                                                                        |     1(0.5)     |  0(0)  | 0(0) |    0(0)    |     1(0.5)      |   0(0)    |       0(0)       |   0(0)    |       0(0)       |   0(0)   |      0(0)       |    0(0)    |
|            +genblk1.genblk1.u_gray2bin                                                                       |    0.5(0.5)    |  0(0)  | 0(0) |    0(0)    |    0.5(0.5)     |   0(0)    |       0(0)       |   0(0)    |       0(0)       |   0(0)   |      0(0)       |    0(0)    |
|        +xefx_fifo_ram                                                                                        |      0(0)      |  2(2)  | 0(0) |    0(0)    |      0(0)       |   0(0)    |       0(0)       |   0(0)    |       0(0)       |   0(0)   |      0(0)       |    0(0)    |
|      +pll_mode_block.genblk1.hbram_cal_mst_inst                                                              |   25.5(25.5)   |  0(0)  | 0(0) |   12(12)   |   12.5(12.5)    |   0(0)    |       0(0)       |   0(0)    |       0(0)       |   0(0)   |      0(0)       |    1(1)    |
|      +pll_mode_block.genblk1.hbram_cal_slv_inst                                                              |  274.5(274.5)  |  0(0)  | 0(0) |  120(120)  |  101.5(101.5)   |   0(0)    |       0(0)       |  24(24)   |       0(0)       |   0(0)   |      0(0)       |   29(29)   |
|     +interface_block1.hbram_axi_wrapper_inst                                                                 |     687(0)     | 25(0)  | 0(0) |   138(0)   |     240(0)      |   0(0)    |       0(0)       |   27(0)   |      48(0)       |   0(0)   |      0(0)       |   234(0)   |
|      +xefx_axi_amux_top                                                                                      |  551.5(126.5)  | 25(0)  | 0(0) |   76(28)   |   215.5(86.5)   |   0(0)    |       0(0)       |   16(6)   |      48(0)       |   0(0)   |      0(0)       |   196(6)   |
|       +addr_fifo                                                                                             |     63(0)      |  3(0)  | 0(0) |    9(0)    |      19(0)      |   0(0)    |       0(0)       |   0(0)    |       5(0)       |   0(0)   |      0(0)       |   30(0)    |
|        +genblk2.genblk1.efx_resetsync_rd_rst                                                                 |      2(0)      |  0(0)  | 0(0) |    0(0)    |      0(0)       |   0(0)    |       0(0)       |   0(0)    |       0(0)       |   0(0)   |      0(0)       |    2(0)    |
|         +active_high.efx_resetsync_active_high                                                               |      2(2)      |  0(0)  | 0(0) |    0(0)    |      0(0)       |   0(0)    |       0(0)       |   0(0)    |       0(0)       |   0(0)   |      0(0)       |    2(2)    |
|        +genblk2.genblk1.efx_resetsync_wr_rst                                                                 |      2(0)      |  0(0)  | 0(0) |    0(0)    |      0(0)       |   0(0)    |       0(0)       |   0(0)    |       0(0)       |   0(0)   |      0(0)       |    2(0)    |
|         +active_high.efx_resetsync_active_high                                                               |      2(2)      |  0(0)  | 0(0) |    0(0)    |      0(0)       |   0(0)    |       0(0)       |   0(0)    |       0(0)       |   0(0)   |      0(0)       |    2(2)    |
|        +xefx_fifo_ctl                                                                                        |    59(31.5)    |  0(0)  | 0(0) |    9(9)    |    19(11.5)     |   0(0)    |       0(0)       |   0(0)    |       5(5)       |   0(0)   |      0(0)       |   26(6)    |
|         +async_clk.wr2rd_addr_sync                                                                           |     10(10)     |  0(0)  | 0(0) |    0(0)    |      0(0)       |   0(0)    |       0(0)       |   0(0)    |       0(0)       |   0(0)   |      0(0)       |   10(10)   |
|         +async_clk.wr2rd_bin2gray                                                                            |    1.5(1.5)    |  0(0)  | 0(0) |    0(0)    |    1.5(1.5)     |   0(0)    |       0(0)       |   0(0)    |       0(0)       |   0(0)   |      0(0)       |    0(0)    |
|         +async_clk.wr2rd_gray2bin                                                                            |     2(0.5)     |  0(0)  | 0(0) |    0(0)    |     2(0.5)      |   0(0)    |       0(0)       |   0(0)    |       0(0)       |   0(0)   |      0(0)       |    0(0)    |
|          +genblk1.genblk1.u_gray2bin                                                                         |    1.5(0.5)    |  0(0)  | 0(0) |    0(0)    |    1.5(0.5)     |   0(0)    |       0(0)       |   0(0)    |       0(0)       |   0(0)   |      0(0)       |    0(0)    |
|           +genblk1.genblk1.u_gray2bin                                                                        |     1(0.5)     |  0(0)  | 0(0) |    0(0)    |     1(0.5)      |   0(0)    |       0(0)       |   0(0)    |       0(0)       |   0(0)   |      0(0)       |    0(0)    |
|            +genblk1.genblk1.u_gray2bin                                                                       |    0.5(0.5)    |  0(0)  | 0(0) |    0(0)    |    0.5(0.5)     |   0(0)    |       0(0)       |   0(0)    |       0(0)       |   0(0)   |      0(0)       |    0(0)    |
|         +async_clk.xrd2wr_addr_sync                                                                          |     10(10)     |  0(0)  | 0(0) |    0(0)    |      0(0)       |   0(0)    |       0(0)       |   0(0)    |       0(0)       |   0(0)   |      0(0)       |   10(10)   |
|         +async_clk.xrd2wr_bin2gray                                                                           |      2(2)      |  0(0)  | 0(0) |    0(0)    |      2(2)       |   0(0)    |       0(0)       |   0(0)    |       0(0)       |   0(0)   |      0(0)       |    0(0)    |
|         +async_clk.xrd2wr_gray2bin                                                                           |     2(0.5)     |  0(0)  | 0(0) |    0(0)    |     2(0.5)      |   0(0)    |       0(0)       |   0(0)    |       0(0)       |   0(0)   |      0(0)       |    0(0)    |
|          +genblk1.genblk1.u_gray2bin                                                                         |    1.5(0.5)    |  0(0)  | 0(0) |    0(0)    |    1.5(0.5)     |   0(0)    |       0(0)       |   0(0)    |       0(0)       |   0(0)   |      0(0)       |    0(0)    |
|           +genblk1.genblk1.u_gray2bin                                                                        |     1(0.5)     |  0(0)  | 0(0) |    0(0)    |     1(0.5)      |   0(0)    |       0(0)       |   0(0)    |       0(0)       |   0(0)   |      0(0)       |    0(0)    |
|            +genblk1.genblk1.u_gray2bin                                                                       |    0.5(0.5)    |  0(0)  | 0(0) |    0(0)    |    0.5(0.5)     |   0(0)    |       0(0)       |   0(0)    |       0(0)       |   0(0)   |      0(0)       |    0(0)    |
|        +xefx_fifo_ram                                                                                        |      0(0)      |  3(3)  | 0(0) |    0(0)    |      0(0)       |   0(0)    |       0(0)       |   0(0)    |       0(0)       |   0(0)   |      0(0)       |    0(0)    |
|       +genblk2.wr_data_fifo                                                                                  |     105(1)     | 10(0)  | 0(0) |    8(1)    |      33(0)      |   0(0)    |       0(0)       |   0(0)    |      19(0)       |   0(0)   |      0(0)       |   45(0)    |
|        +genblk2.genblk1.efx_resetsync_rd_rst                                                                 |      2(0)      |  0(0)  | 0(0) |    0(0)    |      0(0)       |   0(0)    |       0(0)       |   0(0)    |       0(0)       |   0(0)   |      0(0)       |    2(0)    |
|         +active_high.efx_resetsync_active_high                                                               |      2(2)      |  0(0)  | 0(0) |    0(0)    |      0(0)       |   0(0)    |       0(0)       |   0(0)    |       0(0)       |   0(0)   |      0(0)       |    2(2)    |
|        +genblk2.genblk1.efx_resetsync_wr_rst                                                                 |      2(0)      |  0(0)  | 0(0) |    0(0)    |      0(0)       |   0(0)    |       0(0)       |   0(0)    |       0(0)       |   0(0)   |      0(0)       |    2(0)    |
|         +active_high.efx_resetsync_active_high                                                               |      2(2)      |  0(0)  | 0(0) |    0(0)    |      0(0)       |   0(0)    |       0(0)       |   0(0)    |       0(0)       |   0(0)   |      0(0)       |    2(2)    |
|        +xefx_fifo_ctl                                                                                        |    100(48)     |  0(0)  | 0(0) |    7(7)    |     33(17)      |   0(0)    |       0(0)       |   0(0)    |      19(19)      |   0(0)   |      0(0)       |   41(5)    |
|         +async_clk.wr2rd_addr_sync                                                                           |     18(18)     |  0(0)  | 0(0) |    0(0)    |      0(0)       |   0(0)    |       0(0)       |   0(0)    |       0(0)       |   0(0)   |      0(0)       |   18(18)   |
|         +async_clk.wr2rd_bin2gray                                                                            |      4(4)      |  0(0)  | 0(0) |    0(0)    |      4(4)       |   0(0)    |       0(0)       |   0(0)    |       0(0)       |   0(0)   |      0(0)       |    0(0)    |
|         +async_clk.wr2rd_gray2bin                                                                            |     4(0.5)     |  0(0)  | 0(0) |    0(0)    |     4(0.5)      |   0(0)    |       0(0)       |   0(0)    |       0(0)       |   0(0)   |      0(0)       |    0(0)    |
|          +genblk1.genblk1.u_gray2bin                                                                         |    3.5(0.5)    |  0(0)  | 0(0) |    0(0)    |    3.5(0.5)     |   0(0)    |       0(0)       |   0(0)    |       0(0)       |   0(0)   |      0(0)       |    0(0)    |
|           +genblk1.genblk1.u_gray2bin                                                                        |     3(0.5)     |  0(0)  | 0(0) |    0(0)    |     3(0.5)      |   0(0)    |       0(0)       |   0(0)    |       0(0)       |   0(0)   |      0(0)       |    0(0)    |
|            +genblk1.genblk1.u_gray2bin                                                                       |    2.5(0.5)    |  0(0)  | 0(0) |    0(0)    |    2.5(0.5)     |   0(0)    |       0(0)       |   0(0)    |       0(0)       |   0(0)   |      0(0)       |    0(0)    |
|             +genblk1.genblk1.u_gray2bin                                                                      |     2(0.5)     |  0(0)  | 0(0) |    0(0)    |     2(0.5)      |   0(0)    |       0(0)       |   0(0)    |       0(0)       |   0(0)   |      0(0)       |    0(0)    |
|              +genblk1.genblk1.u_gray2bin                                                                     |    1.5(0.5)    |  0(0)  | 0(0) |    0(0)    |    1.5(0.5)     |   0(0)    |       0(0)       |   0(0)    |       0(0)       |   0(0)   |      0(0)       |    0(0)    |
|               +genblk1.genblk1.u_gray2bin                                                                    |     1(0.5)     |  0(0)  | 0(0) |    0(0)    |     1(0.5)      |   0(0)    |       0(0)       |   0(0)    |       0(0)       |   0(0)   |      0(0)       |    0(0)    |
|                +genblk1.genblk1.u_gray2bin                                                                   |    0.5(0.5)    |  0(0)  | 0(0) |    0(0)    |    0.5(0.5)     |   0(0)    |       0(0)       |   0(0)    |       0(0)       |   0(0)   |      0(0)       |    0(0)    |
|         +async_clk.xrd2wr_addr_sync                                                                          |     18(18)     |  0(0)  | 0(0) |    0(0)    |      0(0)       |   0(0)    |       0(0)       |   0(0)    |       0(0)       |   0(0)   |      0(0)       |   18(18)   |
|         +async_clk.xrd2wr_bin2gray                                                                           |      4(4)      |  0(0)  | 0(0) |    0(0)    |      4(4)       |   0(0)    |       0(0)       |   0(0)    |       0(0)       |   0(0)   |      0(0)       |    0(0)    |
|         +async_clk.xrd2wr_gray2bin                                                                           |     4(0.5)     |  0(0)  | 0(0) |    0(0)    |     4(0.5)      |   0(0)    |       0(0)       |   0(0)    |       0(0)       |   0(0)   |      0(0)       |    0(0)    |
|          +genblk1.genblk1.u_gray2bin                                                                         |    3.5(0.5)    |  0(0)  | 0(0) |    0(0)    |    3.5(0.5)     |   0(0)    |       0(0)       |   0(0)    |       0(0)       |   0(0)   |      0(0)       |    0(0)    |
|           +genblk1.genblk1.u_gray2bin                                                                        |     3(0.5)     |  0(0)  | 0(0) |    0(0)    |     3(0.5)      |   0(0)    |       0(0)       |   0(0)    |       0(0)       |   0(0)   |      0(0)       |    0(0)    |
|            +genblk1.genblk1.u_gray2bin                                                                       |    2.5(0.5)    |  0(0)  | 0(0) |    0(0)    |    2.5(0.5)     |   0(0)    |       0(0)       |   0(0)    |       0(0)       |   0(0)   |      0(0)       |    0(0)    |
|             +genblk1.genblk1.u_gray2bin                                                                      |     2(0.5)     |  0(0)  | 0(0) |    0(0)    |     2(0.5)      |   0(0)    |       0(0)       |   0(0)    |       0(0)       |   0(0)   |      0(0)       |    0(0)    |
|              +genblk1.genblk1.u_gray2bin                                                                     |    1.5(0.5)    |  0(0)  | 0(0) |    0(0)    |    1.5(0.5)     |   0(0)    |       0(0)       |   0(0)    |       0(0)       |   0(0)   |      0(0)       |    0(0)    |
|               +genblk1.genblk1.u_gray2bin                                                                    |     1(0.5)     |  0(0)  | 0(0) |    0(0)    |     1(0.5)      |   0(0)    |       0(0)       |   0(0)    |       0(0)       |   0(0)   |      0(0)       |    0(0)    |
|                +genblk1.genblk1.u_gray2bin                                                                   |    0.5(0.5)    |  0(0)  | 0(0) |    0(0)    |    0.5(0.5)     |   0(0)    |       0(0)       |   0(0)    |       0(0)       |   0(0)   |      0(0)       |    0(0)    |
|        +xefx_fifo_ram                                                                                        |      0(0)      | 10(10) | 0(0) |    0(0)    |      0(0)       |   0(0)    |       0(0)       |   0(0)    |       0(0)       |   0(0)   |      0(0)       |    0(0)    |
|       +rd_counter_fifo                                                                                       |     62(0)      |  1(0)  | 0(0) |    7(0)    |      20(0)      |   0(0)    |       0(0)       |   0(0)    |       5(0)       |   0(0)   |      0(0)       |   30(0)    |
|        +genblk2.genblk1.efx_resetsync_rd_rst                                                                 |      2(0)      |  0(0)  | 0(0) |    0(0)    |      0(0)       |   0(0)    |       0(0)       |   0(0)    |       0(0)       |   0(0)   |      0(0)       |    2(0)    |
|         +active_high.efx_resetsync_active_high                                                               |      2(2)      |  0(0)  | 0(0) |    0(0)    |      0(0)       |   0(0)    |       0(0)       |   0(0)    |       0(0)       |   0(0)   |      0(0)       |    2(2)    |
|        +genblk2.genblk1.efx_resetsync_wr_rst                                                                 |      2(0)      |  0(0)  | 0(0) |    0(0)    |      0(0)       |   0(0)    |       0(0)       |   0(0)    |       0(0)       |   0(0)   |      0(0)       |    2(0)    |
|         +active_high.efx_resetsync_active_high                                                               |      2(2)      |  0(0)  | 0(0) |    0(0)    |      0(0)       |   0(0)    |       0(0)       |   0(0)    |       0(0)       |   0(0)   |      0(0)       |    2(2)    |
|        +xefx_fifo_ctl                                                                                        |    58(30.5)    |  0(0)  | 0(0) |    7(7)    |    20(12.5)     |   0(0)    |       0(0)       |   0(0)    |       5(5)       |   0(0)   |      0(0)       |   26(6)    |
|         +async_clk.wr2rd_addr_sync                                                                           |     10(10)     |  0(0)  | 0(0) |    0(0)    |      0(0)       |   0(0)    |       0(0)       |   0(0)    |       0(0)       |   0(0)   |      0(0)       |   10(10)   |
|         +async_clk.wr2rd_bin2gray                                                                            |    1.5(1.5)    |  0(0)  | 0(0) |    0(0)    |    1.5(1.5)     |   0(0)    |       0(0)       |   0(0)    |       0(0)       |   0(0)   |      0(0)       |    0(0)    |
|         +async_clk.wr2rd_gray2bin                                                                            |     2(0.5)     |  0(0)  | 0(0) |    0(0)    |     2(0.5)      |   0(0)    |       0(0)       |   0(0)    |       0(0)       |   0(0)   |      0(0)       |    0(0)    |
|          +genblk1.genblk1.u_gray2bin                                                                         |    1.5(0.5)    |  0(0)  | 0(0) |    0(0)    |    1.5(0.5)     |   0(0)    |       0(0)       |   0(0)    |       0(0)       |   0(0)   |      0(0)       |    0(0)    |
|           +genblk1.genblk1.u_gray2bin                                                                        |     1(0.5)     |  0(0)  | 0(0) |    0(0)    |     1(0.5)      |   0(0)    |       0(0)       |   0(0)    |       0(0)       |   0(0)   |      0(0)       |    0(0)    |
|            +genblk1.genblk1.u_gray2bin                                                                       |    0.5(0.5)    |  0(0)  | 0(0) |    0(0)    |    0.5(0.5)     |   0(0)    |       0(0)       |   0(0)    |       0(0)       |   0(0)   |      0(0)       |    0(0)    |
|         +async_clk.xrd2wr_addr_sync                                                                          |     10(10)     |  0(0)  | 0(0) |    0(0)    |      0(0)       |   0(0)    |       0(0)       |   0(0)    |       0(0)       |   0(0)   |      0(0)       |   10(10)   |
|         +async_clk.xrd2wr_bin2gray                                                                           |      2(2)      |  0(0)  | 0(0) |    0(0)    |      2(2)       |   0(0)    |       0(0)       |   0(0)    |       0(0)       |   0(0)   |      0(0)       |    0(0)    |
|         +async_clk.xrd2wr_gray2bin                                                                           |     2(0.5)     |  0(0)  | 0(0) |    0(0)    |     2(0.5)      |   0(0)    |       0(0)       |   0(0)    |       0(0)       |   0(0)   |      0(0)       |    0(0)    |
|          +genblk1.genblk1.u_gray2bin                                                                         |    1.5(0.5)    |  0(0)  | 0(0) |    0(0)    |    1.5(0.5)     |   0(0)    |       0(0)       |   0(0)    |       0(0)       |   0(0)   |      0(0)       |    0(0)    |
|           +genblk1.genblk1.u_gray2bin                                                                        |     1(0.5)     |  0(0)  | 0(0) |    0(0)    |     1(0.5)      |   0(0)    |       0(0)       |   0(0)    |       0(0)       |   0(0)   |      0(0)       |    0(0)    |
|            +genblk1.genblk1.u_gray2bin                                                                       |    0.5(0.5)    |  0(0)  | 0(0) |    0(0)    |    0.5(0.5)     |   0(0)    |       0(0)       |   0(0)    |       0(0)       |   0(0)   |      0(0)       |    0(0)    |
|        +xefx_fifo_ram                                                                                        |      0(0)      |  1(1)  | 0(0) |    0(0)    |      0(0)       |   0(0)    |       0(0)       |   0(0)    |       0(0)       |   0(0)   |      0(0)       |    0(0)    |
|       +rd_data_fifo                                                                                          |     120(0)     |  9(0)  | 0(0) |   14(0)    |      32(0)      |   0(0)    |       0(0)       |   10(0)   |      19(0)       |   0(0)   |      0(0)       |   45(0)    |
|        +genblk2.genblk1.efx_resetsync_rd_rst                                                                 |      2(0)      |  0(0)  | 0(0) |    0(0)    |      0(0)       |   0(0)    |       0(0)       |   0(0)    |       0(0)       |   0(0)   |      0(0)       |    2(0)    |
|         +active_high.efx_resetsync_active_high                                                               |      2(2)      |  0(0)  | 0(0) |    0(0)    |      0(0)       |   0(0)    |       0(0)       |   0(0)    |       0(0)       |   0(0)   |      0(0)       |    2(2)    |
|        +genblk2.genblk1.efx_resetsync_wr_rst                                                                 |      2(0)      |  0(0)  | 0(0) |    0(0)    |      0(0)       |   0(0)    |       0(0)       |   0(0)    |       0(0)       |   0(0)   |      0(0)       |    2(0)    |
|         +active_high.efx_resetsync_active_high                                                               |      2(2)      |  0(0)  | 0(0) |    0(0)    |      0(0)       |   0(0)    |       0(0)       |   0(0)    |       0(0)       |   0(0)   |      0(0)       |    2(2)    |
|        +xefx_fifo_ctl                                                                                        |    116(64)     |  0(0)  | 0(0) |   14(14)   |     32(16)      |   0(0)    |       0(0)       |  10(10)   |      19(19)      |   0(0)   |      0(0)       |   41(5)    |
|         +async_clk.wr2rd_addr_sync                                                                           |     18(18)     |  0(0)  | 0(0) |    0(0)    |      0(0)       |   0(0)    |       0(0)       |   0(0)    |       0(0)       |   0(0)   |      0(0)       |   18(18)   |
|         +async_clk.wr2rd_bin2gray                                                                            |      4(4)      |  0(0)  | 0(0) |    0(0)    |      4(4)       |   0(0)    |       0(0)       |   0(0)    |       0(0)       |   0(0)   |      0(0)       |    0(0)    |
|         +async_clk.wr2rd_gray2bin                                                                            |     4(0.5)     |  0(0)  | 0(0) |    0(0)    |     4(0.5)      |   0(0)    |       0(0)       |   0(0)    |       0(0)       |   0(0)   |      0(0)       |    0(0)    |
|          +genblk1.genblk1.u_gray2bin                                                                         |    3.5(0.5)    |  0(0)  | 0(0) |    0(0)    |    3.5(0.5)     |   0(0)    |       0(0)       |   0(0)    |       0(0)       |   0(0)   |      0(0)       |    0(0)    |
|           +genblk1.genblk1.u_gray2bin                                                                        |     3(0.5)     |  0(0)  | 0(0) |    0(0)    |     3(0.5)      |   0(0)    |       0(0)       |   0(0)    |       0(0)       |   0(0)   |      0(0)       |    0(0)    |
|            +genblk1.genblk1.u_gray2bin                                                                       |    2.5(0.5)    |  0(0)  | 0(0) |    0(0)    |    2.5(0.5)     |   0(0)    |       0(0)       |   0(0)    |       0(0)       |   0(0)   |      0(0)       |    0(0)    |
|             +genblk1.genblk1.u_gray2bin                                                                      |     2(0.5)     |  0(0)  | 0(0) |    0(0)    |     2(0.5)      |   0(0)    |       0(0)       |   0(0)    |       0(0)       |   0(0)   |      0(0)       |    0(0)    |
|              +genblk1.genblk1.u_gray2bin                                                                     |    1.5(0.5)    |  0(0)  | 0(0) |    0(0)    |    1.5(0.5)     |   0(0)    |       0(0)       |   0(0)    |       0(0)       |   0(0)   |      0(0)       |    0(0)    |
|               +genblk1.genblk1.u_gray2bin                                                                    |     1(0.5)     |  0(0)  | 0(0) |    0(0)    |     1(0.5)      |   0(0)    |       0(0)       |   0(0)    |       0(0)       |   0(0)   |      0(0)       |    0(0)    |
|                +genblk1.genblk1.u_gray2bin                                                                   |    0.5(0.5)    |  0(0)  | 0(0) |    0(0)    |    0.5(0.5)     |   0(0)    |       0(0)       |   0(0)    |       0(0)       |   0(0)   |      0(0)       |    0(0)    |
|         +async_clk.xrd2wr_addr_sync                                                                          |     18(18)     |  0(0)  | 0(0) |    0(0)    |      0(0)       |   0(0)    |       0(0)       |   0(0)    |       0(0)       |   0(0)   |      0(0)       |   18(18)   |
|         +async_clk.xrd2wr_bin2gray                                                                           |      4(4)      |  0(0)  | 0(0) |    0(0)    |      4(4)       |   0(0)    |       0(0)       |   0(0)    |       0(0)       |   0(0)   |      0(0)       |    0(0)    |
|         +async_clk.xrd2wr_gray2bin                                                                           |     4(0.5)     |  0(0)  | 0(0) |    0(0)    |     4(0.5)      |   0(0)    |       0(0)       |   0(0)    |       0(0)       |   0(0)   |      0(0)       |    0(0)    |
|          +genblk1.genblk1.u_gray2bin                                                                         |    3.5(0.5)    |  0(0)  | 0(0) |    0(0)    |    3.5(0.5)     |   0(0)    |       0(0)       |   0(0)    |       0(0)       |   0(0)   |      0(0)       |    0(0)    |
|           +genblk1.genblk1.u_gray2bin                                                                        |     3(0.5)     |  0(0)  | 0(0) |    0(0)    |     3(0.5)      |   0(0)    |       0(0)       |   0(0)    |       0(0)       |   0(0)   |      0(0)       |    0(0)    |
|            +genblk1.genblk1.u_gray2bin                                                                       |    2.5(0.5)    |  0(0)  | 0(0) |    0(0)    |    2.5(0.5)     |   0(0)    |       0(0)       |   0(0)    |       0(0)       |   0(0)   |      0(0)       |    0(0)    |
|             +genblk1.genblk1.u_gray2bin                                                                      |     2(0.5)     |  0(0)  | 0(0) |    0(0)    |     2(0.5)      |   0(0)    |       0(0)       |   0(0)    |       0(0)       |   0(0)   |      0(0)       |    0(0)    |
|              +genblk1.genblk1.u_gray2bin                                                                     |    1.5(0.5)    |  0(0)  | 0(0) |    0(0)    |    1.5(0.5)     |   0(0)    |       0(0)       |   0(0)    |       0(0)       |   0(0)   |      0(0)       |    0(0)    |
|               +genblk1.genblk1.u_gray2bin                                                                    |     1(0.5)     |  0(0)  | 0(0) |    0(0)    |     1(0.5)      |   0(0)    |       0(0)       |   0(0)    |       0(0)       |   0(0)   |      0(0)       |    0(0)    |
|                +genblk1.genblk1.u_gray2bin                                                                   |    0.5(0.5)    |  0(0)  | 0(0) |    0(0)    |    0.5(0.5)     |   0(0)    |       0(0)       |   0(0)    |       0(0)       |   0(0)   |      0(0)       |    0(0)    |
|        +xefx_fifo_ram                                                                                        |      0(0)      |  9(9)  | 0(0) |    0(0)    |      0(0)       |   0(0)    |       0(0)       |   0(0)    |       0(0)       |   0(0)   |      0(0)       |    0(0)    |
|       +rst_busy_sync                                                                                         |      2(2)      |  0(0)  | 0(0) |    0(0)    |      0(0)       |   0(0)    |       0(0)       |   0(0)    |       0(0)       |   0(0)   |      0(0)       |    2(2)    |
|       +wr_cntr_fifo                                                                                          |     33(0)      |  1(0)  | 0(0) |    5(0)    |      12(0)      |   0(0)    |       0(0)       |   0(0)    |       0(0)       |   0(0)   |      0(0)       |   16(0)    |
|        +genblk2.genblk1.efx_resetsync_rd_rst                                                                 |      2(0)      |  0(0)  | 0(0) |    0(0)    |      0(0)       |   0(0)    |       0(0)       |   0(0)    |       0(0)       |   0(0)   |      0(0)       |    2(0)    |
|         +active_high.efx_resetsync_active_high                                                               |      2(2)      |  0(0)  | 0(0) |    0(0)    |      0(0)       |   0(0)    |       0(0)       |   0(0)    |       0(0)       |   0(0)   |      0(0)       |    2(2)    |
|        +genblk2.genblk1.efx_resetsync_wr_rst                                                                 |      2(0)      |  0(0)  | 0(0) |    0(0)    |      0(0)       |   0(0)    |       0(0)       |   0(0)    |       0(0)       |   0(0)   |      0(0)       |    2(0)    |
|         +active_high.efx_resetsync_active_high                                                               |      2(2)      |  0(0)  | 0(0) |    0(0)    |      0(0)       |   0(0)    |       0(0)       |   0(0)    |       0(0)       |   0(0)   |      0(0)       |    2(2)    |
|        +xefx_fifo_ctl                                                                                        |    29(18.5)    |  0(0)  | 0(0) |    5(5)    |     12(9.5)     |   0(0)    |       0(0)       |   0(0)    |       0(0)       |   0(0)   |      0(0)       |   12(4)    |
|         +async_clk.wr2rd_addr_sync                                                                           |      8(8)      |  0(0)  | 0(0) |    0(0)    |      0(0)       |   0(0)    |       0(0)       |   0(0)    |       0(0)       |   0(0)   |      0(0)       |    8(8)    |
|         +async_clk.wr2rd_bin2gray                                                                            |      1(1)      |  0(0)  | 0(0) |    0(0)    |      1(1)       |   0(0)    |       0(0)       |   0(0)    |       0(0)       |   0(0)   |      0(0)       |    0(0)    |
|         +async_clk.wr2rd_gray2bin                                                                            |    1.5(0.5)    |  0(0)  | 0(0) |    0(0)    |    1.5(0.5)     |   0(0)    |       0(0)       |   0(0)    |       0(0)       |   0(0)   |      0(0)       |    0(0)    |
|          +genblk1.genblk1.u_gray2bin                                                                         |     1(0.5)     |  0(0)  | 0(0) |    0(0)    |     1(0.5)      |   0(0)    |       0(0)       |   0(0)    |       0(0)       |   0(0)   |      0(0)       |    0(0)    |
|           +genblk1.genblk1.u_gray2bin                                                                        |    0.5(0.5)    |  0(0)  | 0(0) |    0(0)    |    0.5(0.5)     |   0(0)    |       0(0)       |   0(0)    |       0(0)       |   0(0)   |      0(0)       |    0(0)    |
|        +xefx_fifo_ram                                                                                        |      0(0)      |  1(1)  | 0(0) |    0(0)    |      0(0)       |   0(0)    |       0(0)       |   0(0)    |       0(0)       |   0(0)   |      0(0)       |    0(0)    |
|       +wr_response_fifo                                                                                      |     40(0)      |  1(0)  | 0(0) |    5(0)    |      13(0)      |   0(0)    |       0(0)       |   0(0)    |       0(0)       |   0(0)   |      0(0)       |   22(0)    |
|        +genblk2.genblk1.efx_resetsync_rd_rst                                                                 |      2(0)      |  0(0)  | 0(0) |    0(0)    |      0(0)       |   0(0)    |       0(0)       |   0(0)    |       0(0)       |   0(0)   |      0(0)       |    2(0)    |
|         +active_high.efx_resetsync_active_high                                                               |      2(2)      |  0(0)  | 0(0) |    0(0)    |      0(0)       |   0(0)    |       0(0)       |   0(0)    |       0(0)       |   0(0)   |      0(0)       |    2(2)    |
|        +genblk2.genblk1.efx_resetsync_wr_rst                                                                 |      2(0)      |  0(0)  | 0(0) |    0(0)    |      0(0)       |   0(0)    |       0(0)       |   0(0)    |       0(0)       |   0(0)   |      0(0)       |    2(0)    |
|         +active_high.efx_resetsync_active_high                                                               |      2(2)      |  0(0)  | 0(0) |    0(0)    |      0(0)       |   0(0)    |       0(0)       |   0(0)    |       0(0)       |   0(0)   |      0(0)       |    2(2)    |
|        +xefx_fifo_ctl                                                                                        |    36(20.5)    |  0(0)  | 0(0) |    5(5)    |     13(9.5)     |   0(0)    |       0(0)       |   0(0)    |       0(0)       |   0(0)   |      0(0)       |   18(6)    |
|         +async_clk.wr2rd_addr_sync                                                                           |      6(6)      |  0(0)  | 0(0) |    0(0)    |      0(0)       |   0(0)    |       0(0)       |   0(0)    |       0(0)       |   0(0)   |      0(0)       |    6(6)    |
|         +async_clk.wr2rd_bin2gray                                                                            |    0.5(0.5)    |  0(0)  | 0(0) |    0(0)    |    0.5(0.5)     |   0(0)    |       0(0)       |   0(0)    |       0(0)       |   0(0)   |      0(0)       |    0(0)    |
|         +async_clk.wr2rd_gray2bin                                                                            |     1(0.5)     |  0(0)  | 0(0) |    0(0)    |     1(0.5)      |   0(0)    |       0(0)       |   0(0)    |       0(0)       |   0(0)   |      0(0)       |    0(0)    |
|          +genblk1.genblk1.u_gray2bin                                                                         |    0.5(0.5)    |  0(0)  | 0(0) |    0(0)    |    0.5(0.5)     |   0(0)    |       0(0)       |   0(0)    |       0(0)       |   0(0)   |      0(0)       |    0(0)    |
|         +async_clk.xrd2wr_addr_sync                                                                          |      6(6)      |  0(0)  | 0(0) |    0(0)    |      0(0)       |   0(0)    |       0(0)       |   0(0)    |       0(0)       |   0(0)   |      0(0)       |    6(6)    |
|         +async_clk.xrd2wr_bin2gray                                                                           |      1(1)      |  0(0)  | 0(0) |    0(0)    |      1(1)       |   0(0)    |       0(0)       |   0(0)    |       0(0)       |   0(0)   |      0(0)       |    0(0)    |
|         +async_clk.xrd2wr_gray2bin                                                                           |     1(0.5)     |  0(0)  | 0(0) |    0(0)    |     1(0.5)      |   0(0)    |       0(0)       |   0(0)    |       0(0)       |   0(0)   |      0(0)       |    0(0)    |
|          +genblk1.genblk1.u_gray2bin                                                                         |    0.5(0.5)    |  0(0)  | 0(0) |    0(0)    |    0.5(0.5)     |   0(0)    |       0(0)       |   0(0)    |       0(0)       |   0(0)   |      0(0)       |    0(0)    |
|        +xefx_fifo_ram                                                                                        |      0(0)      |  1(1)  | 0(0) |    0(0)    |      0(0)       |   0(0)    |       0(0)       |   0(0)    |       0(0)       |   0(0)   |      0(0)       |    0(0)    |
|      +xhbram_user_if                                                                                         |  133.5(133.5)  |  0(0)  | 0(0) |   62(62)   |   24.5(24.5)    |   0(0)    |       0(0)       |  11(11)   |       0(0)       |   0(0)   |      0(0)       |   36(36)   |
|      +xh_mrdy                                                                                                |      2(2)      |  0(0)  | 0(0) |    0(0)    |      0(0)       |   0(0)    |       0(0)       |   0(0)    |       0(0)       |   0(0)   |      0(0)       |    2(2)    |
|     +ramcal_rst_syncronizer                                                                                  |      2(0)      |  0(0)  | 0(0) |    0(0)    |      0(0)       |   0(0)    |       0(0)       |   0(0)    |       0(0)       |   0(0)   |      0(0)       |    2(0)    |
|      +active_low.efx_resetsync_active_low                                                                    |      2(2)      |  0(0)  | 0(0) |    0(0)    |      0(0)       |   0(0)    |       0(0)       |   0(0)    |       0(0)       |   0(0)   |      0(0)       |    2(2)    |
|     +ram_rst_syncronizer                                                                                     |      2(0)      |  0(0)  | 0(0) |    0(0)    |      0(0)       |   0(0)    |       0(0)       |   0(0)    |       0(0)       |   0(0)   |      0(0)       |    2(0)    |
|      +active_low.efx_resetsync_active_low                                                                    |      2(2)      |  0(0)  | 0(0) |    0(0)    |      0(0)       |   0(0)    |       0(0)       |   0(0)    |       0(0)       |   0(0)   |      0(0)       |    2(2)    |
|  +u_hw_accel_apb3                                                                                            |      4(4)      |  0(0)  | 0(0) |    1(1)    |      3(3)       |   0(0)    |       0(0)       |   0(0)    |       0(0)       |   0(0)   |      0(0)       |    0(0)    |
|  +u_panel_config                                                                                             |    186(186)    |  4(0)  | 0(0) |   69(69)   |     94(94)      |   0(0)    |       0(0)       |  21(21)   |       0(0)       |   0(0)   |      0(0)       |    2(2)    |
|   +inst_piv2_reg                                                                                             |      0(0)      |  4(4)  | 0(0) |    0(0)    |      0(0)       |   0(0)    |       0(0)       |   0(0)    |       0(0)       |   0(0)   |      0(0)       |    0(0)    |
|  +u_risc_v                                                                                                   |    10272(0)    | 43(0)  | 4(0) |  3072(0)   |     2422(0)     |   0(0)    |       0(0)       |  339(0)   |      364(0)      |  10(0)   |      0(0)       |  4065(0)   |
|   +u_EfxSapphireSoc                                                                                          | 10272(3161.5)  | 43(0)  | 4(0) | 3072(123)  |   2422(984.5)   |   0(0)    |       0(0)       |  339(7)   |     364(26)      |  10(0)   |      0(0)       | 4065(2021) |
|    +bufferCC_32                                                                                              |      1(1)      |  0(0)  | 0(0) |    0(0)    |      0(0)       |   0(0)    |       0(0)       |   0(0)    |       0(0)       |   1(1)   |      0(0)       |    0(0)    |
|    +ddrCd_logic_outputReset_asyncAssertSyncDeassert_buffercc                                                 |      2(2)      |  0(0)  | 0(0) |    0(0)    |      0(0)       |   0(0)    |       0(0)       |   0(0)    |       0(0)       |   0(0)   |      0(0)       |    2(2)    |
|    +debugCd_logic_outputReset_asyncAssertSyncDeassert_buffercc                                               |      2(2)      |  0(0)  | 0(0) |    0(0)    |      0(0)       |   0(0)    |       0(0)       |   0(0)    |       0(0)       |   0(0)   |      0(0)       |    2(2)    |
|    +io_apbSlave_0_logic                                                                                      |     43(43)     |  0(0)  | 0(0) |    4(4)    |      2(2)       |   0(0)    |       0(0)       |   0(0)    |       0(0)       |   0(0)   |      0(0)       |   37(37)   |
|    +io_apbSlave_1_logic                                                                                      |     43(43)     |  0(0)  | 0(0) |    3(3)    |      2(2)       |   0(0)    |       0(0)       |   0(0)    |       0(0)       |   0(0)   |      0(0)       |   38(38)   |
|    +io_apbSlave_2_logic                                                                                      |     11(11)     |  0(0)  | 0(0) |    4(4)    |      2(2)       |   0(0)    |       0(0)       |   0(0)    |       0(0)       |   0(0)   |      0(0)       |    5(5)    |
|    +io_asyncReset_asyncAssertSyncDeassert_buffercc                                                           |      2(2)      |  0(0)  | 0(0) |    0(0)    |      0(0)       |   0(0)    |       0(0)       |   0(0)    |       0(0)       |   0(0)   |      0(0)       |    2(2)    |
|    +peripheralCd_logic_outputReset_asyncAssertSyncDeassert_buffercc                                          |      2(2)      |  0(0)  | 0(0) |    0(0)    |      0(0)       |   0(0)    |       0(0)       |   0(0)    |       0(0)       |   0(0)   |      0(0)       |    2(2)    |
|    +system_bmbPeripheral_bmb_decoder                                                                         |    275(275)    |  0(0)  | 0(0) |  169(169)  |     25(25)      |   0(0)    |       0(0)       |   0(0)    |       0(0)       |   0(0)   |      0(0)       |   81(81)   |
|    +system_bridge_bmb_arbiter                                                                                |   48.5(3.5)    |  0(0)  | 0(0) |    7(3)    |    40.5(0.5)    |   0(0)    |       0(0)       |   0(0)    |       0(0)       |   0(0)   |      0(0)       |    1(0)    |
|     +memory_arbiter                                                                                          |     45(45)     |  0(0)  | 0(0) |    4(4)    |     40(40)      |   0(0)    |       0(0)       |   0(0)    |       0(0)       |   0(0)   |      0(0)       |    1(1)    |
|    +system_bridge_bmb_crossClock                                                                             |    204.5(0)    |  0(0)  | 0(0) |    4(0)    |     15.5(0)     |   0(0)    |       0(0)       |   0(0)    |       0(0)       |   0(0)   |      0(0)       |   185(0)   |
|     +io_input_cmd_ccToggle                                                                                   |  121.5(115.5)  |  0(0)  | 0(0) |    4(4)    |   14.5(14.5)    |   0(0)    |       0(0)       |   0(0)    |       0(0)       |   0(0)   |      0(0)       |  103(97)   |
|      +outHitSignal_buffercc                                                                                  |      2(2)      |  0(0)  | 0(0) |    0(0)    |      0(0)       |   0(0)    |       0(0)       |   0(0)    |       0(0)       |   0(0)   |      0(0)       |    2(2)    |
|      +pushArea_target_buffercc                                                                               |      2(2)      |  0(0)  | 0(0) |    0(0)    |      0(0)       |   0(0)    |       0(0)       |   0(0)    |       0(0)       |   0(0)   |      0(0)       |    2(2)    |
|      +system_bridge_bmb_crossClock_toplevel_systemCd_logic_outputReset_asyncAssertSyncDeassert_buffercc      |      2(2)      |  0(0)  | 0(0) |    0(0)    |      0(0)       |   0(0)    |       0(0)       |   0(0)    |       0(0)       |   0(0)   |      0(0)       |    2(2)    |
|     +io_output_rsp_ccToggle                                                                                  |     83(77)     |  0(0)  | 0(0) |    0(0)    |      1(1)       |   0(0)    |       0(0)       |   0(0)    |       0(0)       |   0(0)   |      0(0)       |   82(76)   |
|      +outHitSignal_buffercc                                                                                  |      2(2)      |  0(0)  | 0(0) |    0(0)    |      0(0)       |   0(0)    |       0(0)       |   0(0)    |       0(0)       |   0(0)   |      0(0)       |    2(2)    |
|      +pushArea_target_buffercc                                                                               |      2(2)      |  0(0)  | 0(0) |    0(0)    |      0(0)       |   0(0)    |       0(0)       |   0(0)    |       0(0)       |   0(0)   |      0(0)       |    2(2)    |
|      +system_bridge_bmb_crossClock_toplevel_peripheralCd_logic_outputReset_asyncAssertSyncDeassert_buffercc  |      2(2)      |  0(0)  | 0(0) |    0(0)    |      0(0)       |   0(0)    |       0(0)       |   0(0)    |       0(0)       |   0(0)   |      0(0)       |    2(2)    |
|    +system_bridge_bmb_decoder                                                                                |  172.5(172.5)  |  0(0)  | 0(0) |  131(131)  |   22.5(22.5)    |   0(0)    |       0(0)       |   8(8)    |       7(7)       |   0(0)   |      0(0)       |    4(4)    |
|    +system_bridge_bmb_unburstify                                                                             |   56.5(56.5)   |  0(0)  | 0(0) |   14(14)   |   18.5(18.5)    |   0(0)    |       0(0)       |   0(0)    |       0(0)       |   0(0)   |      0(0)       |   24(24)   |
|    +system_bridge_bmb_unburstify_1                                                                           |     32(32)     |  0(0)  | 0(0) |   13(13)   |     17(17)      |   0(0)    |       0(0)       |   0(0)    |       0(0)       |   0(0)   |      0(0)       |    2(2)    |
|    +system_bridge_bmb_upSizer                                                                                |    190(190)    |  0(0)  | 0(0) |   19(19)   |     61(61)      |   0(0)    |       0(0)       |   0(0)    |       0(0)       |   0(0)   |      0(0)       |  110(110)  |
|    +system_clint_logic                                                                                       |  281.5(281.5)  |  0(0)  | 0(0) |  114(114)  |   33.5(33.5)    |   0(0)    |       0(0)       |   0(0)    |      63(63)      |   0(0)   |      0(0)       |   71(71)   |
|    +system_coreStopTime_buffercc                                                                             |      1(1)      |  0(0)  | 0(0) |    0(0)    |      0(0)       |   0(0)    |       0(0)       |   0(0)    |       0(0)       |   1(1)   |      0(0)       |    0(0)    |
|    +system_cores_0_logic_cpu                                                                                 | 3396.5(2915.5) | 16(4)  | 4(4) | 1621(1323) |  779.5(731.5)   |   0(0)    |       0(0)       | 204(198)  |     143(137)     |   3(2)   |      0(0)       |  646(524)  |
|     +dataCache_1                                                                                             |    220(220)    |  6(6)  | 0(0) |  112(112)  |     26(26)      |   0(0)    |       0(0)       |   6(6)    |       0(0)       |   0(0)   |      0(0)       |   76(76)   |
|     +EfxCPUSp2_inst                                                                                          |    171(171)    |  0(0)  | 0(0) |  155(155)  |     16(16)      |   0(0)    |       0(0)       |   0(0)    |       0(0)       |   0(0)   |      0(0)       |    0(0)    |
|     +IBusCachedPlugin_cache                                                                                  |     89(89)     |  6(6)  | 0(0) |   31(31)   |      6(6)       |   0(0)    |       0(0)       |   0(0)    |       6(6)       |   0(0)   |      0(0)       |   46(46)   |
|     +systemCd_logic_outputReset_buffercc                                                                     |      1(1)      |  0(0)  | 0(0) |    0(0)    |      0(0)       |   0(0)    |       0(0)       |   0(0)    |       0(0)       |   1(1)   |      0(0)       |    0(0)    |
|    +system_ddr_ddrLogic_arbiterAxi3Shared                                                                    |    27.5(12)    |  0(0)  | 0(0) |   15(8)    |     6.5(1)      |   0(0)    |       0(0)       |   0(0)    |       0(0)       |   0(0)   |      0(0)       |    6(3)    |
|     +cmdArbiter                                                                                              |      4(4)      |  0(0)  | 0(0) |    2(2)    |      1(1)       |   0(0)    |       0(0)       |   0(0)    |       0(0)       |   0(0)   |      0(0)       |    1(1)    |
|     +cmdRouteFork_thrown_translated_fifo                                                                     |    11.5(0)     |  0(0)  | 0(0) |    5(0)    |     4.5(0)      |   0(0)    |       0(0)       |   0(0)    |       0(0)       |   0(0)   |      0(0)       |    2(0)    |
|      +fifo                                                                                                   |   11.5(11.5)   |  0(0)  | 0(0) |    5(5)    |    4.5(4.5)     |   0(0)    |       0(0)       |   0(0)    |       0(0)       |   0(0)   |      0(0)       |    2(2)    |
|    +system_ddr_ddrLogic_bmbToAxiBridge                                                                       |  152.5(92.5)   |  2(0)  | 0(0) |   64(48)   |   13.5(11.5)    |   0(0)    |       0(0)       |   0(0)    |      36(12)      |   0(0)   |      0(0)       |   39(21)   |
|     +readCmdInfo_fifo                                                                                        |     30(30)     |  1(1)  | 0(0) |    8(8)    |      1(1)       |   0(0)    |       0(0)       |   0(0)    |      12(12)      |   0(0)   |      0(0)       |    9(9)    |
|     +writeCmdInfo_fifo                                                                                       |     30(30)     |  1(1)  | 0(0) |    8(8)    |      1(1)       |   0(0)    |       0(0)       |   0(0)    |      12(12)      |   0(0)   |      0(0)       |    9(9)    |
|    +system_ddr_ddrLogic_cc_fifo                                                                              |     146(0)     | 17(0)  | 0(0) |   30(0)    |      36(0)      |   0(0)    |       0(0)       |   0(0)    |      12(0)       |   0(0)   |      0(0)       |   68(0)    |
|     +io_input_cmd_queue                                                                                      |     73(43)     | 10(10) | 0(0) |   15(15)   |     18(18)      |   0(0)    |       0(0)       |   0(0)    |       6(6)       |   0(0)   |      0(0)       |   34(4)    |
|      +popToPushGray_buffercc                                                                                 |     14(14)     |  0(0)  | 0(0) |    0(0)    |      0(0)       |   0(0)    |       0(0)       |   0(0)    |       0(0)       |   0(0)   |      0(0)       |   14(14)   |
|      +pushToPopGray_buffercc                                                                                 |     14(14)     |  0(0)  | 0(0) |    0(0)    |      0(0)       |   0(0)    |       0(0)       |   0(0)    |       0(0)       |   0(0)   |      0(0)       |   14(14)   |
|      +system_ddr_ddrLogic_cc_fifo_toplevel_systemCd_logic_outputReset_asyncAssertSyncDeassert_buffercc       |      2(2)      |  0(0)  | 0(0) |    0(0)    |      0(0)       |   0(0)    |       0(0)       |   0(0)    |       0(0)       |   0(0)   |      0(0)       |    2(2)    |
|     +io_output_rsp_queue                                                                                     |     73(43)     |  7(7)  | 0(0) |   15(15)   |     18(18)      |   0(0)    |       0(0)       |   0(0)    |       6(6)       |   0(0)   |      0(0)       |   34(4)    |
|      +popToPushGray_buffercc                                                                                 |     14(14)     |  0(0)  | 0(0) |    0(0)    |      0(0)       |   0(0)    |       0(0)       |   0(0)    |       0(0)       |   0(0)   |      0(0)       |   14(14)   |
|      +pushToPopGray_buffercc                                                                                 |     14(14)     |  0(0)  | 0(0) |    0(0)    |      0(0)       |   0(0)    |       0(0)       |   0(0)    |       0(0)       |   0(0)   |      0(0)       |   14(14)   |
|      +system_ddr_ddrLogic_cc_fifo_toplevel_ddrCd_logic_outputReset_asyncAssertSyncDeassert_buffercc          |      2(2)      |  0(0)  | 0(0) |    0(0)    |      0(0)       |   0(0)    |       0(0)       |   0(0)    |       0(0)       |   0(0)   |      0(0)       |    2(2)    |
|    +system_ddr_ddrLogic_ddrAToAxi3_patchArw_translated_thrown_fifo                                           |     26(0)      |  0(0)  | 0(0) |   11(0)    |      5(0)       |   0(0)    |       0(0)       |   0(0)    |       0(0)       |   0(0)   |      0(0)       |   10(0)    |
|     +fifo                                                                                                    |     26(26)     |  0(0)  | 0(0) |   11(11)   |      5(5)       |   0(0)    |       0(0)       |   0(0)    |       0(0)       |   0(0)   |      0(0)       |   10(10)   |
|    +system_i2c_0_io_logic                                                                                    |   607.5(491)   |  0(0)  | 0(0) |  282(257)  |    93.5(55)     |   0(0)    |       0(0)       |  52(13)   |       0(0)       |   0(0)   |      0(0)       |  180(166)  |
|     +i2cCtrl                                                                                                 |  116.5(112.5)  |  0(0)  | 0(0) |   25(25)   |   38.5(38.5)    |   0(0)    |       0(0)       |  39(39)   |       0(0)       |   0(0)   |      0(0)       |   14(10)   |
|      +io_i2c_scl_read_buffercc                                                                               |      2(2)      |  0(0)  | 0(0) |    0(0)    |      0(0)       |   0(0)    |       0(0)       |   0(0)    |       0(0)       |   0(0)   |      0(0)       |    2(2)    |
|      +io_i2c_sda_read_buffercc                                                                               |      2(2)      |  0(0)  | 0(0) |    0(0)    |      0(0)       |   0(0)    |       0(0)       |   0(0)    |       0(0)       |   0(0)   |      0(0)       |    2(2)    |
|    +system_ramA_logic                                                                                        |      6(6)      |  4(4)  | 0(0) |    4(4)    |      2(2)       |   0(0)    |       0(0)       |   0(0)    |       0(0)       |   0(0)   |      0(0)       |    0(0)    |
|    +system_riscvJtag_debug_logic_dm                                                                          |    369(369)    |  0(0)  | 0(0) |  155(155)  |     58(58)      |   0(0)    |       0(0)       |   0(0)    |       0(0)       |   0(0)   |      0(0)       |  156(156)  |
|    +system_riscvJtag_debug_systemReset_asyncAssertSyncDeassert_buffercc                                      |      2(2)      |  0(0)  | 0(0) |    0(0)    |      0(0)       |   0(0)    |       0(0)       |   0(0)    |       0(0)       |   0(0)   |      0(0)       |    2(2)    |
|    +system_riscvJtag_hard_noTap_tunnel                                                                       |    303(188)    |  0(0)  | 0(0) |   23(23)   |     83(81)      |   0(0)    |       0(0)       |   0(0)    |       0(0)       |   4(3)   |      0(0)       |  193(81)   |
|     +logic_jtagLogic_dmiCmd_ccToggle                                                                         |     43(42)     |  0(0)  | 0(0) |    0(0)    |      1(1)       |   0(0)    |       0(0)       |   0(0)    |       0(0)       |   1(0)   |      0(0)       |   41(41)   |
|      +inputArea_target_buffercc                                                                              |      1(1)      |  0(0)  | 0(0) |    0(0)    |      0(0)       |   0(0)    |       0(0)       |   0(0)    |       0(0)       |   1(1)   |      0(0)       |    0(0)    |
|     +logic_systemLogic_bus_rsp_ccToggle                                                                      |     72(68)     |  0(0)  | 0(0) |    0(0)    |      1(1)       |   0(0)    |       0(0)       |   0(0)    |       0(0)       |   0(0)   |      0(0)       |   71(67)   |
|      +inputArea_target_buffercc                                                                              |      2(2)      |  0(0)  | 0(0) |    0(0)    |      0(0)       |   0(0)    |       0(0)       |   0(0)    |       0(0)       |   0(0)   |      0(0)       |    2(2)    |
|      +system_riscvJtag_hard_noTap_tunnel_toplevel_debugCd_logic_outputReset_asyncAssertSyncDeassert_buffercc |      2(2)      |  0(0)  | 0(0) |    0(0)    |      0(0)       |   0(0)    |       0(0)       |   0(0)    |       0(0)       |   0(0)   |      0(0)       |    2(2)    |
|    +system_spi_0_io_logic                                                                                    |  360.5(163.5)  |  2(0)  | 0(0) |  147(58)   |   47.5(32.5)    |   0(0)    |       0(0)       |   20(0)   |      43(0)       |   0(0)   |      0(0)       |  103(73)   |
|     +ctrl                                                                                                    |     87(87)     |  0(0)  | 0(0) |   55(55)   |     13(13)      |   0(0)    |       0(0)       |   0(0)    |      11(11)      |   0(0)   |      0(0)       |    8(8)    |
|     +ctrl_io_rsp_queueWithOccupancy                                                                          |     56(56)     |  1(1)  | 0(0) |   18(18)   |      1(1)       |   0(0)    |       0(0)       |  10(10)   |      16(16)      |   0(0)   |      0(0)       |   11(11)   |
|     +mapping_cmdLogic_streamUnbuffered_queueWithAvailability                                                 |     54(54)     |  1(1)  | 0(0) |   16(16)   |      1(1)       |   0(0)    |       0(0)       |  10(10)   |      16(16)      |   0(0)   |      0(0)       |   11(11)   |
|    +system_uart_0_io_logic                                                                                   |   345.5(104)   |  2(0)  | 0(0) |  115(29)   |    73.5(29)     |   0(0)    |       0(0)       |   48(9)   |      34(0)       |   0(0)   |      0(0)       |   75(37)   |
|     +bridge_write_streamUnbuffered_queueWithOccupancy                                                        |     50(50)     |  1(1)  | 0(0) |   16(16)   |      1(1)       |   0(0)    |       0(0)       |   9(9)    |      14(14)      |   0(0)   |      0(0)       |   10(10)   |
|     +uartCtrl_1                                                                                              |   147.5(49)    |  0(0)  | 0(0) |   60(7)    |    42.5(20)     |   0(0)    |       0(0)       |  21(21)   |       6(0)       |   0(0)   |      0(0)       |   18(1)    |
|      +rx                                                                                                     |   69.5(67.5)   |  0(0)  | 0(0) |   35(35)   |   11.5(11.5)    |   0(0)    |       0(0)       |   0(0)    |       6(6)       |   0(0)   |      0(0)       |   17(15)   |
|       +io_rxd_buffercc                                                                                       |      2(2)      |  0(0)  | 0(0) |    0(0)    |      0(0)       |   0(0)    |       0(0)       |   0(0)    |       0(0)       |   0(0)   |      0(0)       |    2(2)    |
|      +tx                                                                                                     |     29(29)     |  0(0)  | 0(0) |   18(18)   |     11(11)      |   0(0)    |       0(0)       |   0(0)    |       0(0)       |   0(0)   |      0(0)       |    0(0)    |
|     +uartCtrl_1_io_read_queueWithOccupancy                                                                   |     44(44)     |  1(1)  | 0(0) |   10(10)   |      1(1)       |   0(0)    |       0(0)       |   9(9)    |      14(14)      |   0(0)   |      0(0)       |   10(10)   |
|    +userInterruptA_buffercc                                                                                  |      1(1)      |  0(0)  | 0(0) |    0(0)    |      0(0)       |   0(0)    |       0(0)       |   0(0)    |       0(0)       |   1(1)   |      0(0)       |    0(0)    |
+--------------------------------------------------------------------------------------------------------------+----------------+--------+------+------------+-----------------+-----------+------------------+-----------+------------------+----------+-----------------+------------+

----------- Module Resource Usage Distribution Estimates (end) ----------

