INFO     : Efinix FPGA Synthesis.
INFO     : Version: 2026.1.132.1.15
INFO     : Compiled: May 29 2026.
INFO     : 
INFO     : Copyright (C) 2013 - 2026 Efinix, Inc. All rights reserved.

INFO     : Reading project database "C:/Users/Jing-XuanTan(i)/Downloads/evsoc-efinity-v2026.1.132/evsoc-efinity-v2026.1.132/cam_single/Ti60F225_dsi/edge_vision_soc.xml" [FlowMsg::ProjectDatabaseReading]
INFO     : Maximum concurrency has been set to 4 [FlowMsg::MaxThreads]
INFO     : Reading project database "C:/Users/Jing-XuanTan(i)/Downloads/evsoc-efinity-v2026.1.132/evsoc-efinity-v2026.1.132/cam_single/Ti60F225_dsi/edge_vision_soc.xml" [FlowMsg::ProjectDatabaseReading]
INFO     : ***** Beginning Analysis ... *****
INFO     : Parsing command file C:\Users\Jing-XuanTan(i)\Downloads\evsoc-efinity-v2026.1.132\evsoc-efinity-v2026.1.132\cam_single\Ti60F225_dsi\source\source.f [VERI-1482]
INFO     : default VHDL library search path is now "C:/Efinity/2026.1/sim_models/vhdl/packages/vhdl_2008" [VHDL-1504]
INFO     : Restoring all Verilog modules from file 'C:/Efinity/2026.1/sim_models/maplib/perilib_efxlib_parsetree.vdb' [VERI-2484]
INFO     : Restoring all Verilog modules from file 'C:/Efinity/2026.1/sim_models/maplib/maplib_efxlib_parsetree.vdb' [VERI-2484]
INFO     : Analyzing Verilog file 'C:/Efinity/2026.1/sim_models/maplib/efinix_maplib.v' [VERI-1482]
INFO     : Analyzing Verilog file 'C:/Efinity/2026.1/sim_models/maplib/efinix_peri_lib.v' [VERI-1482]
INFO     : Analyzing Verilog file 'C:\Users\Jing-XuanTan(i)\Downloads\evsoc-efinity-v2026.1.132\evsoc-efinity-v2026.1.132\cam_single\Ti60F225_dsi\source/axi/arbiter.v' [VERI-1482]
INFO     : Analyzing Verilog file 'C:\Users\Jing-XuanTan(i)\Downloads\evsoc-efinity-v2026.1.132\evsoc-efinity-v2026.1.132\cam_single\Ti60F225_dsi\source/axi/axi_full_to_half_duplex.v' [VERI-1482]
INFO     : Analyzing Verilog file 'C:\Users\Jing-XuanTan(i)\Downloads\evsoc-efinity-v2026.1.132\evsoc-efinity-v2026.1.132\cam_single\Ti60F225_dsi\source/axi/axi_interconnect.v' [VERI-1482]
WARNING  : C:\Users\Jing-XuanTan(i)\Downloads\evsoc-efinity-v2026.1.132\evsoc-efinity-v2026.1.132\cam_single\Ti60F225_dsi\source/axi/axi_interconnect.v(180): parameter 'CL_S_COUNT' becomes localparam in 'axi_interconnect' with formal parameter declaration list [VERI-1199]
WARNING  : C:\Users\Jing-XuanTan(i)\Downloads\evsoc-efinity-v2026.1.132\evsoc-efinity-v2026.1.132\cam_single\Ti60F225_dsi\source/axi/axi_interconnect.v(181): parameter 'CL_M_COUNT' becomes localparam in 'axi_interconnect' with formal parameter declaration list [VERI-1199]
WARNING  : C:\Users\Jing-XuanTan(i)\Downloads\evsoc-efinity-v2026.1.132\evsoc-efinity-v2026.1.132\cam_single\Ti60F225_dsi\source/axi/axi_interconnect.v(183): parameter 'AUSER_WIDTH' becomes localparam in 'axi_interconnect' with formal parameter declaration list [VERI-1199]
WARNING  : C:\Users\Jing-XuanTan(i)\Downloads\evsoc-efinity-v2026.1.132\evsoc-efinity-v2026.1.132\cam_single\Ti60F225_dsi\source/axi/axi_interconnect.v(202): parameter 'M_BASE_ADDR_INT' becomes localparam in 'axi_interconnect' with formal parameter declaration list [VERI-1199]
INFO     : Analyzing Verilog file 'C:\Users\Jing-XuanTan(i)\Downloads\evsoc-efinity-v2026.1.132\evsoc-efinity-v2026.1.132\cam_single\Ti60F225_dsi\source/axi/priority_encoder.v' [VERI-1482]
WARNING  : C:\Users\Jing-XuanTan(i)\Downloads\evsoc-efinity-v2026.1.132\evsoc-efinity-v2026.1.132\cam_single\Ti60F225_dsi\source/axi/priority_encoder.v(39): parameter 'W1' becomes localparam in 'priority_encoder' with formal parameter declaration list [VERI-1199]
WARNING  : C:\Users\Jing-XuanTan(i)\Downloads\evsoc-efinity-v2026.1.132\evsoc-efinity-v2026.1.132\cam_single\Ti60F225_dsi\source/axi/priority_encoder.v(40): parameter 'W2' becomes localparam in 'priority_encoder' with formal parameter declaration list [VERI-1199]
INFO     : Analyzing Verilog file 'C:\Users\Jing-XuanTan(i)\Downloads\evsoc-efinity-v2026.1.132\evsoc-efinity-v2026.1.132\cam_single\Ti60F225_dsi\source/cam/cam_crop.v' [VERI-1482]
INFO     : Analyzing Verilog file 'C:\Users\Jing-XuanTan(i)\Downloads\evsoc-efinity-v2026.1.132\evsoc-efinity-v2026.1.132\cam_single\Ti60F225_dsi\source/cam/cam_line_buffer.v' [VERI-1482]
INFO     : Analyzing Verilog file 'C:\Users\Jing-XuanTan(i)\Downloads\evsoc-efinity-v2026.1.132\evsoc-efinity-v2026.1.132\cam_single\Ti60F225_dsi\source/cam/cam_raw_to_rgb.v' [VERI-1482]
INFO     : Analyzing Verilog file 'C:\Users\Jing-XuanTan(i)\Downloads\evsoc-efinity-v2026.1.132\evsoc-efinity-v2026.1.132\cam_single\Ti60F225_dsi\source/cam/cam_rgb2gray.v' [VERI-1482]
INFO     : Analyzing Verilog file 'C:\Users\Jing-XuanTan(i)\Downloads\evsoc-efinity-v2026.1.132\evsoc-efinity-v2026.1.132\cam_single\Ti60F225_dsi\source/cam/cam_rgb_gain.v' [VERI-1482]
INFO     : Analyzing Verilog file 'C:\Users\Jing-XuanTan(i)\Downloads\evsoc-efinity-v2026.1.132\evsoc-efinity-v2026.1.132\cam_single\Ti60F225_dsi\source/cam/cam_scaling.v' [VERI-1482]
WARNING  : C:\Users\Jing-XuanTan(i)\Downloads\evsoc-efinity-v2026.1.132\evsoc-efinity-v2026.1.132\cam_single\Ti60F225_dsi\source/cam/cam_scaling.v(31): parameter 'X_OUT_RATIO' becomes localparam in 'cam_scaling' with formal parameter declaration list [VERI-1199]
WARNING  : C:\Users\Jing-XuanTan(i)\Downloads\evsoc-efinity-v2026.1.132\evsoc-efinity-v2026.1.132\cam_single\Ti60F225_dsi\source/cam/cam_scaling.v(32): parameter 'X_IN_RATIO' becomes localparam in 'cam_scaling' with formal parameter declaration list [VERI-1199]
WARNING  : C:\Users\Jing-XuanTan(i)\Downloads\evsoc-efinity-v2026.1.132\evsoc-efinity-v2026.1.132\cam_single\Ti60F225_dsi\source/cam/cam_scaling.v(33): parameter 'Y_OUT_RATIO' becomes localparam in 'cam_scaling' with formal parameter declaration list [VERI-1199]
WARNING  : C:\Users\Jing-XuanTan(i)\Downloads\evsoc-efinity-v2026.1.132\evsoc-efinity-v2026.1.132\cam_single\Ti60F225_dsi\source/cam/cam_scaling.v(34): parameter 'Y_IN_RATIO' becomes localparam in 'cam_scaling' with formal parameter declaration list [VERI-1199]
INFO     : Analyzing Verilog file 'C:\Users\Jing-XuanTan(i)\Downloads\evsoc-efinity-v2026.1.132\evsoc-efinity-v2026.1.132\cam_single\Ti60F225_dsi\source/cam/scale_down_2x_nn.v' [VERI-1482]
INFO     : Analyzing Verilog file 'C:\Users\Jing-XuanTan(i)\Downloads\evsoc-efinity-v2026.1.132\evsoc-efinity-v2026.1.132\cam_single\Ti60F225_dsi\source/cam/scale_up_2x_nn.v' [VERI-1482]
INFO     : Analyzing Verilog file 'C:\Users\Jing-XuanTan(i)\Downloads\evsoc-efinity-v2026.1.132\evsoc-efinity-v2026.1.132\cam_single\Ti60F225_dsi\source/common/common_reset.v' [VERI-1482]
INFO     : Analyzing Verilog file 'C:\Users\Jing-XuanTan(i)\Downloads\evsoc-efinity-v2026.1.132\evsoc-efinity-v2026.1.132\cam_single\Ti60F225_dsi\source/common/common_apb3.v' [VERI-1482]
INFO     : Analyzing Verilog file 'C:\Users\Jing-XuanTan(i)\Downloads\evsoc-efinity-v2026.1.132\evsoc-efinity-v2026.1.132\cam_single\Ti60F225_dsi\source/common/common_true_dual_port_ram.v' [VERI-1482]
INFO     : Analyzing Verilog file 'C:\Users\Jing-XuanTan(i)\Downloads\evsoc-efinity-v2026.1.132\evsoc-efinity-v2026.1.132\cam_single\Ti60F225_dsi\source/common/common_shift_reg.v' [VERI-1482]
INFO     : Analyzing Verilog file 'C:\Users\Jing-XuanTan(i)\Downloads\evsoc-efinity-v2026.1.132\evsoc-efinity-v2026.1.132\cam_single\Ti60F225_dsi\source/common/common_simple_dual_port_ram.v' [VERI-1482]
INFO     : Analyzing Verilog file 'C:\Users\Jing-XuanTan(i)\Downloads\evsoc-efinity-v2026.1.132\evsoc-efinity-v2026.1.132\cam_single\Ti60F225_dsi\source/common/common_apb3_dualCam.v' [VERI-1482]
INFO     : Analyzing Verilog file 'C:\Users\Jing-XuanTan(i)\Downloads\evsoc-efinity-v2026.1.132\evsoc-efinity-v2026.1.132\cam_single\Ti60F225_dsi\source/display/dsi/display_dsi.v' [VERI-1482]
INFO     : Analyzing Verilog file 'C:\Users\Jing-XuanTan(i)\Downloads\evsoc-efinity-v2026.1.132\evsoc-efinity-v2026.1.132\cam_single\Ti60F225_dsi\source/display/dsi/panel_config.v' [VERI-1482]
INFO     : Analyzing Verilog file 'C:\Users\Jing-XuanTan(i)\Downloads\evsoc-efinity-v2026.1.132\evsoc-efinity-v2026.1.132\cam_single\Ti60F225_dsi\source/display/dsi/vga_gen.v' [VERI-1482]
INFO     : Analyzing Verilog file 'C:\Users\Jing-XuanTan(i)\Downloads\evsoc-efinity-v2026.1.132\evsoc-efinity-v2026.1.132\cam_single\Ti60F225_dsi\source/hw_accel/hw_accel.v' [VERI-1482]
INFO     : Analyzing Verilog file 'C:\Users\Jing-XuanTan(i)\Downloads\evsoc-efinity-v2026.1.132\evsoc-efinity-v2026.1.132\cam_single\Ti60F225_dsi\source/hw_accel/hw_accel_axi4.v' [VERI-1482]
INFO     : C:\Users\Jing-XuanTan(i)\Downloads\evsoc-efinity-v2026.1.132\evsoc-efinity-v2026.1.132\cam_single\Ti60F225_dsi\source/hw_accel/hw_accel_axi4.v(194): undeclared symbol 'busPreWrite', assumed default net type 'wire' [VERI-2561]
INFO     : C:\Users\Jing-XuanTan(i)\Downloads\evsoc-efinity-v2026.1.132\evsoc-efinity-v2026.1.132\cam_single\Ti60F225_dsi\source/hw_accel/hw_accel_axi4.v(197): undeclared symbol 'busPreRead', assumed default net type 'wire' [VERI-2561]
INFO     : C:\Users\Jing-XuanTan(i)\Downloads\evsoc-efinity-v2026.1.132\evsoc-efinity-v2026.1.132\cam_single\Ti60F225_dsi\source/hw_accel/hw_accel_axi4.v(222): undeclared symbol 'awWrap', assumed default net type 'wire' [VERI-2561]
INFO     : C:\Users\Jing-XuanTan(i)\Downloads\evsoc-efinity-v2026.1.132\evsoc-efinity-v2026.1.132\cam_single\Ti60F225_dsi\source/hw_accel/hw_accel_axi4.v(319): undeclared symbol 'arWrap', assumed default net type 'wire' [VERI-2561]
INFO     : Analyzing Verilog file 'C:\Users\Jing-XuanTan(i)\Downloads\evsoc-efinity-v2026.1.132\evsoc-efinity-v2026.1.132\cam_single\Ti60F225_dsi\source/hw_accel/hw_accel_binary_dilation.v' [VERI-1482]
INFO     : Analyzing Verilog file 'C:\Users\Jing-XuanTan(i)\Downloads\evsoc-efinity-v2026.1.132\evsoc-efinity-v2026.1.132\cam_single\Ti60F225_dsi\source/hw_accel/hw_accel_binary_erosion.v' [VERI-1482]
INFO     : Analyzing Verilog file 'C:\Users\Jing-XuanTan(i)\Downloads\evsoc-efinity-v2026.1.132\evsoc-efinity-v2026.1.132\cam_single\Ti60F225_dsi\source/hw_accel/hw_accel_sobel_edge_detection.v' [VERI-1482]
INFO     : Analyzing Verilog file 'C:\Users\Jing-XuanTan(i)\Downloads\evsoc-efinity-v2026.1.132\evsoc-efinity-v2026.1.132\cam_single\Ti60F225_dsi\source/hw_accel/hw_accel_wrapper.v' [VERI-1482]
INFO     : Analyzing Verilog file 'C:\Users\Jing-XuanTan(i)\Downloads\evsoc-efinity-v2026.1.132\evsoc-efinity-v2026.1.132\cam_single\Ti60F225_dsi\source/hw_accel/hw_accel_line_buffer.v' [VERI-1482]
INFO     : Analyzing Verilog file 'C:\Users\Jing-XuanTan(i)\Downloads\evsoc-efinity-v2026.1.132\evsoc-efinity-v2026.1.132\cam_single\Ti60F225_dsi\source/hw_accel/hw_accel_dual_cam.v' [VERI-1482]
INFO     : Analyzing Verilog file 'C:\Users\Jing-XuanTan(i)\Downloads\evsoc-efinity-v2026.1.132\evsoc-efinity-v2026.1.132\cam_single\Ti60F225_dsi\source/hw_accel/hw_accel_wrapper_dual_cam.v' [VERI-1482]
INFO     : Analyzing Verilog file 'C:\Users\Jing-XuanTan(i)\Downloads\evsoc-efinity-v2026.1.132\evsoc-efinity-v2026.1.132\cam_single\Ti60F225_dsi\source/isp/antilog.sv' [VERI-1482]
INFO     : Analyzing Verilog file 'C:\Users\Jing-XuanTan(i)\Downloads\evsoc-efinity-v2026.1.132\evsoc-efinity-v2026.1.132\cam_single\Ti60F225_dsi\source/isp/axi_lite_register.sv' [VERI-1482]
WARNING  : C:\Users\Jing-XuanTan(i)\Downloads\evsoc-efinity-v2026.1.132\evsoc-efinity-v2026.1.132\cam_single\Ti60F225_dsi\source/isp/axi_lite_register.sv(10): illegal integral type argument in math function 'floor()'; expected real type [VERI-2792]
INFO     : Analyzing Verilog file 'C:\Users\Jing-XuanTan(i)\Downloads\evsoc-efinity-v2026.1.132\evsoc-efinity-v2026.1.132\cam_single\Ti60F225_dsi\source/isp/bitlog.sv' [VERI-1482]
WARNING  : C:\Users\Jing-XuanTan(i)\Downloads\evsoc-efinity-v2026.1.132\evsoc-efinity-v2026.1.132\cam_single\Ti60F225_dsi\source/isp/bitlog.sv(12): illegal integral type argument in math function 'floor()'; expected real type [VERI-2792]
INFO     : Analyzing Verilog file 'C:\Users\Jing-XuanTan(i)\Downloads\evsoc-efinity-v2026.1.132\evsoc-efinity-v2026.1.132\cam_single\Ti60F225_dsi\source/isp/bitsqrt.sv' [VERI-1482]
WARNING  : C:\Users\Jing-XuanTan(i)\Downloads\evsoc-efinity-v2026.1.132\evsoc-efinity-v2026.1.132\cam_single\Ti60F225_dsi\source/isp/bitsqrt.sv(12): illegal integral type argument in math function 'floor()'; expected real type [VERI-2792]
INFO     : Analyzing Verilog file 'C:\Users\Jing-XuanTan(i)\Downloads\evsoc-efinity-v2026.1.132\evsoc-efinity-v2026.1.132\cam_single\Ti60F225_dsi\source/isp/blc.sv' [VERI-1482]
WARNING  : C:\Users\Jing-XuanTan(i)\Downloads\evsoc-efinity-v2026.1.132\evsoc-efinity-v2026.1.132\cam_single\Ti60F225_dsi\source/isp/blc.sv(12): illegal integral type argument in math function 'floor()'; expected real type [VERI-2792]
WARNING  : C:\Users\Jing-XuanTan(i)\Downloads\evsoc-efinity-v2026.1.132\evsoc-efinity-v2026.1.132\cam_single\Ti60F225_dsi\source/isp/blc.sv(34): parameter 'INT_DATA_WIDTH' becomes localparam in 'blc' with formal parameter declaration list [VERI-1199]
INFO     : Analyzing Verilog file 'C:\Users\Jing-XuanTan(i)\Downloads\evsoc-efinity-v2026.1.132\evsoc-efinity-v2026.1.132\cam_single\Ti60F225_dsi\source/isp/ccm.sv' [VERI-1482]
WARNING  : C:\Users\Jing-XuanTan(i)\Downloads\evsoc-efinity-v2026.1.132\evsoc-efinity-v2026.1.132\cam_single\Ti60F225_dsi\source/isp/ccm.sv(12): illegal integral type argument in math function 'floor()'; expected real type [VERI-2792]
WARNING  : C:\Users\Jing-XuanTan(i)\Downloads\evsoc-efinity-v2026.1.132\evsoc-efinity-v2026.1.132\cam_single\Ti60F225_dsi\source/isp/ccm.sv(13): illegal integral type argument in math function 'floor()'; expected real type [VERI-2792]
INFO     : Analyzing Verilog file 'C:\Users\Jing-XuanTan(i)\Downloads\evsoc-efinity-v2026.1.132\evsoc-efinity-v2026.1.132\cam_single\Ti60F225_dsi\source/isp/colorgain.sv' [VERI-1482]
WARNING  : C:\Users\Jing-XuanTan(i)\Downloads\evsoc-efinity-v2026.1.132\evsoc-efinity-v2026.1.132\cam_single\Ti60F225_dsi\source/isp/colorgain.sv(14): illegal integral type argument in math function 'floor()'; expected real type [VERI-2792]
INFO     : Analyzing Verilog file 'C:\Users\Jing-XuanTan(i)\Downloads\evsoc-efinity-v2026.1.132\evsoc-efinity-v2026.1.132\cam_single\Ti60F225_dsi\source/isp/contrast_stretch.sv' [VERI-1482]
INFO     : Analyzing Verilog file 'C:\Users\Jing-XuanTan(i)\Downloads\evsoc-efinity-v2026.1.132\evsoc-efinity-v2026.1.132\cam_single\Ti60F225_dsi\source/isp/decompanding.sv' [VERI-1482]
WARNING  : C:\Users\Jing-XuanTan(i)\Downloads\evsoc-efinity-v2026.1.132\evsoc-efinity-v2026.1.132\cam_single\Ti60F225_dsi\source/isp/decompanding.sv(13): illegal integral type argument in math function 'floor()'; expected real type [VERI-2792]
WARNING  : C:\Users\Jing-XuanTan(i)\Downloads\evsoc-efinity-v2026.1.132\evsoc-efinity-v2026.1.132\cam_single\Ti60F225_dsi\source/isp/decompanding.sv(14): illegal integral type argument in math function 'floor()'; expected real type [VERI-2792]
INFO     : Analyzing Verilog file 'C:\Users\Jing-XuanTan(i)\Downloads\evsoc-efinity-v2026.1.132\evsoc-efinity-v2026.1.132\cam_single\Ti60F225_dsi\source/isp/demosaic.sv' [VERI-1482]
WARNING  : C:\Users\Jing-XuanTan(i)\Downloads\evsoc-efinity-v2026.1.132\evsoc-efinity-v2026.1.132\cam_single\Ti60F225_dsi\source/isp/demosaic.sv(16): illegal integral type argument in math function 'floor()'; expected real type [VERI-2792]
WARNING  : C:\Users\Jing-XuanTan(i)\Downloads\evsoc-efinity-v2026.1.132\evsoc-efinity-v2026.1.132\cam_single\Ti60F225_dsi\source/isp/demosaic.sv(17): illegal integral type argument in math function 'floor()'; expected real type [VERI-2792]
WARNING  : C:\Users\Jing-XuanTan(i)\Downloads\evsoc-efinity-v2026.1.132\evsoc-efinity-v2026.1.132\cam_single\Ti60F225_dsi\source/isp/demosaic.sv(57): illegal integral type argument in math function 'floor()'; expected real type [VERI-2792]
INFO     : Analyzing Verilog file 'C:\Users\Jing-XuanTan(i)\Downloads\evsoc-efinity-v2026.1.132\evsoc-efinity-v2026.1.132\cam_single\Ti60F225_dsi\source/isp/gamma.sv' [VERI-1482]
WARNING  : C:\Users\Jing-XuanTan(i)\Downloads\evsoc-efinity-v2026.1.132\evsoc-efinity-v2026.1.132\cam_single\Ti60F225_dsi\source/isp/gamma.sv(14): illegal integral type argument in math function 'floor()'; expected real type [VERI-2792]
WARNING  : C:\Users\Jing-XuanTan(i)\Downloads\evsoc-efinity-v2026.1.132\evsoc-efinity-v2026.1.132\cam_single\Ti60F225_dsi\source/isp/gamma.sv(15): illegal integral type argument in math function 'floor()'; expected real type [VERI-2792]
WARNING  : C:\Users\Jing-XuanTan(i)\Downloads\evsoc-efinity-v2026.1.132\evsoc-efinity-v2026.1.132\cam_single\Ti60F225_dsi\source/isp/gamma.sv(36): illegal integral type argument in math function 'floor()'; expected real type [VERI-2792]
WARNING  : C:\Users\Jing-XuanTan(i)\Downloads\evsoc-efinity-v2026.1.132\evsoc-efinity-v2026.1.132\cam_single\Ti60F225_dsi\source/isp/gamma.sv(37): illegal integral type argument in math function 'floor()'; expected real type [VERI-2792]
INFO     : Analyzing Verilog file 'C:\Users\Jing-XuanTan(i)\Downloads\evsoc-efinity-v2026.1.132\evsoc-efinity-v2026.1.132\cam_single\Ti60F225_dsi\source/isp/histogram_minmax.sv' [VERI-1482]
WARNING  : C:\Users\Jing-XuanTan(i)\Downloads\evsoc-efinity-v2026.1.132\evsoc-efinity-v2026.1.132\cam_single\Ti60F225_dsi\source/isp/histogram_minmax.sv(14): illegal integral type argument in math function 'floor()'; expected real type [VERI-2792]
INFO     : Analyzing Verilog file 'C:\Users\Jing-XuanTan(i)\Downloads\evsoc-efinity-v2026.1.132\evsoc-efinity-v2026.1.132\cam_single\Ti60F225_dsi\source/isp/histogram_minmax2.sv' [VERI-1482]
WARNING  : C:\Users\Jing-XuanTan(i)\Downloads\evsoc-efinity-v2026.1.132\evsoc-efinity-v2026.1.132\cam_single\Ti60F225_dsi\source/isp/histogram_minmax2.sv(14): illegal integral type argument in math function 'floor()'; expected real type [VERI-2792]
INFO     : Analyzing Verilog file 'C:\Users\Jing-XuanTan(i)\Downloads\evsoc-efinity-v2026.1.132\evsoc-efinity-v2026.1.132\cam_single\Ti60F225_dsi\source/isp/histogram_minmax3.sv' [VERI-1482]
WARNING  : C:\Users\Jing-XuanTan(i)\Downloads\evsoc-efinity-v2026.1.132\evsoc-efinity-v2026.1.132\cam_single\Ti60F225_dsi\source/isp/histogram_minmax3.sv(13): illegal integral type argument in math function 'floor()'; expected real type [VERI-2792]
INFO     : Analyzing Verilog file 'C:\Users\Jing-XuanTan(i)\Downloads\evsoc-efinity-v2026.1.132\evsoc-efinity-v2026.1.132\cam_single\Ti60F225_dsi\source/isp/histogram_offsetgain.sv' [VERI-1482]
INFO     : Analyzing Verilog file 'C:\Users\Jing-XuanTan(i)\Downloads\evsoc-efinity-v2026.1.132\evsoc-efinity-v2026.1.132\cam_single\Ti60F225_dsi\source/isp/histogram_scale.sv' [VERI-1482]
WARNING  : C:\Users\Jing-XuanTan(i)\Downloads\evsoc-efinity-v2026.1.132\evsoc-efinity-v2026.1.132\cam_single\Ti60F225_dsi\source/isp/histogram_scale.sv(13): illegal integral type argument in math function 'floor()'; expected real type [VERI-2792]
WARNING  : C:\Users\Jing-XuanTan(i)\Downloads\evsoc-efinity-v2026.1.132\evsoc-efinity-v2026.1.132\cam_single\Ti60F225_dsi\source/isp/histogram_scale.sv(14): illegal integral type argument in math function 'floor()'; expected real type [VERI-2792]
INFO     : Analyzing Verilog file 'C:\Users\Jing-XuanTan(i)\Downloads\evsoc-efinity-v2026.1.132\evsoc-efinity-v2026.1.132\cam_single\Ti60F225_dsi\source/isp/histogram_stretch.sv' [VERI-1482]
WARNING  : C:\Users\Jing-XuanTan(i)\Downloads\evsoc-efinity-v2026.1.132\evsoc-efinity-v2026.1.132\cam_single\Ti60F225_dsi\source/isp/histogram_stretch.sv(13): illegal integral type argument in math function 'floor()'; expected real type [VERI-2792]
WARNING  : C:\Users\Jing-XuanTan(i)\Downloads\evsoc-efinity-v2026.1.132\evsoc-efinity-v2026.1.132\cam_single\Ti60F225_dsi\source/isp/histogram_stretch.sv(14): illegal integral type argument in math function 'floor()'; expected real type [VERI-2792]
INFO     : Analyzing Verilog file 'C:\Users\Jing-XuanTan(i)\Downloads\evsoc-efinity-v2026.1.132\evsoc-efinity-v2026.1.132\cam_single\Ti60F225_dsi\source/isp/isp_top.v' [VERI-1482]
INFO     : Analyzing Verilog file 'C:\Users\Jing-XuanTan(i)\Downloads\evsoc-efinity-v2026.1.132\evsoc-efinity-v2026.1.132\cam_single\Ti60F225_dsi\source/isp/isp.sv' [VERI-1482]
INFO     : C:\Users\Jing-XuanTan(i)\Downloads\evsoc-efinity-v2026.1.132\evsoc-efinity-v2026.1.132\cam_single\Ti60F225_dsi\source/isp/isp.sv(304): undeclared symbol 'demosaic_tready', assumed default net type 'wire' [VERI-2561]
INFO     : C:\Users\Jing-XuanTan(i)\Downloads\evsoc-efinity-v2026.1.132\evsoc-efinity-v2026.1.132\cam_single\Ti60F225_dsi\source/isp/isp.sv(396): undeclared symbol 'ccm_axis_tdata', assumed default net type 'wire' [VERI-2561]
INFO     : C:\Users\Jing-XuanTan(i)\Downloads\evsoc-efinity-v2026.1.132\evsoc-efinity-v2026.1.132\cam_single\Ti60F225_dsi\source/isp/isp.sv(397): undeclared symbol 'ccm_axis_tvalid', assumed default net type 'wire' [VERI-2561]
INFO     : C:\Users\Jing-XuanTan(i)\Downloads\evsoc-efinity-v2026.1.132\evsoc-efinity-v2026.1.132\cam_single\Ti60F225_dsi\source/isp/isp.sv(399): undeclared symbol 'ccm_axis_tlast', assumed default net type 'wire' [VERI-2561]
INFO     : C:\Users\Jing-XuanTan(i)\Downloads\evsoc-efinity-v2026.1.132\evsoc-efinity-v2026.1.132\cam_single\Ti60F225_dsi\source/isp/isp.sv(400): undeclared symbol 'ccm_axis_tuser', assumed default net type 'wire' [VERI-2561]
INFO     : C:\Users\Jing-XuanTan(i)\Downloads\evsoc-efinity-v2026.1.132\evsoc-efinity-v2026.1.132\cam_single\Ti60F225_dsi\source/isp/isp.sv(421): undeclared symbol 'ccm_axis_tready', assumed default net type 'wire' [VERI-2561]
WARNING  : C:\Users\Jing-XuanTan(i)\Downloads\evsoc-efinity-v2026.1.132\evsoc-efinity-v2026.1.132\cam_single\Ti60F225_dsi\source/isp/isp.sv(20): illegal integral type argument in math function 'floor()'; expected real type [VERI-2792]
WARNING  : C:\Users\Jing-XuanTan(i)\Downloads\evsoc-efinity-v2026.1.132\evsoc-efinity-v2026.1.132\cam_single\Ti60F225_dsi\source/isp/isp.sv(23): illegal integral type argument in math function 'floor()'; expected real type [VERI-2792]
WARNING  : C:\Users\Jing-XuanTan(i)\Downloads\evsoc-efinity-v2026.1.132\evsoc-efinity-v2026.1.132\cam_single\Ti60F225_dsi\source/isp/isp.sv(24): illegal integral type argument in math function 'floor()'; expected real type [VERI-2792]
WARNING  : C:\Users\Jing-XuanTan(i)\Downloads\evsoc-efinity-v2026.1.132\evsoc-efinity-v2026.1.132\cam_single\Ti60F225_dsi\source/isp/isp.sv(181): illegal integral type argument in math function 'floor()'; expected real type [VERI-2792]
WARNING  : C:\Users\Jing-XuanTan(i)\Downloads\evsoc-efinity-v2026.1.132\evsoc-efinity-v2026.1.132\cam_single\Ti60F225_dsi\source/isp/isp.sv(230): illegal integral type argument in math function 'floor()'; expected real type [VERI-2792]
WARNING  : C:\Users\Jing-XuanTan(i)\Downloads\evsoc-efinity-v2026.1.132\evsoc-efinity-v2026.1.132\cam_single\Ti60F225_dsi\source/isp/isp.sv(310): illegal integral type argument in math function 'floor()'; expected real type [VERI-2792]
WARNING  : C:\Users\Jing-XuanTan(i)\Downloads\evsoc-efinity-v2026.1.132\evsoc-efinity-v2026.1.132\cam_single\Ti60F225_dsi\source/isp/isp.sv(360): illegal integral type argument in math function 'floor()'; expected real type [VERI-2792]
WARNING  : C:\Users\Jing-XuanTan(i)\Downloads\evsoc-efinity-v2026.1.132\evsoc-efinity-v2026.1.132\cam_single\Ti60F225_dsi\source/isp/isp.sv(361): illegal integral type argument in math function 'floor()'; expected real type [VERI-2792]
WARNING  : C:\Users\Jing-XuanTan(i)\Downloads\evsoc-efinity-v2026.1.132\evsoc-efinity-v2026.1.132\cam_single\Ti60F225_dsi\source/isp/isp.sv(460): illegal integral type argument in math function 'floor()'; expected real type [VERI-2792]
WARNING  : C:\Users\Jing-XuanTan(i)\Downloads\evsoc-efinity-v2026.1.132\evsoc-efinity-v2026.1.132\cam_single\Ti60F225_dsi\source/isp/isp.sv(461): illegal integral type argument in math function 'floor()'; expected real type [VERI-2792]
INFO     : Analyzing Verilog file 'C:\Users\Jing-XuanTan(i)\Downloads\evsoc-efinity-v2026.1.132\evsoc-efinity-v2026.1.132\cam_single\Ti60F225_dsi\source/isp/linebuffer.sv' [VERI-1482]
WARNING  : C:\Users\Jing-XuanTan(i)\Downloads\evsoc-efinity-v2026.1.132\evsoc-efinity-v2026.1.132\cam_single\Ti60F225_dsi\source/isp/linebuffer.sv(16): illegal integral type argument in math function 'floor()'; expected real type [VERI-2792]
INFO     : Analyzing Verilog file 'C:\Users\Jing-XuanTan(i)\Downloads\evsoc-efinity-v2026.1.132\evsoc-efinity-v2026.1.132\cam_single\Ti60F225_dsi\source/isp/lut.sv' [VERI-1482]
WARNING  : C:\Users\Jing-XuanTan(i)\Downloads\evsoc-efinity-v2026.1.132\evsoc-efinity-v2026.1.132\cam_single\Ti60F225_dsi\source/isp/lut.sv(13): illegal integral type argument in math function 'floor()'; expected real type [VERI-2792]
WARNING  : C:\Users\Jing-XuanTan(i)\Downloads\evsoc-efinity-v2026.1.132\evsoc-efinity-v2026.1.132\cam_single\Ti60F225_dsi\source/isp/lut.sv(14): illegal integral type argument in math function 'floor()'; expected real type [VERI-2792]
INFO     : Analyzing Verilog file 'C:\Users\Jing-XuanTan(i)\Downloads\evsoc-efinity-v2026.1.132\evsoc-efinity-v2026.1.132\cam_single\Ti60F225_dsi\source/isp/minmaxmean.sv' [VERI-1482]
WARNING  : C:\Users\Jing-XuanTan(i)\Downloads\evsoc-efinity-v2026.1.132\evsoc-efinity-v2026.1.132\cam_single\Ti60F225_dsi\source/isp/minmaxmean.sv(14): illegal integral type argument in math function 'floor()'; expected real type [VERI-2792]
INFO     : Analyzing Verilog file 'C:\Users\Jing-XuanTan(i)\Downloads\evsoc-efinity-v2026.1.132\evsoc-efinity-v2026.1.132\cam_single\Ti60F225_dsi\source/isp/non_restoring_unsigned_divider.sv' [VERI-1482]
INFO     : Analyzing Verilog file 'C:\Users\Jing-XuanTan(i)\Downloads\evsoc-efinity-v2026.1.132\evsoc-efinity-v2026.1.132\cam_single\Ti60F225_dsi\source/isp/prng.sv' [VERI-1482]
INFO     : Analyzing Verilog file 'C:\Users\Jing-XuanTan(i)\Downloads\evsoc-efinity-v2026.1.132\evsoc-efinity-v2026.1.132\cam_single\Ti60F225_dsi\source/isp/pwl.sv' [VERI-1482]
WARNING  : C:\Users\Jing-XuanTan(i)\Downloads\evsoc-efinity-v2026.1.132\evsoc-efinity-v2026.1.132\cam_single\Ti60F225_dsi\source/isp/pwl.sv(13): illegal integral type argument in math function 'floor()'; expected real type [VERI-2792]
INFO     : Analyzing Verilog file 'C:\Users\Jing-XuanTan(i)\Downloads\evsoc-efinity-v2026.1.132\evsoc-efinity-v2026.1.132\cam_single\Ti60F225_dsi\source/isp/rgb_to_xyz.sv' [VERI-1482]
WARNING  : C:\Users\Jing-XuanTan(i)\Downloads\evsoc-efinity-v2026.1.132\evsoc-efinity-v2026.1.132\cam_single\Ti60F225_dsi\source/isp/rgb_to_xyz.sv(12): illegal integral type argument in math function 'floor()'; expected real type [VERI-2792]
INFO     : Analyzing Verilog file 'C:\Users\Jing-XuanTan(i)\Downloads\evsoc-efinity-v2026.1.132\evsoc-efinity-v2026.1.132\cam_single\Ti60F225_dsi\source/isp/simple_dual_ported_ram.sv' [VERI-1482]
INFO     : Analyzing Verilog file 'C:\Users\Jing-XuanTan(i)\Downloads\evsoc-efinity-v2026.1.132\evsoc-efinity-v2026.1.132\cam_single\Ti60F225_dsi\source/isp/simple_dual_ported_rom.sv' [VERI-1482]
INFO     : Analyzing Verilog file 'C:\Users\Jing-XuanTan(i)\Downloads\evsoc-efinity-v2026.1.132\evsoc-efinity-v2026.1.132\cam_single\Ti60F225_dsi\source/isp/skidbuffer.sv' [VERI-1482]
INFO     : Analyzing Verilog file 'C:\Users\Jing-XuanTan(i)\Downloads\evsoc-efinity-v2026.1.132\evsoc-efinity-v2026.1.132\cam_single\Ti60F225_dsi\source/isp/xyz_to_rgb.sv' [VERI-1482]
WARNING  : C:\Users\Jing-XuanTan(i)\Downloads\evsoc-efinity-v2026.1.132\evsoc-efinity-v2026.1.132\cam_single\Ti60F225_dsi\source/isp/xyz_to_rgb.sv(12): illegal integral type argument in math function 'floor()'; expected real type [VERI-2792]
INFO     : Analyzing Verilog file 'C:\Users\Jing-XuanTan(i)\Downloads\evsoc-efinity-v2026.1.132\evsoc-efinity-v2026.1.132\cam_single\Ti60F225_dsi\source/isp/min_max_timer.v' [VERI-1482]
INFO     : Analyzing Verilog file 'C:\Users\Jing-XuanTan(i)\Downloads\evsoc-efinity-v2026.1.132\evsoc-efinity-v2026.1.132\cam_single\Ti60F225_dsi\ip\SapphireSoc\SapphireSoc.v' [VERI-1482]
INFO     : Analyzing Verilog file 'C:\Users\Jing-XuanTan(i)\Downloads\evsoc-efinity-v2026.1.132\evsoc-efinity-v2026.1.132\cam_single\Ti60F225_dsi\ip\dma\dma.v' [VERI-1482]
INFO     : Analyzing Verilog file 'C:\Users\Jing-XuanTan(i)\Downloads\evsoc-efinity-v2026.1.132\evsoc-efinity-v2026.1.132\cam_single\Ti60F225_dsi\ip\cam_pixel_remap_fifo\cam_pixel_remap_fifo.sv' [VERI-1482]
INFO     : Analyzing Verilog file 'C:\Users\Jing-XuanTan(i)\Downloads\evsoc-efinity-v2026.1.132\evsoc-efinity-v2026.1.132\cam_single\Ti60F225_dsi\edge_vision_soc.v' [VERI-1482]
INFO     : C:\Users\Jing-XuanTan(i)\Downloads\evsoc-efinity-v2026.1.132\evsoc-efinity-v2026.1.132\cam_single\Ti60F225_dsi\edge_vision_soc.v(6): analyzing included file 'C:\Users\Jing-XuanTan(i)\Downloads\evsoc-efinity-v2026.1.132\evsoc-efinity-v2026.1.132\cam_single\Ti60F225_dsi/evsoc_defines.v' [VERI-1328]
INFO     : C:\Users\Jing-XuanTan(i)\Downloads\evsoc-efinity-v2026.1.132\evsoc-efinity-v2026.1.132\cam_single\Ti60F225_dsi\edge_vision_soc.v(6): back to file 'C:\Users\Jing-XuanTan(i)\Downloads\evsoc-efinity-v2026.1.132\evsoc-efinity-v2026.1.132\cam_single\Ti60F225_dsi\edge_vision_soc.v' [VERI-2320]
INFO     : C:\Users\Jing-XuanTan(i)\Downloads\evsoc-efinity-v2026.1.132\evsoc-efinity-v2026.1.132\cam_single\Ti60F225_dsi\edge_vision_soc.v(227): analyzing included file 'C:\Users\Jing-XuanTan(i)\Downloads\evsoc-efinity-v2026.1.132\evsoc-efinity-v2026.1.132\cam_single\Ti60F225_dsi/./ip/hbram/hbram_define.svh' [VERI-1328]
INFO     : C:\Users\Jing-XuanTan(i)\Downloads\evsoc-efinity-v2026.1.132\evsoc-efinity-v2026.1.132\cam_single\Ti60F225_dsi\edge_vision_soc.v(227): back to file 'C:\Users\Jing-XuanTan(i)\Downloads\evsoc-efinity-v2026.1.132\evsoc-efinity-v2026.1.132\cam_single\Ti60F225_dsi\edge_vision_soc.v' [VERI-2320]
INFO     : Analyzing Verilog file 'C:\Users\Jing-XuanTan(i)\Downloads\evsoc-efinity-v2026.1.132\evsoc-efinity-v2026.1.132\cam_single\Ti60F225_dsi\evsoc_defines.v' [VERI-1482]
INFO     : Analyzing Verilog file 'C:\Users\Jing-XuanTan(i)\Downloads\evsoc-efinity-v2026.1.132\evsoc-efinity-v2026.1.132\cam_single\Ti60F225_dsi\ip\cam_dma_fifo\cam_dma_fifo.sv' [VERI-1482]
INFO     : Analyzing Verilog file 'C:\Users\Jing-XuanTan(i)\Downloads\evsoc-efinity-v2026.1.132\evsoc-efinity-v2026.1.132\cam_single\Ti60F225_dsi\ip\csi2_rx_cam\csi2_rx_cam.sv' [VERI-1482]
INFO     : C:\Users\Jing-XuanTan(i)\Downloads\evsoc-efinity-v2026.1.132\evsoc-efinity-v2026.1.132\cam_single\Ti60F225_dsi\ip\csi2_rx_cam\csi2_rx_cam.sv(7306): undeclared symbol '**', assumed default net type '**' [VERI-2561]
INFO     : Analyzing Verilog file 'C:\Users\Jing-XuanTan(i)\Downloads\evsoc-efinity-v2026.1.132\evsoc-efinity-v2026.1.132\cam_single\Ti60F225_dsi\ip\display_dma_fifo\display_dma_fifo.sv' [VERI-1482]
INFO     : Analyzing Verilog file 'C:\Users\Jing-XuanTan(i)\Downloads\evsoc-efinity-v2026.1.132\evsoc-efinity-v2026.1.132\cam_single\Ti60F225_dsi\ip\dsi_tx_display\dsi_tx_display.sv' [VERI-1482]
INFO     : C:\Users\Jing-XuanTan(i)\Downloads\evsoc-efinity-v2026.1.132\evsoc-efinity-v2026.1.132\cam_single\Ti60F225_dsi\ip\dsi_tx_display\dsi_tx_display.sv(6312): undeclared symbol '**', assumed default net type '**' [VERI-2561]
INFO     : C:\Users\Jing-XuanTan(i)\Downloads\evsoc-efinity-v2026.1.132\evsoc-efinity-v2026.1.132\cam_single\Ti60F225_dsi\ip\dsi_tx_display\dsi_tx_display.sv(6312): undeclared symbol '**', assumed default net type '**' [VERI-2561]
INFO     : C:\Users\Jing-XuanTan(i)\Downloads\evsoc-efinity-v2026.1.132\evsoc-efinity-v2026.1.132\cam_single\Ti60F225_dsi\ip\dsi_tx_display\dsi_tx_display.sv(9145): undeclared symbol '**', assumed default net type '**' [VERI-2561]
INFO     : Analyzing Verilog file 'C:\Users\Jing-XuanTan(i)\Downloads\evsoc-efinity-v2026.1.132\evsoc-efinity-v2026.1.132\cam_single\Ti60F225_dsi\ip\hbram\hbram.sv' [VERI-1482]
INFO     : C:\Users\Jing-XuanTan(i)\Downloads\evsoc-efinity-v2026.1.132\evsoc-efinity-v2026.1.132\cam_single\Ti60F225_dsi\ip\hbram\hbram.sv(1946): undeclared symbol '**', assumed default net type '**' [VERI-2561]
INFO     : C:\Users\Jing-XuanTan(i)\Downloads\evsoc-efinity-v2026.1.132\evsoc-efinity-v2026.1.132\cam_single\Ti60F225_dsi\ip\hbram\hbram.sv(1946): undeclared symbol '**', assumed default net type '**' [VERI-2561]
INFO     : C:\Users\Jing-XuanTan(i)\Downloads\evsoc-efinity-v2026.1.132\evsoc-efinity-v2026.1.132\cam_single\Ti60F225_dsi\ip\hbram\hbram.sv(2351): undeclared symbol '**', assumed default net type '**' [VERI-2561]
INFO     : C:\Users\Jing-XuanTan(i)\Downloads\evsoc-efinity-v2026.1.132\evsoc-efinity-v2026.1.132\cam_single\Ti60F225_dsi\ip\hbram\hbram.sv(3853): undeclared symbol '**', assumed default net type '**' [VERI-2561]
INFO     : C:\Users\Jing-XuanTan(i)\Downloads\evsoc-efinity-v2026.1.132\evsoc-efinity-v2026.1.132\cam_single\Ti60F225_dsi\ip\hbram\hbram.sv(4976): undeclared symbol '**', assumed default net type '**' [VERI-2561]
WARNING  : C:\Users\Jing-XuanTan(i)\Downloads\evsoc-efinity-v2026.1.132\evsoc-efinity-v2026.1.132\cam_single\Ti60F225_dsi\ip\hbram\hbram.sv(4976): parameter '**' becomes localparam in '**' with formal parameter declaration list [VERI-1199]
WARNING  : C:\Users\Jing-XuanTan(i)\Downloads\evsoc-efinity-v2026.1.132\evsoc-efinity-v2026.1.132\cam_single\Ti60F225_dsi\ip\hbram\hbram.sv(5309): parameter '**' becomes localparam in '**' with formal parameter declaration list [VERI-1199]
INFO     : Analyzing Verilog file 'C:\Users\Jing-XuanTan(i)\Downloads\evsoc-efinity-v2026.1.132\evsoc-efinity-v2026.1.132\cam_single\Ti60F225_dsi\ip\hw_accel_dma_in_fifo\hw_accel_dma_in_fifo.sv' [VERI-1482]
INFO     : Analyzing Verilog file 'C:\Users\Jing-XuanTan(i)\Downloads\evsoc-efinity-v2026.1.132\evsoc-efinity-v2026.1.132\cam_single\Ti60F225_dsi\ip\hw_accel_dma_out_fifo\hw_accel_dma_out_fifo.sv' [VERI-1482]
INFO     : Analyzing Verilog file 'C:\Users\Jing-XuanTan(i)\Downloads\evsoc-efinity-v2026.1.132\evsoc-efinity-v2026.1.132\cam_single\Ti60F225_dsi\source\hw_accel\hw_accel_apb3.v' [VERI-1482]
INFO     : Analyzing Verilog file 'C:\Users\Jing-XuanTan(i)\Downloads\evsoc-efinity-v2026.1.132\evsoc-efinity-v2026.1.132\cam_single\Ti60F225_dsi\source\isp\cam_picam_v2.v' [VERI-1482]
INFO     : Analysis took 1.4055003 seconds [FlowMsg::StageDuration]
INFO     :     Analysis took 1.328125 seconds (approximately) in total CPU time [FlowMsg::StageDuration::CPUTime]
INFO     : Analysis virtual memory usage: begin = 59.568 MB, end = 81.184 MB, delta = 21.616 MB [FlowMsg::VMUsage]
INFO     :     Analysis peak virtual memory usage = 81.184 MB [FlowMsg::VMUsage::Peak]
INFO     : Analysis resident set memory usage: begin = 63.828 MB, end = 89.956 MB, delta = 26.128 MB [FlowMsg::RSSUsage]
INFO     :     Analysis peak resident set memory usage = 89.956 MB [FlowMsg::RSSUsage::Peak]
INFO     : ***** Ending Analysis ... *****
INFO     : ***** Beginning Elaboration ... *****
WARNING  : C:\Users\Jing-XuanTan(i)\Downloads\evsoc-efinity-v2026.1.132\evsoc-efinity-v2026.1.132\cam_single\Ti60F225_dsi\edge_vision_soc.v(1315): port 'system_spi_0_io_data_2_read' is not connected on this instance [VERI-2435]
WARNING  : C:\Users\Jing-XuanTan(i)\Downloads\evsoc-efinity-v2026.1.132\evsoc-efinity-v2026.1.132\cam_single\Ti60F225_dsi\edge_vision_soc.v(1315): port 'system_spi_0_io_data_2_write' remains unconnected for this instance [VERI-1927]
WARNING  : C:\Users\Jing-XuanTan(i)\Downloads\evsoc-efinity-v2026.1.132\evsoc-efinity-v2026.1.132\cam_single\Ti60F225_dsi\edge_vision_soc.v(1462): port 'dat1_o_tvalid' remains unconnected for this instance [VERI-1927]
WARNING  : C:\Users\Jing-XuanTan(i)\Downloads\evsoc-efinity-v2026.1.132\evsoc-efinity-v2026.1.132\cam_single\Ti60F225_dsi\edge_vision_soc.v(1462): port 'dat1_o_tready' is not connected on this instance [VERI-2435]
WARNING  : C:\Users\Jing-XuanTan(i)\Downloads\evsoc-efinity-v2026.1.132\evsoc-efinity-v2026.1.132\cam_single\Ti60F225_dsi\edge_vision_soc.v(1592): port 's_axi_awuser' remains unconnected for this instance [VERI-1927]
INFO     : C:\Users\Jing-XuanTan(i)\Downloads\evsoc-efinity-v2026.1.132\evsoc-efinity-v2026.1.132\cam_single\Ti60F225_dsi\edge_vision_soc.v(8): compiling module 'edge_vision_soc' [VERI-1018]
INFO     : C:\Users\Jing-XuanTan(i)\Downloads\evsoc-efinity-v2026.1.132\evsoc-efinity-v2026.1.132\cam_single\Ti60F225_dsi\source/common/common_reset.v(6): compiling module 'common_reset(NUM_RST=8,IN_RST_ACTIVE=8'b0,OUT_RST_ACTIVE=8'b0101010)' [VERI-1018]
INFO     : C:\Users\Jing-XuanTan(i)\Downloads\evsoc-efinity-v2026.1.132\evsoc-efinity-v2026.1.132\cam_single\Ti60F225_dsi\source/common/common_reset.v(95): compiling module 'reset(OUT_RST_ACTIVE="LOW")' [VERI-1018]
INFO     : C:\Users\Jing-XuanTan(i)\Downloads\evsoc-efinity-v2026.1.132\evsoc-efinity-v2026.1.132\cam_single\Ti60F225_dsi\source/common/common_reset.v(95): compiling module 'reset' [VERI-1018]
WARNING  : C:\Users\Jing-XuanTan(i)\Downloads\evsoc-efinity-v2026.1.132\evsoc-efinity-v2026.1.132\cam_single\Ti60F225_dsi\edge_vision_soc.v(704): expression size 32 truncated to fit in target size 8 [VERI-1209]
WARNING  : C:\Users\Jing-XuanTan(i)\Downloads\evsoc-efinity-v2026.1.132\evsoc-efinity-v2026.1.132\cam_single\Ti60F225_dsi\edge_vision_soc.v(705): expression size 32 truncated to fit in target size 8 [VERI-1209]
INFO     : C:\Users\Jing-XuanTan(i)\Downloads\evsoc-efinity-v2026.1.132\evsoc-efinity-v2026.1.132\cam_single\Ti60F225_dsi\ip\csi2_rx_cam\csi2_rx_cam.sv(49): compiling module 'csi2_rx_cam' [VERI-1018]
INFO     : C:\Users\Jing-XuanTan(i)\Downloads\evsoc-efinity-v2026.1.132\evsoc-efinity-v2026.1.132\cam_single\Ti60F225_dsi\ip\csi2_rx_cam\csi2_rx_cam.sv(5574): compiling module 'efx_csi2_rx_f123b49f0f574f64a9a2982368753f7b(NUM_DATA_LANE=2,HS_BYTECLK_MHZ=113,DPHY_CLOCK_MODE="Discontinuous",PIXEL_FIFO_DEPTH=2048,ENABLE_USER_DESKEWCAL=1'b0,ENABLE_VCX=1'b0,PACK_TYPE=15)' [VERI-1018]
INFO     : C:\Users\Jing-XuanTan(i)\Downloads\evsoc-efinity-v2026.1.132\evsoc-efinity-v2026.1.132\cam_single\Ti60F225_dsi\ip\csi2_rx_cam\csi2_rx_cam.sv(6307): compiling module '**' [VERI-1018]
INFO     : C:\Users\Jing-XuanTan(i)\Downloads\evsoc-efinity-v2026.1.132\evsoc-efinity-v2026.1.132\cam_single\Ti60F225_dsi\ip\csi2_rx_cam\csi2_rx_cam.sv(7464): compiling module '**' [VERI-1018]
INFO     : C:\Users\Jing-XuanTan(i)\Downloads\evsoc-efinity-v2026.1.132\evsoc-efinity-v2026.1.132\cam_single\Ti60F225_dsi\ip\csi2_rx_cam\csi2_rx_cam.sv(7101): compiling module '**' [VERI-1018]
INFO     : C:\Users\Jing-XuanTan(i)\Downloads\evsoc-efinity-v2026.1.132\evsoc-efinity-v2026.1.132\cam_single\Ti60F225_dsi\ip\csi2_rx_cam\csi2_rx_cam.sv(6782): compiling module '**' [VERI-1018]
INFO     : C:\Users\Jing-XuanTan(i)\Downloads\evsoc-efinity-v2026.1.132\evsoc-efinity-v2026.1.132\cam_single\Ti60F225_dsi\ip\csi2_rx_cam\csi2_rx_cam.sv(7306): compiling module '**' [VERI-1018]
INFO     : C:\Users\Jing-XuanTan(i)\Downloads\evsoc-efinity-v2026.1.132\evsoc-efinity-v2026.1.132\cam_single\Ti60F225_dsi\ip\csi2_rx_cam\csi2_rx_cam.sv(252): compiling module 'efx_asyncreg_f123b49f0f574f64a9a2982368753f7b(WIDTH=1)' [VERI-1018]
WARNING  : C:\Users\Jing-XuanTan(i)\Downloads\evsoc-efinity-v2026.1.132\evsoc-efinity-v2026.1.132\cam_single\Ti60F225_dsi\ip\csi2_rx_cam\csi2_rx_cam.sv(7306): expression size ** truncated to fit in target size ** [VERI-1209]
INFO     : C:\Users\Jing-XuanTan(i)\Downloads\evsoc-efinity-v2026.1.132\evsoc-efinity-v2026.1.132\cam_single\Ti60F225_dsi\ip\csi2_rx_cam\csi2_rx_cam.sv(4351): compiling module 'efx_csi2_rx_top_f123b49f0f574f64a9a2982368753f7b(HS_DATA_WIDTH=8,tINIT_NS=100000,NUM_DATA_LANE=2,PACK_TYPE=15,ENABLE_VCX=1'b0,PIXEL_FIFO_DEPTH=2048)' [VERI-1018]
INFO     : C:\Users\Jing-XuanTan(i)\Downloads\evsoc-efinity-v2026.1.132\evsoc-efinity-v2026.1.132\cam_single\Ti60F225_dsi\ip\csi2_rx_cam\csi2_rx_cam.sv(252): compiling module 'efx_asyncreg_f123b49f0f574f64a9a2982368753f7b(WIDTH=2)' [VERI-1018]
INFO     : C:\Users\Jing-XuanTan(i)\Downloads\evsoc-efinity-v2026.1.132\evsoc-efinity-v2026.1.132\cam_single\Ti60F225_dsi\ip\csi2_rx_cam\csi2_rx_cam.sv(252): compiling module 'efx_asyncreg_f123b49f0f574f64a9a2982368753f7b' [VERI-1018]
INFO     : C:\Users\Jing-XuanTan(i)\Downloads\evsoc-efinity-v2026.1.132\evsoc-efinity-v2026.1.132\cam_single\Ti60F225_dsi\ip\csi2_rx_cam\csi2_rx_cam.sv(5564): compiling module '**' [VERI-1018]
INFO     : C:\Users\Jing-XuanTan(i)\Downloads\evsoc-efinity-v2026.1.132\evsoc-efinity-v2026.1.132\cam_single\Ti60F225_dsi\ip\csi2_rx_cam\csi2_rx_cam.sv(4119): compiling module '**' [VERI-1018]
WARNING  : C:\Users\Jing-XuanTan(i)\Downloads\evsoc-efinity-v2026.1.132\evsoc-efinity-v2026.1.132\cam_single\Ti60F225_dsi\ip\csi2_rx_cam\csi2_rx_cam.sv(4119): expression size ** truncated to fit in target size ** [VERI-1209]
INFO     : C:\Users\Jing-XuanTan(i)\Downloads\evsoc-efinity-v2026.1.132\evsoc-efinity-v2026.1.132\cam_single\Ti60F225_dsi\ip\csi2_rx_cam\csi2_rx_cam.sv(4345): compiling module '**' [VERI-1018]
INFO     : C:\Users\Jing-XuanTan(i)\Downloads\evsoc-efinity-v2026.1.132\evsoc-efinity-v2026.1.132\cam_single\Ti60F225_dsi\ip\csi2_rx_cam\csi2_rx_cam.sv(1466): compiling module '**' [VERI-1018]
WARNING  : C:\Users\Jing-XuanTan(i)\Downloads\evsoc-efinity-v2026.1.132\evsoc-efinity-v2026.1.132\cam_single\Ti60F225_dsi\ip\csi2_rx_cam\csi2_rx_cam.sv(1466): assignment and/or driver for '**' inside static function '**' is not preserved [VERI-2457]
INFO     : C:\Users\Jing-XuanTan(i)\Downloads\evsoc-efinity-v2026.1.132\evsoc-efinity-v2026.1.132\cam_single\Ti60F225_dsi\ip\csi2_rx_cam\csi2_rx_cam.sv(6066): compiling module '**' [VERI-1018]
INFO     : C:\Users\Jing-XuanTan(i)\Downloads\evsoc-efinity-v2026.1.132\evsoc-efinity-v2026.1.132\cam_single\Ti60F225_dsi\ip\csi2_rx_cam\csi2_rx_cam.sv(7485): compiling module 'efx_fifo_top_f123b49f0f574f64a9a2982368753f7b(SYNC_CLK=1,MODE="FWFT",DEPTH=16,DATA_WIDTH=8,OPTIONAL_FLAGS=0,PROGRAMMABLE_FULL="NONE",PROG_FULL_ASSERT=16,PROG_FULL_NEGATE=16,PROGRAMMABLE_EMPTY="NONE",PROG_EMPTY_ASSERT=0,PROG_EMPTY_NEGATE=0)' [VERI-1018]
INFO     : C:\Users\Jing-XuanTan(i)\Downloads\evsoc-efinity-v2026.1.132\evsoc-efinity-v2026.1.132\cam_single\Ti60F225_dsi\ip\csi2_rx_cam\csi2_rx_cam.sv(8274): compiling module 'efx_resetsync_f123b49f0f574f64a9a2982368753f7b(ACTIVE_LOW=0)' [VERI-1018]
INFO     : C:\Users\Jing-XuanTan(i)\Downloads\evsoc-efinity-v2026.1.132\evsoc-efinity-v2026.1.132\cam_single\Ti60F225_dsi\ip\csi2_rx_cam\csi2_rx_cam.sv(252): compiling module 'efx_asyncreg_f123b49f0f574f64a9a2982368753f7b(WIDTH=1,ACTIVE_LOW=0,RST_VALUE=1)' [VERI-1018]
INFO     : C:\Users\Jing-XuanTan(i)\Downloads\evsoc-efinity-v2026.1.132\evsoc-efinity-v2026.1.132\cam_single\Ti60F225_dsi\ip\csi2_rx_cam\csi2_rx_cam.sv(7805): compiling module 'efx_fifo_ram_f123b49f0f574f64a9a2982368753f7b(WR_DEPTH=16,RD_DEPTH=16,WADDR_WIDTH=4,RADDR_WIDTH=4,OUTPUT_REG=0,RAM_MUX_RATIO=1)' [VERI-1018]
INFO     : C:\Users\Jing-XuanTan(i)\Downloads\evsoc-efinity-v2026.1.132\evsoc-efinity-v2026.1.132\cam_single\Ti60F225_dsi\ip\csi2_rx_cam\csi2_rx_cam.sv(7842): extracting RAM for identifier 'ram' [VERI-2571]
INFO     : C:\Users\Jing-XuanTan(i)\Downloads\evsoc-efinity-v2026.1.132\evsoc-efinity-v2026.1.132\cam_single\Ti60F225_dsi\ip\csi2_rx_cam\csi2_rx_cam.sv(8330): compiling module 'efx_fifo_ctl_f123b49f0f574f64a9a2982368753f7b(MODE="FWFT",WR_DEPTH=16,WADDR_WIDTH=4,RADDR_WIDTH=4,ALMOST_FLAG=0,PROG_FULL_ASSERT=16,PROG_FULL_NEGATE=16,HANDSHAKE_FLAG=0,OVERFLOW_PROTECT=1,UNDERFLOW_PROTECT=1)' [VERI-1018]
WARNING  : C:\Users\Jing-XuanTan(i)\Downloads\evsoc-efinity-v2026.1.132\evsoc-efinity-v2026.1.132\cam_single\Ti60F225_dsi\ip\csi2_rx_cam\csi2_rx_cam.sv(1264): port '**' remains unconnected for this instance [VERI-1927]
INFO     : C:\Users\Jing-XuanTan(i)\Downloads\evsoc-efinity-v2026.1.132\evsoc-efinity-v2026.1.132\cam_single\Ti60F225_dsi\ip\csi2_rx_cam\csi2_rx_cam.sv(1264): compiling module '**' [VERI-1018]
INFO     : C:\Users\Jing-XuanTan(i)\Downloads\evsoc-efinity-v2026.1.132\evsoc-efinity-v2026.1.132\cam_single\Ti60F225_dsi\ip\csi2_rx_cam\csi2_rx_cam.sv(252): compiling module 'efx_asyncreg_f123b49f0f574f64a9a2982368753f7b(WIDTH=16)' [VERI-1018]
WARNING  : C:\Users\Jing-XuanTan(i)\Downloads\evsoc-efinity-v2026.1.132\evsoc-efinity-v2026.1.132\cam_single\Ti60F225_dsi\ip\csi2_rx_cam\csi2_rx_cam.sv(1264): expression size ** truncated to fit in target size ** [VERI-1209]
INFO     : C:\Users\Jing-XuanTan(i)\Downloads\evsoc-efinity-v2026.1.132\evsoc-efinity-v2026.1.132\cam_single\Ti60F225_dsi\ip\csi2_rx_cam\csi2_rx_cam.sv(2580): compiling module '**' [VERI-1018]
INFO     : C:\Users\Jing-XuanTan(i)\Downloads\evsoc-efinity-v2026.1.132\evsoc-efinity-v2026.1.132\cam_single\Ti60F225_dsi\ip\csi2_rx_cam\csi2_rx_cam.sv(2711): compiling module '**' [VERI-1018]
WARNING  : C:\Users\Jing-XuanTan(i)\Downloads\evsoc-efinity-v2026.1.132\evsoc-efinity-v2026.1.132\cam_single\Ti60F225_dsi\ip\csi2_rx_cam\csi2_rx_cam.sv(2711): expression size ** truncated to fit in target size ** [VERI-1209]
INFO     : C:\Users\Jing-XuanTan(i)\Downloads\evsoc-efinity-v2026.1.132\evsoc-efinity-v2026.1.132\cam_single\Ti60F225_dsi\ip\csi2_rx_cam\csi2_rx_cam.sv(2869): compiling module '**' [VERI-1018]
WARNING  : C:\Users\Jing-XuanTan(i)\Downloads\evsoc-efinity-v2026.1.132\evsoc-efinity-v2026.1.132\cam_single\Ti60F225_dsi\ip\csi2_rx_cam\csi2_rx_cam.sv(2869): expression size ** truncated to fit in target size ** [VERI-1209]
INFO     : C:\Users\Jing-XuanTan(i)\Downloads\evsoc-efinity-v2026.1.132\evsoc-efinity-v2026.1.132\cam_single\Ti60F225_dsi\ip\csi2_rx_cam\csi2_rx_cam.sv(2948): compiling module '**' [VERI-1018]
WARNING  : C:\Users\Jing-XuanTan(i)\Downloads\evsoc-efinity-v2026.1.132\evsoc-efinity-v2026.1.132\cam_single\Ti60F225_dsi\ip\csi2_rx_cam\csi2_rx_cam.sv(1264): expression size ** truncated to fit in target size ** [VERI-1209]
INFO     : C:\Users\Jing-XuanTan(i)\Downloads\evsoc-efinity-v2026.1.132\evsoc-efinity-v2026.1.132\cam_single\Ti60F225_dsi\ip\csi2_rx_cam\csi2_rx_cam.sv(7485): compiling module 'efx_fifo_top_f123b49f0f574f64a9a2982368753f7b(MODE="FWFT",DEPTH=2048,DATA_WIDTH=64,OPTIONAL_FLAGS=0,PROGRAMMABLE_FULL="NONE",PROG_FULL_ASSERT=2048,PROG_FULL_NEGATE=2048,PROG_EMPTY_ASSERT=1,PROG_EMPTY_NEGATE=1)' [VERI-1018]
INFO     : C:\Users\Jing-XuanTan(i)\Downloads\evsoc-efinity-v2026.1.132\evsoc-efinity-v2026.1.132\cam_single\Ti60F225_dsi\ip\csi2_rx_cam\csi2_rx_cam.sv(7805): compiling module 'efx_fifo_ram_f123b49f0f574f64a9a2982368753f7b(WR_DEPTH=2048,RD_DEPTH=2048,WDATA_WIDTH=64,RDATA_WIDTH=64,WADDR_WIDTH=11,RADDR_WIDTH=11,OUTPUT_REG=0,RAM_MUX_RATIO=1)' [VERI-1018]
INFO     : C:\Users\Jing-XuanTan(i)\Downloads\evsoc-efinity-v2026.1.132\evsoc-efinity-v2026.1.132\cam_single\Ti60F225_dsi\ip\csi2_rx_cam\csi2_rx_cam.sv(7842): extracting RAM for identifier 'ram' [VERI-2571]
INFO     : C:\Users\Jing-XuanTan(i)\Downloads\evsoc-efinity-v2026.1.132\evsoc-efinity-v2026.1.132\cam_single\Ti60F225_dsi\ip\csi2_rx_cam\csi2_rx_cam.sv(8330): compiling module 'efx_fifo_ctl_f123b49f0f574f64a9a2982368753f7b(SYNC_CLK=0,MODE="FWFT",WR_DEPTH=2048,WADDR_WIDTH=11,RADDR_WIDTH=11,ALMOST_FLAG=0,PROG_FULL_ASSERT=2048,PROG_FULL_NEGATE=2048,PROGRAMMABLE_EMPTY="STATIC_DUAL",PROG_EMPTY_ASSERT=1,PROG_EMPTY_NEGATE=1,HANDSHAKE_FLAG=0,OVERFLOW_PROTECT=1,UNDERFLOW_PROTECT=1)' [VERI-1018]
INFO     : C:\Users\Jing-XuanTan(i)\Downloads\evsoc-efinity-v2026.1.132\evsoc-efinity-v2026.1.132\cam_single\Ti60F225_dsi\ip\csi2_rx_cam\csi2_rx_cam.sv(8773): compiling module 'efx_fifo_bin2gray_f123b49f0f574f64a9a2982368753f7b(WIDTH=12)' [VERI-1018]
INFO     : C:\Users\Jing-XuanTan(i)\Downloads\evsoc-efinity-v2026.1.132\evsoc-efinity-v2026.1.132\cam_single\Ti60F225_dsi\ip\csi2_rx_cam\csi2_rx_cam.sv(252): compiling module 'efx_asyncreg_f123b49f0f574f64a9a2982368753f7b(WIDTH=12,ACTIVE_LOW=0,OFF_ASSERTION=1)' [VERI-1018]
INFO     : C:\Users\Jing-XuanTan(i)\Downloads\evsoc-efinity-v2026.1.132\evsoc-efinity-v2026.1.132\cam_single\Ti60F225_dsi\ip\csi2_rx_cam\csi2_rx_cam.sv(8121): compiling module 'efx_fifo_gray2bin_f123b49f0f574f64a9a2982368753f7b(WIDTH=12)' [VERI-1018]
INFO     : C:\Users\Jing-XuanTan(i)\Downloads\evsoc-efinity-v2026.1.132\evsoc-efinity-v2026.1.132\cam_single\Ti60F225_dsi\ip\csi2_rx_cam\csi2_rx_cam.sv(8121): compiling module 'efx_fifo_gray2bin_f123b49f0f574f64a9a2982368753f7b(WIDTH=11)' [VERI-1018]
INFO     : C:\Users\Jing-XuanTan(i)\Downloads\evsoc-efinity-v2026.1.132\evsoc-efinity-v2026.1.132\cam_single\Ti60F225_dsi\ip\csi2_rx_cam\csi2_rx_cam.sv(8121): compiling module 'efx_fifo_gray2bin_f123b49f0f574f64a9a2982368753f7b(WIDTH=10)' [VERI-1018]
INFO     : C:\Users\Jing-XuanTan(i)\Downloads\evsoc-efinity-v2026.1.132\evsoc-efinity-v2026.1.132\cam_single\Ti60F225_dsi\ip\csi2_rx_cam\csi2_rx_cam.sv(8121): compiling module 'efx_fifo_gray2bin_f123b49f0f574f64a9a2982368753f7b(WIDTH=9)' [VERI-1018]
INFO     : C:\Users\Jing-XuanTan(i)\Downloads\evsoc-efinity-v2026.1.132\evsoc-efinity-v2026.1.132\cam_single\Ti60F225_dsi\ip\csi2_rx_cam\csi2_rx_cam.sv(8121): compiling module 'efx_fifo_gray2bin_f123b49f0f574f64a9a2982368753f7b(WIDTH=8)' [VERI-1018]
INFO     : C:\Users\Jing-XuanTan(i)\Downloads\evsoc-efinity-v2026.1.132\evsoc-efinity-v2026.1.132\cam_single\Ti60F225_dsi\ip\csi2_rx_cam\csi2_rx_cam.sv(8121): compiling module 'efx_fifo_gray2bin_f123b49f0f574f64a9a2982368753f7b(WIDTH=7)' [VERI-1018]
INFO     : C:\Users\Jing-XuanTan(i)\Downloads\evsoc-efinity-v2026.1.132\evsoc-efinity-v2026.1.132\cam_single\Ti60F225_dsi\ip\csi2_rx_cam\csi2_rx_cam.sv(8121): compiling module 'efx_fifo_gray2bin_f123b49f0f574f64a9a2982368753f7b(WIDTH=6)' [VERI-1018]
INFO     : C:\Users\Jing-XuanTan(i)\Downloads\evsoc-efinity-v2026.1.132\evsoc-efinity-v2026.1.132\cam_single\Ti60F225_dsi\ip\csi2_rx_cam\csi2_rx_cam.sv(8121): compiling module 'efx_fifo_gray2bin_f123b49f0f574f64a9a2982368753f7b' [VERI-1018]
INFO     : C:\Users\Jing-XuanTan(i)\Downloads\evsoc-efinity-v2026.1.132\evsoc-efinity-v2026.1.132\cam_single\Ti60F225_dsi\ip\csi2_rx_cam\csi2_rx_cam.sv(8121): compiling module 'efx_fifo_gray2bin_f123b49f0f574f64a9a2982368753f7b(WIDTH=4)' [VERI-1018]
INFO     : C:\Users\Jing-XuanTan(i)\Downloads\evsoc-efinity-v2026.1.132\evsoc-efinity-v2026.1.132\cam_single\Ti60F225_dsi\ip\csi2_rx_cam\csi2_rx_cam.sv(8121): compiling module 'efx_fifo_gray2bin_f123b49f0f574f64a9a2982368753f7b(WIDTH=3)' [VERI-1018]
INFO     : C:\Users\Jing-XuanTan(i)\Downloads\evsoc-efinity-v2026.1.132\evsoc-efinity-v2026.1.132\cam_single\Ti60F225_dsi\ip\csi2_rx_cam\csi2_rx_cam.sv(8121): compiling module 'efx_fifo_gray2bin_f123b49f0f574f64a9a2982368753f7b(WIDTH=2)' [VERI-1018]
WARNING  : C:\Users\Jing-XuanTan(i)\Downloads\evsoc-efinity-v2026.1.132\evsoc-efinity-v2026.1.132\cam_single\Ti60F225_dsi\source\isp\cam_picam_v2.v(272): port 'rst_busy' remains unconnected for this instance [VERI-1927]
WARNING  : C:\Users\Jing-XuanTan(i)\Downloads\evsoc-efinity-v2026.1.132\evsoc-efinity-v2026.1.132\cam_single\Ti60F225_dsi\source\isp\cam_picam_v2.v(769): port 'rst_busy' remains unconnected for this instance [VERI-1927]
INFO     : C:\Users\Jing-XuanTan(i)\Downloads\evsoc-efinity-v2026.1.132\evsoc-efinity-v2026.1.132\cam_single\Ti60F225_dsi\source\isp\cam_picam_v2.v(6): compiling module 'cam_picam_v2(MIPI_FRAME_WIDTH=1920,MIPI_FRAME_HEIGHT=1080,FRAME_WIDTH=540,FRAME_HEIGHT=540,DMA_TRANSFER_LENGTH=145800)' [VERI-1018]
WARNING  : C:\Users\Jing-XuanTan(i)\Downloads\evsoc-efinity-v2026.1.132\evsoc-efinity-v2026.1.132\cam_single\Ti60F225_dsi\ip\cam_pixel_remap_fifo\cam_pixel_remap_fifo.sv(110): port 'a_wr_rst_i' remains unconnected for this instance [VERI-1927]
INFO     : C:\Users\Jing-XuanTan(i)\Downloads\evsoc-efinity-v2026.1.132\evsoc-efinity-v2026.1.132\cam_single\Ti60F225_dsi\ip\cam_pixel_remap_fifo\cam_pixel_remap_fifo.sv(49): compiling module 'cam_pixel_remap_fifo' [VERI-1018]
INFO     : C:\Users\Jing-XuanTan(i)\Downloads\evsoc-efinity-v2026.1.132\evsoc-efinity-v2026.1.132\cam_single\Ti60F225_dsi\ip\cam_pixel_remap_fifo\cam_pixel_remap_fifo.sv(310): compiling module 'efx_fifo_top_077823fa68f649b1a7074c944568f3e4(FAMILY="TITANIUM",SYNC_CLK=1,DATA_WIDTH=40,PIPELINE_REG=0,OUTPUT_REG=1,PROGRAMMABLE_FULL="NONE",PROG_FULL_ASSERT=510,PROG_FULL_NEGATE=510,PROGRAMMABLE_EMPTY="NONE",PROG_EMPTY_ASSERT=2,PROG_EMPTY_NEGATE=3)' [VERI-1018]
INFO     : C:\Users\Jing-XuanTan(i)\Downloads\evsoc-efinity-v2026.1.132\evsoc-efinity-v2026.1.132\cam_single\Ti60F225_dsi\ip\cam_pixel_remap_fifo\cam_pixel_remap_fifo.sv(1370): compiling module 'efx_resetsync_077823fa68f649b1a7074c944568f3e4(ACTIVE_LOW=0)' [VERI-1018]
INFO     : C:\Users\Jing-XuanTan(i)\Downloads\evsoc-efinity-v2026.1.132\evsoc-efinity-v2026.1.132\cam_single\Ti60F225_dsi\ip\cam_pixel_remap_fifo\cam_pixel_remap_fifo.sv(1415): compiling module 'efx_asyncreg_077823fa68f649b1a7074c944568f3e4(WIDTH=1,ACTIVE_LOW=0,RST_VALUE=1)' [VERI-1018]
INFO     : C:\Users\Jing-XuanTan(i)\Downloads\evsoc-efinity-v2026.1.132\evsoc-efinity-v2026.1.132\cam_single\Ti60F225_dsi\ip\cam_pixel_remap_fifo\cam_pixel_remap_fifo.sv(630): compiling module 'efx_fifo_ram_077823fa68f649b1a7074c944568f3e4(FAMILY="TITANIUM",WDATA_WIDTH=40,RDATA_WIDTH=40,RAM_MUX_RATIO=1)' [VERI-1018]
INFO     : C:\Users\Jing-XuanTan(i)\Downloads\evsoc-efinity-v2026.1.132\evsoc-efinity-v2026.1.132\cam_single\Ti60F225_dsi\ip\cam_pixel_remap_fifo\cam_pixel_remap_fifo.sv(667): extracting RAM for identifier 'ram' [VERI-2571]
INFO     : C:\Users\Jing-XuanTan(i)\Downloads\evsoc-efinity-v2026.1.132\evsoc-efinity-v2026.1.132\cam_single\Ti60F225_dsi\ip\cam_pixel_remap_fifo\cam_pixel_remap_fifo.sv(942): compiling module 'efx_fifo_ctl_077823fa68f649b1a7074c944568f3e4(PIPELINE_REG=0,PROG_FULL_ASSERT=510,PROG_FULL_NEGATE=510,PROG_EMPTY_ASSERT=2,PROG_EMPTY_NEGATE=3,OUTPUT_REG=1,OVERFLOW_PROTECT=1,UNDERFLOW_PROTECT=1)' [VERI-1018]
WARNING  : C:\Users\Jing-XuanTan(i)\Downloads\evsoc-efinity-v2026.1.132\evsoc-efinity-v2026.1.132\cam_single\Ti60F225_dsi\ip\cam_pixel_remap_fifo\cam_pixel_remap_fifo.sv(92): input port 'a_wr_rst_i' is not connected on this instance [VDB-1013]
INFO     : C:\Users\Jing-XuanTan(i)\Downloads\evsoc-efinity-v2026.1.132\evsoc-efinity-v2026.1.132\cam_single\Ti60F225_dsi\source/isp/isp_top.v(6): compiling module 'isp_top(PIXEL_PER_CYCLE=2,S_AXIS_DATA_WIDTH=24,M_AXIS_DATA_WIDTH=48,TUSER_WIDTH=2)' [VERI-1018]
WARNING  : C:\Users\Jing-XuanTan(i)\Downloads\evsoc-efinity-v2026.1.132\evsoc-efinity-v2026.1.132\cam_single\Ti60F225_dsi\source/isp/isp.sv(20): illegal integral type argument in math function 'floor()'; expected real type [VERI-2792]
WARNING  : C:\Users\Jing-XuanTan(i)\Downloads\evsoc-efinity-v2026.1.132\evsoc-efinity-v2026.1.132\cam_single\Ti60F225_dsi\source/isp/isp.sv(23): illegal integral type argument in math function 'floor()'; expected real type [VERI-2792]
WARNING  : C:\Users\Jing-XuanTan(i)\Downloads\evsoc-efinity-v2026.1.132\evsoc-efinity-v2026.1.132\cam_single\Ti60F225_dsi\source/isp/isp.sv(24): illegal integral type argument in math function 'floor()'; expected real type [VERI-2792]
WARNING  : C:\Users\Jing-XuanTan(i)\Downloads\evsoc-efinity-v2026.1.132\evsoc-efinity-v2026.1.132\cam_single\Ti60F225_dsi\source/isp/isp.sv(181): illegal integral type argument in math function 'floor()'; expected real type [VERI-2792]
WARNING  : C:\Users\Jing-XuanTan(i)\Downloads\evsoc-efinity-v2026.1.132\evsoc-efinity-v2026.1.132\cam_single\Ti60F225_dsi\source/isp/isp.sv(230): illegal integral type argument in math function 'floor()'; expected real type [VERI-2792]
WARNING  : C:\Users\Jing-XuanTan(i)\Downloads\evsoc-efinity-v2026.1.132\evsoc-efinity-v2026.1.132\cam_single\Ti60F225_dsi\source/isp/isp.sv(310): illegal integral type argument in math function 'floor()'; expected real type [VERI-2792]
WARNING  : C:\Users\Jing-XuanTan(i)\Downloads\evsoc-efinity-v2026.1.132\evsoc-efinity-v2026.1.132\cam_single\Ti60F225_dsi\source/isp/isp.sv(360): illegal integral type argument in math function 'floor()'; expected real type [VERI-2792]
WARNING  : C:\Users\Jing-XuanTan(i)\Downloads\evsoc-efinity-v2026.1.132\evsoc-efinity-v2026.1.132\cam_single\Ti60F225_dsi\source/isp/isp.sv(361): illegal integral type argument in math function 'floor()'; expected real type [VERI-2792]
WARNING  : C:\Users\Jing-XuanTan(i)\Downloads\evsoc-efinity-v2026.1.132\evsoc-efinity-v2026.1.132\cam_single\Ti60F225_dsi\source/isp/isp.sv(460): illegal integral type argument in math function 'floor()'; expected real type [VERI-2792]
WARNING  : C:\Users\Jing-XuanTan(i)\Downloads\evsoc-efinity-v2026.1.132\evsoc-efinity-v2026.1.132\cam_single\Ti60F225_dsi\source/isp/isp.sv(461): illegal integral type argument in math function 'floor()'; expected real type [VERI-2792]
INFO     : C:\Users\Jing-XuanTan(i)\Downloads\evsoc-efinity-v2026.1.132\evsoc-efinity-v2026.1.132\cam_single\Ti60F225_dsi\source/isp/isp.sv(6): compiling module 'isp(PIXEL_BIT_WIDTH=12,S_AXI_WSTRB_WIDTH=4,S_AXIS_DATA_WIDTH=24,M_AXIS_DATA_WIDTH=48,TUSER_WIDTH=2,DECOMPANDING_XLUT_FILE="decompanding_xlut.mem",DECOMPANDING_YLUT_FILE="decompanding_ylut_12_bit.mem",DECOMPANDING_FLUT_FILE="decompanding_flut_12_bit.mem",GAMMA_LUT_FILE="lut.mem")' [VERI-1018]
WARNING  : C:\Users\Jing-XuanTan(i)\Downloads\evsoc-efinity-v2026.1.132\evsoc-efinity-v2026.1.132\cam_single\Ti60F225_dsi\source/isp/isp.sv(181): illegal integral type argument in math function 'floor()'; expected real type [VERI-2792]
WARNING  : C:\Users\Jing-XuanTan(i)\Downloads\evsoc-efinity-v2026.1.132\evsoc-efinity-v2026.1.132\cam_single\Ti60F225_dsi\source/isp/isp.sv(230): illegal integral type argument in math function 'floor()'; expected real type [VERI-2792]
WARNING  : C:\Users\Jing-XuanTan(i)\Downloads\evsoc-efinity-v2026.1.132\evsoc-efinity-v2026.1.132\cam_single\Ti60F225_dsi\source/isp/isp.sv(310): illegal integral type argument in math function 'floor()'; expected real type [VERI-2792]
WARNING  : C:\Users\Jing-XuanTan(i)\Downloads\evsoc-efinity-v2026.1.132\evsoc-efinity-v2026.1.132\cam_single\Ti60F225_dsi\source/isp/isp.sv(360): illegal integral type argument in math function 'floor()'; expected real type [VERI-2792]
WARNING  : C:\Users\Jing-XuanTan(i)\Downloads\evsoc-efinity-v2026.1.132\evsoc-efinity-v2026.1.132\cam_single\Ti60F225_dsi\source/isp/isp.sv(361): illegal integral type argument in math function 'floor()'; expected real type [VERI-2792]
WARNING  : C:\Users\Jing-XuanTan(i)\Downloads\evsoc-efinity-v2026.1.132\evsoc-efinity-v2026.1.132\cam_single\Ti60F225_dsi\source/isp/isp.sv(460): illegal integral type argument in math function 'floor()'; expected real type [VERI-2792]
WARNING  : C:\Users\Jing-XuanTan(i)\Downloads\evsoc-efinity-v2026.1.132\evsoc-efinity-v2026.1.132\cam_single\Ti60F225_dsi\source/isp/isp.sv(461): illegal integral type argument in math function 'floor()'; expected real type [VERI-2792]
INFO     : C:\Users\Jing-XuanTan(i)\Downloads\evsoc-efinity-v2026.1.132\evsoc-efinity-v2026.1.132\cam_single\Ti60F225_dsi\source/isp/min_max_timer.v(1): compiling module 'min_max_timer(TIMER_WIDTH=30)' [VERI-1018]
WARNING  : C:\Users\Jing-XuanTan(i)\Downloads\evsoc-efinity-v2026.1.132\evsoc-efinity-v2026.1.132\cam_single\Ti60F225_dsi\source/isp/axi_lite_register.sv(10): illegal integral type argument in math function 'floor()'; expected real type [VERI-2792]
INFO     : C:\Users\Jing-XuanTan(i)\Downloads\evsoc-efinity-v2026.1.132\evsoc-efinity-v2026.1.132\cam_single\Ti60F225_dsi\source/isp/axi_lite_register.sv(6): compiling module 'axi_lite_register(S_AXI_WSTRB_WIDTH=4)' [VERI-1018]
WARNING  : C:\Users\Jing-XuanTan(i)\Downloads\evsoc-efinity-v2026.1.132\evsoc-efinity-v2026.1.132\cam_single\Ti60F225_dsi\source/isp/axi_lite_register.sv(279): expression size 48 truncated to fit in target size 32 [VERI-1209]
WARNING  : C:\Users\Jing-XuanTan(i)\Downloads\evsoc-efinity-v2026.1.132\evsoc-efinity-v2026.1.132\cam_single\Ti60F225_dsi\source/isp/axi_lite_register.sv(280): expression size 48 truncated to fit in target size 32 [VERI-1209]
WARNING  : C:\Users\Jing-XuanTan(i)\Downloads\evsoc-efinity-v2026.1.132\evsoc-efinity-v2026.1.132\cam_single\Ti60F225_dsi\source/isp/axi_lite_register.sv(281): expression size 48 truncated to fit in target size 32 [VERI-1209]
WARNING  : C:\Users\Jing-XuanTan(i)\Downloads\evsoc-efinity-v2026.1.132\evsoc-efinity-v2026.1.132\cam_single\Ti60F225_dsi\source/isp/axi_lite_register.sv(282): expression size 48 truncated to fit in target size 32 [VERI-1209]
WARNING  : C:\Users\Jing-XuanTan(i)\Downloads\evsoc-efinity-v2026.1.132\evsoc-efinity-v2026.1.132\cam_single\Ti60F225_dsi\source/isp/axi_lite_register.sv(283): expression size 48 truncated to fit in target size 32 [VERI-1209]
WARNING  : C:\Users\Jing-XuanTan(i)\Downloads\evsoc-efinity-v2026.1.132\evsoc-efinity-v2026.1.132\cam_single\Ti60F225_dsi\source/isp/axi_lite_register.sv(284): expression size 48 truncated to fit in target size 32 [VERI-1209]
WARNING  : C:\Users\Jing-XuanTan(i)\Downloads\evsoc-efinity-v2026.1.132\evsoc-efinity-v2026.1.132\cam_single\Ti60F225_dsi\source/isp/axi_lite_register.sv(99): net 'r_registers[12][31]' does not have a driver [VDB-1002]
WARNING  : C:\Users\Jing-XuanTan(i)\Downloads\evsoc-efinity-v2026.1.132\evsoc-efinity-v2026.1.132\cam_single\Ti60F225_dsi\source/isp/blc.sv(12): illegal integral type argument in math function 'floor()'; expected real type [VERI-2792]
INFO     : C:\Users\Jing-XuanTan(i)\Downloads\evsoc-efinity-v2026.1.132\evsoc-efinity-v2026.1.132\cam_single\Ti60F225_dsi\source/isp/blc.sv(6): compiling module 'blc(PIXEL_PER_CYCLE=2,PIXEL_BIT_WIDTH=12)' [VERI-1018]
WARNING  : C:\Users\Jing-XuanTan(i)\Downloads\evsoc-efinity-v2026.1.132\evsoc-efinity-v2026.1.132\cam_single\Ti60F225_dsi\source/isp/blc.sv(12): illegal integral type argument in math function 'floor()'; expected real type [VERI-2792]
WARNING  : C:\Users\Jing-XuanTan(i)\Downloads\evsoc-efinity-v2026.1.132\evsoc-efinity-v2026.1.132\cam_single\Ti60F225_dsi\source/isp/blc.sv(42): net 'int_black_level[16]' does not have a driver [VDB-1002]
WARNING  : C:\Users\Jing-XuanTan(i)\Downloads\evsoc-efinity-v2026.1.132\evsoc-efinity-v2026.1.132\cam_single\Ti60F225_dsi\source/isp/blc.sv(44): net 'pipe_0_pixel_0_wire[16]' does not have a driver [VDB-1002]
WARNING  : C:\Users\Jing-XuanTan(i)\Downloads\evsoc-efinity-v2026.1.132\evsoc-efinity-v2026.1.132\cam_single\Ti60F225_dsi\source/isp/blc.sv(45): net 'pipe_0_pixel_1_wire[16]' does not have a driver [VDB-1002]
WARNING  : C:\Users\Jing-XuanTan(i)\Downloads\evsoc-efinity-v2026.1.132\evsoc-efinity-v2026.1.132\cam_single\Ti60F225_dsi\source/isp/blc.sv(46): net 'pipe_0_pixel_2_wire[16]' does not have a driver [VDB-1002]
WARNING  : C:\Users\Jing-XuanTan(i)\Downloads\evsoc-efinity-v2026.1.132\evsoc-efinity-v2026.1.132\cam_single\Ti60F225_dsi\source/isp/blc.sv(47): net 'pipe_0_pixel_3_wire[16]' does not have a driver [VDB-1002]
WARNING  : C:\Users\Jing-XuanTan(i)\Downloads\evsoc-efinity-v2026.1.132\evsoc-efinity-v2026.1.132\cam_single\Ti60F225_dsi\source/isp/isp.sv(203): actual bit length 2 differs from formal bit length 1 for port 's_axis_tuser' [VERI-1330]
WARNING  : C:\Users\Jing-XuanTan(i)\Downloads\evsoc-efinity-v2026.1.132\evsoc-efinity-v2026.1.132\cam_single\Ti60F225_dsi\source/isp/isp.sv(209): actual bit length 2 differs from formal bit length 1 for port 'm_axis_tuser' [VERI-1330]
WARNING  : C:\Users\Jing-XuanTan(i)\Downloads\evsoc-efinity-v2026.1.132\evsoc-efinity-v2026.1.132\cam_single\Ti60F225_dsi\source/isp/colorgain.sv(14): illegal integral type argument in math function 'floor()'; expected real type [VERI-2792]
INFO     : C:\Users\Jing-XuanTan(i)\Downloads\evsoc-efinity-v2026.1.132\evsoc-efinity-v2026.1.132\cam_single\Ti60F225_dsi\source/isp/colorgain.sv(6): compiling module 'colorgain(PIXEL_PER_CYCLE=2,PIXEL_BIT_WIDTH=12)' [VERI-1018]
WARNING  : C:\Users\Jing-XuanTan(i)\Downloads\evsoc-efinity-v2026.1.132\evsoc-efinity-v2026.1.132\cam_single\Ti60F225_dsi\source/isp/colorgain.sv(14): illegal integral type argument in math function 'floor()'; expected real type [VERI-2792]
WARNING  : C:\Users\Jing-XuanTan(i)\Downloads\evsoc-efinity-v2026.1.132\evsoc-efinity-v2026.1.132\cam_single\Ti60F225_dsi\source/isp/colorgain.sv(94): expression size 2 truncated to fit in target size 1 [VERI-1209]
WARNING  : C:\Users\Jing-XuanTan(i)\Downloads\evsoc-efinity-v2026.1.132\evsoc-efinity-v2026.1.132\cam_single\Ti60F225_dsi\source/isp/isp.sv(257): actual bit length 2 differs from formal bit length 1 for port 's_axis_tuser' [VERI-1330]
WARNING  : C:\Users\Jing-XuanTan(i)\Downloads\evsoc-efinity-v2026.1.132\evsoc-efinity-v2026.1.132\cam_single\Ti60F225_dsi\source/isp/isp.sv(263): actual bit length 2 differs from formal bit length 1 for port 'm_axis_tuser' [VERI-1330]
INFO     : C:\Users\Jing-XuanTan(i)\Downloads\evsoc-efinity-v2026.1.132\evsoc-efinity-v2026.1.132\cam_single\Ti60F225_dsi\source/isp/skidbuffer.sv(6): compiling module 'skidbuffer(DATA_WIDTH=24)' [VERI-1018]
WARNING  : C:\Users\Jing-XuanTan(i)\Downloads\evsoc-efinity-v2026.1.132\evsoc-efinity-v2026.1.132\cam_single\Ti60F225_dsi\source/isp/isp.sv(300): actual bit length 2 differs from formal bit length 1 for port 's_axis_tuser' [VERI-1330]
WARNING  : C:\Users\Jing-XuanTan(i)\Downloads\evsoc-efinity-v2026.1.132\evsoc-efinity-v2026.1.132\cam_single\Ti60F225_dsi\source/isp/isp.sv(306): actual bit length 2 differs from formal bit length 1 for port 'm_axis_tuser' [VERI-1330]
WARNING  : C:\Users\Jing-XuanTan(i)\Downloads\evsoc-efinity-v2026.1.132\evsoc-efinity-v2026.1.132\cam_single\Ti60F225_dsi\source/isp/demosaic.sv(16): illegal integral type argument in math function 'floor()'; expected real type [VERI-2792]
WARNING  : C:\Users\Jing-XuanTan(i)\Downloads\evsoc-efinity-v2026.1.132\evsoc-efinity-v2026.1.132\cam_single\Ti60F225_dsi\source/isp/demosaic.sv(17): illegal integral type argument in math function 'floor()'; expected real type [VERI-2792]
WARNING  : C:\Users\Jing-XuanTan(i)\Downloads\evsoc-efinity-v2026.1.132\evsoc-efinity-v2026.1.132\cam_single\Ti60F225_dsi\source/isp/demosaic.sv(57): illegal integral type argument in math function 'floor()'; expected real type [VERI-2792]
INFO     : C:\Users\Jing-XuanTan(i)\Downloads\evsoc-efinity-v2026.1.132\evsoc-efinity-v2026.1.132\cam_single\Ti60F225_dsi\source/isp/demosaic.sv(6): compiling module 'demosaic(MAX_RESOLUTION=2048,PIXEL_PER_CYCLE=2)' [VERI-1018]
WARNING  : C:\Users\Jing-XuanTan(i)\Downloads\evsoc-efinity-v2026.1.132\evsoc-efinity-v2026.1.132\cam_single\Ti60F225_dsi\source/isp/demosaic.sv(16): illegal integral type argument in math function 'floor()'; expected real type [VERI-2792]
WARNING  : C:\Users\Jing-XuanTan(i)\Downloads\evsoc-efinity-v2026.1.132\evsoc-efinity-v2026.1.132\cam_single\Ti60F225_dsi\source/isp/demosaic.sv(17): illegal integral type argument in math function 'floor()'; expected real type [VERI-2792]
WARNING  : C:\Users\Jing-XuanTan(i)\Downloads\evsoc-efinity-v2026.1.132\evsoc-efinity-v2026.1.132\cam_single\Ti60F225_dsi\source/isp/demosaic.sv(57): illegal integral type argument in math function 'floor()'; expected real type [VERI-2792]
INFO     : C:\Users\Jing-XuanTan(i)\Downloads\evsoc-efinity-v2026.1.132\evsoc-efinity-v2026.1.132\cam_single\Ti60F225_dsi\source/isp/demosaic.sv(68): extracting RAM for identifier 'pipe_0_center' [VERI-2571]
INFO     : C:\Users\Jing-XuanTan(i)\Downloads\evsoc-efinity-v2026.1.132\evsoc-efinity-v2026.1.132\cam_single\Ti60F225_dsi\source/isp/demosaic.sv(69): extracting RAM for identifier 'pipe_0_outer_horizontal' [VERI-2571]
INFO     : C:\Users\Jing-XuanTan(i)\Downloads\evsoc-efinity-v2026.1.132\evsoc-efinity-v2026.1.132\cam_single\Ti60F225_dsi\source/isp/demosaic.sv(70): extracting RAM for identifier 'pipe_0_outer_vertical' [VERI-2571]
INFO     : C:\Users\Jing-XuanTan(i)\Downloads\evsoc-efinity-v2026.1.132\evsoc-efinity-v2026.1.132\cam_single\Ti60F225_dsi\source/isp/demosaic.sv(71): extracting RAM for identifier 'pipe_0_inner_horizontal' [VERI-2571]
INFO     : C:\Users\Jing-XuanTan(i)\Downloads\evsoc-efinity-v2026.1.132\evsoc-efinity-v2026.1.132\cam_single\Ti60F225_dsi\source/isp/demosaic.sv(72): extracting RAM for identifier 'pipe_0_inner_vertical' [VERI-2571]
INFO     : C:\Users\Jing-XuanTan(i)\Downloads\evsoc-efinity-v2026.1.132\evsoc-efinity-v2026.1.132\cam_single\Ti60F225_dsi\source/isp/demosaic.sv(73): extracting RAM for identifier 'pipe_0_inner_top' [VERI-2571]
INFO     : C:\Users\Jing-XuanTan(i)\Downloads\evsoc-efinity-v2026.1.132\evsoc-efinity-v2026.1.132\cam_single\Ti60F225_dsi\source/isp/demosaic.sv(74): extracting RAM for identifier 'pipe_0_inner_bottom' [VERI-2571]
INFO     : C:\Users\Jing-XuanTan(i)\Downloads\evsoc-efinity-v2026.1.132\evsoc-efinity-v2026.1.132\cam_single\Ti60F225_dsi\source/isp/demosaic.sv(80): extracting RAM for identifier 'pipe_1_center' [VERI-2571]
INFO     : C:\Users\Jing-XuanTan(i)\Downloads\evsoc-efinity-v2026.1.132\evsoc-efinity-v2026.1.132\cam_single\Ti60F225_dsi\source/isp/demosaic.sv(81): extracting RAM for identifier 'pipe_1_center_x5' [VERI-2571]
INFO     : C:\Users\Jing-XuanTan(i)\Downloads\evsoc-efinity-v2026.1.132\evsoc-efinity-v2026.1.132\cam_single\Ti60F225_dsi\source/isp/demosaic.sv(82): extracting RAM for identifier 'pipe_1_center_x6' [VERI-2571]
INFO     : C:\Users\Jing-XuanTan(i)\Downloads\evsoc-efinity-v2026.1.132\evsoc-efinity-v2026.1.132\cam_single\Ti60F225_dsi\source/isp/demosaic.sv(83): extracting RAM for identifier 'pipe_1_outer_horizontal' [VERI-2571]
INFO     : C:\Users\Jing-XuanTan(i)\Downloads\evsoc-efinity-v2026.1.132\evsoc-efinity-v2026.1.132\cam_single\Ti60F225_dsi\source/isp/demosaic.sv(84): extracting RAM for identifier 'pipe_1_outer_vertical' [VERI-2571]
INFO     : C:\Users\Jing-XuanTan(i)\Downloads\evsoc-efinity-v2026.1.132\evsoc-efinity-v2026.1.132\cam_single\Ti60F225_dsi\source/isp/demosaic.sv(85): extracting RAM for identifier 'pipe_1_outer_cross' [VERI-2571]
INFO     : C:\Users\Jing-XuanTan(i)\Downloads\evsoc-efinity-v2026.1.132\evsoc-efinity-v2026.1.132\cam_single\Ti60F225_dsi\source/isp/demosaic.sv(86): extracting RAM for identifier 'pipe_1_inner_h_outer_v_x2' [VERI-2571]
INFO     : C:\Users\Jing-XuanTan(i)\Downloads\evsoc-efinity-v2026.1.132\evsoc-efinity-v2026.1.132\cam_single\Ti60F225_dsi\source/isp/demosaic.sv(87): extracting RAM for identifier 'pipe_1_inner_v_outer_h_x2' [VERI-2571]
INFO     : C:\Users\Jing-XuanTan(i)\Downloads\evsoc-efinity-v2026.1.132\evsoc-efinity-v2026.1.132\cam_single\Ti60F225_dsi\source/isp/demosaic.sv(88): extracting RAM for identifier 'pipe_1_inner_corner' [VERI-2571]
INFO     : C:\Users\Jing-XuanTan(i)\Downloads\evsoc-efinity-v2026.1.132\evsoc-efinity-v2026.1.132\cam_single\Ti60F225_dsi\source/isp/demosaic.sv(89): extracting RAM for identifier 'pipe_1_inner_cross' [VERI-2571]
INFO     : C:\Users\Jing-XuanTan(i)\Downloads\evsoc-efinity-v2026.1.132\evsoc-efinity-v2026.1.132\cam_single\Ti60F225_dsi\source/isp/demosaic.sv(95): extracting RAM for identifier 'pipe_2_center' [VERI-2571]
INFO     : C:\Users\Jing-XuanTan(i)\Downloads\evsoc-efinity-v2026.1.132\evsoc-efinity-v2026.1.132\cam_single\Ti60F225_dsi\source/isp/demosaic.sv(96): extracting RAM for identifier 'pipe_2_center_cross_x2' [VERI-2571]
INFO     : C:\Users\Jing-XuanTan(i)\Downloads\evsoc-efinity-v2026.1.132\evsoc-efinity-v2026.1.132\cam_single\Ti60F225_dsi\source/isp/demosaic.sv(97): extracting RAM for identifier 'pipe_2_outer_cross_x2' [VERI-2571]
INFO     : C:\Users\Jing-XuanTan(i)\Downloads\evsoc-efinity-v2026.1.132\evsoc-efinity-v2026.1.132\cam_single\Ti60F225_dsi\source/isp/demosaic.sv(98): extracting RAM for identifier 'pipe_2_outer_cross_x3' [VERI-2571]
INFO     : C:\Users\Jing-XuanTan(i)\Downloads\evsoc-efinity-v2026.1.132\evsoc-efinity-v2026.1.132\cam_single\Ti60F225_dsi\source/isp/demosaic.sv(99): extracting RAM for identifier 'pipe_2_inner_c_outer_h_x2' [VERI-2571]
INFO     : C:\Users\Jing-XuanTan(i)\Downloads\evsoc-efinity-v2026.1.132\evsoc-efinity-v2026.1.132\cam_single\Ti60F225_dsi\source/isp/demosaic.sv(100): extracting RAM for identifier 'pipe_2_inner_c_outer_v_x2' [VERI-2571]
INFO     : C:\Users\Jing-XuanTan(i)\Downloads\evsoc-efinity-v2026.1.132\evsoc-efinity-v2026.1.132\cam_single\Ti60F225_dsi\source/isp/demosaic.sv(101): extracting RAM for identifier 'pipe_2_rb_at_g1_x2' [VERI-2571]
INFO     : C:\Users\Jing-XuanTan(i)\Downloads\evsoc-efinity-v2026.1.132\evsoc-efinity-v2026.1.132\cam_single\Ti60F225_dsi\source/isp/demosaic.sv(102): extracting RAM for identifier 'pipe_2_rb_at_g2_x2' [VERI-2571]
INFO     : C:\Users\Jing-XuanTan(i)\Downloads\evsoc-efinity-v2026.1.132\evsoc-efinity-v2026.1.132\cam_single\Ti60F225_dsi\source/isp/demosaic.sv(103): extracting RAM for identifier 'pipe_2_rb_at_rb_x2' [VERI-2571]
WARNING  : C:\Users\Jing-XuanTan(i)\Downloads\evsoc-efinity-v2026.1.132\evsoc-efinity-v2026.1.132\cam_single\Ti60F225_dsi\source/isp/linebuffer.sv(16): illegal integral type argument in math function 'floor()'; expected real type [VERI-2792]
INFO     : C:\Users\Jing-XuanTan(i)\Downloads\evsoc-efinity-v2026.1.132\evsoc-efinity-v2026.1.132\cam_single\Ti60F225_dsi\source/isp/linebuffer.sv(6): compiling module 'linebuffer(MAX_RESOLUTION=2048,PIXEL_PER_CYCLE=2,PIXEL_BIT_WIDTH=12)' [VERI-1018]
WARNING  : C:\Users\Jing-XuanTan(i)\Downloads\evsoc-efinity-v2026.1.132\evsoc-efinity-v2026.1.132\cam_single\Ti60F225_dsi\source/isp/linebuffer.sv(16): illegal integral type argument in math function 'floor()'; expected real type [VERI-2792]
INFO     : C:\Users\Jing-XuanTan(i)\Downloads\evsoc-efinity-v2026.1.132\evsoc-efinity-v2026.1.132\cam_single\Ti60F225_dsi\source/isp/simple_dual_ported_ram.sv(6): compiling module 'simple_dual_ported_ram(DATA_WIDTH=24)' [VERI-1018]
INFO     : C:\Users\Jing-XuanTan(i)\Downloads\evsoc-efinity-v2026.1.132\evsoc-efinity-v2026.1.132\cam_single\Ti60F225_dsi\source/isp/simple_dual_ported_ram.sv(23): extracting RAM for identifier 'ram' [VERI-2571]
WARNING  : C:\Users\Jing-XuanTan(i)\Downloads\evsoc-efinity-v2026.1.132\evsoc-efinity-v2026.1.132\cam_single\Ti60F225_dsi\source/isp/linebuffer.sv(16): illegal integral type argument in math function 'floor()'; expected real type [VERI-2792]
WARNING  : C:\Users\Jing-XuanTan(i)\Downloads\evsoc-efinity-v2026.1.132\evsoc-efinity-v2026.1.132\cam_single\Ti60F225_dsi\source/isp/linebuffer.sv(16): illegal integral type argument in math function 'floor()'; expected real type [VERI-2792]
WARNING  : C:\Users\Jing-XuanTan(i)\Downloads\evsoc-efinity-v2026.1.132\evsoc-efinity-v2026.1.132\cam_single\Ti60F225_dsi\source/isp/linebuffer.sv(16): illegal integral type argument in math function 'floor()'; expected real type [VERI-2792]
WARNING  : C:\Users\Jing-XuanTan(i)\Downloads\evsoc-efinity-v2026.1.132\evsoc-efinity-v2026.1.132\cam_single\Ti60F225_dsi\source/isp/linebuffer.sv(16): illegal integral type argument in math function 'floor()'; expected real type [VERI-2792]
WARNING  : C:\Users\Jing-XuanTan(i)\Downloads\evsoc-efinity-v2026.1.132\evsoc-efinity-v2026.1.132\cam_single\Ti60F225_dsi\source/isp/linebuffer.sv(104): expression size 11 truncated to fit in target size 10 [VERI-1209]
WARNING  : C:\Users\Jing-XuanTan(i)\Downloads\evsoc-efinity-v2026.1.132\evsoc-efinity-v2026.1.132\cam_single\Ti60F225_dsi\source/isp/linebuffer.sv(120): expression size 32 truncated to fit in target size 3 [VERI-1209]
WARNING  : C:\Users\Jing-XuanTan(i)\Downloads\evsoc-efinity-v2026.1.132\evsoc-efinity-v2026.1.132\cam_single\Ti60F225_dsi\source/isp/demosaic.sv(57): illegal integral type argument in math function 'floor()'; expected real type [VERI-2792]
WARNING  : C:\Users\Jing-XuanTan(i)\Downloads\evsoc-efinity-v2026.1.132\evsoc-efinity-v2026.1.132\cam_single\Ti60F225_dsi\source/isp/demosaic.sv(16): illegal integral type argument in math function 'floor()'; expected real type [VERI-2792]
WARNING  : C:\Users\Jing-XuanTan(i)\Downloads\evsoc-efinity-v2026.1.132\evsoc-efinity-v2026.1.132\cam_single\Ti60F225_dsi\source/isp/demosaic.sv(335): expression size 2 truncated to fit in target size 1 [VERI-1209]
WARNING  : C:\Users\Jing-XuanTan(i)\Downloads\evsoc-efinity-v2026.1.132\evsoc-efinity-v2026.1.132\cam_single\Ti60F225_dsi\source/isp/isp.sv(333): actual bit length 2 differs from formal bit length 1 for port 's_axis_tuser' [VERI-1330]
WARNING  : C:\Users\Jing-XuanTan(i)\Downloads\evsoc-efinity-v2026.1.132\evsoc-efinity-v2026.1.132\cam_single\Ti60F225_dsi\source/isp/isp.sv(339): actual bit length 2 differs from formal bit length 1 for port 'm_axis_tuser' [VERI-1330]
WARNING  : C:\Users\Jing-XuanTan(i)\Downloads\evsoc-efinity-v2026.1.132\evsoc-efinity-v2026.1.132\cam_single\Ti60F225_dsi\source/isp/ccm.sv(12): illegal integral type argument in math function 'floor()'; expected real type [VERI-2792]
WARNING  : C:\Users\Jing-XuanTan(i)\Downloads\evsoc-efinity-v2026.1.132\evsoc-efinity-v2026.1.132\cam_single\Ti60F225_dsi\source/isp/ccm.sv(13): illegal integral type argument in math function 'floor()'; expected real type [VERI-2792]
INFO     : C:\Users\Jing-XuanTan(i)\Downloads\evsoc-efinity-v2026.1.132\evsoc-efinity-v2026.1.132\cam_single\Ti60F225_dsi\source/isp/ccm.sv(6): compiling module 'ccm(S_AXIS_DATA_WIDTH=72,M_AXIS_DATA_WIDTH=72)' [VERI-1018]
WARNING  : C:\Users\Jing-XuanTan(i)\Downloads\evsoc-efinity-v2026.1.132\evsoc-efinity-v2026.1.132\cam_single\Ti60F225_dsi\source/isp/ccm.sv(91): net 'pipe_0_pixel2_r_wire[12]' does not have a driver [VDB-1002]
WARNING  : C:\Users\Jing-XuanTan(i)\Downloads\evsoc-efinity-v2026.1.132\evsoc-efinity-v2026.1.132\cam_single\Ti60F225_dsi\source/isp/ccm.sv(92): net 'pipe_0_pixel2_g_wire[12]' does not have a driver [VDB-1002]
WARNING  : C:\Users\Jing-XuanTan(i)\Downloads\evsoc-efinity-v2026.1.132\evsoc-efinity-v2026.1.132\cam_single\Ti60F225_dsi\source/isp/ccm.sv(93): net 'pipe_0_pixel2_b_wire[12]' does not have a driver [VDB-1002]
WARNING  : C:\Users\Jing-XuanTan(i)\Downloads\evsoc-efinity-v2026.1.132\evsoc-efinity-v2026.1.132\cam_single\Ti60F225_dsi\source/isp/ccm.sv(94): net 'pipe_0_pixel3_r_wire[12]' does not have a driver [VDB-1002]
WARNING  : C:\Users\Jing-XuanTan(i)\Downloads\evsoc-efinity-v2026.1.132\evsoc-efinity-v2026.1.132\cam_single\Ti60F225_dsi\source/isp/ccm.sv(95): net 'pipe_0_pixel3_g_wire[12]' does not have a driver [VDB-1002]
WARNING  : C:\Users\Jing-XuanTan(i)\Downloads\evsoc-efinity-v2026.1.132\evsoc-efinity-v2026.1.132\cam_single\Ti60F225_dsi\source/isp/ccm.sv(96): net 'pipe_0_pixel3_b_wire[12]' does not have a driver [VDB-1002]
WARNING  : C:\Users\Jing-XuanTan(i)\Downloads\evsoc-efinity-v2026.1.132\evsoc-efinity-v2026.1.132\cam_single\Ti60F225_dsi\source/isp/ccm.sv(157): net 'pipe_1_pixel2_r_r_wire[28]' does not have a driver [VDB-1002]
WARNING  : C:\Users\Jing-XuanTan(i)\Downloads\evsoc-efinity-v2026.1.132\evsoc-efinity-v2026.1.132\cam_single\Ti60F225_dsi\source/isp/ccm.sv(158): net 'pipe_1_pixel2_r_g_wire[28]' does not have a driver [VDB-1002]
WARNING  : C:\Users\Jing-XuanTan(i)\Downloads\evsoc-efinity-v2026.1.132\evsoc-efinity-v2026.1.132\cam_single\Ti60F225_dsi\source/isp/ccm.sv(159): net 'pipe_1_pixel2_r_b_wire[28]' does not have a driver [VDB-1002]
WARNING  : C:\Users\Jing-XuanTan(i)\Downloads\evsoc-efinity-v2026.1.132\evsoc-efinity-v2026.1.132\cam_single\Ti60F225_dsi\source/isp/ccm.sv(160): net 'pipe_1_pixel2_g_r_wire[28]' does not have a driver [VDB-1002]
WARNING  : C:\Users\Jing-XuanTan(i)\Downloads\evsoc-efinity-v2026.1.132\evsoc-efinity-v2026.1.132\cam_single\Ti60F225_dsi\source/isp/ccm.sv(161): net 'pipe_1_pixel2_g_g_wire[28]' does not have a driver [VDB-1002]
WARNING  : C:\Users\Jing-XuanTan(i)\Downloads\evsoc-efinity-v2026.1.132\evsoc-efinity-v2026.1.132\cam_single\Ti60F225_dsi\source/isp/ccm.sv(162): net 'pipe_1_pixel2_g_b_wire[28]' does not have a driver [VDB-1002]
WARNING  : C:\Users\Jing-XuanTan(i)\Downloads\evsoc-efinity-v2026.1.132\evsoc-efinity-v2026.1.132\cam_single\Ti60F225_dsi\source/isp/ccm.sv(163): net 'pipe_1_pixel2_b_r_wire[28]' does not have a driver [VDB-1002]
WARNING  : C:\Users\Jing-XuanTan(i)\Downloads\evsoc-efinity-v2026.1.132\evsoc-efinity-v2026.1.132\cam_single\Ti60F225_dsi\source/isp/ccm.sv(164): net 'pipe_1_pixel2_b_g_wire[28]' does not have a driver [VDB-1002]
WARNING  : C:\Users\Jing-XuanTan(i)\Downloads\evsoc-efinity-v2026.1.132\evsoc-efinity-v2026.1.132\cam_single\Ti60F225_dsi\source/isp/ccm.sv(165): net 'pipe_1_pixel2_b_b_wire[28]' does not have a driver [VDB-1002]
WARNING  : C:\Users\Jing-XuanTan(i)\Downloads\evsoc-efinity-v2026.1.132\evsoc-efinity-v2026.1.132\cam_single\Ti60F225_dsi\source/isp/ccm.sv(166): net 'pipe_1_pixel3_r_r_wire[28]' does not have a driver [VDB-1002]
WARNING  : C:\Users\Jing-XuanTan(i)\Downloads\evsoc-efinity-v2026.1.132\evsoc-efinity-v2026.1.132\cam_single\Ti60F225_dsi\source/isp/ccm.sv(167): net 'pipe_1_pixel3_r_g_wire[28]' does not have a driver [VDB-1002]
WARNING  : C:\Users\Jing-XuanTan(i)\Downloads\evsoc-efinity-v2026.1.132\evsoc-efinity-v2026.1.132\cam_single\Ti60F225_dsi\source/isp/ccm.sv(168): net 'pipe_1_pixel3_r_b_wire[28]' does not have a driver [VDB-1002]
WARNING  : C:\Users\Jing-XuanTan(i)\Downloads\evsoc-efinity-v2026.1.132\evsoc-efinity-v2026.1.132\cam_single\Ti60F225_dsi\source/isp/ccm.sv(169): net 'pipe_1_pixel3_g_r_wire[28]' does not have a driver [VDB-1002]
WARNING  : C:\Users\Jing-XuanTan(i)\Downloads\evsoc-efinity-v2026.1.132\evsoc-efinity-v2026.1.132\cam_single\Ti60F225_dsi\source/isp/ccm.sv(170): net 'pipe_1_pixel3_g_g_wire[28]' does not have a driver [VDB-1002]
WARNING  : C:\Users\Jing-XuanTan(i)\Downloads\evsoc-efinity-v2026.1.132\evsoc-efinity-v2026.1.132\cam_single\Ti60F225_dsi\source/isp/ccm.sv(171): net 'pipe_1_pixel3_g_b_wire[28]' does not have a driver [VDB-1002]
WARNING  : C:\Users\Jing-XuanTan(i)\Downloads\evsoc-efinity-v2026.1.132\evsoc-efinity-v2026.1.132\cam_single\Ti60F225_dsi\source/isp/ccm.sv(172): net 'pipe_1_pixel3_b_r_wire[28]' does not have a driver [VDB-1002]
WARNING  : C:\Users\Jing-XuanTan(i)\Downloads\evsoc-efinity-v2026.1.132\evsoc-efinity-v2026.1.132\cam_single\Ti60F225_dsi\source/isp/ccm.sv(173): net 'pipe_1_pixel3_b_g_wire[28]' does not have a driver [VDB-1002]
WARNING  : C:\Users\Jing-XuanTan(i)\Downloads\evsoc-efinity-v2026.1.132\evsoc-efinity-v2026.1.132\cam_single\Ti60F225_dsi\source/isp/ccm.sv(174): net 'pipe_1_pixel3_b_b_wire[28]' does not have a driver [VDB-1002]
WARNING  : C:\Users\Jing-XuanTan(i)\Downloads\evsoc-efinity-v2026.1.132\evsoc-efinity-v2026.1.132\cam_single\Ti60F225_dsi\source/isp/ccm.sv(199): net 'pipe_2_pixel2_r_wire[31]' does not have a driver [VDB-1002]
WARNING  : C:\Users\Jing-XuanTan(i)\Downloads\evsoc-efinity-v2026.1.132\evsoc-efinity-v2026.1.132\cam_single\Ti60F225_dsi\source/isp/ccm.sv(200): net 'pipe_2_pixel2_g_wire[31]' does not have a driver [VDB-1002]
WARNING  : C:\Users\Jing-XuanTan(i)\Downloads\evsoc-efinity-v2026.1.132\evsoc-efinity-v2026.1.132\cam_single\Ti60F225_dsi\source/isp/ccm.sv(201): net 'pipe_2_pixel2_b_wire[31]' does not have a driver [VDB-1002]
WARNING  : C:\Users\Jing-XuanTan(i)\Downloads\evsoc-efinity-v2026.1.132\evsoc-efinity-v2026.1.132\cam_single\Ti60F225_dsi\source/isp/ccm.sv(202): net 'pipe_2_pixel3_r_wire[31]' does not have a driver [VDB-1002]
WARNING  : C:\Users\Jing-XuanTan(i)\Downloads\evsoc-efinity-v2026.1.132\evsoc-efinity-v2026.1.132\cam_single\Ti60F225_dsi\source/isp/ccm.sv(203): net 'pipe_2_pixel3_g_wire[31]' does not have a driver [VDB-1002]
WARNING  : C:\Users\Jing-XuanTan(i)\Downloads\evsoc-efinity-v2026.1.132\evsoc-efinity-v2026.1.132\cam_single\Ti60F225_dsi\source/isp/ccm.sv(204): net 'pipe_2_pixel3_b_wire[31]' does not have a driver [VDB-1002]
WARNING  : C:\Users\Jing-XuanTan(i)\Downloads\evsoc-efinity-v2026.1.132\evsoc-efinity-v2026.1.132\cam_single\Ti60F225_dsi\source/isp/isp.sv(396): actual bit length 1 differs from formal bit length 72 for port 's_axis_tdata' [VERI-1330]
WARNING  : C:\Users\Jing-XuanTan(i)\Downloads\evsoc-efinity-v2026.1.132\evsoc-efinity-v2026.1.132\cam_single\Ti60F225_dsi\source/isp/isp.sv(400): actual bit length 2 differs from formal bit length 1 for port 's_axis_tuser' [VERI-1330]
WARNING  : C:\Users\Jing-XuanTan(i)\Downloads\evsoc-efinity-v2026.1.132\evsoc-efinity-v2026.1.132\cam_single\Ti60F225_dsi\source/isp/isp.sv(406): actual bit length 2 differs from formal bit length 1 for port 'm_axis_tuser' [VERI-1330]
INFO     : C:\Users\Jing-XuanTan(i)\Downloads\evsoc-efinity-v2026.1.132\evsoc-efinity-v2026.1.132\cam_single\Ti60F225_dsi\source/isp/skidbuffer.sv(6): compiling module 'skidbuffer(DATA_WIDTH=72)' [VERI-1018]
WARNING  : C:\Users\Jing-XuanTan(i)\Downloads\evsoc-efinity-v2026.1.132\evsoc-efinity-v2026.1.132\cam_single\Ti60F225_dsi\source/isp/isp.sv(449): actual bit length 2 differs from formal bit length 1 for port 's_axis_tuser' [VERI-1330]
WARNING  : C:\Users\Jing-XuanTan(i)\Downloads\evsoc-efinity-v2026.1.132\evsoc-efinity-v2026.1.132\cam_single\Ti60F225_dsi\source/isp/isp.sv(455): actual bit length 2 differs from formal bit length 1 for port 'm_axis_tuser' [VERI-1330]
WARNING  : C:\Users\Jing-XuanTan(i)\Downloads\evsoc-efinity-v2026.1.132\evsoc-efinity-v2026.1.132\cam_single\Ti60F225_dsi\source/isp/gamma.sv(14): illegal integral type argument in math function 'floor()'; expected real type [VERI-2792]
WARNING  : C:\Users\Jing-XuanTan(i)\Downloads\evsoc-efinity-v2026.1.132\evsoc-efinity-v2026.1.132\cam_single\Ti60F225_dsi\source/isp/gamma.sv(15): illegal integral type argument in math function 'floor()'; expected real type [VERI-2792]
WARNING  : C:\Users\Jing-XuanTan(i)\Downloads\evsoc-efinity-v2026.1.132\evsoc-efinity-v2026.1.132\cam_single\Ti60F225_dsi\source/isp/gamma.sv(36): illegal integral type argument in math function 'floor()'; expected real type [VERI-2792]
WARNING  : C:\Users\Jing-XuanTan(i)\Downloads\evsoc-efinity-v2026.1.132\evsoc-efinity-v2026.1.132\cam_single\Ti60F225_dsi\source/isp/gamma.sv(37): illegal integral type argument in math function 'floor()'; expected real type [VERI-2792]
INFO     : C:\Users\Jing-XuanTan(i)\Downloads\evsoc-efinity-v2026.1.132\evsoc-efinity-v2026.1.132\cam_single\Ti60F225_dsi\source/isp/gamma.sv(6): compiling module 'gamma(LUT_FILE="lut.mem")' [VERI-1018]
WARNING  : C:\Users\Jing-XuanTan(i)\Downloads\evsoc-efinity-v2026.1.132\evsoc-efinity-v2026.1.132\cam_single\Ti60F225_dsi\source/isp/gamma.sv(14): illegal integral type argument in math function 'floor()'; expected real type [VERI-2792]
WARNING  : C:\Users\Jing-XuanTan(i)\Downloads\evsoc-efinity-v2026.1.132\evsoc-efinity-v2026.1.132\cam_single\Ti60F225_dsi\source/isp/gamma.sv(15): illegal integral type argument in math function 'floor()'; expected real type [VERI-2792]
WARNING  : C:\Users\Jing-XuanTan(i)\Downloads\evsoc-efinity-v2026.1.132\evsoc-efinity-v2026.1.132\cam_single\Ti60F225_dsi\source/isp/gamma.sv(36): illegal integral type argument in math function 'floor()'; expected real type [VERI-2792]
WARNING  : C:\Users\Jing-XuanTan(i)\Downloads\evsoc-efinity-v2026.1.132\evsoc-efinity-v2026.1.132\cam_single\Ti60F225_dsi\source/isp/gamma.sv(37): illegal integral type argument in math function 'floor()'; expected real type [VERI-2792]
WARNING  : C:\Users\Jing-XuanTan(i)\Downloads\evsoc-efinity-v2026.1.132\evsoc-efinity-v2026.1.132\cam_single\Ti60F225_dsi\source/isp/lut.sv(13): illegal integral type argument in math function 'floor()'; expected real type [VERI-2792]
WARNING  : C:\Users\Jing-XuanTan(i)\Downloads\evsoc-efinity-v2026.1.132\evsoc-efinity-v2026.1.132\cam_single\Ti60F225_dsi\source/isp/lut.sv(14): illegal integral type argument in math function 'floor()'; expected real type [VERI-2792]
INFO     : C:\Users\Jing-XuanTan(i)\Downloads\evsoc-efinity-v2026.1.132\evsoc-efinity-v2026.1.132\cam_single\Ti60F225_dsi\source/isp/lut.sv(6): compiling module 'lut(PIXEL_PER_CYCLE=2,LUT_FILE="lut.mem")' [VERI-1018]
WARNING  : C:\Users\Jing-XuanTan(i)\Downloads\evsoc-efinity-v2026.1.132\evsoc-efinity-v2026.1.132\cam_single\Ti60F225_dsi\source/isp/lut.sv(13): illegal integral type argument in math function 'floor()'; expected real type [VERI-2792]
WARNING  : C:\Users\Jing-XuanTan(i)\Downloads\evsoc-efinity-v2026.1.132\evsoc-efinity-v2026.1.132\cam_single\Ti60F225_dsi\source/isp/lut.sv(14): illegal integral type argument in math function 'floor()'; expected real type [VERI-2792]
INFO     : C:\Users\Jing-XuanTan(i)\Downloads\evsoc-efinity-v2026.1.132\evsoc-efinity-v2026.1.132\cam_single\Ti60F225_dsi\source/isp/simple_dual_ported_rom.sv(6): compiling module 'simple_dual_ported_rom(DATA_WIDTH=8,ADDR_WIDTH=12,MEM_FILE="lut.mem")' [VERI-1018]
INFO     : C:\Users\Jing-XuanTan(i)\Downloads\evsoc-efinity-v2026.1.132\evsoc-efinity-v2026.1.132\cam_single\Ti60F225_dsi\source/isp/simple_dual_ported_rom.sv(24): extracting RAM for identifier 'rom' [VERI-2571]
INFO     : C:\Users\Jing-XuanTan(i)\Downloads\evsoc-efinity-v2026.1.132\evsoc-efinity-v2026.1.132\cam_single\Ti60F225_dsi\source/isp/simple_dual_ported_rom.sv(29): readmemh: reading from file ':\Users\Jing-XuanTan(i)\Downloads\evsoc-efinity-v2026.1.132\evsoc-efinity-v2026.1.132\cam_single\Ti60F225_dsi\source/isp/lut.mem' [VERI-2855]
WARNING  : C:\Users\Jing-XuanTan(i)\Downloads\evsoc-efinity-v2026.1.132\evsoc-efinity-v2026.1.132\cam_single\Ti60F225_dsi\source/isp/simple_dual_ported_rom.sv(24): net 'rom' does not have a driver [VDB-1002]
WARNING  : C:\Users\Jing-XuanTan(i)\Downloads\evsoc-efinity-v2026.1.132\evsoc-efinity-v2026.1.132\cam_single\Ti60F225_dsi\source/isp/lut.sv(44): net 'pipe_0_pixel2_wire[11]' does not have a driver [VDB-1002]
WARNING  : C:\Users\Jing-XuanTan(i)\Downloads\evsoc-efinity-v2026.1.132\evsoc-efinity-v2026.1.132\cam_single\Ti60F225_dsi\source/isp/lut.sv(45): net 'pipe_0_pixel3_wire[11]' does not have a driver [VDB-1002]
WARNING  : C:\Users\Jing-XuanTan(i)\Downloads\evsoc-efinity-v2026.1.132\evsoc-efinity-v2026.1.132\cam_single\Ti60F225_dsi\source/isp/gamma.sv(117): input port 's_axis_tlast' remains unconnected for this instance [VDB-1053]
WARNING  : C:\Users\Jing-XuanTan(i)\Downloads\evsoc-efinity-v2026.1.132\evsoc-efinity-v2026.1.132\cam_single\Ti60F225_dsi\source/isp/gamma.sv(140): input port 's_axis_tlast' remains unconnected for this instance [VDB-1053]
WARNING  : C:\Users\Jing-XuanTan(i)\Downloads\evsoc-efinity-v2026.1.132\evsoc-efinity-v2026.1.132\cam_single\Ti60F225_dsi\source/isp/isp.sv(483): actual bit length 2 differs from formal bit length 1 for port 's_axis_tuser' [VERI-1330]
WARNING  : C:\Users\Jing-XuanTan(i)\Downloads\evsoc-efinity-v2026.1.132\evsoc-efinity-v2026.1.132\cam_single\Ti60F225_dsi\source/isp/isp.sv(489): actual bit length 2 differs from formal bit length 1 for port 'm_axis_tuser' [VERI-1330]
INFO     : C:\Users\Jing-XuanTan(i)\Downloads\evsoc-efinity-v2026.1.132\evsoc-efinity-v2026.1.132\cam_single\Ti60F225_dsi\source/isp/skidbuffer.sv(6): compiling module 'skidbuffer(DATA_WIDTH=48)' [VERI-1018]
WARNING  : C:\Users\Jing-XuanTan(i)\Downloads\evsoc-efinity-v2026.1.132\evsoc-efinity-v2026.1.132\cam_single\Ti60F225_dsi\source/isp/isp.sv(526): actual bit length 2 differs from formal bit length 1 for port 's_axis_tuser' [VERI-1330]
WARNING  : C:\Users\Jing-XuanTan(i)\Downloads\evsoc-efinity-v2026.1.132\evsoc-efinity-v2026.1.132\cam_single\Ti60F225_dsi\source/isp/isp.sv(532): actual bit length 2 differs from formal bit length 1 for port 'm_axis_tuser' [VERI-1330]
WARNING  : C:\Users\Jing-XuanTan(i)\Downloads\evsoc-efinity-v2026.1.132\evsoc-efinity-v2026.1.132\cam_single\Ti60F225_dsi\source/isp/isp.sv(396): net 'ccm_axis_tdata' does not have a driver [VDB-1002]
WARNING  : C:\Users\Jing-XuanTan(i)\Downloads\evsoc-efinity-v2026.1.132\evsoc-efinity-v2026.1.132\cam_single\Ti60F225_dsi\source/isp/isp.sv(397): net 'ccm_axis_tvalid' does not have a driver [VDB-1002]
WARNING  : C:\Users\Jing-XuanTan(i)\Downloads\evsoc-efinity-v2026.1.132\evsoc-efinity-v2026.1.132\cam_single\Ti60F225_dsi\source/isp/isp.sv(399): net 'ccm_axis_tlast' does not have a driver [VDB-1002]
WARNING  : C:\Users\Jing-XuanTan(i)\Downloads\evsoc-efinity-v2026.1.132\evsoc-efinity-v2026.1.132\cam_single\Ti60F225_dsi\source/isp/isp.sv(421): net 'ccm_axis_tready' does not have a driver [VDB-1002]
WARNING  : C:\Users\Jing-XuanTan(i)\Downloads\evsoc-efinity-v2026.1.132\evsoc-efinity-v2026.1.132\cam_single\Ti60F225_dsi\source\isp\cam_picam_v2.v(396): actual bit length 1 differs from formal bit length 2 for port 'm_axis_tuser' [VERI-1330]
WARNING  : C:\Users\Jing-XuanTan(i)\Downloads\evsoc-efinity-v2026.1.132\evsoc-efinity-v2026.1.132\cam_single\Ti60F225_dsi\source\isp\cam_picam_v2.v(523): expression size 7 truncated to fit in target size 6 [VERI-1209]
INFO     : C:\Users\Jing-XuanTan(i)\Downloads\evsoc-efinity-v2026.1.132\evsoc-efinity-v2026.1.132\cam_single\Ti60F225_dsi\source/cam/cam_crop.v(6): compiling module 'cam_crop(P_DEPTH=16,X_START=210,X_WIN=540,Y_WIN=1080)' [VERI-1018]
WARNING  : C:\Users\Jing-XuanTan(i)\Downloads\evsoc-efinity-v2026.1.132\evsoc-efinity-v2026.1.132\cam_single\Ti60F225_dsi\source/cam/cam_crop.v(82): expression size 32 truncated to fit in target size 11 [VERI-1209]
INFO     : C:\Users\Jing-XuanTan(i)\Downloads\evsoc-efinity-v2026.1.132\evsoc-efinity-v2026.1.132\cam_single\Ti60F225_dsi\source/cam/scale_down_2x_nn.v(6): compiling module 'scale_down_2x_nn' [VERI-1018]
INFO     : C:\Users\Jing-XuanTan(i)\Downloads\evsoc-efinity-v2026.1.132\evsoc-efinity-v2026.1.132\cam_single\Ti60F225_dsi\source/cam/cam_rgb2gray.v(6): compiling module 'cam_rgb2gray(DATA_WIDTH=8)' [VERI-1018]
INFO     : C:\Users\Jing-XuanTan(i)\Downloads\evsoc-efinity-v2026.1.132\evsoc-efinity-v2026.1.132\cam_single\Ti60F225_dsi\source/cam/cam_rgb2gray.v(35): compiling module 'rgb2gray_1PPC(DATA_WIDTH=8)' [VERI-1018]
WARNING  : C:\Users\Jing-XuanTan(i)\Downloads\evsoc-efinity-v2026.1.132\evsoc-efinity-v2026.1.132\cam_single\Ti60F225_dsi\ip\cam_dma_fifo\cam_dma_fifo.sv(110): port 'a_wr_rst_i' remains unconnected for this instance [VERI-1927]
INFO     : C:\Users\Jing-XuanTan(i)\Downloads\evsoc-efinity-v2026.1.132\evsoc-efinity-v2026.1.132\cam_single\Ti60F225_dsi\ip\cam_dma_fifo\cam_dma_fifo.sv(49): compiling module 'cam_dma_fifo' [VERI-1018]
INFO     : C:\Users\Jing-XuanTan(i)\Downloads\evsoc-efinity-v2026.1.132\evsoc-efinity-v2026.1.132\cam_single\Ti60F225_dsi\ip\cam_dma_fifo\cam_dma_fifo.sv(310): compiling module 'efx_fifo_top_b0792a13d328448586f08ea7d102f373(FAMILY="",SYNC_CLK=1,MODE="FWFT",DEPTH=1024,DATA_WIDTH=48,PIPELINE_REG=0,PROGRAMMABLE_FULL="NONE",PROG_FULL_ASSERT=512,PROG_FULL_NEGATE=512,PROGRAMMABLE_EMPTY="NONE",PROG_EMPTY_ASSERT=2,PROG_EMPTY_NEGATE=3)' [VERI-1018]
INFO     : C:\Users\Jing-XuanTan(i)\Downloads\evsoc-efinity-v2026.1.132\evsoc-efinity-v2026.1.132\cam_single\Ti60F225_dsi\ip\cam_dma_fifo\cam_dma_fifo.sv(1370): compiling module 'efx_resetsync_b0792a13d328448586f08ea7d102f373(ACTIVE_LOW=0)' [VERI-1018]
INFO     : C:\Users\Jing-XuanTan(i)\Downloads\evsoc-efinity-v2026.1.132\evsoc-efinity-v2026.1.132\cam_single\Ti60F225_dsi\ip\cam_dma_fifo\cam_dma_fifo.sv(1415): compiling module 'efx_asyncreg_b0792a13d328448586f08ea7d102f373(WIDTH=1,ACTIVE_LOW=0,RST_VALUE=1)' [VERI-1018]
INFO     : C:\Users\Jing-XuanTan(i)\Downloads\evsoc-efinity-v2026.1.132\evsoc-efinity-v2026.1.132\cam_single\Ti60F225_dsi\ip\cam_dma_fifo\cam_dma_fifo.sv(630): compiling module 'efx_fifo_ram_b0792a13d328448586f08ea7d102f373(FAMILY="",WR_DEPTH=1024,RD_DEPTH=1024,WDATA_WIDTH=48,RDATA_WIDTH=48,WADDR_WIDTH=10,RADDR_WIDTH=10,OUTPUT_REG=0,RAM_MUX_RATIO=1)' [VERI-1018]
INFO     : C:\Users\Jing-XuanTan(i)\Downloads\evsoc-efinity-v2026.1.132\evsoc-efinity-v2026.1.132\cam_single\Ti60F225_dsi\ip\cam_dma_fifo\cam_dma_fifo.sv(667): extracting RAM for identifier 'ram' [VERI-2571]
INFO     : C:\Users\Jing-XuanTan(i)\Downloads\evsoc-efinity-v2026.1.132\evsoc-efinity-v2026.1.132\cam_single\Ti60F225_dsi\ip\cam_dma_fifo\cam_dma_fifo.sv(942): compiling module 'efx_fifo_ctl_b0792a13d328448586f08ea7d102f373(MODE="FWFT",WR_DEPTH=1024,WADDR_WIDTH=10,RADDR_WIDTH=10,PIPELINE_REG=0,PROG_FULL_ASSERT=512,PROG_FULL_NEGATE=512,PROG_EMPTY_ASSERT=2,PROG_EMPTY_NEGATE=3,OVERFLOW_PROTECT=1,UNDERFLOW_PROTECT=1)' [VERI-1018]
WARNING  : C:\Users\Jing-XuanTan(i)\Downloads\evsoc-efinity-v2026.1.132\evsoc-efinity-v2026.1.132\cam_single\Ti60F225_dsi\ip\cam_dma_fifo\cam_dma_fifo.sv(92): input port 'a_wr_rst_i' is not connected on this instance [VDB-1013]
INFO     : C:\Users\Jing-XuanTan(i)\Downloads\evsoc-efinity-v2026.1.132\evsoc-efinity-v2026.1.132\cam_single\Ti60F225_dsi\source/display/dsi/panel_config.v(6): compiling module 'panel_config(INITIAL_CODE="source/display/dsi/dsi_panel_1080p_reg.mem")' [VERI-1018]
INFO     : C:\Users\Jing-XuanTan(i)\Downloads\evsoc-efinity-v2026.1.132\evsoc-efinity-v2026.1.132\cam_single\Ti60F225_dsi\source/common/common_true_dual_port_ram.v(6): compiling module 'common_true_dual_port_ram(DATA_WIDTH=40,WRITE_MODE_1="WRITE_FIRST",WRITE_MODE_2="WRITE_FIRST",OUTPUT_REG_1="TRUE",OUTPUT_REG_2="TRUE",RAM_INIT_FILE="source/display/dsi/dsi_panel_1080p_reg.mem")' [VERI-1018]
INFO     : C:\Users\Jing-XuanTan(i)\Downloads\evsoc-efinity-v2026.1.132\evsoc-efinity-v2026.1.132\cam_single\Ti60F225_dsi\source/common/common_true_dual_port_ram.v(27): extracting RAM for identifier 'ram' [VERI-2571]
INFO     : C:\Users\Jing-XuanTan(i)\Downloads\evsoc-efinity-v2026.1.132\evsoc-efinity-v2026.1.132\cam_single\Ti60F225_dsi\source/common/common_true_dual_port_ram.v(44): readmemh: reading from file 'source/display/dsi/dsi_panel_1080p_reg.mem' [VERI-2855]
WARNING  : C:\Users\Jing-XuanTan(i)\Downloads\evsoc-efinity-v2026.1.132\evsoc-efinity-v2026.1.132\cam_single\Ti60F225_dsi\edge_vision_soc.v(943): actual bit length 32 differs from formal bit length 1 for port 'i_dbg_we' [VERI-1330]
WARNING  : C:\Users\Jing-XuanTan(i)\Downloads\evsoc-efinity-v2026.1.132\evsoc-efinity-v2026.1.132\cam_single\Ti60F225_dsi\edge_vision_soc.v(944): actual bit length 32 differs from formal bit length 40 for port 'i_dbg_din' [VERI-1330]
WARNING  : C:\Users\Jing-XuanTan(i)\Downloads\evsoc-efinity-v2026.1.132\evsoc-efinity-v2026.1.132\cam_single\Ti60F225_dsi\edge_vision_soc.v(945): actual bit length 32 differs from formal bit length 9 for port 'i_dbg_addr' [VERI-1330]
WARNING  : C:\Users\Jing-XuanTan(i)\Downloads\evsoc-efinity-v2026.1.132\evsoc-efinity-v2026.1.132\cam_single\Ti60F225_dsi\edge_vision_soc.v(947): actual bit length 32 differs from formal bit length 1 for port 'i_dbg_reconfig' [VERI-1330]
WARNING  : C:\Users\Jing-XuanTan(i)\Downloads\evsoc-efinity-v2026.1.132\evsoc-efinity-v2026.1.132\cam_single\Ti60F225_dsi\source/display/dsi/display_dsi.v(265): port 'rst_busy' remains unconnected for this instance [VERI-1927]
INFO     : C:\Users\Jing-XuanTan(i)\Downloads\evsoc-efinity-v2026.1.132\evsoc-efinity-v2026.1.132\cam_single\Ti60F225_dsi\source/display/dsi/display_dsi.v(6): compiling module 'display_dsi(FRAME_WIDTH=540,FRAME_HEIGHT=540)' [VERI-1018]
INFO     : C:\Users\Jing-XuanTan(i)\Downloads\evsoc-efinity-v2026.1.132\evsoc-efinity-v2026.1.132\cam_single\Ti60F225_dsi\source/display/dsi/vga_gen.v(6): compiling module 'vga_gen(H_SyncPulse=32'b0110010,H_BackPorch=32'b0110010,H_ActivePix=32'b01000011100,H_FrontPorch=32'b01100100,V_SyncPulse=10'b011,V_BackPorch=10'b0101,V_ActivePix=12'b011110000000,V_FrontPorch=10'b0110)' [VERI-1018]
WARNING  : C:\Users\Jing-XuanTan(i)\Downloads\evsoc-efinity-v2026.1.132\evsoc-efinity-v2026.1.132\cam_single\Ti60F225_dsi\source/display/dsi/display_dsi.v(127): actual bit length 11 differs from formal bit length 14 for port 'out_x' [VERI-1330]
WARNING  : C:\Users\Jing-XuanTan(i)\Downloads\evsoc-efinity-v2026.1.132\evsoc-efinity-v2026.1.132\cam_single\Ti60F225_dsi\source/display/dsi/display_dsi.v(128): actual bit length 11 differs from formal bit length 12 for port 'out_y' [VERI-1330]
INFO     : C:\Users\Jing-XuanTan(i)\Downloads\evsoc-efinity-v2026.1.132\evsoc-efinity-v2026.1.132\cam_single\Ti60F225_dsi\source/cam/scale_up_2x_nn.v(6): compiling module 'scale_up_2x_nn' [VERI-1018]
INFO     : C:\Users\Jing-XuanTan(i)\Downloads\evsoc-efinity-v2026.1.132\evsoc-efinity-v2026.1.132\cam_single\Ti60F225_dsi\source/common/common_simple_dual_port_ram.v(6): compiling module 'common_simple_dual_port_ram(DATA_WIDTH=48,OUTPUT_REG="FALSE")' [VERI-1018]
INFO     : C:\Users\Jing-XuanTan(i)\Downloads\evsoc-efinity-v2026.1.132\evsoc-efinity-v2026.1.132\cam_single\Ti60F225_dsi\source/common/common_simple_dual_port_ram.v(24): extracting RAM for identifier 'ram' [VERI-2571]
WARNING  : C:\Users\Jing-XuanTan(i)\Downloads\evsoc-efinity-v2026.1.132\evsoc-efinity-v2026.1.132\cam_single\Ti60F225_dsi\source/cam/scale_up_2x_nn.v(127): expression size 16 truncated to fit in target size 8 [VERI-1209]
WARNING  : C:\Users\Jing-XuanTan(i)\Downloads\evsoc-efinity-v2026.1.132\evsoc-efinity-v2026.1.132\cam_single\Ti60F225_dsi\source/cam/scale_up_2x_nn.v(128): expression size 16 truncated to fit in target size 8 [VERI-1209]
WARNING  : C:\Users\Jing-XuanTan(i)\Downloads\evsoc-efinity-v2026.1.132\evsoc-efinity-v2026.1.132\cam_single\Ti60F225_dsi\source/cam/scale_up_2x_nn.v(129): expression size 16 truncated to fit in target size 8 [VERI-1209]
WARNING  : C:\Users\Jing-XuanTan(i)\Downloads\evsoc-efinity-v2026.1.132\evsoc-efinity-v2026.1.132\cam_single\Ti60F225_dsi\ip\display_dma_fifo\display_dma_fifo.sv(110): port 'a_wr_rst_i' remains unconnected for this instance [VERI-1927]
INFO     : C:\Users\Jing-XuanTan(i)\Downloads\evsoc-efinity-v2026.1.132\evsoc-efinity-v2026.1.132\cam_single\Ti60F225_dsi\ip\display_dma_fifo\display_dma_fifo.sv(49): compiling module 'display_dma_fifo' [VERI-1018]
INFO     : C:\Users\Jing-XuanTan(i)\Downloads\evsoc-efinity-v2026.1.132\evsoc-efinity-v2026.1.132\cam_single\Ti60F225_dsi\ip\display_dma_fifo\display_dma_fifo.sv(310): compiling module 'efx_fifo_top_0ebd061cc55a4cdb9867e4fd870758a2(FAMILY="",SYNC_CLK=1,DEPTH=1024,DATA_WIDTH=48,PIPELINE_REG=0,OUTPUT_REG=1,PROGRAMMABLE_FULL="NONE",PROG_FULL_ASSERT=512,PROG_FULL_NEGATE=512,PROGRAMMABLE_EMPTY="NONE",PROG_EMPTY_ASSERT=2,PROG_EMPTY_NEGATE=3)' [VERI-1018]
INFO     : C:\Users\Jing-XuanTan(i)\Downloads\evsoc-efinity-v2026.1.132\evsoc-efinity-v2026.1.132\cam_single\Ti60F225_dsi\ip\display_dma_fifo\display_dma_fifo.sv(1370): compiling module 'efx_resetsync_0ebd061cc55a4cdb9867e4fd870758a2(ACTIVE_LOW=0)' [VERI-1018]
INFO     : C:\Users\Jing-XuanTan(i)\Downloads\evsoc-efinity-v2026.1.132\evsoc-efinity-v2026.1.132\cam_single\Ti60F225_dsi\ip\display_dma_fifo\display_dma_fifo.sv(1415): compiling module 'efx_asyncreg_0ebd061cc55a4cdb9867e4fd870758a2(WIDTH=1,ACTIVE_LOW=0,RST_VALUE=1)' [VERI-1018]
INFO     : C:\Users\Jing-XuanTan(i)\Downloads\evsoc-efinity-v2026.1.132\evsoc-efinity-v2026.1.132\cam_single\Ti60F225_dsi\ip\display_dma_fifo\display_dma_fifo.sv(630): compiling module 'efx_fifo_ram_0ebd061cc55a4cdb9867e4fd870758a2(FAMILY="",WR_DEPTH=1024,RD_DEPTH=1024,WDATA_WIDTH=48,RDATA_WIDTH=48,WADDR_WIDTH=10,RADDR_WIDTH=10,RAM_MUX_RATIO=1)' [VERI-1018]
INFO     : C:\Users\Jing-XuanTan(i)\Downloads\evsoc-efinity-v2026.1.132\evsoc-efinity-v2026.1.132\cam_single\Ti60F225_dsi\ip\display_dma_fifo\display_dma_fifo.sv(667): extracting RAM for identifier 'ram' [VERI-2571]
INFO     : C:\Users\Jing-XuanTan(i)\Downloads\evsoc-efinity-v2026.1.132\evsoc-efinity-v2026.1.132\cam_single\Ti60F225_dsi\ip\display_dma_fifo\display_dma_fifo.sv(942): compiling module 'efx_fifo_ctl_0ebd061cc55a4cdb9867e4fd870758a2(WR_DEPTH=1024,WADDR_WIDTH=10,RADDR_WIDTH=10,PIPELINE_REG=0,PROG_FULL_ASSERT=512,PROG_FULL_NEGATE=512,PROG_EMPTY_ASSERT=2,PROG_EMPTY_NEGATE=3,OUTPUT_REG=1,OVERFLOW_PROTECT=1,UNDERFLOW_PROTECT=1)' [VERI-1018]
WARNING  : C:\Users\Jing-XuanTan(i)\Downloads\evsoc-efinity-v2026.1.132\evsoc-efinity-v2026.1.132\cam_single\Ti60F225_dsi\ip\display_dma_fifo\display_dma_fifo.sv(92): input port 'a_wr_rst_i' is not connected on this instance [VDB-1013]
WARNING  : C:\Users\Jing-XuanTan(i)\Downloads\evsoc-efinity-v2026.1.132\evsoc-efinity-v2026.1.132\cam_single\Ti60F225_dsi\source/display/dsi/display_dsi.v(264): actual bit length 10 differs from formal bit length 11 for port 'datacount_o' [VERI-1330]
INFO     : C:\Users\Jing-XuanTan(i)\Downloads\evsoc-efinity-v2026.1.132\evsoc-efinity-v2026.1.132\cam_single\Ti60F225_dsi\ip\dsi_tx_display\dsi_tx_display.sv(49): compiling module 'dsi_tx_display' [VERI-1018]
INFO     : C:\Users\Jing-XuanTan(i)\Downloads\evsoc-efinity-v2026.1.132\evsoc-efinity-v2026.1.132\cam_single\Ti60F225_dsi\ip\dsi_tx_display\dsi_tx_display.sv(6321): compiling module 'efx_dsi_tx_98c52b03a74a4ce095debab75db1d287(tLPX_NS=60,tCLK_ZERO_NS=280,tCLK_TRAIL_NS=100,tCLK_POST_NS=100,tCLK_PREPARE_NS=50,tHS_PREPARE_NS=50,tHS_EXIT_NS=120,tHS_ZERO_NS=200,tHS_TRAIL_NS=65,PACK_TYPE=1,ENABLE_V_LPM_BTA=1'b0,HS_CMD_WDATAFIFO_DEPTH=512,LP_CMD_WDATAFIFO_DEPTH=512,LP_CMD_RDATAFIFO_DEPTH=2048,ENABLE_BIDIR=1'b1,ENABLE_EOTP=1'b0)' [VERI-1018]
INFO     : C:\Users\Jing-XuanTan(i)\Downloads\evsoc-efinity-v2026.1.132\evsoc-efinity-v2026.1.132\cam_single\Ti60F225_dsi\ip\dsi_tx_display\dsi_tx_display.sv(11178): compiling module 'efx_dphy_bidir_tx_98c52b03a74a4ce095debab75db1d287(tLPX_NS=60,tCLK_ZERO_NS=280,tCLK_TRAIL_NS=100,tCLK_POST_NS=100,tCLK_PREPARE_NS=50,tHS_PREPARE_NS=50,tHS_EXIT_NS=120,tHS_ZERO_NS=200,tHS_TRAIL_NS=65,HS_BYTECLK_MHZ=125,ENABLE_BIDIR=1'b1)' [VERI-1018]
INFO     : C:\Users\Jing-XuanTan(i)\Downloads\evsoc-efinity-v2026.1.132\evsoc-efinity-v2026.1.132\cam_single\Ti60F225_dsi\ip\dsi_tx_display\dsi_tx_display.sv(12229): compiling module 'efx_asyncreg_98c52b03a74a4ce095debab75db1d287' [VERI-1018]
INFO     : C:\Users\Jing-XuanTan(i)\Downloads\evsoc-efinity-v2026.1.132\evsoc-efinity-v2026.1.132\cam_single\Ti60F225_dsi\ip\dsi_tx_display\dsi_tx_display.sv(12229): compiling module 'efx_asyncreg_98c52b03a74a4ce095debab75db1d287(WIDTH=1)' [VERI-1018]
INFO     : C:\Users\Jing-XuanTan(i)\Downloads\evsoc-efinity-v2026.1.132\evsoc-efinity-v2026.1.132\cam_single\Ti60F225_dsi\ip\dsi_tx_display\dsi_tx_display.sv(10121): compiling module '**' [VERI-1018]
INFO     : C:\Users\Jing-XuanTan(i)\Downloads\evsoc-efinity-v2026.1.132\evsoc-efinity-v2026.1.132\cam_single\Ti60F225_dsi\ip\dsi_tx_display\dsi_tx_display.sv(10625): compiling module '**' [VERI-1018]
INFO     : C:\Users\Jing-XuanTan(i)\Downloads\evsoc-efinity-v2026.1.132\evsoc-efinity-v2026.1.132\cam_single\Ti60F225_dsi\ip\dsi_tx_display\dsi_tx_display.sv(8782): compiling module '**' [VERI-1018]
INFO     : C:\Users\Jing-XuanTan(i)\Downloads\evsoc-efinity-v2026.1.132\evsoc-efinity-v2026.1.132\cam_single\Ti60F225_dsi\ip\dsi_tx_display\dsi_tx_display.sv(10781): compiling module '**' [VERI-1018]
INFO     : C:\Users\Jing-XuanTan(i)\Downloads\evsoc-efinity-v2026.1.132\evsoc-efinity-v2026.1.132\cam_single\Ti60F225_dsi\ip\dsi_tx_display\dsi_tx_display.sv(8198): compiling module '**' [VERI-1018]
INFO     : C:\Users\Jing-XuanTan(i)\Downloads\evsoc-efinity-v2026.1.132\evsoc-efinity-v2026.1.132\cam_single\Ti60F225_dsi\ip\dsi_tx_display\dsi_tx_display.sv(10481): compiling module '**' [VERI-1018]
INFO     : C:\Users\Jing-XuanTan(i)\Downloads\evsoc-efinity-v2026.1.132\evsoc-efinity-v2026.1.132\cam_single\Ti60F225_dsi\ip\dsi_tx_display\dsi_tx_display.sv(10781): compiling module '**' [VERI-1018]
INFO     : C:\Users\Jing-XuanTan(i)\Downloads\evsoc-efinity-v2026.1.132\evsoc-efinity-v2026.1.132\cam_single\Ti60F225_dsi\ip\dsi_tx_display\dsi_tx_display.sv(5695): compiling module 'efx_dsi_tx_top_98c52b03a74a4ce095debab75db1d287(tINIT_NS=100000,ENABLE_INIT_SKEWCAL=0,ENABLE_EOTP=1'b0,HS_BYTECLK_MHZ=125,PACK_TYPE=1,ENABLE_V_LPM_BTA=1'b0,HS_CMD_WDATAFIFO_DEPTH=512,LP_CMD_WDATAFIFO_DEPTH=512,LP_CMD_RDATAFIFO_DEPTH=2048,HS_DATA_WIDTH=8)' [VERI-1018]
WARNING  : C:\Users\Jing-XuanTan(i)\Downloads\evsoc-efinity-v2026.1.132\evsoc-efinity-v2026.1.132\cam_single\Ti60F225_dsi\ip\dsi_tx_display\dsi_tx_display.sv(5436): port '**' remains unconnected for this instance [VERI-1927]
INFO     : C:\Users\Jing-XuanTan(i)\Downloads\evsoc-efinity-v2026.1.132\evsoc-efinity-v2026.1.132\cam_single\Ti60F225_dsi\ip\dsi_tx_display\dsi_tx_display.sv(5436): compiling module '**' [VERI-1018]
INFO     : C:\Users\Jing-XuanTan(i)\Downloads\evsoc-efinity-v2026.1.132\evsoc-efinity-v2026.1.132\cam_single\Ti60F225_dsi\ip\dsi_tx_display\dsi_tx_display.sv(12229): compiling module 'efx_asyncreg_98c52b03a74a4ce095debab75db1d287(WIDTH=32)' [VERI-1018]
INFO     : C:\Users\Jing-XuanTan(i)\Downloads\evsoc-efinity-v2026.1.132\evsoc-efinity-v2026.1.132\cam_single\Ti60F225_dsi\ip\dsi_tx_display\dsi_tx_display.sv(12229): compiling module 'efx_asyncreg_98c52b03a74a4ce095debab75db1d287(WIDTH=8)' [VERI-1018]
INFO     : C:\Users\Jing-XuanTan(i)\Downloads\evsoc-efinity-v2026.1.132\evsoc-efinity-v2026.1.132\cam_single\Ti60F225_dsi\ip\dsi_tx_display\dsi_tx_display.sv(12229): compiling module 'efx_asyncreg_98c52b03a74a4ce095debab75db1d287(WIDTH=16)' [VERI-1018]
INFO     : C:\Users\Jing-XuanTan(i)\Downloads\evsoc-efinity-v2026.1.132\evsoc-efinity-v2026.1.132\cam_single\Ti60F225_dsi\ip\dsi_tx_display\dsi_tx_display.sv(2808): compiling module '**' [VERI-1018]
INFO     : C:\Users\Jing-XuanTan(i)\Downloads\evsoc-efinity-v2026.1.132\evsoc-efinity-v2026.1.132\cam_single\Ti60F225_dsi\ip\dsi_tx_display\dsi_tx_display.sv(4625): compiling module '**' [VERI-1018]
INFO     : C:\Users\Jing-XuanTan(i)\Downloads\evsoc-efinity-v2026.1.132\evsoc-efinity-v2026.1.132\cam_single\Ti60F225_dsi\ip\dsi_tx_display\dsi_tx_display.sv(2885): compiling module '**' [VERI-1018]
WARNING  : C:\Users\Jing-XuanTan(i)\Downloads\evsoc-efinity-v2026.1.132\evsoc-efinity-v2026.1.132\cam_single\Ti60F225_dsi\ip\dsi_tx_display\dsi_tx_display.sv(2885): assignment and/or driver for '**' inside static function '**' is not preserved [VERI-2457]
INFO     : C:\Users\Jing-XuanTan(i)\Downloads\evsoc-efinity-v2026.1.132\evsoc-efinity-v2026.1.132\cam_single\Ti60F225_dsi\ip\dsi_tx_display\dsi_tx_display.sv(12824): compiling module 'efx_fifo_top_98c52b03a74a4ce095debab75db1d287(MODE="FWFT",DEPTH=2048,DATA_WIDTH=8,OPTIONAL_FLAGS=0,PROGRAMMABLE_FULL="NONE",PROG_FULL_ASSERT=16,PROG_FULL_NEGATE=16,PROGRAMMABLE_EMPTY="NONE",PROG_EMPTY_ASSERT=0,PROG_EMPTY_NEGATE=0)' [VERI-1018]
INFO     : C:\Users\Jing-XuanTan(i)\Downloads\evsoc-efinity-v2026.1.132\evsoc-efinity-v2026.1.132\cam_single\Ti60F225_dsi\ip\dsi_tx_display\dsi_tx_display.sv(12184): compiling module 'efx_resetsync_98c52b03a74a4ce095debab75db1d287(ACTIVE_LOW=0)' [VERI-1018]
INFO     : C:\Users\Jing-XuanTan(i)\Downloads\evsoc-efinity-v2026.1.132\evsoc-efinity-v2026.1.132\cam_single\Ti60F225_dsi\ip\dsi_tx_display\dsi_tx_display.sv(12229): compiling module 'efx_asyncreg_98c52b03a74a4ce095debab75db1d287(WIDTH=1,ACTIVE_LOW=0,RST_VALUE=1)' [VERI-1018]
INFO     : C:\Users\Jing-XuanTan(i)\Downloads\evsoc-efinity-v2026.1.132\evsoc-efinity-v2026.1.132\cam_single\Ti60F225_dsi\ip\dsi_tx_display\dsi_tx_display.sv(12512): compiling module 'efx_fifo_ram_98c52b03a74a4ce095debab75db1d287(WR_DEPTH=2048,RD_DEPTH=2048,WADDR_WIDTH=11,RADDR_WIDTH=11,OUTPUT_REG=0,RAM_MUX_RATIO=1)' [VERI-1018]
INFO     : C:\Users\Jing-XuanTan(i)\Downloads\evsoc-efinity-v2026.1.132\evsoc-efinity-v2026.1.132\cam_single\Ti60F225_dsi\ip\dsi_tx_display\dsi_tx_display.sv(12549): extracting RAM for identifier 'ram' [VERI-2571]
INFO     : C:\Users\Jing-XuanTan(i)\Downloads\evsoc-efinity-v2026.1.132\evsoc-efinity-v2026.1.132\cam_single\Ti60F225_dsi\ip\dsi_tx_display\dsi_tx_display.sv(11676): compiling module 'efx_fifo_ctl_98c52b03a74a4ce095debab75db1d287(SYNC_CLK=0,MODE="FWFT",WR_DEPTH=2048,WADDR_WIDTH=11,RADDR_WIDTH=11,ALMOST_FLAG=0,PROG_FULL_ASSERT=16,PROG_FULL_NEGATE=16,HANDSHAKE_FLAG=0,OVERFLOW_PROTECT=1,UNDERFLOW_PROTECT=1)' [VERI-1018]
INFO     : C:\Users\Jing-XuanTan(i)\Downloads\evsoc-efinity-v2026.1.132\evsoc-efinity-v2026.1.132\cam_single\Ti60F225_dsi\ip\dsi_tx_display\dsi_tx_display.sv(11587): compiling module 'efx_fifo_bin2gray_98c52b03a74a4ce095debab75db1d287(WIDTH=12)' [VERI-1018]
INFO     : C:\Users\Jing-XuanTan(i)\Downloads\evsoc-efinity-v2026.1.132\evsoc-efinity-v2026.1.132\cam_single\Ti60F225_dsi\ip\dsi_tx_display\dsi_tx_display.sv(12229): compiling module 'efx_asyncreg_98c52b03a74a4ce095debab75db1d287(WIDTH=12,ACTIVE_LOW=0,OFF_ASSERTION=1)' [VERI-1018]
INFO     : C:\Users\Jing-XuanTan(i)\Downloads\evsoc-efinity-v2026.1.132\evsoc-efinity-v2026.1.132\cam_single\Ti60F225_dsi\ip\dsi_tx_display\dsi_tx_display.sv(12428): compiling module 'efx_fifo_gray2bin_98c52b03a74a4ce095debab75db1d287(WIDTH=12)' [VERI-1018]
INFO     : C:\Users\Jing-XuanTan(i)\Downloads\evsoc-efinity-v2026.1.132\evsoc-efinity-v2026.1.132\cam_single\Ti60F225_dsi\ip\dsi_tx_display\dsi_tx_display.sv(12428): compiling module 'efx_fifo_gray2bin_98c52b03a74a4ce095debab75db1d287(WIDTH=11)' [VERI-1018]
INFO     : C:\Users\Jing-XuanTan(i)\Downloads\evsoc-efinity-v2026.1.132\evsoc-efinity-v2026.1.132\cam_single\Ti60F225_dsi\ip\dsi_tx_display\dsi_tx_display.sv(12428): compiling module 'efx_fifo_gray2bin_98c52b03a74a4ce095debab75db1d287(WIDTH=10)' [VERI-1018]
INFO     : C:\Users\Jing-XuanTan(i)\Downloads\evsoc-efinity-v2026.1.132\evsoc-efinity-v2026.1.132\cam_single\Ti60F225_dsi\ip\dsi_tx_display\dsi_tx_display.sv(12428): compiling module 'efx_fifo_gray2bin_98c52b03a74a4ce095debab75db1d287(WIDTH=9)' [VERI-1018]
INFO     : C:\Users\Jing-XuanTan(i)\Downloads\evsoc-efinity-v2026.1.132\evsoc-efinity-v2026.1.132\cam_single\Ti60F225_dsi\ip\dsi_tx_display\dsi_tx_display.sv(12428): compiling module 'efx_fifo_gray2bin_98c52b03a74a4ce095debab75db1d287(WIDTH=8)' [VERI-1018]
INFO     : C:\Users\Jing-XuanTan(i)\Downloads\evsoc-efinity-v2026.1.132\evsoc-efinity-v2026.1.132\cam_single\Ti60F225_dsi\ip\dsi_tx_display\dsi_tx_display.sv(12428): compiling module 'efx_fifo_gray2bin_98c52b03a74a4ce095debab75db1d287(WIDTH=7)' [VERI-1018]
INFO     : C:\Users\Jing-XuanTan(i)\Downloads\evsoc-efinity-v2026.1.132\evsoc-efinity-v2026.1.132\cam_single\Ti60F225_dsi\ip\dsi_tx_display\dsi_tx_display.sv(12428): compiling module 'efx_fifo_gray2bin_98c52b03a74a4ce095debab75db1d287(WIDTH=6)' [VERI-1018]
INFO     : C:\Users\Jing-XuanTan(i)\Downloads\evsoc-efinity-v2026.1.132\evsoc-efinity-v2026.1.132\cam_single\Ti60F225_dsi\ip\dsi_tx_display\dsi_tx_display.sv(12428): compiling module 'efx_fifo_gray2bin_98c52b03a74a4ce095debab75db1d287' [VERI-1018]
INFO     : C:\Users\Jing-XuanTan(i)\Downloads\evsoc-efinity-v2026.1.132\evsoc-efinity-v2026.1.132\cam_single\Ti60F225_dsi\ip\dsi_tx_display\dsi_tx_display.sv(12428): compiling module 'efx_fifo_gray2bin_98c52b03a74a4ce095debab75db1d287(WIDTH=4)' [VERI-1018]
INFO     : C:\Users\Jing-XuanTan(i)\Downloads\evsoc-efinity-v2026.1.132\evsoc-efinity-v2026.1.132\cam_single\Ti60F225_dsi\ip\dsi_tx_display\dsi_tx_display.sv(12428): compiling module 'efx_fifo_gray2bin_98c52b03a74a4ce095debab75db1d287(WIDTH=3)' [VERI-1018]
INFO     : C:\Users\Jing-XuanTan(i)\Downloads\evsoc-efinity-v2026.1.132\evsoc-efinity-v2026.1.132\cam_single\Ti60F225_dsi\ip\dsi_tx_display\dsi_tx_display.sv(12428): compiling module 'efx_fifo_gray2bin_98c52b03a74a4ce095debab75db1d287(WIDTH=2)' [VERI-1018]
INFO     : C:\Users\Jing-XuanTan(i)\Downloads\evsoc-efinity-v2026.1.132\evsoc-efinity-v2026.1.132\cam_single\Ti60F225_dsi\ip\dsi_tx_display\dsi_tx_display.sv(12824): compiling module 'efx_fifo_top_98c52b03a74a4ce095debab75db1d287(MODE="FWFT",OPTIONAL_FLAGS=0,PROGRAMMABLE_FULL="NONE",PROG_FULL_ASSERT=16,PROG_FULL_NEGATE=16,PROGRAMMABLE_EMPTY="NONE",PROG_EMPTY_ASSERT=0,PROG_EMPTY_NEGATE=0)' [VERI-1018]
INFO     : C:\Users\Jing-XuanTan(i)\Downloads\evsoc-efinity-v2026.1.132\evsoc-efinity-v2026.1.132\cam_single\Ti60F225_dsi\ip\dsi_tx_display\dsi_tx_display.sv(12512): compiling module 'efx_fifo_ram_98c52b03a74a4ce095debab75db1d287(WDATA_WIDTH=32,RDATA_WIDTH=32,OUTPUT_REG=0,RAM_MUX_RATIO=1)' [VERI-1018]
INFO     : C:\Users\Jing-XuanTan(i)\Downloads\evsoc-efinity-v2026.1.132\evsoc-efinity-v2026.1.132\cam_single\Ti60F225_dsi\ip\dsi_tx_display\dsi_tx_display.sv(12549): extracting RAM for identifier 'ram' [VERI-2571]
INFO     : C:\Users\Jing-XuanTan(i)\Downloads\evsoc-efinity-v2026.1.132\evsoc-efinity-v2026.1.132\cam_single\Ti60F225_dsi\ip\dsi_tx_display\dsi_tx_display.sv(11676): compiling module 'efx_fifo_ctl_98c52b03a74a4ce095debab75db1d287(SYNC_CLK=0,MODE="FWFT",ALMOST_FLAG=0,PROG_FULL_ASSERT=16,PROG_FULL_NEGATE=16,HANDSHAKE_FLAG=0,OVERFLOW_PROTECT=1,UNDERFLOW_PROTECT=1)' [VERI-1018]
INFO     : C:\Users\Jing-XuanTan(i)\Downloads\evsoc-efinity-v2026.1.132\evsoc-efinity-v2026.1.132\cam_single\Ti60F225_dsi\ip\dsi_tx_display\dsi_tx_display.sv(11587): compiling module 'efx_fifo_bin2gray_98c52b03a74a4ce095debab75db1d287(WIDTH=10)' [VERI-1018]
INFO     : C:\Users\Jing-XuanTan(i)\Downloads\evsoc-efinity-v2026.1.132\evsoc-efinity-v2026.1.132\cam_single\Ti60F225_dsi\ip\dsi_tx_display\dsi_tx_display.sv(12229): compiling module 'efx_asyncreg_98c52b03a74a4ce095debab75db1d287(WIDTH=10,ACTIVE_LOW=0,OFF_ASSERTION=1)' [VERI-1018]
WARNING  : C:\Users\Jing-XuanTan(i)\Downloads\evsoc-efinity-v2026.1.132\evsoc-efinity-v2026.1.132\cam_single\Ti60F225_dsi\ip\dsi_tx_display\dsi_tx_display.sv(5689): port '**' remains unconnected for this instance [VERI-1927]
INFO     : C:\Users\Jing-XuanTan(i)\Downloads\evsoc-efinity-v2026.1.132\evsoc-efinity-v2026.1.132\cam_single\Ti60F225_dsi\ip\dsi_tx_display\dsi_tx_display.sv(5689): compiling module '**' [VERI-1018]
WARNING  : C:\Users\Jing-XuanTan(i)\Downloads\evsoc-efinity-v2026.1.132\evsoc-efinity-v2026.1.132\cam_single\Ti60F225_dsi\ip\dsi_tx_display\dsi_tx_display.sv(5689): expression size ** truncated to fit in target size ** [VERI-1209]
INFO     : C:\Users\Jing-XuanTan(i)\Downloads\evsoc-efinity-v2026.1.132\evsoc-efinity-v2026.1.132\cam_single\Ti60F225_dsi\ip\dsi_tx_display\dsi_tx_display.sv(4378): compiling module '**' [VERI-1018]
INFO     : C:\Users\Jing-XuanTan(i)\Downloads\evsoc-efinity-v2026.1.132\evsoc-efinity-v2026.1.132\cam_single\Ti60F225_dsi\ip\dsi_tx_display\dsi_tx_display.sv(12824): compiling module 'efx_fifo_top_98c52b03a74a4ce095debab75db1d287(MODE="FWFT",DEPTH=2048,DATA_WIDTH=64,OPTIONAL_FLAGS=0,PROG_FULL_ASSERT=404,PROG_FULL_NEGATE=404,PROGRAMMABLE_EMPTY="NONE",PROG_EMPTY_ASSERT=0,PROG_EMPTY_NEGATE=0)' [VERI-1018]
INFO     : C:\Users\Jing-XuanTan(i)\Downloads\evsoc-efinity-v2026.1.132\evsoc-efinity-v2026.1.132\cam_single\Ti60F225_dsi\ip\dsi_tx_display\dsi_tx_display.sv(12512): compiling module 'efx_fifo_ram_98c52b03a74a4ce095debab75db1d287(WR_DEPTH=2048,RD_DEPTH=2048,WDATA_WIDTH=64,RDATA_WIDTH=64,WADDR_WIDTH=11,RADDR_WIDTH=11,OUTPUT_REG=0,RAM_MUX_RATIO=1)' [VERI-1018]
INFO     : C:\Users\Jing-XuanTan(i)\Downloads\evsoc-efinity-v2026.1.132\evsoc-efinity-v2026.1.132\cam_single\Ti60F225_dsi\ip\dsi_tx_display\dsi_tx_display.sv(12549): extracting RAM for identifier 'ram' [VERI-2571]
INFO     : C:\Users\Jing-XuanTan(i)\Downloads\evsoc-efinity-v2026.1.132\evsoc-efinity-v2026.1.132\cam_single\Ti60F225_dsi\ip\dsi_tx_display\dsi_tx_display.sv(11676): compiling module 'efx_fifo_ctl_98c52b03a74a4ce095debab75db1d287(SYNC_CLK=0,MODE="FWFT",WR_DEPTH=2048,WADDR_WIDTH=11,RADDR_WIDTH=11,ALMOST_FLAG=0,PROGRAMMABLE_FULL="STATIC_DUAL",PROG_FULL_ASSERT=404,PROG_FULL_NEGATE=404,HANDSHAKE_FLAG=0,OVERFLOW_PROTECT=1,UNDERFLOW_PROTECT=1)' [VERI-1018]
INFO     : C:\Users\Jing-XuanTan(i)\Downloads\evsoc-efinity-v2026.1.132\evsoc-efinity-v2026.1.132\cam_single\Ti60F225_dsi\ip\dsi_tx_display\dsi_tx_display.sv(7297): compiling module '**' [VERI-1018]
INFO     : C:\Users\Jing-XuanTan(i)\Downloads\evsoc-efinity-v2026.1.132\evsoc-efinity-v2026.1.132\cam_single\Ti60F225_dsi\ip\dsi_tx_display\dsi_tx_display.sv(12229): compiling module 'efx_asyncreg_98c52b03a74a4ce095debab75db1d287(WIDTH=2)' [VERI-1018]
INFO     : C:\Users\Jing-XuanTan(i)\Downloads\evsoc-efinity-v2026.1.132\evsoc-efinity-v2026.1.132\cam_single\Ti60F225_dsi\ip\dsi_tx_display\dsi_tx_display.sv(12229): compiling module 'efx_asyncreg_98c52b03a74a4ce095debab75db1d287(WIDTH=6)' [VERI-1018]
WARNING  : C:\Users\Jing-XuanTan(i)\Downloads\evsoc-efinity-v2026.1.132\evsoc-efinity-v2026.1.132\cam_single\Ti60F225_dsi\ip\dsi_tx_display\dsi_tx_display.sv(7297): expression size ** truncated to fit in target size ** [VERI-1209]
WARNING  : C:\Users\Jing-XuanTan(i)\Downloads\evsoc-efinity-v2026.1.132\evsoc-efinity-v2026.1.132\cam_single\Ti60F225_dsi\ip\dsi_tx_display\dsi_tx_display.sv(1596): port '**' remains unconnected for this instance [VERI-1927]
INFO     : C:\Users\Jing-XuanTan(i)\Downloads\evsoc-efinity-v2026.1.132\evsoc-efinity-v2026.1.132\cam_single\Ti60F225_dsi\ip\dsi_tx_display\dsi_tx_display.sv(1596): compiling module '**' [VERI-1018]
WARNING  : C:\Users\Jing-XuanTan(i)\Downloads\evsoc-efinity-v2026.1.132\evsoc-efinity-v2026.1.132\cam_single\Ti60F225_dsi\ip\dsi_tx_display\dsi_tx_display.sv(1596): expression size ** truncated to fit in target size ** [VERI-1209]
INFO     : C:\Users\Jing-XuanTan(i)\Downloads\evsoc-efinity-v2026.1.132\evsoc-efinity-v2026.1.132\cam_single\Ti60F225_dsi\ip\dsi_tx_display\dsi_tx_display.sv(12824): compiling module 'efx_fifo_top_98c52b03a74a4ce095debab75db1d287(FAMILY="TITANIUM",SYNC_CLK=1,DEPTH=16384,DATA_WIDTH=4,OPTIONAL_FLAGS=0,PROGRAMMABLE_FULL="NONE",PROG_FULL_ASSERT=128,PROG_FULL_NEGATE=127,PROGRAMMABLE_EMPTY="NONE",PROG_EMPTY_ASSERT=2,PROG_EMPTY_NEGATE=3,ENDIANESS=1)' [VERI-1018]
INFO     : C:\Users\Jing-XuanTan(i)\Downloads\evsoc-efinity-v2026.1.132\evsoc-efinity-v2026.1.132\cam_single\Ti60F225_dsi\ip\dsi_tx_display\dsi_tx_display.sv(12512): compiling module 'efx_fifo_ram_98c52b03a74a4ce095debab75db1d287(FAMILY="TITANIUM",WR_DEPTH=16384,RD_DEPTH=16384,WDATA_WIDTH=4,RDATA_WIDTH=4,WADDR_WIDTH=14,RADDR_WIDTH=14,OUTPUT_REG=0,RAM_MUX_RATIO=1,ENDIANESS=1)' [VERI-1018]
INFO     : C:\Users\Jing-XuanTan(i)\Downloads\evsoc-efinity-v2026.1.132\evsoc-efinity-v2026.1.132\cam_single\Ti60F225_dsi\ip\dsi_tx_display\dsi_tx_display.sv(12549): extracting RAM for identifier 'ram' [VERI-2571]
INFO     : C:\Users\Jing-XuanTan(i)\Downloads\evsoc-efinity-v2026.1.132\evsoc-efinity-v2026.1.132\cam_single\Ti60F225_dsi\ip\dsi_tx_display\dsi_tx_display.sv(11676): compiling module 'efx_fifo_ctl_98c52b03a74a4ce095debab75db1d287(WR_DEPTH=16384,WADDR_WIDTH=14,RADDR_WIDTH=14,ALMOST_FLAG=0,PROG_FULL_ASSERT=128,PROG_FULL_NEGATE=127,PROG_EMPTY_ASSERT=2,PROG_EMPTY_NEGATE=3,HANDSHAKE_FLAG=0,OVERFLOW_PROTECT=1,UNDERFLOW_PROTECT=1)' [VERI-1018]
WARNING  : C:\Users\Jing-XuanTan(i)\Downloads\evsoc-efinity-v2026.1.132\evsoc-efinity-v2026.1.132\cam_single\Ti60F225_dsi\ip\dsi_tx_display\dsi_tx_display.sv(2500): port '**' remains unconnected for this instance [VERI-1927]
INFO     : C:\Users\Jing-XuanTan(i)\Downloads\evsoc-efinity-v2026.1.132\evsoc-efinity-v2026.1.132\cam_single\Ti60F225_dsi\ip\dsi_tx_display\dsi_tx_display.sv(2500): compiling module '**' [VERI-1018]
WARNING  : C:\Users\Jing-XuanTan(i)\Downloads\evsoc-efinity-v2026.1.132\evsoc-efinity-v2026.1.132\cam_single\Ti60F225_dsi\ip\dsi_tx_display\dsi_tx_display.sv(2500): expression size ** truncated to fit in target size ** [VERI-1209]
INFO     : C:\Users\Jing-XuanTan(i)\Downloads\evsoc-efinity-v2026.1.132\evsoc-efinity-v2026.1.132\cam_single\Ti60F225_dsi\ip\dsi_tx_display\dsi_tx_display.sv(3474): compiling module '**' [VERI-1018]
WARNING  : C:\Users\Jing-XuanTan(i)\Downloads\evsoc-efinity-v2026.1.132\evsoc-efinity-v2026.1.132\cam_single\Ti60F225_dsi\ip\dsi_tx_display\dsi_tx_display.sv(3474): assignment and/or driver for '**' inside static function '**' is not preserved [VERI-2457]
INFO     : C:\Users\Jing-XuanTan(i)\Downloads\evsoc-efinity-v2026.1.132\evsoc-efinity-v2026.1.132\cam_single\Ti60F225_dsi\ip\dsi_tx_display\dsi_tx_display.sv(12824): compiling module 'efx_fifo_top_98c52b03a74a4ce095debab75db1d287(MODE="FWFT",DATA_WIDTH=36,OPTIONAL_FLAGS=0,PROGRAMMABLE_FULL="NONE       ",PROG_FULL_ASSERT=16,PROG_FULL_NEGATE=16,PROGRAMMABLE_EMPTY="NONE",PROG_EMPTY_ASSERT=0,PROG_EMPTY_NEGATE=0)' [VERI-1018]
INFO     : C:\Users\Jing-XuanTan(i)\Downloads\evsoc-efinity-v2026.1.132\evsoc-efinity-v2026.1.132\cam_single\Ti60F225_dsi\ip\dsi_tx_display\dsi_tx_display.sv(12512): compiling module 'efx_fifo_ram_98c52b03a74a4ce095debab75db1d287(WDATA_WIDTH=36,RDATA_WIDTH=36,OUTPUT_REG=0,RAM_MUX_RATIO=1)' [VERI-1018]
INFO     : C:\Users\Jing-XuanTan(i)\Downloads\evsoc-efinity-v2026.1.132\evsoc-efinity-v2026.1.132\cam_single\Ti60F225_dsi\ip\dsi_tx_display\dsi_tx_display.sv(12549): extracting RAM for identifier 'ram' [VERI-2571]
INFO     : C:\Users\Jing-XuanTan(i)\Downloads\evsoc-efinity-v2026.1.132\evsoc-efinity-v2026.1.132\cam_single\Ti60F225_dsi\ip\dsi_tx_display\dsi_tx_display.sv(11676): compiling module 'efx_fifo_ctl_98c52b03a74a4ce095debab75db1d287(SYNC_CLK=0,MODE="FWFT",ALMOST_FLAG=0,PROGRAMMABLE_FULL="NONE       ",PROG_FULL_ASSERT=16,PROG_FULL_NEGATE=16,HANDSHAKE_FLAG=0,OVERFLOW_PROTECT=1,UNDERFLOW_PROTECT=1)' [VERI-1018]
WARNING  : C:\Users\Jing-XuanTan(i)\Downloads\evsoc-efinity-v2026.1.132\evsoc-efinity-v2026.1.132\cam_single\Ti60F225_dsi\edge_vision_soc.v(1077): actual bit length 32 differs from formal bit length 16 for port 'haddr' [VERI-1330]
INFO     : C:\Users\Jing-XuanTan(i)\Downloads\evsoc-efinity-v2026.1.132\evsoc-efinity-v2026.1.132\cam_single\Ti60F225_dsi\source/common/common_apb3.v(8): compiling module 'common_apb3(ADDR_WIDTH=16,NUM_REG=18)' [VERI-1018]
WARNING  : C:\Users\Jing-XuanTan(i)\Downloads\evsoc-efinity-v2026.1.132\evsoc-efinity-v2026.1.132\cam_single\Ti60F225_dsi\source/common/common_apb3.v(145): expression size 32 truncated to fit in target size 16 [VERI-1209]
WARNING  : C:\Users\Jing-XuanTan(i)\Downloads\evsoc-efinity-v2026.1.132\evsoc-efinity-v2026.1.132\cam_single\Ti60F225_dsi\ip\hbram\hbram.sv(200): port 'ram_clk_cal_2' is not connected on this instance [VERI-2435]
WARNING  : C:\Users\Jing-XuanTan(i)\Downloads\evsoc-efinity-v2026.1.132\evsoc-efinity-v2026.1.132\cam_single\Ti60F225_dsi\ip\hbram\hbram.sv(200): port 'native_clk' remains unconnected for this instance [VERI-1927]
INFO     : C:\Users\Jing-XuanTan(i)\Downloads\evsoc-efinity-v2026.1.132\evsoc-efinity-v2026.1.132\cam_single\Ti60F225_dsi\ip\hbram\hbram.sv(49): compiling module 'hbram' [VERI-1018]
INFO     : C:\Users\Jing-XuanTan(i)\Downloads\evsoc-efinity-v2026.1.132\evsoc-efinity-v2026.1.132\cam_single\Ti60F225_dsi\ip\hbram\hbram.sv(203): compiling module 'hbram_top_b64bd53245f74d6a99e917bfa5663d9f(RAM_ABW=25,CR0_ODS=0,CR0_ILC=2,CR0_WBL=3,CR1_HSE=1'b0,CR1_PAR=0,AXI_IF=1'b1,AXI_SBW=16,DDIN_MODE=1'b0,CAL_CLK_CH=4,CAL_CLK_CH_LO=4,CAL_CLK_CH_HI=8,CAL_BYTES=100,RECAL_DAYS=7)' [VERI-1018]
INFO     : C:\Users\Jing-XuanTan(i)\Downloads\evsoc-efinity-v2026.1.132\evsoc-efinity-v2026.1.132\cam_single\Ti60F225_dsi\ip\hbram\hbram.sv(1946): compiling module '**' [VERI-1018]
INFO     : C:\Users\Jing-XuanTan(i)\Downloads\evsoc-efinity-v2026.1.132\evsoc-efinity-v2026.1.132\cam_single\Ti60F225_dsi\ip\hbram\hbram.sv(6835): compiling module 'efx_resetsync_b64bd53245f74d6a99e917bfa5663d9f' [VERI-1018]
INFO     : C:\Users\Jing-XuanTan(i)\Downloads\evsoc-efinity-v2026.1.132\evsoc-efinity-v2026.1.132\cam_single\Ti60F225_dsi\ip\hbram\hbram.sv(6651): compiling module 'efx_asyncreg_b64bd53245f74d6a99e917bfa5663d9f(WIDTH=1)' [VERI-1018]
INFO     : C:\Users\Jing-XuanTan(i)\Downloads\evsoc-efinity-v2026.1.132\evsoc-efinity-v2026.1.132\cam_single\Ti60F225_dsi\ip\hbram\hbram.sv(1386): compiling module '**' [VERI-1018]
WARNING  : C:\Users\Jing-XuanTan(i)\Downloads\evsoc-efinity-v2026.1.132\evsoc-efinity-v2026.1.132\cam_single\Ti60F225_dsi\ip\hbram\hbram.sv(1134): port '**' remains unconnected for this instance [VERI-1927]
INFO     : C:\Users\Jing-XuanTan(i)\Downloads\evsoc-efinity-v2026.1.132\evsoc-efinity-v2026.1.132\cam_single\Ti60F225_dsi\ip\hbram\hbram.sv(1134): compiling module '**' [VERI-1018]
INFO     : C:\Users\Jing-XuanTan(i)\Downloads\evsoc-efinity-v2026.1.132\evsoc-efinity-v2026.1.132\cam_single\Ti60F225_dsi\ip\hbram\hbram.sv(6342): compiling module 'efx_fifo_top_b64bd53245f74d6a99e917bfa5663d9f(FAMILY="TITANIUM",DEPTH=16,DATA_WIDTH=54,PROGRAMMABLE_FULL="NONE",PROGRAMMABLE_EMPTY="NONE")' [VERI-1018]
INFO     : C:\Users\Jing-XuanTan(i)\Downloads\evsoc-efinity-v2026.1.132\evsoc-efinity-v2026.1.132\cam_single\Ti60F225_dsi\ip\hbram\hbram.sv(6835): compiling module 'efx_resetsync_b64bd53245f74d6a99e917bfa5663d9f(ACTIVE_LOW=0)' [VERI-1018]
INFO     : C:\Users\Jing-XuanTan(i)\Downloads\evsoc-efinity-v2026.1.132\evsoc-efinity-v2026.1.132\cam_single\Ti60F225_dsi\ip\hbram\hbram.sv(6651): compiling module 'efx_asyncreg_b64bd53245f74d6a99e917bfa5663d9f(WIDTH=1,ACTIVE_LOW=0,RST_VALUE=1)' [VERI-1018]
INFO     : C:\Users\Jing-XuanTan(i)\Downloads\evsoc-efinity-v2026.1.132\evsoc-efinity-v2026.1.132\cam_single\Ti60F225_dsi\ip\hbram\hbram.sv(6030): compiling module 'efx_fifo_ram_b64bd53245f74d6a99e917bfa5663d9f(FAMILY="TITANIUM",WR_DEPTH=16,RD_DEPTH=16,WDATA_WIDTH=54,RDATA_WIDTH=54,WADDR_WIDTH=4,RADDR_WIDTH=4,OUTPUT_REG=0,RAM_MUX_RATIO=1)' [VERI-1018]
INFO     : C:\Users\Jing-XuanTan(i)\Downloads\evsoc-efinity-v2026.1.132\evsoc-efinity-v2026.1.132\cam_single\Ti60F225_dsi\ip\hbram\hbram.sv(6067): extracting RAM for identifier 'ram' [VERI-2571]
INFO     : C:\Users\Jing-XuanTan(i)\Downloads\evsoc-efinity-v2026.1.132\evsoc-efinity-v2026.1.132\cam_single\Ti60F225_dsi\ip\hbram\hbram.sv(5503): compiling module 'efx_fifo_ctl_b64bd53245f74d6a99e917bfa5663d9f(SYNC_CLK=0,WR_DEPTH=16,WADDR_WIDTH=4,RADDR_WIDTH=4,PROG_FULL_ASSERT=27,PROG_FULL_NEGATE=23,PROG_EMPTY_ASSERT=5,PROG_EMPTY_NEGATE=7,OVERFLOW_PROTECT=1,UNDERFLOW_PROTECT=1)' [VERI-1018]
INFO     : C:\Users\Jing-XuanTan(i)\Downloads\evsoc-efinity-v2026.1.132\evsoc-efinity-v2026.1.132\cam_single\Ti60F225_dsi\ip\hbram\hbram.sv(5414): compiling module 'efx_fifo_bin2gray_b64bd53245f74d6a99e917bfa5663d9f' [VERI-1018]
INFO     : C:\Users\Jing-XuanTan(i)\Downloads\evsoc-efinity-v2026.1.132\evsoc-efinity-v2026.1.132\cam_single\Ti60F225_dsi\ip\hbram\hbram.sv(6651): compiling module 'efx_asyncreg_b64bd53245f74d6a99e917bfa5663d9f(WIDTH=5,ACTIVE_LOW=0,OFF_ASSERTION=1)' [VERI-1018]
INFO     : C:\Users\Jing-XuanTan(i)\Downloads\evsoc-efinity-v2026.1.132\evsoc-efinity-v2026.1.132\cam_single\Ti60F225_dsi\ip\hbram\hbram.sv(5946): compiling module 'efx_fifo_gray2bin_b64bd53245f74d6a99e917bfa5663d9f' [VERI-1018]
INFO     : C:\Users\Jing-XuanTan(i)\Downloads\evsoc-efinity-v2026.1.132\evsoc-efinity-v2026.1.132\cam_single\Ti60F225_dsi\ip\hbram\hbram.sv(5946): compiling module 'efx_fifo_gray2bin_b64bd53245f74d6a99e917bfa5663d9f(WIDTH=4)' [VERI-1018]
INFO     : C:\Users\Jing-XuanTan(i)\Downloads\evsoc-efinity-v2026.1.132\evsoc-efinity-v2026.1.132\cam_single\Ti60F225_dsi\ip\hbram\hbram.sv(5946): compiling module 'efx_fifo_gray2bin_b64bd53245f74d6a99e917bfa5663d9f(WIDTH=3)' [VERI-1018]
INFO     : C:\Users\Jing-XuanTan(i)\Downloads\evsoc-efinity-v2026.1.132\evsoc-efinity-v2026.1.132\cam_single\Ti60F225_dsi\ip\hbram\hbram.sv(5946): compiling module 'efx_fifo_gray2bin_b64bd53245f74d6a99e917bfa5663d9f(WIDTH=2)' [VERI-1018]
INFO     : C:\Users\Jing-XuanTan(i)\Downloads\evsoc-efinity-v2026.1.132\evsoc-efinity-v2026.1.132\cam_single\Ti60F225_dsi\ip\hbram\hbram.sv(6342): compiling module 'efx_fifo_top_b64bd53245f74d6a99e917bfa5663d9f(FAMILY="TITANIUM",DEPTH=256,DATA_WIDTH=160,PROGRAMMABLE_FULL="NONE",PROGRAMMABLE_EMPTY="NONE",ASYM_WIDTH_RATIO=2)' [VERI-1018]
INFO     : C:\Users\Jing-XuanTan(i)\Downloads\evsoc-efinity-v2026.1.132\evsoc-efinity-v2026.1.132\cam_single\Ti60F225_dsi\ip\hbram\hbram.sv(6030): compiling module 'efx_fifo_ram_b64bd53245f74d6a99e917bfa5663d9f(FAMILY="TITANIUM",WR_DEPTH=256,RD_DEPTH=1024,WDATA_WIDTH=160,RDATA_WIDTH=40,WADDR_WIDTH=8,RADDR_WIDTH=10,OUTPUT_REG=0)' [VERI-1018]
INFO     : C:\Users\Jing-XuanTan(i)\Downloads\evsoc-efinity-v2026.1.132\evsoc-efinity-v2026.1.132\cam_single\Ti60F225_dsi\ip\hbram\hbram.sv(6067): extracting RAM for identifier 'ram' [VERI-2571]
INFO     : C:\Users\Jing-XuanTan(i)\Downloads\evsoc-efinity-v2026.1.132\evsoc-efinity-v2026.1.132\cam_single\Ti60F225_dsi\ip\hbram\hbram.sv(5503): compiling module 'efx_fifo_ctl_b64bd53245f74d6a99e917bfa5663d9f(SYNC_CLK=0,WR_DEPTH=256,WADDR_WIDTH=8,RADDR_WIDTH=10,ASYM_WIDTH_RATIO=2,RAM_MUX_RATIO=4,PROG_FULL_ASSERT=27,PROG_FULL_NEGATE=23,PROG_EMPTY_ASSERT=5,PROG_EMPTY_NEGATE=7,OVERFLOW_PROTECT=1,UNDERFLOW_PROTECT=1)' [VERI-1018]
WARNING  : C:\Users\Jing-XuanTan(i)\Downloads\evsoc-efinity-v2026.1.132\evsoc-efinity-v2026.1.132\cam_single\Ti60F225_dsi\ip\hbram\hbram.sv(5791): expression size 32 truncated to fit in target size 9 [VERI-1209]
WARNING  : C:\Users\Jing-XuanTan(i)\Downloads\evsoc-efinity-v2026.1.132\evsoc-efinity-v2026.1.132\cam_single\Ti60F225_dsi\ip\hbram\hbram.sv(5792): expression size 32 truncated to fit in target size 11 [VERI-1209]
INFO     : C:\Users\Jing-XuanTan(i)\Downloads\evsoc-efinity-v2026.1.132\evsoc-efinity-v2026.1.132\cam_single\Ti60F225_dsi\ip\hbram\hbram.sv(5414): compiling module 'efx_fifo_bin2gray_b64bd53245f74d6a99e917bfa5663d9f(WIDTH=11)' [VERI-1018]
INFO     : C:\Users\Jing-XuanTan(i)\Downloads\evsoc-efinity-v2026.1.132\evsoc-efinity-v2026.1.132\cam_single\Ti60F225_dsi\ip\hbram\hbram.sv(6651): compiling module 'efx_asyncreg_b64bd53245f74d6a99e917bfa5663d9f(WIDTH=11,ACTIVE_LOW=0,OFF_ASSERTION=1)' [VERI-1018]
INFO     : C:\Users\Jing-XuanTan(i)\Downloads\evsoc-efinity-v2026.1.132\evsoc-efinity-v2026.1.132\cam_single\Ti60F225_dsi\ip\hbram\hbram.sv(5946): compiling module 'efx_fifo_gray2bin_b64bd53245f74d6a99e917bfa5663d9f(WIDTH=11)' [VERI-1018]
INFO     : C:\Users\Jing-XuanTan(i)\Downloads\evsoc-efinity-v2026.1.132\evsoc-efinity-v2026.1.132\cam_single\Ti60F225_dsi\ip\hbram\hbram.sv(5946): compiling module 'efx_fifo_gray2bin_b64bd53245f74d6a99e917bfa5663d9f(WIDTH=10)' [VERI-1018]
INFO     : C:\Users\Jing-XuanTan(i)\Downloads\evsoc-efinity-v2026.1.132\evsoc-efinity-v2026.1.132\cam_single\Ti60F225_dsi\ip\hbram\hbram.sv(5946): compiling module 'efx_fifo_gray2bin_b64bd53245f74d6a99e917bfa5663d9f(WIDTH=9)' [VERI-1018]
INFO     : C:\Users\Jing-XuanTan(i)\Downloads\evsoc-efinity-v2026.1.132\evsoc-efinity-v2026.1.132\cam_single\Ti60F225_dsi\ip\hbram\hbram.sv(5946): compiling module 'efx_fifo_gray2bin_b64bd53245f74d6a99e917bfa5663d9f(WIDTH=8)' [VERI-1018]
INFO     : C:\Users\Jing-XuanTan(i)\Downloads\evsoc-efinity-v2026.1.132\evsoc-efinity-v2026.1.132\cam_single\Ti60F225_dsi\ip\hbram\hbram.sv(5946): compiling module 'efx_fifo_gray2bin_b64bd53245f74d6a99e917bfa5663d9f(WIDTH=7)' [VERI-1018]
INFO     : C:\Users\Jing-XuanTan(i)\Downloads\evsoc-efinity-v2026.1.132\evsoc-efinity-v2026.1.132\cam_single\Ti60F225_dsi\ip\hbram\hbram.sv(5946): compiling module 'efx_fifo_gray2bin_b64bd53245f74d6a99e917bfa5663d9f(WIDTH=6)' [VERI-1018]
INFO     : C:\Users\Jing-XuanTan(i)\Downloads\evsoc-efinity-v2026.1.132\evsoc-efinity-v2026.1.132\cam_single\Ti60F225_dsi\ip\hbram\hbram.sv(5414): compiling module 'efx_fifo_bin2gray_b64bd53245f74d6a99e917bfa5663d9f(WIDTH=9)' [VERI-1018]
INFO     : C:\Users\Jing-XuanTan(i)\Downloads\evsoc-efinity-v2026.1.132\evsoc-efinity-v2026.1.132\cam_single\Ti60F225_dsi\ip\hbram\hbram.sv(6651): compiling module 'efx_asyncreg_b64bd53245f74d6a99e917bfa5663d9f(WIDTH=9,ACTIVE_LOW=0,OFF_ASSERTION=1)' [VERI-1018]
WARNING  : C:\Users\Jing-XuanTan(i)\Downloads\evsoc-efinity-v2026.1.132\evsoc-efinity-v2026.1.132\cam_single\Ti60F225_dsi\ip\hbram\hbram.sv(1134): expression size ** truncated to fit in target size ** [VERI-1209]
INFO     : C:\Users\Jing-XuanTan(i)\Downloads\evsoc-efinity-v2026.1.132\evsoc-efinity-v2026.1.132\cam_single\Ti60F225_dsi\ip\hbram\hbram.sv(6342): compiling module 'efx_fifo_top_b64bd53245f74d6a99e917bfa5663d9f(FAMILY="TITANIUM",DEPTH=16,DATA_WIDTH=5,PROGRAMMABLE_FULL="NONE",PROGRAMMABLE_EMPTY="NONE",UNDERFLOW_PROTECT=0)' [VERI-1018]
INFO     : C:\Users\Jing-XuanTan(i)\Downloads\evsoc-efinity-v2026.1.132\evsoc-efinity-v2026.1.132\cam_single\Ti60F225_dsi\ip\hbram\hbram.sv(6030): compiling module 'efx_fifo_ram_b64bd53245f74d6a99e917bfa5663d9f(FAMILY="TITANIUM",WR_DEPTH=16,RD_DEPTH=16,WDATA_WIDTH=5,RDATA_WIDTH=5,WADDR_WIDTH=4,RADDR_WIDTH=4,OUTPUT_REG=0,RAM_MUX_RATIO=1)' [VERI-1018]
INFO     : C:\Users\Jing-XuanTan(i)\Downloads\evsoc-efinity-v2026.1.132\evsoc-efinity-v2026.1.132\cam_single\Ti60F225_dsi\ip\hbram\hbram.sv(6067): extracting RAM for identifier 'ram' [VERI-2571]
INFO     : C:\Users\Jing-XuanTan(i)\Downloads\evsoc-efinity-v2026.1.132\evsoc-efinity-v2026.1.132\cam_single\Ti60F225_dsi\ip\hbram\hbram.sv(5503): compiling module 'efx_fifo_ctl_b64bd53245f74d6a99e917bfa5663d9f(SYNC_CLK=0,WR_DEPTH=16,WADDR_WIDTH=4,RADDR_WIDTH=4,PROG_FULL_ASSERT=27,PROG_FULL_NEGATE=23,PROG_EMPTY_ASSERT=5,PROG_EMPTY_NEGATE=7,OVERFLOW_PROTECT=1)' [VERI-1018]
INFO     : C:\Users\Jing-XuanTan(i)\Downloads\evsoc-efinity-v2026.1.132\evsoc-efinity-v2026.1.132\cam_single\Ti60F225_dsi\ip\hbram\hbram.sv(6342): compiling module 'efx_fifo_top_b64bd53245f74d6a99e917bfa5663d9f(FAMILY="TITANIUM",DEPTH=8,DATA_WIDTH=5,OPTIONAL_FLAGS=0,PROGRAMMABLE_FULL="NONE",PROGRAMMABLE_EMPTY="NONE",OVERFLOW_PROTECT=0,UNDERFLOW_PROTECT=0)' [VERI-1018]
INFO     : C:\Users\Jing-XuanTan(i)\Downloads\evsoc-efinity-v2026.1.132\evsoc-efinity-v2026.1.132\cam_single\Ti60F225_dsi\ip\hbram\hbram.sv(6030): compiling module 'efx_fifo_ram_b64bd53245f74d6a99e917bfa5663d9f(FAMILY="TITANIUM",WR_DEPTH=8,RD_DEPTH=8,WDATA_WIDTH=5,RDATA_WIDTH=5,WADDR_WIDTH=3,RADDR_WIDTH=3,OUTPUT_REG=0,RAM_MUX_RATIO=1)' [VERI-1018]
INFO     : C:\Users\Jing-XuanTan(i)\Downloads\evsoc-efinity-v2026.1.132\evsoc-efinity-v2026.1.132\cam_single\Ti60F225_dsi\ip\hbram\hbram.sv(6067): extracting RAM for identifier 'ram' [VERI-2571]
INFO     : C:\Users\Jing-XuanTan(i)\Downloads\evsoc-efinity-v2026.1.132\evsoc-efinity-v2026.1.132\cam_single\Ti60F225_dsi\ip\hbram\hbram.sv(5503): compiling module 'efx_fifo_ctl_b64bd53245f74d6a99e917bfa5663d9f(SYNC_CLK=0,WR_DEPTH=8,WADDR_WIDTH=3,RADDR_WIDTH=3,ALMOST_FLAG=0,PROG_FULL_ASSERT=27,PROG_FULL_NEGATE=23,PROG_EMPTY_ASSERT=5,PROG_EMPTY_NEGATE=7,HANDSHAKE_FLAG=0)' [VERI-1018]
INFO     : C:\Users\Jing-XuanTan(i)\Downloads\evsoc-efinity-v2026.1.132\evsoc-efinity-v2026.1.132\cam_single\Ti60F225_dsi\ip\hbram\hbram.sv(5414): compiling module 'efx_fifo_bin2gray_b64bd53245f74d6a99e917bfa5663d9f(WIDTH=4)' [VERI-1018]
INFO     : C:\Users\Jing-XuanTan(i)\Downloads\evsoc-efinity-v2026.1.132\evsoc-efinity-v2026.1.132\cam_single\Ti60F225_dsi\ip\hbram\hbram.sv(6651): compiling module 'efx_asyncreg_b64bd53245f74d6a99e917bfa5663d9f(ACTIVE_LOW=0,OFF_ASSERTION=1)' [VERI-1018]
INFO     : C:\Users\Jing-XuanTan(i)\Downloads\evsoc-efinity-v2026.1.132\evsoc-efinity-v2026.1.132\cam_single\Ti60F225_dsi\ip\hbram\hbram.sv(6342): compiling module 'efx_fifo_top_b64bd53245f74d6a99e917bfa5663d9f(FAMILY="TITANIUM",DEPTH=4,DATA_WIDTH=11,PROGRAMMABLE_FULL="NONE",PROGRAMMABLE_EMPTY="NONE",UNDERFLOW_PROTECT=0)' [VERI-1018]
INFO     : C:\Users\Jing-XuanTan(i)\Downloads\evsoc-efinity-v2026.1.132\evsoc-efinity-v2026.1.132\cam_single\Ti60F225_dsi\ip\hbram\hbram.sv(6030): compiling module 'efx_fifo_ram_b64bd53245f74d6a99e917bfa5663d9f(FAMILY="TITANIUM",WR_DEPTH=4,RD_DEPTH=4,WDATA_WIDTH=11,RDATA_WIDTH=11,WADDR_WIDTH=2,RADDR_WIDTH=2,OUTPUT_REG=0,RAM_MUX_RATIO=1)' [VERI-1018]
INFO     : C:\Users\Jing-XuanTan(i)\Downloads\evsoc-efinity-v2026.1.132\evsoc-efinity-v2026.1.132\cam_single\Ti60F225_dsi\ip\hbram\hbram.sv(6067): extracting RAM for identifier 'ram' [VERI-2571]
INFO     : C:\Users\Jing-XuanTan(i)\Downloads\evsoc-efinity-v2026.1.132\evsoc-efinity-v2026.1.132\cam_single\Ti60F225_dsi\ip\hbram\hbram.sv(5503): compiling module 'efx_fifo_ctl_b64bd53245f74d6a99e917bfa5663d9f(SYNC_CLK=0,WR_DEPTH=4,WADDR_WIDTH=2,RADDR_WIDTH=2,PROG_FULL_ASSERT=27,PROG_FULL_NEGATE=23,PROG_EMPTY_ASSERT=5,PROG_EMPTY_NEGATE=7,OVERFLOW_PROTECT=1)' [VERI-1018]
INFO     : C:\Users\Jing-XuanTan(i)\Downloads\evsoc-efinity-v2026.1.132\evsoc-efinity-v2026.1.132\cam_single\Ti60F225_dsi\ip\hbram\hbram.sv(5414): compiling module 'efx_fifo_bin2gray_b64bd53245f74d6a99e917bfa5663d9f(WIDTH=3)' [VERI-1018]
INFO     : C:\Users\Jing-XuanTan(i)\Downloads\evsoc-efinity-v2026.1.132\evsoc-efinity-v2026.1.132\cam_single\Ti60F225_dsi\ip\hbram\hbram.sv(6651): compiling module 'efx_asyncreg_b64bd53245f74d6a99e917bfa5663d9f(WIDTH=3,ACTIVE_LOW=0,OFF_ASSERTION=1)' [VERI-1018]
INFO     : C:\Users\Jing-XuanTan(i)\Downloads\evsoc-efinity-v2026.1.132\evsoc-efinity-v2026.1.132\cam_single\Ti60F225_dsi\ip\hbram\hbram.sv(6342): compiling module 'efx_fifo_top_b64bd53245f74d6a99e917bfa5663d9f(FAMILY="TITANIUM",MODE="FWFT",DEPTH=1024,DATA_WIDTH=35,PROGRAMMABLE_FULL="STATIC_SINGLE",PROG_FULL_ASSERT=512,PROGRAMMABLE_EMPTY="NONE",ASYM_WIDTH_RATIO=6)' [VERI-1018]
INFO     : C:\Users\Jing-XuanTan(i)\Downloads\evsoc-efinity-v2026.1.132\evsoc-efinity-v2026.1.132\cam_single\Ti60F225_dsi\ip\hbram\hbram.sv(6030): compiling module 'efx_fifo_ram_b64bd53245f74d6a99e917bfa5663d9f(FAMILY="TITANIUM",WR_DEPTH=1024,RD_DEPTH=256,WDATA_WIDTH=35,RDATA_WIDTH=140,WADDR_WIDTH=10,RADDR_WIDTH=8,OUTPUT_REG=0)' [VERI-1018]
INFO     : C:\Users\Jing-XuanTan(i)\Downloads\evsoc-efinity-v2026.1.132\evsoc-efinity-v2026.1.132\cam_single\Ti60F225_dsi\ip\hbram\hbram.sv(6067): extracting RAM for identifier 'ram' [VERI-2571]
INFO     : C:\Users\Jing-XuanTan(i)\Downloads\evsoc-efinity-v2026.1.132\evsoc-efinity-v2026.1.132\cam_single\Ti60F225_dsi\ip\hbram\hbram.sv(5503): compiling module 'efx_fifo_ctl_b64bd53245f74d6a99e917bfa5663d9f(SYNC_CLK=0,MODE="FWFT",WR_DEPTH=1024,WADDR_WIDTH=10,RADDR_WIDTH=8,ASYM_WIDTH_RATIO=6,RAM_MUX_RATIO=4,PROGRAMMABLE_FULL="STATIC_SINGLE",PROG_FULL_ASSERT=512,PROG_FULL_NEGATE=23,PROG_EMPTY_ASSERT=5,PROG_EMPTY_NEGATE=7,OVERFLOW_PROTECT=1,UNDERFLOW_PROTECT=1)' [VERI-1018]
WARNING  : C:\Users\Jing-XuanTan(i)\Downloads\evsoc-efinity-v2026.1.132\evsoc-efinity-v2026.1.132\cam_single\Ti60F225_dsi\ip\hbram\hbram.sv(5806): expression size 32 truncated to fit in target size 11 [VERI-1209]
WARNING  : C:\Users\Jing-XuanTan(i)\Downloads\evsoc-efinity-v2026.1.132\evsoc-efinity-v2026.1.132\cam_single\Ti60F225_dsi\ip\hbram\hbram.sv(5807): expression size 32 truncated to fit in target size 9 [VERI-1209]
INFO     : C:\Users\Jing-XuanTan(i)\Downloads\evsoc-efinity-v2026.1.132\evsoc-efinity-v2026.1.132\cam_single\Ti60F225_dsi\ip\hbram\hbram.sv(5309): compiling module '**' [VERI-1018]
WARNING  : C:\Users\Jing-XuanTan(i)\Downloads\evsoc-efinity-v2026.1.132\evsoc-efinity-v2026.1.132\cam_single\Ti60F225_dsi\ip\hbram\hbram.sv(5309): expression size ** truncated to fit in target size ** [VERI-1209]
WARNING  : C:\Users\Jing-XuanTan(i)\Downloads\evsoc-efinity-v2026.1.132\evsoc-efinity-v2026.1.132\cam_single\Ti60F225_dsi\ip\hbram\hbram.sv(1946): actual bit length ** differs from formal bit length *** for port '**' [VERI-1330]
INFO     : C:\Users\Jing-XuanTan(i)\Downloads\evsoc-efinity-v2026.1.132\evsoc-efinity-v2026.1.132\cam_single\Ti60F225_dsi\ip\hbram\hbram.sv(2351): compiling module '**' [VERI-1018]
INFO     : C:\Users\Jing-XuanTan(i)\Downloads\evsoc-efinity-v2026.1.132\evsoc-efinity-v2026.1.132\cam_single\Ti60F225_dsi\ip\hbram\hbram.sv(3545): compiling module '**' [VERI-1018]
WARNING  : C:\Users\Jing-XuanTan(i)\Downloads\evsoc-efinity-v2026.1.132\evsoc-efinity-v2026.1.132\cam_single\Ti60F225_dsi\ip\hbram\hbram.sv(3545): expression size ** truncated to fit in target size ** [VERI-1209]
INFO     : C:\Users\Jing-XuanTan(i)\Downloads\evsoc-efinity-v2026.1.132\evsoc-efinity-v2026.1.132\cam_single\Ti60F225_dsi\ip\hbram\hbram.sv(6651): compiling module 'efx_asyncreg_b64bd53245f74d6a99e917bfa5663d9f(ASYNC_STAGE=8,WIDTH=1)' [VERI-1018]
INFO     : C:\Users\Jing-XuanTan(i)\Downloads\evsoc-efinity-v2026.1.132\evsoc-efinity-v2026.1.132\cam_single\Ti60F225_dsi\ip\hbram\hbram.sv(6342): compiling module 'efx_fifo_top_b64bd53245f74d6a99e917bfa5663d9f(DEPTH=16,PROGRAMMABLE_FULL="NONE",PROGRAMMABLE_EMPTY="NONE",UNDERFLOW_PROTECT=0)' [VERI-1018]
INFO     : C:\Users\Jing-XuanTan(i)\Downloads\evsoc-efinity-v2026.1.132\evsoc-efinity-v2026.1.132\cam_single\Ti60F225_dsi\ip\hbram\hbram.sv(6030): compiling module 'efx_fifo_ram_b64bd53245f74d6a99e917bfa5663d9f(WR_DEPTH=16,RD_DEPTH=16,WDATA_WIDTH=32,RDATA_WIDTH=32,WADDR_WIDTH=4,RADDR_WIDTH=4,OUTPUT_REG=0,RAM_MUX_RATIO=1)' [VERI-1018]
INFO     : C:\Users\Jing-XuanTan(i)\Downloads\evsoc-efinity-v2026.1.132\evsoc-efinity-v2026.1.132\cam_single\Ti60F225_dsi\ip\hbram\hbram.sv(6067): extracting RAM for identifier 'ram' [VERI-2571]
INFO     : C:\Users\Jing-XuanTan(i)\Downloads\evsoc-efinity-v2026.1.132\evsoc-efinity-v2026.1.132\cam_single\Ti60F225_dsi\ip\hbram\hbram.sv(3853): compiling module '**' [VERI-1018]
WARNING  : C:\Users\Jing-XuanTan(i)\Downloads\evsoc-efinity-v2026.1.132\evsoc-efinity-v2026.1.132\cam_single\Ti60F225_dsi\ip\hbram\hbram.sv(2351): actual bit length ** differs from formal bit length *** for port '**' [VERI-1330]
INFO     : C:\Users\Jing-XuanTan(i)\Downloads\evsoc-efinity-v2026.1.132\evsoc-efinity-v2026.1.132\cam_single\Ti60F225_dsi\ip\hbram\hbram.sv(4591): compiling module '**' [VERI-1018]
WARNING  : C:\Users\Jing-XuanTan(i)\Downloads\evsoc-efinity-v2026.1.132\evsoc-efinity-v2026.1.132\cam_single\Ti60F225_dsi\ip\hbram\hbram.sv(4591): expression size ** truncated to fit in target size ** [VERI-1209]
WARNING  : C:\Users\Jing-XuanTan(i)\Downloads\evsoc-efinity-v2026.1.132\evsoc-efinity-v2026.1.132\cam_single\Ti60F225_dsi\ip\hbram\hbram.sv(147): input port 'ram_clk_cal_2' remains unconnected for this instance [VDB-1053]
WARNING  : C:\Users\Jing-XuanTan(i)\Downloads\evsoc-efinity-v2026.1.132\evsoc-efinity-v2026.1.132\cam_single\Ti60F225_dsi\ip\hbram\hbram.sv(147): input port 'native_clk' is not connected on this instance [VDB-1013]
INFO     : C:\Users\Jing-XuanTan(i)\Downloads\evsoc-efinity-v2026.1.132\evsoc-efinity-v2026.1.132\cam_single\Ti60F225_dsi\ip\SapphireSoc\SapphireSoc.v(49): compiling module 'SapphireSoc' [VERI-1018]
INFO     : C:\Users\Jing-XuanTan(i)\Downloads\evsoc-efinity-v2026.1.132\evsoc-efinity-v2026.1.132\cam_single\Ti60F225_dsi\ip\SapphireSoc\SapphireSoc.v(241): compiling module 'EfxSapphireSoc_6efbde20b50d413e80bcbb518a5e14d9' [VERI-1018]
INFO     : C:\Users\Jing-XuanTan(i)\Downloads\evsoc-efinity-v2026.1.132\evsoc-efinity-v2026.1.132\cam_single\Ti60F225_dsi\ip\SapphireSoc\SapphireSoc.v(12796): compiling module 'VexRiscv_6efbde20b50d413e80bcbb518a5e14d9' [VERI-1018]
INFO     : C:\Users\Jing-XuanTan(i)\Downloads\evsoc-efinity-v2026.1.132\evsoc-efinity-v2026.1.132\cam_single\Ti60F225_dsi\ip\SapphireSoc\SapphireSoc.v(14207): extracting RAM for identifier 'RegFilePlugin_regFile' [VERI-2571]
INFO     : C:\Users\Jing-XuanTan(i)\Downloads\evsoc-efinity-v2026.1.132\evsoc-efinity-v2026.1.132\cam_single\Ti60F225_dsi\ip\SapphireSoc\SapphireSoc.v(22409): compiling module 'InstructionCache_6efbde20b50d413e80bcbb518a5e14d9' [VERI-1018]
INFO     : C:\Users\Jing-XuanTan(i)\Downloads\evsoc-efinity-v2026.1.132\evsoc-efinity-v2026.1.132\cam_single\Ti60F225_dsi\ip\SapphireSoc\SapphireSoc.v(22515): extracting RAM for identifier 'banks_0' [VERI-2571]
INFO     : C:\Users\Jing-XuanTan(i)\Downloads\evsoc-efinity-v2026.1.132\evsoc-efinity-v2026.1.132\cam_single\Ti60F225_dsi\ip\SapphireSoc\SapphireSoc.v(22516): extracting RAM for identifier 'ways_0_tags' [VERI-2571]
INFO     : C:\Users\Jing-XuanTan(i)\Downloads\evsoc-efinity-v2026.1.132\evsoc-efinity-v2026.1.132\cam_single\Ti60F225_dsi\ip\SapphireSoc\SapphireSoc.v(21555): compiling module 'DataCache_6efbde20b50d413e80bcbb518a5e14d9' [VERI-1018]
INFO     : C:\Users\Jing-XuanTan(i)\Downloads\evsoc-efinity-v2026.1.132\evsoc-efinity-v2026.1.132\cam_single\Ti60F225_dsi\ip\SapphireSoc\SapphireSoc.v(21769): extracting RAM for identifier 'ways_0_tags' [VERI-2571]
INFO     : C:\Users\Jing-XuanTan(i)\Downloads\evsoc-efinity-v2026.1.132\evsoc-efinity-v2026.1.132\cam_single\Ti60F225_dsi\ip\SapphireSoc\SapphireSoc.v(21770): extracting RAM for identifier 'ways_0_data_symbol0' [VERI-2571]
INFO     : C:\Users\Jing-XuanTan(i)\Downloads\evsoc-efinity-v2026.1.132\evsoc-efinity-v2026.1.132\cam_single\Ti60F225_dsi\ip\SapphireSoc\SapphireSoc.v(21771): extracting RAM for identifier 'ways_0_data_symbol1' [VERI-2571]
INFO     : C:\Users\Jing-XuanTan(i)\Downloads\evsoc-efinity-v2026.1.132\evsoc-efinity-v2026.1.132\cam_single\Ti60F225_dsi\ip\SapphireSoc\SapphireSoc.v(21772): extracting RAM for identifier 'ways_0_data_symbol2' [VERI-2571]
INFO     : C:\Users\Jing-XuanTan(i)\Downloads\evsoc-efinity-v2026.1.132\evsoc-efinity-v2026.1.132\cam_single\Ti60F225_dsi\ip\SapphireSoc\SapphireSoc.v(21773): extracting RAM for identifier 'ways_0_data_symbol3' [VERI-2571]
WARNING  : C:\Users\Jing-XuanTan(i)\Downloads\evsoc-efinity-v2026.1.132\evsoc-efinity-v2026.1.132\cam_single\Ti60F225_dsi\ip\SapphireSoc\SapphireSoc.v(22381): system task 'display' is ignored for synthesis [VERI-1142]
INFO     : C:\Users\Jing-XuanTan(i)\Downloads\evsoc-efinity-v2026.1.132\evsoc-efinity-v2026.1.132\cam_single\Ti60F225_dsi\ip\SapphireSoc\SapphireSoc.v(21536): compiling module 'BufferCC_6efbde20b50d413e80bcbb518a5e14d9' [VERI-1018]
INFO     : C:\Users\Jing-XuanTan(i)\Downloads\evsoc-efinity-v2026.1.132\evsoc-efinity-v2026.1.132\cam_single\Ti60F225_dsi\ip\SapphireSoc\SapphireSoc.v(23725): compiling module 'EfxCPUSp1_6efbde20b50d413e80bcbb518a5e14d9' [VERI-1018]
INFO     : C:\Users\Jing-XuanTan(i)\Downloads\evsoc-efinity-v2026.1.132\evsoc-efinity-v2026.1.132\cam_single\Ti60F225_dsi\ip\SapphireSoc\SapphireSoc.v(23796): compiling module 'EfxCPUSp2_6efbde20b50d413e80bcbb518a5e14d9' [VERI-1018]
WARNING  : C:\Users\Jing-XuanTan(i)\Downloads\evsoc-efinity-v2026.1.132\evsoc-efinity-v2026.1.132\cam_single\Ti60F225_dsi\ip\SapphireSoc\SapphireSoc.v(12884): net 'IBusCachedPlugin_cache_io_cpu_fetch_isRemoved' does not have a driver [VDB-1002]
WARNING  : C:\Users\Jing-XuanTan(i)\Downloads\evsoc-efinity-v2026.1.132\evsoc-efinity-v2026.1.132\cam_single\Ti60F225_dsi\ip\SapphireSoc\SapphireSoc.v(12897): net 'dataCache_1_io_cpu_writeBack_fence_SW' does not have a driver [VDB-1002]
WARNING  : C:\Users\Jing-XuanTan(i)\Downloads\evsoc-efinity-v2026.1.132\evsoc-efinity-v2026.1.132\cam_single\Ti60F225_dsi\ip\SapphireSoc\SapphireSoc.v(12898): net 'dataCache_1_io_cpu_writeBack_fence_SR' does not have a driver [VDB-1002]
WARNING  : C:\Users\Jing-XuanTan(i)\Downloads\evsoc-efinity-v2026.1.132\evsoc-efinity-v2026.1.132\cam_single\Ti60F225_dsi\ip\SapphireSoc\SapphireSoc.v(12899): net 'dataCache_1_io_cpu_writeBack_fence_SO' does not have a driver [VDB-1002]
WARNING  : C:\Users\Jing-XuanTan(i)\Downloads\evsoc-efinity-v2026.1.132\evsoc-efinity-v2026.1.132\cam_single\Ti60F225_dsi\ip\SapphireSoc\SapphireSoc.v(12900): net 'dataCache_1_io_cpu_writeBack_fence_SI' does not have a driver [VDB-1002]
WARNING  : C:\Users\Jing-XuanTan(i)\Downloads\evsoc-efinity-v2026.1.132\evsoc-efinity-v2026.1.132\cam_single\Ti60F225_dsi\ip\SapphireSoc\SapphireSoc.v(12901): net 'dataCache_1_io_cpu_writeBack_fence_PW' does not have a driver [VDB-1002]
WARNING  : C:\Users\Jing-XuanTan(i)\Downloads\evsoc-efinity-v2026.1.132\evsoc-efinity-v2026.1.132\cam_single\Ti60F225_dsi\ip\SapphireSoc\SapphireSoc.v(12902): net 'dataCache_1_io_cpu_writeBack_fence_PR' does not have a driver [VDB-1002]
WARNING  : C:\Users\Jing-XuanTan(i)\Downloads\evsoc-efinity-v2026.1.132\evsoc-efinity-v2026.1.132\cam_single\Ti60F225_dsi\ip\SapphireSoc\SapphireSoc.v(12903): net 'dataCache_1_io_cpu_writeBack_fence_PO' does not have a driver [VDB-1002]
WARNING  : C:\Users\Jing-XuanTan(i)\Downloads\evsoc-efinity-v2026.1.132\evsoc-efinity-v2026.1.132\cam_single\Ti60F225_dsi\ip\SapphireSoc\SapphireSoc.v(12904): net 'dataCache_1_io_cpu_writeBack_fence_PI' does not have a driver [VDB-1002]
WARNING  : C:\Users\Jing-XuanTan(i)\Downloads\evsoc-efinity-v2026.1.132\evsoc-efinity-v2026.1.132\cam_single\Ti60F225_dsi\ip\SapphireSoc\SapphireSoc.v(12905): net 'dataCache_1_io_cpu_writeBack_fence_FM[3]' does not have a driver [VDB-1002]
WARNING  : C:\Users\Jing-XuanTan(i)\Downloads\evsoc-efinity-v2026.1.132\evsoc-efinity-v2026.1.132\cam_single\Ti60F225_dsi\ip\SapphireSoc\SapphireSoc.v(13412): net 'IBusCachedPlugin_mmuBus_rsp_bypassTranslation' does not have a driver [VDB-1002]
WARNING  : C:\Users\Jing-XuanTan(i)\Downloads\evsoc-efinity-v2026.1.132\evsoc-efinity-v2026.1.132\cam_single\Ti60F225_dsi\ip\SapphireSoc\SapphireSoc.v(13438): net 'DBusCachedPlugin_mmuBus_rsp_bypassTranslation' does not have a driver [VDB-1002]
WARNING  : C:\Users\Jing-XuanTan(i)\Downloads\evsoc-efinity-v2026.1.132\evsoc-efinity-v2026.1.132\cam_single\Ti60F225_dsi\ip\SapphireSoc\SapphireSoc.v(13546): net 'IBusCachedPlugin_iBusRsp_output_payload_rsp_error' does not have a driver [VDB-1002]
WARNING  : C:\Users\Jing-XuanTan(i)\Downloads\evsoc-efinity-v2026.1.132\evsoc-efinity-v2026.1.132\cam_single\Ti60F225_dsi\ip\SapphireSoc\SapphireSoc.v(13548): net 'IBusCachedPlugin_iBusRsp_output_payload_isRvc' does not have a driver [VDB-1002]
WARNING  : C:\Users\Jing-XuanTan(i)\Downloads\evsoc-efinity-v2026.1.132\evsoc-efinity-v2026.1.132\cam_single\Ti60F225_dsi\ip\SapphireSoc\SapphireSoc.v(13782): net 'CsrPlugin_mtvec_mode[1]' does not have a driver [VDB-1002]
INFO     : C:\Users\Jing-XuanTan(i)\Downloads\evsoc-efinity-v2026.1.132\evsoc-efinity-v2026.1.132\cam_single\Ti60F225_dsi\ip\SapphireSoc\SapphireSoc.v(11795): compiling module 'DebugModule_6efbde20b50d413e80bcbb518a5e14d9' [VERI-1018]
INFO     : C:\Users\Jing-XuanTan(i)\Downloads\evsoc-efinity-v2026.1.132\evsoc-efinity-v2026.1.132\cam_single\Ti60F225_dsi\ip\SapphireSoc\SapphireSoc.v(12001): extracting RAM for identifier 'logic_progbufX_mem' [VERI-2571]
INFO     : C:\Users\Jing-XuanTan(i)\Downloads\evsoc-efinity-v2026.1.132\evsoc-efinity-v2026.1.132\cam_single\Ti60F225_dsi\ip\SapphireSoc\SapphireSoc.v(11771): compiling module 'BufferCC_21_6efbde20b50d413e80bcbb518a5e14d9' [VERI-1018]
INFO     : C:\Users\Jing-XuanTan(i)\Downloads\evsoc-efinity-v2026.1.132\evsoc-efinity-v2026.1.132\cam_single\Ti60F225_dsi\ip\SapphireSoc\SapphireSoc.v(11747): compiling module 'BufferCC_22_6efbde20b50d413e80bcbb518a5e14d9' [VERI-1018]
INFO     : C:\Users\Jing-XuanTan(i)\Downloads\evsoc-efinity-v2026.1.132\evsoc-efinity-v2026.1.132\cam_single\Ti60F225_dsi\ip\SapphireSoc\SapphireSoc.v(23291): compiling module 'BufferCC_14_6efbde20b50d413e80bcbb518a5e14d9' [VERI-1018]
INFO     : C:\Users\Jing-XuanTan(i)\Downloads\evsoc-efinity-v2026.1.132\evsoc-efinity-v2026.1.132\cam_single\Ti60F225_dsi\ip\SapphireSoc\SapphireSoc.v(11721): compiling module 'BufferCC_24_6efbde20b50d413e80bcbb518a5e14d9' [VERI-1018]
INFO     : C:\Users\Jing-XuanTan(i)\Downloads\evsoc-efinity-v2026.1.132\evsoc-efinity-v2026.1.132\cam_single\Ti60F225_dsi\ip\SapphireSoc\SapphireSoc.v(11702): compiling module 'BufferCC_25_6efbde20b50d413e80bcbb518a5e14d9' [VERI-1018]
INFO     : C:\Users\Jing-XuanTan(i)\Downloads\evsoc-efinity-v2026.1.132\evsoc-efinity-v2026.1.132\cam_single\Ti60F225_dsi\ip\SapphireSoc\SapphireSoc.v(11676): compiling module 'BufferCC_27_6efbde20b50d413e80bcbb518a5e14d9' [VERI-1018]
INFO     : C:\Users\Jing-XuanTan(i)\Downloads\evsoc-efinity-v2026.1.132\evsoc-efinity-v2026.1.132\cam_single\Ti60F225_dsi\ip\SapphireSoc\SapphireSoc.v(11203): compiling module 'DebugTransportModuleTunneled_6efbde20b50d413e80bcbb518a5e14d9' [VERI-1018]
INFO     : C:\Users\Jing-XuanTan(i)\Downloads\evsoc-efinity-v2026.1.132\evsoc-efinity-v2026.1.132\cam_single\Ti60F225_dsi\ip\SapphireSoc\SapphireSoc.v(21472): compiling module 'FlowCCByToggle_6efbde20b50d413e80bcbb518a5e14d9' [VERI-1018]
WARNING  : C:\Users\Jing-XuanTan(i)\Downloads\evsoc-efinity-v2026.1.132\evsoc-efinity-v2026.1.132\cam_single\Ti60F225_dsi\ip\SapphireSoc\SapphireSoc.v(21506): system function call 'urandom' is not supported [VERI-1141]
WARNING  : C:\Users\Jing-XuanTan(i)\Downloads\evsoc-efinity-v2026.1.132\evsoc-efinity-v2026.1.132\cam_single\Ti60F225_dsi\ip\SapphireSoc\SapphireSoc.v(21507): system function call 'urandom' is not supported [VERI-1141]
INFO     : C:\Users\Jing-XuanTan(i)\Downloads\evsoc-efinity-v2026.1.132\evsoc-efinity-v2026.1.132\cam_single\Ti60F225_dsi\ip\SapphireSoc\SapphireSoc.v(23675): compiling module 'BufferCC_1_6efbde20b50d413e80bcbb518a5e14d9' [VERI-1018]
WARNING  : C:\Users\Jing-XuanTan(i)\Downloads\evsoc-efinity-v2026.1.132\evsoc-efinity-v2026.1.132\cam_single\Ti60F225_dsi\ip\SapphireSoc\SapphireSoc.v(23687): system function call 'urandom' is not supported [VERI-1141]
WARNING  : C:\Users\Jing-XuanTan(i)\Downloads\evsoc-efinity-v2026.1.132\evsoc-efinity-v2026.1.132\cam_single\Ti60F225_dsi\ip\SapphireSoc\SapphireSoc.v(23688): system function call 'urandom' is not supported [VERI-1141]
INFO     : C:\Users\Jing-XuanTan(i)\Downloads\evsoc-efinity-v2026.1.132\evsoc-efinity-v2026.1.132\cam_single\Ti60F225_dsi\ip\SapphireSoc\SapphireSoc.v(21386): compiling module 'FlowCCByToggle_1_6efbde20b50d413e80bcbb518a5e14d9' [VERI-1018]
INFO     : C:\Users\Jing-XuanTan(i)\Downloads\evsoc-efinity-v2026.1.132\evsoc-efinity-v2026.1.132\cam_single\Ti60F225_dsi\ip\SapphireSoc\SapphireSoc.v(23651): compiling module 'BufferCC_2_6efbde20b50d413e80bcbb518a5e14d9' [VERI-1018]
INFO     : C:\Users\Jing-XuanTan(i)\Downloads\evsoc-efinity-v2026.1.132\evsoc-efinity-v2026.1.132\cam_single\Ti60F225_dsi\ip\SapphireSoc\SapphireSoc.v(23627): compiling module 'BufferCC_3_6efbde20b50d413e80bcbb518a5e14d9' [VERI-1018]
INFO     : C:\Users\Jing-XuanTan(i)\Downloads\evsoc-efinity-v2026.1.132\evsoc-efinity-v2026.1.132\cam_single\Ti60F225_dsi\ip\SapphireSoc\SapphireSoc.v(11163): compiling module 'BmbDecoder_6efbde20b50d413e80bcbb518a5e14d9' [VERI-1018]
INFO     : C:\Users\Jing-XuanTan(i)\Downloads\evsoc-efinity-v2026.1.132\evsoc-efinity-v2026.1.132\cam_single\Ti60F225_dsi\ip\SapphireSoc\SapphireSoc.v(11027): compiling module 'BmbArbiter_6efbde20b50d413e80bcbb518a5e14d9' [VERI-1018]
INFO     : C:\Users\Jing-XuanTan(i)\Downloads\evsoc-efinity-v2026.1.132\evsoc-efinity-v2026.1.132\cam_single\Ti60F225_dsi\ip\SapphireSoc\SapphireSoc.v(21282): compiling module 'StreamArbiter_6efbde20b50d413e80bcbb518a5e14d9' [VERI-1018]
INFO     : C:\Users\Jing-XuanTan(i)\Downloads\evsoc-efinity-v2026.1.132\evsoc-efinity-v2026.1.132\cam_single\Ti60F225_dsi\ip\SapphireSoc\SapphireSoc.v(10445): compiling module 'BmbToAxi4SharedBridge_6efbde20b50d413e80bcbb518a5e14d9' [VERI-1018]
INFO     : C:\Users\Jing-XuanTan(i)\Downloads\evsoc-efinity-v2026.1.132\evsoc-efinity-v2026.1.132\cam_single\Ti60F225_dsi\ip\SapphireSoc\SapphireSoc.v(21115): compiling module 'StreamFifo_6efbde20b50d413e80bcbb518a5e14d9' [VERI-1018]
INFO     : C:\Users\Jing-XuanTan(i)\Downloads\evsoc-efinity-v2026.1.132\evsoc-efinity-v2026.1.132\cam_single\Ti60F225_dsi\ip\SapphireSoc\SapphireSoc.v(21170): extracting RAM for identifier 'logic_ram' [VERI-2571]
INFO     : C:\Users\Jing-XuanTan(i)\Downloads\evsoc-efinity-v2026.1.132\evsoc-efinity-v2026.1.132\cam_single\Ti60F225_dsi\ip\SapphireSoc\SapphireSoc.v(10314): compiling module 'BmbCcFifo_6efbde20b50d413e80bcbb518a5e14d9' [VERI-1018]
INFO     : C:\Users\Jing-XuanTan(i)\Downloads\evsoc-efinity-v2026.1.132\evsoc-efinity-v2026.1.132\cam_single\Ti60F225_dsi\ip\SapphireSoc\SapphireSoc.v(20853): compiling module 'StreamFifoCC_6efbde20b50d413e80bcbb518a5e14d9' [VERI-1018]
INFO     : C:\Users\Jing-XuanTan(i)\Downloads\evsoc-efinity-v2026.1.132\evsoc-efinity-v2026.1.132\cam_single\Ti60F225_dsi\ip\SapphireSoc\SapphireSoc.v(20952): extracting RAM for identifier 'ram' [VERI-2571]
INFO     : C:\Users\Jing-XuanTan(i)\Downloads\evsoc-efinity-v2026.1.132\evsoc-efinity-v2026.1.132\cam_single\Ti60F225_dsi\ip\SapphireSoc\SapphireSoc.v(23603): compiling module 'BufferCC_4_6efbde20b50d413e80bcbb518a5e14d9' [VERI-1018]
INFO     : C:\Users\Jing-XuanTan(i)\Downloads\evsoc-efinity-v2026.1.132\evsoc-efinity-v2026.1.132\cam_single\Ti60F225_dsi\ip\SapphireSoc\SapphireSoc.v(23579): compiling module 'BufferCC_5_6efbde20b50d413e80bcbb518a5e14d9' [VERI-1018]
INFO     : C:\Users\Jing-XuanTan(i)\Downloads\evsoc-efinity-v2026.1.132\evsoc-efinity-v2026.1.132\cam_single\Ti60F225_dsi\ip\SapphireSoc\SapphireSoc.v(23555): compiling module 'BufferCC_6_6efbde20b50d413e80bcbb518a5e14d9' [VERI-1018]
INFO     : C:\Users\Jing-XuanTan(i)\Downloads\evsoc-efinity-v2026.1.132\evsoc-efinity-v2026.1.132\cam_single\Ti60F225_dsi\ip\SapphireSoc\SapphireSoc.v(20614): compiling module 'StreamFifoCC_1_6efbde20b50d413e80bcbb518a5e14d9' [VERI-1018]
INFO     : C:\Users\Jing-XuanTan(i)\Downloads\evsoc-efinity-v2026.1.132\evsoc-efinity-v2026.1.132\cam_single\Ti60F225_dsi\ip\SapphireSoc\SapphireSoc.v(20701): extracting RAM for identifier 'ram' [VERI-2571]
INFO     : C:\Users\Jing-XuanTan(i)\Downloads\evsoc-efinity-v2026.1.132\evsoc-efinity-v2026.1.132\cam_single\Ti60F225_dsi\ip\SapphireSoc\SapphireSoc.v(23531): compiling module 'BufferCC_7_6efbde20b50d413e80bcbb518a5e14d9' [VERI-1018]
INFO     : C:\Users\Jing-XuanTan(i)\Downloads\evsoc-efinity-v2026.1.132\evsoc-efinity-v2026.1.132\cam_single\Ti60F225_dsi\ip\SapphireSoc\SapphireSoc.v(23507): compiling module 'BufferCC_8_6efbde20b50d413e80bcbb518a5e14d9' [VERI-1018]
INFO     : C:\Users\Jing-XuanTan(i)\Downloads\evsoc-efinity-v2026.1.132\evsoc-efinity-v2026.1.132\cam_single\Ti60F225_dsi\ip\SapphireSoc\SapphireSoc.v(23483): compiling module 'BufferCC_9_6efbde20b50d413e80bcbb518a5e14d9' [VERI-1018]
INFO     : C:\Users\Jing-XuanTan(i)\Downloads\evsoc-efinity-v2026.1.132\evsoc-efinity-v2026.1.132\cam_single\Ti60F225_dsi\ip\SapphireSoc\SapphireSoc.v(9953): compiling module 'Axi4SharedArbiter_6efbde20b50d413e80bcbb518a5e14d9' [VERI-1018]
INFO     : C:\Users\Jing-XuanTan(i)\Downloads\evsoc-efinity-v2026.1.132\evsoc-efinity-v2026.1.132\cam_single\Ti60F225_dsi\ip\SapphireSoc\SapphireSoc.v(20525): compiling module 'StreamArbiter_1_6efbde20b50d413e80bcbb518a5e14d9' [VERI-1018]
INFO     : C:\Users\Jing-XuanTan(i)\Downloads\evsoc-efinity-v2026.1.132\evsoc-efinity-v2026.1.132\cam_single\Ti60F225_dsi\ip\SapphireSoc\SapphireSoc.v(20490): compiling module 'StreamFifoLowLatency_6efbde20b50d413e80bcbb518a5e14d9' [VERI-1018]
INFO     : C:\Users\Jing-XuanTan(i)\Downloads\evsoc-efinity-v2026.1.132\evsoc-efinity-v2026.1.132\cam_single\Ti60F225_dsi\ip\SapphireSoc\SapphireSoc.v(23389): compiling module 'StreamFifo_2_6efbde20b50d413e80bcbb518a5e14d9' [VERI-1018]
INFO     : C:\Users\Jing-XuanTan(i)\Downloads\evsoc-efinity-v2026.1.132\evsoc-efinity-v2026.1.132\cam_single\Ti60F225_dsi\ip\SapphireSoc\SapphireSoc.v(9906): compiling module 'StreamFifoLowLatency_1_6efbde20b50d413e80bcbb518a5e14d9' [VERI-1018]
INFO     : C:\Users\Jing-XuanTan(i)\Downloads\evsoc-efinity-v2026.1.132\evsoc-efinity-v2026.1.132\cam_single\Ti60F225_dsi\ip\SapphireSoc\SapphireSoc.v(20345): compiling module 'StreamFifo_3_6efbde20b50d413e80bcbb518a5e14d9' [VERI-1018]
INFO     : C:\Users\Jing-XuanTan(i)\Downloads\evsoc-efinity-v2026.1.132\evsoc-efinity-v2026.1.132\cam_single\Ti60F225_dsi\ip\SapphireSoc\SapphireSoc.v(20390): extracting RAM for identifier 'logic_ram' [VERI-2571]
INFO     : C:\Users\Jing-XuanTan(i)\Downloads\evsoc-efinity-v2026.1.132\evsoc-efinity-v2026.1.132\cam_single\Ti60F225_dsi\ip\SapphireSoc\SapphireSoc.v(9588): compiling module 'BmbDecoder_1_6efbde20b50d413e80bcbb518a5e14d9' [VERI-1018]
INFO     : C:\Users\Jing-XuanTan(i)\Downloads\evsoc-efinity-v2026.1.132\evsoc-efinity-v2026.1.132\cam_single\Ti60F225_dsi\ip\SapphireSoc\SapphireSoc.v(9355): compiling module 'BmbUpSizerBridge_6efbde20b50d413e80bcbb518a5e14d9' [VERI-1018]
INFO     : C:\Users\Jing-XuanTan(i)\Downloads\evsoc-efinity-v2026.1.132\evsoc-efinity-v2026.1.132\cam_single\Ti60F225_dsi\ip\SapphireSoc\SapphireSoc.v(9247): compiling module 'BmbOnChipRam_6efbde20b50d413e80bcbb518a5e14d9' [VERI-1018]
INFO     : C:\Users\Jing-XuanTan(i)\Downloads\evsoc-efinity-v2026.1.132\evsoc-efinity-v2026.1.132\cam_single\Ti60F225_dsi\ip\SapphireSoc\SapphireSoc.v(9279): extracting RAM for identifier 'ram_symbol0' [VERI-2571]
INFO     : C:\Users\Jing-XuanTan(i)\Downloads\evsoc-efinity-v2026.1.132\evsoc-efinity-v2026.1.132\cam_single\Ti60F225_dsi\ip\SapphireSoc\SapphireSoc.v(9280): extracting RAM for identifier 'ram_symbol1' [VERI-2571]
INFO     : C:\Users\Jing-XuanTan(i)\Downloads\evsoc-efinity-v2026.1.132\evsoc-efinity-v2026.1.132\cam_single\Ti60F225_dsi\ip\SapphireSoc\SapphireSoc.v(9281): extracting RAM for identifier 'ram_symbol2' [VERI-2571]
INFO     : C:\Users\Jing-XuanTan(i)\Downloads\evsoc-efinity-v2026.1.132\evsoc-efinity-v2026.1.132\cam_single\Ti60F225_dsi\ip\SapphireSoc\SapphireSoc.v(9282): extracting RAM for identifier 'ram_symbol3' [VERI-2571]
INFO     : C:\Users\Jing-XuanTan(i)\Downloads\evsoc-efinity-v2026.1.132\evsoc-efinity-v2026.1.132\cam_single\Ti60F225_dsi\ip\SapphireSoc\SapphireSoc.v(9289): readmemb: reading from file 'C:/Users/Jing-XuanTan(i)/Downloads/evsoc-efinity-v2026.1.132/evsoc-efinity-v2026.1.132/cam_single/Ti60F225_dsi/ip/SapphireSoc/EfxSapphireSoc.v_toplevel_system_ramA_logic_ram_symbol0.bin' [VERI-2855]
INFO     : C:\Users\Jing-XuanTan(i)\Downloads\evsoc-efinity-v2026.1.132\evsoc-efinity-v2026.1.132\cam_single\Ti60F225_dsi\ip\SapphireSoc\SapphireSoc.v(9290): readmemb: reading from file 'C:/Users/Jing-XuanTan(i)/Downloads/evsoc-efinity-v2026.1.132/evsoc-efinity-v2026.1.132/cam_single/Ti60F225_dsi/ip/SapphireSoc/EfxSapphireSoc.v_toplevel_system_ramA_logic_ram_symbol1.bin' [VERI-2855]
INFO     : C:\Users\Jing-XuanTan(i)\Downloads\evsoc-efinity-v2026.1.132\evsoc-efinity-v2026.1.132\cam_single\Ti60F225_dsi\ip\SapphireSoc\SapphireSoc.v(9291): readmemb: reading from file 'C:/Users/Jing-XuanTan(i)/Downloads/evsoc-efinity-v2026.1.132/evsoc-efinity-v2026.1.132/cam_single/Ti60F225_dsi/ip/SapphireSoc/EfxSapphireSoc.v_toplevel_system_ramA_logic_ram_symbol2.bin' [VERI-2855]
INFO     : C:\Users\Jing-XuanTan(i)\Downloads\evsoc-efinity-v2026.1.132\evsoc-efinity-v2026.1.132\cam_single\Ti60F225_dsi\ip\SapphireSoc\SapphireSoc.v(9292): readmemb: reading from file 'C:/Users/Jing-XuanTan(i)/Downloads/evsoc-efinity-v2026.1.132/evsoc-efinity-v2026.1.132/cam_single/Ti60F225_dsi/ip/SapphireSoc/EfxSapphireSoc.v_toplevel_system_ramA_logic_ram_symbol3.bin' [VERI-2855]
INFO     : C:\Users\Jing-XuanTan(i)\Downloads\evsoc-efinity-v2026.1.132\evsoc-efinity-v2026.1.132\cam_single\Ti60F225_dsi\ip\SapphireSoc\SapphireSoc.v(9021): compiling module 'BmbUnburstify_6efbde20b50d413e80bcbb518a5e14d9' [VERI-1018]
INFO     : C:\Users\Jing-XuanTan(i)\Downloads\evsoc-efinity-v2026.1.132\evsoc-efinity-v2026.1.132\cam_single\Ti60F225_dsi\ip\SapphireSoc\SapphireSoc.v(8906): compiling module 'BmbCcToggle_6efbde20b50d413e80bcbb518a5e14d9' [VERI-1018]
INFO     : C:\Users\Jing-XuanTan(i)\Downloads\evsoc-efinity-v2026.1.132\evsoc-efinity-v2026.1.132\cam_single\Ti60F225_dsi\ip\SapphireSoc\SapphireSoc.v(20162): compiling module 'StreamCCByToggle_6efbde20b50d413e80bcbb518a5e14d9' [VERI-1018]
INFO     : C:\Users\Jing-XuanTan(i)\Downloads\evsoc-efinity-v2026.1.132\evsoc-efinity-v2026.1.132\cam_single\Ti60F225_dsi\ip\SapphireSoc\SapphireSoc.v(23365): compiling module 'BufferCC_10_6efbde20b50d413e80bcbb518a5e14d9' [VERI-1018]
INFO     : C:\Users\Jing-XuanTan(i)\Downloads\evsoc-efinity-v2026.1.132\evsoc-efinity-v2026.1.132\cam_single\Ti60F225_dsi\ip\SapphireSoc\SapphireSoc.v(23341): compiling module 'BufferCC_11_6efbde20b50d413e80bcbb518a5e14d9' [VERI-1018]
INFO     : C:\Users\Jing-XuanTan(i)\Downloads\evsoc-efinity-v2026.1.132\evsoc-efinity-v2026.1.132\cam_single\Ti60F225_dsi\ip\SapphireSoc\SapphireSoc.v(23317): compiling module 'BufferCC_12_6efbde20b50d413e80bcbb518a5e14d9' [VERI-1018]
INFO     : C:\Users\Jing-XuanTan(i)\Downloads\evsoc-efinity-v2026.1.132\evsoc-efinity-v2026.1.132\cam_single\Ti60F225_dsi\ip\SapphireSoc\SapphireSoc.v(20010): compiling module 'StreamCCByToggle_1_6efbde20b50d413e80bcbb518a5e14d9' [VERI-1018]
INFO     : C:\Users\Jing-XuanTan(i)\Downloads\evsoc-efinity-v2026.1.132\evsoc-efinity-v2026.1.132\cam_single\Ti60F225_dsi\ip\SapphireSoc\SapphireSoc.v(23701): compiling module 'BufferCC_16_6efbde20b50d413e80bcbb518a5e14d9' [VERI-1018]
INFO     : C:\Users\Jing-XuanTan(i)\Downloads\evsoc-efinity-v2026.1.132\evsoc-efinity-v2026.1.132\cam_single\Ti60F225_dsi\ip\SapphireSoc\SapphireSoc.v(23267): compiling module 'BufferCC_15_6efbde20b50d413e80bcbb518a5e14d9' [VERI-1018]
INFO     : C:\Users\Jing-XuanTan(i)\Downloads\evsoc-efinity-v2026.1.132\evsoc-efinity-v2026.1.132\cam_single\Ti60F225_dsi\ip\SapphireSoc\SapphireSoc.v(8357): compiling module 'BmbDecoder_2_6efbde20b50d413e80bcbb518a5e14d9' [VERI-1018]
INFO     : C:\Users\Jing-XuanTan(i)\Downloads\evsoc-efinity-v2026.1.132\evsoc-efinity-v2026.1.132\cam_single\Ti60F225_dsi\ip\SapphireSoc\SapphireSoc.v(8173): compiling module 'BmbClint_6efbde20b50d413e80bcbb518a5e14d9' [VERI-1018]
INFO     : C:\Users\Jing-XuanTan(i)\Downloads\evsoc-efinity-v2026.1.132\evsoc-efinity-v2026.1.132\cam_single\Ti60F225_dsi\ip\SapphireSoc\SapphireSoc.v(7681): compiling module 'BmbUartCtrl_6efbde20b50d413e80bcbb518a5e14d9' [VERI-1018]
INFO     : C:\Users\Jing-XuanTan(i)\Downloads\evsoc-efinity-v2026.1.132\evsoc-efinity-v2026.1.132\cam_single\Ti60F225_dsi\ip\SapphireSoc\SapphireSoc.v(19881): compiling module 'UartCtrl_6efbde20b50d413e80bcbb518a5e14d9' [VERI-1018]
INFO     : C:\Users\Jing-XuanTan(i)\Downloads\evsoc-efinity-v2026.1.132\evsoc-efinity-v2026.1.132\cam_single\Ti60F225_dsi\ip\SapphireSoc\SapphireSoc.v(23027): compiling module 'UartCtrlTx_6efbde20b50d413e80bcbb518a5e14d9' [VERI-1018]
INFO     : C:\Users\Jing-XuanTan(i)\Downloads\evsoc-efinity-v2026.1.132\evsoc-efinity-v2026.1.132\cam_single\Ti60F225_dsi\ip\SapphireSoc\SapphireSoc.v(22733): compiling module 'UartCtrlRx_6efbde20b50d413e80bcbb518a5e14d9' [VERI-1018]
INFO     : C:\Users\Jing-XuanTan(i)\Downloads\evsoc-efinity-v2026.1.132\evsoc-efinity-v2026.1.132\cam_single\Ti60F225_dsi\ip\SapphireSoc\SapphireSoc.v(19727): compiling module 'StreamFifo_4_6efbde20b50d413e80bcbb518a5e14d9' [VERI-1018]
INFO     : C:\Users\Jing-XuanTan(i)\Downloads\evsoc-efinity-v2026.1.132\evsoc-efinity-v2026.1.132\cam_single\Ti60F225_dsi\ip\SapphireSoc\SapphireSoc.v(19775): extracting RAM for identifier 'logic_ram' [VERI-2571]
INFO     : C:\Users\Jing-XuanTan(i)\Downloads\evsoc-efinity-v2026.1.132\evsoc-efinity-v2026.1.132\cam_single\Ti60F225_dsi\ip\SapphireSoc\SapphireSoc.v(7202): compiling module 'BmbSpiXdrMasterCtrl_6efbde20b50d413e80bcbb518a5e14d9' [VERI-1018]
INFO     : C:\Users\Jing-XuanTan(i)\Downloads\evsoc-efinity-v2026.1.132\evsoc-efinity-v2026.1.132\cam_single\Ti60F225_dsi\ip\SapphireSoc\SapphireSoc.v(19078): compiling module 'TopLevel_6efbde20b50d413e80bcbb518a5e14d9' [VERI-1018]
INFO     : C:\Users\Jing-XuanTan(i)\Downloads\evsoc-efinity-v2026.1.132\evsoc-efinity-v2026.1.132\cam_single\Ti60F225_dsi\ip\SapphireSoc\SapphireSoc.v(18893): compiling module 'StreamFifo_6_6efbde20b50d413e80bcbb518a5e14d9' [VERI-1018]
INFO     : C:\Users\Jing-XuanTan(i)\Downloads\evsoc-efinity-v2026.1.132\evsoc-efinity-v2026.1.132\cam_single\Ti60F225_dsi\ip\SapphireSoc\SapphireSoc.v(18958): extracting RAM for identifier 'logic_ram' [VERI-2571]
INFO     : C:\Users\Jing-XuanTan(i)\Downloads\evsoc-efinity-v2026.1.132\evsoc-efinity-v2026.1.132\cam_single\Ti60F225_dsi\ip\SapphireSoc\SapphireSoc.v(18739): compiling module 'StreamFifo_7_6efbde20b50d413e80bcbb518a5e14d9' [VERI-1018]
INFO     : C:\Users\Jing-XuanTan(i)\Downloads\evsoc-efinity-v2026.1.132\evsoc-efinity-v2026.1.132\cam_single\Ti60F225_dsi\ip\SapphireSoc\SapphireSoc.v(18787): extracting RAM for identifier 'logic_ram' [VERI-2571]
INFO     : C:\Users\Jing-XuanTan(i)\Downloads\evsoc-efinity-v2026.1.132\evsoc-efinity-v2026.1.132\cam_single\Ti60F225_dsi\ip\SapphireSoc\SapphireSoc.v(5552): compiling module 'BmbI2cCtrl_6efbde20b50d413e80bcbb518a5e14d9' [VERI-1018]
WARNING  : C:\Users\Jing-XuanTan(i)\Downloads\evsoc-efinity-v2026.1.132\evsoc-efinity-v2026.1.132\cam_single\Ti60F225_dsi\ip\SapphireSoc\SapphireSoc.v(5874): system function call 'urandom' is not supported [VERI-1141]
WARNING  : C:\Users\Jing-XuanTan(i)\Downloads\evsoc-efinity-v2026.1.132\evsoc-efinity-v2026.1.132\cam_single\Ti60F225_dsi\ip\SapphireSoc\SapphireSoc.v(5875): system function call 'urandom' is not supported [VERI-1141]
INFO     : C:\Users\Jing-XuanTan(i)\Downloads\evsoc-efinity-v2026.1.132\evsoc-efinity-v2026.1.132\cam_single\Ti60F225_dsi\ip\SapphireSoc\SapphireSoc.v(18393): compiling module 'I2cSlave_6efbde20b50d413e80bcbb518a5e14d9' [VERI-1018]
INFO     : C:\Users\Jing-XuanTan(i)\Downloads\evsoc-efinity-v2026.1.132\evsoc-efinity-v2026.1.132\cam_single\Ti60F225_dsi\ip\SapphireSoc\SapphireSoc.v(22709): compiling module 'BufferCC_17_6efbde20b50d413e80bcbb518a5e14d9' [VERI-1018]
INFO     : C:\Users\Jing-XuanTan(i)\Downloads\evsoc-efinity-v2026.1.132\evsoc-efinity-v2026.1.132\cam_single\Ti60F225_dsi\ip\SapphireSoc\SapphireSoc.v(5401): compiling module 'BmbToApb3Bridge_6efbde20b50d413e80bcbb518a5e14d9' [VERI-1018]
INFO     : C:\Users\Jing-XuanTan(i)\Downloads\evsoc-efinity-v2026.1.132\evsoc-efinity-v2026.1.132\cam_single\Ti60F225_dsi\ip\SapphireSoc\SapphireSoc.v(5290): compiling module 'StreamCCByToggle_2_6efbde20b50d413e80bcbb518a5e14d9' [VERI-1018]
INFO     : C:\Users\Jing-XuanTan(i)\Downloads\evsoc-efinity-v2026.1.132\evsoc-efinity-v2026.1.132\cam_single\Ti60F225_dsi\ip\SapphireSoc\SapphireSoc.v(18367): compiling module 'BufferCC_20_6efbde20b50d413e80bcbb518a5e14d9' [VERI-1018]
INFO     : C:\Users\Jing-XuanTan(i)\Downloads\evsoc-efinity-v2026.1.132\evsoc-efinity-v2026.1.132\cam_single\Ti60F225_dsi\source\hw_accel\hw_accel_apb3.v(8): compiling module 'hw_accel_apb3' [VERI-1018]
INFO     : C:\Users\Jing-XuanTan(i)\Downloads\evsoc-efinity-v2026.1.132\evsoc-efinity-v2026.1.132\cam_single\Ti60F225_dsi\source\hw_accel\hw_accel_apb3.v(37): extracting RAM for identifier 'slaveReg' [VERI-2571]
WARNING  : C:\Users\Jing-XuanTan(i)\Downloads\evsoc-efinity-v2026.1.132\evsoc-efinity-v2026.1.132\cam_single\Ti60F225_dsi\source\hw_accel\hw_accel_apb3.v(38): net 'slaveRegOut[31]' does not have a driver [VDB-1002]
INFO     : C:\Users\Jing-XuanTan(i)\Downloads\evsoc-efinity-v2026.1.132\evsoc-efinity-v2026.1.132\cam_single\Ti60F225_dsi\ip\dma\dma.v(49): compiling module 'dma' [VERI-1018]
INFO     : C:\Users\Jing-XuanTan(i)\Downloads\evsoc-efinity-v2026.1.132\evsoc-efinity-v2026.1.132\cam_single\Ti60F225_dsi\ip\dma\dma.v(239): compiling module 'EfxDMA_2176bebf0e03438c95113a4b5fdff9eb' [VERI-1018]
INFO     : C:\Users\Jing-XuanTan(i)\Downloads\evsoc-efinity-v2026.1.132\evsoc-efinity-v2026.1.132\cam_single\Ti60F225_dsi\ip\dma\dma.v(4319): compiling module 'EfxDMA_Core_2176bebf0e03438c95113a4b5fdff9eb' [VERI-1018]
INFO     : C:\Users\Jing-XuanTan(i)\Downloads\evsoc-efinity-v2026.1.132\evsoc-efinity-v2026.1.132\cam_single\Ti60F225_dsi\ip\dma\dma.v(13029): compiling module 'EfxDMA_DmaMemoryCore_2176bebf0e03438c95113a4b5fdff9eb' [VERI-1018]
INFO     : C:\Users\Jing-XuanTan(i)\Downloads\evsoc-efinity-v2026.1.132\evsoc-efinity-v2026.1.132\cam_single\Ti60F225_dsi\ip\dma\dma.v(13408): extracting RAM for identifier 'banks_0_ram' [VERI-2571]
INFO     : C:\Users\Jing-XuanTan(i)\Downloads\evsoc-efinity-v2026.1.132\evsoc-efinity-v2026.1.132\cam_single\Ti60F225_dsi\ip\dma\dma.v(13409): extracting RAM for identifier 'banks_1_ram' [VERI-2571]
WARNING  : C:\Users\Jing-XuanTan(i)\Downloads\evsoc-efinity-v2026.1.132\evsoc-efinity-v2026.1.132\cam_single\Ti60F225_dsi\ip\dma\dma.v(13454): system function call 'urandom' is not supported [VERI-1141]
WARNING  : C:\Users\Jing-XuanTan(i)\Downloads\evsoc-efinity-v2026.1.132\evsoc-efinity-v2026.1.132\cam_single\Ti60F225_dsi\ip\dma\dma.v(13455): system function call 'urandom' is not supported [VERI-1141]
WARNING  : C:\Users\Jing-XuanTan(i)\Downloads\evsoc-efinity-v2026.1.132\evsoc-efinity-v2026.1.132\cam_single\Ti60F225_dsi\ip\dma\dma.v(13456): system function call 'urandom' is not supported [VERI-1141]
WARNING  : C:\Users\Jing-XuanTan(i)\Downloads\evsoc-efinity-v2026.1.132\evsoc-efinity-v2026.1.132\cam_single\Ti60F225_dsi\ip\dma\dma.v(13457): system function call 'urandom' is not supported [VERI-1141]
WARNING  : C:\Users\Jing-XuanTan(i)\Downloads\evsoc-efinity-v2026.1.132\evsoc-efinity-v2026.1.132\cam_single\Ti60F225_dsi\ip\dma\dma.v(13458): system function call 'urandom' is not supported [VERI-1141]
INFO     : C:\Users\Jing-XuanTan(i)\Downloads\evsoc-efinity-v2026.1.132\evsoc-efinity-v2026.1.132\cam_single\Ti60F225_dsi\ip\dma\dma.v(9654): compiling module 'EfxDMA_Aggregator_2176bebf0e03438c95113a4b5fdff9eb' [VERI-1018]
INFO     : C:\Users\Jing-XuanTan(i)\Downloads\evsoc-efinity-v2026.1.132\evsoc-efinity-v2026.1.132\cam_single\Ti60F225_dsi\ip\dma\dma.v(4124): compiling module 'EfxDMA_Apb3CC_2176bebf0e03438c95113a4b5fdff9eb' [VERI-1018]
INFO     : C:\Users\Jing-XuanTan(i)\Downloads\evsoc-efinity-v2026.1.132\evsoc-efinity-v2026.1.132\cam_single\Ti60F225_dsi\ip\dma\dma.v(9583): compiling module 'EfxDMA_FlowCCUnsafeByToggle_2176bebf0e03438c95113a4b5fdff9eb' [VERI-1018]
INFO     : C:\Users\Jing-XuanTan(i)\Downloads\evsoc-efinity-v2026.1.132\evsoc-efinity-v2026.1.132\cam_single\Ti60F225_dsi\ip\dma\dma.v(14625): compiling module 'EfxDMA_BufferCC_2176bebf0e03438c95113a4b5fdff9eb' [VERI-1018]
INFO     : C:\Users\Jing-XuanTan(i)\Downloads\evsoc-efinity-v2026.1.132\evsoc-efinity-v2026.1.132\cam_single\Ti60F225_dsi\ip\dma\dma.v(9507): compiling module 'EfxDMA_FlowCCUnsafeByToggle_1_2176bebf0e03438c95113a4b5fdff9eb' [VERI-1018]
INFO     : C:\Users\Jing-XuanTan(i)\Downloads\evsoc-efinity-v2026.1.132\evsoc-efinity-v2026.1.132\cam_single\Ti60F225_dsi\ip\dma\dma.v(14601): compiling module 'EfxDMA_BufferCC_1_2176bebf0e03438c95113a4b5fdff9eb' [VERI-1018]
INFO     : C:\Users\Jing-XuanTan(i)\Downloads\evsoc-efinity-v2026.1.132\evsoc-efinity-v2026.1.132\cam_single\Ti60F225_dsi\ip\dma\dma.v(4105): compiling module 'EfxDMA_BufferCC_12_2176bebf0e03438c95113a4b5fdff9eb' [VERI-1018]
INFO     : C:\Users\Jing-XuanTan(i)\Downloads\evsoc-efinity-v2026.1.132\evsoc-efinity-v2026.1.132\cam_single\Ti60F225_dsi\ip\dma\dma.v(4046): compiling module 'EfxDMA_BmbSourceRemover_2176bebf0e03438c95113a4b5fdff9eb' [VERI-1018]
INFO     : C:\Users\Jing-XuanTan(i)\Downloads\evsoc-efinity-v2026.1.132\evsoc-efinity-v2026.1.132\cam_single\Ti60F225_dsi\ip\dma\dma.v(3940): compiling module 'EfxDMA_BmbToAxi4ReadOnlyBridge_2176bebf0e03438c95113a4b5fdff9eb' [VERI-1018]
INFO     : C:\Users\Jing-XuanTan(i)\Downloads\evsoc-efinity-v2026.1.132\evsoc-efinity-v2026.1.132\cam_single\Ti60F225_dsi\ip\dma\dma.v(9308): compiling module 'EfxDMA_BmbContextRemover_2176bebf0e03438c95113a4b5fdff9eb' [VERI-1018]
INFO     : C:\Users\Jing-XuanTan(i)\Downloads\evsoc-efinity-v2026.1.132\evsoc-efinity-v2026.1.132\cam_single\Ti60F225_dsi\ip\dma\dma.v(14419): compiling module 'EfxDMA_StreamFifo_2176bebf0e03438c95113a4b5fdff9eb' [VERI-1018]
INFO     : C:\Users\Jing-XuanTan(i)\Downloads\evsoc-efinity-v2026.1.132\evsoc-efinity-v2026.1.132\cam_single\Ti60F225_dsi\ip\dma\dma.v(14476): extracting RAM for identifier 'logic_ram' [VERI-2571]
INFO     : C:\Users\Jing-XuanTan(i)\Downloads\evsoc-efinity-v2026.1.132\evsoc-efinity-v2026.1.132\cam_single\Ti60F225_dsi\ip\dma\dma.v(3764): compiling module 'EfxDMA_StreamFifo_3_2176bebf0e03438c95113a4b5fdff9eb' [VERI-1018]
INFO     : C:\Users\Jing-XuanTan(i)\Downloads\evsoc-efinity-v2026.1.132\evsoc-efinity-v2026.1.132\cam_single\Ti60F225_dsi\ip\dma\dma.v(3824): extracting RAM for identifier 'logic_ram' [VERI-2571]
INFO     : C:\Users\Jing-XuanTan(i)\Downloads\evsoc-efinity-v2026.1.132\evsoc-efinity-v2026.1.132\cam_single\Ti60F225_dsi\ip\dma\dma.v(3702): compiling module 'EfxDMA_BmbSourceRemover_1_2176bebf0e03438c95113a4b5fdff9eb' [VERI-1018]
INFO     : C:\Users\Jing-XuanTan(i)\Downloads\evsoc-efinity-v2026.1.132\evsoc-efinity-v2026.1.132\cam_single\Ti60F225_dsi\ip\dma\dma.v(3496): compiling module 'EfxDMA_BmbWriteRetainer_2176bebf0e03438c95113a4b5fdff9eb' [VERI-1018]
INFO     : C:\Users\Jing-XuanTan(i)\Downloads\evsoc-efinity-v2026.1.132\evsoc-efinity-v2026.1.132\cam_single\Ti60F225_dsi\ip\dma\dma.v(9094): compiling module 'EfxDMA_StreamFifo_1_2176bebf0e03438c95113a4b5fdff9eb' [VERI-1018]
INFO     : C:\Users\Jing-XuanTan(i)\Downloads\evsoc-efinity-v2026.1.132\evsoc-efinity-v2026.1.132\cam_single\Ti60F225_dsi\ip\dma\dma.v(9175): extracting RAM for identifier 'logic_ram' [VERI-2571]
INFO     : C:\Users\Jing-XuanTan(i)\Downloads\evsoc-efinity-v2026.1.132\evsoc-efinity-v2026.1.132\cam_single\Ti60F225_dsi\ip\dma\dma.v(3272): compiling module 'EfxDMA_BmbToAxi4WriteOnlyBridge_2176bebf0e03438c95113a4b5fdff9eb' [VERI-1018]
INFO     : C:\Users\Jing-XuanTan(i)\Downloads\evsoc-efinity-v2026.1.132\evsoc-efinity-v2026.1.132\cam_single\Ti60F225_dsi\ip\dma\dma.v(8880): compiling module 'EfxDMA_BmbContextRemover_1_2176bebf0e03438c95113a4b5fdff9eb' [VERI-1018]
INFO     : C:\Users\Jing-XuanTan(i)\Downloads\evsoc-efinity-v2026.1.132\evsoc-efinity-v2026.1.132\cam_single\Ti60F225_dsi\ip\dma\dma.v(14237): compiling module 'EfxDMA_StreamFifo_2_2176bebf0e03438c95113a4b5fdff9eb' [VERI-1018]
INFO     : C:\Users\Jing-XuanTan(i)\Downloads\evsoc-efinity-v2026.1.132\evsoc-efinity-v2026.1.132\cam_single\Ti60F225_dsi\ip\dma\dma.v(14294): extracting RAM for identifier 'logic_ram' [VERI-2571]
INFO     : C:\Users\Jing-XuanTan(i)\Downloads\evsoc-efinity-v2026.1.132\evsoc-efinity-v2026.1.132\cam_single\Ti60F225_dsi\ip\dma\dma.v(3060): compiling module 'EfxDMA_StreamFifoCC_2176bebf0e03438c95113a4b5fdff9eb' [VERI-1018]
INFO     : C:\Users\Jing-XuanTan(i)\Downloads\evsoc-efinity-v2026.1.132\evsoc-efinity-v2026.1.132\cam_single\Ti60F225_dsi\ip\dma\dma.v(3136): extracting RAM for identifier 'ram' [VERI-2571]
INFO     : C:\Users\Jing-XuanTan(i)\Downloads\evsoc-efinity-v2026.1.132\evsoc-efinity-v2026.1.132\cam_single\Ti60F225_dsi\ip\dma\dma.v(8856): compiling module 'EfxDMA_BufferCC_2_2176bebf0e03438c95113a4b5fdff9eb' [VERI-1018]
INFO     : C:\Users\Jing-XuanTan(i)\Downloads\evsoc-efinity-v2026.1.132\evsoc-efinity-v2026.1.132\cam_single\Ti60F225_dsi\ip\dma\dma.v(8832): compiling module 'EfxDMA_BufferCC_3_2176bebf0e03438c95113a4b5fdff9eb' [VERI-1018]
INFO     : C:\Users\Jing-XuanTan(i)\Downloads\evsoc-efinity-v2026.1.132\evsoc-efinity-v2026.1.132\cam_single\Ti60F225_dsi\ip\dma\dma.v(2975): compiling module 'EfxDMA_BsbUpSizerDense_2176bebf0e03438c95113a4b5fdff9eb' [VERI-1018]
INFO     : C:\Users\Jing-XuanTan(i)\Downloads\evsoc-efinity-v2026.1.132\evsoc-efinity-v2026.1.132\cam_single\Ti60F225_dsi\ip\dma\dma.v(2763): compiling module 'EfxDMA_StreamFifoCC_1_2176bebf0e03438c95113a4b5fdff9eb' [VERI-1018]
INFO     : C:\Users\Jing-XuanTan(i)\Downloads\evsoc-efinity-v2026.1.132\evsoc-efinity-v2026.1.132\cam_single\Ti60F225_dsi\ip\dma\dma.v(2839): extracting RAM for identifier 'ram' [VERI-2571]
INFO     : C:\Users\Jing-XuanTan(i)\Downloads\evsoc-efinity-v2026.1.132\evsoc-efinity-v2026.1.132\cam_single\Ti60F225_dsi\ip\dma\dma.v(8808): compiling module 'EfxDMA_BufferCC_4_2176bebf0e03438c95113a4b5fdff9eb' [VERI-1018]
INFO     : C:\Users\Jing-XuanTan(i)\Downloads\evsoc-efinity-v2026.1.132\evsoc-efinity-v2026.1.132\cam_single\Ti60F225_dsi\ip\dma\dma.v(2551): compiling module 'EfxDMA_StreamFifoCC_2_2176bebf0e03438c95113a4b5fdff9eb' [VERI-1018]
INFO     : C:\Users\Jing-XuanTan(i)\Downloads\evsoc-efinity-v2026.1.132\evsoc-efinity-v2026.1.132\cam_single\Ti60F225_dsi\ip\dma\dma.v(2627): extracting RAM for identifier 'ram' [VERI-2571]
INFO     : C:\Users\Jing-XuanTan(i)\Downloads\evsoc-efinity-v2026.1.132\evsoc-efinity-v2026.1.132\cam_single\Ti60F225_dsi\ip\dma\dma.v(8780): compiling module 'EfxDMA_BufferCC_7_2176bebf0e03438c95113a4b5fdff9eb' [VERI-1018]
INFO     : C:\Users\Jing-XuanTan(i)\Downloads\evsoc-efinity-v2026.1.132\evsoc-efinity-v2026.1.132\cam_single\Ti60F225_dsi\ip\dma\dma.v(2339): compiling module 'EfxDMA_StreamFifoCC_3_2176bebf0e03438c95113a4b5fdff9eb' [VERI-1018]
INFO     : C:\Users\Jing-XuanTan(i)\Downloads\evsoc-efinity-v2026.1.132\evsoc-efinity-v2026.1.132\cam_single\Ti60F225_dsi\ip\dma\dma.v(2415): extracting RAM for identifier 'ram' [VERI-2571]
INFO     : C:\Users\Jing-XuanTan(i)\Downloads\evsoc-efinity-v2026.1.132\evsoc-efinity-v2026.1.132\cam_single\Ti60F225_dsi\ip\dma\dma.v(8754): compiling module 'EfxDMA_BufferCC_9_2176bebf0e03438c95113a4b5fdff9eb' [VERI-1018]
INFO     : C:\Users\Jing-XuanTan(i)\Downloads\evsoc-efinity-v2026.1.132\evsoc-efinity-v2026.1.132\cam_single\Ti60F225_dsi\ip\dma\dma.v(2127): compiling module 'EfxDMA_StreamFifoCC_4_2176bebf0e03438c95113a4b5fdff9eb' [VERI-1018]
INFO     : C:\Users\Jing-XuanTan(i)\Downloads\evsoc-efinity-v2026.1.132\evsoc-efinity-v2026.1.132\cam_single\Ti60F225_dsi\ip\dma\dma.v(2203): extracting RAM for identifier 'ram' [VERI-2571]
INFO     : C:\Users\Jing-XuanTan(i)\Downloads\evsoc-efinity-v2026.1.132\evsoc-efinity-v2026.1.132\cam_single\Ti60F225_dsi\ip\dma\dma.v(8728): compiling module 'EfxDMA_BufferCC_11_2176bebf0e03438c95113a4b5fdff9eb' [VERI-1018]
INFO     : C:\Users\Jing-XuanTan(i)\Downloads\evsoc-efinity-v2026.1.132\evsoc-efinity-v2026.1.132\cam_single\Ti60F225_dsi\ip\dma\dma.v(2070): compiling module 'EfxDMA_BsbDownSizerSparse_2176bebf0e03438c95113a4b5fdff9eb' [VERI-1018]
WARNING  : C:\Users\Jing-XuanTan(i)\Downloads\evsoc-efinity-v2026.1.132\evsoc-efinity-v2026.1.132\cam_single\Ti60F225_dsi\edge_vision_soc.v(1378): actual bit length 16 differs from formal bit length 14 for port 'ctrl_PADDR' [VERI-1330]
INFO     : C:\Users\Jing-XuanTan(i)\Downloads\evsoc-efinity-v2026.1.132\evsoc-efinity-v2026.1.132\cam_single\Ti60F225_dsi\source/axi/axi_interconnect.v(25): compiling module 'axi_interconnect(S_COUNT=2,DATA_WIDTH=128)' [VERI-1018]
WARNING  : C:\Users\Jing-XuanTan(i)\Downloads\evsoc-efinity-v2026.1.132\evsoc-efinity-v2026.1.132\cam_single\Ti60F225_dsi\source/axi/axi_interconnect.v(220): system task 'display' is ignored for synthesis [VERI-1142]
WARNING  : C:\Users\Jing-XuanTan(i)\Downloads\evsoc-efinity-v2026.1.132\evsoc-efinity-v2026.1.132\cam_single\Ti60F225_dsi\source/axi/axi_interconnect.v(223): system task 'display' is ignored for synthesis [VERI-1142]
INFO     : C:\Users\Jing-XuanTan(i)\Downloads\evsoc-efinity-v2026.1.132\evsoc-efinity-v2026.1.132\cam_single\Ti60F225_dsi\source/axi/arbiter.v(25): compiling module 'arbiter(TYPE="ROUND_ROBIN",BLOCK="ACKNOWLEDGE",LSB_PRIORITY="HIGH")' [VERI-1018]
INFO     : C:\Users\Jing-XuanTan(i)\Downloads\evsoc-efinity-v2026.1.132\evsoc-efinity-v2026.1.132\cam_single\Ti60F225_dsi\source/axi/priority_encoder.v(25): compiling module 'priority_encoder(LSB_PRIORITY="HIGH")' [VERI-1018]
INFO     : C:\Users\Jing-XuanTan(i)\Downloads\evsoc-efinity-v2026.1.132\evsoc-efinity-v2026.1.132\cam_single\Ti60F225_dsi\source/axi/priority_encoder.v(25): compiling module 'priority_encoder(WIDTH=2,LSB_PRIORITY="HIGH")' [VERI-1018]
WARNING  : C:\Users\Jing-XuanTan(i)\Downloads\evsoc-efinity-v2026.1.132\evsoc-efinity-v2026.1.132\cam_single\Ti60F225_dsi\source/axi/priority_encoder.v(89): expression size 32 truncated to fit in target size 2 [VERI-1209]
WARNING  : C:\Users\Jing-XuanTan(i)\Downloads\evsoc-efinity-v2026.1.132\evsoc-efinity-v2026.1.132\cam_single\Ti60F225_dsi\source/axi/priority_encoder.v(89): expression size 32 truncated to fit in target size 4 [VERI-1209]
WARNING  : C:\Users\Jing-XuanTan(i)\Downloads\evsoc-efinity-v2026.1.132\evsoc-efinity-v2026.1.132\cam_single\Ti60F225_dsi\source/axi/axi_interconnect.v(566): right shift count >= width of value [VERI-1959]
WARNING  : C:\Users\Jing-XuanTan(i)\Downloads\evsoc-efinity-v2026.1.132\evsoc-efinity-v2026.1.132\cam_single\Ti60F225_dsi\source/axi/axi_interconnect.v(689): expression size 32 truncated to fit in target size 8 [VERI-1209]
INFO     : C:\Users\Jing-XuanTan(i)\Downloads\evsoc-efinity-v2026.1.132\evsoc-efinity-v2026.1.132\cam_single\Ti60F225_dsi\source/axi/axi_full_to_half_duplex.v(24): compiling module 'axi_full_to_half_duplex(DATA_WIDTH=128)' [VERI-1018]
WARNING  : C:\Users\Jing-XuanTan(i)\Downloads\evsoc-efinity-v2026.1.132\evsoc-efinity-v2026.1.132\cam_single\Ti60F225_dsi\edge_vision_soc.v(636): net 'hw_accel_dma_rready' does not have a driver [VDB-1002]
WARNING  : C:\Users\Jing-XuanTan(i)\Downloads\evsoc-efinity-v2026.1.132\evsoc-efinity-v2026.1.132\cam_single\Ti60F225_dsi\edge_vision_soc.v(641): net 'hw_accel_dma_wvalid' does not have a driver [VDB-1002]
WARNING  : C:\Users\Jing-XuanTan(i)\Downloads\evsoc-efinity-v2026.1.132\evsoc-efinity-v2026.1.132\cam_single\Ti60F225_dsi\edge_vision_soc.v(642): net 'hw_accel_dma_wlast' does not have a driver [VDB-1002]
WARNING  : C:\Users\Jing-XuanTan(i)\Downloads\evsoc-efinity-v2026.1.132\evsoc-efinity-v2026.1.132\cam_single\Ti60F225_dsi\edge_vision_soc.v(643): net 'hw_accel_dma_wdata[31]' does not have a driver [VDB-1002]
WARNING  : C:\Users\Jing-XuanTan(i)\Downloads\evsoc-efinity-v2026.1.132\evsoc-efinity-v2026.1.132\cam_single\Ti60F225_dsi\edge_vision_soc.v(742): input port 'Rx_HS_D_2[7]' remains unconnected for this instance [VDB-1053]
WARNING  : C:\Users\Jing-XuanTan(i)\Downloads\evsoc-efinity-v2026.1.132\evsoc-efinity-v2026.1.132\cam_single\Ti60F225_dsi\edge_vision_soc.v(1214): input port 'system_spi_0_io_data_2_read' remains unconnected for this instance [VDB-1053]
WARNING  : C:\Users\Jing-XuanTan(i)\Downloads\evsoc-efinity-v2026.1.132\evsoc-efinity-v2026.1.132\cam_single\Ti60F225_dsi\edge_vision_soc.v(1373): input port 'dat1_o_tready' remains unconnected for this instance [VDB-1053]
WARNING  : C:\Users\Jing-XuanTan(i)\Downloads\evsoc-efinity-v2026.1.132\evsoc-efinity-v2026.1.132\cam_single\Ti60F225_dsi\edge_vision_soc.v(1511): input port 's_axi_awuser[1]' remains unconnected for this instance [VDB-1053]
INFO     : Elaboration took 1.6340824 seconds [FlowMsg::StageDuration]
INFO     :     Elaboration took 1.5625 seconds (approximately) in total CPU time [FlowMsg::StageDuration::CPUTime]
INFO     : Elaboration virtual memory usage: begin = 81.184 MB, end = 278.208 MB, delta = 197.024 MB [FlowMsg::VMUsage]
INFO     :     Elaboration peak virtual memory usage = 278.208 MB [FlowMsg::VMUsage::Peak]
INFO     : Elaboration resident set memory usage: begin = 90 MB, end = 288.892 MB, delta = 198.892 MB [FlowMsg::RSSUsage]
INFO     :     Elaboration peak resident set memory usage = 288.892 MB [FlowMsg::RSSUsage::Peak]
INFO     : ***** Ending Elaboration ... *****
INFO     : ... Setting Synthesis Option: mode=speed
INFO     : ***** Beginning Reading Mapping Library ... *****
INFO     : Reading Mapping Library took 0.0261756 seconds [FlowMsg::StageDuration]
INFO     :     Reading Mapping Library took 0.015625 seconds (approximately) in total CPU time [FlowMsg::StageDuration::CPUTime]
INFO     : Reading Mapping Library virtual memory usage: begin = 311.04 MB, end = 311.04 MB, delta = 0 MB [FlowMsg::VMUsage]
INFO     :     Reading Mapping Library peak virtual memory usage = 311.04 MB [FlowMsg::VMUsage::Peak]
INFO     : Reading Mapping Library resident set memory usage: begin = 321.592 MB, end = 321.592 MB, delta = 0 MB [FlowMsg::RSSUsage]
INFO     :     Reading Mapping Library peak resident set memory usage = 321.592 MB [FlowMsg::RSSUsage::Peak]
INFO     : ***** Ending Reading Mapping Library ... *****
INFO     : ... Pre-synthesis checks begin
WARNING  : Removing redundant signal : Rx_HS_D_2[7:0]. (C:\Users\Jing-XuanTan(i)\Downloads\evsoc-efinity-v2026.1.132\evsoc-efinity-v2026.1.132\cam_single\Ti60F225_dsi\ip\csi2_rx_cam\csi2_rx_cam.sv:6307) [EFX-0200]
WARNING  : Removing redundant signal : Rx_HS_D_3[7:0]. (C:\Users\Jing-XuanTan(i)\Downloads\evsoc-efinity-v2026.1.132\evsoc-efinity-v2026.1.132\cam_single\Ti60F225_dsi\ip\csi2_rx_cam\csi2_rx_cam.sv:6307) [EFX-0200]
WARNING  : Removing redundant signal : Rx_HS_D_4[7:0]. (C:\Users\Jing-XuanTan(i)\Downloads\evsoc-efinity-v2026.1.132\evsoc-efinity-v2026.1.132\cam_single\Ti60F225_dsi\ip\csi2_rx_cam\csi2_rx_cam.sv:6307) [EFX-0200]
WARNING  : Removing redundant signal : Rx_HS_D_5[7:0]. (C:\Users\Jing-XuanTan(i)\Downloads\evsoc-efinity-v2026.1.132\evsoc-efinity-v2026.1.132\cam_single\Ti60F225_dsi\ip\csi2_rx_cam\csi2_rx_cam.sv:6307) [EFX-0200]
WARNING  : Removing redundant signal : Rx_HS_D_6[7:0]. (C:\Users\Jing-XuanTan(i)\Downloads\evsoc-efinity-v2026.1.132\evsoc-efinity-v2026.1.132\cam_single\Ti60F225_dsi\ip\csi2_rx_cam\csi2_rx_cam.sv:6307) [EFX-0200]
WARNING  : Removing redundant signal : Rx_HS_D_7[7:0]. (C:\Users\Jing-XuanTan(i)\Downloads\evsoc-efinity-v2026.1.132\evsoc-efinity-v2026.1.132\cam_single\Ti60F225_dsi\ip\csi2_rx_cam\csi2_rx_cam.sv:6307) [EFX-0200]
WARNING  : Removing redundant signal : u_dly_enable_D[1:0]. (C:\Users\Jing-XuanTan(i)\Downloads\evsoc-efinity-v2026.1.132\evsoc-efinity-v2026.1.132\cam_single\Ti60F225_dsi\ip\csi2_rx_cam\csi2_rx_cam.sv:6307) [EFX-0200]
WARNING  : Removing redundant signal : u_dly_inc_D[1:0]. (C:\Users\Jing-XuanTan(i)\Downloads\evsoc-efinity-v2026.1.132\evsoc-efinity-v2026.1.132\cam_single\Ti60F225_dsi\ip\csi2_rx_cam\csi2_rx_cam.sv:6307) [EFX-0200]
WARNING  : Removing redundant signal : axi_awaddr[1:0]. (C:\Users\Jing-XuanTan(i)\Downloads\evsoc-efinity-v2026.1.132\evsoc-efinity-v2026.1.132\cam_single\Ti60F225_dsi\ip\csi2_rx_cam\csi2_rx_cam.sv:5564) [EFX-0200]
WARNING  : Removing redundant signal : axi_araddr[1:0]. (C:\Users\Jing-XuanTan(i)\Downloads\evsoc-efinity-v2026.1.132\evsoc-efinity-v2026.1.132\cam_single\Ti60F225_dsi\ip\csi2_rx_cam\csi2_rx_cam.sv:5564) [EFX-0200]
WARNING  : Removing redundant signal : loc_rdata[31:0]. (C:\Users\Jing-XuanTan(i)\Downloads\evsoc-efinity-v2026.1.132\evsoc-efinity-v2026.1.132\cam_single\Ti60F225_dsi\ip\csi2_rx_cam\csi2_rx_cam.sv:5564) [EFX-0200]
WARNING  : Removing redundant signal : nextCRC16_D16.fcrc[15:0]. (C:\Users\Jing-XuanTan(i)\Downloads\evsoc-efinity-v2026.1.132\evsoc-efinity-v2026.1.132\cam_single\Ti60F225_dsi\ip\csi2_rx_cam\csi2_rx_cam.sv:1466) [EFX-0200]
WARNING  : Removing redundant signal : nextCRC16_D16.Data[15:0]. (C:\Users\Jing-XuanTan(i)\Downloads\evsoc-efinity-v2026.1.132\evsoc-efinity-v2026.1.132\cam_single\Ti60F225_dsi\ip\csi2_rx_cam\csi2_rx_cam.sv:1466) [EFX-0200]
WARNING  : Removing redundant signal : nextCRC16_D16[15:0]. (C:\Users\Jing-XuanTan(i)\Downloads\evsoc-efinity-v2026.1.132\evsoc-efinity-v2026.1.132\cam_single\Ti60F225_dsi\ip\csi2_rx_cam\csi2_rx_cam.sv:1466) [EFX-0200]
WARNING  : Removing redundant signal : nextCRC16_D16.c[15:0]. (C:\Users\Jing-XuanTan(i)\Downloads\evsoc-efinity-v2026.1.132\evsoc-efinity-v2026.1.132\cam_single\Ti60F225_dsi\ip\csi2_rx_cam\csi2_rx_cam.sv:1466) [EFX-0200]
WARNING  : Removing redundant signal : nextCRC16_D16.d[15:0]. (C:\Users\Jing-XuanTan(i)\Downloads\evsoc-efinity-v2026.1.132\evsoc-efinity-v2026.1.132\cam_single\Ti60F225_dsi\ip\csi2_rx_cam\csi2_rx_cam.sv:1466) [EFX-0200]
WARNING  : Removing redundant signal : nextCRC16_D16.newcrc[15:0]. (C:\Users\Jing-XuanTan(i)\Downloads\evsoc-efinity-v2026.1.132\evsoc-efinity-v2026.1.132\cam_single\Ti60F225_dsi\ip\csi2_rx_cam\csi2_rx_cam.sv:1466) [EFX-0200]
WARNING  : Removing redundant signal : nextCRC16_D8[15:0]. (C:\Users\Jing-XuanTan(i)\Downloads\evsoc-efinity-v2026.1.132\evsoc-efinity-v2026.1.132\cam_single\Ti60F225_dsi\ip\csi2_rx_cam\csi2_rx_cam.sv:1466) [EFX-0200]
WARNING  : Removing redundant signal : nextCRC16_D8.Data[7:0]. (C:\Users\Jing-XuanTan(i)\Downloads\evsoc-efinity-v2026.1.132\evsoc-efinity-v2026.1.132\cam_single\Ti60F225_dsi\ip\csi2_rx_cam\csi2_rx_cam.sv:1466) [EFX-0200]
WARNING  : Removing redundant signal : nextCRC16_D8.fcrc[15:0]. (C:\Users\Jing-XuanTan(i)\Downloads\evsoc-efinity-v2026.1.132\evsoc-efinity-v2026.1.132\cam_single\Ti60F225_dsi\ip\csi2_rx_cam\csi2_rx_cam.sv:1466) [EFX-0200]
WARNING  : (The above message was generated too many times, subsequent similar messages will be muted.) [EFX-0200]
INFO     : Module Instance 'genblk4.ecc_check_inst' input pin 'pkt_header[24]' is tied to constant (=0). [EFX-0266]
INFO     : Module Instance 'genblk4.ecc_check_inst' input pin 'pkt_header[25]' is tied to constant (=0). [EFX-0266]
INFO     : Module Instance 'active_high.efx_resetsync_active_high' input pin 'd_i[0]' is tied to constant (=0). [EFX-0266]
INFO     : ... Memory 'ram' is not initialized, assuming empty initial contents. (C:\Users\Jing-XuanTan(i)\Downloads\evsoc-efinity-v2026.1.132\evsoc-efinity-v2026.1.132\cam_single\Ti60F225_dsi\ip\csi2_rx_cam\csi2_rx_cam.sv:7842) [EFX-0677]
INFO     : Module Instance 'genblk1[0].u1_inst' input pin 'wr_clk_i' is tied to constant (=0). [EFX-0266]
INFO     : Module Instance 'genblk1[0].u1_inst' input pin 'rd_clk_i' is tied to constant (=0). [EFX-0266]
INFO     : Module Instance 'genblk1[0].u1_inst' input pin 'a_wr_rst_i' is tied to constant (=0). [EFX-0266]
INFO     : Module Instance 'genblk1[0].u1_inst' input pin 'a_rd_rst_i' is tied to constant (=0). [EFX-0266]
INFO     : Module Instance 'genblk1[1].u1_inst' input pin 'wr_clk_i' is tied to constant (=0). [EFX-0266]
INFO     : Module Instance 'genblk1[1].u1_inst' input pin 'rd_clk_i' is tied to constant (=0). [EFX-0266]
INFO     : Module Instance 'genblk1[1].u1_inst' input pin 'a_wr_rst_i' is tied to constant (=0). [EFX-0266]
INFO     : Module Instance 'genblk1[1].u1_inst' input pin 'a_rd_rst_i' is tied to constant (=0). [EFX-0266]
INFO     : ... Memory 'ram' is not initialized, assuming empty initial contents. (C:\Users\Jing-XuanTan(i)\Downloads\evsoc-efinity-v2026.1.132\evsoc-efinity-v2026.1.132\cam_single\Ti60F225_dsi\ip\csi2_rx_cam\csi2_rx_cam.sv:7842) [EFX-0677]
INFO     : Module Instance 'u1_inst' input pin 'clk_i' is tied to constant (=0). [EFX-0266]
INFO     : Module Instance 'u1_inst' input pin 'a_wr_rst_i' is tied to constant (=0). [EFX-0266]
INFO     : Module Instance 'u1_inst' input pin 'a_rd_rst_i' is tied to constant (=0). [EFX-0266]
INFO     : Module Instance 'csi2_rx_top_inst' input pin 'RxClkEsc[0]' is tied to constant (=0). [EFX-0266]
INFO     : Module Instance 'csi2_rx_top_inst' input pin 'RxClkEsc[1]' is tied to constant (=0). [EFX-0266]
INFO     : Module Instance 'active_high.efx_resetsync_active_high' input pin 'd_i[0]' is tied to constant (=0). [EFX-0266]
INFO     : ... Memory 'ram' is not initialized, assuming empty initial contents. (C:\Users\Jing-XuanTan(i)\Downloads\evsoc-efinity-v2026.1.132\evsoc-efinity-v2026.1.132\cam_single\Ti60F225_dsi\ip\cam_pixel_remap_fifo\cam_pixel_remap_fifo.sv:667) [EFX-0677]
WARNING  : Re-wiring to GND non-driven net/port 'a_wr_rst_i' in module 'efx_fifo_top_077823fa68f649b1a7074c944568f3e4(FAMILY="TITANIUM",SYNC_CLK=1,DATA_WIDTH=40,PIPELINE_REG=0,OUTPUT_REG=1,PROGRAMMABLE_FULL="NONE",PROG_FULL_ASSERT=510,PROG_FULL_NEGATE=510,PROGRAMMABLE_EMPTY="NONE",PROG_EMPTY_ASSERT=2,PROG_EMPTY_NEGATE=3)'. (C:\Users\Jing-XuanTan(i)\Downloads\evsoc-efinity-v2026.1.132\evsoc-efinity-v2026.1.132\cam_single\Ti60F225_dsi\ip\cam_pixel_remap_fifo\cam_pixel_remap_fifo.sv:92) [EFX-0201]
WARNING  : Re-wiring to GND non-driven net/port 'a_rd_rst_i' in module 'efx_fifo_top_077823fa68f649b1a7074c944568f3e4(FAMILY="TITANIUM",SYNC_CLK=1,DATA_WIDTH=40,PIPELINE_REG=0,OUTPUT_REG=1,PROGRAMMABLE_FULL="NONE",PROG_FULL_ASSERT=510,PROG_FULL_NEGATE=510,PROGRAMMABLE_EMPTY="NONE",PROG_EMPTY_ASSERT=2,PROG_EMPTY_NEGATE=3)'. (C:\Users\Jing-XuanTan(i)\Downloads\evsoc-efinity-v2026.1.132\evsoc-efinity-v2026.1.132\cam_single\Ti60F225_dsi\ip\cam_pixel_remap_fifo\cam_pixel_remap_fifo.sv:92) [EFX-0201]
WARNING  : Re-wiring to GND non-driven net/port 'wr_clk_i' in module 'efx_fifo_top_077823fa68f649b1a7074c944568f3e4(FAMILY="TITANIUM",SYNC_CLK=1,DATA_WIDTH=40,PIPELINE_REG=0,OUTPUT_REG=1,PROGRAMMABLE_FULL="NONE",PROG_FULL_ASSERT=510,PROG_FULL_NEGATE=510,PROGRAMMABLE_EMPTY="NONE",PROG_EMPTY_ASSERT=2,PROG_EMPTY_NEGATE=3)'. (C:\Users\Jing-XuanTan(i)\Downloads\evsoc-efinity-v2026.1.132\evsoc-efinity-v2026.1.132\cam_single\Ti60F225_dsi\ip\cam_pixel_remap_fifo\cam_pixel_remap_fifo.sv:92) [EFX-0201]
WARNING  : Re-wiring to GND non-driven net/port 'rd_clk_i' in module 'efx_fifo_top_077823fa68f649b1a7074c944568f3e4(FAMILY="TITANIUM",SYNC_CLK=1,DATA_WIDTH=40,PIPELINE_REG=0,OUTPUT_REG=1,PROGRAMMABLE_FULL="NONE",PROG_FULL_ASSERT=510,PROG_FULL_NEGATE=510,PROGRAMMABLE_EMPTY="NONE",PROG_EMPTY_ASSERT=2,PROG_EMPTY_NEGATE=3)'. (C:\Users\Jing-XuanTan(i)\Downloads\evsoc-efinity-v2026.1.132\evsoc-efinity-v2026.1.132\cam_single\Ti60F225_dsi\ip\cam_pixel_remap_fifo\cam_pixel_remap_fifo.sv:92) [EFX-0201]
WARNING  : Re-wiring to GND non-driven net/port 'r_registers[12][31]' in module 'axi_lite_register(S_AXI_WSTRB_WIDTH=4)'. (C:\Users\Jing-XuanTan(i)\Downloads\evsoc-efinity-v2026.1.132\evsoc-efinity-v2026.1.132\cam_single\Ti60F225_dsi\source/isp/axi_lite_register.sv:99) [EFX-0201]
WARNING  : Re-wiring to GND non-driven net/port 'r_registers[12][30]' in module 'axi_lite_register(S_AXI_WSTRB_WIDTH=4)'. (C:\Users\Jing-XuanTan(i)\Downloads\evsoc-efinity-v2026.1.132\evsoc-efinity-v2026.1.132\cam_single\Ti60F225_dsi\source/isp/axi_lite_register.sv:99) [EFX-0201]
WARNING  : Re-wiring to GND non-driven net/port 'r_registers[12][29]' in module 'axi_lite_register(S_AXI_WSTRB_WIDTH=4)'. (C:\Users\Jing-XuanTan(i)\Downloads\evsoc-efinity-v2026.1.132\evsoc-efinity-v2026.1.132\cam_single\Ti60F225_dsi\source/isp/axi_lite_register.sv:99) [EFX-0201]
WARNING  : Re-wiring to GND non-driven net/port 'r_registers[12][28]' in module 'axi_lite_register(S_AXI_WSTRB_WIDTH=4)'. (C:\Users\Jing-XuanTan(i)\Downloads\evsoc-efinity-v2026.1.132\evsoc-efinity-v2026.1.132\cam_single\Ti60F225_dsi\source/isp/axi_lite_register.sv:99) [EFX-0201]
WARNING  : Re-wiring to GND non-driven net/port 'r_registers[12][27]' in module 'axi_lite_register(S_AXI_WSTRB_WIDTH=4)'. (C:\Users\Jing-XuanTan(i)\Downloads\evsoc-efinity-v2026.1.132\evsoc-efinity-v2026.1.132\cam_single\Ti60F225_dsi\source/isp/axi_lite_register.sv:99) [EFX-0201]
WARNING  : Re-wiring to GND non-driven net/port 'r_registers[12][26]' in module 'axi_lite_register(S_AXI_WSTRB_WIDTH=4)'. (C:\Users\Jing-XuanTan(i)\Downloads\evsoc-efinity-v2026.1.132\evsoc-efinity-v2026.1.132\cam_single\Ti60F225_dsi\source/isp/axi_lite_register.sv:99) [EFX-0201]
WARNING  : (The above message was generated too many times, subsequent similar messages will be muted.) [EFX-0201]
INFO     : ... Memory 'ram' is not initialized, assuming empty initial contents. (C:\Users\Jing-XuanTan(i)\Downloads\evsoc-efinity-v2026.1.132\evsoc-efinity-v2026.1.132\cam_single\Ti60F225_dsi\source/isp/simple_dual_ported_ram.sv:23) [EFX-0677]
INFO     : ... Memory 'pipe_0_center' is not initialized, assuming empty initial contents. (C:\Users\Jing-XuanTan(i)\Downloads\evsoc-efinity-v2026.1.132\evsoc-efinity-v2026.1.132\cam_single\Ti60F225_dsi\source/isp/demosaic.sv:68) [EFX-0677]
INFO     : ... Memory 'pipe_0_outer_horizontal' is not initialized, assuming empty initial contents. (C:\Users\Jing-XuanTan(i)\Downloads\evsoc-efinity-v2026.1.132\evsoc-efinity-v2026.1.132\cam_single\Ti60F225_dsi\source/isp/demosaic.sv:69) [EFX-0677]
INFO     : ... Memory 'pipe_0_outer_vertical' is not initialized, assuming empty initial contents. (C:\Users\Jing-XuanTan(i)\Downloads\evsoc-efinity-v2026.1.132\evsoc-efinity-v2026.1.132\cam_single\Ti60F225_dsi\source/isp/demosaic.sv:70) [EFX-0677]
INFO     : ... Memory 'pipe_0_inner_horizontal' is not initialized, assuming empty initial contents. (C:\Users\Jing-XuanTan(i)\Downloads\evsoc-efinity-v2026.1.132\evsoc-efinity-v2026.1.132\cam_single\Ti60F225_dsi\source/isp/demosaic.sv:71) [EFX-0677]
INFO     : ... Memory 'pipe_0_inner_vertical' is not initialized, assuming empty initial contents. (C:\Users\Jing-XuanTan(i)\Downloads\evsoc-efinity-v2026.1.132\evsoc-efinity-v2026.1.132\cam_single\Ti60F225_dsi\source/isp/demosaic.sv:72) [EFX-0677]
INFO     : ... Memory 'pipe_0_inner_top' is not initialized, assuming empty initial contents. (C:\Users\Jing-XuanTan(i)\Downloads\evsoc-efinity-v2026.1.132\evsoc-efinity-v2026.1.132\cam_single\Ti60F225_dsi\source/isp/demosaic.sv:73) [EFX-0677]
INFO     : ... Memory 'pipe_0_inner_bottom' is not initialized, assuming empty initial contents. (C:\Users\Jing-XuanTan(i)\Downloads\evsoc-efinity-v2026.1.132\evsoc-efinity-v2026.1.132\cam_single\Ti60F225_dsi\source/isp/demosaic.sv:74) [EFX-0677]
INFO     : ... Memory 'pipe_1_center' is not initialized, assuming empty initial contents. (C:\Users\Jing-XuanTan(i)\Downloads\evsoc-efinity-v2026.1.132\evsoc-efinity-v2026.1.132\cam_single\Ti60F225_dsi\source/isp/demosaic.sv:80) [EFX-0677]
INFO     : ... Memory 'pipe_1_center_x5' is not initialized, assuming empty initial contents. (C:\Users\Jing-XuanTan(i)\Downloads\evsoc-efinity-v2026.1.132\evsoc-efinity-v2026.1.132\cam_single\Ti60F225_dsi\source/isp/demosaic.sv:81) [EFX-0677]
INFO     : ... Memory 'pipe_1_center_x6' is not initialized, assuming empty initial contents. (C:\Users\Jing-XuanTan(i)\Downloads\evsoc-efinity-v2026.1.132\evsoc-efinity-v2026.1.132\cam_single\Ti60F225_dsi\source/isp/demosaic.sv:82) [EFX-0677]
INFO     : ... Memory 'pipe_1_outer_horizontal' is not initialized, assuming empty initial contents. (C:\Users\Jing-XuanTan(i)\Downloads\evsoc-efinity-v2026.1.132\evsoc-efinity-v2026.1.132\cam_single\Ti60F225_dsi\source/isp/demosaic.sv:83) [EFX-0677]
INFO     : ... Memory 'pipe_1_outer_vertical' is not initialized, assuming empty initial contents. (C:\Users\Jing-XuanTan(i)\Downloads\evsoc-efinity-v2026.1.132\evsoc-efinity-v2026.1.132\cam_single\Ti60F225_dsi\source/isp/demosaic.sv:84) [EFX-0677]
INFO     : ... Memory 'pipe_1_outer_cross' is not initialized, assuming empty initial contents. (C:\Users\Jing-XuanTan(i)\Downloads\evsoc-efinity-v2026.1.132\evsoc-efinity-v2026.1.132\cam_single\Ti60F225_dsi\source/isp/demosaic.sv:85) [EFX-0677]
INFO     : ... Memory 'pipe_1_inner_h_outer_v_x2' is not initialized, assuming empty initial contents. (C:\Users\Jing-XuanTan(i)\Downloads\evsoc-efinity-v2026.1.132\evsoc-efinity-v2026.1.132\cam_single\Ti60F225_dsi\source/isp/demosaic.sv:86) [EFX-0677]
INFO     : ... Memory 'pipe_1_inner_v_outer_h_x2' is not initialized, assuming empty initial contents. (C:\Users\Jing-XuanTan(i)\Downloads\evsoc-efinity-v2026.1.132\evsoc-efinity-v2026.1.132\cam_single\Ti60F225_dsi\source/isp/demosaic.sv:87) [EFX-0677]
INFO     : ... Memory 'pipe_1_inner_corner' is not initialized, assuming empty initial contents. (C:\Users\Jing-XuanTan(i)\Downloads\evsoc-efinity-v2026.1.132\evsoc-efinity-v2026.1.132\cam_single\Ti60F225_dsi\source/isp/demosaic.sv:88) [EFX-0677]
INFO     : ... Memory 'pipe_1_inner_cross' is not initialized, assuming empty initial contents. (C:\Users\Jing-XuanTan(i)\Downloads\evsoc-efinity-v2026.1.132\evsoc-efinity-v2026.1.132\cam_single\Ti60F225_dsi\source/isp/demosaic.sv:89) [EFX-0677]
INFO     : ... Memory 'pipe_2_center' is not initialized, assuming empty initial contents. (C:\Users\Jing-XuanTan(i)\Downloads\evsoc-efinity-v2026.1.132\evsoc-efinity-v2026.1.132\cam_single\Ti60F225_dsi\source/isp/demosaic.sv:95) [EFX-0677]
INFO     : ... Memory 'pipe_2_center_cross_x2' is not initialized, assuming empty initial contents. (C:\Users\Jing-XuanTan(i)\Downloads\evsoc-efinity-v2026.1.132\evsoc-efinity-v2026.1.132\cam_single\Ti60F225_dsi\source/isp/demosaic.sv:96) [EFX-0677]
INFO     : ... Memory 'pipe_2_outer_cross_x2' is not initialized, assuming empty initial contents. (C:\Users\Jing-XuanTan(i)\Downloads\evsoc-efinity-v2026.1.132\evsoc-efinity-v2026.1.132\cam_single\Ti60F225_dsi\source/isp/demosaic.sv:97) [EFX-0677]
INFO     : ... Memory 'pipe_2_outer_cross_x3' is not initialized, assuming empty initial contents. (C:\Users\Jing-XuanTan(i)\Downloads\evsoc-efinity-v2026.1.132\evsoc-efinity-v2026.1.132\cam_single\Ti60F225_dsi\source/isp/demosaic.sv:98) [EFX-0677]
INFO     : ... Memory 'pipe_2_inner_c_outer_h_x2' is not initialized, assuming empty initial contents. (C:\Users\Jing-XuanTan(i)\Downloads\evsoc-efinity-v2026.1.132\evsoc-efinity-v2026.1.132\cam_single\Ti60F225_dsi\source/isp/demosaic.sv:99) [EFX-0677]
INFO     : ... Memory 'pipe_2_inner_c_outer_v_x2' is not initialized, assuming empty initial contents. (C:\Users\Jing-XuanTan(i)\Downloads\evsoc-efinity-v2026.1.132\evsoc-efinity-v2026.1.132\cam_single\Ti60F225_dsi\source/isp/demosaic.sv:100) [EFX-0677]
INFO     : ... Memory 'pipe_2_rb_at_g1_x2' is not initialized, assuming empty initial contents. (C:\Users\Jing-XuanTan(i)\Downloads\evsoc-efinity-v2026.1.132\evsoc-efinity-v2026.1.132\cam_single\Ti60F225_dsi\source/isp/demosaic.sv:101) [EFX-0677]
INFO     : ... Memory 'pipe_2_rb_at_g2_x2' is not initialized, assuming empty initial contents. (C:\Users\Jing-XuanTan(i)\Downloads\evsoc-efinity-v2026.1.132\evsoc-efinity-v2026.1.132\cam_single\Ti60F225_dsi\source/isp/demosaic.sv:102) [EFX-0677]
INFO     : ... Memory 'pipe_2_rb_at_rb_x2' is not initialized, assuming empty initial contents. (C:\Users\Jing-XuanTan(i)\Downloads\evsoc-efinity-v2026.1.132\evsoc-efinity-v2026.1.132\cam_single\Ti60F225_dsi\source/isp/demosaic.sv:103) [EFX-0677]
INFO     : Module Instance 'ccm_inst' input pin 's_axis_tdata[1]' is tied to constant (=0). [EFX-0266]
INFO     : Module Instance 'ccm_inst' input pin 's_axis_tdata[2]' is tied to constant (=0). [EFX-0266]
INFO     : Module Instance 'ccm_inst' input pin 's_axis_tdata[3]' is tied to constant (=0). [EFX-0266]
INFO     : Module Instance 'ccm_inst' input pin 's_axis_tdata[4]' is tied to constant (=0). [EFX-0266]
INFO     : Module Instance 'ccm_inst' input pin 's_axis_tdata[5]' is tied to constant (=0). [EFX-0266]
INFO     : Module Instance 'ccm_inst' input pin 's_axis_tdata[6]' is tied to constant (=0). [EFX-0266]
INFO     : Module Instance 'ccm_inst' input pin 's_axis_tdata[7]' is tied to constant (=0). [EFX-0266]
INFO     : Module Instance 'ccm_inst' input pin 's_axis_tdata[8]' is tied to constant (=0). [EFX-0266]
INFO     : Module Instance 'ccm_inst' input pin 's_axis_tdata[9]' is tied to constant (=0). [EFX-0266]
INFO     : Module Instance 'ccm_inst' input pin 's_axis_tdata[10]' is tied to constant (=0). [EFX-0266]
INFO     : Module Instance 'ccm_inst' input pin 's_axis_tdata[11]' is tied to constant (=0). [EFX-0266]
INFO     : Module Instance 'ccm_inst' input pin 's_axis_tdata[12]' is tied to constant (=0). [EFX-0266]
INFO     : Module Instance 'ccm_inst' input pin 's_axis_tdata[13]' is tied to constant (=0). [EFX-0266]
INFO     : Module Instance 'ccm_inst' input pin 's_axis_tdata[14]' is tied to constant (=0). [EFX-0266]
INFO     : Module Instance 'ccm_inst' input pin 's_axis_tdata[15]' is tied to constant (=0). [EFX-0266]
INFO     : Module Instance 'ccm_inst' input pin 's_axis_tdata[16]' is tied to constant (=0). [EFX-0266]
INFO     : Module Instance 'ccm_inst' input pin 's_axis_tdata[17]' is tied to constant (=0). [EFX-0266]
INFO     : Module Instance 'ccm_inst' input pin 's_axis_tdata[18]' is tied to constant (=0). [EFX-0266]
INFO     : Module Instance 'ccm_inst' input pin 's_axis_tdata[19]' is tied to constant (=0). [EFX-0266]
INFO     : Module Instance 'ccm_inst' input pin 's_axis_tdata[20]' is tied to constant (=0). [EFX-0266]
INFO     : Module Instance 'ccm_inst' input pin 's_axis_tdata[21]' is tied to constant (=0). [EFX-0266]
INFO     : Module Instance 'ccm_inst' input pin 's_axis_tdata[22]' is tied to constant (=0). [EFX-0266]
INFO     : Module Instance 'ccm_inst' input pin 's_axis_tdata[23]' is tied to constant (=0). [EFX-0266]
INFO     : Module Instance 'ccm_inst' input pin 's_axis_tdata[24]' is tied to constant (=0). [EFX-0266]
INFO     : Module Instance 'ccm_inst' input pin 's_axis_tdata[25]' is tied to constant (=0). [EFX-0266]
INFO     : Module Instance 'ccm_inst' input pin 's_axis_tdata[26]' is tied to constant (=0). [EFX-0266]
INFO     : Module Instance 'ccm_inst' input pin 's_axis_tdata[27]' is tied to constant (=0). [EFX-0266]
INFO     : Module Instance 'ccm_inst' input pin 's_axis_tdata[28]' is tied to constant (=0). [EFX-0266]
INFO     : Module Instance 'ccm_inst' input pin 's_axis_tdata[29]' is tied to constant (=0). [EFX-0266]
INFO     : Module Instance 'ccm_inst' input pin 's_axis_tdata[30]' is tied to constant (=0). [EFX-0266]
INFO     : Module Instance 'ccm_inst' input pin 's_axis_tdata[31]' is tied to constant (=0). [EFX-0266]
INFO     : Module Instance 'ccm_inst' input pin 's_axis_tdata[32]' is tied to constant (=0). [EFX-0266]
INFO     : Module Instance 'ccm_inst' input pin 's_axis_tdata[33]' is tied to constant (=0). [EFX-0266]
INFO     : Module Instance 'ccm_inst' input pin 's_axis_tdata[34]' is tied to constant (=0). [EFX-0266]
INFO     : Module Instance 'ccm_inst' input pin 's_axis_tdata[35]' is tied to constant (=0). [EFX-0266]
INFO     : Module Instance 'ccm_inst' input pin 's_axis_tdata[36]' is tied to constant (=0). [EFX-0266]
INFO     : Module Instance 'ccm_inst' input pin 's_axis_tdata[37]' is tied to constant (=0). [EFX-0266]
INFO     : Module Instance 'ccm_inst' input pin 's_axis_tdata[38]' is tied to constant (=0). [EFX-0266]
INFO     : Module Instance 'ccm_inst' input pin 's_axis_tdata[39]' is tied to constant (=0). [EFX-0266]
INFO     : Module Instance 'ccm_inst' input pin 's_axis_tdata[40]' is tied to constant (=0). [EFX-0266]
INFO     : Module Instance 'ccm_inst' input pin 's_axis_tdata[41]' is tied to constant (=0). [EFX-0266]
INFO     : Module Instance 'ccm_inst' input pin 's_axis_tdata[42]' is tied to constant (=0). [EFX-0266]
INFO     : Module Instance 'ccm_inst' input pin 's_axis_tdata[43]' is tied to constant (=0). [EFX-0266]
INFO     : Module Instance 'ccm_inst' input pin 's_axis_tdata[44]' is tied to constant (=0). [EFX-0266]
INFO     : Module Instance 'ccm_inst' input pin 's_axis_tdata[45]' is tied to constant (=0). [EFX-0266]
INFO     : Module Instance 'ccm_inst' input pin 's_axis_tdata[46]' is tied to constant (=0). [EFX-0266]
INFO     : Module Instance 'ccm_inst' input pin 's_axis_tdata[47]' is tied to constant (=0). [EFX-0266]
INFO     : Module Instance 'ccm_inst' input pin 's_axis_tdata[48]' is tied to constant (=0). [EFX-0266]
INFO     : Module Instance 'ccm_inst' input pin 's_axis_tdata[49]' is tied to constant (=0). [EFX-0266]
INFO     : Module Instance 'ccm_inst' input pin 's_axis_tdata[50]' is tied to constant (=0). [EFX-0266]
INFO     : Module Instance 'ccm_inst' input pin 's_axis_tdata[51]' is tied to constant (=0). [EFX-0266]
INFO     : Module Instance 'ccm_inst' input pin 's_axis_tdata[52]' is tied to constant (=0). [EFX-0266]
INFO     : Module Instance 'ccm_inst' input pin 's_axis_tdata[53]' is tied to constant (=0). [EFX-0266]
INFO     : Module Instance 'ccm_inst' input pin 's_axis_tdata[54]' is tied to constant (=0). [EFX-0266]
INFO     : Module Instance 'ccm_inst' input pin 's_axis_tdata[55]' is tied to constant (=0). [EFX-0266]
INFO     : Module Instance 'ccm_inst' input pin 's_axis_tdata[56]' is tied to constant (=0). [EFX-0266]
INFO     : Module Instance 'ccm_inst' input pin 's_axis_tdata[57]' is tied to constant (=0). [EFX-0266]
INFO     : Module Instance 'ccm_inst' input pin 's_axis_tdata[58]' is tied to constant (=0). [EFX-0266]
INFO     : Module Instance 'ccm_inst' input pin 's_axis_tdata[59]' is tied to constant (=0). [EFX-0266]
INFO     : Module Instance 'ccm_inst' input pin 's_axis_tdata[60]' is tied to constant (=0). [EFX-0266]
INFO     : Module Instance 'ccm_inst' input pin 's_axis_tdata[61]' is tied to constant (=0). [EFX-0266]
INFO     : Module Instance 'ccm_inst' input pin 's_axis_tdata[62]' is tied to constant (=0). [EFX-0266]
INFO     : Module Instance 'ccm_inst' input pin 's_axis_tdata[63]' is tied to constant (=0). [EFX-0266]
INFO     : Module Instance 'ccm_inst' input pin 's_axis_tdata[64]' is tied to constant (=0). [EFX-0266]
INFO     : Module Instance 'ccm_inst' input pin 's_axis_tdata[65]' is tied to constant (=0). [EFX-0266]
INFO     : Module Instance 'ccm_inst' input pin 's_axis_tdata[66]' is tied to constant (=0). [EFX-0266]
INFO     : Module Instance 'ccm_inst' input pin 's_axis_tdata[67]' is tied to constant (=0). [EFX-0266]
INFO     : Module Instance 'ccm_inst' input pin 's_axis_tdata[68]' is tied to constant (=0). [EFX-0266]
INFO     : Module Instance 'ccm_inst' input pin 's_axis_tdata[69]' is tied to constant (=0). [EFX-0266]
INFO     : Module Instance 'ccm_inst' input pin 's_axis_tdata[70]' is tied to constant (=0). [EFX-0266]
INFO     : Module Instance 'ccm_inst' input pin 's_axis_tdata[71]' is tied to constant (=0). [EFX-0266]
INFO     : Module Instance 'active_high.efx_resetsync_active_high' input pin 'd_i[0]' is tied to constant (=0). [EFX-0266]
INFO     : ... Memory 'ram' is not initialized, assuming empty initial contents. (C:\Users\Jing-XuanTan(i)\Downloads\evsoc-efinity-v2026.1.132\evsoc-efinity-v2026.1.132\cam_single\Ti60F225_dsi\ip\cam_dma_fifo\cam_dma_fifo.sv:667) [EFX-0677]
INFO     : Module Instance 'u_isp_top' input pin 'm_axis_tready' is tied to constant (=1). [EFX-0266]
INFO     : Module Instance 'inst_piv2_reg' input pin 'we1' is tied to constant (=0). [EFX-0266]
INFO     : Module Instance 'inst_piv2_reg' input pin 'din1[0]' is tied to constant (=0). [EFX-0266]
INFO     : Module Instance 'inst_piv2_reg' input pin 'din1[1]' is tied to constant (=0). [EFX-0266]
INFO     : Module Instance 'inst_piv2_reg' input pin 'din1[2]' is tied to constant (=0). [EFX-0266]
INFO     : Module Instance 'inst_piv2_reg' input pin 'din1[3]' is tied to constant (=0). [EFX-0266]
INFO     : Module Instance 'inst_piv2_reg' input pin 'din1[4]' is tied to constant (=0). [EFX-0266]
INFO     : Module Instance 'inst_piv2_reg' input pin 'din1[5]' is tied to constant (=0). [EFX-0266]
INFO     : Module Instance 'inst_piv2_reg' input pin 'din1[6]' is tied to constant (=0). [EFX-0266]
INFO     : Module Instance 'inst_piv2_reg' input pin 'din1[7]' is tied to constant (=0). [EFX-0266]
INFO     : Module Instance 'inst_piv2_reg' input pin 'din1[8]' is tied to constant (=0). [EFX-0266]
INFO     : (The above message was generated too many times, subsequent similar messages will be muted.) [EFX-0266]
INFO     : ... Memory 'ram' is not initialized, assuming empty initial contents. (C:\Users\Jing-XuanTan(i)\Downloads\evsoc-efinity-v2026.1.132\evsoc-efinity-v2026.1.132\cam_single\Ti60F225_dsi\source/common/common_simple_dual_port_ram.v:24) [EFX-0677]
INFO     : ... Memory 'ram' is not initialized, assuming empty initial contents. (C:\Users\Jing-XuanTan(i)\Downloads\evsoc-efinity-v2026.1.132\evsoc-efinity-v2026.1.132\cam_single\Ti60F225_dsi\ip\display_dma_fifo\display_dma_fifo.sv:667) [EFX-0677]
INFO     : ... Memory 'ram' is not initialized, assuming empty initial contents. (C:\Users\Jing-XuanTan(i)\Downloads\evsoc-efinity-v2026.1.132\evsoc-efinity-v2026.1.132\cam_single\Ti60F225_dsi\ip\dsi_tx_display\dsi_tx_display.sv:12549) [EFX-0677]
INFO     : ... Memory 'ram' is not initialized, assuming empty initial contents. (C:\Users\Jing-XuanTan(i)\Downloads\evsoc-efinity-v2026.1.132\evsoc-efinity-v2026.1.132\cam_single\Ti60F225_dsi\ip\dsi_tx_display\dsi_tx_display.sv:12549) [EFX-0677]
INFO     : ... Memory 'ram' is not initialized, assuming empty initial contents. (C:\Users\Jing-XuanTan(i)\Downloads\evsoc-efinity-v2026.1.132\evsoc-efinity-v2026.1.132\cam_single\Ti60F225_dsi\ip\dsi_tx_display\dsi_tx_display.sv:12549) [EFX-0677]
INFO     : ... Memory 'ram' is not initialized, assuming empty initial contents. (C:\Users\Jing-XuanTan(i)\Downloads\evsoc-efinity-v2026.1.132\evsoc-efinity-v2026.1.132\cam_single\Ti60F225_dsi\ip\dsi_tx_display\dsi_tx_display.sv:12549) [EFX-0677]
INFO     : ... Memory 'ram' is not initialized, assuming empty initial contents. (C:\Users\Jing-XuanTan(i)\Downloads\evsoc-efinity-v2026.1.132\evsoc-efinity-v2026.1.132\cam_single\Ti60F225_dsi\ip\dsi_tx_display\dsi_tx_display.sv:12549) [EFX-0677]
INFO     : ... Memory 'ram' is not initialized, assuming empty initial contents. (C:\Users\Jing-XuanTan(i)\Downloads\evsoc-efinity-v2026.1.132\evsoc-efinity-v2026.1.132\cam_single\Ti60F225_dsi\ip\hbram\hbram.sv:6067) [EFX-0677]
INFO     : ... Memory 'ram' is not initialized, assuming empty initial contents. (C:\Users\Jing-XuanTan(i)\Downloads\evsoc-efinity-v2026.1.132\evsoc-efinity-v2026.1.132\cam_single\Ti60F225_dsi\ip\hbram\hbram.sv:6067) [EFX-0677]
INFO     : ... Memory 'ram' is not initialized, assuming empty initial contents. (C:\Users\Jing-XuanTan(i)\Downloads\evsoc-efinity-v2026.1.132\evsoc-efinity-v2026.1.132\cam_single\Ti60F225_dsi\ip\hbram\hbram.sv:6067) [EFX-0677]
INFO     : ... Memory 'ram' is not initialized, assuming empty initial contents. (C:\Users\Jing-XuanTan(i)\Downloads\evsoc-efinity-v2026.1.132\evsoc-efinity-v2026.1.132\cam_single\Ti60F225_dsi\ip\hbram\hbram.sv:6067) [EFX-0677]
INFO     : ... Memory 'ram' is not initialized, assuming empty initial contents. (C:\Users\Jing-XuanTan(i)\Downloads\evsoc-efinity-v2026.1.132\evsoc-efinity-v2026.1.132\cam_single\Ti60F225_dsi\ip\hbram\hbram.sv:6067) [EFX-0677]
INFO     : ... Memory 'ram' is not initialized, assuming empty initial contents. (C:\Users\Jing-XuanTan(i)\Downloads\evsoc-efinity-v2026.1.132\evsoc-efinity-v2026.1.132\cam_single\Ti60F225_dsi\ip\hbram\hbram.sv:6067) [EFX-0677]
INFO     : ... Memory 'ram' is not initialized, assuming empty initial contents. (C:\Users\Jing-XuanTan(i)\Downloads\evsoc-efinity-v2026.1.132\evsoc-efinity-v2026.1.132\cam_single\Ti60F225_dsi\ip\hbram\hbram.sv:6067) [EFX-0677]
INFO     : ... Memory 'banks_0' is not initialized, assuming empty initial contents. (C:\Users\Jing-XuanTan(i)\Downloads\evsoc-efinity-v2026.1.132\evsoc-efinity-v2026.1.132\cam_single\Ti60F225_dsi\ip\SapphireSoc\SapphireSoc.v:22515) [EFX-0677]
INFO     : ... Memory 'ways_0_tags' is not initialized, assuming empty initial contents. (C:\Users\Jing-XuanTan(i)\Downloads\evsoc-efinity-v2026.1.132\evsoc-efinity-v2026.1.132\cam_single\Ti60F225_dsi\ip\SapphireSoc\SapphireSoc.v:22516) [EFX-0677]
INFO     : ... Memory 'ways_0_tags' is not initialized, assuming empty initial contents. (C:\Users\Jing-XuanTan(i)\Downloads\evsoc-efinity-v2026.1.132\evsoc-efinity-v2026.1.132\cam_single\Ti60F225_dsi\ip\SapphireSoc\SapphireSoc.v:21769) [EFX-0677]
INFO     : ... Memory 'ways_0_data_symbol0' is not initialized, assuming empty initial contents. (C:\Users\Jing-XuanTan(i)\Downloads\evsoc-efinity-v2026.1.132\evsoc-efinity-v2026.1.132\cam_single\Ti60F225_dsi\ip\SapphireSoc\SapphireSoc.v:21770) [EFX-0677]
INFO     : ... Memory 'ways_0_data_symbol1' is not initialized, assuming empty initial contents. (C:\Users\Jing-XuanTan(i)\Downloads\evsoc-efinity-v2026.1.132\evsoc-efinity-v2026.1.132\cam_single\Ti60F225_dsi\ip\SapphireSoc\SapphireSoc.v:21771) [EFX-0677]
INFO     : ... Memory 'ways_0_data_symbol2' is not initialized, assuming empty initial contents. (C:\Users\Jing-XuanTan(i)\Downloads\evsoc-efinity-v2026.1.132\evsoc-efinity-v2026.1.132\cam_single\Ti60F225_dsi\ip\SapphireSoc\SapphireSoc.v:21772) [EFX-0677]
INFO     : ... Memory 'ways_0_data_symbol3' is not initialized, assuming empty initial contents. (C:\Users\Jing-XuanTan(i)\Downloads\evsoc-efinity-v2026.1.132\evsoc-efinity-v2026.1.132\cam_single\Ti60F225_dsi\ip\SapphireSoc\SapphireSoc.v:21773) [EFX-0677]
INFO     : ... Memory 'RegFilePlugin_regFile' is not initialized, assuming empty initial contents. (C:\Users\Jing-XuanTan(i)\Downloads\evsoc-efinity-v2026.1.132\evsoc-efinity-v2026.1.132\cam_single\Ti60F225_dsi\ip\SapphireSoc\SapphireSoc.v:14207) [EFX-0677]
INFO     : ... Memory 'logic_progbufX_mem' is not initialized, assuming empty initial contents. (C:\Users\Jing-XuanTan(i)\Downloads\evsoc-efinity-v2026.1.132\evsoc-efinity-v2026.1.132\cam_single\Ti60F225_dsi\ip\SapphireSoc\SapphireSoc.v:12001) [EFX-0677]
INFO     : ... Memory 'logic_ram' is not initialized, assuming empty initial contents. (C:\Users\Jing-XuanTan(i)\Downloads\evsoc-efinity-v2026.1.132\evsoc-efinity-v2026.1.132\cam_single\Ti60F225_dsi\ip\SapphireSoc\SapphireSoc.v:21170) [EFX-0677]
INFO     : ... Memory 'ram' is not initialized, assuming empty initial contents. (C:\Users\Jing-XuanTan(i)\Downloads\evsoc-efinity-v2026.1.132\evsoc-efinity-v2026.1.132\cam_single\Ti60F225_dsi\ip\SapphireSoc\SapphireSoc.v:20952) [EFX-0677]
INFO     : ... Memory 'ram' is not initialized, assuming empty initial contents. (C:\Users\Jing-XuanTan(i)\Downloads\evsoc-efinity-v2026.1.132\evsoc-efinity-v2026.1.132\cam_single\Ti60F225_dsi\ip\SapphireSoc\SapphireSoc.v:20701) [EFX-0677]
INFO     : ... Memory 'logic_ram' is not initialized, assuming empty initial contents. (C:\Users\Jing-XuanTan(i)\Downloads\evsoc-efinity-v2026.1.132\evsoc-efinity-v2026.1.132\cam_single\Ti60F225_dsi\ip\SapphireSoc\SapphireSoc.v:20390) [EFX-0677]
INFO     : ... Memory 'logic_ram' is not initialized, assuming empty initial contents. (C:\Users\Jing-XuanTan(i)\Downloads\evsoc-efinity-v2026.1.132\evsoc-efinity-v2026.1.132\cam_single\Ti60F225_dsi\ip\SapphireSoc\SapphireSoc.v:19775) [EFX-0677]
INFO     : ... Memory 'logic_ram' is not initialized, assuming empty initial contents. (C:\Users\Jing-XuanTan(i)\Downloads\evsoc-efinity-v2026.1.132\evsoc-efinity-v2026.1.132\cam_single\Ti60F225_dsi\ip\SapphireSoc\SapphireSoc.v:18958) [EFX-0677]
INFO     : ... Memory 'logic_ram' is not initialized, assuming empty initial contents. (C:\Users\Jing-XuanTan(i)\Downloads\evsoc-efinity-v2026.1.132\evsoc-efinity-v2026.1.132\cam_single\Ti60F225_dsi\ip\SapphireSoc\SapphireSoc.v:18787) [EFX-0677]
INFO     : ... Memory 'slaveReg' is not initialized, assuming empty initial contents. (C:\Users\Jing-XuanTan(i)\Downloads\evsoc-efinity-v2026.1.132\evsoc-efinity-v2026.1.132\cam_single\Ti60F225_dsi\source\hw_accel\hw_accel_apb3.v:37) [EFX-0677]
INFO     : ... Memory 'banks_0_ram' is not initialized, assuming empty initial contents. (C:\Users\Jing-XuanTan(i)\Downloads\evsoc-efinity-v2026.1.132\evsoc-efinity-v2026.1.132\cam_single\Ti60F225_dsi\ip\dma\dma.v:13408) [EFX-0677]
INFO     : ... Memory 'banks_1_ram' is not initialized, assuming empty initial contents. (C:\Users\Jing-XuanTan(i)\Downloads\evsoc-efinity-v2026.1.132\evsoc-efinity-v2026.1.132\cam_single\Ti60F225_dsi\ip\dma\dma.v:13409) [EFX-0677]
INFO     : ... Memory 'logic_ram' is not initialized, assuming empty initial contents. (C:\Users\Jing-XuanTan(i)\Downloads\evsoc-efinity-v2026.1.132\evsoc-efinity-v2026.1.132\cam_single\Ti60F225_dsi\ip\dma\dma.v:14476) [EFX-0677]
INFO     : ... Memory 'logic_ram' is not initialized, assuming empty initial contents. (C:\Users\Jing-XuanTan(i)\Downloads\evsoc-efinity-v2026.1.132\evsoc-efinity-v2026.1.132\cam_single\Ti60F225_dsi\ip\dma\dma.v:3824) [EFX-0677]
INFO     : ... Memory 'logic_ram' is not initialized, assuming empty initial contents. (C:\Users\Jing-XuanTan(i)\Downloads\evsoc-efinity-v2026.1.132\evsoc-efinity-v2026.1.132\cam_single\Ti60F225_dsi\ip\dma\dma.v:9175) [EFX-0677]
INFO     : ... Memory 'logic_ram' is not initialized, assuming empty initial contents. (C:\Users\Jing-XuanTan(i)\Downloads\evsoc-efinity-v2026.1.132\evsoc-efinity-v2026.1.132\cam_single\Ti60F225_dsi\ip\dma\dma.v:14294) [EFX-0677]
INFO     : ... Memory 'ram' is not initialized, assuming empty initial contents. (C:\Users\Jing-XuanTan(i)\Downloads\evsoc-efinity-v2026.1.132\evsoc-efinity-v2026.1.132\cam_single\Ti60F225_dsi\ip\dma\dma.v:3136) [EFX-0677]
INFO     : ... Memory 'ram' is not initialized, assuming empty initial contents. (C:\Users\Jing-XuanTan(i)\Downloads\evsoc-efinity-v2026.1.132\evsoc-efinity-v2026.1.132\cam_single\Ti60F225_dsi\ip\dma\dma.v:2839) [EFX-0677]
INFO     : ... Memory 'ram' is not initialized, assuming empty initial contents. (C:\Users\Jing-XuanTan(i)\Downloads\evsoc-efinity-v2026.1.132\evsoc-efinity-v2026.1.132\cam_single\Ti60F225_dsi\ip\dma\dma.v:2627) [EFX-0677]
INFO     : ... Memory 'ram' is not initialized, assuming empty initial contents. (C:\Users\Jing-XuanTan(i)\Downloads\evsoc-efinity-v2026.1.132\evsoc-efinity-v2026.1.132\cam_single\Ti60F225_dsi\ip\dma\dma.v:2415) [EFX-0677]
INFO     : ... Memory 'ram' is not initialized, assuming empty initial contents. (C:\Users\Jing-XuanTan(i)\Downloads\evsoc-efinity-v2026.1.132\evsoc-efinity-v2026.1.132\cam_single\Ti60F225_dsi\ip\dma\dma.v:2203) [EFX-0677]
INFO     : ... Pre-synthesis checks end (Real time : 1s)
INFO     : ... NameSpace init begin
INFO     : ... NameSpace init end (Real time : 0s)
INFO     : ... Mapping design "edge_vision_soc"
INFO     : ... Hierarchical pre-synthesis "reset(OUT_RST_ACTIVE="LOW")" begin
INFO     : ... Hierarchical pre-synthesis "reset(OUT_RST_ACTIVE="LOW")" end (Real time : 0s)
INFO     : ... Hierarchical pre-synthesis "reset" begin
INFO     : ... Hierarchical pre-synthesis "reset" end (Real time : 0s)
INFO     : ... Hierarchical pre-synthesis "common_reset(NUM_RST=8,IN_RST_ACTIVE=8'b0,OUT_RST_ACTIVE=8'b0101010)" begin
INFO     : ... Hierarchical pre-synthesis "common_reset(NUM_RST=8,IN_RST_ACTIVE=8'b0,OUT_RST_ACTIVE=8'b0101010)" end (Real time : 0s)
INFO     : ... Hierarchical pre-synthesis "dphy_rx_clane_fsm_f123b49f0f574f64a9a2982368753f7b" begin
INFO     : ... Hierarchical pre-synthesis "dphy_rx_clane_fsm_f123b49f0f574f64a9a2982368753f7b" end (Real time : 0s)
INFO     : ... Hierarchical pre-synthesis "dphy_rx_dlane_fsm_f123b49f0f574f64a9a2982368753f7b(HS_BYTECLK_MHZ=113)" begin
INFO     : ... Hierarchical pre-synthesis "dphy_rx_dlane_fsm_f123b49f0f574f64a9a2982368753f7b(HS_BYTECLK_MHZ=113)" end (Real time : 0s)
INFO     : ... Hierarchical pre-synthesis "dphy_rx_dword_align_f123b49f0f574f64a9a2982368753f7b(HS_DATA_WIDTH=8)" begin
INFO     : ... Hierarchical pre-synthesis "dphy_rx_dword_align_f123b49f0f574f64a9a2982368753f7b(HS_DATA_WIDTH=8)" end (Real time : 0s)
INFO     : ... Hierarchical pre-synthesis "efx_asyncreg_f123b49f0f574f64a9a2982368753f7b(WIDTH=1)" begin
INFO     : ... Hierarchical pre-synthesis "efx_asyncreg_f123b49f0f574f64a9a2982368753f7b(WIDTH=1)" end (Real time : 0s)
INFO     : ... Hierarchical pre-synthesis "dphy_rx_deskew_cal_f123b49f0f574f64a9a2982368753f7b" begin
INFO     : ... Hierarchical pre-synthesis "dphy_rx_deskew_cal_f123b49f0f574f64a9a2982368753f7b" end (Real time : 0s)
INFO     : ... Hierarchical pre-synthesis "efx_dphy_rx_f123b49f0f574f64a9a2982368753f7b(HS_BYTECLK_MHZ=113,NUM_DATA_LANE=2,ENABLE_USER_DESKEWCAL=1'b0,DPHY_CLOCK_MODE="Discontinuous")" begin
INFO     : ... Hierarchical pre-synthesis "efx_dphy_rx_f123b49f0f574f64a9a2982368753f7b(HS_BYTECLK_MHZ=113,NUM_DATA_LANE=2,ENABLE_USER_DESKEWCAL=1'b0,DPHY_CLOCK_MODE="Discontinuous")" end (Real time : 0s)
INFO     : ... Hierarchical pre-synthesis "efx_asyncreg_f123b49f0f574f64a9a2982368753f7b(WIDTH=2)" begin
INFO     : ... Hierarchical pre-synthesis "efx_asyncreg_f123b49f0f574f64a9a2982368753f7b(WIDTH=2)" end (Real time : 0s)
INFO     : ... Hierarchical pre-synthesis "efx_asyncreg_f123b49f0f574f64a9a2982368753f7b" begin
INFO     : ... Hierarchical pre-synthesis "efx_asyncreg_f123b49f0f574f64a9a2982368753f7b" end (Real time : 0s)
INFO     : ... Hierarchical pre-synthesis "efx_csi2_rx_csr_f123b49f0f574f64a9a2982368753f7b(NUM_DATA_LANE=2)" begin
INFO     : ... Hierarchical pre-synthesis "efx_csi2_rx_csr_f123b49f0f574f64a9a2982368753f7b(NUM_DATA_LANE=2)" end (Real time : 0s)
INFO     : ... Hierarchical pre-synthesis "efx_csi2_ecc_check_f123b49f0f574f64a9a2982368753f7b" begin
INFO     : ... Hierarchical pre-synthesis "efx_csi2_ecc_check_f123b49f0f574f64a9a2982368753f7b" end (Real time : 0s)
INFO     : ... Hierarchical pre-synthesis "efx_csi2_crc16_d16_gen_f123b49f0f574f64a9a2982368753f7b" begin
INFO     : ... Hierarchical pre-synthesis "efx_csi2_crc16_d16_gen_f123b49f0f574f64a9a2982368753f7b" end (Real time : 0s)
INFO     : ... Hierarchical pre-synthesis "efx_csi2_depacketizer_f123b49f0f574f64a9a2982368753f7b(ENABLE_VCX=1'b0,NUM_DATA_LANE=2)" begin
INFO     : ... Hierarchical pre-synthesis "efx_csi2_depacketizer_f123b49f0f574f64a9a2982368753f7b(ENABLE_VCX=1'b0,NUM_DATA_LANE=2)" end (Real time : 0s)
INFO     : ... Hierarchical pre-synthesis "efx_asyncreg_f123b49f0f574f64a9a2982368753f7b(WIDTH=1,ACTIVE_LOW=0,RST_VALUE=1)" begin
INFO     : ... Hierarchical pre-synthesis "efx_asyncreg_f123b49f0f574f64a9a2982368753f7b(WIDTH=1,ACTIVE_LOW=0,RST_VALUE=1)" end (Real time : 0s)
INFO     : ... Hierarchical pre-synthesis "efx_resetsync_f123b49f0f574f64a9a2982368753f7b(ACTIVE_LOW=0)" begin
INFO     : ... Hierarchical pre-synthesis "efx_resetsync_f123b49f0f574f64a9a2982368753f7b(ACTIVE_LOW=0)" end (Real time : 0s)
INFO     : ... Hierarchical pre-synthesis "efx_fifo_ram_f123b49f0f574f64a9a2982368753f7b(WR_DEPTH=16,RD_DEPTH=16,WADDR_WIDTH=4,RADDR_WIDTH=4,OUTPUT_REG=0,RAM_MUX_RATIO=1)" begin
INFO     : ... Hierarchical pre-synthesis "efx_fifo_ram_f123b49f0f574f64a9a2982368753f7b(WR_DEPTH=16,RD_DEPTH=16,WADDR_WIDTH=4,RADDR_WIDTH=4,OUTPUT_REG=0,RAM_MUX_RATIO=1)" end (Real time : 0s)
INFO     : ... Hierarchical pre-synthesis "efx_fifo_ctl_f123b49f0f574f64a9a2982368753f7b(MODE="FWFT",WR_DEPTH=16,WADDR_WIDTH=4,RADDR_WIDTH=4,ALMOST_FLAG=0,PROG_FULL_ASSERT=16,PROG_FULL_NEGATE=16,HANDSHAKE_FLAG=0,OVERFLOW_PROTECT=1,UNDERFLOW_PROTECT=1)" begin
INFO     : ... Hierarchical pre-synthesis "efx_fifo_ctl_f123b49f0f574f64a9a2982368753f7b(MODE="FWFT",WR_DEPTH=16,WADDR_WIDTH=4,RADDR_WIDTH=4,ALMOST_FLAG=0,PROG_FULL_ASSERT=16,PROG_FULL_NEGATE=16,HANDSHAKE_FLAG=0,OVERFLOW_PROTECT=1,UNDERFLOW_PROTECT=1)" end (Real time : 0s)
INFO     : ... Hierarchical pre-synthesis "efx_fifo_top_f123b49f0f574f64a9a2982368753f7b(SYNC_CLK=1,MODE="FWFT",DEPTH=16,DATA_WIDTH=8,OPTIONAL_FLAGS=0,PROGRAMMABLE_FULL="NONE",PROG_FULL_ASSERT=16,PROG_FULL_NEGATE=16,PROGRAMMABLE_EMPTY="NONE",PROG_EMPTY_ASSERT=0,PROG_EMPTY_NEGATE=0)" begin
INFO     : ... Hierarchical pre-synthesis "efx_fifo_top_f123b49f0f574f64a9a2982368753f7b(SYNC_CLK=1,MODE="FWFT",DEPTH=16,DATA_WIDTH=8,OPTIONAL_FLAGS=0,PROGRAMMABLE_FULL="NONE",PROG_FULL_ASSERT=16,PROG_FULL_NEGATE=16,PROGRAMMABLE_EMPTY="NONE",PROG_EMPTY_ASSERT=0,PROG_EMPTY_NEGATE=0)" end (Real time : 0s)
INFO     : ... Hierarchical pre-synthesis "efx_csi2_lane_aligner_f123b49f0f574f64a9a2982368753f7b(NUM_DATA_LANE=2)" begin
INFO     : ... Hierarchical pre-synthesis "efx_csi2_lane_aligner_f123b49f0f574f64a9a2982368753f7b(NUM_DATA_LANE=2)" end (Real time : 0s)
INFO     : ... Hierarchical pre-synthesis "efx_asyncreg_f123b49f0f574f64a9a2982368753f7b(WIDTH=16)" begin
INFO     : ... Hierarchical pre-synthesis "efx_asyncreg_f123b49f0f574f64a9a2982368753f7b(WIDTH=16)" end (Real time : 0s)
INFO     : ... Hierarchical pre-synthesis "efx_csi2_depack40bit_f123b49f0f574f64a9a2982368753f7b" begin
INFO     : ... Hierarchical pre-synthesis "efx_csi2_depack40bit_f123b49f0f574f64a9a2982368753f7b" end (Real time : 0s)
INFO     : ... Hierarchical pre-synthesis "efx_csi2_depack48bit_f123b49f0f574f64a9a2982368753f7b" begin
INFO     : ... Hierarchical pre-synthesis "efx_csi2_depack48bit_f123b49f0f574f64a9a2982368753f7b" end (Real time : 0s)
INFO     : ... Hierarchical pre-synthesis "efx_csi2_depack56bit_f123b49f0f574f64a9a2982368753f7b" begin
INFO     : ... Hierarchical pre-synthesis "efx_csi2_depack56bit_f123b49f0f574f64a9a2982368753f7b" end (Real time : 0s)
INFO     : ... Hierarchical pre-synthesis "efx_csi2_depack64bit_f123b49f0f574f64a9a2982368753f7b" begin
INFO     : ... Hierarchical pre-synthesis "efx_csi2_depack64bit_f123b49f0f574f64a9a2982368753f7b" end (Real time : 0s)
INFO     : ... Hierarchical pre-synthesis "efx_fifo_ram_f123b49f0f574f64a9a2982368753f7b(WR_DEPTH=2048,RD_DEPTH=2048,WDATA_WIDTH=64,RDATA_WIDTH=64,WADDR_WIDTH=11,RADDR_WIDTH=11,OUTPUT_REG=0,RAM_MUX_RATIO=1)" begin
INFO     : ... Hierarchical pre-synthesis "efx_fifo_ram_f123b49f0f574f64a9a2982368753f7b(WR_DEPTH=2048,RD_DEPTH=2048,WDATA_WIDTH=64,RDATA_WIDTH=64,WADDR_WIDTH=11,RADDR_WIDTH=11,OUTPUT_REG=0,RAM_MUX_RATIO=1)" end (Real time : 0s)
INFO     : ... Hierarchical pre-synthesis "efx_fifo_bin2gray_f123b49f0f574f64a9a2982368753f7b(WIDTH=12)" begin
INFO     : ... Hierarchical pre-synthesis "efx_fifo_bin2gray_f123b49f0f574f64a9a2982368753f7b(WIDTH=12)" end (Real time : 0s)
INFO     : ... Hierarchical pre-synthesis "efx_asyncreg_f123b49f0f574f64a9a2982368753f7b(WIDTH=12,ACTIVE_LOW=0,OFF_ASSERTION=1)" begin
INFO     : ... Hierarchical pre-synthesis "efx_asyncreg_f123b49f0f574f64a9a2982368753f7b(WIDTH=12,ACTIVE_LOW=0,OFF_ASSERTION=1)" end (Real time : 0s)
INFO     : ... Hierarchical pre-synthesis "efx_fifo_gray2bin_f123b49f0f574f64a9a2982368753f7b(WIDTH=2)" begin
INFO     : ... Hierarchical pre-synthesis "efx_fifo_gray2bin_f123b49f0f574f64a9a2982368753f7b(WIDTH=2)" end (Real time : 0s)
INFO     : ... Hierarchical pre-synthesis "efx_fifo_gray2bin_f123b49f0f574f64a9a2982368753f7b(WIDTH=3)" begin
INFO     : ... Hierarchical pre-synthesis "efx_fifo_gray2bin_f123b49f0f574f64a9a2982368753f7b(WIDTH=3)" end (Real time : 0s)
INFO     : ... Hierarchical pre-synthesis "efx_fifo_gray2bin_f123b49f0f574f64a9a2982368753f7b(WIDTH=4)" begin
INFO     : ... Hierarchical pre-synthesis "efx_fifo_gray2bin_f123b49f0f574f64a9a2982368753f7b(WIDTH=4)" end (Real time : 0s)
INFO     : ... Hierarchical pre-synthesis "efx_fifo_gray2bin_f123b49f0f574f64a9a2982368753f7b" begin
INFO     : ... Hierarchical pre-synthesis "efx_fifo_gray2bin_f123b49f0f574f64a9a2982368753f7b" end (Real time : 0s)
INFO     : ... Hierarchical pre-synthesis "efx_fifo_gray2bin_f123b49f0f574f64a9a2982368753f7b(WIDTH=6)" begin
INFO     : ... Hierarchical pre-synthesis "efx_fifo_gray2bin_f123b49f0f574f64a9a2982368753f7b(WIDTH=6)" end (Real time : 0s)
INFO     : ... Hierarchical pre-synthesis "efx_fifo_gray2bin_f123b49f0f574f64a9a2982368753f7b(WIDTH=7)" begin
INFO     : ... Hierarchical pre-synthesis "efx_fifo_gray2bin_f123b49f0f574f64a9a2982368753f7b(WIDTH=7)" end (Real time : 0s)
INFO     : ... Hierarchical pre-synthesis "efx_fifo_gray2bin_f123b49f0f574f64a9a2982368753f7b(WIDTH=8)" begin
INFO     : ... Hierarchical pre-synthesis "efx_fifo_gray2bin_f123b49f0f574f64a9a2982368753f7b(WIDTH=8)" end (Real time : 0s)
INFO     : ... Hierarchical pre-synthesis "efx_fifo_gray2bin_f123b49f0f574f64a9a2982368753f7b(WIDTH=9)" begin
INFO     : ... Hierarchical pre-synthesis "efx_fifo_gray2bin_f123b49f0f574f64a9a2982368753f7b(WIDTH=9)" end (Real time : 0s)
INFO     : ... Hierarchical pre-synthesis "efx_fifo_gray2bin_f123b49f0f574f64a9a2982368753f7b(WIDTH=10)" begin
INFO     : ... Hierarchical pre-synthesis "efx_fifo_gray2bin_f123b49f0f574f64a9a2982368753f7b(WIDTH=10)" end (Real time : 0s)
INFO     : ... Hierarchical pre-synthesis "efx_fifo_gray2bin_f123b49f0f574f64a9a2982368753f7b(WIDTH=11)" begin
INFO     : ... Hierarchical pre-synthesis "efx_fifo_gray2bin_f123b49f0f574f64a9a2982368753f7b(WIDTH=11)" end (Real time : 0s)
INFO     : ... Hierarchical pre-synthesis "efx_fifo_gray2bin_f123b49f0f574f64a9a2982368753f7b(WIDTH=12)" begin
INFO     : ... Hierarchical pre-synthesis "efx_fifo_gray2bin_f123b49f0f574f64a9a2982368753f7b(WIDTH=12)" end (Real time : 0s)
INFO     : ... Hierarchical pre-synthesis "efx_fifo_ctl_f123b49f0f574f64a9a2982368753f7b(SYNC_CLK=0,MODE="FWFT",WR_DEPTH=2048,WADDR_WIDTH=11,RADDR_WIDTH=11,ALMOST_FLAG=0,PROG_FULL_ASSERT=2048,PROG_FULL_NEGATE=2048,PROGRAMMABLE_EMPTY="STATIC_DUAL",PROG_EMPTY_ASSERT=1,PROG_EMPTY_NEGATE=1,HANDSHAKE_FLAG=0,OVERFLOW_PROTECT=1,UNDERFLOW_PROTECT=1)" begin
INFO     : ... Hierarchical pre-synthesis "efx_fifo_ctl_f123b49f0f574f64a9a2982368753f7b(SYNC_CLK=0,MODE="FWFT",WR_DEPTH=2048,WADDR_WIDTH=11,RADDR_WIDTH=11,ALMOST_FLAG=0,PROG_FULL_ASSERT=2048,PROG_FULL_NEGATE=2048,PROGRAMMABLE_EMPTY="STATIC_DUAL",PROG_EMPTY_ASSERT=1,PROG_EMPTY_NEGATE=1,HANDSHAKE_FLAG=0,OVERFLOW_PROTECT=1,UNDERFLOW_PROTECT=1)" end (Real time : 0s)
INFO     : ... Hierarchical pre-synthesis "efx_fifo_top_f123b49f0f574f64a9a2982368753f7b(MODE="FWFT",DEPTH=2048,DATA_WIDTH=64,OPTIONAL_FLAGS=0,PROGRAMMABLE_FULL="NONE",PROG_FULL_ASSERT=2048,PROG_FULL_NEGATE=2048,PROG_EMPTY_ASSERT=1,PROG_EMPTY_NEGATE=1)" begin
INFO     : ... Hierarchical pre-synthesis "efx_fifo_top_f123b49f0f574f64a9a2982368753f7b(MODE="FWFT",DEPTH=2048,DATA_WIDTH=64,OPTIONAL_FLAGS=0,PROGRAMMABLE_FULL="NONE",PROG_FULL_ASSERT=2048,PROG_FULL_NEGATE=2048,PROG_EMPTY_ASSERT=1,PROG_EMPTY_NEGATE=1)" end (Real time : 0s)
INFO     : ... Hierarchical pre-synthesis "efx_csi2_byte2pixel_f123b49f0f574f64a9a2982368753f7b(PIXEL_FIFO_DEPTH=2048,ENABLE_VCX=1'b0,PACK_TYPE=15)" begin
INFO     : ... Hierarchical pre-synthesis "efx_csi2_byte2pixel_f123b49f0f574f64a9a2982368753f7b(PIXEL_FIFO_DEPTH=2048,ENABLE_VCX=1'b0,PACK_TYPE=15)" end (Real time : 1s)
INFO     : ... Hierarchical pre-synthesis "efx_csi2_rx_top_f123b49f0f574f64a9a2982368753f7b(HS_DATA_WIDTH=8,tINIT_NS=100000,NUM_DATA_LANE=2,PACK_TYPE=15,ENABLE_VCX=1'b0,PIXEL_FIFO_DEPTH=2048)" begin
INFO     : ... Hierarchical pre-synthesis "efx_csi2_rx_top_f123b49f0f574f64a9a2982368753f7b(HS_DATA_WIDTH=8,tINIT_NS=100000,NUM_DATA_LANE=2,PACK_TYPE=15,ENABLE_VCX=1'b0,PIXEL_FIFO_DEPTH=2048)" end (Real time : 0s)
INFO     : ... Hierarchical pre-synthesis "efx_csi2_rx_f123b49f0f574f64a9a2982368753f7b(NUM_DATA_LANE=2,HS_BYTECLK_MHZ=113,DPHY_CLOCK_MODE="Discontinuous",PIXEL_FIFO_DEPTH=2048,ENABLE_USER_DESKEWCAL=1'b0,ENABLE_VCX=1'b0,PACK_TYPE=15)" begin
INFO     : ... Hierarchical pre-synthesis "efx_csi2_rx_f123b49f0f574f64a9a2982368753f7b(NUM_DATA_LANE=2,HS_BYTECLK_MHZ=113,DPHY_CLOCK_MODE="Discontinuous",PIXEL_FIFO_DEPTH=2048,ENABLE_USER_DESKEWCAL=1'b0,ENABLE_VCX=1'b0,PACK_TYPE=15)" end (Real time : 1s)
INFO     : ... Hierarchical pre-synthesis "csi2_rx_cam" begin
INFO     : ... Hierarchical pre-synthesis "csi2_rx_cam" end (Real time : 0s)
INFO     : ... Hierarchical pre-synthesis "efx_asyncreg_077823fa68f649b1a7074c944568f3e4(WIDTH=1,ACTIVE_LOW=0,RST_VALUE=1)" begin
INFO     : ... Hierarchical pre-synthesis "efx_asyncreg_077823fa68f649b1a7074c944568f3e4(WIDTH=1,ACTIVE_LOW=0,RST_VALUE=1)" end (Real time : 0s)
INFO     : ... Hierarchical pre-synthesis "efx_resetsync_077823fa68f649b1a7074c944568f3e4(ACTIVE_LOW=0)" begin
INFO     : ... Hierarchical pre-synthesis "efx_resetsync_077823fa68f649b1a7074c944568f3e4(ACTIVE_LOW=0)" end (Real time : 0s)
INFO     : ... Hierarchical pre-synthesis "efx_fifo_ram_077823fa68f649b1a7074c944568f3e4(FAMILY="TITANIUM",WDATA_WIDTH=40,RDATA_WIDTH=40,RAM_MUX_RATIO=1)" begin
INFO     : ... Hierarchical pre-synthesis "efx_fifo_ram_077823fa68f649b1a7074c944568f3e4(FAMILY="TITANIUM",WDATA_WIDTH=40,RDATA_WIDTH=40,RAM_MUX_RATIO=1)" end (Real time : 0s)
INFO     : ... Hierarchical pre-synthesis "efx_fifo_ctl_077823fa68f649b1a7074c944568f3e4(PIPELINE_REG=0,PROG_FULL_ASSERT=510,PROG_FULL_NEGATE=510,PROG_EMPTY_ASSERT=2,PROG_EMPTY_NEGATE=3,OUTPUT_REG=1,OVERFLOW_PROTECT=1,UNDERFLOW_PROTECT=1)" begin
INFO     : ... Hierarchical pre-synthesis "efx_fifo_ctl_077823fa68f649b1a7074c944568f3e4(PIPELINE_REG=0,PROG_FULL_ASSERT=510,PROG_FULL_NEGATE=510,PROG_EMPTY_ASSERT=2,PROG_EMPTY_NEGATE=3,OUTPUT_REG=1,OVERFLOW_PROTECT=1,UNDERFLOW_PROTECT=1)" end (Real time : 0s)
INFO     : ... Hierarchical pre-synthesis "efx_fifo_top_077823fa68f649b1a7074c944568f3e4(FAMILY="TITANIUM",SYNC_CLK=1,DATA_WIDTH=40,PIPELINE_REG=0,OUTPUT_REG=1,PROGRAMMABLE_FULL="NONE",PROG_FULL_ASSERT=510,PROG_FULL_NEGATE=510,PROGRAMMABLE_EMPTY="NONE",PROG_EMPTY_ASSERT=2,PROG_EMPTY_NEGATE=3)" begin
INFO     : ... Hierarchical pre-synthesis "efx_fifo_top_077823fa68f649b1a7074c944568f3e4(FAMILY="TITANIUM",SYNC_CLK=1,DATA_WIDTH=40,PIPELINE_REG=0,OUTPUT_REG=1,PROGRAMMABLE_FULL="NONE",PROG_FULL_ASSERT=510,PROG_FULL_NEGATE=510,PROGRAMMABLE_EMPTY="NONE",PROG_EMPTY_ASSERT=2,PROG_EMPTY_NEGATE=3)" end (Real time : 0s)
INFO     : ... Hierarchical pre-synthesis "cam_pixel_remap_fifo" begin
INFO     : ... Hierarchical pre-synthesis "cam_pixel_remap_fifo" end (Real time : 0s)
INFO     : ... Hierarchical pre-synthesis "min_max_timer(TIMER_WIDTH=30)" begin
INFO     : ... Hierarchical pre-synthesis "min_max_timer(TIMER_WIDTH=30)" end (Real time : 0s)
INFO     : ... Hierarchical pre-synthesis "axi_lite_register(S_AXI_WSTRB_WIDTH=4)" begin
INFO     : ... Hierarchical pre-synthesis "axi_lite_register(S_AXI_WSTRB_WIDTH=4)" end (Real time : 0s)
INFO     : ... Hierarchical pre-synthesis "blc(PIXEL_PER_CYCLE=2,PIXEL_BIT_WIDTH=12)" begin
INFO     : ... Hierarchical pre-synthesis "blc(PIXEL_PER_CYCLE=2,PIXEL_BIT_WIDTH=12)" end (Real time : 0s)
INFO     : ... Hierarchical pre-synthesis "colorgain(PIXEL_PER_CYCLE=2,PIXEL_BIT_WIDTH=12)" begin
INFO     : ... Hierarchical pre-synthesis "colorgain(PIXEL_PER_CYCLE=2,PIXEL_BIT_WIDTH=12)" end (Real time : 0s)
INFO     : ... Hierarchical pre-synthesis "skidbuffer(DATA_WIDTH=24)" begin
INFO     : ... Hierarchical pre-synthesis "skidbuffer(DATA_WIDTH=24)" end (Real time : 0s)
INFO     : ... Hierarchical pre-synthesis "simple_dual_ported_ram(DATA_WIDTH=24)" begin
INFO     : ... Hierarchical pre-synthesis "simple_dual_ported_ram(DATA_WIDTH=24)" end (Real time : 0s)
INFO     : ... Hierarchical pre-synthesis "linebuffer(MAX_RESOLUTION=2048,PIXEL_PER_CYCLE=2,PIXEL_BIT_WIDTH=12)" begin
INFO     : ... Hierarchical pre-synthesis "linebuffer(MAX_RESOLUTION=2048,PIXEL_PER_CYCLE=2,PIXEL_BIT_WIDTH=12)" end (Real time : 0s)
INFO     : ... Hierarchical pre-synthesis "demosaic(MAX_RESOLUTION=2048,PIXEL_PER_CYCLE=2)" begin
WARNING  : Mapping into logic memory block 'pipe_0_center' (28 bits) (C:\Users\Jing-XuanTan(i)\Downloads\evsoc-efinity-v2026.1.132\evsoc-efinity-v2026.1.132\cam_single\Ti60F225_dsi\source/isp/demosaic.sv:68) because size is too small (<=64) [EFX-0657]
WARNING  : Mapping into logic memory block 'pipe_0_outer_horizontal' (28 bits) (C:\Users\Jing-XuanTan(i)\Downloads\evsoc-efinity-v2026.1.132\evsoc-efinity-v2026.1.132\cam_single\Ti60F225_dsi\source/isp/demosaic.sv:69) because size is too small (<=64) [EFX-0657]
WARNING  : Mapping into logic memory block 'pipe_0_outer_vertical' (28 bits) (C:\Users\Jing-XuanTan(i)\Downloads\evsoc-efinity-v2026.1.132\evsoc-efinity-v2026.1.132\cam_single\Ti60F225_dsi\source/isp/demosaic.sv:70) because size is too small (<=64) [EFX-0657]
WARNING  : Mapping into logic memory block 'pipe_0_inner_horizontal' (28 bits) (C:\Users\Jing-XuanTan(i)\Downloads\evsoc-efinity-v2026.1.132\evsoc-efinity-v2026.1.132\cam_single\Ti60F225_dsi\source/isp/demosaic.sv:71) because size is too small (<=64) [EFX-0657]
WARNING  : Mapping into logic memory block 'pipe_0_inner_vertical' (28 bits) (C:\Users\Jing-XuanTan(i)\Downloads\evsoc-efinity-v2026.1.132\evsoc-efinity-v2026.1.132\cam_single\Ti60F225_dsi\source/isp/demosaic.sv:72) because size is too small (<=64) [EFX-0657]
WARNING  : Mapping into logic memory block 'pipe_0_inner_top' (28 bits) (C:\Users\Jing-XuanTan(i)\Downloads\evsoc-efinity-v2026.1.132\evsoc-efinity-v2026.1.132\cam_single\Ti60F225_dsi\source/isp/demosaic.sv:73) because size is too small (<=64) [EFX-0657]
WARNING  : Mapping into logic memory block 'pipe_0_inner_bottom' (28 bits) (C:\Users\Jing-XuanTan(i)\Downloads\evsoc-efinity-v2026.1.132\evsoc-efinity-v2026.1.132\cam_single\Ti60F225_dsi\source/isp/demosaic.sv:74) because size is too small (<=64) [EFX-0657]
WARNING  : Mapping into logic memory block 'pipe_1_center' (36 bits) (C:\Users\Jing-XuanTan(i)\Downloads\evsoc-efinity-v2026.1.132\evsoc-efinity-v2026.1.132\cam_single\Ti60F225_dsi\source/isp/demosaic.sv:80) because size is too small (<=64) [EFX-0657]
WARNING  : Mapping into logic memory block 'pipe_1_center_x5' (36 bits) (C:\Users\Jing-XuanTan(i)\Downloads\evsoc-efinity-v2026.1.132\evsoc-efinity-v2026.1.132\cam_single\Ti60F225_dsi\source/isp/demosaic.sv:81) because size is too small (<=64) [EFX-0657]
WARNING  : Mapping into logic memory block 'pipe_1_center_x6' (36 bits) (C:\Users\Jing-XuanTan(i)\Downloads\evsoc-efinity-v2026.1.132\evsoc-efinity-v2026.1.132\cam_single\Ti60F225_dsi\source/isp/demosaic.sv:82) because size is too small (<=64) [EFX-0657]
WARNING  : Mapping into logic memory block 'pipe_1_outer_horizontal' (36 bits) (C:\Users\Jing-XuanTan(i)\Downloads\evsoc-efinity-v2026.1.132\evsoc-efinity-v2026.1.132\cam_single\Ti60F225_dsi\source/isp/demosaic.sv:83) because size is too small (<=64) [EFX-0657]
WARNING  : Mapping into logic memory block 'pipe_1_outer_vertical' (36 bits) (C:\Users\Jing-XuanTan(i)\Downloads\evsoc-efinity-v2026.1.132\evsoc-efinity-v2026.1.132\cam_single\Ti60F225_dsi\source/isp/demosaic.sv:84) because size is too small (<=64) [EFX-0657]
WARNING  : Mapping into logic memory block 'pipe_1_outer_cross' (36 bits) (C:\Users\Jing-XuanTan(i)\Downloads\evsoc-efinity-v2026.1.132\evsoc-efinity-v2026.1.132\cam_single\Ti60F225_dsi\source/isp/demosaic.sv:85) because size is too small (<=64) [EFX-0657]
WARNING  : Mapping into logic memory block 'pipe_1_inner_h_outer_v_x2' (36 bits) (C:\Users\Jing-XuanTan(i)\Downloads\evsoc-efinity-v2026.1.132\evsoc-efinity-v2026.1.132\cam_single\Ti60F225_dsi\source/isp/demosaic.sv:86) because size is too small (<=64) [EFX-0657]
WARNING  : Mapping into logic memory block 'pipe_1_inner_v_outer_h_x2' (36 bits) (C:\Users\Jing-XuanTan(i)\Downloads\evsoc-efinity-v2026.1.132\evsoc-efinity-v2026.1.132\cam_single\Ti60F225_dsi\source/isp/demosaic.sv:87) because size is too small (<=64) [EFX-0657]
WARNING  : Mapping into logic memory block 'pipe_1_inner_corner' (36 bits) (C:\Users\Jing-XuanTan(i)\Downloads\evsoc-efinity-v2026.1.132\evsoc-efinity-v2026.1.132\cam_single\Ti60F225_dsi\source/isp/demosaic.sv:88) because size is too small (<=64) [EFX-0657]
WARNING  : Mapping into logic memory block 'pipe_1_inner_cross' (36 bits) (C:\Users\Jing-XuanTan(i)\Downloads\evsoc-efinity-v2026.1.132\evsoc-efinity-v2026.1.132\cam_single\Ti60F225_dsi\source/isp/demosaic.sv:89) because size is too small (<=64) [EFX-0657]
WARNING  : Mapping into logic memory block 'pipe_2_center' (44 bits) (C:\Users\Jing-XuanTan(i)\Downloads\evsoc-efinity-v2026.1.132\evsoc-efinity-v2026.1.132\cam_single\Ti60F225_dsi\source/isp/demosaic.sv:95) because size is too small (<=64) [EFX-0657]
WARNING  : Mapping into logic memory block 'pipe_2_center_cross_x2' (44 bits) (C:\Users\Jing-XuanTan(i)\Downloads\evsoc-efinity-v2026.1.132\evsoc-efinity-v2026.1.132\cam_single\Ti60F225_dsi\source/isp/demosaic.sv:96) because size is too small (<=64) [EFX-0657]
WARNING  : Mapping into logic memory block 'pipe_2_outer_cross_x2' (44 bits) (C:\Users\Jing-XuanTan(i)\Downloads\evsoc-efinity-v2026.1.132\evsoc-efinity-v2026.1.132\cam_single\Ti60F225_dsi\source/isp/demosaic.sv:97) because size is too small (<=64) [EFX-0657]
WARNING  : Mapping into logic memory block 'pipe_2_outer_cross_x3' (44 bits) (C:\Users\Jing-XuanTan(i)\Downloads\evsoc-efinity-v2026.1.132\evsoc-efinity-v2026.1.132\cam_single\Ti60F225_dsi\source/isp/demosaic.sv:98) because size is too small (<=64) [EFX-0657]
WARNING  : Mapping into logic memory block 'pipe_2_inner_c_outer_h_x2' (44 bits) (C:\Users\Jing-XuanTan(i)\Downloads\evsoc-efinity-v2026.1.132\evsoc-efinity-v2026.1.132\cam_single\Ti60F225_dsi\source/isp/demosaic.sv:99) because size is too small (<=64) [EFX-0657]
WARNING  : Mapping into logic memory block 'pipe_2_inner_c_outer_v_x2' (44 bits) (C:\Users\Jing-XuanTan(i)\Downloads\evsoc-efinity-v2026.1.132\evsoc-efinity-v2026.1.132\cam_single\Ti60F225_dsi\source/isp/demosaic.sv:100) because size is too small (<=64) [EFX-0657]
WARNING  : Mapping into logic memory block 'pipe_2_rb_at_g1_x2' (44 bits) (C:\Users\Jing-XuanTan(i)\Downloads\evsoc-efinity-v2026.1.132\evsoc-efinity-v2026.1.132\cam_single\Ti60F225_dsi\source/isp/demosaic.sv:101) because size is too small (<=64) [EFX-0657]
WARNING  : Mapping into logic memory block 'pipe_2_rb_at_g2_x2' (44 bits) (C:\Users\Jing-XuanTan(i)\Downloads\evsoc-efinity-v2026.1.132\evsoc-efinity-v2026.1.132\cam_single\Ti60F225_dsi\source/isp/demosaic.sv:102) because size is too small (<=64) [EFX-0657]
WARNING  : Mapping into logic memory block 'pipe_2_rb_at_rb_x2' (44 bits) (C:\Users\Jing-XuanTan(i)\Downloads\evsoc-efinity-v2026.1.132\evsoc-efinity-v2026.1.132\cam_single\Ti60F225_dsi\source/isp/demosaic.sv:103) because size is too small (<=64) [EFX-0657]
INFO     : ... Hierarchical pre-synthesis "demosaic(MAX_RESOLUTION=2048,PIXEL_PER_CYCLE=2)" end (Real time : 0s)
INFO     : ... Hierarchical pre-synthesis "ccm(S_AXIS_DATA_WIDTH=72,M_AXIS_DATA_WIDTH=72)" begin
INFO     : ... Hierarchical pre-synthesis "ccm(S_AXIS_DATA_WIDTH=72,M_AXIS_DATA_WIDTH=72)" end (Real time : 0s)
INFO     : ... Hierarchical pre-synthesis "skidbuffer(DATA_WIDTH=72)" begin
INFO     : ... Hierarchical pre-synthesis "skidbuffer(DATA_WIDTH=72)" end (Real time : 0s)
INFO     : ... Hierarchical pre-synthesis "simple_dual_ported_rom(DATA_WIDTH=8,ADDR_WIDTH=12,MEM_FILE="lut.mem")" begin
INFO     : ... Hierarchical pre-synthesis "simple_dual_ported_rom(DATA_WIDTH=8,ADDR_WIDTH=12,MEM_FILE="lut.mem")" end (Real time : 0s)
INFO     : ... Hierarchical pre-synthesis "lut(PIXEL_PER_CYCLE=2,LUT_FILE="lut.mem")" begin
INFO     : ... Hierarchical pre-synthesis "lut(PIXEL_PER_CYCLE=2,LUT_FILE="lut.mem")" end (Real time : 0s)
INFO     : ... Hierarchical pre-synthesis "gamma(LUT_FILE="lut.mem")" begin
INFO     : ... Hierarchical pre-synthesis "gamma(LUT_FILE="lut.mem")" end (Real time : 0s)
INFO     : ... Hierarchical pre-synthesis "skidbuffer(DATA_WIDTH=48)" begin
INFO     : ... Hierarchical pre-synthesis "skidbuffer(DATA_WIDTH=48)" end (Real time : 0s)
INFO     : ... Hierarchical pre-synthesis "isp(PIXEL_BIT_WIDTH=12,S_AXI_WSTRB_WIDTH=4,S_AXIS_DATA_WIDTH=24,M_AXIS_DATA_WIDTH=48,TUSER_WIDTH=2,DECOMPANDING_XLUT_FILE="decompanding_xlut.mem",DECOMPANDING_YLUT_FILE="decompanding_ylut_12_bit.mem",DECOMPANDING_FLUT_FILE="decompanding_flut_12_bit.mem",GAMMA_LUT_FILE="lut.mem")" begin
INFO     : ... Hierarchical pre-synthesis "isp(PIXEL_BIT_WIDTH=12,S_AXI_WSTRB_WIDTH=4,S_AXIS_DATA_WIDTH=24,M_AXIS_DATA_WIDTH=48,TUSER_WIDTH=2,DECOMPANDING_XLUT_FILE="decompanding_xlut.mem",DECOMPANDING_YLUT_FILE="decompanding_ylut_12_bit.mem",DECOMPANDING_FLUT_FILE="decompanding_flut_12_bit.mem",GAMMA_LUT_FILE="lut.mem")" end (Real time : 3s)
INFO     : ... Hierarchical pre-synthesis "isp_top(PIXEL_PER_CYCLE=2,S_AXIS_DATA_WIDTH=24,M_AXIS_DATA_WIDTH=48,TUSER_WIDTH=2)" begin
INFO     : ... Hierarchical pre-synthesis "isp_top(PIXEL_PER_CYCLE=2,S_AXIS_DATA_WIDTH=24,M_AXIS_DATA_WIDTH=48,TUSER_WIDTH=2)" end (Real time : 0s)
INFO     : ... Hierarchical pre-synthesis "cam_crop(P_DEPTH=16,X_START=210,X_WIN=540,Y_WIN=1080)" begin
INFO     : ... Hierarchical pre-synthesis "cam_crop(P_DEPTH=16,X_START=210,X_WIN=540,Y_WIN=1080)" end (Real time : 0s)
INFO     : ... Hierarchical pre-synthesis "scale_down_2x_nn" begin
INFO     : ... Hierarchical pre-synthesis "scale_down_2x_nn" end (Real time : 0s)
INFO     : ... Hierarchical pre-synthesis "rgb2gray_1PPC(DATA_WIDTH=8)" begin
INFO     : ... Hierarchical pre-synthesis "rgb2gray_1PPC(DATA_WIDTH=8)" end (Real time : 0s)
INFO     : ... Hierarchical pre-synthesis "cam_rgb2gray(DATA_WIDTH=8)" begin
INFO     : ... Hierarchical pre-synthesis "cam_rgb2gray(DATA_WIDTH=8)" end (Real time : 0s)
INFO     : ... Hierarchical pre-synthesis "efx_asyncreg_b0792a13d328448586f08ea7d102f373(WIDTH=1,ACTIVE_LOW=0,RST_VALUE=1)" begin
INFO     : ... Hierarchical pre-synthesis "efx_asyncreg_b0792a13d328448586f08ea7d102f373(WIDTH=1,ACTIVE_LOW=0,RST_VALUE=1)" end (Real time : 0s)
INFO     : ... Hierarchical pre-synthesis "efx_resetsync_b0792a13d328448586f08ea7d102f373(ACTIVE_LOW=0)" begin
INFO     : ... Hierarchical pre-synthesis "efx_resetsync_b0792a13d328448586f08ea7d102f373(ACTIVE_LOW=0)" end (Real time : 0s)
INFO     : ... Hierarchical pre-synthesis "efx_fifo_ram_b0792a13d328448586f08ea7d102f373(FAMILY="",WR_DEPTH=1024,RD_DEPTH=1024,WDATA_WIDTH=48,RDATA_WIDTH=48,WADDR_WIDTH=10,RADDR_WIDTH=10,OUTPUT_REG=0,RAM_MUX_RATIO=1)" begin
INFO     : ... Hierarchical pre-synthesis "efx_fifo_ram_b0792a13d328448586f08ea7d102f373(FAMILY="",WR_DEPTH=1024,RD_DEPTH=1024,WDATA_WIDTH=48,RDATA_WIDTH=48,WADDR_WIDTH=10,RADDR_WIDTH=10,OUTPUT_REG=0,RAM_MUX_RATIO=1)" end (Real time : 0s)
INFO     : ... Hierarchical pre-synthesis "efx_fifo_ctl_b0792a13d328448586f08ea7d102f373(MODE="FWFT",WR_DEPTH=1024,WADDR_WIDTH=10,RADDR_WIDTH=10,PIPELINE_REG=0,PROG_FULL_ASSERT=512,PROG_FULL_NEGATE=512,PROG_EMPTY_ASSERT=2,PROG_EMPTY_NEGATE=3,OVERFLOW_PROTECT=1,UNDERFLOW_PROTECT=1)" begin
INFO     : ... Hierarchical pre-synthesis "efx_fifo_ctl_b0792a13d328448586f08ea7d102f373(MODE="FWFT",WR_DEPTH=1024,WADDR_WIDTH=10,RADDR_WIDTH=10,PIPELINE_REG=0,PROG_FULL_ASSERT=512,PROG_FULL_NEGATE=512,PROG_EMPTY_ASSERT=2,PROG_EMPTY_NEGATE=3,OVERFLOW_PROTECT=1,UNDERFLOW_PROTECT=1)" end (Real time : 0s)
INFO     : ... Hierarchical pre-synthesis "efx_fifo_top_b0792a13d328448586f08ea7d102f373(FAMILY="",SYNC_CLK=1,MODE="FWFT",DEPTH=1024,DATA_WIDTH=48,PIPELINE_REG=0,PROGRAMMABLE_FULL="NONE",PROG_FULL_ASSERT=512,PROG_FULL_NEGATE=512,PROGRAMMABLE_EMPTY="NONE",PROG_EMPTY_ASSERT=2,PROG_EMPTY_NEGATE=3)" begin
INFO     : ... Hierarchical pre-synthesis "efx_fifo_top_b0792a13d328448586f08ea7d102f373(FAMILY="",SYNC_CLK=1,MODE="FWFT",DEPTH=1024,DATA_WIDTH=48,PIPELINE_REG=0,PROGRAMMABLE_FULL="NONE",PROG_FULL_ASSERT=512,PROG_FULL_NEGATE=512,PROGRAMMABLE_EMPTY="NONE",PROG_EMPTY_ASSERT=2,PROG_EMPTY_NEGATE=3)" end (Real time : 0s)
INFO     : ... Hierarchical pre-synthesis "cam_dma_fifo" begin
INFO     : ... Hierarchical pre-synthesis "cam_dma_fifo" end (Real time : 0s)
INFO     : ... Hierarchical pre-synthesis "cam_picam_v2(MIPI_FRAME_WIDTH=1920,MIPI_FRAME_HEIGHT=1080,FRAME_WIDTH=540,FRAME_HEIGHT=540,DMA_TRANSFER_LENGTH=145800)" begin
INFO     : ... Hierarchical pre-synthesis "cam_picam_v2(MIPI_FRAME_WIDTH=1920,MIPI_FRAME_HEIGHT=1080,FRAME_WIDTH=540,FRAME_HEIGHT=540,DMA_TRANSFER_LENGTH=145800)" end (Real time : 1s)
INFO     : ... Hierarchical pre-synthesis "common_true_dual_port_ram(DATA_WIDTH=40,WRITE_MODE_1="WRITE_FIRST",WRITE_MODE_2="WRITE_FIRST",OUTPUT_REG_1="TRUE",OUTPUT_REG_2="TRUE",RAM_INIT_FILE="source/display/dsi/dsi_panel_1080p_reg.mem")" begin
INFO     : ... Hierarchical pre-synthesis "common_true_dual_port_ram(DATA_WIDTH=40,WRITE_MODE_1="WRITE_FIRST",WRITE_MODE_2="WRITE_FIRST",OUTPUT_REG_1="TRUE",OUTPUT_REG_2="TRUE",RAM_INIT_FILE="source/display/dsi/dsi_panel_1080p_reg.mem")" end (Real time : 0s)
INFO     : ... Hierarchical pre-synthesis "panel_config(INITIAL_CODE="source/display/dsi/dsi_panel_1080p_reg.mem")" begin
INFO     : ... Hierarchical pre-synthesis "panel_config(INITIAL_CODE="source/display/dsi/dsi_panel_1080p_reg.mem")" end (Real time : 0s)
INFO     : ... Hierarchical pre-synthesis "vga_gen(H_SyncPulse=32'b0110010,H_BackPorch=32'b0110010,H_ActivePix=32'b01000011100,H_FrontPorch=32'b01100100,V_SyncPulse=10'b011,V_BackPorch=10'b0101,V_ActivePix=12'b011110000000,V_FrontPorch=10'b0110)" begin
INFO     : ... Hierarchical pre-synthesis "vga_gen(H_SyncPulse=32'b0110010,H_BackPorch=32'b0110010,H_ActivePix=32'b01000011100,H_FrontPorch=32'b01100100,V_SyncPulse=10'b011,V_BackPorch=10'b0101,V_ActivePix=12'b011110000000,V_FrontPorch=10'b0110)" end (Real time : 0s)
INFO     : ... Hierarchical pre-synthesis "common_simple_dual_port_ram(DATA_WIDTH=48,OUTPUT_REG="FALSE")" begin
INFO     : ... Hierarchical pre-synthesis "common_simple_dual_port_ram(DATA_WIDTH=48,OUTPUT_REG="FALSE")" end (Real time : 0s)
INFO     : ... Hierarchical pre-synthesis "scale_up_2x_nn" begin
INFO     : ... Hierarchical pre-synthesis "scale_up_2x_nn" end (Real time : 0s)
INFO     : ... Hierarchical pre-synthesis "efx_asyncreg_0ebd061cc55a4cdb9867e4fd870758a2(WIDTH=1,ACTIVE_LOW=0,RST_VALUE=1)" begin
INFO     : ... Hierarchical pre-synthesis "efx_asyncreg_0ebd061cc55a4cdb9867e4fd870758a2(WIDTH=1,ACTIVE_LOW=0,RST_VALUE=1)" end (Real time : 0s)
INFO     : ... Hierarchical pre-synthesis "efx_resetsync_0ebd061cc55a4cdb9867e4fd870758a2(ACTIVE_LOW=0)" begin
INFO     : ... Hierarchical pre-synthesis "efx_resetsync_0ebd061cc55a4cdb9867e4fd870758a2(ACTIVE_LOW=0)" end (Real time : 0s)
INFO     : ... Hierarchical pre-synthesis "efx_fifo_ram_0ebd061cc55a4cdb9867e4fd870758a2(FAMILY="",WR_DEPTH=1024,RD_DEPTH=1024,WDATA_WIDTH=48,RDATA_WIDTH=48,WADDR_WIDTH=10,RADDR_WIDTH=10,RAM_MUX_RATIO=1)" begin
INFO     : ... Hierarchical pre-synthesis "efx_fifo_ram_0ebd061cc55a4cdb9867e4fd870758a2(FAMILY="",WR_DEPTH=1024,RD_DEPTH=1024,WDATA_WIDTH=48,RDATA_WIDTH=48,WADDR_WIDTH=10,RADDR_WIDTH=10,RAM_MUX_RATIO=1)" end (Real time : 0s)
INFO     : ... Hierarchical pre-synthesis "efx_fifo_ctl_0ebd061cc55a4cdb9867e4fd870758a2(WR_DEPTH=1024,WADDR_WIDTH=10,RADDR_WIDTH=10,PIPELINE_REG=0,PROG_FULL_ASSERT=512,PROG_FULL_NEGATE=512,PROG_EMPTY_ASSERT=2,PROG_EMPTY_NEGATE=3,OUTPUT_REG=1,OVERFLOW_PROTECT=1,UNDERFLOW_PROTECT=1)" begin
INFO     : ... Hierarchical pre-synthesis "efx_fifo_ctl_0ebd061cc55a4cdb9867e4fd870758a2(WR_DEPTH=1024,WADDR_WIDTH=10,RADDR_WIDTH=10,PIPELINE_REG=0,PROG_FULL_ASSERT=512,PROG_FULL_NEGATE=512,PROG_EMPTY_ASSERT=2,PROG_EMPTY_NEGATE=3,OUTPUT_REG=1,OVERFLOW_PROTECT=1,UNDERFLOW_PROTECT=1)" end (Real time : 0s)
INFO     : ... Hierarchical pre-synthesis "efx_fifo_top_0ebd061cc55a4cdb9867e4fd870758a2(FAMILY="",SYNC_CLK=1,DEPTH=1024,DATA_WIDTH=48,PIPELINE_REG=0,OUTPUT_REG=1,PROGRAMMABLE_FULL="NONE",PROG_FULL_ASSERT=512,PROG_FULL_NEGATE=512,PROGRAMMABLE_EMPTY="NONE",PROG_EMPTY_ASSERT=2,PROG_EMPTY_NEGATE=3)" begin
INFO     : ... Hierarchical pre-synthesis "efx_fifo_top_0ebd061cc55a4cdb9867e4fd870758a2(FAMILY="",SYNC_CLK=1,DEPTH=1024,DATA_WIDTH=48,PIPELINE_REG=0,OUTPUT_REG=1,PROGRAMMABLE_FULL="NONE",PROG_FULL_ASSERT=512,PROG_FULL_NEGATE=512,PROGRAMMABLE_EMPTY="NONE",PROG_EMPTY_ASSERT=2,PROG_EMPTY_NEGATE=3)" end (Real time : 0s)
INFO     : ... Hierarchical pre-synthesis "display_dma_fifo" begin
INFO     : ... Hierarchical pre-synthesis "display_dma_fifo" end (Real time : 0s)
INFO     : ... Hierarchical pre-synthesis "display_dsi(FRAME_WIDTH=540,FRAME_HEIGHT=540)" begin
INFO     : ... Hierarchical pre-synthesis "display_dsi(FRAME_WIDTH=540,FRAME_HEIGHT=540)" end (Real time : 0s)
INFO     : ... Hierarchical pre-synthesis "efx_asyncreg_98c52b03a74a4ce095debab75db1d287" begin
INFO     : ... Hierarchical pre-synthesis "efx_asyncreg_98c52b03a74a4ce095debab75db1d287" end (Real time : 0s)
INFO     : ... Hierarchical pre-synthesis "efx_asyncreg_98c52b03a74a4ce095debab75db1d287(WIDTH=1)" begin
INFO     : ... Hierarchical pre-synthesis "efx_asyncreg_98c52b03a74a4ce095debab75db1d287(WIDTH=1)" end (Real time : 0s)
INFO     : ... Hierarchical pre-synthesis "dphy_tx_hs_c_fsm_98c52b03a74a4ce095debab75db1d287(tCLK_ZERO_NS=280,tCLK_TRAIL_NS=100,tCLK_POST_NS=100,HS_BYTECLK_MHZ=125)" begin
INFO     : ... Hierarchical pre-synthesis "dphy_tx_hs_c_fsm_98c52b03a74a4ce095debab75db1d287(tCLK_ZERO_NS=280,tCLK_TRAIL_NS=100,tCLK_POST_NS=100,HS_BYTECLK_MHZ=125)" end (Real time : 0s)
INFO     : ... Hierarchical pre-synthesis "dphy_tx_clane_fsm_98c52b03a74a4ce095debab75db1d287(tLPX_NS=60,tCLK_ZERO_NS=280,tCLK_TRAIL_NS=100,tCLK_POST_NS=100,tCLK_PREPARE_NS=50,tHS_EXIT_NS=120,HS_BYTECLK_MHZ=125)" begin
INFO     : ... Hierarchical pre-synthesis "dphy_tx_clane_fsm_98c52b03a74a4ce095debab75db1d287(tLPX_NS=60,tCLK_ZERO_NS=280,tCLK_TRAIL_NS=100,tCLK_POST_NS=100,tCLK_PREPARE_NS=50,tHS_EXIT_NS=120,HS_BYTECLK_MHZ=125)" end (Real time : 0s)
INFO     : ... Hierarchical pre-synthesis "dphy_tx_hs_d_fsm_98c52b03a74a4ce095debab75db1d287(tHS_ZERO_NS=200,tHS_TRAIL_NS=65,HS_BYTECLK_MHZ=125)" begin
INFO     : ... Hierarchical pre-synthesis "dphy_tx_hs_d_fsm_98c52b03a74a4ce095debab75db1d287(tHS_ZERO_NS=200,tHS_TRAIL_NS=65,HS_BYTECLK_MHZ=125)" end (Real time : 0s)
INFO     : ... Hierarchical pre-synthesis "dphy_bidir_tx_dlane_fsm_98c52b03a74a4ce095debab75db1d287(tLPX_NS=60,tHS_PREPARE_NS=50,tHS_EXIT_NS=120,tHS_ZERO_NS=200,tHS_TRAIL_NS=65,HS_BYTECLK_MHZ=125)" begin
INFO     : ... Hierarchical pre-synthesis "dphy_bidir_tx_dlane_fsm_98c52b03a74a4ce095debab75db1d287(tLPX_NS=60,tHS_PREPARE_NS=50,tHS_EXIT_NS=120,tHS_ZERO_NS=200,tHS_TRAIL_NS=65,HS_BYTECLK_MHZ=125)" end (Real time : 0s)
INFO     : ... Hierarchical pre-synthesis "dphy_bidir_rx_dlane_fsm_98c52b03a74a4ce095debab75db1d287(tLPX_NS=60,HS_BYTECLK_MHZ=125)" begin
INFO     : ... Hierarchical pre-synthesis "dphy_bidir_rx_dlane_fsm_98c52b03a74a4ce095debab75db1d287(tLPX_NS=60,HS_BYTECLK_MHZ=125)" end (Real time : 0s)
INFO     : ... Hierarchical pre-synthesis "dphy_tx_hs_d_fsm_98c52b03a74a4ce095debab75db1d287(tHS_ZERO_NS=200,tHS_EXIT_NS=120,tHS_TRAIL_NS=65,HS_BYTECLK_MHZ=125)" begin
INFO     : ... Hierarchical pre-synthesis "dphy_tx_hs_d_fsm_98c52b03a74a4ce095debab75db1d287(tHS_ZERO_NS=200,tHS_EXIT_NS=120,tHS_TRAIL_NS=65,HS_BYTECLK_MHZ=125)" end (Real time : 0s)
INFO     : ... Hierarchical pre-synthesis "dphy_tx_dlane_fsm_98c52b03a74a4ce095debab75db1d287(tLPX_NS=60,tHS_PREPARE_NS=50,tHS_EXIT_NS=120,tHS_ZERO_NS=200,tHS_TRAIL_NS=65,HS_BYTECLK_MHZ=125)" begin
INFO     : ... Hierarchical pre-synthesis "dphy_tx_dlane_fsm_98c52b03a74a4ce095debab75db1d287(tLPX_NS=60,tHS_PREPARE_NS=50,tHS_EXIT_NS=120,tHS_ZERO_NS=200,tHS_TRAIL_NS=65,HS_BYTECLK_MHZ=125)" end (Real time : 0s)
INFO     : ... Hierarchical pre-synthesis "efx_dphy_bidir_tx_98c52b03a74a4ce095debab75db1d287(tLPX_NS=60,tCLK_ZERO_NS=280,tCLK_TRAIL_NS=100,tCLK_POST_NS=100,tCLK_PREPARE_NS=50,tHS_PREPARE_NS=50,tHS_EXIT_NS=120,tHS_ZERO_NS=200,tHS_TRAIL_NS=65,HS_BYTECLK_MHZ=125,ENABLE_BIDIR=1'b1)" begin
INFO     : ... Hierarchical pre-synthesis "efx_dphy_bidir_tx_98c52b03a74a4ce095debab75db1d287(tLPX_NS=60,tCLK_ZERO_NS=280,tCLK_TRAIL_NS=100,tCLK_POST_NS=100,tCLK_PREPARE_NS=50,tHS_PREPARE_NS=50,tHS_EXIT_NS=120,tHS_ZERO_NS=200,tHS_TRAIL_NS=65,HS_BYTECLK_MHZ=125,ENABLE_BIDIR=1'b1)" end (Real time : 0s)
INFO     : ... Hierarchical pre-synthesis "efx_asyncreg_98c52b03a74a4ce095debab75db1d287(WIDTH=32)" begin
INFO     : ... Hierarchical pre-synthesis "efx_asyncreg_98c52b03a74a4ce095debab75db1d287(WIDTH=32)" end (Real time : 0s)
INFO     : ... Hierarchical pre-synthesis "efx_asyncreg_98c52b03a74a4ce095debab75db1d287(WIDTH=8)" begin
INFO     : ... Hierarchical pre-synthesis "efx_asyncreg_98c52b03a74a4ce095debab75db1d287(WIDTH=8)" end (Real time : 0s)
INFO     : ... Hierarchical pre-synthesis "efx_asyncreg_98c52b03a74a4ce095debab75db1d287(WIDTH=16)" begin
INFO     : ... Hierarchical pre-synthesis "efx_asyncreg_98c52b03a74a4ce095debab75db1d287(WIDTH=16)" end (Real time : 0s)
INFO     : ... Hierarchical pre-synthesis "efx_dsi_ecc_gen_98c52b03a74a4ce095debab75db1d287" begin
INFO     : ... Hierarchical pre-synthesis "efx_dsi_ecc_gen_98c52b03a74a4ce095debab75db1d287" end (Real time : 0s)
INFO     : ... Hierarchical pre-synthesis "efx_dsi_crc16_d8_gen_98c52b03a74a4ce095debab75db1d287" begin
INFO     : ... Hierarchical pre-synthesis "efx_dsi_crc16_d8_gen_98c52b03a74a4ce095debab75db1d287" end (Real time : 0s)
INFO     : ... Hierarchical pre-synthesis "efx_dsi_cmd_driver_98c52b03a74a4ce095debab75db1d287(ENABLE_V_LPM_BTA=1'b0)" begin
INFO     : ... Hierarchical pre-synthesis "efx_dsi_cmd_driver_98c52b03a74a4ce095debab75db1d287(ENABLE_V_LPM_BTA=1'b0)" end (Real time : 0s)
INFO     : ... Hierarchical pre-synthesis "efx_asyncreg_98c52b03a74a4ce095debab75db1d287(WIDTH=1,ACTIVE_LOW=0,RST_VALUE=1)" begin
INFO     : ... Hierarchical pre-synthesis "efx_asyncreg_98c52b03a74a4ce095debab75db1d287(WIDTH=1,ACTIVE_LOW=0,RST_VALUE=1)" end (Real time : 0s)
INFO     : ... Hierarchical pre-synthesis "efx_resetsync_98c52b03a74a4ce095debab75db1d287(ACTIVE_LOW=0)" begin
INFO     : ... Hierarchical pre-synthesis "efx_resetsync_98c52b03a74a4ce095debab75db1d287(ACTIVE_LOW=0)" end (Real time : 0s)
INFO     : ... Hierarchical pre-synthesis "efx_fifo_ram_98c52b03a74a4ce095debab75db1d287(WR_DEPTH=2048,RD_DEPTH=2048,WADDR_WIDTH=11,RADDR_WIDTH=11,OUTPUT_REG=0,RAM_MUX_RATIO=1)" begin
INFO     : ... Hierarchical pre-synthesis "efx_fifo_ram_98c52b03a74a4ce095debab75db1d287(WR_DEPTH=2048,RD_DEPTH=2048,WADDR_WIDTH=11,RADDR_WIDTH=11,OUTPUT_REG=0,RAM_MUX_RATIO=1)" end (Real time : 0s)
INFO     : ... Hierarchical pre-synthesis "efx_fifo_bin2gray_98c52b03a74a4ce095debab75db1d287(WIDTH=12)" begin
INFO     : ... Hierarchical pre-synthesis "efx_fifo_bin2gray_98c52b03a74a4ce095debab75db1d287(WIDTH=12)" end (Real time : 0s)
INFO     : ... Hierarchical pre-synthesis "efx_asyncreg_98c52b03a74a4ce095debab75db1d287(WIDTH=12,ACTIVE_LOW=0,OFF_ASSERTION=1)" begin
INFO     : ... Hierarchical pre-synthesis "efx_asyncreg_98c52b03a74a4ce095debab75db1d287(WIDTH=12,ACTIVE_LOW=0,OFF_ASSERTION=1)" end (Real time : 0s)
INFO     : ... Hierarchical pre-synthesis "efx_fifo_gray2bin_98c52b03a74a4ce095debab75db1d287(WIDTH=2)" begin
INFO     : ... Hierarchical pre-synthesis "efx_fifo_gray2bin_98c52b03a74a4ce095debab75db1d287(WIDTH=2)" end (Real time : 0s)
INFO     : ... Hierarchical pre-synthesis "efx_fifo_gray2bin_98c52b03a74a4ce095debab75db1d287(WIDTH=3)" begin
INFO     : ... Hierarchical pre-synthesis "efx_fifo_gray2bin_98c52b03a74a4ce095debab75db1d287(WIDTH=3)" end (Real time : 0s)
INFO     : ... Hierarchical pre-synthesis "efx_fifo_gray2bin_98c52b03a74a4ce095debab75db1d287(WIDTH=4)" begin
INFO     : ... Hierarchical pre-synthesis "efx_fifo_gray2bin_98c52b03a74a4ce095debab75db1d287(WIDTH=4)" end (Real time : 0s)
INFO     : ... Hierarchical pre-synthesis "efx_fifo_gray2bin_98c52b03a74a4ce095debab75db1d287" begin
INFO     : ... Hierarchical pre-synthesis "efx_fifo_gray2bin_98c52b03a74a4ce095debab75db1d287" end (Real time : 0s)
INFO     : ... Hierarchical pre-synthesis "efx_fifo_gray2bin_98c52b03a74a4ce095debab75db1d287(WIDTH=6)" begin
INFO     : ... Hierarchical pre-synthesis "efx_fifo_gray2bin_98c52b03a74a4ce095debab75db1d287(WIDTH=6)" end (Real time : 0s)
INFO     : ... Hierarchical pre-synthesis "efx_fifo_gray2bin_98c52b03a74a4ce095debab75db1d287(WIDTH=7)" begin
INFO     : ... Hierarchical pre-synthesis "efx_fifo_gray2bin_98c52b03a74a4ce095debab75db1d287(WIDTH=7)" end (Real time : 0s)
INFO     : ... Hierarchical pre-synthesis "efx_fifo_gray2bin_98c52b03a74a4ce095debab75db1d287(WIDTH=8)" begin
INFO     : ... Hierarchical pre-synthesis "efx_fifo_gray2bin_98c52b03a74a4ce095debab75db1d287(WIDTH=8)" end (Real time : 0s)
INFO     : ... Hierarchical pre-synthesis "efx_fifo_gray2bin_98c52b03a74a4ce095debab75db1d287(WIDTH=9)" begin
INFO     : ... Hierarchical pre-synthesis "efx_fifo_gray2bin_98c52b03a74a4ce095debab75db1d287(WIDTH=9)" end (Real time : 0s)
INFO     : ... Hierarchical pre-synthesis "efx_fifo_gray2bin_98c52b03a74a4ce095debab75db1d287(WIDTH=10)" begin
INFO     : ... Hierarchical pre-synthesis "efx_fifo_gray2bin_98c52b03a74a4ce095debab75db1d287(WIDTH=10)" end (Real time : 0s)
INFO     : ... Hierarchical pre-synthesis "efx_fifo_gray2bin_98c52b03a74a4ce095debab75db1d287(WIDTH=11)" begin
INFO     : ... Hierarchical pre-synthesis "efx_fifo_gray2bin_98c52b03a74a4ce095debab75db1d287(WIDTH=11)" end (Real time : 0s)
INFO     : ... Hierarchical pre-synthesis "efx_fifo_gray2bin_98c52b03a74a4ce095debab75db1d287(WIDTH=12)" begin
INFO     : ... Hierarchical pre-synthesis "efx_fifo_gray2bin_98c52b03a74a4ce095debab75db1d287(WIDTH=12)" end (Real time : 0s)
INFO     : ... Hierarchical pre-synthesis "efx_fifo_ctl_98c52b03a74a4ce095debab75db1d287(SYNC_CLK=0,MODE="FWFT",WR_DEPTH=2048,WADDR_WIDTH=11,RADDR_WIDTH=11,ALMOST_FLAG=0,PROG_FULL_ASSERT=16,PROG_FULL_NEGATE=16,HANDSHAKE_FLAG=0,OVERFLOW_PROTECT=1,UNDERFLOW_PROTECT=1)" begin
INFO     : ... Hierarchical pre-synthesis "efx_fifo_ctl_98c52b03a74a4ce095debab75db1d287(SYNC_CLK=0,MODE="FWFT",WR_DEPTH=2048,WADDR_WIDTH=11,RADDR_WIDTH=11,ALMOST_FLAG=0,PROG_FULL_ASSERT=16,PROG_FULL_NEGATE=16,HANDSHAKE_FLAG=0,OVERFLOW_PROTECT=1,UNDERFLOW_PROTECT=1)" end (Real time : 0s)
INFO     : ... Hierarchical pre-synthesis "efx_fifo_top_98c52b03a74a4ce095debab75db1d287(MODE="FWFT",DEPTH=2048,DATA_WIDTH=8,OPTIONAL_FLAGS=0,PROGRAMMABLE_FULL="NONE",PROG_FULL_ASSERT=16,PROG_FULL_NEGATE=16,PROGRAMMABLE_EMPTY="NONE",PROG_EMPTY_ASSERT=0,PROG_EMPTY_NEGATE=0)" begin
INFO     : ... Hierarchical pre-synthesis "efx_fifo_top_98c52b03a74a4ce095debab75db1d287(MODE="FWFT",DEPTH=2048,DATA_WIDTH=8,OPTIONAL_FLAGS=0,PROGRAMMABLE_FULL="NONE",PROG_FULL_ASSERT=16,PROG_FULL_NEGATE=16,PROGRAMMABLE_EMPTY="NONE",PROG_EMPTY_ASSERT=0,PROG_EMPTY_NEGATE=0)" end (Real time : 0s)
INFO     : ... Hierarchical pre-synthesis "efx_fifo_ram_98c52b03a74a4ce095debab75db1d287(WDATA_WIDTH=32,RDATA_WIDTH=32,OUTPUT_REG=0,RAM_MUX_RATIO=1)" begin
INFO     : ... Hierarchical pre-synthesis "efx_fifo_ram_98c52b03a74a4ce095debab75db1d287(WDATA_WIDTH=32,RDATA_WIDTH=32,OUTPUT_REG=0,RAM_MUX_RATIO=1)" end (Real time : 0s)
INFO     : ... Hierarchical pre-synthesis "efx_fifo_bin2gray_98c52b03a74a4ce095debab75db1d287(WIDTH=10)" begin
INFO     : ... Hierarchical pre-synthesis "efx_fifo_bin2gray_98c52b03a74a4ce095debab75db1d287(WIDTH=10)" end (Real time : 0s)
INFO     : ... Hierarchical pre-synthesis "efx_asyncreg_98c52b03a74a4ce095debab75db1d287(WIDTH=10,ACTIVE_LOW=0,OFF_ASSERTION=1)" begin
INFO     : ... Hierarchical pre-synthesis "efx_asyncreg_98c52b03a74a4ce095debab75db1d287(WIDTH=10,ACTIVE_LOW=0,OFF_ASSERTION=1)" end (Real time : 0s)
INFO     : ... Hierarchical pre-synthesis "efx_fifo_ctl_98c52b03a74a4ce095debab75db1d287(SYNC_CLK=0,MODE="FWFT",ALMOST_FLAG=0,PROG_FULL_ASSERT=16,PROG_FULL_NEGATE=16,HANDSHAKE_FLAG=0,OVERFLOW_PROTECT=1,UNDERFLOW_PROTECT=1)" begin
INFO     : ... Hierarchical pre-synthesis "efx_fifo_ctl_98c52b03a74a4ce095debab75db1d287(SYNC_CLK=0,MODE="FWFT",ALMOST_FLAG=0,PROG_FULL_ASSERT=16,PROG_FULL_NEGATE=16,HANDSHAKE_FLAG=0,OVERFLOW_PROTECT=1,UNDERFLOW_PROTECT=1)" end (Real time : 0s)
INFO     : ... Hierarchical pre-synthesis "efx_fifo_top_98c52b03a74a4ce095debab75db1d287(MODE="FWFT",OPTIONAL_FLAGS=0,PROGRAMMABLE_FULL="NONE",PROG_FULL_ASSERT=16,PROG_FULL_NEGATE=16,PROGRAMMABLE_EMPTY="NONE",PROG_EMPTY_ASSERT=0,PROG_EMPTY_NEGATE=0)" begin
INFO     : ... Hierarchical pre-synthesis "efx_fifo_top_98c52b03a74a4ce095debab75db1d287(MODE="FWFT",OPTIONAL_FLAGS=0,PROGRAMMABLE_FULL="NONE",PROG_FULL_ASSERT=16,PROG_FULL_NEGATE=16,PROGRAMMABLE_EMPTY="NONE",PROG_EMPTY_ASSERT=0,PROG_EMPTY_NEGATE=0)" end (Real time : 0s)
INFO     : ... Hierarchical pre-synthesis "efx_dsi_tx_csr_98c52b03a74a4ce095debab75db1d287(HS_DATA_WIDTH=8,ENABLE_V_LPM_BTA=1'b0)" begin
INFO     : ... Hierarchical pre-synthesis "efx_dsi_tx_csr_98c52b03a74a4ce095debab75db1d287(HS_DATA_WIDTH=8,ENABLE_V_LPM_BTA=1'b0)" end (Real time : 0s)
INFO     : ... Hierarchical pre-synthesis "efx_dsi_pack48bto64b_98c52b03a74a4ce095debab75db1d287" begin
INFO     : ... Hierarchical pre-synthesis "efx_dsi_pack48bto64b_98c52b03a74a4ce095debab75db1d287" end (Real time : 0s)
INFO     : ... Hierarchical pre-synthesis "efx_fifo_ram_98c52b03a74a4ce095debab75db1d287(WR_DEPTH=2048,RD_DEPTH=2048,WDATA_WIDTH=64,RDATA_WIDTH=64,WADDR_WIDTH=11,RADDR_WIDTH=11,OUTPUT_REG=0,RAM_MUX_RATIO=1)" begin
INFO     : ... Hierarchical pre-synthesis "efx_fifo_ram_98c52b03a74a4ce095debab75db1d287(WR_DEPTH=2048,RD_DEPTH=2048,WDATA_WIDTH=64,RDATA_WIDTH=64,WADDR_WIDTH=11,RADDR_WIDTH=11,OUTPUT_REG=0,RAM_MUX_RATIO=1)" end (Real time : 0s)
INFO     : ... Hierarchical pre-synthesis "efx_fifo_ctl_98c52b03a74a4ce095debab75db1d287(SYNC_CLK=0,MODE="FWFT",WR_DEPTH=2048,WADDR_WIDTH=11,RADDR_WIDTH=11,ALMOST_FLAG=0,PROGRAMMABLE_FULL="STATIC_DUAL",PROG_FULL_ASSERT=404,PROG_FULL_NEGATE=404,HANDSHAKE_FLAG=0,OVERFLOW_PROTECT=1,UNDERFLOW_PROTECT=1)" begin
INFO     : ... Hierarchical pre-synthesis "efx_fifo_ctl_98c52b03a74a4ce095debab75db1d287(SYNC_CLK=0,MODE="FWFT",WR_DEPTH=2048,WADDR_WIDTH=11,RADDR_WIDTH=11,ALMOST_FLAG=0,PROGRAMMABLE_FULL="STATIC_DUAL",PROG_FULL_ASSERT=404,PROG_FULL_NEGATE=404,HANDSHAKE_FLAG=0,OVERFLOW_PROTECT=1,UNDERFLOW_PROTECT=1)" end (Real time : 0s)
INFO     : ... Hierarchical pre-synthesis "efx_fifo_top_98c52b03a74a4ce095debab75db1d287(MODE="FWFT",DEPTH=2048,DATA_WIDTH=64,OPTIONAL_FLAGS=0,PROG_FULL_ASSERT=404,PROG_FULL_NEGATE=404,PROGRAMMABLE_EMPTY="NONE",PROG_EMPTY_ASSERT=0,PROG_EMPTY_NEGATE=0)" begin
INFO     : ... Hierarchical pre-synthesis "efx_fifo_top_98c52b03a74a4ce095debab75db1d287(MODE="FWFT",DEPTH=2048,DATA_WIDTH=64,OPTIONAL_FLAGS=0,PROG_FULL_ASSERT=404,PROG_FULL_NEGATE=404,PROGRAMMABLE_EMPTY="NONE",PROG_EMPTY_ASSERT=0,PROG_EMPTY_NEGATE=0)" end (Real time : 0s)
INFO     : ... Hierarchical pre-synthesis "efx_dsi_pixel2byte_98c52b03a74a4ce095debab75db1d287(MAX_HRES=1080,PACK_TYPE=1,PIXEL_FIFO_DEPTH=2048)" begin
INFO     : ... Hierarchical pre-synthesis "efx_dsi_pixel2byte_98c52b03a74a4ce095debab75db1d287(MAX_HRES=1080,PACK_TYPE=1,PIXEL_FIFO_DEPTH=2048)" end (Real time : 0s)
INFO     : ... Hierarchical pre-synthesis "efx_asyncreg_98c52b03a74a4ce095debab75db1d287(WIDTH=2)" begin
INFO     : ... Hierarchical pre-synthesis "efx_asyncreg_98c52b03a74a4ce095debab75db1d287(WIDTH=2)" end (Real time : 0s)
INFO     : ... Hierarchical pre-synthesis "efx_asyncreg_98c52b03a74a4ce095debab75db1d287(WIDTH=6)" begin
INFO     : ... Hierarchical pre-synthesis "efx_asyncreg_98c52b03a74a4ce095debab75db1d287(WIDTH=6)" end (Real time : 0s)
INFO     : ... Hierarchical pre-synthesis "efx_fifo_ram_98c52b03a74a4ce095debab75db1d287(FAMILY="TITANIUM",WR_DEPTH=16384,RD_DEPTH=16384,WDATA_WIDTH=4,RDATA_WIDTH=4,WADDR_WIDTH=14,RADDR_WIDTH=14,OUTPUT_REG=0,RAM_MUX_RATIO=1,ENDIANESS=1)" begin
INFO     : ... Hierarchical pre-synthesis "efx_fifo_ram_98c52b03a74a4ce095debab75db1d287(FAMILY="TITANIUM",WR_DEPTH=16384,RD_DEPTH=16384,WDATA_WIDTH=4,RDATA_WIDTH=4,WADDR_WIDTH=14,RADDR_WIDTH=14,OUTPUT_REG=0,RAM_MUX_RATIO=1,ENDIANESS=1)" end (Real time : 0s)
INFO     : ... Hierarchical pre-synthesis "efx_fifo_ctl_98c52b03a74a4ce095debab75db1d287(WR_DEPTH=16384,WADDR_WIDTH=14,RADDR_WIDTH=14,ALMOST_FLAG=0,PROG_FULL_ASSERT=128,PROG_FULL_NEGATE=127,PROG_EMPTY_ASSERT=2,PROG_EMPTY_NEGATE=3,HANDSHAKE_FLAG=0,OVERFLOW_PROTECT=1,UNDERFLOW_PROTECT=1)" begin
INFO     : ... Hierarchical pre-synthesis "efx_fifo_ctl_98c52b03a74a4ce095debab75db1d287(WR_DEPTH=16384,WADDR_WIDTH=14,RADDR_WIDTH=14,ALMOST_FLAG=0,PROG_FULL_ASSERT=128,PROG_FULL_NEGATE=127,PROG_EMPTY_ASSERT=2,PROG_EMPTY_NEGATE=3,HANDSHAKE_FLAG=0,OVERFLOW_PROTECT=1,UNDERFLOW_PROTECT=1)" end (Real time : 0s)
INFO     : ... Hierarchical pre-synthesis "efx_fifo_top_98c52b03a74a4ce095debab75db1d287(FAMILY="TITANIUM",SYNC_CLK=1,DEPTH=16384,DATA_WIDTH=4,OPTIONAL_FLAGS=0,PROGRAMMABLE_FULL="NONE",PROG_FULL_ASSERT=128,PROG_FULL_NEGATE=127,PROGRAMMABLE_EMPTY="NONE",PROG_EMPTY_ASSERT=2,PROG_EMPTY_NEGATE=3,ENDIANESS=1)" begin
INFO     : ... Hierarchical pre-synthesis "efx_fifo_top_98c52b03a74a4ce095debab75db1d287(FAMILY="TITANIUM",SYNC_CLK=1,DEPTH=16384,DATA_WIDTH=4,OPTIONAL_FLAGS=0,PROGRAMMABLE_FULL="NONE",PROG_FULL_ASSERT=128,PROG_FULL_NEGATE=127,PROGRAMMABLE_EMPTY="NONE",PROG_EMPTY_ASSERT=2,PROG_EMPTY_NEGATE=3,ENDIANESS=1)" end (Real time : 0s)
INFO     : ... Hierarchical pre-synthesis "efx_dsi_delay_sync_98c52b03a74a4ce095debab75db1d287" begin
INFO     : ... Hierarchical pre-synthesis "efx_dsi_delay_sync_98c52b03a74a4ce095debab75db1d287" end (Real time : 0s)
INFO     : ... Hierarchical pre-synthesis "efx_dsi_video_iface_98c52b03a74a4ce095debab75db1d287(HS_DATA_WIDTH=8,PACKET_SEQUENCES=1)" begin
INFO     : ... Hierarchical pre-synthesis "efx_dsi_video_iface_98c52b03a74a4ce095debab75db1d287(HS_DATA_WIDTH=8,PACKET_SEQUENCES=1)" end (Real time : 0s)
INFO     : ... Hierarchical pre-synthesis "efx_dsi_crc16_d32_gen_98c52b03a74a4ce095debab75db1d287" begin
INFO     : ... Hierarchical pre-synthesis "efx_dsi_crc16_d32_gen_98c52b03a74a4ce095debab75db1d287" end (Real time : 0s)
INFO     : ... Hierarchical pre-synthesis "efx_fifo_ram_98c52b03a74a4ce095debab75db1d287(WDATA_WIDTH=36,RDATA_WIDTH=36,OUTPUT_REG=0,RAM_MUX_RATIO=1)" begin
INFO     : ... Hierarchical pre-synthesis "efx_fifo_ram_98c52b03a74a4ce095debab75db1d287(WDATA_WIDTH=36,RDATA_WIDTH=36,OUTPUT_REG=0,RAM_MUX_RATIO=1)" end (Real time : 0s)
INFO     : ... Hierarchical pre-synthesis "efx_fifo_ctl_98c52b03a74a4ce095debab75db1d287(SYNC_CLK=0,MODE="FWFT",ALMOST_FLAG=0,PROGRAMMABLE_FULL="NONE       ",PROG_FULL_ASSERT=16,PROG_FULL_NEGATE=16,HANDSHAKE_FLAG=0,OVERFLOW_PROTECT=1,UNDERFLOW_PROTECT=1)" begin
INFO     : ... Hierarchical pre-synthesis "efx_fifo_ctl_98c52b03a74a4ce095debab75db1d287(SYNC_CLK=0,MODE="FWFT",ALMOST_FLAG=0,PROGRAMMABLE_FULL="NONE       ",PROG_FULL_ASSERT=16,PROG_FULL_NEGATE=16,HANDSHAKE_FLAG=0,OVERFLOW_PROTECT=1,UNDERFLOW_PROTECT=1)" end (Real time : 0s)
INFO     : ... Hierarchical pre-synthesis "efx_fifo_top_98c52b03a74a4ce095debab75db1d287(MODE="FWFT",DATA_WIDTH=36,OPTIONAL_FLAGS=0,PROGRAMMABLE_FULL="NONE       ",PROG_FULL_ASSERT=16,PROG_FULL_NEGATE=16,PROGRAMMABLE_EMPTY="NONE",PROG_EMPTY_ASSERT=0,PROG_EMPTY_NEGATE=0)" begin
INFO     : ... Hierarchical pre-synthesis "efx_fifo_top_98c52b03a74a4ce095debab75db1d287(MODE="FWFT",DATA_WIDTH=36,OPTIONAL_FLAGS=0,PROGRAMMABLE_FULL="NONE       ",PROG_FULL_ASSERT=16,PROG_FULL_NEGATE=16,PROGRAMMABLE_EMPTY="NONE",PROG_EMPTY_ASSERT=0,PROG_EMPTY_NEGATE=0)" end (Real time : 0s)
INFO     : ... Hierarchical pre-synthesis "efx_dsi_64b_packetizer_4lane_98c52b03a74a4ce095debab75db1d287(ENABLE_EOTP=1'b0,HS_LANE_FIFO_DEPTH=512)" begin
INFO     : ... Hierarchical pre-synthesis "efx_dsi_64b_packetizer_4lane_98c52b03a74a4ce095debab75db1d287(ENABLE_EOTP=1'b0,HS_LANE_FIFO_DEPTH=512)" end (Real time : 1s)
INFO     : ... Hierarchical pre-synthesis "efx_dsi_tx_top_98c52b03a74a4ce095debab75db1d287(tINIT_NS=100000,ENABLE_INIT_SKEWCAL=0,ENABLE_EOTP=1'b0,HS_BYTECLK_MHZ=125,PACK_TYPE=1,ENABLE_V_LPM_BTA=1'b0,HS_CMD_WDATAFIFO_DEPTH=512,LP_CMD_WDATAFIFO_DEPTH=512,LP_CMD_RDATAFIFO_DEPTH=2048,HS_DATA_WIDTH=8)" begin
INFO     : ... Hierarchical pre-synthesis "efx_dsi_tx_top_98c52b03a74a4ce095debab75db1d287(tINIT_NS=100000,ENABLE_INIT_SKEWCAL=0,ENABLE_EOTP=1'b0,HS_BYTECLK_MHZ=125,PACK_TYPE=1,ENABLE_V_LPM_BTA=1'b0,HS_CMD_WDATAFIFO_DEPTH=512,LP_CMD_WDATAFIFO_DEPTH=512,LP_CMD_RDATAFIFO_DEPTH=2048,HS_DATA_WIDTH=8)" end (Real time : 1s)
INFO     : ... Hierarchical pre-synthesis "efx_dsi_tx_98c52b03a74a4ce095debab75db1d287(tLPX_NS=60,tCLK_ZERO_NS=280,tCLK_TRAIL_NS=100,tCLK_POST_NS=100,tCLK_PREPARE_NS=50,tHS_PREPARE_NS=50,tHS_EXIT_NS=120,tHS_ZERO_NS=200,tHS_TRAIL_NS=65,PACK_TYPE=1,ENABLE_V_LPM_BTA=1'b0,HS_CMD_WDATAFIFO_DEPTH=512,LP_CMD_WDATAFIFO_DEPTH=512,LP_CMD_RDATAFIFO_DEPTH=2048,ENABLE_BIDIR=1'b1,ENABLE_EOTP=1'b0)" begin
INFO     : ... Hierarchical pre-synthesis "efx_dsi_tx_98c52b03a74a4ce095debab75db1d287(tLPX_NS=60,tCLK_ZERO_NS=280,tCLK_TRAIL_NS=100,tCLK_POST_NS=100,tCLK_PREPARE_NS=50,tHS_PREPARE_NS=50,tHS_EXIT_NS=120,tHS_ZERO_NS=200,tHS_TRAIL_NS=65,PACK_TYPE=1,ENABLE_V_LPM_BTA=1'b0,HS_CMD_WDATAFIFO_DEPTH=512,LP_CMD_WDATAFIFO_DEPTH=512,LP_CMD_RDATAFIFO_DEPTH=2048,ENABLE_BIDIR=1'b1,ENABLE_EOTP=1'b0)" end (Real time : 0s)
INFO     : ... Hierarchical pre-synthesis "dsi_tx_display" begin
INFO     : ... Hierarchical pre-synthesis "dsi_tx_display" end (Real time : 0s)
INFO     : ... Hierarchical pre-synthesis "common_apb3(ADDR_WIDTH=16,NUM_REG=18)" begin
INFO     : ... Hierarchical pre-synthesis "common_apb3(ADDR_WIDTH=16,NUM_REG=18)" end (Real time : 0s)
INFO     : ... Hierarchical pre-synthesis "efx_asyncreg_b64bd53245f74d6a99e917bfa5663d9f(WIDTH=1)" begin
INFO     : ... Hierarchical pre-synthesis "efx_asyncreg_b64bd53245f74d6a99e917bfa5663d9f(WIDTH=1)" end (Real time : 0s)
INFO     : ... Hierarchical pre-synthesis "efx_resetsync_b64bd53245f74d6a99e917bfa5663d9f" begin
INFO     : ... Hierarchical pre-synthesis "efx_resetsync_b64bd53245f74d6a99e917bfa5663d9f" end (Real time : 0s)
INFO     : ... Hierarchical pre-synthesis "efx_asyncreg_b64bd53245f74d6a99e917bfa5663d9f(WIDTH=1,ACTIVE_LOW=0,RST_VALUE=1)" begin
INFO     : ... Hierarchical pre-synthesis "efx_asyncreg_b64bd53245f74d6a99e917bfa5663d9f(WIDTH=1,ACTIVE_LOW=0,RST_VALUE=1)" end (Real time : 0s)
INFO     : ... Hierarchical pre-synthesis "efx_resetsync_b64bd53245f74d6a99e917bfa5663d9f(ACTIVE_LOW=0)" begin
INFO     : ... Hierarchical pre-synthesis "efx_resetsync_b64bd53245f74d6a99e917bfa5663d9f(ACTIVE_LOW=0)" end (Real time : 0s)
INFO     : ... Hierarchical pre-synthesis "efx_fifo_ram_b64bd53245f74d6a99e917bfa5663d9f(FAMILY="TITANIUM",WR_DEPTH=16,RD_DEPTH=16,WDATA_WIDTH=54,RDATA_WIDTH=54,WADDR_WIDTH=4,RADDR_WIDTH=4,OUTPUT_REG=0,RAM_MUX_RATIO=1)" begin
INFO     : ... Hierarchical pre-synthesis "efx_fifo_ram_b64bd53245f74d6a99e917bfa5663d9f(FAMILY="TITANIUM",WR_DEPTH=16,RD_DEPTH=16,WDATA_WIDTH=54,RDATA_WIDTH=54,WADDR_WIDTH=4,RADDR_WIDTH=4,OUTPUT_REG=0,RAM_MUX_RATIO=1)" end (Real time : 0s)
INFO     : ... Hierarchical pre-synthesis "efx_fifo_bin2gray_b64bd53245f74d6a99e917bfa5663d9f" begin
INFO     : ... Hierarchical pre-synthesis "efx_fifo_bin2gray_b64bd53245f74d6a99e917bfa5663d9f" end (Real time : 0s)
INFO     : ... Hierarchical pre-synthesis "efx_asyncreg_b64bd53245f74d6a99e917bfa5663d9f(WIDTH=5,ACTIVE_LOW=0,OFF_ASSERTION=1)" begin
INFO     : ... Hierarchical pre-synthesis "efx_asyncreg_b64bd53245f74d6a99e917bfa5663d9f(WIDTH=5,ACTIVE_LOW=0,OFF_ASSERTION=1)" end (Real time : 0s)
INFO     : ... Hierarchical pre-synthesis "efx_fifo_gray2bin_b64bd53245f74d6a99e917bfa5663d9f(WIDTH=2)" begin
INFO     : ... Hierarchical pre-synthesis "efx_fifo_gray2bin_b64bd53245f74d6a99e917bfa5663d9f(WIDTH=2)" end (Real time : 0s)
INFO     : ... Hierarchical pre-synthesis "efx_fifo_gray2bin_b64bd53245f74d6a99e917bfa5663d9f(WIDTH=3)" begin
INFO     : ... Hierarchical pre-synthesis "efx_fifo_gray2bin_b64bd53245f74d6a99e917bfa5663d9f(WIDTH=3)" end (Real time : 0s)
INFO     : ... Hierarchical pre-synthesis "efx_fifo_gray2bin_b64bd53245f74d6a99e917bfa5663d9f(WIDTH=4)" begin
INFO     : ... Hierarchical pre-synthesis "efx_fifo_gray2bin_b64bd53245f74d6a99e917bfa5663d9f(WIDTH=4)" end (Real time : 0s)
INFO     : ... Hierarchical pre-synthesis "efx_fifo_gray2bin_b64bd53245f74d6a99e917bfa5663d9f" begin
INFO     : ... Hierarchical pre-synthesis "efx_fifo_gray2bin_b64bd53245f74d6a99e917bfa5663d9f" end (Real time : 0s)
INFO     : ... Hierarchical pre-synthesis "efx_fifo_ctl_b64bd53245f74d6a99e917bfa5663d9f(SYNC_CLK=0,WR_DEPTH=16,WADDR_WIDTH=4,RADDR_WIDTH=4,PROG_FULL_ASSERT=27,PROG_FULL_NEGATE=23,PROG_EMPTY_ASSERT=5,PROG_EMPTY_NEGATE=7,OVERFLOW_PROTECT=1,UNDERFLOW_PROTECT=1)" begin
INFO     : ... Hierarchical pre-synthesis "efx_fifo_ctl_b64bd53245f74d6a99e917bfa5663d9f(SYNC_CLK=0,WR_DEPTH=16,WADDR_WIDTH=4,RADDR_WIDTH=4,PROG_FULL_ASSERT=27,PROG_FULL_NEGATE=23,PROG_EMPTY_ASSERT=5,PROG_EMPTY_NEGATE=7,OVERFLOW_PROTECT=1,UNDERFLOW_PROTECT=1)" end (Real time : 0s)
INFO     : ... Hierarchical pre-synthesis "efx_fifo_top_b64bd53245f74d6a99e917bfa5663d9f(FAMILY="TITANIUM",DEPTH=16,DATA_WIDTH=54,PROGRAMMABLE_FULL="NONE",PROGRAMMABLE_EMPTY="NONE")" begin
INFO     : ... Hierarchical pre-synthesis "efx_fifo_top_b64bd53245f74d6a99e917bfa5663d9f(FAMILY="TITANIUM",DEPTH=16,DATA_WIDTH=54,PROGRAMMABLE_FULL="NONE",PROGRAMMABLE_EMPTY="NONE")" end (Real time : 0s)
INFO     : ... Hierarchical pre-synthesis "efx_fifo_ram_b64bd53245f74d6a99e917bfa5663d9f(FAMILY="TITANIUM",WR_DEPTH=256,RD_DEPTH=1024,WDATA_WIDTH=160,RDATA_WIDTH=40,WADDR_WIDTH=8,RADDR_WIDTH=10,OUTPUT_REG=0)" begin
INFO     : ... Hierarchical pre-synthesis "efx_fifo_ram_b64bd53245f74d6a99e917bfa5663d9f(FAMILY="TITANIUM",WR_DEPTH=256,RD_DEPTH=1024,WDATA_WIDTH=160,RDATA_WIDTH=40,WADDR_WIDTH=8,RADDR_WIDTH=10,OUTPUT_REG=0)" end (Real time : 0s)
INFO     : ... Hierarchical pre-synthesis "efx_fifo_bin2gray_b64bd53245f74d6a99e917bfa5663d9f(WIDTH=11)" begin
INFO     : ... Hierarchical pre-synthesis "efx_fifo_bin2gray_b64bd53245f74d6a99e917bfa5663d9f(WIDTH=11)" end (Real time : 0s)
INFO     : ... Hierarchical pre-synthesis "efx_asyncreg_b64bd53245f74d6a99e917bfa5663d9f(WIDTH=11,ACTIVE_LOW=0,OFF_ASSERTION=1)" begin
INFO     : ... Hierarchical pre-synthesis "efx_asyncreg_b64bd53245f74d6a99e917bfa5663d9f(WIDTH=11,ACTIVE_LOW=0,OFF_ASSERTION=1)" end (Real time : 0s)
INFO     : ... Hierarchical pre-synthesis "efx_fifo_gray2bin_b64bd53245f74d6a99e917bfa5663d9f(WIDTH=6)" begin
INFO     : ... Hierarchical pre-synthesis "efx_fifo_gray2bin_b64bd53245f74d6a99e917bfa5663d9f(WIDTH=6)" end (Real time : 0s)
INFO     : ... Hierarchical pre-synthesis "efx_fifo_gray2bin_b64bd53245f74d6a99e917bfa5663d9f(WIDTH=7)" begin
INFO     : ... Hierarchical pre-synthesis "efx_fifo_gray2bin_b64bd53245f74d6a99e917bfa5663d9f(WIDTH=7)" end (Real time : 0s)
INFO     : ... Hierarchical pre-synthesis "efx_fifo_gray2bin_b64bd53245f74d6a99e917bfa5663d9f(WIDTH=8)" begin
INFO     : ... Hierarchical pre-synthesis "efx_fifo_gray2bin_b64bd53245f74d6a99e917bfa5663d9f(WIDTH=8)" end (Real time : 0s)
INFO     : ... Hierarchical pre-synthesis "efx_fifo_gray2bin_b64bd53245f74d6a99e917bfa5663d9f(WIDTH=9)" begin
INFO     : ... Hierarchical pre-synthesis "efx_fifo_gray2bin_b64bd53245f74d6a99e917bfa5663d9f(WIDTH=9)" end (Real time : 0s)
INFO     : ... Hierarchical pre-synthesis "efx_fifo_gray2bin_b64bd53245f74d6a99e917bfa5663d9f(WIDTH=10)" begin
INFO     : ... Hierarchical pre-synthesis "efx_fifo_gray2bin_b64bd53245f74d6a99e917bfa5663d9f(WIDTH=10)" end (Real time : 0s)
INFO     : ... Hierarchical pre-synthesis "efx_fifo_gray2bin_b64bd53245f74d6a99e917bfa5663d9f(WIDTH=11)" begin
INFO     : ... Hierarchical pre-synthesis "efx_fifo_gray2bin_b64bd53245f74d6a99e917bfa5663d9f(WIDTH=11)" end (Real time : 0s)
INFO     : ... Hierarchical pre-synthesis "efx_fifo_bin2gray_b64bd53245f74d6a99e917bfa5663d9f(WIDTH=9)" begin
INFO     : ... Hierarchical pre-synthesis "efx_fifo_bin2gray_b64bd53245f74d6a99e917bfa5663d9f(WIDTH=9)" end (Real time : 0s)
INFO     : ... Hierarchical pre-synthesis "efx_asyncreg_b64bd53245f74d6a99e917bfa5663d9f(WIDTH=9,ACTIVE_LOW=0,OFF_ASSERTION=1)" begin
INFO     : ... Hierarchical pre-synthesis "efx_asyncreg_b64bd53245f74d6a99e917bfa5663d9f(WIDTH=9,ACTIVE_LOW=0,OFF_ASSERTION=1)" end (Real time : 0s)
INFO     : ... Hierarchical pre-synthesis "efx_fifo_ctl_b64bd53245f74d6a99e917bfa5663d9f(SYNC_CLK=0,WR_DEPTH=256,WADDR_WIDTH=8,RADDR_WIDTH=10,ASYM_WIDTH_RATIO=2,RAM_MUX_RATIO=4,PROG_FULL_ASSERT=27,PROG_FULL_NEGATE=23,PROG_EMPTY_ASSERT=5,PROG_EMPTY_NEGATE=7,OVERFLOW_PROTECT=1,UNDERFLOW_PROTECT=1)" begin
INFO     : ... Hierarchical pre-synthesis "efx_fifo_ctl_b64bd53245f74d6a99e917bfa5663d9f(SYNC_CLK=0,WR_DEPTH=256,WADDR_WIDTH=8,RADDR_WIDTH=10,ASYM_WIDTH_RATIO=2,RAM_MUX_RATIO=4,PROG_FULL_ASSERT=27,PROG_FULL_NEGATE=23,PROG_EMPTY_ASSERT=5,PROG_EMPTY_NEGATE=7,OVERFLOW_PROTECT=1,UNDERFLOW_PROTECT=1)" end (Real time : 0s)
INFO     : ... Hierarchical pre-synthesis "efx_fifo_top_b64bd53245f74d6a99e917bfa5663d9f(FAMILY="TITANIUM",DEPTH=256,DATA_WIDTH=160,PROGRAMMABLE_FULL="NONE",PROGRAMMABLE_EMPTY="NONE",ASYM_WIDTH_RATIO=2)" begin
INFO     : ... Hierarchical pre-synthesis "efx_fifo_top_b64bd53245f74d6a99e917bfa5663d9f(FAMILY="TITANIUM",DEPTH=256,DATA_WIDTH=160,PROGRAMMABLE_FULL="NONE",PROGRAMMABLE_EMPTY="NONE",ASYM_WIDTH_RATIO=2)" end (Real time : 0s)
INFO     : ... Hierarchical pre-synthesis "efx_fifo_ram_b64bd53245f74d6a99e917bfa5663d9f(FAMILY="TITANIUM",WR_DEPTH=16,RD_DEPTH=16,WDATA_WIDTH=5,RDATA_WIDTH=5,WADDR_WIDTH=4,RADDR_WIDTH=4,OUTPUT_REG=0,RAM_MUX_RATIO=1)" begin
INFO     : ... Hierarchical pre-synthesis "efx_fifo_ram_b64bd53245f74d6a99e917bfa5663d9f(FAMILY="TITANIUM",WR_DEPTH=16,RD_DEPTH=16,WDATA_WIDTH=5,RDATA_WIDTH=5,WADDR_WIDTH=4,RADDR_WIDTH=4,OUTPUT_REG=0,RAM_MUX_RATIO=1)" end (Real time : 0s)
INFO     : ... Hierarchical pre-synthesis "efx_fifo_ctl_b64bd53245f74d6a99e917bfa5663d9f(SYNC_CLK=0,WR_DEPTH=16,WADDR_WIDTH=4,RADDR_WIDTH=4,PROG_FULL_ASSERT=27,PROG_FULL_NEGATE=23,PROG_EMPTY_ASSERT=5,PROG_EMPTY_NEGATE=7,OVERFLOW_PROTECT=1)" begin
INFO     : ... Hierarchical pre-synthesis "efx_fifo_ctl_b64bd53245f74d6a99e917bfa5663d9f(SYNC_CLK=0,WR_DEPTH=16,WADDR_WIDTH=4,RADDR_WIDTH=4,PROG_FULL_ASSERT=27,PROG_FULL_NEGATE=23,PROG_EMPTY_ASSERT=5,PROG_EMPTY_NEGATE=7,OVERFLOW_PROTECT=1)" end (Real time : 0s)
INFO     : ... Hierarchical pre-synthesis "efx_fifo_top_b64bd53245f74d6a99e917bfa5663d9f(FAMILY="TITANIUM",DEPTH=16,DATA_WIDTH=5,PROGRAMMABLE_FULL="NONE",PROGRAMMABLE_EMPTY="NONE",UNDERFLOW_PROTECT=0)" begin
INFO     : ... Hierarchical pre-synthesis "efx_fifo_top_b64bd53245f74d6a99e917bfa5663d9f(FAMILY="TITANIUM",DEPTH=16,DATA_WIDTH=5,PROGRAMMABLE_FULL="NONE",PROGRAMMABLE_EMPTY="NONE",UNDERFLOW_PROTECT=0)" end (Real time : 0s)
INFO     : ... Hierarchical pre-synthesis "efx_fifo_ram_b64bd53245f74d6a99e917bfa5663d9f(FAMILY="TITANIUM",WR_DEPTH=8,RD_DEPTH=8,WDATA_WIDTH=5,RDATA_WIDTH=5,WADDR_WIDTH=3,RADDR_WIDTH=3,OUTPUT_REG=0,RAM_MUX_RATIO=1)" begin
INFO     : ... Hierarchical pre-synthesis "efx_fifo_ram_b64bd53245f74d6a99e917bfa5663d9f(FAMILY="TITANIUM",WR_DEPTH=8,RD_DEPTH=8,WDATA_WIDTH=5,RDATA_WIDTH=5,WADDR_WIDTH=3,RADDR_WIDTH=3,OUTPUT_REG=0,RAM_MUX_RATIO=1)" end (Real time : 0s)
INFO     : ... Hierarchical pre-synthesis "efx_fifo_bin2gray_b64bd53245f74d6a99e917bfa5663d9f(WIDTH=4)" begin
INFO     : ... Hierarchical pre-synthesis "efx_fifo_bin2gray_b64bd53245f74d6a99e917bfa5663d9f(WIDTH=4)" end (Real time : 0s)
INFO     : ... Hierarchical pre-synthesis "efx_asyncreg_b64bd53245f74d6a99e917bfa5663d9f(ACTIVE_LOW=0,OFF_ASSERTION=1)" begin
INFO     : ... Hierarchical pre-synthesis "efx_asyncreg_b64bd53245f74d6a99e917bfa5663d9f(ACTIVE_LOW=0,OFF_ASSERTION=1)" end (Real time : 0s)
INFO     : ... Hierarchical pre-synthesis "efx_fifo_ctl_b64bd53245f74d6a99e917bfa5663d9f(SYNC_CLK=0,WR_DEPTH=8,WADDR_WIDTH=3,RADDR_WIDTH=3,ALMOST_FLAG=0,PROG_FULL_ASSERT=27,PROG_FULL_NEGATE=23,PROG_EMPTY_ASSERT=5,PROG_EMPTY_NEGATE=7,HANDSHAKE_FLAG=0)" begin
INFO     : ... Hierarchical pre-synthesis "efx_fifo_ctl_b64bd53245f74d6a99e917bfa5663d9f(SYNC_CLK=0,WR_DEPTH=8,WADDR_WIDTH=3,RADDR_WIDTH=3,ALMOST_FLAG=0,PROG_FULL_ASSERT=27,PROG_FULL_NEGATE=23,PROG_EMPTY_ASSERT=5,PROG_EMPTY_NEGATE=7,HANDSHAKE_FLAG=0)" end (Real time : 0s)
INFO     : ... Hierarchical pre-synthesis "efx_fifo_top_b64bd53245f74d6a99e917bfa5663d9f(FAMILY="TITANIUM",DEPTH=8,DATA_WIDTH=5,OPTIONAL_FLAGS=0,PROGRAMMABLE_FULL="NONE",PROGRAMMABLE_EMPTY="NONE",OVERFLOW_PROTECT=0,UNDERFLOW_PROTECT=0)" begin
INFO     : ... Hierarchical pre-synthesis "efx_fifo_top_b64bd53245f74d6a99e917bfa5663d9f(FAMILY="TITANIUM",DEPTH=8,DATA_WIDTH=5,OPTIONAL_FLAGS=0,PROGRAMMABLE_FULL="NONE",PROGRAMMABLE_EMPTY="NONE",OVERFLOW_PROTECT=0,UNDERFLOW_PROTECT=0)" end (Real time : 0s)
INFO     : ... Hierarchical pre-synthesis "efx_fifo_ram_b64bd53245f74d6a99e917bfa5663d9f(FAMILY="TITANIUM",WR_DEPTH=4,RD_DEPTH=4,WDATA_WIDTH=11,RDATA_WIDTH=11,WADDR_WIDTH=2,RADDR_WIDTH=2,OUTPUT_REG=0,RAM_MUX_RATIO=1)" begin
INFO     : ... Hierarchical pre-synthesis "efx_fifo_ram_b64bd53245f74d6a99e917bfa5663d9f(FAMILY="TITANIUM",WR_DEPTH=4,RD_DEPTH=4,WDATA_WIDTH=11,RDATA_WIDTH=11,WADDR_WIDTH=2,RADDR_WIDTH=2,OUTPUT_REG=0,RAM_MUX_RATIO=1)" end (Real time : 0s)
INFO     : ... Hierarchical pre-synthesis "efx_fifo_bin2gray_b64bd53245f74d6a99e917bfa5663d9f(WIDTH=3)" begin
INFO     : ... Hierarchical pre-synthesis "efx_fifo_bin2gray_b64bd53245f74d6a99e917bfa5663d9f(WIDTH=3)" end (Real time : 0s)
INFO     : ... Hierarchical pre-synthesis "efx_asyncreg_b64bd53245f74d6a99e917bfa5663d9f(WIDTH=3,ACTIVE_LOW=0,OFF_ASSERTION=1)" begin
INFO     : ... Hierarchical pre-synthesis "efx_asyncreg_b64bd53245f74d6a99e917bfa5663d9f(WIDTH=3,ACTIVE_LOW=0,OFF_ASSERTION=1)" end (Real time : 0s)
INFO     : ... Hierarchical pre-synthesis "efx_fifo_ctl_b64bd53245f74d6a99e917bfa5663d9f(SYNC_CLK=0,WR_DEPTH=4,WADDR_WIDTH=2,RADDR_WIDTH=2,PROG_FULL_ASSERT=27,PROG_FULL_NEGATE=23,PROG_EMPTY_ASSERT=5,PROG_EMPTY_NEGATE=7,OVERFLOW_PROTECT=1)" begin
INFO     : ... Hierarchical pre-synthesis "efx_fifo_ctl_b64bd53245f74d6a99e917bfa5663d9f(SYNC_CLK=0,WR_DEPTH=4,WADDR_WIDTH=2,RADDR_WIDTH=2,PROG_FULL_ASSERT=27,PROG_FULL_NEGATE=23,PROG_EMPTY_ASSERT=5,PROG_EMPTY_NEGATE=7,OVERFLOW_PROTECT=1)" end (Real time : 0s)
INFO     : ... Hierarchical pre-synthesis "efx_fifo_top_b64bd53245f74d6a99e917bfa5663d9f(FAMILY="TITANIUM",DEPTH=4,DATA_WIDTH=11,PROGRAMMABLE_FULL="NONE",PROGRAMMABLE_EMPTY="NONE",UNDERFLOW_PROTECT=0)" begin
INFO     : ... Hierarchical pre-synthesis "efx_fifo_top_b64bd53245f74d6a99e917bfa5663d9f(FAMILY="TITANIUM",DEPTH=4,DATA_WIDTH=11,PROGRAMMABLE_FULL="NONE",PROGRAMMABLE_EMPTY="NONE",UNDERFLOW_PROTECT=0)" end (Real time : 0s)
INFO     : ... Hierarchical pre-synthesis "efx_fifo_ram_b64bd53245f74d6a99e917bfa5663d9f(FAMILY="TITANIUM",WR_DEPTH=1024,RD_DEPTH=256,WDATA_WIDTH=35,RDATA_WIDTH=140,WADDR_WIDTH=10,RADDR_WIDTH=8,OUTPUT_REG=0)" begin
INFO     : ... Hierarchical pre-synthesis "efx_fifo_ram_b64bd53245f74d6a99e917bfa5663d9f(FAMILY="TITANIUM",WR_DEPTH=1024,RD_DEPTH=256,WDATA_WIDTH=35,RDATA_WIDTH=140,WADDR_WIDTH=10,RADDR_WIDTH=8,OUTPUT_REG=0)" end (Real time : 0s)
INFO     : ... Hierarchical pre-synthesis "efx_fifo_ctl_b64bd53245f74d6a99e917bfa5663d9f(SYNC_CLK=0,MODE="FWFT",WR_DEPTH=1024,WADDR_WIDTH=10,RADDR_WIDTH=8,ASYM_WIDTH_RATIO=6,RAM_MUX_RATIO=4,PROGRAMMABLE_FULL="STATIC_SINGLE",PROG_FULL_ASSERT=512,PROG_FULL_NEGATE=23,PROG_EMPTY_ASSERT=5,PROG_EMPTY_NEGATE=7,OVERFLOW_PROTECT=1,UNDERFLOW_PROTECT=1)" begin
INFO     : ... Hierarchical pre-synthesis "efx_fifo_ctl_b64bd53245f74d6a99e917bfa5663d9f(SYNC_CLK=0,MODE="FWFT",WR_DEPTH=1024,WADDR_WIDTH=10,RADDR_WIDTH=8,ASYM_WIDTH_RATIO=6,RAM_MUX_RATIO=4,PROGRAMMABLE_FULL="STATIC_SINGLE",PROG_FULL_ASSERT=512,PROG_FULL_NEGATE=23,PROG_EMPTY_ASSERT=5,PROG_EMPTY_NEGATE=7,OVERFLOW_PROTECT=1,UNDERFLOW_PROTECT=1)" end (Real time : 0s)
INFO     : ... Hierarchical pre-synthesis "efx_fifo_top_b64bd53245f74d6a99e917bfa5663d9f(FAMILY="TITANIUM",MODE="FWFT",DEPTH=1024,DATA_WIDTH=35,PROGRAMMABLE_FULL="STATIC_SINGLE",PROG_FULL_ASSERT=512,PROGRAMMABLE_EMPTY="NONE",ASYM_WIDTH_RATIO=6)" begin
INFO     : ... Hierarchical pre-synthesis "efx_fifo_top_b64bd53245f74d6a99e917bfa5663d9f(FAMILY="TITANIUM",MODE="FWFT",DEPTH=1024,DATA_WIDTH=35,PROGRAMMABLE_FULL="STATIC_SINGLE",PROG_FULL_ASSERT=512,PROGRAMMABLE_EMPTY="NONE",ASYM_WIDTH_RATIO=6)" end (Real time : 0s)
INFO     : ... Hierarchical pre-synthesis "efx_axi_amux_top_b64bd53245f74d6a99e917bfa5663d9f(CTRL_DBW=32,AXI_DBW=128,AXI_SBW=16,DUAL_RAM=0)" begin
INFO     : ... Hierarchical pre-synthesis "efx_axi_amux_top_b64bd53245f74d6a99e917bfa5663d9f(CTRL_DBW=32,AXI_DBW=128,AXI_SBW=16,DUAL_RAM=0)" end (Real time : 0s)
INFO     : ... Hierarchical pre-synthesis "hbram_user_if_b64bd53245f74d6a99e917bfa5663d9f(AXI_DBW=128,DUAL_RAM=0,RAM_2DBW=32,RAM_DMW=4)" begin
INFO     : ... Hierarchical pre-synthesis "hbram_user_if_b64bd53245f74d6a99e917bfa5663d9f(AXI_DBW=128,DUAL_RAM=0,RAM_2DBW=32,RAM_DMW=4)" end (Real time : 0s)
INFO     : ... Hierarchical pre-synthesis "hbram_axi_wrapper_b64bd53245f74d6a99e917bfa5663d9f(RAM_DBW=16,RAM_ABW=25,AXI_DBW=128,DUAL_RAM=0)" begin
INFO     : ... Hierarchical pre-synthesis "hbram_axi_wrapper_b64bd53245f74d6a99e917bfa5663d9f(RAM_DBW=16,RAM_ABW=25,AXI_DBW=128,DUAL_RAM=0)" end (Real time : 1s)
INFO     : ... Hierarchical pre-synthesis "efx_asyncreg_b64bd53245f74d6a99e917bfa5663d9f(ASYNC_STAGE=8,WIDTH=1)" begin
INFO     : ... Hierarchical pre-synthesis "efx_asyncreg_b64bd53245f74d6a99e917bfa5663d9f(ASYNC_STAGE=8,WIDTH=1)" end (Real time : 0s)
INFO     : ... Hierarchical pre-synthesis "efx_fifo_ram_b64bd53245f74d6a99e917bfa5663d9f(WR_DEPTH=16,RD_DEPTH=16,WDATA_WIDTH=32,RDATA_WIDTH=32,WADDR_WIDTH=4,RADDR_WIDTH=4,OUTPUT_REG=0,RAM_MUX_RATIO=1)" begin
INFO     : ... Hierarchical pre-synthesis "efx_fifo_ram_b64bd53245f74d6a99e917bfa5663d9f(WR_DEPTH=16,RD_DEPTH=16,WDATA_WIDTH=32,RDATA_WIDTH=32,WADDR_WIDTH=4,RADDR_WIDTH=4,OUTPUT_REG=0,RAM_MUX_RATIO=1)" end (Real time : 0s)
INFO     : ... Hierarchical pre-synthesis "efx_fifo_top_b64bd53245f74d6a99e917bfa5663d9f(DEPTH=16,PROGRAMMABLE_FULL="NONE",PROGRAMMABLE_EMPTY="NONE",UNDERFLOW_PROTECT=0)" begin
INFO     : ... Hierarchical pre-synthesis "efx_fifo_top_b64bd53245f74d6a99e917bfa5663d9f(DEPTH=16,PROGRAMMABLE_FULL="NONE",PROGRAMMABLE_EMPTY="NONE",UNDERFLOW_PROTECT=0)" end (Real time : 0s)
INFO     : ... Hierarchical pre-synthesis "hbram_cal_ctrl_b64bd53245f74d6a99e917bfa5663d9f(CAL_MODE=2,RAM_DBW=16,RAM_ABW=25,CFG_CR0=16'b1000111100101111,CFG_CR1=16'b1111111111000001,CR0W_CA=48'b010000000001100000,CR1W_CA=48'b010000000000000000000000010000000001100000,TCYC=5000,DUAL_RAM=0,INDIVI_DUAL_CAL=0)" begin
INFO     : ... Hierarchical pre-synthesis "hbram_cal_ctrl_b64bd53245f74d6a99e917bfa5663d9f(CAL_MODE=2,RAM_DBW=16,RAM_ABW=25,CFG_CR0=16'b1000111100101111,CFG_CR1=16'b1111111111000001,CR0W_CA=48'b010000000001100000,CR1W_CA=48'b010000000000000000000000010000000001100000,TCYC=5000,DUAL_RAM=0,INDIVI_DUAL_CAL=0)" end (Real time : 0s)
INFO     : ... Hierarchical pre-synthesis "hbram_cal_mst_b64bd53245f74d6a99e917bfa5663d9f(RAM_DBW=16,ONE_SEC=200000000,ONE_DAY=24,RECAL_DAYS=7,CAL_BYTES=100,DUAL_RAM=0)" begin
INFO     : ... Hierarchical pre-synthesis "hbram_cal_mst_b64bd53245f74d6a99e917bfa5663d9f(RAM_DBW=16,ONE_SEC=200000000,ONE_DAY=24,RECAL_DAYS=7,CAL_BYTES=100,DUAL_RAM=0)" end (Real time : 0s)
INFO     : ... Hierarchical pre-synthesis "hbram_cal_slv_b64bd53245f74d6a99e917bfa5663d9f(CAL_BYTES=100,RAM_DBW=16,RAM_ABW=25,DUAL_RAM=0,INDIVI_DUAL_CAL=0)" begin
INFO     : ... Hierarchical pre-synthesis "hbram_cal_slv_b64bd53245f74d6a99e917bfa5663d9f(CAL_BYTES=100,RAM_DBW=16,RAM_ABW=25,DUAL_RAM=0,INDIVI_DUAL_CAL=0)" end (Real time : 0s)
INFO     : ... Hierarchical pre-synthesis "hbram_cal_controller_top_b64bd53245f74d6a99e917bfa5663d9f(CAL_MODE=2,CAL_BYTES=100,RAM_DBW=16,RAM_ABW=25,CFG_CR0=16'b1000111100101111,CFG_CR1=16'b1111111111000001,CR0W_CA=48'b010000000001100000,CR1W_CA=48'b010000000000000000000000010000000001100000,DQIN_MODE="RESYNC",TCYC=5000,DUAL_RAM=0,INDIVI_DUAL_CAL=0,ONE_SEC=200000000,RECAL_DAYS=7)" begin
INFO     : ... Hierarchical pre-synthesis "hbram_cal_controller_top_b64bd53245f74d6a99e917bfa5663d9f(CAL_MODE=2,CAL_BYTES=100,RAM_DBW=16,RAM_ABW=25,CFG_CR0=16'b1000111100101111,CFG_CR1=16'b1111111111000001,CR0W_CA=48'b010000000001100000,CR1W_CA=48'b010000000000000000000000010000000001100000,DQIN_MODE="RESYNC",TCYC=5000,DUAL_RAM=0,INDIVI_DUAL_CAL=0,ONE_SEC=200000000,RECAL_DAYS=7)" end (Real time : 0s)
INFO     : ... Hierarchical pre-synthesis "hbram_cal_axi_top_b64bd53245f74d6a99e917bfa5663d9f(RAM_DBW=16,RAM_ABW=25,CFG_CR0=16'b1000111100101111,CR0_ILC=4'b010,CFG_CR1=16'b1111111111000001,AXI_IF=1'b1,AXI_DBW=128,DQIN_MODE="RESYNC",CAL_CLK_CH=5'b0100,CAL_BYTES=100,TCYC=5000,DUAL_RAM=0,INDIVI_DUAL_CAL=0,CAL_CLK_CH_LO=5'b0100,CAL_CLK_CH_HI=5'b01000,ONE_SEC=200000000,RECAL_DAYS=7)" begin
INFO     : ... Hierarchical pre-synthesis "hbram_cal_axi_top_b64bd53245f74d6a99e917bfa5663d9f(RAM_DBW=16,RAM_ABW=25,CFG_CR0=16'b1000111100101111,CR0_ILC=4'b010,CFG_CR1=16'b1111111111000001,AXI_IF=1'b1,AXI_DBW=128,DQIN_MODE="RESYNC",CAL_CLK_CH=5'b0100,CAL_BYTES=100,TCYC=5000,DUAL_RAM=0,INDIVI_DUAL_CAL=0,CAL_CLK_CH_LO=5'b0100,CAL_CLK_CH_HI=5'b01000,ONE_SEC=200000000,RECAL_DAYS=7)" end (Real time : 0s)
INFO     : ... Hierarchical pre-synthesis "hbram_top_b64bd53245f74d6a99e917bfa5663d9f(RAM_ABW=25,CR0_ODS=0,CR0_ILC=2,CR0_WBL=3,CR1_HSE=1'b0,CR1_PAR=0,AXI_IF=1'b1,AXI_SBW=16,DDIN_MODE=1'b0,CAL_CLK_CH=4,CAL_CLK_CH_LO=4,CAL_CLK_CH_HI=8,CAL_BYTES=100,RECAL_DAYS=7)" begin
INFO     : ... Hierarchical pre-synthesis "hbram_top_b64bd53245f74d6a99e917bfa5663d9f(RAM_ABW=25,CR0_ODS=0,CR0_ILC=2,CR0_WBL=3,CR1_HSE=1'b0,CR1_PAR=0,AXI_IF=1'b1,AXI_SBW=16,DDIN_MODE=1'b0,CAL_CLK_CH=4,CAL_CLK_CH_LO=4,CAL_CLK_CH_HI=8,CAL_BYTES=100,RECAL_DAYS=7)" end (Real time : 0s)
INFO     : ... Hierarchical pre-synthesis "hbram" begin
INFO     : ... Hierarchical pre-synthesis "hbram" end (Real time : 0s)
INFO     : ... Hierarchical pre-synthesis "InstructionCache_6efbde20b50d413e80bcbb518a5e14d9" begin
INFO     : ... Hierarchical pre-synthesis "InstructionCache_6efbde20b50d413e80bcbb518a5e14d9" end (Real time : 0s)
INFO     : ... Hierarchical pre-synthesis "DataCache_6efbde20b50d413e80bcbb518a5e14d9" begin
INFO     : ... Hierarchical pre-synthesis "DataCache_6efbde20b50d413e80bcbb518a5e14d9" end (Real time : 0s)
INFO     : ... Hierarchical pre-synthesis "BufferCC_6efbde20b50d413e80bcbb518a5e14d9" begin
INFO     : ... Hierarchical pre-synthesis "BufferCC_6efbde20b50d413e80bcbb518a5e14d9" end (Real time : 0s)
INFO     : ... Hierarchical pre-synthesis "EfxCPUSp1_6efbde20b50d413e80bcbb518a5e14d9" begin
INFO     : ... Hierarchical pre-synthesis "EfxCPUSp1_6efbde20b50d413e80bcbb518a5e14d9" end (Real time : 0s)
INFO     : ... Hierarchical pre-synthesis "EfxCPUSp2_6efbde20b50d413e80bcbb518a5e14d9" begin
INFO     : ... Hierarchical pre-synthesis "EfxCPUSp2_6efbde20b50d413e80bcbb518a5e14d9" end (Real time : 0s)
INFO     : ... Hierarchical pre-synthesis "VexRiscv_6efbde20b50d413e80bcbb518a5e14d9" begin
INFO     : ... Hierarchical pre-synthesis "VexRiscv_6efbde20b50d413e80bcbb518a5e14d9" end (Real time : 1s)
INFO     : ... Hierarchical pre-synthesis "DebugModule_6efbde20b50d413e80bcbb518a5e14d9" begin
WARNING  : Mapping into logic memory block 'logic_progbufX_mem' (64 bits) (C:\Users\Jing-XuanTan(i)\Downloads\evsoc-efinity-v2026.1.132\evsoc-efinity-v2026.1.132\cam_single\Ti60F225_dsi\ip\SapphireSoc\SapphireSoc.v:12001) because size is too small (<=64) [EFX-0657]
INFO     : ... Hierarchical pre-synthesis "DebugModule_6efbde20b50d413e80bcbb518a5e14d9" end (Real time : 0s)
INFO     : ... Hierarchical pre-synthesis "BufferCC_21_6efbde20b50d413e80bcbb518a5e14d9" begin
INFO     : ... Hierarchical pre-synthesis "BufferCC_21_6efbde20b50d413e80bcbb518a5e14d9" end (Real time : 0s)
INFO     : ... Hierarchical pre-synthesis "BufferCC_22_6efbde20b50d413e80bcbb518a5e14d9" begin
INFO     : ... Hierarchical pre-synthesis "BufferCC_22_6efbde20b50d413e80bcbb518a5e14d9" end (Real time : 0s)
INFO     : ... Hierarchical pre-synthesis "BufferCC_14_6efbde20b50d413e80bcbb518a5e14d9" begin
INFO     : ... Hierarchical pre-synthesis "BufferCC_14_6efbde20b50d413e80bcbb518a5e14d9" end (Real time : 0s)
INFO     : ... Hierarchical pre-synthesis "BufferCC_24_6efbde20b50d413e80bcbb518a5e14d9" begin
INFO     : ... Hierarchical pre-synthesis "BufferCC_24_6efbde20b50d413e80bcbb518a5e14d9" end (Real time : 0s)
INFO     : ... Hierarchical pre-synthesis "BufferCC_25_6efbde20b50d413e80bcbb518a5e14d9" begin
INFO     : ... Hierarchical pre-synthesis "BufferCC_25_6efbde20b50d413e80bcbb518a5e14d9" end (Real time : 0s)
INFO     : ... Hierarchical pre-synthesis "BufferCC_27_6efbde20b50d413e80bcbb518a5e14d9" begin
INFO     : ... Hierarchical pre-synthesis "BufferCC_27_6efbde20b50d413e80bcbb518a5e14d9" end (Real time : 0s)
INFO     : ... Hierarchical pre-synthesis "BufferCC_1_6efbde20b50d413e80bcbb518a5e14d9" begin
INFO     : ... Hierarchical pre-synthesis "BufferCC_1_6efbde20b50d413e80bcbb518a5e14d9" end (Real time : 0s)
INFO     : ... Hierarchical pre-synthesis "FlowCCByToggle_6efbde20b50d413e80bcbb518a5e14d9" begin
INFO     : ... Hierarchical pre-synthesis "FlowCCByToggle_6efbde20b50d413e80bcbb518a5e14d9" end (Real time : 0s)
INFO     : ... Hierarchical pre-synthesis "BufferCC_2_6efbde20b50d413e80bcbb518a5e14d9" begin
INFO     : ... Hierarchical pre-synthesis "BufferCC_2_6efbde20b50d413e80bcbb518a5e14d9" end (Real time : 0s)
INFO     : ... Hierarchical pre-synthesis "BufferCC_3_6efbde20b50d413e80bcbb518a5e14d9" begin
INFO     : ... Hierarchical pre-synthesis "BufferCC_3_6efbde20b50d413e80bcbb518a5e14d9" end (Real time : 0s)
INFO     : ... Hierarchical pre-synthesis "FlowCCByToggle_1_6efbde20b50d413e80bcbb518a5e14d9" begin
INFO     : ... Hierarchical pre-synthesis "FlowCCByToggle_1_6efbde20b50d413e80bcbb518a5e14d9" end (Real time : 0s)
INFO     : ... Hierarchical pre-synthesis "DebugTransportModuleTunneled_6efbde20b50d413e80bcbb518a5e14d9" begin
INFO     : ... Hierarchical pre-synthesis "DebugTransportModuleTunneled_6efbde20b50d413e80bcbb518a5e14d9" end (Real time : 0s)
INFO     : ... Hierarchical pre-synthesis "BmbDecoder_6efbde20b50d413e80bcbb518a5e14d9" begin
INFO     : ... Hierarchical pre-synthesis "BmbDecoder_6efbde20b50d413e80bcbb518a5e14d9" end (Real time : 0s)
INFO     : ... Hierarchical pre-synthesis "StreamArbiter_6efbde20b50d413e80bcbb518a5e14d9" begin
INFO     : ... Hierarchical pre-synthesis "StreamArbiter_6efbde20b50d413e80bcbb518a5e14d9" end (Real time : 0s)
INFO     : ... Hierarchical pre-synthesis "BmbArbiter_6efbde20b50d413e80bcbb518a5e14d9" begin
INFO     : ... Hierarchical pre-synthesis "BmbArbiter_6efbde20b50d413e80bcbb518a5e14d9" end (Real time : 0s)
INFO     : ... Hierarchical pre-synthesis "StreamFifo_6efbde20b50d413e80bcbb518a5e14d9" begin
INFO     : ... Hierarchical pre-synthesis "StreamFifo_6efbde20b50d413e80bcbb518a5e14d9" end (Real time : 0s)
INFO     : ... Hierarchical pre-synthesis "BmbToAxi4SharedBridge_6efbde20b50d413e80bcbb518a5e14d9" begin
INFO     : ... Hierarchical pre-synthesis "BmbToAxi4SharedBridge_6efbde20b50d413e80bcbb518a5e14d9" end (Real time : 0s)
INFO     : ... Hierarchical pre-synthesis "BufferCC_4_6efbde20b50d413e80bcbb518a5e14d9" begin
INFO     : ... Hierarchical pre-synthesis "BufferCC_4_6efbde20b50d413e80bcbb518a5e14d9" end (Real time : 0s)
INFO     : ... Hierarchical pre-synthesis "BufferCC_5_6efbde20b50d413e80bcbb518a5e14d9" begin
INFO     : ... Hierarchical pre-synthesis "BufferCC_5_6efbde20b50d413e80bcbb518a5e14d9" end (Real time : 0s)
INFO     : ... Hierarchical pre-synthesis "BufferCC_6_6efbde20b50d413e80bcbb518a5e14d9" begin
INFO     : ... Hierarchical pre-synthesis "BufferCC_6_6efbde20b50d413e80bcbb518a5e14d9" end (Real time : 0s)
INFO     : ... Hierarchical pre-synthesis "StreamFifoCC_6efbde20b50d413e80bcbb518a5e14d9" begin
INFO     : ... Hierarchical pre-synthesis "StreamFifoCC_6efbde20b50d413e80bcbb518a5e14d9" end (Real time : 0s)
INFO     : ... Hierarchical pre-synthesis "BufferCC_7_6efbde20b50d413e80bcbb518a5e14d9" begin
INFO     : ... Hierarchical pre-synthesis "BufferCC_7_6efbde20b50d413e80bcbb518a5e14d9" end (Real time : 0s)
INFO     : ... Hierarchical pre-synthesis "BufferCC_8_6efbde20b50d413e80bcbb518a5e14d9" begin
INFO     : ... Hierarchical pre-synthesis "BufferCC_8_6efbde20b50d413e80bcbb518a5e14d9" end (Real time : 0s)
INFO     : ... Hierarchical pre-synthesis "BufferCC_9_6efbde20b50d413e80bcbb518a5e14d9" begin
INFO     : ... Hierarchical pre-synthesis "BufferCC_9_6efbde20b50d413e80bcbb518a5e14d9" end (Real time : 0s)
INFO     : ... Hierarchical pre-synthesis "StreamFifoCC_1_6efbde20b50d413e80bcbb518a5e14d9" begin
INFO     : ... Hierarchical pre-synthesis "StreamFifoCC_1_6efbde20b50d413e80bcbb518a5e14d9" end (Real time : 0s)
INFO     : ... Hierarchical pre-synthesis "BmbCcFifo_6efbde20b50d413e80bcbb518a5e14d9" begin
INFO     : ... Hierarchical pre-synthesis "BmbCcFifo_6efbde20b50d413e80bcbb518a5e14d9" end (Real time : 0s)
INFO     : ... Hierarchical pre-synthesis "StreamArbiter_1_6efbde20b50d413e80bcbb518a5e14d9" begin
INFO     : ... Hierarchical pre-synthesis "StreamArbiter_1_6efbde20b50d413e80bcbb518a5e14d9" end (Real time : 0s)
INFO     : ... Hierarchical pre-synthesis "StreamFifo_2_6efbde20b50d413e80bcbb518a5e14d9" begin
INFO     : ... Hierarchical pre-synthesis "StreamFifo_2_6efbde20b50d413e80bcbb518a5e14d9" end (Real time : 0s)
INFO     : ... Hierarchical pre-synthesis "StreamFifoLowLatency_6efbde20b50d413e80bcbb518a5e14d9" begin
INFO     : ... Hierarchical pre-synthesis "StreamFifoLowLatency_6efbde20b50d413e80bcbb518a5e14d9" end (Real time : 0s)
INFO     : ... Hierarchical pre-synthesis "Axi4SharedArbiter_6efbde20b50d413e80bcbb518a5e14d9" begin
INFO     : ... Hierarchical pre-synthesis "Axi4SharedArbiter_6efbde20b50d413e80bcbb518a5e14d9" end (Real time : 0s)
INFO     : ... Hierarchical pre-synthesis "StreamFifo_3_6efbde20b50d413e80bcbb518a5e14d9" begin
WARNING  : Mapping into logic memory block 'logic_ram' (64 bits) (C:\Users\Jing-XuanTan(i)\Downloads\evsoc-efinity-v2026.1.132\evsoc-efinity-v2026.1.132\cam_single\Ti60F225_dsi\ip\SapphireSoc\SapphireSoc.v:20390) because size is too small (<=64) [EFX-0657]
INFO     : ... Hierarchical pre-synthesis "StreamFifo_3_6efbde20b50d413e80bcbb518a5e14d9" end (Real time : 0s)
INFO     : ... Hierarchical pre-synthesis "StreamFifoLowLatency_1_6efbde20b50d413e80bcbb518a5e14d9" begin
INFO     : ... Hierarchical pre-synthesis "StreamFifoLowLatency_1_6efbde20b50d413e80bcbb518a5e14d9" end (Real time : 0s)
INFO     : ... Hierarchical pre-synthesis "BmbDecoder_1_6efbde20b50d413e80bcbb518a5e14d9" begin
INFO     : ... Hierarchical pre-synthesis "BmbDecoder_1_6efbde20b50d413e80bcbb518a5e14d9" end (Real time : 0s)
INFO     : ... Hierarchical pre-synthesis "BmbUpSizerBridge_6efbde20b50d413e80bcbb518a5e14d9" begin
INFO     : ... Hierarchical pre-synthesis "BmbUpSizerBridge_6efbde20b50d413e80bcbb518a5e14d9" end (Real time : 0s)
INFO     : ... Hierarchical pre-synthesis "BmbOnChipRam_6efbde20b50d413e80bcbb518a5e14d9" begin
INFO     : ... Hierarchical pre-synthesis "BmbOnChipRam_6efbde20b50d413e80bcbb518a5e14d9" end (Real time : 0s)
INFO     : ... Hierarchical pre-synthesis "BmbUnburstify_6efbde20b50d413e80bcbb518a5e14d9" begin
INFO     : ... Hierarchical pre-synthesis "BmbUnburstify_6efbde20b50d413e80bcbb518a5e14d9" end (Real time : 0s)
INFO     : ... Hierarchical pre-synthesis "BufferCC_10_6efbde20b50d413e80bcbb518a5e14d9" begin
INFO     : ... Hierarchical pre-synthesis "BufferCC_10_6efbde20b50d413e80bcbb518a5e14d9" end (Real time : 0s)
INFO     : ... Hierarchical pre-synthesis "BufferCC_11_6efbde20b50d413e80bcbb518a5e14d9" begin
INFO     : ... Hierarchical pre-synthesis "BufferCC_11_6efbde20b50d413e80bcbb518a5e14d9" end (Real time : 0s)
INFO     : ... Hierarchical pre-synthesis "BufferCC_12_6efbde20b50d413e80bcbb518a5e14d9" begin
INFO     : ... Hierarchical pre-synthesis "BufferCC_12_6efbde20b50d413e80bcbb518a5e14d9" end (Real time : 0s)
INFO     : ... Hierarchical pre-synthesis "StreamCCByToggle_6efbde20b50d413e80bcbb518a5e14d9" begin
INFO     : ... Hierarchical pre-synthesis "StreamCCByToggle_6efbde20b50d413e80bcbb518a5e14d9" end (Real time : 0s)
INFO     : ... Hierarchical pre-synthesis "BufferCC_16_6efbde20b50d413e80bcbb518a5e14d9" begin
INFO     : ... Hierarchical pre-synthesis "BufferCC_16_6efbde20b50d413e80bcbb518a5e14d9" end (Real time : 0s)
INFO     : ... Hierarchical pre-synthesis "BufferCC_15_6efbde20b50d413e80bcbb518a5e14d9" begin
INFO     : ... Hierarchical pre-synthesis "BufferCC_15_6efbde20b50d413e80bcbb518a5e14d9" end (Real time : 0s)
INFO     : ... Hierarchical pre-synthesis "StreamCCByToggle_1_6efbde20b50d413e80bcbb518a5e14d9" begin
INFO     : ... Hierarchical pre-synthesis "StreamCCByToggle_1_6efbde20b50d413e80bcbb518a5e14d9" end (Real time : 0s)
INFO     : ... Hierarchical pre-synthesis "BmbCcToggle_6efbde20b50d413e80bcbb518a5e14d9" begin
INFO     : ... Hierarchical pre-synthesis "BmbCcToggle_6efbde20b50d413e80bcbb518a5e14d9" end (Real time : 0s)
INFO     : ... Hierarchical pre-synthesis "BmbDecoder_2_6efbde20b50d413e80bcbb518a5e14d9" begin
INFO     : ... Hierarchical pre-synthesis "BmbDecoder_2_6efbde20b50d413e80bcbb518a5e14d9" end (Real time : 0s)
INFO     : ... Hierarchical pre-synthesis "BmbClint_6efbde20b50d413e80bcbb518a5e14d9" begin
INFO     : ... Hierarchical pre-synthesis "BmbClint_6efbde20b50d413e80bcbb518a5e14d9" end (Real time : 0s)
INFO     : ... Hierarchical pre-synthesis "UartCtrlTx_6efbde20b50d413e80bcbb518a5e14d9" begin
INFO     : ... Hierarchical pre-synthesis "UartCtrlTx_6efbde20b50d413e80bcbb518a5e14d9" end (Real time : 0s)
INFO     : ... Hierarchical pre-synthesis "UartCtrlRx_6efbde20b50d413e80bcbb518a5e14d9" begin
INFO     : ... Hierarchical pre-synthesis "UartCtrlRx_6efbde20b50d413e80bcbb518a5e14d9" end (Real time : 0s)
INFO     : ... Hierarchical pre-synthesis "UartCtrl_6efbde20b50d413e80bcbb518a5e14d9" begin
INFO     : ... Hierarchical pre-synthesis "UartCtrl_6efbde20b50d413e80bcbb518a5e14d9" end (Real time : 0s)
INFO     : ... Hierarchical pre-synthesis "StreamFifo_4_6efbde20b50d413e80bcbb518a5e14d9" begin
INFO     : ... Hierarchical pre-synthesis "StreamFifo_4_6efbde20b50d413e80bcbb518a5e14d9" end (Real time : 0s)
INFO     : ... Hierarchical pre-synthesis "BmbUartCtrl_6efbde20b50d413e80bcbb518a5e14d9" begin
INFO     : ... Hierarchical pre-synthesis "BmbUartCtrl_6efbde20b50d413e80bcbb518a5e14d9" end (Real time : 0s)
INFO     : ... Hierarchical pre-synthesis "TopLevel_6efbde20b50d413e80bcbb518a5e14d9" begin
INFO     : ... Hierarchical pre-synthesis "TopLevel_6efbde20b50d413e80bcbb518a5e14d9" end (Real time : 0s)
INFO     : ... Hierarchical pre-synthesis "StreamFifo_6_6efbde20b50d413e80bcbb518a5e14d9" begin
INFO     : ... Hierarchical pre-synthesis "StreamFifo_6_6efbde20b50d413e80bcbb518a5e14d9" end (Real time : 0s)
INFO     : ... Hierarchical pre-synthesis "StreamFifo_7_6efbde20b50d413e80bcbb518a5e14d9" begin
INFO     : ... Hierarchical pre-synthesis "StreamFifo_7_6efbde20b50d413e80bcbb518a5e14d9" end (Real time : 0s)
INFO     : ... Hierarchical pre-synthesis "BmbSpiXdrMasterCtrl_6efbde20b50d413e80bcbb518a5e14d9" begin
INFO     : ... Hierarchical pre-synthesis "BmbSpiXdrMasterCtrl_6efbde20b50d413e80bcbb518a5e14d9" end (Real time : 0s)
INFO     : ... Hierarchical pre-synthesis "BufferCC_17_6efbde20b50d413e80bcbb518a5e14d9" begin
INFO     : ... Hierarchical pre-synthesis "BufferCC_17_6efbde20b50d413e80bcbb518a5e14d9" end (Real time : 0s)
INFO     : ... Hierarchical pre-synthesis "I2cSlave_6efbde20b50d413e80bcbb518a5e14d9" begin
INFO     : ... Hierarchical pre-synthesis "I2cSlave_6efbde20b50d413e80bcbb518a5e14d9" end (Real time : 0s)
INFO     : ... Hierarchical pre-synthesis "BmbI2cCtrl_6efbde20b50d413e80bcbb518a5e14d9" begin
INFO     : ... Wide MUX mapping to ram-net, output: 'bridge_masterLogic_fsm_stateReg_string' select size : 4 output width: 56
INFO     : ... Wide MUX mapping to ram-net, output: 'bridge_masterLogic_fsm_stateNext_string' select size : 4 output width: 56
INFO     : ... Hierarchical pre-synthesis "BmbI2cCtrl_6efbde20b50d413e80bcbb518a5e14d9" end (Real time : 0s)
INFO     : ... Hierarchical pre-synthesis "BmbToApb3Bridge_6efbde20b50d413e80bcbb518a5e14d9" begin
INFO     : ... Hierarchical pre-synthesis "BmbToApb3Bridge_6efbde20b50d413e80bcbb518a5e14d9" end (Real time : 0s)
INFO     : ... Hierarchical pre-synthesis "BufferCC_20_6efbde20b50d413e80bcbb518a5e14d9" begin
INFO     : ... Hierarchical pre-synthesis "BufferCC_20_6efbde20b50d413e80bcbb518a5e14d9" end (Real time : 0s)
INFO     : ... Hierarchical pre-synthesis "StreamCCByToggle_2_6efbde20b50d413e80bcbb518a5e14d9" begin
INFO     : ... Hierarchical pre-synthesis "StreamCCByToggle_2_6efbde20b50d413e80bcbb518a5e14d9" end (Real time : 0s)
INFO     : ... Hierarchical pre-synthesis "EfxSapphireSoc_6efbde20b50d413e80bcbb518a5e14d9" begin
INFO     : ... Hierarchical pre-synthesis "EfxSapphireSoc_6efbde20b50d413e80bcbb518a5e14d9" end (Real time : 2s)
INFO     : ... Hierarchical pre-synthesis "SapphireSoc" begin
INFO     : ... Hierarchical pre-synthesis "SapphireSoc" end (Real time : 0s)
INFO     : ... Hierarchical pre-synthesis "hw_accel_apb3" begin
INFO     : ... Hierarchical pre-synthesis "hw_accel_apb3" end (Real time : 0s)
INFO     : ... Hierarchical pre-synthesis "EfxDMA_DmaMemoryCore_2176bebf0e03438c95113a4b5fdff9eb" begin
INFO     : ... Hierarchical pre-synthesis "EfxDMA_DmaMemoryCore_2176bebf0e03438c95113a4b5fdff9eb" end (Real time : 0s)
INFO     : ... Hierarchical pre-synthesis "EfxDMA_Aggregator_2176bebf0e03438c95113a4b5fdff9eb" begin
INFO     : ... Hierarchical pre-synthesis "EfxDMA_Aggregator_2176bebf0e03438c95113a4b5fdff9eb" end (Real time : 1s)
INFO     : ... Hierarchical pre-synthesis "EfxDMA_Core_2176bebf0e03438c95113a4b5fdff9eb" begin
INFO     : ... Hierarchical pre-synthesis "EfxDMA_Core_2176bebf0e03438c95113a4b5fdff9eb" end (Real time : 1s)
INFO     : ... Hierarchical pre-synthesis "EfxDMA_BufferCC_2176bebf0e03438c95113a4b5fdff9eb" begin
INFO     : ... Hierarchical pre-synthesis "EfxDMA_BufferCC_2176bebf0e03438c95113a4b5fdff9eb" end (Real time : 0s)
INFO     : ... Hierarchical pre-synthesis "EfxDMA_FlowCCUnsafeByToggle_2176bebf0e03438c95113a4b5fdff9eb" begin
INFO     : ... Hierarchical pre-synthesis "EfxDMA_FlowCCUnsafeByToggle_2176bebf0e03438c95113a4b5fdff9eb" end (Real time : 0s)
INFO     : ... Hierarchical pre-synthesis "EfxDMA_BufferCC_1_2176bebf0e03438c95113a4b5fdff9eb" begin
INFO     : ... Hierarchical pre-synthesis "EfxDMA_BufferCC_1_2176bebf0e03438c95113a4b5fdff9eb" end (Real time : 0s)
INFO     : ... Hierarchical pre-synthesis "EfxDMA_FlowCCUnsafeByToggle_1_2176bebf0e03438c95113a4b5fdff9eb" begin
INFO     : ... Hierarchical pre-synthesis "EfxDMA_FlowCCUnsafeByToggle_1_2176bebf0e03438c95113a4b5fdff9eb" end (Real time : 0s)
INFO     : ... Hierarchical pre-synthesis "EfxDMA_Apb3CC_2176bebf0e03438c95113a4b5fdff9eb" begin
INFO     : ... Hierarchical pre-synthesis "EfxDMA_Apb3CC_2176bebf0e03438c95113a4b5fdff9eb" end (Real time : 0s)
INFO     : ... Hierarchical pre-synthesis "EfxDMA_BufferCC_12_2176bebf0e03438c95113a4b5fdff9eb" begin
INFO     : ... Hierarchical pre-synthesis "EfxDMA_BufferCC_12_2176bebf0e03438c95113a4b5fdff9eb" end (Real time : 0s)
INFO     : ... Hierarchical pre-synthesis "EfxDMA_BmbSourceRemover_2176bebf0e03438c95113a4b5fdff9eb" begin
INFO     : ... Hierarchical pre-synthesis "EfxDMA_BmbSourceRemover_2176bebf0e03438c95113a4b5fdff9eb" end (Real time : 0s)
INFO     : ... Hierarchical pre-synthesis "EfxDMA_StreamFifo_2176bebf0e03438c95113a4b5fdff9eb" begin
INFO     : ... Hierarchical pre-synthesis "EfxDMA_StreamFifo_2176bebf0e03438c95113a4b5fdff9eb" end (Real time : 0s)
INFO     : ... Hierarchical pre-synthesis "EfxDMA_BmbContextRemover_2176bebf0e03438c95113a4b5fdff9eb" begin
INFO     : ... Hierarchical pre-synthesis "EfxDMA_BmbContextRemover_2176bebf0e03438c95113a4b5fdff9eb" end (Real time : 0s)
INFO     : ... Hierarchical pre-synthesis "EfxDMA_BmbToAxi4ReadOnlyBridge_2176bebf0e03438c95113a4b5fdff9eb" begin
INFO     : ... Hierarchical pre-synthesis "EfxDMA_BmbToAxi4ReadOnlyBridge_2176bebf0e03438c95113a4b5fdff9eb" end (Real time : 0s)
INFO     : ... Hierarchical pre-synthesis "EfxDMA_StreamFifo_3_2176bebf0e03438c95113a4b5fdff9eb" begin
INFO     : ... Hierarchical pre-synthesis "EfxDMA_StreamFifo_3_2176bebf0e03438c95113a4b5fdff9eb" end (Real time : 0s)
INFO     : ... Hierarchical pre-synthesis "EfxDMA_BmbSourceRemover_1_2176bebf0e03438c95113a4b5fdff9eb" begin
INFO     : ... Hierarchical pre-synthesis "EfxDMA_BmbSourceRemover_1_2176bebf0e03438c95113a4b5fdff9eb" end (Real time : 0s)
INFO     : ... Hierarchical pre-synthesis "EfxDMA_StreamFifo_1_2176bebf0e03438c95113a4b5fdff9eb" begin
INFO     : ... Hierarchical pre-synthesis "EfxDMA_StreamFifo_1_2176bebf0e03438c95113a4b5fdff9eb" end (Real time : 0s)
INFO     : ... Hierarchical pre-synthesis "EfxDMA_BmbWriteRetainer_2176bebf0e03438c95113a4b5fdff9eb" begin
INFO     : ... Hierarchical pre-synthesis "EfxDMA_BmbWriteRetainer_2176bebf0e03438c95113a4b5fdff9eb" end (Real time : 0s)
INFO     : ... Hierarchical pre-synthesis "EfxDMA_StreamFifo_2_2176bebf0e03438c95113a4b5fdff9eb" begin
INFO     : ... Hierarchical pre-synthesis "EfxDMA_StreamFifo_2_2176bebf0e03438c95113a4b5fdff9eb" end (Real time : 0s)
INFO     : ... Hierarchical pre-synthesis "EfxDMA_BmbContextRemover_1_2176bebf0e03438c95113a4b5fdff9eb" begin
INFO     : ... Hierarchical pre-synthesis "EfxDMA_BmbContextRemover_1_2176bebf0e03438c95113a4b5fdff9eb" end (Real time : 0s)
INFO     : ... Hierarchical pre-synthesis "EfxDMA_BmbToAxi4WriteOnlyBridge_2176bebf0e03438c95113a4b5fdff9eb" begin
INFO     : ... Hierarchical pre-synthesis "EfxDMA_BmbToAxi4WriteOnlyBridge_2176bebf0e03438c95113a4b5fdff9eb" end (Real time : 0s)
INFO     : ... Hierarchical pre-synthesis "EfxDMA_BufferCC_2_2176bebf0e03438c95113a4b5fdff9eb" begin
INFO     : ... Hierarchical pre-synthesis "EfxDMA_BufferCC_2_2176bebf0e03438c95113a4b5fdff9eb" end (Real time : 0s)
INFO     : ... Hierarchical pre-synthesis "EfxDMA_BufferCC_3_2176bebf0e03438c95113a4b5fdff9eb" begin
INFO     : ... Hierarchical pre-synthesis "EfxDMA_BufferCC_3_2176bebf0e03438c95113a4b5fdff9eb" end (Real time : 0s)
INFO     : ... Hierarchical pre-synthesis "EfxDMA_StreamFifoCC_2176bebf0e03438c95113a4b5fdff9eb" begin
INFO     : ... Hierarchical pre-synthesis "EfxDMA_StreamFifoCC_2176bebf0e03438c95113a4b5fdff9eb" end (Real time : 0s)
INFO     : ... Hierarchical pre-synthesis "EfxDMA_BsbUpSizerDense_2176bebf0e03438c95113a4b5fdff9eb" begin
INFO     : ... Hierarchical pre-synthesis "EfxDMA_BsbUpSizerDense_2176bebf0e03438c95113a4b5fdff9eb" end (Real time : 0s)
INFO     : ... Hierarchical pre-synthesis "EfxDMA_BufferCC_4_2176bebf0e03438c95113a4b5fdff9eb" begin
INFO     : ... Hierarchical pre-synthesis "EfxDMA_BufferCC_4_2176bebf0e03438c95113a4b5fdff9eb" end (Real time : 0s)
INFO     : ... Hierarchical pre-synthesis "EfxDMA_StreamFifoCC_1_2176bebf0e03438c95113a4b5fdff9eb" begin
INFO     : ... Hierarchical pre-synthesis "EfxDMA_StreamFifoCC_1_2176bebf0e03438c95113a4b5fdff9eb" end (Real time : 0s)
INFO     : ... Hierarchical pre-synthesis "EfxDMA_BufferCC_7_2176bebf0e03438c95113a4b5fdff9eb" begin
INFO     : ... Hierarchical pre-synthesis "EfxDMA_BufferCC_7_2176bebf0e03438c95113a4b5fdff9eb" end (Real time : 0s)
INFO     : ... Hierarchical pre-synthesis "EfxDMA_StreamFifoCC_2_2176bebf0e03438c95113a4b5fdff9eb" begin
INFO     : ... Hierarchical pre-synthesis "EfxDMA_StreamFifoCC_2_2176bebf0e03438c95113a4b5fdff9eb" end (Real time : 0s)
INFO     : ... Hierarchical pre-synthesis "EfxDMA_BufferCC_9_2176bebf0e03438c95113a4b5fdff9eb" begin
INFO     : ... Hierarchical pre-synthesis "EfxDMA_BufferCC_9_2176bebf0e03438c95113a4b5fdff9eb" end (Real time : 0s)
INFO     : ... Hierarchical pre-synthesis "EfxDMA_StreamFifoCC_3_2176bebf0e03438c95113a4b5fdff9eb" begin
INFO     : ... Hierarchical pre-synthesis "EfxDMA_StreamFifoCC_3_2176bebf0e03438c95113a4b5fdff9eb" end (Real time : 0s)
INFO     : ... Hierarchical pre-synthesis "EfxDMA_BufferCC_11_2176bebf0e03438c95113a4b5fdff9eb" begin
INFO     : ... Hierarchical pre-synthesis "EfxDMA_BufferCC_11_2176bebf0e03438c95113a4b5fdff9eb" end (Real time : 0s)
INFO     : ... Hierarchical pre-synthesis "EfxDMA_StreamFifoCC_4_2176bebf0e03438c95113a4b5fdff9eb" begin
INFO     : ... Hierarchical pre-synthesis "EfxDMA_StreamFifoCC_4_2176bebf0e03438c95113a4b5fdff9eb" end (Real time : 0s)
INFO     : ... Hierarchical pre-synthesis "EfxDMA_BsbDownSizerSparse_2176bebf0e03438c95113a4b5fdff9eb" begin
INFO     : ... Hierarchical pre-synthesis "EfxDMA_BsbDownSizerSparse_2176bebf0e03438c95113a4b5fdff9eb" end (Real time : 0s)
INFO     : ... Hierarchical pre-synthesis "EfxDMA_2176bebf0e03438c95113a4b5fdff9eb" begin
INFO     : ... Hierarchical pre-synthesis "EfxDMA_2176bebf0e03438c95113a4b5fdff9eb" end (Real time : 2s)
INFO     : ... Hierarchical pre-synthesis "dma" begin
INFO     : ... Hierarchical pre-synthesis "dma" end (Real time : 0s)
INFO     : ... Hierarchical pre-synthesis "priority_encoder(WIDTH=2,LSB_PRIORITY="HIGH")" begin
INFO     : ... Hierarchical pre-synthesis "priority_encoder(WIDTH=2,LSB_PRIORITY="HIGH")" end (Real time : 0s)
INFO     : ... Hierarchical pre-synthesis "priority_encoder(LSB_PRIORITY="HIGH")" begin
INFO     : ... Hierarchical pre-synthesis "priority_encoder(LSB_PRIORITY="HIGH")" end (Real time : 0s)
INFO     : ... Hierarchical pre-synthesis "arbiter(TYPE="ROUND_ROBIN",BLOCK="ACKNOWLEDGE",LSB_PRIORITY="HIGH")" begin
INFO     : ... Hierarchical pre-synthesis "arbiter(TYPE="ROUND_ROBIN",BLOCK="ACKNOWLEDGE",LSB_PRIORITY="HIGH")" end (Real time : 0s)
INFO     : ... Hierarchical pre-synthesis "axi_interconnect(S_COUNT=2,DATA_WIDTH=128)" begin
INFO     : ... Hierarchical pre-synthesis "axi_interconnect(S_COUNT=2,DATA_WIDTH=128)" end (Real time : 0s)
INFO     : ... Hierarchical pre-synthesis "axi_full_to_half_duplex(DATA_WIDTH=128)" begin
INFO     : ... Hierarchical pre-synthesis "axi_full_to_half_duplex(DATA_WIDTH=128)" end (Real time : 0s)
INFO     : ... Hierarchical pre-synthesis "edge_vision_soc" begin
INFO     : ... Clock Enable Synthesis Performed on 2529 flops.
INFO     : ... Hierarchical pre-synthesis "edge_vision_soc" end (Real time : 17s)
INFO     : ... Flat optimizations begin
WARNING  : Optimizing into logic zero initialized read-only memory block 'u_dma/u_EfxDMA/inputsAdapter_1_crossclock_fifo/ram__D$c1'. (C:\Users\Jing-XuanTan(i)\Downloads\evsoc-efinity-v2026.1.132\evsoc-efinity-v2026.1.132\cam_single\Ti60F225_dsi\ip\dma\dma.v:2839) [EFX-0656]
WARNING  : Optimizing into logic zero initialized read-only memory block 'u_dma/u_EfxDMA/inputsAdapter_1_crossclock_fifo/ram__D$b12'. (C:\Users\Jing-XuanTan(i)\Downloads\evsoc-efinity-v2026.1.132\evsoc-efinity-v2026.1.132\cam_single\Ti60F225_dsi\ip\dma\dma.v:2839) [EFX-0656]
WARNING  : Optimizing into logic zero initialized read-only memory block 'u_cam/u_cam_dma_fifo/u_efx_fifo_top/xefx_fifo_ram/ram__D$c12'. (C:\Users\Jing-XuanTan(i)\Downloads\evsoc-efinity-v2026.1.132\evsoc-efinity-v2026.1.132\cam_single\Ti60F225_dsi\ip\cam_dma_fifo\cam_dma_fifo.sv:667) [EFX-0656]
WARNING  : Optimizing into logic zero initialized read-only memory block 'u_cam/u_cam_dma_fifo/u_efx_fifo_top/xefx_fifo_ram/ram__D$d1'. (C:\Users\Jing-XuanTan(i)\Downloads\evsoc-efinity-v2026.1.132\evsoc-efinity-v2026.1.132\cam_single\Ti60F225_dsi\ip\cam_dma_fifo\cam_dma_fifo.sv:667) [EFX-0656]
WARNING  : Optimizing into logic zero initialized read-only memory block 'u_dma/u_EfxDMA/inputsAdapter_1_crossclock_fifo/ram__D$12'. (C:\Users\Jing-XuanTan(i)\Downloads\evsoc-efinity-v2026.1.132\evsoc-efinity-v2026.1.132\cam_single\Ti60F225_dsi\ip\dma\dma.v:2839) [EFX-0656]
WARNING  : Optimizing into logic zero initialized read-only memory block 'u_cam/u_cam_dma_fifo/u_efx_fifo_top/xefx_fifo_ram/ram__D$b12'. (C:\Users\Jing-XuanTan(i)\Downloads\evsoc-efinity-v2026.1.132\evsoc-efinity-v2026.1.132\cam_single\Ti60F225_dsi\ip\cam_dma_fifo\cam_dma_fifo.sv:667) [EFX-0656]
WARNING  : Optimizing into logic zero initialized read-only memory block 'u_dma/u_EfxDMA/inputsAdapter_1_crossclock_fifo/ram__D$2'. (C:\Users\Jing-XuanTan(i)\Downloads\evsoc-efinity-v2026.1.132\evsoc-efinity-v2026.1.132\cam_single\Ti60F225_dsi\ip\dma\dma.v:2839) [EFX-0656]
WARNING  : Optimizing into logic zero initialized read-only memory block 'u_cam/u_cam_dma_fifo/u_efx_fifo_top/xefx_fifo_ram/ram__D$2'. (C:\Users\Jing-XuanTan(i)\Downloads\evsoc-efinity-v2026.1.132\evsoc-efinity-v2026.1.132\cam_single\Ti60F225_dsi\ip\cam_dma_fifo\cam_dma_fifo.sv:667) [EFX-0656]
WARNING  : Optimizing into logic zero initialized read-only memory block 'u_cam/u_cam_dma_fifo/u_efx_fifo_top/xefx_fifo_ram/ram__D$12'. (C:\Users\Jing-XuanTan(i)\Downloads\evsoc-efinity-v2026.1.132\evsoc-efinity-v2026.1.132\cam_single\Ti60F225_dsi\ip\cam_dma_fifo\cam_dma_fifo.sv:667) [EFX-0656]
INFO     : ... Flat optimizations end (Real time : 0s)
INFO     : ... Flat synthesis begin
INFO     : ... Flat synthesis end (Real time : 0s)
INFO     : ... Flat optimizations begin
INFO     : ... Flat optimizations end (Real time : 0s)
INFO     : ... Check and break combinational loops begin
INFO     : ... Check and break combinational loops end (Real time : 0s)
INFO     : ... Setup for logic synthesis begin
INFO     : ... Setup for logic synthesis end (Real time : 1s)
INFO     : ... LUT mapping begin
INFO     : ... LS, strategy: 3, nd: 18392, ed: 59635, lv: 11, pw: 37791.98
INFO     : ... LUT mapping end (Real time : 46s)
INFO     : ... Post-synthesis Verific netlist creation begin
INFO     : ... Post-synthesis Verific netlist creation end (Real time : 0s)
INFO     : ***** Beginning VDB Netlist Checker ... *****
WARNING  : C:\Users\Jing-XuanTan(i)\Downloads\evsoc-efinity-v2026.1.132\evsoc-efinity-v2026.1.132\cam_single\Ti60F225_dsi\edge_vision_soc.v(26): Input/inout port i_mipi_txc_sclk is unconnected. Place and route may remove this unconnected port. [VDB-8003]
WARNING  : C:\Users\Jing-XuanTan(i)\Downloads\evsoc-efinity-v2026.1.132\evsoc-efinity-v2026.1.132\cam_single\Ti60F225_dsi\edge_vision_soc.v(27): Input/inout port i_mipi_txd_sclk is unconnected. Place and route may remove this unconnected port. [VDB-8003]
WARNING  : C:\Users\Jing-XuanTan(i)\Downloads\evsoc-efinity-v2026.1.132\evsoc-efinity-v2026.1.132\cam_single\Ti60F225_dsi\edge_vision_soc.v(29): Input/inout port i_mipi_tx_pll_locked is unconnected. Place and route may remove this unconnected port. [VDB-8003]
WARNING  : C:\Users\Jing-XuanTan(i)\Downloads\evsoc-efinity-v2026.1.132\evsoc-efinity-v2026.1.132\cam_single\Ti60F225_dsi\edge_vision_soc.v(33): Input/inout port i_hbramClk90 is unconnected. Place and route may remove this unconnected port. [VDB-8003]
WARNING  : C:\Users\Jing-XuanTan(i)\Downloads\evsoc-efinity-v2026.1.132\evsoc-efinity-v2026.1.132\cam_single\Ti60F225_dsi\edge_vision_soc.v(74): Input/inout port i_cam_d0_HS_IN_1[7] is unconnected. Place and route may remove this unconnected port. [VDB-8003]
WARNING  : C:\Users\Jing-XuanTan(i)\Downloads\evsoc-efinity-v2026.1.132\evsoc-efinity-v2026.1.132\cam_single\Ti60F225_dsi\edge_vision_soc.v(75): Input/inout port i_cam_d0_HS_IN_2[7] is unconnected. Place and route may remove this unconnected port. [VDB-8003]
WARNING  : C:\Users\Jing-XuanTan(i)\Downloads\evsoc-efinity-v2026.1.132\evsoc-efinity-v2026.1.132\cam_single\Ti60F225_dsi\edge_vision_soc.v(76): Input/inout port i_cam_d0_HS_IN_3[7] is unconnected. Place and route may remove this unconnected port. [VDB-8003]
WARNING  : C:\Users\Jing-XuanTan(i)\Downloads\evsoc-efinity-v2026.1.132\evsoc-efinity-v2026.1.132\cam_single\Ti60F225_dsi\edge_vision_soc.v(89): Input/inout port i_cam_d1_HS_IN_1[7] is unconnected. Place and route may remove this unconnected port. [VDB-8003]
WARNING  : C:\Users\Jing-XuanTan(i)\Downloads\evsoc-efinity-v2026.1.132\evsoc-efinity-v2026.1.132\cam_single\Ti60F225_dsi\edge_vision_soc.v(90): Input/inout port i_cam_d1_HS_IN_2[7] is unconnected. Place and route may remove this unconnected port. [VDB-8003]
WARNING  : C:\Users\Jing-XuanTan(i)\Downloads\evsoc-efinity-v2026.1.132\evsoc-efinity-v2026.1.132\cam_single\Ti60F225_dsi\edge_vision_soc.v(91): Input/inout port i_cam_d1_HS_IN_3[7] is unconnected. Place and route may remove this unconnected port. [VDB-8003]
WARNING  : C:\Users\Jing-XuanTan(i)\Downloads\evsoc-efinity-v2026.1.132\evsoc-efinity-v2026.1.132\cam_single\Ti60F225_dsi\edge_vision_soc.v(181): Input/inout port sw6 is unconnected. Place and route may remove this unconnected port. [VDB-8003]
WARNING  : C:\Users\Jing-XuanTan(i)\Downloads\evsoc-efinity-v2026.1.132\evsoc-efinity-v2026.1.132\cam_single\Ti60F225_dsi\edge_vision_soc.v(182): Input/inout port sw7 is unconnected. Place and route may remove this unconnected port. [VDB-8003]
WARNING  : Net soc_io_w_payload_id[0] is dangling. [VDB-8009]
WARNING  : Net soc_io_arw_payload_region[0] is dangling. [VDB-8009]
WARNING  : Net soc_io_arw_payload_cache[0] is dangling. [VDB-8009]
WARNING  : Net u_risc_v/u_EfxSapphireSoc/io_ddrA_r_rData_id[0] is dangling. [VDB-8009]
WARNING  : Net soc_io_arw_payload_prot[0] is dangling. [VDB-8009]
WARNING  : Net soc_io_arw_payload_lock is dangling. [VDB-8009]
WARNING  : Net soc_io_arw_payload_qos[0] is dangling. [VDB-8009]
WARNING  : Net u_risc_v/u_EfxSapphireSoc/system_cores_0_logic_cpu/IBusCachedPlugin_cache/lineLoader_address[0] is dangling. [VDB-8009]
WARNING  : Net u_risc_v/u_EfxSapphireSoc/system_cores_0_logic_cpu/IBusCachedPlugin_cache/lineLoader_address[1] is dangling. [VDB-8009]
WARNING  : Net u_risc_v/u_EfxSapphireSoc/system_cores_0_logic_cpu/IBusCachedPlugin_cache/lineLoader_address[2] is dangling. [VDB-8009]
WARNING  : Net u_risc_v/u_EfxSapphireSoc/system_cores_0_logic_cpu/IBusCachedPlugin_cache/lineLoader_address[3] is dangling. [VDB-8009]
WARNING  : Net u_risc_v/u_EfxSapphireSoc/system_cores_0_logic_cpu/IBusCachedPlugin_cache/lineLoader_address[4] is dangling. [VDB-8009]
WARNING  : Net u_risc_v/u_EfxSapphireSoc/system_cores_0_logic_cpu/IBusCachedPlugin_cache/lineLoader_address[5] is dangling. [VDB-8009]
WARNING  : Net soc_io_arw_payload_addr[31] is dangling. [VDB-8009]
WARNING  : Net soc_io_w_payload_id[1] is dangling. [VDB-8009]
WARNING  : Net soc_io_w_payload_id[2] is dangling. [VDB-8009]
WARNING  : Net soc_io_w_payload_id[3] is dangling. [VDB-8009]
WARNING  : Net soc_io_w_payload_id[4] is dangling. [VDB-8009]
WARNING  : Net soc_io_w_payload_id[5] is dangling. [VDB-8009]
WARNING  : Net soc_io_w_payload_id[6] is dangling. [VDB-8009]
WARNING  : Net soc_io_w_payload_id[7] is dangling. [VDB-8009]
WARNING  : Net u_risc_v/u_EfxSapphireSoc/io_ddrA_r_rData_id[1] is dangling. [VDB-8009]
WARNING  : Net u_risc_v/u_EfxSapphireSoc/io_ddrA_r_rData_id[2] is dangling. [VDB-8009]
WARNING  : Net u_risc_v/u_EfxSapphireSoc/io_ddrA_r_rData_id[3] is dangling. [VDB-8009]
WARNING  : Net u_risc_v/u_EfxSapphireSoc/io_ddrA_r_rData_id[4] is dangling. [VDB-8009]
WARNING  : Net u_risc_v/u_EfxSapphireSoc/io_ddrA_r_rData_id[5] is dangling. [VDB-8009]
WARNING  : Net u_risc_v/u_EfxSapphireSoc/io_ddrA_r_rData_id[6] is dangling. [VDB-8009]
WARNING  : Net u_risc_v/u_EfxSapphireSoc/io_ddrA_r_rData_id[7] is dangling. [VDB-8009]
WARNING  : Net soc_io_arw_payload_region[1] is dangling. [VDB-8009]
WARNING  : Net soc_io_arw_payload_region[2] is dangling. [VDB-8009]
WARNING  : Net soc_io_arw_payload_region[3] is dangling. [VDB-8009]
WARNING  : Net soc_io_arw_payload_cache[1] is dangling. [VDB-8009]
WARNING  : Net soc_io_arw_payload_cache[2] is dangling. [VDB-8009]
WARNING  : Net soc_io_arw_payload_cache[3] is dangling. [VDB-8009]
WARNING  : Net soc_io_arw_payload_qos[1] is dangling. [VDB-8009]
WARNING  : Net soc_io_arw_payload_qos[2] is dangling. [VDB-8009]
WARNING  : Net soc_io_arw_payload_qos[3] is dangling. [VDB-8009]
WARNING  : Net soc_io_arw_payload_prot[1] is dangling. [VDB-8009]
WARNING  : Net soc_io_arw_payload_prot[2] is dangling. [VDB-8009]
WARNING  : Net dma_arregion[0] is dangling. [VDB-8009]
WARNING  : Net dma_awregion[0] is dangling. [VDB-8009]
WARNING  : Net dma_arregion[1] is dangling. [VDB-8009]
WARNING  : Net dma_arregion[2] is dangling. [VDB-8009]
WARNING  : Net dma_arregion[3] is dangling. [VDB-8009]
WARNING  : Net dma_awregion[1] is dangling. [VDB-8009]
WARNING  : Net dma_awregion[2] is dangling. [VDB-8009]
WARNING  : Net dma_awregion[3] is dangling. [VDB-8009]
WARNING  : Net u_hbram/u_hbram_top/hbc_dq_OE_2[0] is dangling. [VDB-8009]
WARNING  : Net u_hbram/u_hbram_top/hbc_dq_OE_2[1] is dangling. [VDB-8009]
WARNING  : Net u_hbram/u_hbram_top/hbc_dq_OE_2[2] is dangling. [VDB-8009]
WARNING  : Net u_hbram/u_hbram_top/hbc_dq_OE_2[3] is dangling. [VDB-8009]
WARNING  : Net u_hbram/u_hbram_top/hbc_dq_OE_2[4] is dangling. [VDB-8009]
WARNING  : Net u_hbram/u_hbram_top/hbc_dq_OE_2[5] is dangling. [VDB-8009]
WARNING  : Net u_hbram/u_hbram_top/hbc_dq_OE_2[6] is dangling. [VDB-8009]
WARNING  : Net u_hbram/u_hbram_top/hbc_dq_OE_2[7] is dangling. [VDB-8009]
WARNING  : Net u_hbram/u_hbram_top/hbc_dq_OE_2[8] is dangling. [VDB-8009]
WARNING  : Net u_hbram/u_hbram_top/hbc_dq_OE_2[9] is dangling. [VDB-8009]
WARNING  : Net u_hbram/u_hbram_top/hbc_dq_OE_2[10] is dangling. [VDB-8009]
WARNING  : Net u_hbram/u_hbram_top/hbc_dq_OE_2[11] is dangling. [VDB-8009]
WARNING  : Net u_hbram/u_hbram_top/hbc_dq_OE_2[12] is dangling. [VDB-8009]
WARNING  : Net u_hbram/u_hbram_top/hbc_dq_OE_2[13] is dangling. [VDB-8009]
WARNING  : Net u_hbram/u_hbram_top/hbc_dq_OE_2[14] is dangling. [VDB-8009]
WARNING  : Net u_hbram/u_hbram_top/hbc_dq_OE_2[15] is dangling. [VDB-8009]
WARNING  : Net u_risc_v/u_EfxSapphireSoc/system_ddr_ddrLogic_cc_fifo/io_input_cmd_queue/popCC_popPtrPlus[0] is dangling. [VDB-8009]
WARNING  : Net u_risc_v/u_EfxSapphireSoc/system_ddr_ddrLogic_cc_fifo/io_output_rsp_queue/popCC_popPtrPlus[0] is dangling. [VDB-8009]
WARNING  : Net u_dma/u_EfxDMA/outputsAdapter_2_crossclock_fifo/popCC_popPtrPlus[0] is dangling. [VDB-8009]
WARNING  : Net u_dma/u_EfxDMA/inputsAdapter_1_crossclock_fifo/popCC_popPtrPlus[0] is dangling. [VDB-8009]
WARNING  : Net u_dma/u_EfxDMA/outputsAdapter_1_crossclock_fifo/popCC_popPtrPlus[0] is dangling. [VDB-8009]
WARNING  : Net u_dma/u_EfxDMA/inputsAdapter_0_crossclock_fifo/popCC_popPtrPlus[0] is dangling. [VDB-8009]
WARNING  : Found 123 warnings in the post-synthesis netlist.
INFO     : VDB Netlist Checker took 0.0877703 seconds [FlowMsg::StageDuration]
INFO     :     VDB Netlist Checker took 0.1875 seconds (approximately) in total CPU time [FlowMsg::StageDuration::CPUTime]
INFO     : VDB Netlist Checker virtual memory usage: begin = 329.268 MB, end = 329.352 MB, delta = 0.084 MB [FlowMsg::VMUsage]
INFO     :     VDB Netlist Checker peak virtual memory usage = 383.188 MB [FlowMsg::VMUsage::Peak]
INFO     : VDB Netlist Checker resident set memory usage: begin = 347.792 MB, end = 347.948 MB, delta = 0.156 MB [FlowMsg::RSSUsage]
INFO     :     VDB Netlist Checker peak resident set memory usage = 394.668 MB [FlowMsg::RSSUsage::Peak]
INFO     : ***** Ending VDB Netlist Checker ... *****
INFO     : Resource Summary 
INFO     : ======================================= 
INFO     : EFX_ADD                 : 	2864
INFO     : EFX_LUT4                : 	18143
INFO     : EFX_DSP48               : 	4
INFO     : EFX_FF                  : 	16493
INFO     : EFX_SRL8                : 	10
INFO     : EFX_RAM10               : 	167
INFO     : ======================================= 
INFO     : ... Post-Map Verilog Writer begin
INFO     : Writing netlist 'edge_vision_soc' to Verilog file 'C:\Users\Jing-XuanTan(i)\Downloads\evsoc-efinity-v2026.1.132\evsoc-efinity-v2026.1.132\cam_single\Ti60F225_dsi/outflow/edge_vision_soc.map.v' [VDB-1030]
INFO     : ... Post-Map Verilog Writer end (Real time : 1s)
INFO     : The entire flow of EFX_MAP took 94.0967029 seconds [FlowMsg::StageDuration]
INFO     :     The entire flow of EFX_MAP took 112.625 seconds (approximately) in total CPU time [FlowMsg::StageDuration::CPUTime]
INFO     : The entire flow of EFX_MAP virtual memory usage: begin = 19.032 MB, end = 419.928 MB, delta = 400.896 MB [FlowMsg::VMUsage]
INFO     :     The entire flow of EFX_MAP peak virtual memory usage = 420.232 MB [FlowMsg::VMUsage::Peak]
INFO     : The entire flow of EFX_MAP resident set memory usage: begin = 19.672 MB, end = 430.828 MB, delta = 411.156 MB [FlowMsg::RSSUsage]
INFO     :     The entire flow of EFX_MAP peak resident set memory usage = 431.116 MB [FlowMsg::RSSUsage::Peak]
