
///////////////////////////////////
// Efinity Synthesis Started 
// Sep 25, 2026 14:39:12
///////////////////////////////////

[EFX-0011 VERI-WARNING] port 'probe6' remains unconnected for this instance (VERI-1927) (C:/Users/Jing-XuanTan(i)/Downloads/evsoc-efinity-v2026.1.132/evsoc-efinity-v2026.1.132/cam_single/Ti60F225_dsi/work_dbg/debug_top.v:134)
[EFX-0011 VERI-WARNING] input port 'probe6[0]' remains unconnected for this instance (VDB-1053) (C:/Users/Jing-XuanTan(i)/Downloads/evsoc-efinity-v2026.1.132/evsoc-efinity-v2026.1.132/cam_single/Ti60F225_dsi/work_dbg/debug_top.v:107)
[EFX-0200 WARNING] Removing redundant signal : trigger_in. (C:/Users/Jing-XuanTan(i)/Downloads/evsoc-efinity-v2026.1.132/evsoc-efinity-v2026.1.132/cam_single/Ti60F225_dsi/work_dbg/debug_top.v:5747)
[EFX-0200 WARNING] Removing redundant signal : clk. (C:/Users/Jing-XuanTan(i)/Downloads/evsoc-efinity-v2026.1.132/evsoc-efinity-v2026.1.132/cam_single/Ti60F225_dsi/work_dbg/debug_top.v:4570)
[EFX-0200 WARNING] Removing redundant signal : full. (C:/Users/Jing-XuanTan(i)/Downloads/evsoc-efinity-v2026.1.132/evsoc-efinity-v2026.1.132/cam_single/Ti60F225_dsi/work_dbg/debug_top.v:4624)
[EFX-0200 WARNING] Removing redundant signal : shift_i. (C:/Users/Jing-XuanTan(i)/Downloads/evsoc-efinity-v2026.1.132/evsoc-efinity-v2026.1.132/cam_single/Ti60F225_dsi/work_dbg/debug_top.v:4894)
[EFX-0200 WARNING] Removing redundant signal : trig_out. (C:/Users/Jing-XuanTan(i)/Downloads/evsoc-efinity-v2026.1.132/evsoc-efinity-v2026.1.132/cam_single/Ti60F225_dsi/work_dbg/debug_top.v:4911)
[EFX-0200 WARNING] Removing redundant signal : trig_out_ack. (C:/Users/Jing-XuanTan(i)/Downloads/evsoc-efinity-v2026.1.132/evsoc-efinity-v2026.1.132/cam_single/Ti60F225_dsi/work_dbg/debug_top.v:4912)
[EFX-0200 WARNING] Removing redundant signal : bscan_DRCK. (C:/Users/Jing-XuanTan(i)/Downloads/evsoc-efinity-v2026.1.132/evsoc-efinity-v2026.1.132/cam_single/Ti60F225_dsi/work_dbg/debug_top.v:1053)
[EFX-0200 WARNING] Removing redundant signal : bscan_RESET. (C:/Users/Jing-XuanTan(i)/Downloads/evsoc-efinity-v2026.1.132/evsoc-efinity-v2026.1.132/cam_single/Ti60F225_dsi/work_dbg/debug_top.v:1054)
[EFX-0200 WARNING] Removing redundant signal : bscan_RUNTEST. (C:/Users/Jing-XuanTan(i)/Downloads/evsoc-efinity-v2026.1.132/evsoc-efinity-v2026.1.132/cam_single/Ti60F225_dsi/work_dbg/debug_top.v:1055)
[EFX-0200 WARNING] Removing redundant signal : bscan_SEL. (C:/Users/Jing-XuanTan(i)/Downloads/evsoc-efinity-v2026.1.132/evsoc-efinity-v2026.1.132/cam_single/Ti60F225_dsi/work_dbg/debug_top.v:1056)
[EFX-0200 WARNING] Removing redundant signal : bscan_TMS. (C:/Users/Jing-XuanTan(i)/Downloads/evsoc-efinity-v2026.1.132/evsoc-efinity-v2026.1.132/cam_single/Ti60F225_dsi/work_dbg/debug_top.v:1060)
[EFX-0200 WARNING] Removing redundant signal : trig_in_ack. (C:/Users/Jing-XuanTan(i)/Downloads/evsoc-efinity-v2026.1.132/evsoc-efinity-v2026.1.132/cam_single/Ti60F225_dsi/work_dbg/debug_top.v:1072)
[EFX-0200 WARNING] Removing redundant signal : mux_capture_cmp[5:0]. (C:/Users/Jing-XuanTan(i)/Downloads/evsoc-efinity-v2026.1.132/evsoc-efinity-v2026.1.132/cam_single/Ti60F225_dsi/work_dbg/debug_top.v:3491)
[EFX-0200 WARNING] Removing redundant signal : bscan_CAPTURE. (C:/Users/Jing-XuanTan(i)/Downloads/evsoc-efinity-v2026.1.132/evsoc-efinity-v2026.1.132/cam_single/Ti60F225_dsi/work_dbg/debug_top.v:292)
[EFX-0200 WARNING] Removing redundant signal : bscan_DRCK. (C:/Users/Jing-XuanTan(i)/Downloads/evsoc-efinity-v2026.1.132/evsoc-efinity-v2026.1.132/cam_single/Ti60F225_dsi/work_dbg/debug_top.v:293)
[EFX-0200 WARNING] Removing redundant signal : bscan_RUNTEST. (C:/Users/Jing-XuanTan(i)/Downloads/evsoc-efinity-v2026.1.132/evsoc-efinity-v2026.1.132/cam_single/Ti60F225_dsi/work_dbg/debug_top.v:295)
[EFX-0200 WARNING] Removing redundant signal : bscan_TMS. (C:/Users/Jing-XuanTan(i)/Downloads/evsoc-efinity-v2026.1.132/evsoc-efinity-v2026.1.132/cam_single/Ti60F225_dsi/work_dbg/debug_top.v:300)
[EFX-0201 WARNING] Re-wiring to GND non-driven net/port 'probe6[0]' in module 'edb_la_top_f0a4b0e54f554dea932615fcc1e81062_renamed_due_excessive_length_1'. (C:/Users/Jing-XuanTan(i)/Downloads/evsoc-efinity-v2026.1.132/evsoc-efinity-v2026.1.132/cam_single/Ti60F225_dsi/work_dbg/debug_top.v:107)
[EFX-0201 WARNING] Re-wiring to GND non-driven net/port 'probe7[0]' in module 'edb_la_top_f0a4b0e54f554dea932615fcc1e81062_renamed_due_excessive_length_1'. (C:/Users/Jing-XuanTan(i)/Downloads/evsoc-efinity-v2026.1.132/evsoc-efinity-v2026.1.132/cam_single/Ti60F225_dsi/work_dbg/debug_top.v:107)
[EFX-0201 WARNING] Re-wiring to GND non-driven net/port 'probe8[0]' in module 'edb_la_top_f0a4b0e54f554dea932615fcc1e81062_renamed_due_excessive_length_1'. (C:/Users/Jing-XuanTan(i)/Downloads/evsoc-efinity-v2026.1.132/evsoc-efinity-v2026.1.132/cam_single/Ti60F225_dsi/work_dbg/debug_top.v:107)
[EFX-0201 WARNING] Re-wiring to GND non-driven net/port 'probe9[0]' in module 'edb_la_top_f0a4b0e54f554dea932615fcc1e81062_renamed_due_excessive_length_1'. (C:/Users/Jing-XuanTan(i)/Downloads/evsoc-efinity-v2026.1.132/evsoc-efinity-v2026.1.132/cam_single/Ti60F225_dsi/work_dbg/debug_top.v:107)
[EFX-0201 WARNING] Re-wiring to GND non-driven net/port 'probe10[0]' in module 'edb_la_top_f0a4b0e54f554dea932615fcc1e81062_renamed_due_excessive_length_1'. (C:/Users/Jing-XuanTan(i)/Downloads/evsoc-efinity-v2026.1.132/evsoc-efinity-v2026.1.132/cam_single/Ti60F225_dsi/work_dbg/debug_top.v:107)
[EFX-0201 WARNING] Re-wiring to GND non-driven net/port 'probe11[0]' in module 'edb_la_top_f0a4b0e54f554dea932615fcc1e81062_renamed_due_excessive_length_1'. (C:/Users/Jing-XuanTan(i)/Downloads/evsoc-efinity-v2026.1.132/evsoc-efinity-v2026.1.132/cam_single/Ti60F225_dsi/work_dbg/debug_top.v:107)
[EFX-0201 WARNING] Re-wiring to GND non-driven net/port 'probe12[0]' in module 'edb_la_top_f0a4b0e54f554dea932615fcc1e81062_renamed_due_excessive_length_1'. (C:/Users/Jing-XuanTan(i)/Downloads/evsoc-efinity-v2026.1.132/evsoc-efinity-v2026.1.132/cam_single/Ti60F225_dsi/work_dbg/debug_top.v:107)
[EFX-0201 WARNING] Re-wiring to GND non-driven net/port 'probe13[0]' in module 'edb_la_top_f0a4b0e54f554dea932615fcc1e81062_renamed_due_excessive_length_1'. (C:/Users/Jing-XuanTan(i)/Downloads/evsoc-efinity-v2026.1.132/evsoc-efinity-v2026.1.132/cam_single/Ti60F225_dsi/work_dbg/debug_top.v:107)
[EFX-0201 WARNING] Re-wiring to GND non-driven net/port 'probe14[0]' in module 'edb_la_top_f0a4b0e54f554dea932615fcc1e81062_renamed_due_excessive_length_1'. (C:/Users/Jing-XuanTan(i)/Downloads/evsoc-efinity-v2026.1.132/evsoc-efinity-v2026.1.132/cam_single/Ti60F225_dsi/work_dbg/debug_top.v:107)
[EFX-0201 WARNING] Re-wiring to GND non-driven net/port 'probe15[0]' in module 'edb_la_top_f0a4b0e54f554dea932615fcc1e81062_renamed_due_excessive_length_1'. (C:/Users/Jing-XuanTan(i)/Downloads/evsoc-efinity-v2026.1.132/evsoc-efinity-v2026.1.132/cam_single/Ti60F225_dsi/work_dbg/debug_top.v:107)
[EFX-0011 VERI-WARNING] Input/inout port bscan_DRCK is unconnected. Place and route may remove this unconnected port. (VDB-8003) (C:/Users/Jing-XuanTan(i)/Downloads/evsoc-efinity-v2026.1.132/evsoc-efinity-v2026.1.132/cam_single/Ti60F225_dsi/work_dbg/debug_top.v:17)
[EFX-0011 VERI-WARNING] Input/inout port bscan_RUNTEST is unconnected. Place and route may remove this unconnected port. (VDB-8003) (C:/Users/Jing-XuanTan(i)/Downloads/evsoc-efinity-v2026.1.132/evsoc-efinity-v2026.1.132/cam_single/Ti60F225_dsi/work_dbg/debug_top.v:19)
[EFX-0011 VERI-WARNING] Input/inout port bscan_TMS is unconnected. Place and route may remove this unconnected port. (VDB-8003) (C:/Users/Jing-XuanTan(i)/Downloads/evsoc-efinity-v2026.1.132/evsoc-efinity-v2026.1.132/cam_single/Ti60F225_dsi/work_dbg/debug_top.v:24)
[EFX-0011 VERI-WARNING] Found 3 warnings in the post-synthesis netlist. 

///////////////////////////////////
// Efinity Synthesis Started 
// Sep 25, 2026 14:39:29
///////////////////////////////////

[EFX-0200 WARNING] Removing redundant signal : Rx_HS_D_2[7:0]. (C:\Users\Jing-XuanTan(i)\Downloads\evsoc-efinity-v2026.1.132\evsoc-efinity-v2026.1.132\cam_single\Ti60F225_dsi\ip\csi2_rx_cam\csi2_rx_cam.sv:6307)
[EFX-0200 WARNING] Removing redundant signal : Rx_HS_D_3[7:0]. (C:\Users\Jing-XuanTan(i)\Downloads\evsoc-efinity-v2026.1.132\evsoc-efinity-v2026.1.132\cam_single\Ti60F225_dsi\ip\csi2_rx_cam\csi2_rx_cam.sv:6307)
[EFX-0200 WARNING] Removing redundant signal : Rx_HS_D_4[7:0]. (C:\Users\Jing-XuanTan(i)\Downloads\evsoc-efinity-v2026.1.132\evsoc-efinity-v2026.1.132\cam_single\Ti60F225_dsi\ip\csi2_rx_cam\csi2_rx_cam.sv:6307)
[EFX-0200 WARNING] Removing redundant signal : Rx_HS_D_5[7:0]. (C:\Users\Jing-XuanTan(i)\Downloads\evsoc-efinity-v2026.1.132\evsoc-efinity-v2026.1.132\cam_single\Ti60F225_dsi\ip\csi2_rx_cam\csi2_rx_cam.sv:6307)
[EFX-0200 WARNING] Removing redundant signal : Rx_HS_D_6[7:0]. (C:\Users\Jing-XuanTan(i)\Downloads\evsoc-efinity-v2026.1.132\evsoc-efinity-v2026.1.132\cam_single\Ti60F225_dsi\ip\csi2_rx_cam\csi2_rx_cam.sv:6307)
[EFX-0200 WARNING] Removing redundant signal : Rx_HS_D_7[7:0]. (C:\Users\Jing-XuanTan(i)\Downloads\evsoc-efinity-v2026.1.132\evsoc-efinity-v2026.1.132\cam_single\Ti60F225_dsi\ip\csi2_rx_cam\csi2_rx_cam.sv:6307)
[EFX-0200 WARNING] Removing redundant signal : u_dly_enable_D[1:0]. (C:\Users\Jing-XuanTan(i)\Downloads\evsoc-efinity-v2026.1.132\evsoc-efinity-v2026.1.132\cam_single\Ti60F225_dsi\ip\csi2_rx_cam\csi2_rx_cam.sv:6307)
[EFX-0200 WARNING] Removing redundant signal : u_dly_inc_D[1:0]. (C:\Users\Jing-XuanTan(i)\Downloads\evsoc-efinity-v2026.1.132\evsoc-efinity-v2026.1.132\cam_single\Ti60F225_dsi\ip\csi2_rx_cam\csi2_rx_cam.sv:6307)
[EFX-0200 WARNING] Removing redundant signal : axi_awaddr[1:0]. (C:\Users\Jing-XuanTan(i)\Downloads\evsoc-efinity-v2026.1.132\evsoc-efinity-v2026.1.132\cam_single\Ti60F225_dsi\ip\csi2_rx_cam\csi2_rx_cam.sv:5564)
[EFX-0200 WARNING] Removing redundant signal : axi_araddr[1:0]. (C:\Users\Jing-XuanTan(i)\Downloads\evsoc-efinity-v2026.1.132\evsoc-efinity-v2026.1.132\cam_single\Ti60F225_dsi\ip\csi2_rx_cam\csi2_rx_cam.sv:5564)
[EFX-0200 WARNING] Removing redundant signal : loc_rdata[31:0]. (C:\Users\Jing-XuanTan(i)\Downloads\evsoc-efinity-v2026.1.132\evsoc-efinity-v2026.1.132\cam_single\Ti60F225_dsi\ip\csi2_rx_cam\csi2_rx_cam.sv:5564)
[EFX-0200 WARNING] Removing redundant signal : nextCRC16_D16[15:0]. (C:\Users\Jing-XuanTan(i)\Downloads\evsoc-efinity-v2026.1.132\evsoc-efinity-v2026.1.132\cam_single\Ti60F225_dsi\ip\csi2_rx_cam\csi2_rx_cam.sv:1466)
[EFX-0200 WARNING] Removing redundant signal : nextCRC16_D16.Data[15:0]. (C:\Users\Jing-XuanTan(i)\Downloads\evsoc-efinity-v2026.1.132\evsoc-efinity-v2026.1.132\cam_single\Ti60F225_dsi\ip\csi2_rx_cam\csi2_rx_cam.sv:1466)
[EFX-0200 WARNING] Removing redundant signal : nextCRC16_D16.fcrc[15:0]. (C:\Users\Jing-XuanTan(i)\Downloads\evsoc-efinity-v2026.1.132\evsoc-efinity-v2026.1.132\cam_single\Ti60F225_dsi\ip\csi2_rx_cam\csi2_rx_cam.sv:1466)
[EFX-0200 WARNING] Removing redundant signal : nextCRC16_D16.d[15:0]. (C:\Users\Jing-XuanTan(i)\Downloads\evsoc-efinity-v2026.1.132\evsoc-efinity-v2026.1.132\cam_single\Ti60F225_dsi\ip\csi2_rx_cam\csi2_rx_cam.sv:1466)
[EFX-0200 WARNING] Removing redundant signal : nextCRC16_D16.c[15:0]. (C:\Users\Jing-XuanTan(i)\Downloads\evsoc-efinity-v2026.1.132\evsoc-efinity-v2026.1.132\cam_single\Ti60F225_dsi\ip\csi2_rx_cam\csi2_rx_cam.sv:1466)
[EFX-0200 WARNING] Removing redundant signal : nextCRC16_D16.newcrc[15:0]. (C:\Users\Jing-XuanTan(i)\Downloads\evsoc-efinity-v2026.1.132\evsoc-efinity-v2026.1.132\cam_single\Ti60F225_dsi\ip\csi2_rx_cam\csi2_rx_cam.sv:1466)
[EFX-0200 WARNING] Removing redundant signal : nextCRC16_D8[15:0]. (C:\Users\Jing-XuanTan(i)\Downloads\evsoc-efinity-v2026.1.132\evsoc-efinity-v2026.1.132\cam_single\Ti60F225_dsi\ip\csi2_rx_cam\csi2_rx_cam.sv:1466)
[EFX-0200 WARNING] Removing redundant signal : nextCRC16_D8.Data[7:0]. (C:\Users\Jing-XuanTan(i)\Downloads\evsoc-efinity-v2026.1.132\evsoc-efinity-v2026.1.132\cam_single\Ti60F225_dsi\ip\csi2_rx_cam\csi2_rx_cam.sv:1466)
[EFX-0200 WARNING] Removing redundant signal : nextCRC16_D8.fcrc[15:0]. (C:\Users\Jing-XuanTan(i)\Downloads\evsoc-efinity-v2026.1.132\evsoc-efinity-v2026.1.132\cam_single\Ti60F225_dsi\ip\csi2_rx_cam\csi2_rx_cam.sv:1466)
[EFX-0201 WARNING] Re-wiring to GND non-driven net/port 'a_wr_rst_i' in module 'efx_fifo_top_077823fa68f649b1a7074c944568f3e4(FAMILY="TITANIUM",SYNC_CLK=1,DATA_WIDTH=40,PIPELINE_REG=0,OUTPUT_REG=1,PROGRAMMABLE_FULL="NONE",PROG_FULL_ASSERT=510,PROG_FULL_NEGATE=510,PROGRAMMABLE_EMPTY="NONE",PROG_EMPTY_ASSERT=2,PROG_EMPTY_NEGATE=3)'. (C:\Users\Jing-XuanTan(i)\Downloads\evsoc-efinity-v2026.1.132\evsoc-efinity-v2026.1.132\cam_single\Ti60F225_dsi\ip\cam_pixel_remap_fifo\cam_pixel_remap_fifo.sv:92)
[EFX-0201 WARNING] Re-wiring to GND non-driven net/port 'a_rd_rst_i' in module 'efx_fifo_top_077823fa68f649b1a7074c944568f3e4(FAMILY="TITANIUM",SYNC_CLK=1,DATA_WIDTH=40,PIPELINE_REG=0,OUTPUT_REG=1,PROGRAMMABLE_FULL="NONE",PROG_FULL_ASSERT=510,PROG_FULL_NEGATE=510,PROGRAMMABLE_EMPTY="NONE",PROG_EMPTY_ASSERT=2,PROG_EMPTY_NEGATE=3)'. (C:\Users\Jing-XuanTan(i)\Downloads\evsoc-efinity-v2026.1.132\evsoc-efinity-v2026.1.132\cam_single\Ti60F225_dsi\ip\cam_pixel_remap_fifo\cam_pixel_remap_fifo.sv:92)
[EFX-0201 WARNING] Re-wiring to GND non-driven net/port 'wr_clk_i' in module 'efx_fifo_top_077823fa68f649b1a7074c944568f3e4(FAMILY="TITANIUM",SYNC_CLK=1,DATA_WIDTH=40,PIPELINE_REG=0,OUTPUT_REG=1,PROGRAMMABLE_FULL="NONE",PROG_FULL_ASSERT=510,PROG_FULL_NEGATE=510,PROGRAMMABLE_EMPTY="NONE",PROG_EMPTY_ASSERT=2,PROG_EMPTY_NEGATE=3)'. (C:\Users\Jing-XuanTan(i)\Downloads\evsoc-efinity-v2026.1.132\evsoc-efinity-v2026.1.132\cam_single\Ti60F225_dsi\ip\cam_pixel_remap_fifo\cam_pixel_remap_fifo.sv:92)
[EFX-0201 WARNING] Re-wiring to GND non-driven net/port 'rd_clk_i' in module 'efx_fifo_top_077823fa68f649b1a7074c944568f3e4(FAMILY="TITANIUM",SYNC_CLK=1,DATA_WIDTH=40,PIPELINE_REG=0,OUTPUT_REG=1,PROGRAMMABLE_FULL="NONE",PROG_FULL_ASSERT=510,PROG_FULL_NEGATE=510,PROGRAMMABLE_EMPTY="NONE",PROG_EMPTY_ASSERT=2,PROG_EMPTY_NEGATE=3)'. (C:\Users\Jing-XuanTan(i)\Downloads\evsoc-efinity-v2026.1.132\evsoc-efinity-v2026.1.132\cam_single\Ti60F225_dsi\ip\cam_pixel_remap_fifo\cam_pixel_remap_fifo.sv:92)
[EFX-0201 WARNING] Re-wiring to GND non-driven net/port 'r_registers[12][31]' in module 'axi_lite_register(S_AXI_WSTRB_WIDTH=4)'. (C:\Users\Jing-XuanTan(i)\Downloads\evsoc-efinity-v2026.1.132\evsoc-efinity-v2026.1.132\cam_single\Ti60F225_dsi\source/isp/axi_lite_register.sv:99)
[EFX-0201 WARNING] Re-wiring to GND non-driven net/port 'r_registers[12][30]' in module 'axi_lite_register(S_AXI_WSTRB_WIDTH=4)'. (C:\Users\Jing-XuanTan(i)\Downloads\evsoc-efinity-v2026.1.132\evsoc-efinity-v2026.1.132\cam_single\Ti60F225_dsi\source/isp/axi_lite_register.sv:99)
[EFX-0201 WARNING] Re-wiring to GND non-driven net/port 'r_registers[12][29]' in module 'axi_lite_register(S_AXI_WSTRB_WIDTH=4)'. (C:\Users\Jing-XuanTan(i)\Downloads\evsoc-efinity-v2026.1.132\evsoc-efinity-v2026.1.132\cam_single\Ti60F225_dsi\source/isp/axi_lite_register.sv:99)
[EFX-0201 WARNING] Re-wiring to GND non-driven net/port 'r_registers[12][28]' in module 'axi_lite_register(S_AXI_WSTRB_WIDTH=4)'. (C:\Users\Jing-XuanTan(i)\Downloads\evsoc-efinity-v2026.1.132\evsoc-efinity-v2026.1.132\cam_single\Ti60F225_dsi\source/isp/axi_lite_register.sv:99)
[EFX-0201 WARNING] Re-wiring to GND non-driven net/port 'r_registers[12][27]' in module 'axi_lite_register(S_AXI_WSTRB_WIDTH=4)'. (C:\Users\Jing-XuanTan(i)\Downloads\evsoc-efinity-v2026.1.132\evsoc-efinity-v2026.1.132\cam_single\Ti60F225_dsi\source/isp/axi_lite_register.sv:99)
[EFX-0201 WARNING] Re-wiring to GND non-driven net/port 'r_registers[12][26]' in module 'axi_lite_register(S_AXI_WSTRB_WIDTH=4)'. (C:\Users\Jing-XuanTan(i)\Downloads\evsoc-efinity-v2026.1.132\evsoc-efinity-v2026.1.132\cam_single\Ti60F225_dsi\source/isp/axi_lite_register.sv:99)
[EFX-0657 WARNING] Mapping into logic memory block 'pipe_0_center' (28 bits) (C:\Users\Jing-XuanTan(i)\Downloads\evsoc-efinity-v2026.1.132\evsoc-efinity-v2026.1.132\cam_single\Ti60F225_dsi\source/isp/demosaic.sv:68) because size is too small (<=64)
[EFX-0657 WARNING] Mapping into logic memory block 'pipe_0_outer_horizontal' (28 bits) (C:\Users\Jing-XuanTan(i)\Downloads\evsoc-efinity-v2026.1.132\evsoc-efinity-v2026.1.132\cam_single\Ti60F225_dsi\source/isp/demosaic.sv:69) because size is too small (<=64)
[EFX-0657 WARNING] Mapping into logic memory block 'pipe_0_outer_vertical' (28 bits) (C:\Users\Jing-XuanTan(i)\Downloads\evsoc-efinity-v2026.1.132\evsoc-efinity-v2026.1.132\cam_single\Ti60F225_dsi\source/isp/demosaic.sv:70) because size is too small (<=64)
[EFX-0657 WARNING] Mapping into logic memory block 'pipe_0_inner_horizontal' (28 bits) (C:\Users\Jing-XuanTan(i)\Downloads\evsoc-efinity-v2026.1.132\evsoc-efinity-v2026.1.132\cam_single\Ti60F225_dsi\source/isp/demosaic.sv:71) because size is too small (<=64)
[EFX-0657 WARNING] Mapping into logic memory block 'pipe_0_inner_vertical' (28 bits) (C:\Users\Jing-XuanTan(i)\Downloads\evsoc-efinity-v2026.1.132\evsoc-efinity-v2026.1.132\cam_single\Ti60F225_dsi\source/isp/demosaic.sv:72) because size is too small (<=64)
[EFX-0657 WARNING] Mapping into logic memory block 'pipe_0_inner_top' (28 bits) (C:\Users\Jing-XuanTan(i)\Downloads\evsoc-efinity-v2026.1.132\evsoc-efinity-v2026.1.132\cam_single\Ti60F225_dsi\source/isp/demosaic.sv:73) because size is too small (<=64)
[EFX-0657 WARNING] Mapping into logic memory block 'pipe_0_inner_bottom' (28 bits) (C:\Users\Jing-XuanTan(i)\Downloads\evsoc-efinity-v2026.1.132\evsoc-efinity-v2026.1.132\cam_single\Ti60F225_dsi\source/isp/demosaic.sv:74) because size is too small (<=64)
[EFX-0657 WARNING] Mapping into logic memory block 'pipe_1_center' (36 bits) (C:\Users\Jing-XuanTan(i)\Downloads\evsoc-efinity-v2026.1.132\evsoc-efinity-v2026.1.132\cam_single\Ti60F225_dsi\source/isp/demosaic.sv:80) because size is too small (<=64)
[EFX-0657 WARNING] Mapping into logic memory block 'pipe_1_center_x5' (36 bits) (C:\Users\Jing-XuanTan(i)\Downloads\evsoc-efinity-v2026.1.132\evsoc-efinity-v2026.1.132\cam_single\Ti60F225_dsi\source/isp/demosaic.sv:81) because size is too small (<=64)
[EFX-0657 WARNING] Mapping into logic memory block 'pipe_1_center_x6' (36 bits) (C:\Users\Jing-XuanTan(i)\Downloads\evsoc-efinity-v2026.1.132\evsoc-efinity-v2026.1.132\cam_single\Ti60F225_dsi\source/isp/demosaic.sv:82) because size is too small (<=64)
[EFX-0657 WARNING] Mapping into logic memory block 'pipe_1_outer_horizontal' (36 bits) (C:\Users\Jing-XuanTan(i)\Downloads\evsoc-efinity-v2026.1.132\evsoc-efinity-v2026.1.132\cam_single\Ti60F225_dsi\source/isp/demosaic.sv:83) because size is too small (<=64)
[EFX-0657 WARNING] Mapping into logic memory block 'pipe_1_outer_vertical' (36 bits) (C:\Users\Jing-XuanTan(i)\Downloads\evsoc-efinity-v2026.1.132\evsoc-efinity-v2026.1.132\cam_single\Ti60F225_dsi\source/isp/demosaic.sv:84) because size is too small (<=64)
[EFX-0657 WARNING] Mapping into logic memory block 'pipe_1_outer_cross' (36 bits) (C:\Users\Jing-XuanTan(i)\Downloads\evsoc-efinity-v2026.1.132\evsoc-efinity-v2026.1.132\cam_single\Ti60F225_dsi\source/isp/demosaic.sv:85) because size is too small (<=64)
[EFX-0657 WARNING] Mapping into logic memory block 'pipe_1_inner_h_outer_v_x2' (36 bits) (C:\Users\Jing-XuanTan(i)\Downloads\evsoc-efinity-v2026.1.132\evsoc-efinity-v2026.1.132\cam_single\Ti60F225_dsi\source/isp/demosaic.sv:86) because size is too small (<=64)
[EFX-0657 WARNING] Mapping into logic memory block 'pipe_1_inner_v_outer_h_x2' (36 bits) (C:\Users\Jing-XuanTan(i)\Downloads\evsoc-efinity-v2026.1.132\evsoc-efinity-v2026.1.132\cam_single\Ti60F225_dsi\source/isp/demosaic.sv:87) because size is too small (<=64)
[EFX-0657 WARNING] Mapping into logic memory block 'pipe_1_inner_corner' (36 bits) (C:\Users\Jing-XuanTan(i)\Downloads\evsoc-efinity-v2026.1.132\evsoc-efinity-v2026.1.132\cam_single\Ti60F225_dsi\source/isp/demosaic.sv:88) because size is too small (<=64)
[EFX-0657 WARNING] Mapping into logic memory block 'pipe_1_inner_cross' (36 bits) (C:\Users\Jing-XuanTan(i)\Downloads\evsoc-efinity-v2026.1.132\evsoc-efinity-v2026.1.132\cam_single\Ti60F225_dsi\source/isp/demosaic.sv:89) because size is too small (<=64)
[EFX-0657 WARNING] Mapping into logic memory block 'pipe_2_center' (44 bits) (C:\Users\Jing-XuanTan(i)\Downloads\evsoc-efinity-v2026.1.132\evsoc-efinity-v2026.1.132\cam_single\Ti60F225_dsi\source/isp/demosaic.sv:95) because size is too small (<=64)
[EFX-0657 WARNING] Mapping into logic memory block 'pipe_2_center_cross_x2' (44 bits) (C:\Users\Jing-XuanTan(i)\Downloads\evsoc-efinity-v2026.1.132\evsoc-efinity-v2026.1.132\cam_single\Ti60F225_dsi\source/isp/demosaic.sv:96) because size is too small (<=64)
[EFX-0657 WARNING] Mapping into logic memory block 'pipe_2_outer_cross_x2' (44 bits) (C:\Users\Jing-XuanTan(i)\Downloads\evsoc-efinity-v2026.1.132\evsoc-efinity-v2026.1.132\cam_single\Ti60F225_dsi\source/isp/demosaic.sv:97) because size is too small (<=64)
[EFX-0657 WARNING] Mapping into logic memory block 'pipe_2_outer_cross_x3' (44 bits) (C:\Users\Jing-XuanTan(i)\Downloads\evsoc-efinity-v2026.1.132\evsoc-efinity-v2026.1.132\cam_single\Ti60F225_dsi\source/isp/demosaic.sv:98) because size is too small (<=64)
[EFX-0657 WARNING] Mapping into logic memory block 'pipe_2_inner_c_outer_h_x2' (44 bits) (C:\Users\Jing-XuanTan(i)\Downloads\evsoc-efinity-v2026.1.132\evsoc-efinity-v2026.1.132\cam_single\Ti60F225_dsi\source/isp/demosaic.sv:99) because size is too small (<=64)
[EFX-0657 WARNING] Mapping into logic memory block 'pipe_2_inner_c_outer_v_x2' (44 bits) (C:\Users\Jing-XuanTan(i)\Downloads\evsoc-efinity-v2026.1.132\evsoc-efinity-v2026.1.132\cam_single\Ti60F225_dsi\source/isp/demosaic.sv:100) because size is too small (<=64)
[EFX-0657 WARNING] Mapping into logic memory block 'pipe_2_rb_at_g1_x2' (44 bits) (C:\Users\Jing-XuanTan(i)\Downloads\evsoc-efinity-v2026.1.132\evsoc-efinity-v2026.1.132\cam_single\Ti60F225_dsi\source/isp/demosaic.sv:101) because size is too small (<=64)
[EFX-0657 WARNING] Mapping into logic memory block 'pipe_2_rb_at_g2_x2' (44 bits) (C:\Users\Jing-XuanTan(i)\Downloads\evsoc-efinity-v2026.1.132\evsoc-efinity-v2026.1.132\cam_single\Ti60F225_dsi\source/isp/demosaic.sv:102) because size is too small (<=64)
[EFX-0657 WARNING] Mapping into logic memory block 'pipe_2_rb_at_rb_x2' (44 bits) (C:\Users\Jing-XuanTan(i)\Downloads\evsoc-efinity-v2026.1.132\evsoc-efinity-v2026.1.132\cam_single\Ti60F225_dsi\source/isp/demosaic.sv:103) because size is too small (<=64)
[EFX-0657 WARNING] Mapping into logic memory block 'logic_progbufX_mem' (64 bits) (C:\Users\Jing-XuanTan(i)\Downloads\evsoc-efinity-v2026.1.132\evsoc-efinity-v2026.1.132\cam_single\Ti60F225_dsi\ip\SapphireSoc\SapphireSoc.v:12000) because size is too small (<=64)
[EFX-0657 WARNING] Mapping into logic memory block 'logic_ram' (64 bits) (C:\Users\Jing-XuanTan(i)\Downloads\evsoc-efinity-v2026.1.132\evsoc-efinity-v2026.1.132\cam_single\Ti60F225_dsi\ip\SapphireSoc\SapphireSoc.v:20389) because size is too small (<=64)
[EFX-0656 WARNING] Optimizing into logic zero initialized read-only memory block 'u_dma/u_EfxDMA/inputsAdapter_1_crossclock_fifo/ram__D$c1'. (C:\Users\Jing-XuanTan(i)\Downloads\evsoc-efinity-v2026.1.132\evsoc-efinity-v2026.1.132\cam_single\Ti60F225_dsi\ip\dma\dma.v:2839)
[EFX-0656 WARNING] Optimizing into logic zero initialized read-only memory block 'u_dma/u_EfxDMA/inputsAdapter_1_crossclock_fifo/ram__D$b12'. (C:\Users\Jing-XuanTan(i)\Downloads\evsoc-efinity-v2026.1.132\evsoc-efinity-v2026.1.132\cam_single\Ti60F225_dsi\ip\dma\dma.v:2839)
[EFX-0656 WARNING] Optimizing into logic zero initialized read-only memory block 'u_cam/u_cam_dma_fifo/u_efx_fifo_top/xefx_fifo_ram/ram__D$c12'. (C:\Users\Jing-XuanTan(i)\Downloads\evsoc-efinity-v2026.1.132\evsoc-efinity-v2026.1.132\cam_single\Ti60F225_dsi\ip\cam_dma_fifo\cam_dma_fifo.sv:667)
[EFX-0656 WARNING] Optimizing into logic zero initialized read-only memory block 'u_cam/u_cam_dma_fifo/u_efx_fifo_top/xefx_fifo_ram/ram__D$d1'. (C:\Users\Jing-XuanTan(i)\Downloads\evsoc-efinity-v2026.1.132\evsoc-efinity-v2026.1.132\cam_single\Ti60F225_dsi\ip\cam_dma_fifo\cam_dma_fifo.sv:667)
[EFX-0656 WARNING] Optimizing into logic zero initialized read-only memory block 'u_dma/u_EfxDMA/inputsAdapter_1_crossclock_fifo/ram__D$12'. (C:\Users\Jing-XuanTan(i)\Downloads\evsoc-efinity-v2026.1.132\evsoc-efinity-v2026.1.132\cam_single\Ti60F225_dsi\ip\dma\dma.v:2839)
[EFX-0656 WARNING] Optimizing into logic zero initialized read-only memory block 'u_cam/u_cam_dma_fifo/u_efx_fifo_top/xefx_fifo_ram/ram__D$b12'. (C:\Users\Jing-XuanTan(i)\Downloads\evsoc-efinity-v2026.1.132\evsoc-efinity-v2026.1.132\cam_single\Ti60F225_dsi\ip\cam_dma_fifo\cam_dma_fifo.sv:667)
[EFX-0656 WARNING] Optimizing into logic zero initialized read-only memory block 'u_dma/u_EfxDMA/inputsAdapter_1_crossclock_fifo/ram__D$2'. (C:\Users\Jing-XuanTan(i)\Downloads\evsoc-efinity-v2026.1.132\evsoc-efinity-v2026.1.132\cam_single\Ti60F225_dsi\ip\dma\dma.v:2839)
[EFX-0656 WARNING] Optimizing into logic zero initialized read-only memory block 'u_cam/u_cam_dma_fifo/u_efx_fifo_top/xefx_fifo_ram/ram__D$2'. (C:\Users\Jing-XuanTan(i)\Downloads\evsoc-efinity-v2026.1.132\evsoc-efinity-v2026.1.132\cam_single\Ti60F225_dsi\ip\cam_dma_fifo\cam_dma_fifo.sv:667)
[EFX-0656 WARNING] Optimizing into logic zero initialized read-only memory block 'u_cam/u_cam_dma_fifo/u_efx_fifo_top/xefx_fifo_ram/ram__D$12'. (C:\Users\Jing-XuanTan(i)\Downloads\evsoc-efinity-v2026.1.132\evsoc-efinity-v2026.1.132\cam_single\Ti60F225_dsi\ip\cam_dma_fifo\cam_dma_fifo.sv:667)

///////////////////////////////////
// Efinity Synthesis Started 
// Sep 25, 2026 14:42:30
///////////////////////////////////

[EFX-0011 VERI-WARNING] port 'probe6' remains unconnected for this instance (VERI-1927) (C:/Users/Jing-XuanTan(i)/Downloads/evsoc-efinity-v2026.1.132/evsoc-efinity-v2026.1.132/cam_single/Ti60F225_dsi/work_dbg/debug_top.v:134)
[EFX-0011 VERI-WARNING] input port 'probe6[0]' remains unconnected for this instance (VDB-1053) (C:/Users/Jing-XuanTan(i)/Downloads/evsoc-efinity-v2026.1.132/evsoc-efinity-v2026.1.132/cam_single/Ti60F225_dsi/work_dbg/debug_top.v:107)
[EFX-0200 WARNING] Removing redundant signal : trigger_in. (C:/Users/Jing-XuanTan(i)/Downloads/evsoc-efinity-v2026.1.132/evsoc-efinity-v2026.1.132/cam_single/Ti60F225_dsi/work_dbg/debug_top.v:5747)
[EFX-0200 WARNING] Removing redundant signal : clk. (C:/Users/Jing-XuanTan(i)/Downloads/evsoc-efinity-v2026.1.132/evsoc-efinity-v2026.1.132/cam_single/Ti60F225_dsi/work_dbg/debug_top.v:4570)
[EFX-0200 WARNING] Removing redundant signal : full. (C:/Users/Jing-XuanTan(i)/Downloads/evsoc-efinity-v2026.1.132/evsoc-efinity-v2026.1.132/cam_single/Ti60F225_dsi/work_dbg/debug_top.v:4624)
[EFX-0200 WARNING] Removing redundant signal : shift_i. (C:/Users/Jing-XuanTan(i)/Downloads/evsoc-efinity-v2026.1.132/evsoc-efinity-v2026.1.132/cam_single/Ti60F225_dsi/work_dbg/debug_top.v:4894)
[EFX-0200 WARNING] Removing redundant signal : trig_out. (C:/Users/Jing-XuanTan(i)/Downloads/evsoc-efinity-v2026.1.132/evsoc-efinity-v2026.1.132/cam_single/Ti60F225_dsi/work_dbg/debug_top.v:4911)
[EFX-0200 WARNING] Removing redundant signal : trig_out_ack. (C:/Users/Jing-XuanTan(i)/Downloads/evsoc-efinity-v2026.1.132/evsoc-efinity-v2026.1.132/cam_single/Ti60F225_dsi/work_dbg/debug_top.v:4912)
[EFX-0200 WARNING] Removing redundant signal : bscan_DRCK. (C:/Users/Jing-XuanTan(i)/Downloads/evsoc-efinity-v2026.1.132/evsoc-efinity-v2026.1.132/cam_single/Ti60F225_dsi/work_dbg/debug_top.v:1053)
[EFX-0200 WARNING] Removing redundant signal : bscan_RESET. (C:/Users/Jing-XuanTan(i)/Downloads/evsoc-efinity-v2026.1.132/evsoc-efinity-v2026.1.132/cam_single/Ti60F225_dsi/work_dbg/debug_top.v:1054)
[EFX-0200 WARNING] Removing redundant signal : bscan_RUNTEST. (C:/Users/Jing-XuanTan(i)/Downloads/evsoc-efinity-v2026.1.132/evsoc-efinity-v2026.1.132/cam_single/Ti60F225_dsi/work_dbg/debug_top.v:1055)
[EFX-0200 WARNING] Removing redundant signal : bscan_SEL. (C:/Users/Jing-XuanTan(i)/Downloads/evsoc-efinity-v2026.1.132/evsoc-efinity-v2026.1.132/cam_single/Ti60F225_dsi/work_dbg/debug_top.v:1056)
[EFX-0200 WARNING] Removing redundant signal : bscan_TMS. (C:/Users/Jing-XuanTan(i)/Downloads/evsoc-efinity-v2026.1.132/evsoc-efinity-v2026.1.132/cam_single/Ti60F225_dsi/work_dbg/debug_top.v:1060)
[EFX-0200 WARNING] Removing redundant signal : trig_in_ack. (C:/Users/Jing-XuanTan(i)/Downloads/evsoc-efinity-v2026.1.132/evsoc-efinity-v2026.1.132/cam_single/Ti60F225_dsi/work_dbg/debug_top.v:1072)
[EFX-0200 WARNING] Removing redundant signal : mux_capture_cmp[5:0]. (C:/Users/Jing-XuanTan(i)/Downloads/evsoc-efinity-v2026.1.132/evsoc-efinity-v2026.1.132/cam_single/Ti60F225_dsi/work_dbg/debug_top.v:3491)
[EFX-0200 WARNING] Removing redundant signal : bscan_CAPTURE. (C:/Users/Jing-XuanTan(i)/Downloads/evsoc-efinity-v2026.1.132/evsoc-efinity-v2026.1.132/cam_single/Ti60F225_dsi/work_dbg/debug_top.v:292)
[EFX-0200 WARNING] Removing redundant signal : bscan_DRCK. (C:/Users/Jing-XuanTan(i)/Downloads/evsoc-efinity-v2026.1.132/evsoc-efinity-v2026.1.132/cam_single/Ti60F225_dsi/work_dbg/debug_top.v:293)
[EFX-0200 WARNING] Removing redundant signal : bscan_RUNTEST. (C:/Users/Jing-XuanTan(i)/Downloads/evsoc-efinity-v2026.1.132/evsoc-efinity-v2026.1.132/cam_single/Ti60F225_dsi/work_dbg/debug_top.v:295)
[EFX-0200 WARNING] Removing redundant signal : bscan_TMS. (C:/Users/Jing-XuanTan(i)/Downloads/evsoc-efinity-v2026.1.132/evsoc-efinity-v2026.1.132/cam_single/Ti60F225_dsi/work_dbg/debug_top.v:300)
[EFX-0201 WARNING] Re-wiring to GND non-driven net/port 'probe6[0]' in module 'edb_la_top_94fe7ec51dee4de0ad56aa7fb7bdee19_renamed_due_excessive_length_1'. (C:/Users/Jing-XuanTan(i)/Downloads/evsoc-efinity-v2026.1.132/evsoc-efinity-v2026.1.132/cam_single/Ti60F225_dsi/work_dbg/debug_top.v:107)
[EFX-0201 WARNING] Re-wiring to GND non-driven net/port 'probe7[0]' in module 'edb_la_top_94fe7ec51dee4de0ad56aa7fb7bdee19_renamed_due_excessive_length_1'. (C:/Users/Jing-XuanTan(i)/Downloads/evsoc-efinity-v2026.1.132/evsoc-efinity-v2026.1.132/cam_single/Ti60F225_dsi/work_dbg/debug_top.v:107)
[EFX-0201 WARNING] Re-wiring to GND non-driven net/port 'probe8[0]' in module 'edb_la_top_94fe7ec51dee4de0ad56aa7fb7bdee19_renamed_due_excessive_length_1'. (C:/Users/Jing-XuanTan(i)/Downloads/evsoc-efinity-v2026.1.132/evsoc-efinity-v2026.1.132/cam_single/Ti60F225_dsi/work_dbg/debug_top.v:107)
[EFX-0201 WARNING] Re-wiring to GND non-driven net/port 'probe9[0]' in module 'edb_la_top_94fe7ec51dee4de0ad56aa7fb7bdee19_renamed_due_excessive_length_1'. (C:/Users/Jing-XuanTan(i)/Downloads/evsoc-efinity-v2026.1.132/evsoc-efinity-v2026.1.132/cam_single/Ti60F225_dsi/work_dbg/debug_top.v:107)
[EFX-0201 WARNING] Re-wiring to GND non-driven net/port 'probe10[0]' in module 'edb_la_top_94fe7ec51dee4de0ad56aa7fb7bdee19_renamed_due_excessive_length_1'. (C:/Users/Jing-XuanTan(i)/Downloads/evsoc-efinity-v2026.1.132/evsoc-efinity-v2026.1.132/cam_single/Ti60F225_dsi/work_dbg/debug_top.v:107)
[EFX-0201 WARNING] Re-wiring to GND non-driven net/port 'probe11[0]' in module 'edb_la_top_94fe7ec51dee4de0ad56aa7fb7bdee19_renamed_due_excessive_length_1'. (C:/Users/Jing-XuanTan(i)/Downloads/evsoc-efinity-v2026.1.132/evsoc-efinity-v2026.1.132/cam_single/Ti60F225_dsi/work_dbg/debug_top.v:107)
[EFX-0201 WARNING] Re-wiring to GND non-driven net/port 'probe12[0]' in module 'edb_la_top_94fe7ec51dee4de0ad56aa7fb7bdee19_renamed_due_excessive_length_1'. (C:/Users/Jing-XuanTan(i)/Downloads/evsoc-efinity-v2026.1.132/evsoc-efinity-v2026.1.132/cam_single/Ti60F225_dsi/work_dbg/debug_top.v:107)
[EFX-0201 WARNING] Re-wiring to GND non-driven net/port 'probe13[0]' in module 'edb_la_top_94fe7ec51dee4de0ad56aa7fb7bdee19_renamed_due_excessive_length_1'. (C:/Users/Jing-XuanTan(i)/Downloads/evsoc-efinity-v2026.1.132/evsoc-efinity-v2026.1.132/cam_single/Ti60F225_dsi/work_dbg/debug_top.v:107)
[EFX-0201 WARNING] Re-wiring to GND non-driven net/port 'probe14[0]' in module 'edb_la_top_94fe7ec51dee4de0ad56aa7fb7bdee19_renamed_due_excessive_length_1'. (C:/Users/Jing-XuanTan(i)/Downloads/evsoc-efinity-v2026.1.132/evsoc-efinity-v2026.1.132/cam_single/Ti60F225_dsi/work_dbg/debug_top.v:107)
[EFX-0201 WARNING] Re-wiring to GND non-driven net/port 'probe15[0]' in module 'edb_la_top_94fe7ec51dee4de0ad56aa7fb7bdee19_renamed_due_excessive_length_1'. (C:/Users/Jing-XuanTan(i)/Downloads/evsoc-efinity-v2026.1.132/evsoc-efinity-v2026.1.132/cam_single/Ti60F225_dsi/work_dbg/debug_top.v:107)
[EFX-0011 VERI-WARNING] Input/inout port bscan_DRCK is unconnected. Place and route may remove this unconnected port. (VDB-8003) (C:/Users/Jing-XuanTan(i)/Downloads/evsoc-efinity-v2026.1.132/evsoc-efinity-v2026.1.132/cam_single/Ti60F225_dsi/work_dbg/debug_top.v:17)
[EFX-0011 VERI-WARNING] Input/inout port bscan_RUNTEST is unconnected. Place and route may remove this unconnected port. (VDB-8003) (C:/Users/Jing-XuanTan(i)/Downloads/evsoc-efinity-v2026.1.132/evsoc-efinity-v2026.1.132/cam_single/Ti60F225_dsi/work_dbg/debug_top.v:19)
[EFX-0011 VERI-WARNING] Input/inout port bscan_TMS is unconnected. Place and route may remove this unconnected port. (VDB-8003) (C:/Users/Jing-XuanTan(i)/Downloads/evsoc-efinity-v2026.1.132/evsoc-efinity-v2026.1.132/cam_single/Ti60F225_dsi/work_dbg/debug_top.v:24)
[EFX-0011 VERI-WARNING] Found 3 warnings in the post-synthesis netlist. 

///////////////////////////////////
// Efinity Synthesis Started 
// Sep 25, 2026 14:42:45
///////////////////////////////////

[EFX-0200 WARNING] Removing redundant signal : Rx_HS_D_2[7:0]. (C:\Users\Jing-XuanTan(i)\Downloads\evsoc-efinity-v2026.1.132\evsoc-efinity-v2026.1.132\cam_single\Ti60F225_dsi\ip\csi2_rx_cam\csi2_rx_cam.sv:6307)
[EFX-0200 WARNING] Removing redundant signal : Rx_HS_D_3[7:0]. (C:\Users\Jing-XuanTan(i)\Downloads\evsoc-efinity-v2026.1.132\evsoc-efinity-v2026.1.132\cam_single\Ti60F225_dsi\ip\csi2_rx_cam\csi2_rx_cam.sv:6307)
[EFX-0200 WARNING] Removing redundant signal : Rx_HS_D_4[7:0]. (C:\Users\Jing-XuanTan(i)\Downloads\evsoc-efinity-v2026.1.132\evsoc-efinity-v2026.1.132\cam_single\Ti60F225_dsi\ip\csi2_rx_cam\csi2_rx_cam.sv:6307)
[EFX-0200 WARNING] Removing redundant signal : Rx_HS_D_5[7:0]. (C:\Users\Jing-XuanTan(i)\Downloads\evsoc-efinity-v2026.1.132\evsoc-efinity-v2026.1.132\cam_single\Ti60F225_dsi\ip\csi2_rx_cam\csi2_rx_cam.sv:6307)
[EFX-0200 WARNING] Removing redundant signal : Rx_HS_D_6[7:0]. (C:\Users\Jing-XuanTan(i)\Downloads\evsoc-efinity-v2026.1.132\evsoc-efinity-v2026.1.132\cam_single\Ti60F225_dsi\ip\csi2_rx_cam\csi2_rx_cam.sv:6307)
[EFX-0200 WARNING] Removing redundant signal : Rx_HS_D_7[7:0]. (C:\Users\Jing-XuanTan(i)\Downloads\evsoc-efinity-v2026.1.132\evsoc-efinity-v2026.1.132\cam_single\Ti60F225_dsi\ip\csi2_rx_cam\csi2_rx_cam.sv:6307)
[EFX-0200 WARNING] Removing redundant signal : u_dly_enable_D[1:0]. (C:\Users\Jing-XuanTan(i)\Downloads\evsoc-efinity-v2026.1.132\evsoc-efinity-v2026.1.132\cam_single\Ti60F225_dsi\ip\csi2_rx_cam\csi2_rx_cam.sv:6307)
[EFX-0200 WARNING] Removing redundant signal : u_dly_inc_D[1:0]. (C:\Users\Jing-XuanTan(i)\Downloads\evsoc-efinity-v2026.1.132\evsoc-efinity-v2026.1.132\cam_single\Ti60F225_dsi\ip\csi2_rx_cam\csi2_rx_cam.sv:6307)
[EFX-0200 WARNING] Removing redundant signal : axi_awaddr[1:0]. (C:\Users\Jing-XuanTan(i)\Downloads\evsoc-efinity-v2026.1.132\evsoc-efinity-v2026.1.132\cam_single\Ti60F225_dsi\ip\csi2_rx_cam\csi2_rx_cam.sv:5564)
[EFX-0200 WARNING] Removing redundant signal : axi_araddr[1:0]. (C:\Users\Jing-XuanTan(i)\Downloads\evsoc-efinity-v2026.1.132\evsoc-efinity-v2026.1.132\cam_single\Ti60F225_dsi\ip\csi2_rx_cam\csi2_rx_cam.sv:5564)
[EFX-0200 WARNING] Removing redundant signal : loc_rdata[31:0]. (C:\Users\Jing-XuanTan(i)\Downloads\evsoc-efinity-v2026.1.132\evsoc-efinity-v2026.1.132\cam_single\Ti60F225_dsi\ip\csi2_rx_cam\csi2_rx_cam.sv:5564)
[EFX-0200 WARNING] Removing redundant signal : nextCRC16_D16[15:0]. (C:\Users\Jing-XuanTan(i)\Downloads\evsoc-efinity-v2026.1.132\evsoc-efinity-v2026.1.132\cam_single\Ti60F225_dsi\ip\csi2_rx_cam\csi2_rx_cam.sv:1466)
[EFX-0200 WARNING] Removing redundant signal : nextCRC16_D16.Data[15:0]. (C:\Users\Jing-XuanTan(i)\Downloads\evsoc-efinity-v2026.1.132\evsoc-efinity-v2026.1.132\cam_single\Ti60F225_dsi\ip\csi2_rx_cam\csi2_rx_cam.sv:1466)
[EFX-0200 WARNING] Removing redundant signal : nextCRC16_D16.fcrc[15:0]. (C:\Users\Jing-XuanTan(i)\Downloads\evsoc-efinity-v2026.1.132\evsoc-efinity-v2026.1.132\cam_single\Ti60F225_dsi\ip\csi2_rx_cam\csi2_rx_cam.sv:1466)
[EFX-0200 WARNING] Removing redundant signal : nextCRC16_D16.d[15:0]. (C:\Users\Jing-XuanTan(i)\Downloads\evsoc-efinity-v2026.1.132\evsoc-efinity-v2026.1.132\cam_single\Ti60F225_dsi\ip\csi2_rx_cam\csi2_rx_cam.sv:1466)
[EFX-0200 WARNING] Removing redundant signal : nextCRC16_D16.c[15:0]. (C:\Users\Jing-XuanTan(i)\Downloads\evsoc-efinity-v2026.1.132\evsoc-efinity-v2026.1.132\cam_single\Ti60F225_dsi\ip\csi2_rx_cam\csi2_rx_cam.sv:1466)
[EFX-0200 WARNING] Removing redundant signal : nextCRC16_D16.newcrc[15:0]. (C:\Users\Jing-XuanTan(i)\Downloads\evsoc-efinity-v2026.1.132\evsoc-efinity-v2026.1.132\cam_single\Ti60F225_dsi\ip\csi2_rx_cam\csi2_rx_cam.sv:1466)
[EFX-0200 WARNING] Removing redundant signal : nextCRC16_D8[15:0]. (C:\Users\Jing-XuanTan(i)\Downloads\evsoc-efinity-v2026.1.132\evsoc-efinity-v2026.1.132\cam_single\Ti60F225_dsi\ip\csi2_rx_cam\csi2_rx_cam.sv:1466)
[EFX-0200 WARNING] Removing redundant signal : nextCRC16_D8.Data[7:0]. (C:\Users\Jing-XuanTan(i)\Downloads\evsoc-efinity-v2026.1.132\evsoc-efinity-v2026.1.132\cam_single\Ti60F225_dsi\ip\csi2_rx_cam\csi2_rx_cam.sv:1466)
[EFX-0200 WARNING] Removing redundant signal : nextCRC16_D8.fcrc[15:0]. (C:\Users\Jing-XuanTan(i)\Downloads\evsoc-efinity-v2026.1.132\evsoc-efinity-v2026.1.132\cam_single\Ti60F225_dsi\ip\csi2_rx_cam\csi2_rx_cam.sv:1466)
[EFX-0201 WARNING] Re-wiring to GND non-driven net/port 'a_wr_rst_i' in module 'efx_fifo_top_077823fa68f649b1a7074c944568f3e4(FAMILY="TITANIUM",SYNC_CLK=1,DATA_WIDTH=40,PIPELINE_REG=0,OUTPUT_REG=1,PROGRAMMABLE_FULL="NONE",PROG_FULL_ASSERT=510,PROG_FULL_NEGATE=510,PROGRAMMABLE_EMPTY="NONE",PROG_EMPTY_ASSERT=2,PROG_EMPTY_NEGATE=3)'. (C:\Users\Jing-XuanTan(i)\Downloads\evsoc-efinity-v2026.1.132\evsoc-efinity-v2026.1.132\cam_single\Ti60F225_dsi\ip\cam_pixel_remap_fifo\cam_pixel_remap_fifo.sv:92)
[EFX-0201 WARNING] Re-wiring to GND non-driven net/port 'a_rd_rst_i' in module 'efx_fifo_top_077823fa68f649b1a7074c944568f3e4(FAMILY="TITANIUM",SYNC_CLK=1,DATA_WIDTH=40,PIPELINE_REG=0,OUTPUT_REG=1,PROGRAMMABLE_FULL="NONE",PROG_FULL_ASSERT=510,PROG_FULL_NEGATE=510,PROGRAMMABLE_EMPTY="NONE",PROG_EMPTY_ASSERT=2,PROG_EMPTY_NEGATE=3)'. (C:\Users\Jing-XuanTan(i)\Downloads\evsoc-efinity-v2026.1.132\evsoc-efinity-v2026.1.132\cam_single\Ti60F225_dsi\ip\cam_pixel_remap_fifo\cam_pixel_remap_fifo.sv:92)
[EFX-0201 WARNING] Re-wiring to GND non-driven net/port 'wr_clk_i' in module 'efx_fifo_top_077823fa68f649b1a7074c944568f3e4(FAMILY="TITANIUM",SYNC_CLK=1,DATA_WIDTH=40,PIPELINE_REG=0,OUTPUT_REG=1,PROGRAMMABLE_FULL="NONE",PROG_FULL_ASSERT=510,PROG_FULL_NEGATE=510,PROGRAMMABLE_EMPTY="NONE",PROG_EMPTY_ASSERT=2,PROG_EMPTY_NEGATE=3)'. (C:\Users\Jing-XuanTan(i)\Downloads\evsoc-efinity-v2026.1.132\evsoc-efinity-v2026.1.132\cam_single\Ti60F225_dsi\ip\cam_pixel_remap_fifo\cam_pixel_remap_fifo.sv:92)
[EFX-0201 WARNING] Re-wiring to GND non-driven net/port 'rd_clk_i' in module 'efx_fifo_top_077823fa68f649b1a7074c944568f3e4(FAMILY="TITANIUM",SYNC_CLK=1,DATA_WIDTH=40,PIPELINE_REG=0,OUTPUT_REG=1,PROGRAMMABLE_FULL="NONE",PROG_FULL_ASSERT=510,PROG_FULL_NEGATE=510,PROGRAMMABLE_EMPTY="NONE",PROG_EMPTY_ASSERT=2,PROG_EMPTY_NEGATE=3)'. (C:\Users\Jing-XuanTan(i)\Downloads\evsoc-efinity-v2026.1.132\evsoc-efinity-v2026.1.132\cam_single\Ti60F225_dsi\ip\cam_pixel_remap_fifo\cam_pixel_remap_fifo.sv:92)
[EFX-0201 WARNING] Re-wiring to GND non-driven net/port 'r_registers[12][31]' in module 'axi_lite_register(S_AXI_WSTRB_WIDTH=4)'. (C:\Users\Jing-XuanTan(i)\Downloads\evsoc-efinity-v2026.1.132\evsoc-efinity-v2026.1.132\cam_single\Ti60F225_dsi\source/isp/axi_lite_register.sv:99)
[EFX-0201 WARNING] Re-wiring to GND non-driven net/port 'r_registers[12][30]' in module 'axi_lite_register(S_AXI_WSTRB_WIDTH=4)'. (C:\Users\Jing-XuanTan(i)\Downloads\evsoc-efinity-v2026.1.132\evsoc-efinity-v2026.1.132\cam_single\Ti60F225_dsi\source/isp/axi_lite_register.sv:99)
[EFX-0201 WARNING] Re-wiring to GND non-driven net/port 'r_registers[12][29]' in module 'axi_lite_register(S_AXI_WSTRB_WIDTH=4)'. (C:\Users\Jing-XuanTan(i)\Downloads\evsoc-efinity-v2026.1.132\evsoc-efinity-v2026.1.132\cam_single\Ti60F225_dsi\source/isp/axi_lite_register.sv:99)
[EFX-0201 WARNING] Re-wiring to GND non-driven net/port 'r_registers[12][28]' in module 'axi_lite_register(S_AXI_WSTRB_WIDTH=4)'. (C:\Users\Jing-XuanTan(i)\Downloads\evsoc-efinity-v2026.1.132\evsoc-efinity-v2026.1.132\cam_single\Ti60F225_dsi\source/isp/axi_lite_register.sv:99)
[EFX-0201 WARNING] Re-wiring to GND non-driven net/port 'r_registers[12][27]' in module 'axi_lite_register(S_AXI_WSTRB_WIDTH=4)'. (C:\Users\Jing-XuanTan(i)\Downloads\evsoc-efinity-v2026.1.132\evsoc-efinity-v2026.1.132\cam_single\Ti60F225_dsi\source/isp/axi_lite_register.sv:99)
[EFX-0201 WARNING] Re-wiring to GND non-driven net/port 'r_registers[12][26]' in module 'axi_lite_register(S_AXI_WSTRB_WIDTH=4)'. (C:\Users\Jing-XuanTan(i)\Downloads\evsoc-efinity-v2026.1.132\evsoc-efinity-v2026.1.132\cam_single\Ti60F225_dsi\source/isp/axi_lite_register.sv:99)
[EFX-0657 WARNING] Mapping into logic memory block 'pipe_0_center' (28 bits) (C:\Users\Jing-XuanTan(i)\Downloads\evsoc-efinity-v2026.1.132\evsoc-efinity-v2026.1.132\cam_single\Ti60F225_dsi\source/isp/demosaic.sv:68) because size is too small (<=64)
[EFX-0657 WARNING] Mapping into logic memory block 'pipe_0_outer_horizontal' (28 bits) (C:\Users\Jing-XuanTan(i)\Downloads\evsoc-efinity-v2026.1.132\evsoc-efinity-v2026.1.132\cam_single\Ti60F225_dsi\source/isp/demosaic.sv:69) because size is too small (<=64)
[EFX-0657 WARNING] Mapping into logic memory block 'pipe_0_outer_vertical' (28 bits) (C:\Users\Jing-XuanTan(i)\Downloads\evsoc-efinity-v2026.1.132\evsoc-efinity-v2026.1.132\cam_single\Ti60F225_dsi\source/isp/demosaic.sv:70) because size is too small (<=64)
[EFX-0657 WARNING] Mapping into logic memory block 'pipe_0_inner_horizontal' (28 bits) (C:\Users\Jing-XuanTan(i)\Downloads\evsoc-efinity-v2026.1.132\evsoc-efinity-v2026.1.132\cam_single\Ti60F225_dsi\source/isp/demosaic.sv:71) because size is too small (<=64)
[EFX-0657 WARNING] Mapping into logic memory block 'pipe_0_inner_vertical' (28 bits) (C:\Users\Jing-XuanTan(i)\Downloads\evsoc-efinity-v2026.1.132\evsoc-efinity-v2026.1.132\cam_single\Ti60F225_dsi\source/isp/demosaic.sv:72) because size is too small (<=64)
[EFX-0657 WARNING] Mapping into logic memory block 'pipe_0_inner_top' (28 bits) (C:\Users\Jing-XuanTan(i)\Downloads\evsoc-efinity-v2026.1.132\evsoc-efinity-v2026.1.132\cam_single\Ti60F225_dsi\source/isp/demosaic.sv:73) because size is too small (<=64)
[EFX-0657 WARNING] Mapping into logic memory block 'pipe_0_inner_bottom' (28 bits) (C:\Users\Jing-XuanTan(i)\Downloads\evsoc-efinity-v2026.1.132\evsoc-efinity-v2026.1.132\cam_single\Ti60F225_dsi\source/isp/demosaic.sv:74) because size is too small (<=64)
[EFX-0657 WARNING] Mapping into logic memory block 'pipe_1_center' (36 bits) (C:\Users\Jing-XuanTan(i)\Downloads\evsoc-efinity-v2026.1.132\evsoc-efinity-v2026.1.132\cam_single\Ti60F225_dsi\source/isp/demosaic.sv:80) because size is too small (<=64)
[EFX-0657 WARNING] Mapping into logic memory block 'pipe_1_center_x5' (36 bits) (C:\Users\Jing-XuanTan(i)\Downloads\evsoc-efinity-v2026.1.132\evsoc-efinity-v2026.1.132\cam_single\Ti60F225_dsi\source/isp/demosaic.sv:81) because size is too small (<=64)
[EFX-0657 WARNING] Mapping into logic memory block 'pipe_1_center_x6' (36 bits) (C:\Users\Jing-XuanTan(i)\Downloads\evsoc-efinity-v2026.1.132\evsoc-efinity-v2026.1.132\cam_single\Ti60F225_dsi\source/isp/demosaic.sv:82) because size is too small (<=64)
[EFX-0657 WARNING] Mapping into logic memory block 'pipe_1_outer_horizontal' (36 bits) (C:\Users\Jing-XuanTan(i)\Downloads\evsoc-efinity-v2026.1.132\evsoc-efinity-v2026.1.132\cam_single\Ti60F225_dsi\source/isp/demosaic.sv:83) because size is too small (<=64)
[EFX-0657 WARNING] Mapping into logic memory block 'pipe_1_outer_vertical' (36 bits) (C:\Users\Jing-XuanTan(i)\Downloads\evsoc-efinity-v2026.1.132\evsoc-efinity-v2026.1.132\cam_single\Ti60F225_dsi\source/isp/demosaic.sv:84) because size is too small (<=64)
[EFX-0657 WARNING] Mapping into logic memory block 'pipe_1_outer_cross' (36 bits) (C:\Users\Jing-XuanTan(i)\Downloads\evsoc-efinity-v2026.1.132\evsoc-efinity-v2026.1.132\cam_single\Ti60F225_dsi\source/isp/demosaic.sv:85) because size is too small (<=64)
[EFX-0657 WARNING] Mapping into logic memory block 'pipe_1_inner_h_outer_v_x2' (36 bits) (C:\Users\Jing-XuanTan(i)\Downloads\evsoc-efinity-v2026.1.132\evsoc-efinity-v2026.1.132\cam_single\Ti60F225_dsi\source/isp/demosaic.sv:86) because size is too small (<=64)
[EFX-0657 WARNING] Mapping into logic memory block 'pipe_1_inner_v_outer_h_x2' (36 bits) (C:\Users\Jing-XuanTan(i)\Downloads\evsoc-efinity-v2026.1.132\evsoc-efinity-v2026.1.132\cam_single\Ti60F225_dsi\source/isp/demosaic.sv:87) because size is too small (<=64)
[EFX-0657 WARNING] Mapping into logic memory block 'pipe_1_inner_corner' (36 bits) (C:\Users\Jing-XuanTan(i)\Downloads\evsoc-efinity-v2026.1.132\evsoc-efinity-v2026.1.132\cam_single\Ti60F225_dsi\source/isp/demosaic.sv:88) because size is too small (<=64)
[EFX-0657 WARNING] Mapping into logic memory block 'pipe_1_inner_cross' (36 bits) (C:\Users\Jing-XuanTan(i)\Downloads\evsoc-efinity-v2026.1.132\evsoc-efinity-v2026.1.132\cam_single\Ti60F225_dsi\source/isp/demosaic.sv:89) because size is too small (<=64)
[EFX-0657 WARNING] Mapping into logic memory block 'pipe_2_center' (44 bits) (C:\Users\Jing-XuanTan(i)\Downloads\evsoc-efinity-v2026.1.132\evsoc-efinity-v2026.1.132\cam_single\Ti60F225_dsi\source/isp/demosaic.sv:95) because size is too small (<=64)
[EFX-0657 WARNING] Mapping into logic memory block 'pipe_2_center_cross_x2' (44 bits) (C:\Users\Jing-XuanTan(i)\Downloads\evsoc-efinity-v2026.1.132\evsoc-efinity-v2026.1.132\cam_single\Ti60F225_dsi\source/isp/demosaic.sv:96) because size is too small (<=64)
[EFX-0657 WARNING] Mapping into logic memory block 'pipe_2_outer_cross_x2' (44 bits) (C:\Users\Jing-XuanTan(i)\Downloads\evsoc-efinity-v2026.1.132\evsoc-efinity-v2026.1.132\cam_single\Ti60F225_dsi\source/isp/demosaic.sv:97) because size is too small (<=64)
[EFX-0657 WARNING] Mapping into logic memory block 'pipe_2_outer_cross_x3' (44 bits) (C:\Users\Jing-XuanTan(i)\Downloads\evsoc-efinity-v2026.1.132\evsoc-efinity-v2026.1.132\cam_single\Ti60F225_dsi\source/isp/demosaic.sv:98) because size is too small (<=64)
[EFX-0657 WARNING] Mapping into logic memory block 'pipe_2_inner_c_outer_h_x2' (44 bits) (C:\Users\Jing-XuanTan(i)\Downloads\evsoc-efinity-v2026.1.132\evsoc-efinity-v2026.1.132\cam_single\Ti60F225_dsi\source/isp/demosaic.sv:99) because size is too small (<=64)
[EFX-0657 WARNING] Mapping into logic memory block 'pipe_2_inner_c_outer_v_x2' (44 bits) (C:\Users\Jing-XuanTan(i)\Downloads\evsoc-efinity-v2026.1.132\evsoc-efinity-v2026.1.132\cam_single\Ti60F225_dsi\source/isp/demosaic.sv:100) because size is too small (<=64)
[EFX-0657 WARNING] Mapping into logic memory block 'pipe_2_rb_at_g1_x2' (44 bits) (C:\Users\Jing-XuanTan(i)\Downloads\evsoc-efinity-v2026.1.132\evsoc-efinity-v2026.1.132\cam_single\Ti60F225_dsi\source/isp/demosaic.sv:101) because size is too small (<=64)
[EFX-0657 WARNING] Mapping into logic memory block 'pipe_2_rb_at_g2_x2' (44 bits) (C:\Users\Jing-XuanTan(i)\Downloads\evsoc-efinity-v2026.1.132\evsoc-efinity-v2026.1.132\cam_single\Ti60F225_dsi\source/isp/demosaic.sv:102) because size is too small (<=64)
[EFX-0657 WARNING] Mapping into logic memory block 'pipe_2_rb_at_rb_x2' (44 bits) (C:\Users\Jing-XuanTan(i)\Downloads\evsoc-efinity-v2026.1.132\evsoc-efinity-v2026.1.132\cam_single\Ti60F225_dsi\source/isp/demosaic.sv:103) because size is too small (<=64)
[EFX-0657 WARNING] Mapping into logic memory block 'logic_progbufX_mem' (64 bits) (C:\Users\Jing-XuanTan(i)\Downloads\evsoc-efinity-v2026.1.132\evsoc-efinity-v2026.1.132\cam_single\Ti60F225_dsi\ip\SapphireSoc\SapphireSoc.v:12000) because size is too small (<=64)
[EFX-0657 WARNING] Mapping into logic memory block 'logic_ram' (64 bits) (C:\Users\Jing-XuanTan(i)\Downloads\evsoc-efinity-v2026.1.132\evsoc-efinity-v2026.1.132\cam_single\Ti60F225_dsi\ip\SapphireSoc\SapphireSoc.v:20389) because size is too small (<=64)
[EFX-0656 WARNING] Optimizing into logic zero initialized read-only memory block 'u_dma/u_EfxDMA/inputsAdapter_1_crossclock_fifo/ram__D$c1'. (C:\Users\Jing-XuanTan(i)\Downloads\evsoc-efinity-v2026.1.132\evsoc-efinity-v2026.1.132\cam_single\Ti60F225_dsi\ip\dma\dma.v:2839)
[EFX-0656 WARNING] Optimizing into logic zero initialized read-only memory block 'u_dma/u_EfxDMA/inputsAdapter_1_crossclock_fifo/ram__D$b12'. (C:\Users\Jing-XuanTan(i)\Downloads\evsoc-efinity-v2026.1.132\evsoc-efinity-v2026.1.132\cam_single\Ti60F225_dsi\ip\dma\dma.v:2839)
[EFX-0656 WARNING] Optimizing into logic zero initialized read-only memory block 'u_cam/u_cam_dma_fifo/u_efx_fifo_top/xefx_fifo_ram/ram__D$c12'. (C:\Users\Jing-XuanTan(i)\Downloads\evsoc-efinity-v2026.1.132\evsoc-efinity-v2026.1.132\cam_single\Ti60F225_dsi\ip\cam_dma_fifo\cam_dma_fifo.sv:667)
[EFX-0656 WARNING] Optimizing into logic zero initialized read-only memory block 'u_cam/u_cam_dma_fifo/u_efx_fifo_top/xefx_fifo_ram/ram__D$d1'. (C:\Users\Jing-XuanTan(i)\Downloads\evsoc-efinity-v2026.1.132\evsoc-efinity-v2026.1.132\cam_single\Ti60F225_dsi\ip\cam_dma_fifo\cam_dma_fifo.sv:667)
[EFX-0656 WARNING] Optimizing into logic zero initialized read-only memory block 'u_dma/u_EfxDMA/inputsAdapter_1_crossclock_fifo/ram__D$12'. (C:\Users\Jing-XuanTan(i)\Downloads\evsoc-efinity-v2026.1.132\evsoc-efinity-v2026.1.132\cam_single\Ti60F225_dsi\ip\dma\dma.v:2839)
[EFX-0656 WARNING] Optimizing into logic zero initialized read-only memory block 'u_cam/u_cam_dma_fifo/u_efx_fifo_top/xefx_fifo_ram/ram__D$b12'. (C:\Users\Jing-XuanTan(i)\Downloads\evsoc-efinity-v2026.1.132\evsoc-efinity-v2026.1.132\cam_single\Ti60F225_dsi\ip\cam_dma_fifo\cam_dma_fifo.sv:667)
[EFX-0656 WARNING] Optimizing into logic zero initialized read-only memory block 'u_dma/u_EfxDMA/inputsAdapter_1_crossclock_fifo/ram__D$2'. (C:\Users\Jing-XuanTan(i)\Downloads\evsoc-efinity-v2026.1.132\evsoc-efinity-v2026.1.132\cam_single\Ti60F225_dsi\ip\dma\dma.v:2839)
[EFX-0656 WARNING] Optimizing into logic zero initialized read-only memory block 'u_cam/u_cam_dma_fifo/u_efx_fifo_top/xefx_fifo_ram/ram__D$2'. (C:\Users\Jing-XuanTan(i)\Downloads\evsoc-efinity-v2026.1.132\evsoc-efinity-v2026.1.132\cam_single\Ti60F225_dsi\ip\cam_dma_fifo\cam_dma_fifo.sv:667)
[EFX-0656 WARNING] Optimizing into logic zero initialized read-only memory block 'u_cam/u_cam_dma_fifo/u_efx_fifo_top/xefx_fifo_ram/ram__D$12'. (C:\Users\Jing-XuanTan(i)\Downloads\evsoc-efinity-v2026.1.132\evsoc-efinity-v2026.1.132\cam_single\Ti60F225_dsi\ip\cam_dma_fifo\cam_dma_fifo.sv:667)

///////////////////////////////////
// Efinity Synthesis Started 
// Sep 25, 2026 15:01:22
///////////////////////////////////

[EFX-0011 VERI-WARNING] port 'probe6' remains unconnected for this instance (VERI-1927) (C:/Users/Jing-XuanTan(i)/Downloads/evsoc-efinity-v2026.1.132/evsoc-efinity-v2026.1.132/cam_single/Ti60F225_dsi/work_dbg/debug_top.v:134)
[EFX-0011 VERI-WARNING] input port 'probe6[0]' remains unconnected for this instance (VDB-1053) (C:/Users/Jing-XuanTan(i)/Downloads/evsoc-efinity-v2026.1.132/evsoc-efinity-v2026.1.132/cam_single/Ti60F225_dsi/work_dbg/debug_top.v:107)
[EFX-0200 WARNING] Removing redundant signal : trigger_in. (C:/Users/Jing-XuanTan(i)/Downloads/evsoc-efinity-v2026.1.132/evsoc-efinity-v2026.1.132/cam_single/Ti60F225_dsi/work_dbg/debug_top.v:5747)
[EFX-0200 WARNING] Removing redundant signal : clk. (C:/Users/Jing-XuanTan(i)/Downloads/evsoc-efinity-v2026.1.132/evsoc-efinity-v2026.1.132/cam_single/Ti60F225_dsi/work_dbg/debug_top.v:4570)
[EFX-0200 WARNING] Removing redundant signal : full. (C:/Users/Jing-XuanTan(i)/Downloads/evsoc-efinity-v2026.1.132/evsoc-efinity-v2026.1.132/cam_single/Ti60F225_dsi/work_dbg/debug_top.v:4624)
[EFX-0200 WARNING] Removing redundant signal : shift_i. (C:/Users/Jing-XuanTan(i)/Downloads/evsoc-efinity-v2026.1.132/evsoc-efinity-v2026.1.132/cam_single/Ti60F225_dsi/work_dbg/debug_top.v:4894)
[EFX-0200 WARNING] Removing redundant signal : trig_out. (C:/Users/Jing-XuanTan(i)/Downloads/evsoc-efinity-v2026.1.132/evsoc-efinity-v2026.1.132/cam_single/Ti60F225_dsi/work_dbg/debug_top.v:4911)
[EFX-0200 WARNING] Removing redundant signal : trig_out_ack. (C:/Users/Jing-XuanTan(i)/Downloads/evsoc-efinity-v2026.1.132/evsoc-efinity-v2026.1.132/cam_single/Ti60F225_dsi/work_dbg/debug_top.v:4912)
[EFX-0200 WARNING] Removing redundant signal : bscan_DRCK. (C:/Users/Jing-XuanTan(i)/Downloads/evsoc-efinity-v2026.1.132/evsoc-efinity-v2026.1.132/cam_single/Ti60F225_dsi/work_dbg/debug_top.v:1053)
[EFX-0200 WARNING] Removing redundant signal : bscan_RESET. (C:/Users/Jing-XuanTan(i)/Downloads/evsoc-efinity-v2026.1.132/evsoc-efinity-v2026.1.132/cam_single/Ti60F225_dsi/work_dbg/debug_top.v:1054)
[EFX-0200 WARNING] Removing redundant signal : bscan_RUNTEST. (C:/Users/Jing-XuanTan(i)/Downloads/evsoc-efinity-v2026.1.132/evsoc-efinity-v2026.1.132/cam_single/Ti60F225_dsi/work_dbg/debug_top.v:1055)
[EFX-0200 WARNING] Removing redundant signal : bscan_SEL. (C:/Users/Jing-XuanTan(i)/Downloads/evsoc-efinity-v2026.1.132/evsoc-efinity-v2026.1.132/cam_single/Ti60F225_dsi/work_dbg/debug_top.v:1056)
[EFX-0200 WARNING] Removing redundant signal : bscan_TMS. (C:/Users/Jing-XuanTan(i)/Downloads/evsoc-efinity-v2026.1.132/evsoc-efinity-v2026.1.132/cam_single/Ti60F225_dsi/work_dbg/debug_top.v:1060)
[EFX-0200 WARNING] Removing redundant signal : trig_in_ack. (C:/Users/Jing-XuanTan(i)/Downloads/evsoc-efinity-v2026.1.132/evsoc-efinity-v2026.1.132/cam_single/Ti60F225_dsi/work_dbg/debug_top.v:1072)
[EFX-0200 WARNING] Removing redundant signal : mux_capture_cmp[5:0]. (C:/Users/Jing-XuanTan(i)/Downloads/evsoc-efinity-v2026.1.132/evsoc-efinity-v2026.1.132/cam_single/Ti60F225_dsi/work_dbg/debug_top.v:3491)
[EFX-0200 WARNING] Removing redundant signal : bscan_CAPTURE. (C:/Users/Jing-XuanTan(i)/Downloads/evsoc-efinity-v2026.1.132/evsoc-efinity-v2026.1.132/cam_single/Ti60F225_dsi/work_dbg/debug_top.v:292)
[EFX-0200 WARNING] Removing redundant signal : bscan_DRCK. (C:/Users/Jing-XuanTan(i)/Downloads/evsoc-efinity-v2026.1.132/evsoc-efinity-v2026.1.132/cam_single/Ti60F225_dsi/work_dbg/debug_top.v:293)
[EFX-0200 WARNING] Removing redundant signal : bscan_RUNTEST. (C:/Users/Jing-XuanTan(i)/Downloads/evsoc-efinity-v2026.1.132/evsoc-efinity-v2026.1.132/cam_single/Ti60F225_dsi/work_dbg/debug_top.v:295)
[EFX-0200 WARNING] Removing redundant signal : bscan_TMS. (C:/Users/Jing-XuanTan(i)/Downloads/evsoc-efinity-v2026.1.132/evsoc-efinity-v2026.1.132/cam_single/Ti60F225_dsi/work_dbg/debug_top.v:300)
[EFX-0201 WARNING] Re-wiring to GND non-driven net/port 'probe6[0]' in module 'edb_la_top_1db2daa1f3c94ac88d392c3e9cb89f62_renamed_due_excessive_length_1'. (C:/Users/Jing-XuanTan(i)/Downloads/evsoc-efinity-v2026.1.132/evsoc-efinity-v2026.1.132/cam_single/Ti60F225_dsi/work_dbg/debug_top.v:107)
[EFX-0201 WARNING] Re-wiring to GND non-driven net/port 'probe7[0]' in module 'edb_la_top_1db2daa1f3c94ac88d392c3e9cb89f62_renamed_due_excessive_length_1'. (C:/Users/Jing-XuanTan(i)/Downloads/evsoc-efinity-v2026.1.132/evsoc-efinity-v2026.1.132/cam_single/Ti60F225_dsi/work_dbg/debug_top.v:107)
[EFX-0201 WARNING] Re-wiring to GND non-driven net/port 'probe8[0]' in module 'edb_la_top_1db2daa1f3c94ac88d392c3e9cb89f62_renamed_due_excessive_length_1'. (C:/Users/Jing-XuanTan(i)/Downloads/evsoc-efinity-v2026.1.132/evsoc-efinity-v2026.1.132/cam_single/Ti60F225_dsi/work_dbg/debug_top.v:107)
[EFX-0201 WARNING] Re-wiring to GND non-driven net/port 'probe9[0]' in module 'edb_la_top_1db2daa1f3c94ac88d392c3e9cb89f62_renamed_due_excessive_length_1'. (C:/Users/Jing-XuanTan(i)/Downloads/evsoc-efinity-v2026.1.132/evsoc-efinity-v2026.1.132/cam_single/Ti60F225_dsi/work_dbg/debug_top.v:107)
[EFX-0201 WARNING] Re-wiring to GND non-driven net/port 'probe10[0]' in module 'edb_la_top_1db2daa1f3c94ac88d392c3e9cb89f62_renamed_due_excessive_length_1'. (C:/Users/Jing-XuanTan(i)/Downloads/evsoc-efinity-v2026.1.132/evsoc-efinity-v2026.1.132/cam_single/Ti60F225_dsi/work_dbg/debug_top.v:107)
[EFX-0201 WARNING] Re-wiring to GND non-driven net/port 'probe11[0]' in module 'edb_la_top_1db2daa1f3c94ac88d392c3e9cb89f62_renamed_due_excessive_length_1'. (C:/Users/Jing-XuanTan(i)/Downloads/evsoc-efinity-v2026.1.132/evsoc-efinity-v2026.1.132/cam_single/Ti60F225_dsi/work_dbg/debug_top.v:107)
[EFX-0201 WARNING] Re-wiring to GND non-driven net/port 'probe12[0]' in module 'edb_la_top_1db2daa1f3c94ac88d392c3e9cb89f62_renamed_due_excessive_length_1'. (C:/Users/Jing-XuanTan(i)/Downloads/evsoc-efinity-v2026.1.132/evsoc-efinity-v2026.1.132/cam_single/Ti60F225_dsi/work_dbg/debug_top.v:107)
[EFX-0201 WARNING] Re-wiring to GND non-driven net/port 'probe13[0]' in module 'edb_la_top_1db2daa1f3c94ac88d392c3e9cb89f62_renamed_due_excessive_length_1'. (C:/Users/Jing-XuanTan(i)/Downloads/evsoc-efinity-v2026.1.132/evsoc-efinity-v2026.1.132/cam_single/Ti60F225_dsi/work_dbg/debug_top.v:107)
[EFX-0201 WARNING] Re-wiring to GND non-driven net/port 'probe14[0]' in module 'edb_la_top_1db2daa1f3c94ac88d392c3e9cb89f62_renamed_due_excessive_length_1'. (C:/Users/Jing-XuanTan(i)/Downloads/evsoc-efinity-v2026.1.132/evsoc-efinity-v2026.1.132/cam_single/Ti60F225_dsi/work_dbg/debug_top.v:107)
[EFX-0201 WARNING] Re-wiring to GND non-driven net/port 'probe15[0]' in module 'edb_la_top_1db2daa1f3c94ac88d392c3e9cb89f62_renamed_due_excessive_length_1'. (C:/Users/Jing-XuanTan(i)/Downloads/evsoc-efinity-v2026.1.132/evsoc-efinity-v2026.1.132/cam_single/Ti60F225_dsi/work_dbg/debug_top.v:107)
[EFX-0011 VERI-WARNING] Input/inout port bscan_DRCK is unconnected. Place and route may remove this unconnected port. (VDB-8003) (C:/Users/Jing-XuanTan(i)/Downloads/evsoc-efinity-v2026.1.132/evsoc-efinity-v2026.1.132/cam_single/Ti60F225_dsi/work_dbg/debug_top.v:17)
[EFX-0011 VERI-WARNING] Input/inout port bscan_RUNTEST is unconnected. Place and route may remove this unconnected port. (VDB-8003) (C:/Users/Jing-XuanTan(i)/Downloads/evsoc-efinity-v2026.1.132/evsoc-efinity-v2026.1.132/cam_single/Ti60F225_dsi/work_dbg/debug_top.v:19)
[EFX-0011 VERI-WARNING] Input/inout port bscan_TMS is unconnected. Place and route may remove this unconnected port. (VDB-8003) (C:/Users/Jing-XuanTan(i)/Downloads/evsoc-efinity-v2026.1.132/evsoc-efinity-v2026.1.132/cam_single/Ti60F225_dsi/work_dbg/debug_top.v:24)
[EFX-0011 VERI-WARNING] Found 3 warnings in the post-synthesis netlist. 

///////////////////////////////////
// Efinity Synthesis Started 
// Sep 25, 2026 15:01:39
///////////////////////////////////

[EFX-0200 WARNING] Removing redundant signal : Rx_HS_D_2[7:0]. (C:\Users\Jing-XuanTan(i)\Downloads\evsoc-efinity-v2026.1.132\evsoc-efinity-v2026.1.132\cam_single\Ti60F225_dsi\ip\csi2_rx_cam\csi2_rx_cam.sv:6307)
[EFX-0200 WARNING] Removing redundant signal : Rx_HS_D_3[7:0]. (C:\Users\Jing-XuanTan(i)\Downloads\evsoc-efinity-v2026.1.132\evsoc-efinity-v2026.1.132\cam_single\Ti60F225_dsi\ip\csi2_rx_cam\csi2_rx_cam.sv:6307)
[EFX-0200 WARNING] Removing redundant signal : Rx_HS_D_4[7:0]. (C:\Users\Jing-XuanTan(i)\Downloads\evsoc-efinity-v2026.1.132\evsoc-efinity-v2026.1.132\cam_single\Ti60F225_dsi\ip\csi2_rx_cam\csi2_rx_cam.sv:6307)
[EFX-0200 WARNING] Removing redundant signal : Rx_HS_D_5[7:0]. (C:\Users\Jing-XuanTan(i)\Downloads\evsoc-efinity-v2026.1.132\evsoc-efinity-v2026.1.132\cam_single\Ti60F225_dsi\ip\csi2_rx_cam\csi2_rx_cam.sv:6307)
[EFX-0200 WARNING] Removing redundant signal : Rx_HS_D_6[7:0]. (C:\Users\Jing-XuanTan(i)\Downloads\evsoc-efinity-v2026.1.132\evsoc-efinity-v2026.1.132\cam_single\Ti60F225_dsi\ip\csi2_rx_cam\csi2_rx_cam.sv:6307)
[EFX-0200 WARNING] Removing redundant signal : Rx_HS_D_7[7:0]. (C:\Users\Jing-XuanTan(i)\Downloads\evsoc-efinity-v2026.1.132\evsoc-efinity-v2026.1.132\cam_single\Ti60F225_dsi\ip\csi2_rx_cam\csi2_rx_cam.sv:6307)
[EFX-0200 WARNING] Removing redundant signal : u_dly_enable_D[1:0]. (C:\Users\Jing-XuanTan(i)\Downloads\evsoc-efinity-v2026.1.132\evsoc-efinity-v2026.1.132\cam_single\Ti60F225_dsi\ip\csi2_rx_cam\csi2_rx_cam.sv:6307)
[EFX-0200 WARNING] Removing redundant signal : u_dly_inc_D[1:0]. (C:\Users\Jing-XuanTan(i)\Downloads\evsoc-efinity-v2026.1.132\evsoc-efinity-v2026.1.132\cam_single\Ti60F225_dsi\ip\csi2_rx_cam\csi2_rx_cam.sv:6307)
[EFX-0200 WARNING] Removing redundant signal : axi_awaddr[1:0]. (C:\Users\Jing-XuanTan(i)\Downloads\evsoc-efinity-v2026.1.132\evsoc-efinity-v2026.1.132\cam_single\Ti60F225_dsi\ip\csi2_rx_cam\csi2_rx_cam.sv:5564)
[EFX-0200 WARNING] Removing redundant signal : axi_araddr[1:0]. (C:\Users\Jing-XuanTan(i)\Downloads\evsoc-efinity-v2026.1.132\evsoc-efinity-v2026.1.132\cam_single\Ti60F225_dsi\ip\csi2_rx_cam\csi2_rx_cam.sv:5564)
[EFX-0200 WARNING] Removing redundant signal : loc_rdata[31:0]. (C:\Users\Jing-XuanTan(i)\Downloads\evsoc-efinity-v2026.1.132\evsoc-efinity-v2026.1.132\cam_single\Ti60F225_dsi\ip\csi2_rx_cam\csi2_rx_cam.sv:5564)
[EFX-0200 WARNING] Removing redundant signal : nextCRC16_D16[15:0]. (C:\Users\Jing-XuanTan(i)\Downloads\evsoc-efinity-v2026.1.132\evsoc-efinity-v2026.1.132\cam_single\Ti60F225_dsi\ip\csi2_rx_cam\csi2_rx_cam.sv:1466)
[EFX-0200 WARNING] Removing redundant signal : nextCRC16_D16.Data[15:0]. (C:\Users\Jing-XuanTan(i)\Downloads\evsoc-efinity-v2026.1.132\evsoc-efinity-v2026.1.132\cam_single\Ti60F225_dsi\ip\csi2_rx_cam\csi2_rx_cam.sv:1466)
[EFX-0200 WARNING] Removing redundant signal : nextCRC16_D16.fcrc[15:0]. (C:\Users\Jing-XuanTan(i)\Downloads\evsoc-efinity-v2026.1.132\evsoc-efinity-v2026.1.132\cam_single\Ti60F225_dsi\ip\csi2_rx_cam\csi2_rx_cam.sv:1466)
[EFX-0200 WARNING] Removing redundant signal : nextCRC16_D16.d[15:0]. (C:\Users\Jing-XuanTan(i)\Downloads\evsoc-efinity-v2026.1.132\evsoc-efinity-v2026.1.132\cam_single\Ti60F225_dsi\ip\csi2_rx_cam\csi2_rx_cam.sv:1466)
[EFX-0200 WARNING] Removing redundant signal : nextCRC16_D16.c[15:0]. (C:\Users\Jing-XuanTan(i)\Downloads\evsoc-efinity-v2026.1.132\evsoc-efinity-v2026.1.132\cam_single\Ti60F225_dsi\ip\csi2_rx_cam\csi2_rx_cam.sv:1466)
[EFX-0200 WARNING] Removing redundant signal : nextCRC16_D16.newcrc[15:0]. (C:\Users\Jing-XuanTan(i)\Downloads\evsoc-efinity-v2026.1.132\evsoc-efinity-v2026.1.132\cam_single\Ti60F225_dsi\ip\csi2_rx_cam\csi2_rx_cam.sv:1466)
[EFX-0200 WARNING] Removing redundant signal : nextCRC16_D8[15:0]. (C:\Users\Jing-XuanTan(i)\Downloads\evsoc-efinity-v2026.1.132\evsoc-efinity-v2026.1.132\cam_single\Ti60F225_dsi\ip\csi2_rx_cam\csi2_rx_cam.sv:1466)
[EFX-0200 WARNING] Removing redundant signal : nextCRC16_D8.Data[7:0]. (C:\Users\Jing-XuanTan(i)\Downloads\evsoc-efinity-v2026.1.132\evsoc-efinity-v2026.1.132\cam_single\Ti60F225_dsi\ip\csi2_rx_cam\csi2_rx_cam.sv:1466)
[EFX-0200 WARNING] Removing redundant signal : nextCRC16_D8.fcrc[15:0]. (C:\Users\Jing-XuanTan(i)\Downloads\evsoc-efinity-v2026.1.132\evsoc-efinity-v2026.1.132\cam_single\Ti60F225_dsi\ip\csi2_rx_cam\csi2_rx_cam.sv:1466)
[EFX-0201 WARNING] Re-wiring to GND non-driven net/port 'a_wr_rst_i' in module 'efx_fifo_top_077823fa68f649b1a7074c944568f3e4(FAMILY="TITANIUM",SYNC_CLK=1,DATA_WIDTH=40,PIPELINE_REG=0,OUTPUT_REG=1,PROGRAMMABLE_FULL="NONE",PROG_FULL_ASSERT=510,PROG_FULL_NEGATE=510,PROGRAMMABLE_EMPTY="NONE",PROG_EMPTY_ASSERT=2,PROG_EMPTY_NEGATE=3)'. (C:\Users\Jing-XuanTan(i)\Downloads\evsoc-efinity-v2026.1.132\evsoc-efinity-v2026.1.132\cam_single\Ti60F225_dsi\ip\cam_pixel_remap_fifo\cam_pixel_remap_fifo.sv:92)
[EFX-0201 WARNING] Re-wiring to GND non-driven net/port 'a_rd_rst_i' in module 'efx_fifo_top_077823fa68f649b1a7074c944568f3e4(FAMILY="TITANIUM",SYNC_CLK=1,DATA_WIDTH=40,PIPELINE_REG=0,OUTPUT_REG=1,PROGRAMMABLE_FULL="NONE",PROG_FULL_ASSERT=510,PROG_FULL_NEGATE=510,PROGRAMMABLE_EMPTY="NONE",PROG_EMPTY_ASSERT=2,PROG_EMPTY_NEGATE=3)'. (C:\Users\Jing-XuanTan(i)\Downloads\evsoc-efinity-v2026.1.132\evsoc-efinity-v2026.1.132\cam_single\Ti60F225_dsi\ip\cam_pixel_remap_fifo\cam_pixel_remap_fifo.sv:92)
[EFX-0201 WARNING] Re-wiring to GND non-driven net/port 'wr_clk_i' in module 'efx_fifo_top_077823fa68f649b1a7074c944568f3e4(FAMILY="TITANIUM",SYNC_CLK=1,DATA_WIDTH=40,PIPELINE_REG=0,OUTPUT_REG=1,PROGRAMMABLE_FULL="NONE",PROG_FULL_ASSERT=510,PROG_FULL_NEGATE=510,PROGRAMMABLE_EMPTY="NONE",PROG_EMPTY_ASSERT=2,PROG_EMPTY_NEGATE=3)'. (C:\Users\Jing-XuanTan(i)\Downloads\evsoc-efinity-v2026.1.132\evsoc-efinity-v2026.1.132\cam_single\Ti60F225_dsi\ip\cam_pixel_remap_fifo\cam_pixel_remap_fifo.sv:92)
[EFX-0201 WARNING] Re-wiring to GND non-driven net/port 'rd_clk_i' in module 'efx_fifo_top_077823fa68f649b1a7074c944568f3e4(FAMILY="TITANIUM",SYNC_CLK=1,DATA_WIDTH=40,PIPELINE_REG=0,OUTPUT_REG=1,PROGRAMMABLE_FULL="NONE",PROG_FULL_ASSERT=510,PROG_FULL_NEGATE=510,PROGRAMMABLE_EMPTY="NONE",PROG_EMPTY_ASSERT=2,PROG_EMPTY_NEGATE=3)'. (C:\Users\Jing-XuanTan(i)\Downloads\evsoc-efinity-v2026.1.132\evsoc-efinity-v2026.1.132\cam_single\Ti60F225_dsi\ip\cam_pixel_remap_fifo\cam_pixel_remap_fifo.sv:92)
[EFX-0201 WARNING] Re-wiring to GND non-driven net/port 'r_registers[12][31]' in module 'axi_lite_register(S_AXI_WSTRB_WIDTH=4)'. (C:\Users\Jing-XuanTan(i)\Downloads\evsoc-efinity-v2026.1.132\evsoc-efinity-v2026.1.132\cam_single\Ti60F225_dsi\source/isp/axi_lite_register.sv:99)
[EFX-0201 WARNING] Re-wiring to GND non-driven net/port 'r_registers[12][30]' in module 'axi_lite_register(S_AXI_WSTRB_WIDTH=4)'. (C:\Users\Jing-XuanTan(i)\Downloads\evsoc-efinity-v2026.1.132\evsoc-efinity-v2026.1.132\cam_single\Ti60F225_dsi\source/isp/axi_lite_register.sv:99)
[EFX-0201 WARNING] Re-wiring to GND non-driven net/port 'r_registers[12][29]' in module 'axi_lite_register(S_AXI_WSTRB_WIDTH=4)'. (C:\Users\Jing-XuanTan(i)\Downloads\evsoc-efinity-v2026.1.132\evsoc-efinity-v2026.1.132\cam_single\Ti60F225_dsi\source/isp/axi_lite_register.sv:99)
[EFX-0201 WARNING] Re-wiring to GND non-driven net/port 'r_registers[12][28]' in module 'axi_lite_register(S_AXI_WSTRB_WIDTH=4)'. (C:\Users\Jing-XuanTan(i)\Downloads\evsoc-efinity-v2026.1.132\evsoc-efinity-v2026.1.132\cam_single\Ti60F225_dsi\source/isp/axi_lite_register.sv:99)
[EFX-0201 WARNING] Re-wiring to GND non-driven net/port 'r_registers[12][27]' in module 'axi_lite_register(S_AXI_WSTRB_WIDTH=4)'. (C:\Users\Jing-XuanTan(i)\Downloads\evsoc-efinity-v2026.1.132\evsoc-efinity-v2026.1.132\cam_single\Ti60F225_dsi\source/isp/axi_lite_register.sv:99)
[EFX-0201 WARNING] Re-wiring to GND non-driven net/port 'r_registers[12][26]' in module 'axi_lite_register(S_AXI_WSTRB_WIDTH=4)'. (C:\Users\Jing-XuanTan(i)\Downloads\evsoc-efinity-v2026.1.132\evsoc-efinity-v2026.1.132\cam_single\Ti60F225_dsi\source/isp/axi_lite_register.sv:99)
[EFX-0657 WARNING] Mapping into logic memory block 'pipe_0_center' (28 bits) (C:\Users\Jing-XuanTan(i)\Downloads\evsoc-efinity-v2026.1.132\evsoc-efinity-v2026.1.132\cam_single\Ti60F225_dsi\source/isp/demosaic.sv:68) because size is too small (<=64)
[EFX-0657 WARNING] Mapping into logic memory block 'pipe_0_outer_horizontal' (28 bits) (C:\Users\Jing-XuanTan(i)\Downloads\evsoc-efinity-v2026.1.132\evsoc-efinity-v2026.1.132\cam_single\Ti60F225_dsi\source/isp/demosaic.sv:69) because size is too small (<=64)
[EFX-0657 WARNING] Mapping into logic memory block 'pipe_0_outer_vertical' (28 bits) (C:\Users\Jing-XuanTan(i)\Downloads\evsoc-efinity-v2026.1.132\evsoc-efinity-v2026.1.132\cam_single\Ti60F225_dsi\source/isp/demosaic.sv:70) because size is too small (<=64)
[EFX-0657 WARNING] Mapping into logic memory block 'pipe_0_inner_horizontal' (28 bits) (C:\Users\Jing-XuanTan(i)\Downloads\evsoc-efinity-v2026.1.132\evsoc-efinity-v2026.1.132\cam_single\Ti60F225_dsi\source/isp/demosaic.sv:71) because size is too small (<=64)
[EFX-0657 WARNING] Mapping into logic memory block 'pipe_0_inner_vertical' (28 bits) (C:\Users\Jing-XuanTan(i)\Downloads\evsoc-efinity-v2026.1.132\evsoc-efinity-v2026.1.132\cam_single\Ti60F225_dsi\source/isp/demosaic.sv:72) because size is too small (<=64)
[EFX-0657 WARNING] Mapping into logic memory block 'pipe_0_inner_top' (28 bits) (C:\Users\Jing-XuanTan(i)\Downloads\evsoc-efinity-v2026.1.132\evsoc-efinity-v2026.1.132\cam_single\Ti60F225_dsi\source/isp/demosaic.sv:73) because size is too small (<=64)
[EFX-0657 WARNING] Mapping into logic memory block 'pipe_0_inner_bottom' (28 bits) (C:\Users\Jing-XuanTan(i)\Downloads\evsoc-efinity-v2026.1.132\evsoc-efinity-v2026.1.132\cam_single\Ti60F225_dsi\source/isp/demosaic.sv:74) because size is too small (<=64)
[EFX-0657 WARNING] Mapping into logic memory block 'pipe_1_center' (36 bits) (C:\Users\Jing-XuanTan(i)\Downloads\evsoc-efinity-v2026.1.132\evsoc-efinity-v2026.1.132\cam_single\Ti60F225_dsi\source/isp/demosaic.sv:80) because size is too small (<=64)
[EFX-0657 WARNING] Mapping into logic memory block 'pipe_1_center_x5' (36 bits) (C:\Users\Jing-XuanTan(i)\Downloads\evsoc-efinity-v2026.1.132\evsoc-efinity-v2026.1.132\cam_single\Ti60F225_dsi\source/isp/demosaic.sv:81) because size is too small (<=64)
[EFX-0657 WARNING] Mapping into logic memory block 'pipe_1_center_x6' (36 bits) (C:\Users\Jing-XuanTan(i)\Downloads\evsoc-efinity-v2026.1.132\evsoc-efinity-v2026.1.132\cam_single\Ti60F225_dsi\source/isp/demosaic.sv:82) because size is too small (<=64)
[EFX-0657 WARNING] Mapping into logic memory block 'pipe_1_outer_horizontal' (36 bits) (C:\Users\Jing-XuanTan(i)\Downloads\evsoc-efinity-v2026.1.132\evsoc-efinity-v2026.1.132\cam_single\Ti60F225_dsi\source/isp/demosaic.sv:83) because size is too small (<=64)
[EFX-0657 WARNING] Mapping into logic memory block 'pipe_1_outer_vertical' (36 bits) (C:\Users\Jing-XuanTan(i)\Downloads\evsoc-efinity-v2026.1.132\evsoc-efinity-v2026.1.132\cam_single\Ti60F225_dsi\source/isp/demosaic.sv:84) because size is too small (<=64)
[EFX-0657 WARNING] Mapping into logic memory block 'pipe_1_outer_cross' (36 bits) (C:\Users\Jing-XuanTan(i)\Downloads\evsoc-efinity-v2026.1.132\evsoc-efinity-v2026.1.132\cam_single\Ti60F225_dsi\source/isp/demosaic.sv:85) because size is too small (<=64)
[EFX-0657 WARNING] Mapping into logic memory block 'pipe_1_inner_h_outer_v_x2' (36 bits) (C:\Users\Jing-XuanTan(i)\Downloads\evsoc-efinity-v2026.1.132\evsoc-efinity-v2026.1.132\cam_single\Ti60F225_dsi\source/isp/demosaic.sv:86) because size is too small (<=64)
[EFX-0657 WARNING] Mapping into logic memory block 'pipe_1_inner_v_outer_h_x2' (36 bits) (C:\Users\Jing-XuanTan(i)\Downloads\evsoc-efinity-v2026.1.132\evsoc-efinity-v2026.1.132\cam_single\Ti60F225_dsi\source/isp/demosaic.sv:87) because size is too small (<=64)
[EFX-0657 WARNING] Mapping into logic memory block 'pipe_1_inner_corner' (36 bits) (C:\Users\Jing-XuanTan(i)\Downloads\evsoc-efinity-v2026.1.132\evsoc-efinity-v2026.1.132\cam_single\Ti60F225_dsi\source/isp/demosaic.sv:88) because size is too small (<=64)
[EFX-0657 WARNING] Mapping into logic memory block 'pipe_1_inner_cross' (36 bits) (C:\Users\Jing-XuanTan(i)\Downloads\evsoc-efinity-v2026.1.132\evsoc-efinity-v2026.1.132\cam_single\Ti60F225_dsi\source/isp/demosaic.sv:89) because size is too small (<=64)
[EFX-0657 WARNING] Mapping into logic memory block 'pipe_2_center' (44 bits) (C:\Users\Jing-XuanTan(i)\Downloads\evsoc-efinity-v2026.1.132\evsoc-efinity-v2026.1.132\cam_single\Ti60F225_dsi\source/isp/demosaic.sv:95) because size is too small (<=64)
[EFX-0657 WARNING] Mapping into logic memory block 'pipe_2_center_cross_x2' (44 bits) (C:\Users\Jing-XuanTan(i)\Downloads\evsoc-efinity-v2026.1.132\evsoc-efinity-v2026.1.132\cam_single\Ti60F225_dsi\source/isp/demosaic.sv:96) because size is too small (<=64)
[EFX-0657 WARNING] Mapping into logic memory block 'pipe_2_outer_cross_x2' (44 bits) (C:\Users\Jing-XuanTan(i)\Downloads\evsoc-efinity-v2026.1.132\evsoc-efinity-v2026.1.132\cam_single\Ti60F225_dsi\source/isp/demosaic.sv:97) because size is too small (<=64)
[EFX-0657 WARNING] Mapping into logic memory block 'pipe_2_outer_cross_x3' (44 bits) (C:\Users\Jing-XuanTan(i)\Downloads\evsoc-efinity-v2026.1.132\evsoc-efinity-v2026.1.132\cam_single\Ti60F225_dsi\source/isp/demosaic.sv:98) because size is too small (<=64)
[EFX-0657 WARNING] Mapping into logic memory block 'pipe_2_inner_c_outer_h_x2' (44 bits) (C:\Users\Jing-XuanTan(i)\Downloads\evsoc-efinity-v2026.1.132\evsoc-efinity-v2026.1.132\cam_single\Ti60F225_dsi\source/isp/demosaic.sv:99) because size is too small (<=64)
[EFX-0657 WARNING] Mapping into logic memory block 'pipe_2_inner_c_outer_v_x2' (44 bits) (C:\Users\Jing-XuanTan(i)\Downloads\evsoc-efinity-v2026.1.132\evsoc-efinity-v2026.1.132\cam_single\Ti60F225_dsi\source/isp/demosaic.sv:100) because size is too small (<=64)
[EFX-0657 WARNING] Mapping into logic memory block 'pipe_2_rb_at_g1_x2' (44 bits) (C:\Users\Jing-XuanTan(i)\Downloads\evsoc-efinity-v2026.1.132\evsoc-efinity-v2026.1.132\cam_single\Ti60F225_dsi\source/isp/demosaic.sv:101) because size is too small (<=64)
[EFX-0657 WARNING] Mapping into logic memory block 'pipe_2_rb_at_g2_x2' (44 bits) (C:\Users\Jing-XuanTan(i)\Downloads\evsoc-efinity-v2026.1.132\evsoc-efinity-v2026.1.132\cam_single\Ti60F225_dsi\source/isp/demosaic.sv:102) because size is too small (<=64)
[EFX-0657 WARNING] Mapping into logic memory block 'pipe_2_rb_at_rb_x2' (44 bits) (C:\Users\Jing-XuanTan(i)\Downloads\evsoc-efinity-v2026.1.132\evsoc-efinity-v2026.1.132\cam_single\Ti60F225_dsi\source/isp/demosaic.sv:103) because size is too small (<=64)
[EFX-0657 WARNING] Mapping into logic memory block 'logic_progbufX_mem' (64 bits) (C:\Users\Jing-XuanTan(i)\Downloads\evsoc-efinity-v2026.1.132\evsoc-efinity-v2026.1.132\cam_single\Ti60F225_dsi\ip\SapphireSoc\SapphireSoc.v:12001) because size is too small (<=64)
[EFX-0657 WARNING] Mapping into logic memory block 'logic_ram' (64 bits) (C:\Users\Jing-XuanTan(i)\Downloads\evsoc-efinity-v2026.1.132\evsoc-efinity-v2026.1.132\cam_single\Ti60F225_dsi\ip\SapphireSoc\SapphireSoc.v:20390) because size is too small (<=64)
[EFX-0656 WARNING] Optimizing into logic zero initialized read-only memory block 'u_dma/u_EfxDMA/inputsAdapter_1_crossclock_fifo/ram__D$c1'. (C:\Users\Jing-XuanTan(i)\Downloads\evsoc-efinity-v2026.1.132\evsoc-efinity-v2026.1.132\cam_single\Ti60F225_dsi\ip\dma\dma.v:2839)
[EFX-0656 WARNING] Optimizing into logic zero initialized read-only memory block 'u_dma/u_EfxDMA/inputsAdapter_1_crossclock_fifo/ram__D$b12'. (C:\Users\Jing-XuanTan(i)\Downloads\evsoc-efinity-v2026.1.132\evsoc-efinity-v2026.1.132\cam_single\Ti60F225_dsi\ip\dma\dma.v:2839)
[EFX-0656 WARNING] Optimizing into logic zero initialized read-only memory block 'u_cam/u_cam_dma_fifo/u_efx_fifo_top/xefx_fifo_ram/ram__D$c12'. (C:\Users\Jing-XuanTan(i)\Downloads\evsoc-efinity-v2026.1.132\evsoc-efinity-v2026.1.132\cam_single\Ti60F225_dsi\ip\cam_dma_fifo\cam_dma_fifo.sv:667)
[EFX-0656 WARNING] Optimizing into logic zero initialized read-only memory block 'u_cam/u_cam_dma_fifo/u_efx_fifo_top/xefx_fifo_ram/ram__D$d1'. (C:\Users\Jing-XuanTan(i)\Downloads\evsoc-efinity-v2026.1.132\evsoc-efinity-v2026.1.132\cam_single\Ti60F225_dsi\ip\cam_dma_fifo\cam_dma_fifo.sv:667)
[EFX-0656 WARNING] Optimizing into logic zero initialized read-only memory block 'u_dma/u_EfxDMA/inputsAdapter_1_crossclock_fifo/ram__D$12'. (C:\Users\Jing-XuanTan(i)\Downloads\evsoc-efinity-v2026.1.132\evsoc-efinity-v2026.1.132\cam_single\Ti60F225_dsi\ip\dma\dma.v:2839)
[EFX-0656 WARNING] Optimizing into logic zero initialized read-only memory block 'u_cam/u_cam_dma_fifo/u_efx_fifo_top/xefx_fifo_ram/ram__D$b12'. (C:\Users\Jing-XuanTan(i)\Downloads\evsoc-efinity-v2026.1.132\evsoc-efinity-v2026.1.132\cam_single\Ti60F225_dsi\ip\cam_dma_fifo\cam_dma_fifo.sv:667)
[EFX-0656 WARNING] Optimizing into logic zero initialized read-only memory block 'u_dma/u_EfxDMA/inputsAdapter_1_crossclock_fifo/ram__D$2'. (C:\Users\Jing-XuanTan(i)\Downloads\evsoc-efinity-v2026.1.132\evsoc-efinity-v2026.1.132\cam_single\Ti60F225_dsi\ip\dma\dma.v:2839)
[EFX-0656 WARNING] Optimizing into logic zero initialized read-only memory block 'u_cam/u_cam_dma_fifo/u_efx_fifo_top/xefx_fifo_ram/ram__D$2'. (C:\Users\Jing-XuanTan(i)\Downloads\evsoc-efinity-v2026.1.132\evsoc-efinity-v2026.1.132\cam_single\Ti60F225_dsi\ip\cam_dma_fifo\cam_dma_fifo.sv:667)
[EFX-0656 WARNING] Optimizing into logic zero initialized read-only memory block 'u_cam/u_cam_dma_fifo/u_efx_fifo_top/xefx_fifo_ram/ram__D$12'. (C:\Users\Jing-XuanTan(i)\Downloads\evsoc-efinity-v2026.1.132\evsoc-efinity-v2026.1.132\cam_single\Ti60F225_dsi\ip\cam_dma_fifo\cam_dma_fifo.sv:667)

///////////////////////////////////
// Efinity Synthesis Started 
// Sep 29, 2026 13:59:31
///////////////////////////////////

[EFX-0011 VERI-WARNING] port 'probe6' remains unconnected for this instance (VERI-1927) (C:/Users/Jing-XuanTan(i)/Downloads/evsoc-efinity-v2026.1.132/evsoc-efinity-v2026.1.132/cam_single/Ti60F225_dsi/work_dbg/debug_top.v:134)
[EFX-0011 VERI-WARNING] input port 'probe6[0]' remains unconnected for this instance (VDB-1053) (C:/Users/Jing-XuanTan(i)/Downloads/evsoc-efinity-v2026.1.132/evsoc-efinity-v2026.1.132/cam_single/Ti60F225_dsi/work_dbg/debug_top.v:107)
[EFX-0200 WARNING] Removing redundant signal : trigger_in. (C:/Users/Jing-XuanTan(i)/Downloads/evsoc-efinity-v2026.1.132/evsoc-efinity-v2026.1.132/cam_single/Ti60F225_dsi/work_dbg/debug_top.v:5747)
[EFX-0200 WARNING] Removing redundant signal : clk. (C:/Users/Jing-XuanTan(i)/Downloads/evsoc-efinity-v2026.1.132/evsoc-efinity-v2026.1.132/cam_single/Ti60F225_dsi/work_dbg/debug_top.v:4570)
[EFX-0200 WARNING] Removing redundant signal : full. (C:/Users/Jing-XuanTan(i)/Downloads/evsoc-efinity-v2026.1.132/evsoc-efinity-v2026.1.132/cam_single/Ti60F225_dsi/work_dbg/debug_top.v:4624)
[EFX-0200 WARNING] Removing redundant signal : shift_i. (C:/Users/Jing-XuanTan(i)/Downloads/evsoc-efinity-v2026.1.132/evsoc-efinity-v2026.1.132/cam_single/Ti60F225_dsi/work_dbg/debug_top.v:4894)
[EFX-0200 WARNING] Removing redundant signal : trig_out. (C:/Users/Jing-XuanTan(i)/Downloads/evsoc-efinity-v2026.1.132/evsoc-efinity-v2026.1.132/cam_single/Ti60F225_dsi/work_dbg/debug_top.v:4911)
[EFX-0200 WARNING] Removing redundant signal : trig_out_ack. (C:/Users/Jing-XuanTan(i)/Downloads/evsoc-efinity-v2026.1.132/evsoc-efinity-v2026.1.132/cam_single/Ti60F225_dsi/work_dbg/debug_top.v:4912)
[EFX-0200 WARNING] Removing redundant signal : bscan_DRCK. (C:/Users/Jing-XuanTan(i)/Downloads/evsoc-efinity-v2026.1.132/evsoc-efinity-v2026.1.132/cam_single/Ti60F225_dsi/work_dbg/debug_top.v:1053)
[EFX-0200 WARNING] Removing redundant signal : bscan_RESET. (C:/Users/Jing-XuanTan(i)/Downloads/evsoc-efinity-v2026.1.132/evsoc-efinity-v2026.1.132/cam_single/Ti60F225_dsi/work_dbg/debug_top.v:1054)
[EFX-0200 WARNING] Removing redundant signal : bscan_RUNTEST. (C:/Users/Jing-XuanTan(i)/Downloads/evsoc-efinity-v2026.1.132/evsoc-efinity-v2026.1.132/cam_single/Ti60F225_dsi/work_dbg/debug_top.v:1055)
[EFX-0200 WARNING] Removing redundant signal : bscan_SEL. (C:/Users/Jing-XuanTan(i)/Downloads/evsoc-efinity-v2026.1.132/evsoc-efinity-v2026.1.132/cam_single/Ti60F225_dsi/work_dbg/debug_top.v:1056)
[EFX-0200 WARNING] Removing redundant signal : bscan_TMS. (C:/Users/Jing-XuanTan(i)/Downloads/evsoc-efinity-v2026.1.132/evsoc-efinity-v2026.1.132/cam_single/Ti60F225_dsi/work_dbg/debug_top.v:1060)
[EFX-0200 WARNING] Removing redundant signal : trig_in_ack. (C:/Users/Jing-XuanTan(i)/Downloads/evsoc-efinity-v2026.1.132/evsoc-efinity-v2026.1.132/cam_single/Ti60F225_dsi/work_dbg/debug_top.v:1072)
[EFX-0200 WARNING] Removing redundant signal : mux_capture_cmp[5:0]. (C:/Users/Jing-XuanTan(i)/Downloads/evsoc-efinity-v2026.1.132/evsoc-efinity-v2026.1.132/cam_single/Ti60F225_dsi/work_dbg/debug_top.v:3491)
[EFX-0200 WARNING] Removing redundant signal : bscan_CAPTURE. (C:/Users/Jing-XuanTan(i)/Downloads/evsoc-efinity-v2026.1.132/evsoc-efinity-v2026.1.132/cam_single/Ti60F225_dsi/work_dbg/debug_top.v:292)
[EFX-0200 WARNING] Removing redundant signal : bscan_DRCK. (C:/Users/Jing-XuanTan(i)/Downloads/evsoc-efinity-v2026.1.132/evsoc-efinity-v2026.1.132/cam_single/Ti60F225_dsi/work_dbg/debug_top.v:293)
[EFX-0200 WARNING] Removing redundant signal : bscan_RUNTEST. (C:/Users/Jing-XuanTan(i)/Downloads/evsoc-efinity-v2026.1.132/evsoc-efinity-v2026.1.132/cam_single/Ti60F225_dsi/work_dbg/debug_top.v:295)
[EFX-0200 WARNING] Removing redundant signal : bscan_TMS. (C:/Users/Jing-XuanTan(i)/Downloads/evsoc-efinity-v2026.1.132/evsoc-efinity-v2026.1.132/cam_single/Ti60F225_dsi/work_dbg/debug_top.v:300)
[EFX-0201 WARNING] Re-wiring to GND non-driven net/port 'probe6[0]' in module 'edb_la_top_dbaedc6244b34973b82730ddc2db7460_renamed_due_excessive_length_1'. (C:/Users/Jing-XuanTan(i)/Downloads/evsoc-efinity-v2026.1.132/evsoc-efinity-v2026.1.132/cam_single/Ti60F225_dsi/work_dbg/debug_top.v:107)
[EFX-0201 WARNING] Re-wiring to GND non-driven net/port 'probe7[0]' in module 'edb_la_top_dbaedc6244b34973b82730ddc2db7460_renamed_due_excessive_length_1'. (C:/Users/Jing-XuanTan(i)/Downloads/evsoc-efinity-v2026.1.132/evsoc-efinity-v2026.1.132/cam_single/Ti60F225_dsi/work_dbg/debug_top.v:107)
[EFX-0201 WARNING] Re-wiring to GND non-driven net/port 'probe8[0]' in module 'edb_la_top_dbaedc6244b34973b82730ddc2db7460_renamed_due_excessive_length_1'. (C:/Users/Jing-XuanTan(i)/Downloads/evsoc-efinity-v2026.1.132/evsoc-efinity-v2026.1.132/cam_single/Ti60F225_dsi/work_dbg/debug_top.v:107)
[EFX-0201 WARNING] Re-wiring to GND non-driven net/port 'probe9[0]' in module 'edb_la_top_dbaedc6244b34973b82730ddc2db7460_renamed_due_excessive_length_1'. (C:/Users/Jing-XuanTan(i)/Downloads/evsoc-efinity-v2026.1.132/evsoc-efinity-v2026.1.132/cam_single/Ti60F225_dsi/work_dbg/debug_top.v:107)
[EFX-0201 WARNING] Re-wiring to GND non-driven net/port 'probe10[0]' in module 'edb_la_top_dbaedc6244b34973b82730ddc2db7460_renamed_due_excessive_length_1'. (C:/Users/Jing-XuanTan(i)/Downloads/evsoc-efinity-v2026.1.132/evsoc-efinity-v2026.1.132/cam_single/Ti60F225_dsi/work_dbg/debug_top.v:107)
[EFX-0201 WARNING] Re-wiring to GND non-driven net/port 'probe11[0]' in module 'edb_la_top_dbaedc6244b34973b82730ddc2db7460_renamed_due_excessive_length_1'. (C:/Users/Jing-XuanTan(i)/Downloads/evsoc-efinity-v2026.1.132/evsoc-efinity-v2026.1.132/cam_single/Ti60F225_dsi/work_dbg/debug_top.v:107)
[EFX-0201 WARNING] Re-wiring to GND non-driven net/port 'probe12[0]' in module 'edb_la_top_dbaedc6244b34973b82730ddc2db7460_renamed_due_excessive_length_1'. (C:/Users/Jing-XuanTan(i)/Downloads/evsoc-efinity-v2026.1.132/evsoc-efinity-v2026.1.132/cam_single/Ti60F225_dsi/work_dbg/debug_top.v:107)
[EFX-0201 WARNING] Re-wiring to GND non-driven net/port 'probe13[0]' in module 'edb_la_top_dbaedc6244b34973b82730ddc2db7460_renamed_due_excessive_length_1'. (C:/Users/Jing-XuanTan(i)/Downloads/evsoc-efinity-v2026.1.132/evsoc-efinity-v2026.1.132/cam_single/Ti60F225_dsi/work_dbg/debug_top.v:107)
[EFX-0201 WARNING] Re-wiring to GND non-driven net/port 'probe14[0]' in module 'edb_la_top_dbaedc6244b34973b82730ddc2db7460_renamed_due_excessive_length_1'. (C:/Users/Jing-XuanTan(i)/Downloads/evsoc-efinity-v2026.1.132/evsoc-efinity-v2026.1.132/cam_single/Ti60F225_dsi/work_dbg/debug_top.v:107)
[EFX-0201 WARNING] Re-wiring to GND non-driven net/port 'probe15[0]' in module 'edb_la_top_dbaedc6244b34973b82730ddc2db7460_renamed_due_excessive_length_1'. (C:/Users/Jing-XuanTan(i)/Downloads/evsoc-efinity-v2026.1.132/evsoc-efinity-v2026.1.132/cam_single/Ti60F225_dsi/work_dbg/debug_top.v:107)
[EFX-0011 VERI-WARNING] Input/inout port bscan_DRCK is unconnected. Place and route may remove this unconnected port. (VDB-8003) (C:/Users/Jing-XuanTan(i)/Downloads/evsoc-efinity-v2026.1.132/evsoc-efinity-v2026.1.132/cam_single/Ti60F225_dsi/work_dbg/debug_top.v:17)
[EFX-0011 VERI-WARNING] Input/inout port bscan_RUNTEST is unconnected. Place and route may remove this unconnected port. (VDB-8003) (C:/Users/Jing-XuanTan(i)/Downloads/evsoc-efinity-v2026.1.132/evsoc-efinity-v2026.1.132/cam_single/Ti60F225_dsi/work_dbg/debug_top.v:19)
[EFX-0011 VERI-WARNING] Input/inout port bscan_TMS is unconnected. Place and route may remove this unconnected port. (VDB-8003) (C:/Users/Jing-XuanTan(i)/Downloads/evsoc-efinity-v2026.1.132/evsoc-efinity-v2026.1.132/cam_single/Ti60F225_dsi/work_dbg/debug_top.v:24)
[EFX-0011 VERI-WARNING] Found 3 warnings in the post-synthesis netlist. 

///////////////////////////////////
// Efinity Synthesis Started 
// Sep 29, 2026 13:59:47
///////////////////////////////////

[EFX-0200 WARNING] Removing redundant signal : Rx_HS_D_2[7:0]. (C:\Users\Jing-XuanTan(i)\Downloads\evsoc-efinity-v2026.1.132\evsoc-efinity-v2026.1.132\cam_single\Ti60F225_dsi\ip\csi2_rx_cam\csi2_rx_cam.sv:6307)
[EFX-0200 WARNING] Removing redundant signal : Rx_HS_D_3[7:0]. (C:\Users\Jing-XuanTan(i)\Downloads\evsoc-efinity-v2026.1.132\evsoc-efinity-v2026.1.132\cam_single\Ti60F225_dsi\ip\csi2_rx_cam\csi2_rx_cam.sv:6307)
[EFX-0200 WARNING] Removing redundant signal : Rx_HS_D_4[7:0]. (C:\Users\Jing-XuanTan(i)\Downloads\evsoc-efinity-v2026.1.132\evsoc-efinity-v2026.1.132\cam_single\Ti60F225_dsi\ip\csi2_rx_cam\csi2_rx_cam.sv:6307)
[EFX-0200 WARNING] Removing redundant signal : Rx_HS_D_5[7:0]. (C:\Users\Jing-XuanTan(i)\Downloads\evsoc-efinity-v2026.1.132\evsoc-efinity-v2026.1.132\cam_single\Ti60F225_dsi\ip\csi2_rx_cam\csi2_rx_cam.sv:6307)
[EFX-0200 WARNING] Removing redundant signal : Rx_HS_D_6[7:0]. (C:\Users\Jing-XuanTan(i)\Downloads\evsoc-efinity-v2026.1.132\evsoc-efinity-v2026.1.132\cam_single\Ti60F225_dsi\ip\csi2_rx_cam\csi2_rx_cam.sv:6307)
[EFX-0200 WARNING] Removing redundant signal : Rx_HS_D_7[7:0]. (C:\Users\Jing-XuanTan(i)\Downloads\evsoc-efinity-v2026.1.132\evsoc-efinity-v2026.1.132\cam_single\Ti60F225_dsi\ip\csi2_rx_cam\csi2_rx_cam.sv:6307)
[EFX-0200 WARNING] Removing redundant signal : u_dly_enable_D[1:0]. (C:\Users\Jing-XuanTan(i)\Downloads\evsoc-efinity-v2026.1.132\evsoc-efinity-v2026.1.132\cam_single\Ti60F225_dsi\ip\csi2_rx_cam\csi2_rx_cam.sv:6307)
[EFX-0200 WARNING] Removing redundant signal : u_dly_inc_D[1:0]. (C:\Users\Jing-XuanTan(i)\Downloads\evsoc-efinity-v2026.1.132\evsoc-efinity-v2026.1.132\cam_single\Ti60F225_dsi\ip\csi2_rx_cam\csi2_rx_cam.sv:6307)
[EFX-0200 WARNING] Removing redundant signal : axi_awaddr[1:0]. (C:\Users\Jing-XuanTan(i)\Downloads\evsoc-efinity-v2026.1.132\evsoc-efinity-v2026.1.132\cam_single\Ti60F225_dsi\ip\csi2_rx_cam\csi2_rx_cam.sv:5564)
[EFX-0200 WARNING] Removing redundant signal : axi_araddr[1:0]. (C:\Users\Jing-XuanTan(i)\Downloads\evsoc-efinity-v2026.1.132\evsoc-efinity-v2026.1.132\cam_single\Ti60F225_dsi\ip\csi2_rx_cam\csi2_rx_cam.sv:5564)
[EFX-0200 WARNING] Removing redundant signal : loc_rdata[31:0]. (C:\Users\Jing-XuanTan(i)\Downloads\evsoc-efinity-v2026.1.132\evsoc-efinity-v2026.1.132\cam_single\Ti60F225_dsi\ip\csi2_rx_cam\csi2_rx_cam.sv:5564)
[EFX-0200 WARNING] Removing redundant signal : nextCRC16_D16[15:0]. (C:\Users\Jing-XuanTan(i)\Downloads\evsoc-efinity-v2026.1.132\evsoc-efinity-v2026.1.132\cam_single\Ti60F225_dsi\ip\csi2_rx_cam\csi2_rx_cam.sv:1466)
[EFX-0200 WARNING] Removing redundant signal : nextCRC16_D16.Data[15:0]. (C:\Users\Jing-XuanTan(i)\Downloads\evsoc-efinity-v2026.1.132\evsoc-efinity-v2026.1.132\cam_single\Ti60F225_dsi\ip\csi2_rx_cam\csi2_rx_cam.sv:1466)
[EFX-0200 WARNING] Removing redundant signal : nextCRC16_D16.fcrc[15:0]. (C:\Users\Jing-XuanTan(i)\Downloads\evsoc-efinity-v2026.1.132\evsoc-efinity-v2026.1.132\cam_single\Ti60F225_dsi\ip\csi2_rx_cam\csi2_rx_cam.sv:1466)
[EFX-0200 WARNING] Removing redundant signal : nextCRC16_D16.d[15:0]. (C:\Users\Jing-XuanTan(i)\Downloads\evsoc-efinity-v2026.1.132\evsoc-efinity-v2026.1.132\cam_single\Ti60F225_dsi\ip\csi2_rx_cam\csi2_rx_cam.sv:1466)
[EFX-0200 WARNING] Removing redundant signal : nextCRC16_D16.c[15:0]. (C:\Users\Jing-XuanTan(i)\Downloads\evsoc-efinity-v2026.1.132\evsoc-efinity-v2026.1.132\cam_single\Ti60F225_dsi\ip\csi2_rx_cam\csi2_rx_cam.sv:1466)
[EFX-0200 WARNING] Removing redundant signal : nextCRC16_D16.newcrc[15:0]. (C:\Users\Jing-XuanTan(i)\Downloads\evsoc-efinity-v2026.1.132\evsoc-efinity-v2026.1.132\cam_single\Ti60F225_dsi\ip\csi2_rx_cam\csi2_rx_cam.sv:1466)
[EFX-0200 WARNING] Removing redundant signal : nextCRC16_D8[15:0]. (C:\Users\Jing-XuanTan(i)\Downloads\evsoc-efinity-v2026.1.132\evsoc-efinity-v2026.1.132\cam_single\Ti60F225_dsi\ip\csi2_rx_cam\csi2_rx_cam.sv:1466)
[EFX-0200 WARNING] Removing redundant signal : nextCRC16_D8.Data[7:0]. (C:\Users\Jing-XuanTan(i)\Downloads\evsoc-efinity-v2026.1.132\evsoc-efinity-v2026.1.132\cam_single\Ti60F225_dsi\ip\csi2_rx_cam\csi2_rx_cam.sv:1466)
[EFX-0200 WARNING] Removing redundant signal : nextCRC16_D8.fcrc[15:0]. (C:\Users\Jing-XuanTan(i)\Downloads\evsoc-efinity-v2026.1.132\evsoc-efinity-v2026.1.132\cam_single\Ti60F225_dsi\ip\csi2_rx_cam\csi2_rx_cam.sv:1466)
[EFX-0201 WARNING] Re-wiring to GND non-driven net/port 'a_wr_rst_i' in module 'efx_fifo_top_077823fa68f649b1a7074c944568f3e4(FAMILY="TITANIUM",SYNC_CLK=1,DATA_WIDTH=40,PIPELINE_REG=0,OUTPUT_REG=1,PROGRAMMABLE_FULL="NONE",PROG_FULL_ASSERT=510,PROG_FULL_NEGATE=510,PROGRAMMABLE_EMPTY="NONE",PROG_EMPTY_ASSERT=2,PROG_EMPTY_NEGATE=3)'. (C:\Users\Jing-XuanTan(i)\Downloads\evsoc-efinity-v2026.1.132\evsoc-efinity-v2026.1.132\cam_single\Ti60F225_dsi\ip\cam_pixel_remap_fifo\cam_pixel_remap_fifo.sv:92)
[EFX-0201 WARNING] Re-wiring to GND non-driven net/port 'a_rd_rst_i' in module 'efx_fifo_top_077823fa68f649b1a7074c944568f3e4(FAMILY="TITANIUM",SYNC_CLK=1,DATA_WIDTH=40,PIPELINE_REG=0,OUTPUT_REG=1,PROGRAMMABLE_FULL="NONE",PROG_FULL_ASSERT=510,PROG_FULL_NEGATE=510,PROGRAMMABLE_EMPTY="NONE",PROG_EMPTY_ASSERT=2,PROG_EMPTY_NEGATE=3)'. (C:\Users\Jing-XuanTan(i)\Downloads\evsoc-efinity-v2026.1.132\evsoc-efinity-v2026.1.132\cam_single\Ti60F225_dsi\ip\cam_pixel_remap_fifo\cam_pixel_remap_fifo.sv:92)
[EFX-0201 WARNING] Re-wiring to GND non-driven net/port 'wr_clk_i' in module 'efx_fifo_top_077823fa68f649b1a7074c944568f3e4(FAMILY="TITANIUM",SYNC_CLK=1,DATA_WIDTH=40,PIPELINE_REG=0,OUTPUT_REG=1,PROGRAMMABLE_FULL="NONE",PROG_FULL_ASSERT=510,PROG_FULL_NEGATE=510,PROGRAMMABLE_EMPTY="NONE",PROG_EMPTY_ASSERT=2,PROG_EMPTY_NEGATE=3)'. (C:\Users\Jing-XuanTan(i)\Downloads\evsoc-efinity-v2026.1.132\evsoc-efinity-v2026.1.132\cam_single\Ti60F225_dsi\ip\cam_pixel_remap_fifo\cam_pixel_remap_fifo.sv:92)
[EFX-0201 WARNING] Re-wiring to GND non-driven net/port 'rd_clk_i' in module 'efx_fifo_top_077823fa68f649b1a7074c944568f3e4(FAMILY="TITANIUM",SYNC_CLK=1,DATA_WIDTH=40,PIPELINE_REG=0,OUTPUT_REG=1,PROGRAMMABLE_FULL="NONE",PROG_FULL_ASSERT=510,PROG_FULL_NEGATE=510,PROGRAMMABLE_EMPTY="NONE",PROG_EMPTY_ASSERT=2,PROG_EMPTY_NEGATE=3)'. (C:\Users\Jing-XuanTan(i)\Downloads\evsoc-efinity-v2026.1.132\evsoc-efinity-v2026.1.132\cam_single\Ti60F225_dsi\ip\cam_pixel_remap_fifo\cam_pixel_remap_fifo.sv:92)
[EFX-0201 WARNING] Re-wiring to GND non-driven net/port 'r_registers[12][31]' in module 'axi_lite_register(S_AXI_WSTRB_WIDTH=4)'. (C:\Users\Jing-XuanTan(i)\Downloads\evsoc-efinity-v2026.1.132\evsoc-efinity-v2026.1.132\cam_single\Ti60F225_dsi\source/isp/axi_lite_register.sv:99)
[EFX-0201 WARNING] Re-wiring to GND non-driven net/port 'r_registers[12][30]' in module 'axi_lite_register(S_AXI_WSTRB_WIDTH=4)'. (C:\Users\Jing-XuanTan(i)\Downloads\evsoc-efinity-v2026.1.132\evsoc-efinity-v2026.1.132\cam_single\Ti60F225_dsi\source/isp/axi_lite_register.sv:99)
[EFX-0201 WARNING] Re-wiring to GND non-driven net/port 'r_registers[12][29]' in module 'axi_lite_register(S_AXI_WSTRB_WIDTH=4)'. (C:\Users\Jing-XuanTan(i)\Downloads\evsoc-efinity-v2026.1.132\evsoc-efinity-v2026.1.132\cam_single\Ti60F225_dsi\source/isp/axi_lite_register.sv:99)
[EFX-0201 WARNING] Re-wiring to GND non-driven net/port 'r_registers[12][28]' in module 'axi_lite_register(S_AXI_WSTRB_WIDTH=4)'. (C:\Users\Jing-XuanTan(i)\Downloads\evsoc-efinity-v2026.1.132\evsoc-efinity-v2026.1.132\cam_single\Ti60F225_dsi\source/isp/axi_lite_register.sv:99)
[EFX-0201 WARNING] Re-wiring to GND non-driven net/port 'r_registers[12][27]' in module 'axi_lite_register(S_AXI_WSTRB_WIDTH=4)'. (C:\Users\Jing-XuanTan(i)\Downloads\evsoc-efinity-v2026.1.132\evsoc-efinity-v2026.1.132\cam_single\Ti60F225_dsi\source/isp/axi_lite_register.sv:99)
[EFX-0201 WARNING] Re-wiring to GND non-driven net/port 'r_registers[12][26]' in module 'axi_lite_register(S_AXI_WSTRB_WIDTH=4)'. (C:\Users\Jing-XuanTan(i)\Downloads\evsoc-efinity-v2026.1.132\evsoc-efinity-v2026.1.132\cam_single\Ti60F225_dsi\source/isp/axi_lite_register.sv:99)
[EFX-0657 WARNING] Mapping into logic memory block 'pipe_0_center' (28 bits) (C:\Users\Jing-XuanTan(i)\Downloads\evsoc-efinity-v2026.1.132\evsoc-efinity-v2026.1.132\cam_single\Ti60F225_dsi\source/isp/demosaic.sv:68) because size is too small (<=64)
[EFX-0657 WARNING] Mapping into logic memory block 'pipe_0_outer_horizontal' (28 bits) (C:\Users\Jing-XuanTan(i)\Downloads\evsoc-efinity-v2026.1.132\evsoc-efinity-v2026.1.132\cam_single\Ti60F225_dsi\source/isp/demosaic.sv:69) because size is too small (<=64)
[EFX-0657 WARNING] Mapping into logic memory block 'pipe_0_outer_vertical' (28 bits) (C:\Users\Jing-XuanTan(i)\Downloads\evsoc-efinity-v2026.1.132\evsoc-efinity-v2026.1.132\cam_single\Ti60F225_dsi\source/isp/demosaic.sv:70) because size is too small (<=64)
[EFX-0657 WARNING] Mapping into logic memory block 'pipe_0_inner_horizontal' (28 bits) (C:\Users\Jing-XuanTan(i)\Downloads\evsoc-efinity-v2026.1.132\evsoc-efinity-v2026.1.132\cam_single\Ti60F225_dsi\source/isp/demosaic.sv:71) because size is too small (<=64)
[EFX-0657 WARNING] Mapping into logic memory block 'pipe_0_inner_vertical' (28 bits) (C:\Users\Jing-XuanTan(i)\Downloads\evsoc-efinity-v2026.1.132\evsoc-efinity-v2026.1.132\cam_single\Ti60F225_dsi\source/isp/demosaic.sv:72) because size is too small (<=64)
[EFX-0657 WARNING] Mapping into logic memory block 'pipe_0_inner_top' (28 bits) (C:\Users\Jing-XuanTan(i)\Downloads\evsoc-efinity-v2026.1.132\evsoc-efinity-v2026.1.132\cam_single\Ti60F225_dsi\source/isp/demosaic.sv:73) because size is too small (<=64)
[EFX-0657 WARNING] Mapping into logic memory block 'pipe_0_inner_bottom' (28 bits) (C:\Users\Jing-XuanTan(i)\Downloads\evsoc-efinity-v2026.1.132\evsoc-efinity-v2026.1.132\cam_single\Ti60F225_dsi\source/isp/demosaic.sv:74) because size is too small (<=64)
[EFX-0657 WARNING] Mapping into logic memory block 'pipe_1_center' (36 bits) (C:\Users\Jing-XuanTan(i)\Downloads\evsoc-efinity-v2026.1.132\evsoc-efinity-v2026.1.132\cam_single\Ti60F225_dsi\source/isp/demosaic.sv:80) because size is too small (<=64)
[EFX-0657 WARNING] Mapping into logic memory block 'pipe_1_center_x5' (36 bits) (C:\Users\Jing-XuanTan(i)\Downloads\evsoc-efinity-v2026.1.132\evsoc-efinity-v2026.1.132\cam_single\Ti60F225_dsi\source/isp/demosaic.sv:81) because size is too small (<=64)
[EFX-0657 WARNING] Mapping into logic memory block 'pipe_1_center_x6' (36 bits) (C:\Users\Jing-XuanTan(i)\Downloads\evsoc-efinity-v2026.1.132\evsoc-efinity-v2026.1.132\cam_single\Ti60F225_dsi\source/isp/demosaic.sv:82) because size is too small (<=64)
[EFX-0657 WARNING] Mapping into logic memory block 'pipe_1_outer_horizontal' (36 bits) (C:\Users\Jing-XuanTan(i)\Downloads\evsoc-efinity-v2026.1.132\evsoc-efinity-v2026.1.132\cam_single\Ti60F225_dsi\source/isp/demosaic.sv:83) because size is too small (<=64)
[EFX-0657 WARNING] Mapping into logic memory block 'pipe_1_outer_vertical' (36 bits) (C:\Users\Jing-XuanTan(i)\Downloads\evsoc-efinity-v2026.1.132\evsoc-efinity-v2026.1.132\cam_single\Ti60F225_dsi\source/isp/demosaic.sv:84) because size is too small (<=64)
[EFX-0657 WARNING] Mapping into logic memory block 'pipe_1_outer_cross' (36 bits) (C:\Users\Jing-XuanTan(i)\Downloads\evsoc-efinity-v2026.1.132\evsoc-efinity-v2026.1.132\cam_single\Ti60F225_dsi\source/isp/demosaic.sv:85) because size is too small (<=64)
[EFX-0657 WARNING] Mapping into logic memory block 'pipe_1_inner_h_outer_v_x2' (36 bits) (C:\Users\Jing-XuanTan(i)\Downloads\evsoc-efinity-v2026.1.132\evsoc-efinity-v2026.1.132\cam_single\Ti60F225_dsi\source/isp/demosaic.sv:86) because size is too small (<=64)
[EFX-0657 WARNING] Mapping into logic memory block 'pipe_1_inner_v_outer_h_x2' (36 bits) (C:\Users\Jing-XuanTan(i)\Downloads\evsoc-efinity-v2026.1.132\evsoc-efinity-v2026.1.132\cam_single\Ti60F225_dsi\source/isp/demosaic.sv:87) because size is too small (<=64)
[EFX-0657 WARNING] Mapping into logic memory block 'pipe_1_inner_corner' (36 bits) (C:\Users\Jing-XuanTan(i)\Downloads\evsoc-efinity-v2026.1.132\evsoc-efinity-v2026.1.132\cam_single\Ti60F225_dsi\source/isp/demosaic.sv:88) because size is too small (<=64)
[EFX-0657 WARNING] Mapping into logic memory block 'pipe_1_inner_cross' (36 bits) (C:\Users\Jing-XuanTan(i)\Downloads\evsoc-efinity-v2026.1.132\evsoc-efinity-v2026.1.132\cam_single\Ti60F225_dsi\source/isp/demosaic.sv:89) because size is too small (<=64)
[EFX-0657 WARNING] Mapping into logic memory block 'pipe_2_center' (44 bits) (C:\Users\Jing-XuanTan(i)\Downloads\evsoc-efinity-v2026.1.132\evsoc-efinity-v2026.1.132\cam_single\Ti60F225_dsi\source/isp/demosaic.sv:95) because size is too small (<=64)
[EFX-0657 WARNING] Mapping into logic memory block 'pipe_2_center_cross_x2' (44 bits) (C:\Users\Jing-XuanTan(i)\Downloads\evsoc-efinity-v2026.1.132\evsoc-efinity-v2026.1.132\cam_single\Ti60F225_dsi\source/isp/demosaic.sv:96) because size is too small (<=64)
[EFX-0657 WARNING] Mapping into logic memory block 'pipe_2_outer_cross_x2' (44 bits) (C:\Users\Jing-XuanTan(i)\Downloads\evsoc-efinity-v2026.1.132\evsoc-efinity-v2026.1.132\cam_single\Ti60F225_dsi\source/isp/demosaic.sv:97) because size is too small (<=64)
[EFX-0657 WARNING] Mapping into logic memory block 'pipe_2_outer_cross_x3' (44 bits) (C:\Users\Jing-XuanTan(i)\Downloads\evsoc-efinity-v2026.1.132\evsoc-efinity-v2026.1.132\cam_single\Ti60F225_dsi\source/isp/demosaic.sv:98) because size is too small (<=64)
[EFX-0657 WARNING] Mapping into logic memory block 'pipe_2_inner_c_outer_h_x2' (44 bits) (C:\Users\Jing-XuanTan(i)\Downloads\evsoc-efinity-v2026.1.132\evsoc-efinity-v2026.1.132\cam_single\Ti60F225_dsi\source/isp/demosaic.sv:99) because size is too small (<=64)
[EFX-0657 WARNING] Mapping into logic memory block 'pipe_2_inner_c_outer_v_x2' (44 bits) (C:\Users\Jing-XuanTan(i)\Downloads\evsoc-efinity-v2026.1.132\evsoc-efinity-v2026.1.132\cam_single\Ti60F225_dsi\source/isp/demosaic.sv:100) because size is too small (<=64)
[EFX-0657 WARNING] Mapping into logic memory block 'pipe_2_rb_at_g1_x2' (44 bits) (C:\Users\Jing-XuanTan(i)\Downloads\evsoc-efinity-v2026.1.132\evsoc-efinity-v2026.1.132\cam_single\Ti60F225_dsi\source/isp/demosaic.sv:101) because size is too small (<=64)
[EFX-0657 WARNING] Mapping into logic memory block 'pipe_2_rb_at_g2_x2' (44 bits) (C:\Users\Jing-XuanTan(i)\Downloads\evsoc-efinity-v2026.1.132\evsoc-efinity-v2026.1.132\cam_single\Ti60F225_dsi\source/isp/demosaic.sv:102) because size is too small (<=64)
[EFX-0657 WARNING] Mapping into logic memory block 'pipe_2_rb_at_rb_x2' (44 bits) (C:\Users\Jing-XuanTan(i)\Downloads\evsoc-efinity-v2026.1.132\evsoc-efinity-v2026.1.132\cam_single\Ti60F225_dsi\source/isp/demosaic.sv:103) because size is too small (<=64)
[EFX-0657 WARNING] Mapping into logic memory block 'logic_progbufX_mem' (64 bits) (C:\Users\Jing-XuanTan(i)\Downloads\evsoc-efinity-v2026.1.132\evsoc-efinity-v2026.1.132\cam_single\Ti60F225_dsi\ip\SapphireSoc\SapphireSoc.v:12001) because size is too small (<=64)
[EFX-0657 WARNING] Mapping into logic memory block 'logic_ram' (64 bits) (C:\Users\Jing-XuanTan(i)\Downloads\evsoc-efinity-v2026.1.132\evsoc-efinity-v2026.1.132\cam_single\Ti60F225_dsi\ip\SapphireSoc\SapphireSoc.v:20390) because size is too small (<=64)
[EFX-0656 WARNING] Optimizing into logic zero initialized read-only memory block 'u_dma/u_EfxDMA/inputsAdapter_1_crossclock_fifo/ram__D$c1'. (C:\Users\Jing-XuanTan(i)\Downloads\evsoc-efinity-v2026.1.132\evsoc-efinity-v2026.1.132\cam_single\Ti60F225_dsi\ip\dma\dma.v:2839)
[EFX-0656 WARNING] Optimizing into logic zero initialized read-only memory block 'u_dma/u_EfxDMA/inputsAdapter_1_crossclock_fifo/ram__D$b12'. (C:\Users\Jing-XuanTan(i)\Downloads\evsoc-efinity-v2026.1.132\evsoc-efinity-v2026.1.132\cam_single\Ti60F225_dsi\ip\dma\dma.v:2839)
[EFX-0656 WARNING] Optimizing into logic zero initialized read-only memory block 'u_dma/u_EfxDMA/inputsAdapter_1_crossclock_fifo/ram__D$12'. (C:\Users\Jing-XuanTan(i)\Downloads\evsoc-efinity-v2026.1.132\evsoc-efinity-v2026.1.132\cam_single\Ti60F225_dsi\ip\dma\dma.v:2839)
[EFX-0656 WARNING] Optimizing into logic zero initialized read-only memory block 'u_dma/u_EfxDMA/inputsAdapter_1_crossclock_fifo/ram__D$2'. (C:\Users\Jing-XuanTan(i)\Downloads\evsoc-efinity-v2026.1.132\evsoc-efinity-v2026.1.132\cam_single\Ti60F225_dsi\ip\dma\dma.v:2839)

///////////////////////////////////
// Efinity Synthesis Started 
// Sep 29, 2026 14:08:52
///////////////////////////////////

[EFX-0011 VERI-WARNING] port 'probe12' remains unconnected for this instance (VERI-1927) (C:/Users/Jing-XuanTan(i)/Downloads/evsoc-efinity-v2026.1.132/evsoc-efinity-v2026.1.132/cam_single/Ti60F225_dsi/work_dbg/debug_top.v:158)
[EFX-0011 VERI-WARNING] input port 'probe12[0]' remains unconnected for this instance (VDB-1053) (C:/Users/Jing-XuanTan(i)/Downloads/evsoc-efinity-v2026.1.132/evsoc-efinity-v2026.1.132/cam_single/Ti60F225_dsi/work_dbg/debug_top.v:125)
[EFX-0200 WARNING] Removing redundant signal : compared_in[0]. (C:/Users/Jing-XuanTan(i)/Downloads/evsoc-efinity-v2026.1.132/evsoc-efinity-v2026.1.132/cam_single/Ti60F225_dsi/work_dbg/debug_top.v:5560)
[EFX-0200 WARNING] Removing redundant signal : mask_in[0]. (C:/Users/Jing-XuanTan(i)/Downloads/evsoc-efinity-v2026.1.132/evsoc-efinity-v2026.1.132/cam_single/Ti60F225_dsi/work_dbg/debug_top.v:5561)
[EFX-0200 WARNING] Removing redundant signal : trigger_in. (C:/Users/Jing-XuanTan(i)/Downloads/evsoc-efinity-v2026.1.132/evsoc-efinity-v2026.1.132/cam_single/Ti60F225_dsi/work_dbg/debug_top.v:5771)
[EFX-0200 WARNING] Removing redundant signal : clk. (C:/Users/Jing-XuanTan(i)/Downloads/evsoc-efinity-v2026.1.132/evsoc-efinity-v2026.1.132/cam_single/Ti60F225_dsi/work_dbg/debug_top.v:4594)
[EFX-0200 WARNING] Removing redundant signal : full. (C:/Users/Jing-XuanTan(i)/Downloads/evsoc-efinity-v2026.1.132/evsoc-efinity-v2026.1.132/cam_single/Ti60F225_dsi/work_dbg/debug_top.v:4648)
[EFX-0200 WARNING] Removing redundant signal : shift_i. (C:/Users/Jing-XuanTan(i)/Downloads/evsoc-efinity-v2026.1.132/evsoc-efinity-v2026.1.132/cam_single/Ti60F225_dsi/work_dbg/debug_top.v:4918)
[EFX-0200 WARNING] Removing redundant signal : trig_out. (C:/Users/Jing-XuanTan(i)/Downloads/evsoc-efinity-v2026.1.132/evsoc-efinity-v2026.1.132/cam_single/Ti60F225_dsi/work_dbg/debug_top.v:4935)
[EFX-0200 WARNING] Removing redundant signal : trig_out_ack. (C:/Users/Jing-XuanTan(i)/Downloads/evsoc-efinity-v2026.1.132/evsoc-efinity-v2026.1.132/cam_single/Ti60F225_dsi/work_dbg/debug_top.v:4936)
[EFX-0200 WARNING] Removing redundant signal : bscan_DRCK. (C:/Users/Jing-XuanTan(i)/Downloads/evsoc-efinity-v2026.1.132/evsoc-efinity-v2026.1.132/cam_single/Ti60F225_dsi/work_dbg/debug_top.v:1077)
[EFX-0200 WARNING] Removing redundant signal : bscan_RESET. (C:/Users/Jing-XuanTan(i)/Downloads/evsoc-efinity-v2026.1.132/evsoc-efinity-v2026.1.132/cam_single/Ti60F225_dsi/work_dbg/debug_top.v:1078)
[EFX-0200 WARNING] Removing redundant signal : bscan_RUNTEST. (C:/Users/Jing-XuanTan(i)/Downloads/evsoc-efinity-v2026.1.132/evsoc-efinity-v2026.1.132/cam_single/Ti60F225_dsi/work_dbg/debug_top.v:1079)
[EFX-0200 WARNING] Removing redundant signal : bscan_SEL. (C:/Users/Jing-XuanTan(i)/Downloads/evsoc-efinity-v2026.1.132/evsoc-efinity-v2026.1.132/cam_single/Ti60F225_dsi/work_dbg/debug_top.v:1080)
[EFX-0200 WARNING] Removing redundant signal : bscan_TMS. (C:/Users/Jing-XuanTan(i)/Downloads/evsoc-efinity-v2026.1.132/evsoc-efinity-v2026.1.132/cam_single/Ti60F225_dsi/work_dbg/debug_top.v:1084)
[EFX-0200 WARNING] Removing redundant signal : trig_in_ack. (C:/Users/Jing-XuanTan(i)/Downloads/evsoc-efinity-v2026.1.132/evsoc-efinity-v2026.1.132/cam_single/Ti60F225_dsi/work_dbg/debug_top.v:1096)
[EFX-0200 WARNING] Removing redundant signal : mux_capture_cmp[11:0]. (C:/Users/Jing-XuanTan(i)/Downloads/evsoc-efinity-v2026.1.132/evsoc-efinity-v2026.1.132/cam_single/Ti60F225_dsi/work_dbg/debug_top.v:3515)
[EFX-0200 WARNING] Removing redundant signal : bscan_CAPTURE. (C:/Users/Jing-XuanTan(i)/Downloads/evsoc-efinity-v2026.1.132/evsoc-efinity-v2026.1.132/cam_single/Ti60F225_dsi/work_dbg/debug_top.v:316)
[EFX-0200 WARNING] Removing redundant signal : bscan_DRCK. (C:/Users/Jing-XuanTan(i)/Downloads/evsoc-efinity-v2026.1.132/evsoc-efinity-v2026.1.132/cam_single/Ti60F225_dsi/work_dbg/debug_top.v:317)
[EFX-0200 WARNING] Removing redundant signal : bscan_RUNTEST. (C:/Users/Jing-XuanTan(i)/Downloads/evsoc-efinity-v2026.1.132/evsoc-efinity-v2026.1.132/cam_single/Ti60F225_dsi/work_dbg/debug_top.v:319)
[EFX-0200 WARNING] Removing redundant signal : bscan_TMS. (C:/Users/Jing-XuanTan(i)/Downloads/evsoc-efinity-v2026.1.132/evsoc-efinity-v2026.1.132/cam_single/Ti60F225_dsi/work_dbg/debug_top.v:324)
[EFX-0201 WARNING] Re-wiring to GND non-driven net/port 'probe12[0]' in module 'edb_la_top_668e5778dd3f43739ca56606a7abb58d_renamed_due_excessive_length_1'. (C:/Users/Jing-XuanTan(i)/Downloads/evsoc-efinity-v2026.1.132/evsoc-efinity-v2026.1.132/cam_single/Ti60F225_dsi/work_dbg/debug_top.v:125)
[EFX-0201 WARNING] Re-wiring to GND non-driven net/port 'probe13[0]' in module 'edb_la_top_668e5778dd3f43739ca56606a7abb58d_renamed_due_excessive_length_1'. (C:/Users/Jing-XuanTan(i)/Downloads/evsoc-efinity-v2026.1.132/evsoc-efinity-v2026.1.132/cam_single/Ti60F225_dsi/work_dbg/debug_top.v:125)
[EFX-0201 WARNING] Re-wiring to GND non-driven net/port 'probe14[0]' in module 'edb_la_top_668e5778dd3f43739ca56606a7abb58d_renamed_due_excessive_length_1'. (C:/Users/Jing-XuanTan(i)/Downloads/evsoc-efinity-v2026.1.132/evsoc-efinity-v2026.1.132/cam_single/Ti60F225_dsi/work_dbg/debug_top.v:125)
[EFX-0201 WARNING] Re-wiring to GND non-driven net/port 'probe15[0]' in module 'edb_la_top_668e5778dd3f43739ca56606a7abb58d_renamed_due_excessive_length_1'. (C:/Users/Jing-XuanTan(i)/Downloads/evsoc-efinity-v2026.1.132/evsoc-efinity-v2026.1.132/cam_single/Ti60F225_dsi/work_dbg/debug_top.v:125)
[EFX-0201 WARNING] Re-wiring to GND non-driven net/port 'probe16[0]' in module 'edb_la_top_668e5778dd3f43739ca56606a7abb58d_renamed_due_excessive_length_1'. (C:/Users/Jing-XuanTan(i)/Downloads/evsoc-efinity-v2026.1.132/evsoc-efinity-v2026.1.132/cam_single/Ti60F225_dsi/work_dbg/debug_top.v:125)
[EFX-0201 WARNING] Re-wiring to GND non-driven net/port 'probe17[0]' in module 'edb_la_top_668e5778dd3f43739ca56606a7abb58d_renamed_due_excessive_length_1'. (C:/Users/Jing-XuanTan(i)/Downloads/evsoc-efinity-v2026.1.132/evsoc-efinity-v2026.1.132/cam_single/Ti60F225_dsi/work_dbg/debug_top.v:125)
[EFX-0201 WARNING] Re-wiring to GND non-driven net/port 'probe18[0]' in module 'edb_la_top_668e5778dd3f43739ca56606a7abb58d_renamed_due_excessive_length_1'. (C:/Users/Jing-XuanTan(i)/Downloads/evsoc-efinity-v2026.1.132/evsoc-efinity-v2026.1.132/cam_single/Ti60F225_dsi/work_dbg/debug_top.v:125)
[EFX-0201 WARNING] Re-wiring to GND non-driven net/port 'probe19[0]' in module 'edb_la_top_668e5778dd3f43739ca56606a7abb58d_renamed_due_excessive_length_1'. (C:/Users/Jing-XuanTan(i)/Downloads/evsoc-efinity-v2026.1.132/evsoc-efinity-v2026.1.132/cam_single/Ti60F225_dsi/work_dbg/debug_top.v:125)
[EFX-0201 WARNING] Re-wiring to GND non-driven net/port 'probe20[0]' in module 'edb_la_top_668e5778dd3f43739ca56606a7abb58d_renamed_due_excessive_length_1'. (C:/Users/Jing-XuanTan(i)/Downloads/evsoc-efinity-v2026.1.132/evsoc-efinity-v2026.1.132/cam_single/Ti60F225_dsi/work_dbg/debug_top.v:125)
[EFX-0201 WARNING] Re-wiring to GND non-driven net/port 'probe21[0]' in module 'edb_la_top_668e5778dd3f43739ca56606a7abb58d_renamed_due_excessive_length_1'. (C:/Users/Jing-XuanTan(i)/Downloads/evsoc-efinity-v2026.1.132/evsoc-efinity-v2026.1.132/cam_single/Ti60F225_dsi/work_dbg/debug_top.v:125)
[EFX-0011 VERI-WARNING] Input/inout port bscan_DRCK is unconnected. Place and route may remove this unconnected port. (VDB-8003) (C:/Users/Jing-XuanTan(i)/Downloads/evsoc-efinity-v2026.1.132/evsoc-efinity-v2026.1.132/cam_single/Ti60F225_dsi/work_dbg/debug_top.v:17)
[EFX-0011 VERI-WARNING] Input/inout port bscan_RUNTEST is unconnected. Place and route may remove this unconnected port. (VDB-8003) (C:/Users/Jing-XuanTan(i)/Downloads/evsoc-efinity-v2026.1.132/evsoc-efinity-v2026.1.132/cam_single/Ti60F225_dsi/work_dbg/debug_top.v:19)
[EFX-0011 VERI-WARNING] Input/inout port bscan_TMS is unconnected. Place and route may remove this unconnected port. (VDB-8003) (C:/Users/Jing-XuanTan(i)/Downloads/evsoc-efinity-v2026.1.132/evsoc-efinity-v2026.1.132/cam_single/Ti60F225_dsi/work_dbg/debug_top.v:24)
[EFX-0011 VERI-WARNING] Found 3 warnings in the post-synthesis netlist. 

///////////////////////////////////
// Efinity Synthesis Started 
// Sep 29, 2026 14:09:16
///////////////////////////////////

[EFX-0200 WARNING] Removing redundant signal : Rx_HS_D_2[7:0]. (C:\Users\Jing-XuanTan(i)\Downloads\evsoc-efinity-v2026.1.132\evsoc-efinity-v2026.1.132\cam_single\Ti60F225_dsi\ip\csi2_rx_cam\csi2_rx_cam.sv:6307)
[EFX-0200 WARNING] Removing redundant signal : Rx_HS_D_3[7:0]. (C:\Users\Jing-XuanTan(i)\Downloads\evsoc-efinity-v2026.1.132\evsoc-efinity-v2026.1.132\cam_single\Ti60F225_dsi\ip\csi2_rx_cam\csi2_rx_cam.sv:6307)
[EFX-0200 WARNING] Removing redundant signal : Rx_HS_D_4[7:0]. (C:\Users\Jing-XuanTan(i)\Downloads\evsoc-efinity-v2026.1.132\evsoc-efinity-v2026.1.132\cam_single\Ti60F225_dsi\ip\csi2_rx_cam\csi2_rx_cam.sv:6307)
[EFX-0200 WARNING] Removing redundant signal : Rx_HS_D_5[7:0]. (C:\Users\Jing-XuanTan(i)\Downloads\evsoc-efinity-v2026.1.132\evsoc-efinity-v2026.1.132\cam_single\Ti60F225_dsi\ip\csi2_rx_cam\csi2_rx_cam.sv:6307)
[EFX-0200 WARNING] Removing redundant signal : Rx_HS_D_6[7:0]. (C:\Users\Jing-XuanTan(i)\Downloads\evsoc-efinity-v2026.1.132\evsoc-efinity-v2026.1.132\cam_single\Ti60F225_dsi\ip\csi2_rx_cam\csi2_rx_cam.sv:6307)
[EFX-0200 WARNING] Removing redundant signal : Rx_HS_D_7[7:0]. (C:\Users\Jing-XuanTan(i)\Downloads\evsoc-efinity-v2026.1.132\evsoc-efinity-v2026.1.132\cam_single\Ti60F225_dsi\ip\csi2_rx_cam\csi2_rx_cam.sv:6307)
[EFX-0200 WARNING] Removing redundant signal : u_dly_enable_D[1:0]. (C:\Users\Jing-XuanTan(i)\Downloads\evsoc-efinity-v2026.1.132\evsoc-efinity-v2026.1.132\cam_single\Ti60F225_dsi\ip\csi2_rx_cam\csi2_rx_cam.sv:6307)
[EFX-0200 WARNING] Removing redundant signal : u_dly_inc_D[1:0]. (C:\Users\Jing-XuanTan(i)\Downloads\evsoc-efinity-v2026.1.132\evsoc-efinity-v2026.1.132\cam_single\Ti60F225_dsi\ip\csi2_rx_cam\csi2_rx_cam.sv:6307)
[EFX-0200 WARNING] Removing redundant signal : axi_awaddr[1:0]. (C:\Users\Jing-XuanTan(i)\Downloads\evsoc-efinity-v2026.1.132\evsoc-efinity-v2026.1.132\cam_single\Ti60F225_dsi\ip\csi2_rx_cam\csi2_rx_cam.sv:5564)
[EFX-0200 WARNING] Removing redundant signal : axi_araddr[1:0]. (C:\Users\Jing-XuanTan(i)\Downloads\evsoc-efinity-v2026.1.132\evsoc-efinity-v2026.1.132\cam_single\Ti60F225_dsi\ip\csi2_rx_cam\csi2_rx_cam.sv:5564)
[EFX-0200 WARNING] Removing redundant signal : loc_rdata[31:0]. (C:\Users\Jing-XuanTan(i)\Downloads\evsoc-efinity-v2026.1.132\evsoc-efinity-v2026.1.132\cam_single\Ti60F225_dsi\ip\csi2_rx_cam\csi2_rx_cam.sv:5564)
[EFX-0200 WARNING] Removing redundant signal : nextCRC16_D16[15:0]. (C:\Users\Jing-XuanTan(i)\Downloads\evsoc-efinity-v2026.1.132\evsoc-efinity-v2026.1.132\cam_single\Ti60F225_dsi\ip\csi2_rx_cam\csi2_rx_cam.sv:1466)
[EFX-0200 WARNING] Removing redundant signal : nextCRC16_D16.Data[15:0]. (C:\Users\Jing-XuanTan(i)\Downloads\evsoc-efinity-v2026.1.132\evsoc-efinity-v2026.1.132\cam_single\Ti60F225_dsi\ip\csi2_rx_cam\csi2_rx_cam.sv:1466)
[EFX-0200 WARNING] Removing redundant signal : nextCRC16_D16.fcrc[15:0]. (C:\Users\Jing-XuanTan(i)\Downloads\evsoc-efinity-v2026.1.132\evsoc-efinity-v2026.1.132\cam_single\Ti60F225_dsi\ip\csi2_rx_cam\csi2_rx_cam.sv:1466)
[EFX-0200 WARNING] Removing redundant signal : nextCRC16_D16.d[15:0]. (C:\Users\Jing-XuanTan(i)\Downloads\evsoc-efinity-v2026.1.132\evsoc-efinity-v2026.1.132\cam_single\Ti60F225_dsi\ip\csi2_rx_cam\csi2_rx_cam.sv:1466)
[EFX-0200 WARNING] Removing redundant signal : nextCRC16_D16.c[15:0]. (C:\Users\Jing-XuanTan(i)\Downloads\evsoc-efinity-v2026.1.132\evsoc-efinity-v2026.1.132\cam_single\Ti60F225_dsi\ip\csi2_rx_cam\csi2_rx_cam.sv:1466)
[EFX-0200 WARNING] Removing redundant signal : nextCRC16_D16.newcrc[15:0]. (C:\Users\Jing-XuanTan(i)\Downloads\evsoc-efinity-v2026.1.132\evsoc-efinity-v2026.1.132\cam_single\Ti60F225_dsi\ip\csi2_rx_cam\csi2_rx_cam.sv:1466)
[EFX-0200 WARNING] Removing redundant signal : nextCRC16_D8[15:0]. (C:\Users\Jing-XuanTan(i)\Downloads\evsoc-efinity-v2026.1.132\evsoc-efinity-v2026.1.132\cam_single\Ti60F225_dsi\ip\csi2_rx_cam\csi2_rx_cam.sv:1466)
[EFX-0200 WARNING] Removing redundant signal : nextCRC16_D8.Data[7:0]. (C:\Users\Jing-XuanTan(i)\Downloads\evsoc-efinity-v2026.1.132\evsoc-efinity-v2026.1.132\cam_single\Ti60F225_dsi\ip\csi2_rx_cam\csi2_rx_cam.sv:1466)
[EFX-0200 WARNING] Removing redundant signal : nextCRC16_D8.fcrc[15:0]. (C:\Users\Jing-XuanTan(i)\Downloads\evsoc-efinity-v2026.1.132\evsoc-efinity-v2026.1.132\cam_single\Ti60F225_dsi\ip\csi2_rx_cam\csi2_rx_cam.sv:1466)
[EFX-0201 WARNING] Re-wiring to GND non-driven net/port 'a_wr_rst_i' in module 'efx_fifo_top_077823fa68f649b1a7074c944568f3e4(FAMILY="TITANIUM",SYNC_CLK=1,DATA_WIDTH=40,PIPELINE_REG=0,OUTPUT_REG=1,PROGRAMMABLE_FULL="NONE",PROG_FULL_ASSERT=510,PROG_FULL_NEGATE=510,PROGRAMMABLE_EMPTY="NONE",PROG_EMPTY_ASSERT=2,PROG_EMPTY_NEGATE=3)'. (C:\Users\Jing-XuanTan(i)\Downloads\evsoc-efinity-v2026.1.132\evsoc-efinity-v2026.1.132\cam_single\Ti60F225_dsi\ip\cam_pixel_remap_fifo\cam_pixel_remap_fifo.sv:92)
[EFX-0201 WARNING] Re-wiring to GND non-driven net/port 'a_rd_rst_i' in module 'efx_fifo_top_077823fa68f649b1a7074c944568f3e4(FAMILY="TITANIUM",SYNC_CLK=1,DATA_WIDTH=40,PIPELINE_REG=0,OUTPUT_REG=1,PROGRAMMABLE_FULL="NONE",PROG_FULL_ASSERT=510,PROG_FULL_NEGATE=510,PROGRAMMABLE_EMPTY="NONE",PROG_EMPTY_ASSERT=2,PROG_EMPTY_NEGATE=3)'. (C:\Users\Jing-XuanTan(i)\Downloads\evsoc-efinity-v2026.1.132\evsoc-efinity-v2026.1.132\cam_single\Ti60F225_dsi\ip\cam_pixel_remap_fifo\cam_pixel_remap_fifo.sv:92)
[EFX-0201 WARNING] Re-wiring to GND non-driven net/port 'wr_clk_i' in module 'efx_fifo_top_077823fa68f649b1a7074c944568f3e4(FAMILY="TITANIUM",SYNC_CLK=1,DATA_WIDTH=40,PIPELINE_REG=0,OUTPUT_REG=1,PROGRAMMABLE_FULL="NONE",PROG_FULL_ASSERT=510,PROG_FULL_NEGATE=510,PROGRAMMABLE_EMPTY="NONE",PROG_EMPTY_ASSERT=2,PROG_EMPTY_NEGATE=3)'. (C:\Users\Jing-XuanTan(i)\Downloads\evsoc-efinity-v2026.1.132\evsoc-efinity-v2026.1.132\cam_single\Ti60F225_dsi\ip\cam_pixel_remap_fifo\cam_pixel_remap_fifo.sv:92)
[EFX-0201 WARNING] Re-wiring to GND non-driven net/port 'rd_clk_i' in module 'efx_fifo_top_077823fa68f649b1a7074c944568f3e4(FAMILY="TITANIUM",SYNC_CLK=1,DATA_WIDTH=40,PIPELINE_REG=0,OUTPUT_REG=1,PROGRAMMABLE_FULL="NONE",PROG_FULL_ASSERT=510,PROG_FULL_NEGATE=510,PROGRAMMABLE_EMPTY="NONE",PROG_EMPTY_ASSERT=2,PROG_EMPTY_NEGATE=3)'. (C:\Users\Jing-XuanTan(i)\Downloads\evsoc-efinity-v2026.1.132\evsoc-efinity-v2026.1.132\cam_single\Ti60F225_dsi\ip\cam_pixel_remap_fifo\cam_pixel_remap_fifo.sv:92)
[EFX-0201 WARNING] Re-wiring to GND non-driven net/port 'r_registers[12][31]' in module 'axi_lite_register(S_AXI_WSTRB_WIDTH=4)'. (C:\Users\Jing-XuanTan(i)\Downloads\evsoc-efinity-v2026.1.132\evsoc-efinity-v2026.1.132\cam_single\Ti60F225_dsi\source/isp/axi_lite_register.sv:99)
[EFX-0201 WARNING] Re-wiring to GND non-driven net/port 'r_registers[12][30]' in module 'axi_lite_register(S_AXI_WSTRB_WIDTH=4)'. (C:\Users\Jing-XuanTan(i)\Downloads\evsoc-efinity-v2026.1.132\evsoc-efinity-v2026.1.132\cam_single\Ti60F225_dsi\source/isp/axi_lite_register.sv:99)
[EFX-0201 WARNING] Re-wiring to GND non-driven net/port 'r_registers[12][29]' in module 'axi_lite_register(S_AXI_WSTRB_WIDTH=4)'. (C:\Users\Jing-XuanTan(i)\Downloads\evsoc-efinity-v2026.1.132\evsoc-efinity-v2026.1.132\cam_single\Ti60F225_dsi\source/isp/axi_lite_register.sv:99)
[EFX-0201 WARNING] Re-wiring to GND non-driven net/port 'r_registers[12][28]' in module 'axi_lite_register(S_AXI_WSTRB_WIDTH=4)'. (C:\Users\Jing-XuanTan(i)\Downloads\evsoc-efinity-v2026.1.132\evsoc-efinity-v2026.1.132\cam_single\Ti60F225_dsi\source/isp/axi_lite_register.sv:99)
[EFX-0201 WARNING] Re-wiring to GND non-driven net/port 'r_registers[12][27]' in module 'axi_lite_register(S_AXI_WSTRB_WIDTH=4)'. (C:\Users\Jing-XuanTan(i)\Downloads\evsoc-efinity-v2026.1.132\evsoc-efinity-v2026.1.132\cam_single\Ti60F225_dsi\source/isp/axi_lite_register.sv:99)
[EFX-0201 WARNING] Re-wiring to GND non-driven net/port 'r_registers[12][26]' in module 'axi_lite_register(S_AXI_WSTRB_WIDTH=4)'. (C:\Users\Jing-XuanTan(i)\Downloads\evsoc-efinity-v2026.1.132\evsoc-efinity-v2026.1.132\cam_single\Ti60F225_dsi\source/isp/axi_lite_register.sv:99)
[EFX-0657 WARNING] Mapping into logic memory block 'pipe_0_center' (28 bits) (C:\Users\Jing-XuanTan(i)\Downloads\evsoc-efinity-v2026.1.132\evsoc-efinity-v2026.1.132\cam_single\Ti60F225_dsi\source/isp/demosaic.sv:68) because size is too small (<=64)
[EFX-0657 WARNING] Mapping into logic memory block 'pipe_0_outer_horizontal' (28 bits) (C:\Users\Jing-XuanTan(i)\Downloads\evsoc-efinity-v2026.1.132\evsoc-efinity-v2026.1.132\cam_single\Ti60F225_dsi\source/isp/demosaic.sv:69) because size is too small (<=64)
[EFX-0657 WARNING] Mapping into logic memory block 'pipe_0_outer_vertical' (28 bits) (C:\Users\Jing-XuanTan(i)\Downloads\evsoc-efinity-v2026.1.132\evsoc-efinity-v2026.1.132\cam_single\Ti60F225_dsi\source/isp/demosaic.sv:70) because size is too small (<=64)
[EFX-0657 WARNING] Mapping into logic memory block 'pipe_0_inner_horizontal' (28 bits) (C:\Users\Jing-XuanTan(i)\Downloads\evsoc-efinity-v2026.1.132\evsoc-efinity-v2026.1.132\cam_single\Ti60F225_dsi\source/isp/demosaic.sv:71) because size is too small (<=64)
[EFX-0657 WARNING] Mapping into logic memory block 'pipe_0_inner_vertical' (28 bits) (C:\Users\Jing-XuanTan(i)\Downloads\evsoc-efinity-v2026.1.132\evsoc-efinity-v2026.1.132\cam_single\Ti60F225_dsi\source/isp/demosaic.sv:72) because size is too small (<=64)
[EFX-0657 WARNING] Mapping into logic memory block 'pipe_0_inner_top' (28 bits) (C:\Users\Jing-XuanTan(i)\Downloads\evsoc-efinity-v2026.1.132\evsoc-efinity-v2026.1.132\cam_single\Ti60F225_dsi\source/isp/demosaic.sv:73) because size is too small (<=64)
[EFX-0657 WARNING] Mapping into logic memory block 'pipe_0_inner_bottom' (28 bits) (C:\Users\Jing-XuanTan(i)\Downloads\evsoc-efinity-v2026.1.132\evsoc-efinity-v2026.1.132\cam_single\Ti60F225_dsi\source/isp/demosaic.sv:74) because size is too small (<=64)
[EFX-0657 WARNING] Mapping into logic memory block 'pipe_1_center' (36 bits) (C:\Users\Jing-XuanTan(i)\Downloads\evsoc-efinity-v2026.1.132\evsoc-efinity-v2026.1.132\cam_single\Ti60F225_dsi\source/isp/demosaic.sv:80) because size is too small (<=64)
[EFX-0657 WARNING] Mapping into logic memory block 'pipe_1_center_x5' (36 bits) (C:\Users\Jing-XuanTan(i)\Downloads\evsoc-efinity-v2026.1.132\evsoc-efinity-v2026.1.132\cam_single\Ti60F225_dsi\source/isp/demosaic.sv:81) because size is too small (<=64)
[EFX-0657 WARNING] Mapping into logic memory block 'pipe_1_center_x6' (36 bits) (C:\Users\Jing-XuanTan(i)\Downloads\evsoc-efinity-v2026.1.132\evsoc-efinity-v2026.1.132\cam_single\Ti60F225_dsi\source/isp/demosaic.sv:82) because size is too small (<=64)
[EFX-0657 WARNING] Mapping into logic memory block 'pipe_1_outer_horizontal' (36 bits) (C:\Users\Jing-XuanTan(i)\Downloads\evsoc-efinity-v2026.1.132\evsoc-efinity-v2026.1.132\cam_single\Ti60F225_dsi\source/isp/demosaic.sv:83) because size is too small (<=64)
[EFX-0657 WARNING] Mapping into logic memory block 'pipe_1_outer_vertical' (36 bits) (C:\Users\Jing-XuanTan(i)\Downloads\evsoc-efinity-v2026.1.132\evsoc-efinity-v2026.1.132\cam_single\Ti60F225_dsi\source/isp/demosaic.sv:84) because size is too small (<=64)
[EFX-0657 WARNING] Mapping into logic memory block 'pipe_1_outer_cross' (36 bits) (C:\Users\Jing-XuanTan(i)\Downloads\evsoc-efinity-v2026.1.132\evsoc-efinity-v2026.1.132\cam_single\Ti60F225_dsi\source/isp/demosaic.sv:85) because size is too small (<=64)
[EFX-0657 WARNING] Mapping into logic memory block 'pipe_1_inner_h_outer_v_x2' (36 bits) (C:\Users\Jing-XuanTan(i)\Downloads\evsoc-efinity-v2026.1.132\evsoc-efinity-v2026.1.132\cam_single\Ti60F225_dsi\source/isp/demosaic.sv:86) because size is too small (<=64)
[EFX-0657 WARNING] Mapping into logic memory block 'pipe_1_inner_v_outer_h_x2' (36 bits) (C:\Users\Jing-XuanTan(i)\Downloads\evsoc-efinity-v2026.1.132\evsoc-efinity-v2026.1.132\cam_single\Ti60F225_dsi\source/isp/demosaic.sv:87) because size is too small (<=64)
[EFX-0657 WARNING] Mapping into logic memory block 'pipe_1_inner_corner' (36 bits) (C:\Users\Jing-XuanTan(i)\Downloads\evsoc-efinity-v2026.1.132\evsoc-efinity-v2026.1.132\cam_single\Ti60F225_dsi\source/isp/demosaic.sv:88) because size is too small (<=64)
[EFX-0657 WARNING] Mapping into logic memory block 'pipe_1_inner_cross' (36 bits) (C:\Users\Jing-XuanTan(i)\Downloads\evsoc-efinity-v2026.1.132\evsoc-efinity-v2026.1.132\cam_single\Ti60F225_dsi\source/isp/demosaic.sv:89) because size is too small (<=64)
[EFX-0657 WARNING] Mapping into logic memory block 'pipe_2_center' (44 bits) (C:\Users\Jing-XuanTan(i)\Downloads\evsoc-efinity-v2026.1.132\evsoc-efinity-v2026.1.132\cam_single\Ti60F225_dsi\source/isp/demosaic.sv:95) because size is too small (<=64)
[EFX-0657 WARNING] Mapping into logic memory block 'pipe_2_center_cross_x2' (44 bits) (C:\Users\Jing-XuanTan(i)\Downloads\evsoc-efinity-v2026.1.132\evsoc-efinity-v2026.1.132\cam_single\Ti60F225_dsi\source/isp/demosaic.sv:96) because size is too small (<=64)
[EFX-0657 WARNING] Mapping into logic memory block 'pipe_2_outer_cross_x2' (44 bits) (C:\Users\Jing-XuanTan(i)\Downloads\evsoc-efinity-v2026.1.132\evsoc-efinity-v2026.1.132\cam_single\Ti60F225_dsi\source/isp/demosaic.sv:97) because size is too small (<=64)
[EFX-0657 WARNING] Mapping into logic memory block 'pipe_2_outer_cross_x3' (44 bits) (C:\Users\Jing-XuanTan(i)\Downloads\evsoc-efinity-v2026.1.132\evsoc-efinity-v2026.1.132\cam_single\Ti60F225_dsi\source/isp/demosaic.sv:98) because size is too small (<=64)
[EFX-0657 WARNING] Mapping into logic memory block 'pipe_2_inner_c_outer_h_x2' (44 bits) (C:\Users\Jing-XuanTan(i)\Downloads\evsoc-efinity-v2026.1.132\evsoc-efinity-v2026.1.132\cam_single\Ti60F225_dsi\source/isp/demosaic.sv:99) because size is too small (<=64)
[EFX-0657 WARNING] Mapping into logic memory block 'pipe_2_inner_c_outer_v_x2' (44 bits) (C:\Users\Jing-XuanTan(i)\Downloads\evsoc-efinity-v2026.1.132\evsoc-efinity-v2026.1.132\cam_single\Ti60F225_dsi\source/isp/demosaic.sv:100) because size is too small (<=64)
[EFX-0657 WARNING] Mapping into logic memory block 'pipe_2_rb_at_g1_x2' (44 bits) (C:\Users\Jing-XuanTan(i)\Downloads\evsoc-efinity-v2026.1.132\evsoc-efinity-v2026.1.132\cam_single\Ti60F225_dsi\source/isp/demosaic.sv:101) because size is too small (<=64)
[EFX-0657 WARNING] Mapping into logic memory block 'pipe_2_rb_at_g2_x2' (44 bits) (C:\Users\Jing-XuanTan(i)\Downloads\evsoc-efinity-v2026.1.132\evsoc-efinity-v2026.1.132\cam_single\Ti60F225_dsi\source/isp/demosaic.sv:102) because size is too small (<=64)
[EFX-0657 WARNING] Mapping into logic memory block 'pipe_2_rb_at_rb_x2' (44 bits) (C:\Users\Jing-XuanTan(i)\Downloads\evsoc-efinity-v2026.1.132\evsoc-efinity-v2026.1.132\cam_single\Ti60F225_dsi\source/isp/demosaic.sv:103) because size is too small (<=64)
[EFX-0657 WARNING] Mapping into logic memory block 'logic_progbufX_mem' (64 bits) (C:\Users\Jing-XuanTan(i)\Downloads\evsoc-efinity-v2026.1.132\evsoc-efinity-v2026.1.132\cam_single\Ti60F225_dsi\ip\SapphireSoc\SapphireSoc.v:12001) because size is too small (<=64)
[EFX-0657 WARNING] Mapping into logic memory block 'logic_ram' (64 bits) (C:\Users\Jing-XuanTan(i)\Downloads\evsoc-efinity-v2026.1.132\evsoc-efinity-v2026.1.132\cam_single\Ti60F225_dsi\ip\SapphireSoc\SapphireSoc.v:20390) because size is too small (<=64)
[EFX-0656 WARNING] Optimizing into logic zero initialized read-only memory block 'u_dma/u_EfxDMA/inputsAdapter_1_crossclock_fifo/ram__D$c1'. (C:\Users\Jing-XuanTan(i)\Downloads\evsoc-efinity-v2026.1.132\evsoc-efinity-v2026.1.132\cam_single\Ti60F225_dsi\ip\dma\dma.v:2839)
[EFX-0656 WARNING] Optimizing into logic zero initialized read-only memory block 'u_dma/u_EfxDMA/inputsAdapter_1_crossclock_fifo/ram__D$b12'. (C:\Users\Jing-XuanTan(i)\Downloads\evsoc-efinity-v2026.1.132\evsoc-efinity-v2026.1.132\cam_single\Ti60F225_dsi\ip\dma\dma.v:2839)
[EFX-0656 WARNING] Optimizing into logic zero initialized read-only memory block 'u_dma/u_EfxDMA/inputsAdapter_1_crossclock_fifo/ram__D$12'. (C:\Users\Jing-XuanTan(i)\Downloads\evsoc-efinity-v2026.1.132\evsoc-efinity-v2026.1.132\cam_single\Ti60F225_dsi\ip\dma\dma.v:2839)
[EFX-0656 WARNING] Optimizing into logic zero initialized read-only memory block 'u_dma/u_EfxDMA/inputsAdapter_1_crossclock_fifo/ram__D$2'. (C:\Users\Jing-XuanTan(i)\Downloads\evsoc-efinity-v2026.1.132\evsoc-efinity-v2026.1.132\cam_single\Ti60F225_dsi\ip\dma\dma.v:2839)

///////////////////////////////////
// Efinity Synthesis Started 
// Sep 29, 2026 15:12:37
///////////////////////////////////

[EFX-0011 VERI-WARNING] port 'probe12' remains unconnected for this instance (VERI-1927) (C:/Users/Jing-XuanTan(i)/Downloads/evsoc-efinity-v2026.1.132/evsoc-efinity-v2026.1.132/cam_single/Ti60F225_dsi/work_dbg/debug_top.v:158)
[EFX-0011 VERI-WARNING] input port 'probe12[0]' remains unconnected for this instance (VDB-1053) (C:/Users/Jing-XuanTan(i)/Downloads/evsoc-efinity-v2026.1.132/evsoc-efinity-v2026.1.132/cam_single/Ti60F225_dsi/work_dbg/debug_top.v:125)
[EFX-0200 WARNING] Removing redundant signal : compared_in[0]. (C:/Users/Jing-XuanTan(i)/Downloads/evsoc-efinity-v2026.1.132/evsoc-efinity-v2026.1.132/cam_single/Ti60F225_dsi/work_dbg/debug_top.v:5560)
[EFX-0200 WARNING] Removing redundant signal : mask_in[0]. (C:/Users/Jing-XuanTan(i)/Downloads/evsoc-efinity-v2026.1.132/evsoc-efinity-v2026.1.132/cam_single/Ti60F225_dsi/work_dbg/debug_top.v:5561)
[EFX-0200 WARNING] Removing redundant signal : trigger_in. (C:/Users/Jing-XuanTan(i)/Downloads/evsoc-efinity-v2026.1.132/evsoc-efinity-v2026.1.132/cam_single/Ti60F225_dsi/work_dbg/debug_top.v:5771)
[EFX-0200 WARNING] Removing redundant signal : clk. (C:/Users/Jing-XuanTan(i)/Downloads/evsoc-efinity-v2026.1.132/evsoc-efinity-v2026.1.132/cam_single/Ti60F225_dsi/work_dbg/debug_top.v:4594)
[EFX-0200 WARNING] Removing redundant signal : full. (C:/Users/Jing-XuanTan(i)/Downloads/evsoc-efinity-v2026.1.132/evsoc-efinity-v2026.1.132/cam_single/Ti60F225_dsi/work_dbg/debug_top.v:4648)
[EFX-0200 WARNING] Removing redundant signal : shift_i. (C:/Users/Jing-XuanTan(i)/Downloads/evsoc-efinity-v2026.1.132/evsoc-efinity-v2026.1.132/cam_single/Ti60F225_dsi/work_dbg/debug_top.v:4918)
[EFX-0200 WARNING] Removing redundant signal : trig_out. (C:/Users/Jing-XuanTan(i)/Downloads/evsoc-efinity-v2026.1.132/evsoc-efinity-v2026.1.132/cam_single/Ti60F225_dsi/work_dbg/debug_top.v:4935)
[EFX-0200 WARNING] Removing redundant signal : trig_out_ack. (C:/Users/Jing-XuanTan(i)/Downloads/evsoc-efinity-v2026.1.132/evsoc-efinity-v2026.1.132/cam_single/Ti60F225_dsi/work_dbg/debug_top.v:4936)
[EFX-0200 WARNING] Removing redundant signal : bscan_DRCK. (C:/Users/Jing-XuanTan(i)/Downloads/evsoc-efinity-v2026.1.132/evsoc-efinity-v2026.1.132/cam_single/Ti60F225_dsi/work_dbg/debug_top.v:1077)
[EFX-0200 WARNING] Removing redundant signal : bscan_RESET. (C:/Users/Jing-XuanTan(i)/Downloads/evsoc-efinity-v2026.1.132/evsoc-efinity-v2026.1.132/cam_single/Ti60F225_dsi/work_dbg/debug_top.v:1078)
[EFX-0200 WARNING] Removing redundant signal : bscan_RUNTEST. (C:/Users/Jing-XuanTan(i)/Downloads/evsoc-efinity-v2026.1.132/evsoc-efinity-v2026.1.132/cam_single/Ti60F225_dsi/work_dbg/debug_top.v:1079)
[EFX-0200 WARNING] Removing redundant signal : bscan_SEL. (C:/Users/Jing-XuanTan(i)/Downloads/evsoc-efinity-v2026.1.132/evsoc-efinity-v2026.1.132/cam_single/Ti60F225_dsi/work_dbg/debug_top.v:1080)
[EFX-0200 WARNING] Removing redundant signal : bscan_TMS. (C:/Users/Jing-XuanTan(i)/Downloads/evsoc-efinity-v2026.1.132/evsoc-efinity-v2026.1.132/cam_single/Ti60F225_dsi/work_dbg/debug_top.v:1084)
[EFX-0200 WARNING] Removing redundant signal : trig_in_ack. (C:/Users/Jing-XuanTan(i)/Downloads/evsoc-efinity-v2026.1.132/evsoc-efinity-v2026.1.132/cam_single/Ti60F225_dsi/work_dbg/debug_top.v:1096)
[EFX-0200 WARNING] Removing redundant signal : mux_capture_cmp[11:0]. (C:/Users/Jing-XuanTan(i)/Downloads/evsoc-efinity-v2026.1.132/evsoc-efinity-v2026.1.132/cam_single/Ti60F225_dsi/work_dbg/debug_top.v:3515)
[EFX-0200 WARNING] Removing redundant signal : bscan_CAPTURE. (C:/Users/Jing-XuanTan(i)/Downloads/evsoc-efinity-v2026.1.132/evsoc-efinity-v2026.1.132/cam_single/Ti60F225_dsi/work_dbg/debug_top.v:316)
[EFX-0200 WARNING] Removing redundant signal : bscan_DRCK. (C:/Users/Jing-XuanTan(i)/Downloads/evsoc-efinity-v2026.1.132/evsoc-efinity-v2026.1.132/cam_single/Ti60F225_dsi/work_dbg/debug_top.v:317)
[EFX-0200 WARNING] Removing redundant signal : bscan_RUNTEST. (C:/Users/Jing-XuanTan(i)/Downloads/evsoc-efinity-v2026.1.132/evsoc-efinity-v2026.1.132/cam_single/Ti60F225_dsi/work_dbg/debug_top.v:319)
[EFX-0200 WARNING] Removing redundant signal : bscan_TMS. (C:/Users/Jing-XuanTan(i)/Downloads/evsoc-efinity-v2026.1.132/evsoc-efinity-v2026.1.132/cam_single/Ti60F225_dsi/work_dbg/debug_top.v:324)
[EFX-0201 WARNING] Re-wiring to GND non-driven net/port 'probe12[0]' in module 'edb_la_top_e660ef83e6b14e37a0dbcd9d89763c19_renamed_due_excessive_length_1'. (C:/Users/Jing-XuanTan(i)/Downloads/evsoc-efinity-v2026.1.132/evsoc-efinity-v2026.1.132/cam_single/Ti60F225_dsi/work_dbg/debug_top.v:125)
[EFX-0201 WARNING] Re-wiring to GND non-driven net/port 'probe13[0]' in module 'edb_la_top_e660ef83e6b14e37a0dbcd9d89763c19_renamed_due_excessive_length_1'. (C:/Users/Jing-XuanTan(i)/Downloads/evsoc-efinity-v2026.1.132/evsoc-efinity-v2026.1.132/cam_single/Ti60F225_dsi/work_dbg/debug_top.v:125)
[EFX-0201 WARNING] Re-wiring to GND non-driven net/port 'probe14[0]' in module 'edb_la_top_e660ef83e6b14e37a0dbcd9d89763c19_renamed_due_excessive_length_1'. (C:/Users/Jing-XuanTan(i)/Downloads/evsoc-efinity-v2026.1.132/evsoc-efinity-v2026.1.132/cam_single/Ti60F225_dsi/work_dbg/debug_top.v:125)
[EFX-0201 WARNING] Re-wiring to GND non-driven net/port 'probe15[0]' in module 'edb_la_top_e660ef83e6b14e37a0dbcd9d89763c19_renamed_due_excessive_length_1'. (C:/Users/Jing-XuanTan(i)/Downloads/evsoc-efinity-v2026.1.132/evsoc-efinity-v2026.1.132/cam_single/Ti60F225_dsi/work_dbg/debug_top.v:125)
[EFX-0201 WARNING] Re-wiring to GND non-driven net/port 'probe16[0]' in module 'edb_la_top_e660ef83e6b14e37a0dbcd9d89763c19_renamed_due_excessive_length_1'. (C:/Users/Jing-XuanTan(i)/Downloads/evsoc-efinity-v2026.1.132/evsoc-efinity-v2026.1.132/cam_single/Ti60F225_dsi/work_dbg/debug_top.v:125)
[EFX-0201 WARNING] Re-wiring to GND non-driven net/port 'probe17[0]' in module 'edb_la_top_e660ef83e6b14e37a0dbcd9d89763c19_renamed_due_excessive_length_1'. (C:/Users/Jing-XuanTan(i)/Downloads/evsoc-efinity-v2026.1.132/evsoc-efinity-v2026.1.132/cam_single/Ti60F225_dsi/work_dbg/debug_top.v:125)
[EFX-0201 WARNING] Re-wiring to GND non-driven net/port 'probe18[0]' in module 'edb_la_top_e660ef83e6b14e37a0dbcd9d89763c19_renamed_due_excessive_length_1'. (C:/Users/Jing-XuanTan(i)/Downloads/evsoc-efinity-v2026.1.132/evsoc-efinity-v2026.1.132/cam_single/Ti60F225_dsi/work_dbg/debug_top.v:125)
[EFX-0201 WARNING] Re-wiring to GND non-driven net/port 'probe19[0]' in module 'edb_la_top_e660ef83e6b14e37a0dbcd9d89763c19_renamed_due_excessive_length_1'. (C:/Users/Jing-XuanTan(i)/Downloads/evsoc-efinity-v2026.1.132/evsoc-efinity-v2026.1.132/cam_single/Ti60F225_dsi/work_dbg/debug_top.v:125)
[EFX-0201 WARNING] Re-wiring to GND non-driven net/port 'probe20[0]' in module 'edb_la_top_e660ef83e6b14e37a0dbcd9d89763c19_renamed_due_excessive_length_1'. (C:/Users/Jing-XuanTan(i)/Downloads/evsoc-efinity-v2026.1.132/evsoc-efinity-v2026.1.132/cam_single/Ti60F225_dsi/work_dbg/debug_top.v:125)
[EFX-0201 WARNING] Re-wiring to GND non-driven net/port 'probe21[0]' in module 'edb_la_top_e660ef83e6b14e37a0dbcd9d89763c19_renamed_due_excessive_length_1'. (C:/Users/Jing-XuanTan(i)/Downloads/evsoc-efinity-v2026.1.132/evsoc-efinity-v2026.1.132/cam_single/Ti60F225_dsi/work_dbg/debug_top.v:125)
[EFX-0011 VERI-WARNING] Input/inout port bscan_DRCK is unconnected. Place and route may remove this unconnected port. (VDB-8003) (C:/Users/Jing-XuanTan(i)/Downloads/evsoc-efinity-v2026.1.132/evsoc-efinity-v2026.1.132/cam_single/Ti60F225_dsi/work_dbg/debug_top.v:17)
[EFX-0011 VERI-WARNING] Input/inout port bscan_RUNTEST is unconnected. Place and route may remove this unconnected port. (VDB-8003) (C:/Users/Jing-XuanTan(i)/Downloads/evsoc-efinity-v2026.1.132/evsoc-efinity-v2026.1.132/cam_single/Ti60F225_dsi/work_dbg/debug_top.v:19)
[EFX-0011 VERI-WARNING] Input/inout port bscan_TMS is unconnected. Place and route may remove this unconnected port. (VDB-8003) (C:/Users/Jing-XuanTan(i)/Downloads/evsoc-efinity-v2026.1.132/evsoc-efinity-v2026.1.132/cam_single/Ti60F225_dsi/work_dbg/debug_top.v:24)
[EFX-0011 VERI-WARNING] Found 3 warnings in the post-synthesis netlist. 

///////////////////////////////////
// Efinity Synthesis Started 
// Sep 29, 2026 15:12:46
///////////////////////////////////


///////////////////////////////////
// Efinity Synthesis Started 
// Sep 29, 2026 15:35:15
///////////////////////////////////

[EFX-0011 VERI-WARNING] port 'probe12' remains unconnected for this instance (VERI-1927) (C:/Users/Jing-XuanTan(i)/Downloads/evsoc-efinity-v2026.1.132/evsoc-efinity-v2026.1.132/cam_single/Ti60F225_dsi/work_dbg/debug_top.v:158)
[EFX-0011 VERI-WARNING] input port 'probe12[0]' remains unconnected for this instance (VDB-1053) (C:/Users/Jing-XuanTan(i)/Downloads/evsoc-efinity-v2026.1.132/evsoc-efinity-v2026.1.132/cam_single/Ti60F225_dsi/work_dbg/debug_top.v:125)
[EFX-0200 WARNING] Removing redundant signal : compared_in[0]. (C:/Users/Jing-XuanTan(i)/Downloads/evsoc-efinity-v2026.1.132/evsoc-efinity-v2026.1.132/cam_single/Ti60F225_dsi/work_dbg/debug_top.v:5560)
[EFX-0200 WARNING] Removing redundant signal : mask_in[0]. (C:/Users/Jing-XuanTan(i)/Downloads/evsoc-efinity-v2026.1.132/evsoc-efinity-v2026.1.132/cam_single/Ti60F225_dsi/work_dbg/debug_top.v:5561)
[EFX-0200 WARNING] Removing redundant signal : trigger_in. (C:/Users/Jing-XuanTan(i)/Downloads/evsoc-efinity-v2026.1.132/evsoc-efinity-v2026.1.132/cam_single/Ti60F225_dsi/work_dbg/debug_top.v:5771)
[EFX-0200 WARNING] Removing redundant signal : clk. (C:/Users/Jing-XuanTan(i)/Downloads/evsoc-efinity-v2026.1.132/evsoc-efinity-v2026.1.132/cam_single/Ti60F225_dsi/work_dbg/debug_top.v:4594)
[EFX-0200 WARNING] Removing redundant signal : full. (C:/Users/Jing-XuanTan(i)/Downloads/evsoc-efinity-v2026.1.132/evsoc-efinity-v2026.1.132/cam_single/Ti60F225_dsi/work_dbg/debug_top.v:4648)
[EFX-0200 WARNING] Removing redundant signal : shift_i. (C:/Users/Jing-XuanTan(i)/Downloads/evsoc-efinity-v2026.1.132/evsoc-efinity-v2026.1.132/cam_single/Ti60F225_dsi/work_dbg/debug_top.v:4918)
[EFX-0200 WARNING] Removing redundant signal : trig_out. (C:/Users/Jing-XuanTan(i)/Downloads/evsoc-efinity-v2026.1.132/evsoc-efinity-v2026.1.132/cam_single/Ti60F225_dsi/work_dbg/debug_top.v:4935)
[EFX-0200 WARNING] Removing redundant signal : trig_out_ack. (C:/Users/Jing-XuanTan(i)/Downloads/evsoc-efinity-v2026.1.132/evsoc-efinity-v2026.1.132/cam_single/Ti60F225_dsi/work_dbg/debug_top.v:4936)
[EFX-0200 WARNING] Removing redundant signal : bscan_DRCK. (C:/Users/Jing-XuanTan(i)/Downloads/evsoc-efinity-v2026.1.132/evsoc-efinity-v2026.1.132/cam_single/Ti60F225_dsi/work_dbg/debug_top.v:1077)
[EFX-0200 WARNING] Removing redundant signal : bscan_RESET. (C:/Users/Jing-XuanTan(i)/Downloads/evsoc-efinity-v2026.1.132/evsoc-efinity-v2026.1.132/cam_single/Ti60F225_dsi/work_dbg/debug_top.v:1078)
[EFX-0200 WARNING] Removing redundant signal : bscan_RUNTEST. (C:/Users/Jing-XuanTan(i)/Downloads/evsoc-efinity-v2026.1.132/evsoc-efinity-v2026.1.132/cam_single/Ti60F225_dsi/work_dbg/debug_top.v:1079)
[EFX-0200 WARNING] Removing redundant signal : bscan_SEL. (C:/Users/Jing-XuanTan(i)/Downloads/evsoc-efinity-v2026.1.132/evsoc-efinity-v2026.1.132/cam_single/Ti60F225_dsi/work_dbg/debug_top.v:1080)
[EFX-0200 WARNING] Removing redundant signal : bscan_TMS. (C:/Users/Jing-XuanTan(i)/Downloads/evsoc-efinity-v2026.1.132/evsoc-efinity-v2026.1.132/cam_single/Ti60F225_dsi/work_dbg/debug_top.v:1084)
[EFX-0200 WARNING] Removing redundant signal : trig_in_ack. (C:/Users/Jing-XuanTan(i)/Downloads/evsoc-efinity-v2026.1.132/evsoc-efinity-v2026.1.132/cam_single/Ti60F225_dsi/work_dbg/debug_top.v:1096)
[EFX-0200 WARNING] Removing redundant signal : mux_capture_cmp[11:0]. (C:/Users/Jing-XuanTan(i)/Downloads/evsoc-efinity-v2026.1.132/evsoc-efinity-v2026.1.132/cam_single/Ti60F225_dsi/work_dbg/debug_top.v:3515)
[EFX-0200 WARNING] Removing redundant signal : bscan_CAPTURE. (C:/Users/Jing-XuanTan(i)/Downloads/evsoc-efinity-v2026.1.132/evsoc-efinity-v2026.1.132/cam_single/Ti60F225_dsi/work_dbg/debug_top.v:316)
[EFX-0200 WARNING] Removing redundant signal : bscan_DRCK. (C:/Users/Jing-XuanTan(i)/Downloads/evsoc-efinity-v2026.1.132/evsoc-efinity-v2026.1.132/cam_single/Ti60F225_dsi/work_dbg/debug_top.v:317)
[EFX-0200 WARNING] Removing redundant signal : bscan_RUNTEST. (C:/Users/Jing-XuanTan(i)/Downloads/evsoc-efinity-v2026.1.132/evsoc-efinity-v2026.1.132/cam_single/Ti60F225_dsi/work_dbg/debug_top.v:319)
[EFX-0200 WARNING] Removing redundant signal : bscan_TMS. (C:/Users/Jing-XuanTan(i)/Downloads/evsoc-efinity-v2026.1.132/evsoc-efinity-v2026.1.132/cam_single/Ti60F225_dsi/work_dbg/debug_top.v:324)
[EFX-0201 WARNING] Re-wiring to GND non-driven net/port 'probe12[0]' in module 'edb_la_top_78beb946eb21458897e01009a677ecf9_renamed_due_excessive_length_1'. (C:/Users/Jing-XuanTan(i)/Downloads/evsoc-efinity-v2026.1.132/evsoc-efinity-v2026.1.132/cam_single/Ti60F225_dsi/work_dbg/debug_top.v:125)
[EFX-0201 WARNING] Re-wiring to GND non-driven net/port 'probe13[0]' in module 'edb_la_top_78beb946eb21458897e01009a677ecf9_renamed_due_excessive_length_1'. (C:/Users/Jing-XuanTan(i)/Downloads/evsoc-efinity-v2026.1.132/evsoc-efinity-v2026.1.132/cam_single/Ti60F225_dsi/work_dbg/debug_top.v:125)
[EFX-0201 WARNING] Re-wiring to GND non-driven net/port 'probe14[0]' in module 'edb_la_top_78beb946eb21458897e01009a677ecf9_renamed_due_excessive_length_1'. (C:/Users/Jing-XuanTan(i)/Downloads/evsoc-efinity-v2026.1.132/evsoc-efinity-v2026.1.132/cam_single/Ti60F225_dsi/work_dbg/debug_top.v:125)
[EFX-0201 WARNING] Re-wiring to GND non-driven net/port 'probe15[0]' in module 'edb_la_top_78beb946eb21458897e01009a677ecf9_renamed_due_excessive_length_1'. (C:/Users/Jing-XuanTan(i)/Downloads/evsoc-efinity-v2026.1.132/evsoc-efinity-v2026.1.132/cam_single/Ti60F225_dsi/work_dbg/debug_top.v:125)
[EFX-0201 WARNING] Re-wiring to GND non-driven net/port 'probe16[0]' in module 'edb_la_top_78beb946eb21458897e01009a677ecf9_renamed_due_excessive_length_1'. (C:/Users/Jing-XuanTan(i)/Downloads/evsoc-efinity-v2026.1.132/evsoc-efinity-v2026.1.132/cam_single/Ti60F225_dsi/work_dbg/debug_top.v:125)
[EFX-0201 WARNING] Re-wiring to GND non-driven net/port 'probe17[0]' in module 'edb_la_top_78beb946eb21458897e01009a677ecf9_renamed_due_excessive_length_1'. (C:/Users/Jing-XuanTan(i)/Downloads/evsoc-efinity-v2026.1.132/evsoc-efinity-v2026.1.132/cam_single/Ti60F225_dsi/work_dbg/debug_top.v:125)
[EFX-0201 WARNING] Re-wiring to GND non-driven net/port 'probe18[0]' in module 'edb_la_top_78beb946eb21458897e01009a677ecf9_renamed_due_excessive_length_1'. (C:/Users/Jing-XuanTan(i)/Downloads/evsoc-efinity-v2026.1.132/evsoc-efinity-v2026.1.132/cam_single/Ti60F225_dsi/work_dbg/debug_top.v:125)
[EFX-0201 WARNING] Re-wiring to GND non-driven net/port 'probe19[0]' in module 'edb_la_top_78beb946eb21458897e01009a677ecf9_renamed_due_excessive_length_1'. (C:/Users/Jing-XuanTan(i)/Downloads/evsoc-efinity-v2026.1.132/evsoc-efinity-v2026.1.132/cam_single/Ti60F225_dsi/work_dbg/debug_top.v:125)
[EFX-0201 WARNING] Re-wiring to GND non-driven net/port 'probe20[0]' in module 'edb_la_top_78beb946eb21458897e01009a677ecf9_renamed_due_excessive_length_1'. (C:/Users/Jing-XuanTan(i)/Downloads/evsoc-efinity-v2026.1.132/evsoc-efinity-v2026.1.132/cam_single/Ti60F225_dsi/work_dbg/debug_top.v:125)
[EFX-0201 WARNING] Re-wiring to GND non-driven net/port 'probe21[0]' in module 'edb_la_top_78beb946eb21458897e01009a677ecf9_renamed_due_excessive_length_1'. (C:/Users/Jing-XuanTan(i)/Downloads/evsoc-efinity-v2026.1.132/evsoc-efinity-v2026.1.132/cam_single/Ti60F225_dsi/work_dbg/debug_top.v:125)
[EFX-0011 VERI-WARNING] Input/inout port bscan_DRCK is unconnected. Place and route may remove this unconnected port. (VDB-8003) (C:/Users/Jing-XuanTan(i)/Downloads/evsoc-efinity-v2026.1.132/evsoc-efinity-v2026.1.132/cam_single/Ti60F225_dsi/work_dbg/debug_top.v:17)
[EFX-0011 VERI-WARNING] Input/inout port bscan_RUNTEST is unconnected. Place and route may remove this unconnected port. (VDB-8003) (C:/Users/Jing-XuanTan(i)/Downloads/evsoc-efinity-v2026.1.132/evsoc-efinity-v2026.1.132/cam_single/Ti60F225_dsi/work_dbg/debug_top.v:19)
[EFX-0011 VERI-WARNING] Input/inout port bscan_TMS is unconnected. Place and route may remove this unconnected port. (VDB-8003) (C:/Users/Jing-XuanTan(i)/Downloads/evsoc-efinity-v2026.1.132/evsoc-efinity-v2026.1.132/cam_single/Ti60F225_dsi/work_dbg/debug_top.v:24)
[EFX-0011 VERI-WARNING] Found 3 warnings in the post-synthesis netlist. 

///////////////////////////////////
// Efinity Synthesis Started 
// Sep 29, 2026 15:35:23
///////////////////////////////////


///////////////////////////////////
// Efinity Synthesis Started 
// Sep 29, 2026 15:52:49
///////////////////////////////////

[EFX-0011 VERI-WARNING] port 'probe18' remains unconnected for this instance (VERI-1927) (C:/Users/Jing-XuanTan(i)/Downloads/evsoc-efinity-v2026.1.132/evsoc-efinity-v2026.1.132/cam_single/Ti60F225_dsi/work_dbg/debug_top.v:182)
[EFX-0011 VERI-WARNING] input port 'probe18[0]' remains unconnected for this instance (VDB-1053) (C:/Users/Jing-XuanTan(i)/Downloads/evsoc-efinity-v2026.1.132/evsoc-efinity-v2026.1.132/cam_single/Ti60F225_dsi/work_dbg/debug_top.v:143)
[EFX-0200 WARNING] Removing redundant signal : compared_in[0]. (C:/Users/Jing-XuanTan(i)/Downloads/evsoc-efinity-v2026.1.132/evsoc-efinity-v2026.1.132/cam_single/Ti60F225_dsi/work_dbg/debug_top.v:5584)
[EFX-0200 WARNING] Removing redundant signal : mask_in[0]. (C:/Users/Jing-XuanTan(i)/Downloads/evsoc-efinity-v2026.1.132/evsoc-efinity-v2026.1.132/cam_single/Ti60F225_dsi/work_dbg/debug_top.v:5585)
[EFX-0200 WARNING] Removing redundant signal : trigger_in. (C:/Users/Jing-XuanTan(i)/Downloads/evsoc-efinity-v2026.1.132/evsoc-efinity-v2026.1.132/cam_single/Ti60F225_dsi/work_dbg/debug_top.v:5795)
[EFX-0200 WARNING] Removing redundant signal : clk. (C:/Users/Jing-XuanTan(i)/Downloads/evsoc-efinity-v2026.1.132/evsoc-efinity-v2026.1.132/cam_single/Ti60F225_dsi/work_dbg/debug_top.v:4618)
[EFX-0200 WARNING] Removing redundant signal : full. (C:/Users/Jing-XuanTan(i)/Downloads/evsoc-efinity-v2026.1.132/evsoc-efinity-v2026.1.132/cam_single/Ti60F225_dsi/work_dbg/debug_top.v:4672)
[EFX-0200 WARNING] Removing redundant signal : shift_i. (C:/Users/Jing-XuanTan(i)/Downloads/evsoc-efinity-v2026.1.132/evsoc-efinity-v2026.1.132/cam_single/Ti60F225_dsi/work_dbg/debug_top.v:4942)
[EFX-0200 WARNING] Removing redundant signal : trig_out. (C:/Users/Jing-XuanTan(i)/Downloads/evsoc-efinity-v2026.1.132/evsoc-efinity-v2026.1.132/cam_single/Ti60F225_dsi/work_dbg/debug_top.v:4959)
[EFX-0200 WARNING] Removing redundant signal : trig_out_ack. (C:/Users/Jing-XuanTan(i)/Downloads/evsoc-efinity-v2026.1.132/evsoc-efinity-v2026.1.132/cam_single/Ti60F225_dsi/work_dbg/debug_top.v:4960)
[EFX-0200 WARNING] Removing redundant signal : bscan_DRCK. (C:/Users/Jing-XuanTan(i)/Downloads/evsoc-efinity-v2026.1.132/evsoc-efinity-v2026.1.132/cam_single/Ti60F225_dsi/work_dbg/debug_top.v:1101)
[EFX-0200 WARNING] Removing redundant signal : bscan_RESET. (C:/Users/Jing-XuanTan(i)/Downloads/evsoc-efinity-v2026.1.132/evsoc-efinity-v2026.1.132/cam_single/Ti60F225_dsi/work_dbg/debug_top.v:1102)
[EFX-0200 WARNING] Removing redundant signal : bscan_RUNTEST. (C:/Users/Jing-XuanTan(i)/Downloads/evsoc-efinity-v2026.1.132/evsoc-efinity-v2026.1.132/cam_single/Ti60F225_dsi/work_dbg/debug_top.v:1103)
[EFX-0200 WARNING] Removing redundant signal : bscan_SEL. (C:/Users/Jing-XuanTan(i)/Downloads/evsoc-efinity-v2026.1.132/evsoc-efinity-v2026.1.132/cam_single/Ti60F225_dsi/work_dbg/debug_top.v:1104)
[EFX-0200 WARNING] Removing redundant signal : bscan_TMS. (C:/Users/Jing-XuanTan(i)/Downloads/evsoc-efinity-v2026.1.132/evsoc-efinity-v2026.1.132/cam_single/Ti60F225_dsi/work_dbg/debug_top.v:1108)
[EFX-0200 WARNING] Removing redundant signal : trig_in_ack. (C:/Users/Jing-XuanTan(i)/Downloads/evsoc-efinity-v2026.1.132/evsoc-efinity-v2026.1.132/cam_single/Ti60F225_dsi/work_dbg/debug_top.v:1120)
[EFX-0200 WARNING] Removing redundant signal : mux_capture_cmp[17:0]. (C:/Users/Jing-XuanTan(i)/Downloads/evsoc-efinity-v2026.1.132/evsoc-efinity-v2026.1.132/cam_single/Ti60F225_dsi/work_dbg/debug_top.v:3539)
[EFX-0200 WARNING] Removing redundant signal : bscan_CAPTURE. (C:/Users/Jing-XuanTan(i)/Downloads/evsoc-efinity-v2026.1.132/evsoc-efinity-v2026.1.132/cam_single/Ti60F225_dsi/work_dbg/debug_top.v:340)
[EFX-0200 WARNING] Removing redundant signal : bscan_DRCK. (C:/Users/Jing-XuanTan(i)/Downloads/evsoc-efinity-v2026.1.132/evsoc-efinity-v2026.1.132/cam_single/Ti60F225_dsi/work_dbg/debug_top.v:341)
[EFX-0200 WARNING] Removing redundant signal : bscan_RUNTEST. (C:/Users/Jing-XuanTan(i)/Downloads/evsoc-efinity-v2026.1.132/evsoc-efinity-v2026.1.132/cam_single/Ti60F225_dsi/work_dbg/debug_top.v:343)
[EFX-0200 WARNING] Removing redundant signal : bscan_TMS. (C:/Users/Jing-XuanTan(i)/Downloads/evsoc-efinity-v2026.1.132/evsoc-efinity-v2026.1.132/cam_single/Ti60F225_dsi/work_dbg/debug_top.v:348)
[EFX-0201 WARNING] Re-wiring to GND non-driven net/port 'probe18[0]' in module 'edb_la_top_dd992241e178408eade159fd69402e46_renamed_due_excessive_length_1'. (C:/Users/Jing-XuanTan(i)/Downloads/evsoc-efinity-v2026.1.132/evsoc-efinity-v2026.1.132/cam_single/Ti60F225_dsi/work_dbg/debug_top.v:143)
[EFX-0201 WARNING] Re-wiring to GND non-driven net/port 'probe19[0]' in module 'edb_la_top_dd992241e178408eade159fd69402e46_renamed_due_excessive_length_1'. (C:/Users/Jing-XuanTan(i)/Downloads/evsoc-efinity-v2026.1.132/evsoc-efinity-v2026.1.132/cam_single/Ti60F225_dsi/work_dbg/debug_top.v:143)
[EFX-0201 WARNING] Re-wiring to GND non-driven net/port 'probe20[0]' in module 'edb_la_top_dd992241e178408eade159fd69402e46_renamed_due_excessive_length_1'. (C:/Users/Jing-XuanTan(i)/Downloads/evsoc-efinity-v2026.1.132/evsoc-efinity-v2026.1.132/cam_single/Ti60F225_dsi/work_dbg/debug_top.v:143)
[EFX-0201 WARNING] Re-wiring to GND non-driven net/port 'probe21[0]' in module 'edb_la_top_dd992241e178408eade159fd69402e46_renamed_due_excessive_length_1'. (C:/Users/Jing-XuanTan(i)/Downloads/evsoc-efinity-v2026.1.132/evsoc-efinity-v2026.1.132/cam_single/Ti60F225_dsi/work_dbg/debug_top.v:143)
[EFX-0201 WARNING] Re-wiring to GND non-driven net/port 'probe22[0]' in module 'edb_la_top_dd992241e178408eade159fd69402e46_renamed_due_excessive_length_1'. (C:/Users/Jing-XuanTan(i)/Downloads/evsoc-efinity-v2026.1.132/evsoc-efinity-v2026.1.132/cam_single/Ti60F225_dsi/work_dbg/debug_top.v:143)
[EFX-0201 WARNING] Re-wiring to GND non-driven net/port 'probe23[0]' in module 'edb_la_top_dd992241e178408eade159fd69402e46_renamed_due_excessive_length_1'. (C:/Users/Jing-XuanTan(i)/Downloads/evsoc-efinity-v2026.1.132/evsoc-efinity-v2026.1.132/cam_single/Ti60F225_dsi/work_dbg/debug_top.v:143)
[EFX-0201 WARNING] Re-wiring to GND non-driven net/port 'probe24[0]' in module 'edb_la_top_dd992241e178408eade159fd69402e46_renamed_due_excessive_length_1'. (C:/Users/Jing-XuanTan(i)/Downloads/evsoc-efinity-v2026.1.132/evsoc-efinity-v2026.1.132/cam_single/Ti60F225_dsi/work_dbg/debug_top.v:143)
[EFX-0201 WARNING] Re-wiring to GND non-driven net/port 'probe25[0]' in module 'edb_la_top_dd992241e178408eade159fd69402e46_renamed_due_excessive_length_1'. (C:/Users/Jing-XuanTan(i)/Downloads/evsoc-efinity-v2026.1.132/evsoc-efinity-v2026.1.132/cam_single/Ti60F225_dsi/work_dbg/debug_top.v:143)
[EFX-0201 WARNING] Re-wiring to GND non-driven net/port 'probe26[0]' in module 'edb_la_top_dd992241e178408eade159fd69402e46_renamed_due_excessive_length_1'. (C:/Users/Jing-XuanTan(i)/Downloads/evsoc-efinity-v2026.1.132/evsoc-efinity-v2026.1.132/cam_single/Ti60F225_dsi/work_dbg/debug_top.v:143)
[EFX-0201 WARNING] Re-wiring to GND non-driven net/port 'probe27[0]' in module 'edb_la_top_dd992241e178408eade159fd69402e46_renamed_due_excessive_length_1'. (C:/Users/Jing-XuanTan(i)/Downloads/evsoc-efinity-v2026.1.132/evsoc-efinity-v2026.1.132/cam_single/Ti60F225_dsi/work_dbg/debug_top.v:143)
[EFX-0011 VERI-WARNING] Input/inout port bscan_DRCK is unconnected. Place and route may remove this unconnected port. (VDB-8003) (C:/Users/Jing-XuanTan(i)/Downloads/evsoc-efinity-v2026.1.132/evsoc-efinity-v2026.1.132/cam_single/Ti60F225_dsi/work_dbg/debug_top.v:17)
[EFX-0011 VERI-WARNING] Input/inout port bscan_RUNTEST is unconnected. Place and route may remove this unconnected port. (VDB-8003) (C:/Users/Jing-XuanTan(i)/Downloads/evsoc-efinity-v2026.1.132/evsoc-efinity-v2026.1.132/cam_single/Ti60F225_dsi/work_dbg/debug_top.v:19)
[EFX-0011 VERI-WARNING] Input/inout port bscan_TMS is unconnected. Place and route may remove this unconnected port. (VDB-8003) (C:/Users/Jing-XuanTan(i)/Downloads/evsoc-efinity-v2026.1.132/evsoc-efinity-v2026.1.132/cam_single/Ti60F225_dsi/work_dbg/debug_top.v:24)
[EFX-0011 VERI-WARNING] Found 3 warnings in the post-synthesis netlist. 

///////////////////////////////////
// Efinity Synthesis Started 
// Sep 29, 2026 15:53:14
///////////////////////////////////


///////////////////////////////////
// Efinity Synthesis Started 
// Sep 30, 2026 13:39:37
///////////////////////////////////

[EFX-0011 VERI-WARNING] port 'probe18' remains unconnected for this instance (VERI-1927) (C:/Users/Jing-XuanTan(i)/Downloads/evsoc-efinity-v2026.1.132/evsoc-efinity-v2026.1.132/cam_single/Ti60F225_dsi/work_dbg/debug_top.v:182)
[EFX-0011 VERI-WARNING] input port 'probe18[0]' remains unconnected for this instance (VDB-1053) (C:/Users/Jing-XuanTan(i)/Downloads/evsoc-efinity-v2026.1.132/evsoc-efinity-v2026.1.132/cam_single/Ti60F225_dsi/work_dbg/debug_top.v:143)
[EFX-0200 WARNING] Removing redundant signal : compared_in[0]. (C:/Users/Jing-XuanTan(i)/Downloads/evsoc-efinity-v2026.1.132/evsoc-efinity-v2026.1.132/cam_single/Ti60F225_dsi/work_dbg/debug_top.v:5584)
[EFX-0200 WARNING] Removing redundant signal : mask_in[0]. (C:/Users/Jing-XuanTan(i)/Downloads/evsoc-efinity-v2026.1.132/evsoc-efinity-v2026.1.132/cam_single/Ti60F225_dsi/work_dbg/debug_top.v:5585)
[EFX-0200 WARNING] Removing redundant signal : trigger_in. (C:/Users/Jing-XuanTan(i)/Downloads/evsoc-efinity-v2026.1.132/evsoc-efinity-v2026.1.132/cam_single/Ti60F225_dsi/work_dbg/debug_top.v:5795)
[EFX-0200 WARNING] Removing redundant signal : clk. (C:/Users/Jing-XuanTan(i)/Downloads/evsoc-efinity-v2026.1.132/evsoc-efinity-v2026.1.132/cam_single/Ti60F225_dsi/work_dbg/debug_top.v:4618)
[EFX-0200 WARNING] Removing redundant signal : full. (C:/Users/Jing-XuanTan(i)/Downloads/evsoc-efinity-v2026.1.132/evsoc-efinity-v2026.1.132/cam_single/Ti60F225_dsi/work_dbg/debug_top.v:4672)
[EFX-0200 WARNING] Removing redundant signal : shift_i. (C:/Users/Jing-XuanTan(i)/Downloads/evsoc-efinity-v2026.1.132/evsoc-efinity-v2026.1.132/cam_single/Ti60F225_dsi/work_dbg/debug_top.v:4942)
[EFX-0200 WARNING] Removing redundant signal : trig_out. (C:/Users/Jing-XuanTan(i)/Downloads/evsoc-efinity-v2026.1.132/evsoc-efinity-v2026.1.132/cam_single/Ti60F225_dsi/work_dbg/debug_top.v:4959)
[EFX-0200 WARNING] Removing redundant signal : trig_out_ack. (C:/Users/Jing-XuanTan(i)/Downloads/evsoc-efinity-v2026.1.132/evsoc-efinity-v2026.1.132/cam_single/Ti60F225_dsi/work_dbg/debug_top.v:4960)
[EFX-0200 WARNING] Removing redundant signal : bscan_DRCK. (C:/Users/Jing-XuanTan(i)/Downloads/evsoc-efinity-v2026.1.132/evsoc-efinity-v2026.1.132/cam_single/Ti60F225_dsi/work_dbg/debug_top.v:1101)
[EFX-0200 WARNING] Removing redundant signal : bscan_RESET. (C:/Users/Jing-XuanTan(i)/Downloads/evsoc-efinity-v2026.1.132/evsoc-efinity-v2026.1.132/cam_single/Ti60F225_dsi/work_dbg/debug_top.v:1102)
[EFX-0200 WARNING] Removing redundant signal : bscan_RUNTEST. (C:/Users/Jing-XuanTan(i)/Downloads/evsoc-efinity-v2026.1.132/evsoc-efinity-v2026.1.132/cam_single/Ti60F225_dsi/work_dbg/debug_top.v:1103)
[EFX-0200 WARNING] Removing redundant signal : bscan_SEL. (C:/Users/Jing-XuanTan(i)/Downloads/evsoc-efinity-v2026.1.132/evsoc-efinity-v2026.1.132/cam_single/Ti60F225_dsi/work_dbg/debug_top.v:1104)
[EFX-0200 WARNING] Removing redundant signal : bscan_TMS. (C:/Users/Jing-XuanTan(i)/Downloads/evsoc-efinity-v2026.1.132/evsoc-efinity-v2026.1.132/cam_single/Ti60F225_dsi/work_dbg/debug_top.v:1108)
[EFX-0200 WARNING] Removing redundant signal : trig_in_ack. (C:/Users/Jing-XuanTan(i)/Downloads/evsoc-efinity-v2026.1.132/evsoc-efinity-v2026.1.132/cam_single/Ti60F225_dsi/work_dbg/debug_top.v:1120)
[EFX-0200 WARNING] Removing redundant signal : mux_capture_cmp[17:0]. (C:/Users/Jing-XuanTan(i)/Downloads/evsoc-efinity-v2026.1.132/evsoc-efinity-v2026.1.132/cam_single/Ti60F225_dsi/work_dbg/debug_top.v:3539)
[EFX-0200 WARNING] Removing redundant signal : bscan_CAPTURE. (C:/Users/Jing-XuanTan(i)/Downloads/evsoc-efinity-v2026.1.132/evsoc-efinity-v2026.1.132/cam_single/Ti60F225_dsi/work_dbg/debug_top.v:340)
[EFX-0200 WARNING] Removing redundant signal : bscan_DRCK. (C:/Users/Jing-XuanTan(i)/Downloads/evsoc-efinity-v2026.1.132/evsoc-efinity-v2026.1.132/cam_single/Ti60F225_dsi/work_dbg/debug_top.v:341)
[EFX-0200 WARNING] Removing redundant signal : bscan_RUNTEST. (C:/Users/Jing-XuanTan(i)/Downloads/evsoc-efinity-v2026.1.132/evsoc-efinity-v2026.1.132/cam_single/Ti60F225_dsi/work_dbg/debug_top.v:343)
[EFX-0200 WARNING] Removing redundant signal : bscan_TMS. (C:/Users/Jing-XuanTan(i)/Downloads/evsoc-efinity-v2026.1.132/evsoc-efinity-v2026.1.132/cam_single/Ti60F225_dsi/work_dbg/debug_top.v:348)
[EFX-0201 WARNING] Re-wiring to GND non-driven net/port 'probe18[0]' in module 'edb_la_top_dd992241e178408eade159fd69402e46_renamed_due_excessive_length_1'. (C:/Users/Jing-XuanTan(i)/Downloads/evsoc-efinity-v2026.1.132/evsoc-efinity-v2026.1.132/cam_single/Ti60F225_dsi/work_dbg/debug_top.v:143)
[EFX-0201 WARNING] Re-wiring to GND non-driven net/port 'probe19[0]' in module 'edb_la_top_dd992241e178408eade159fd69402e46_renamed_due_excessive_length_1'. (C:/Users/Jing-XuanTan(i)/Downloads/evsoc-efinity-v2026.1.132/evsoc-efinity-v2026.1.132/cam_single/Ti60F225_dsi/work_dbg/debug_top.v:143)
[EFX-0201 WARNING] Re-wiring to GND non-driven net/port 'probe20[0]' in module 'edb_la_top_dd992241e178408eade159fd69402e46_renamed_due_excessive_length_1'. (C:/Users/Jing-XuanTan(i)/Downloads/evsoc-efinity-v2026.1.132/evsoc-efinity-v2026.1.132/cam_single/Ti60F225_dsi/work_dbg/debug_top.v:143)
[EFX-0201 WARNING] Re-wiring to GND non-driven net/port 'probe21[0]' in module 'edb_la_top_dd992241e178408eade159fd69402e46_renamed_due_excessive_length_1'. (C:/Users/Jing-XuanTan(i)/Downloads/evsoc-efinity-v2026.1.132/evsoc-efinity-v2026.1.132/cam_single/Ti60F225_dsi/work_dbg/debug_top.v:143)
[EFX-0201 WARNING] Re-wiring to GND non-driven net/port 'probe22[0]' in module 'edb_la_top_dd992241e178408eade159fd69402e46_renamed_due_excessive_length_1'. (C:/Users/Jing-XuanTan(i)/Downloads/evsoc-efinity-v2026.1.132/evsoc-efinity-v2026.1.132/cam_single/Ti60F225_dsi/work_dbg/debug_top.v:143)
[EFX-0201 WARNING] Re-wiring to GND non-driven net/port 'probe23[0]' in module 'edb_la_top_dd992241e178408eade159fd69402e46_renamed_due_excessive_length_1'. (C:/Users/Jing-XuanTan(i)/Downloads/evsoc-efinity-v2026.1.132/evsoc-efinity-v2026.1.132/cam_single/Ti60F225_dsi/work_dbg/debug_top.v:143)
[EFX-0201 WARNING] Re-wiring to GND non-driven net/port 'probe24[0]' in module 'edb_la_top_dd992241e178408eade159fd69402e46_renamed_due_excessive_length_1'. (C:/Users/Jing-XuanTan(i)/Downloads/evsoc-efinity-v2026.1.132/evsoc-efinity-v2026.1.132/cam_single/Ti60F225_dsi/work_dbg/debug_top.v:143)
[EFX-0201 WARNING] Re-wiring to GND non-driven net/port 'probe25[0]' in module 'edb_la_top_dd992241e178408eade159fd69402e46_renamed_due_excessive_length_1'. (C:/Users/Jing-XuanTan(i)/Downloads/evsoc-efinity-v2026.1.132/evsoc-efinity-v2026.1.132/cam_single/Ti60F225_dsi/work_dbg/debug_top.v:143)
[EFX-0201 WARNING] Re-wiring to GND non-driven net/port 'probe26[0]' in module 'edb_la_top_dd992241e178408eade159fd69402e46_renamed_due_excessive_length_1'. (C:/Users/Jing-XuanTan(i)/Downloads/evsoc-efinity-v2026.1.132/evsoc-efinity-v2026.1.132/cam_single/Ti60F225_dsi/work_dbg/debug_top.v:143)
[EFX-0201 WARNING] Re-wiring to GND non-driven net/port 'probe27[0]' in module 'edb_la_top_dd992241e178408eade159fd69402e46_renamed_due_excessive_length_1'. (C:/Users/Jing-XuanTan(i)/Downloads/evsoc-efinity-v2026.1.132/evsoc-efinity-v2026.1.132/cam_single/Ti60F225_dsi/work_dbg/debug_top.v:143)
[EFX-0011 VERI-WARNING] Input/inout port bscan_DRCK is unconnected. Place and route may remove this unconnected port. (VDB-8003) (C:/Users/Jing-XuanTan(i)/Downloads/evsoc-efinity-v2026.1.132/evsoc-efinity-v2026.1.132/cam_single/Ti60F225_dsi/work_dbg/debug_top.v:17)
[EFX-0011 VERI-WARNING] Input/inout port bscan_RUNTEST is unconnected. Place and route may remove this unconnected port. (VDB-8003) (C:/Users/Jing-XuanTan(i)/Downloads/evsoc-efinity-v2026.1.132/evsoc-efinity-v2026.1.132/cam_single/Ti60F225_dsi/work_dbg/debug_top.v:19)
[EFX-0011 VERI-WARNING] Input/inout port bscan_TMS is unconnected. Place and route may remove this unconnected port. (VDB-8003) (C:/Users/Jing-XuanTan(i)/Downloads/evsoc-efinity-v2026.1.132/evsoc-efinity-v2026.1.132/cam_single/Ti60F225_dsi/work_dbg/debug_top.v:24)
[EFX-0011 VERI-WARNING] Found 3 warnings in the post-synthesis netlist. 

///////////////////////////////////
// Efinity Synthesis Started 
// Sep 30, 2026 13:40:03
///////////////////////////////////


///////////////////////////////////
// Efinity Synthesis Started 
// Oct 01, 2026 15:13:04
///////////////////////////////////

[EFX-0011 VERI-WARNING] port 'probe18' remains unconnected for this instance (VERI-1927) (C:/Users/Jing-XuanTan(i)/Downloads/evsoc-efinity-v2026.1.132/evsoc-efinity-v2026.1.132/cam_single/Ti60F225_dsi/work_dbg/debug_top.v:182)
[EFX-0011 VERI-WARNING] input port 'probe18[0]' remains unconnected for this instance (VDB-1053) (C:/Users/Jing-XuanTan(i)/Downloads/evsoc-efinity-v2026.1.132/evsoc-efinity-v2026.1.132/cam_single/Ti60F225_dsi/work_dbg/debug_top.v:143)
[EFX-0200 WARNING] Removing redundant signal : compared_in[0]. (C:/Users/Jing-XuanTan(i)/Downloads/evsoc-efinity-v2026.1.132/evsoc-efinity-v2026.1.132/cam_single/Ti60F225_dsi/work_dbg/debug_top.v:5584)
[EFX-0200 WARNING] Removing redundant signal : mask_in[0]. (C:/Users/Jing-XuanTan(i)/Downloads/evsoc-efinity-v2026.1.132/evsoc-efinity-v2026.1.132/cam_single/Ti60F225_dsi/work_dbg/debug_top.v:5585)
[EFX-0200 WARNING] Removing redundant signal : trigger_in. (C:/Users/Jing-XuanTan(i)/Downloads/evsoc-efinity-v2026.1.132/evsoc-efinity-v2026.1.132/cam_single/Ti60F225_dsi/work_dbg/debug_top.v:5795)
[EFX-0200 WARNING] Removing redundant signal : clk. (C:/Users/Jing-XuanTan(i)/Downloads/evsoc-efinity-v2026.1.132/evsoc-efinity-v2026.1.132/cam_single/Ti60F225_dsi/work_dbg/debug_top.v:4618)
[EFX-0200 WARNING] Removing redundant signal : full. (C:/Users/Jing-XuanTan(i)/Downloads/evsoc-efinity-v2026.1.132/evsoc-efinity-v2026.1.132/cam_single/Ti60F225_dsi/work_dbg/debug_top.v:4672)
[EFX-0200 WARNING] Removing redundant signal : shift_i. (C:/Users/Jing-XuanTan(i)/Downloads/evsoc-efinity-v2026.1.132/evsoc-efinity-v2026.1.132/cam_single/Ti60F225_dsi/work_dbg/debug_top.v:4942)
[EFX-0200 WARNING] Removing redundant signal : trig_out. (C:/Users/Jing-XuanTan(i)/Downloads/evsoc-efinity-v2026.1.132/evsoc-efinity-v2026.1.132/cam_single/Ti60F225_dsi/work_dbg/debug_top.v:4959)
[EFX-0200 WARNING] Removing redundant signal : trig_out_ack. (C:/Users/Jing-XuanTan(i)/Downloads/evsoc-efinity-v2026.1.132/evsoc-efinity-v2026.1.132/cam_single/Ti60F225_dsi/work_dbg/debug_top.v:4960)
[EFX-0200 WARNING] Removing redundant signal : bscan_DRCK. (C:/Users/Jing-XuanTan(i)/Downloads/evsoc-efinity-v2026.1.132/evsoc-efinity-v2026.1.132/cam_single/Ti60F225_dsi/work_dbg/debug_top.v:1101)
[EFX-0200 WARNING] Removing redundant signal : bscan_RESET. (C:/Users/Jing-XuanTan(i)/Downloads/evsoc-efinity-v2026.1.132/evsoc-efinity-v2026.1.132/cam_single/Ti60F225_dsi/work_dbg/debug_top.v:1102)
[EFX-0200 WARNING] Removing redundant signal : bscan_RUNTEST. (C:/Users/Jing-XuanTan(i)/Downloads/evsoc-efinity-v2026.1.132/evsoc-efinity-v2026.1.132/cam_single/Ti60F225_dsi/work_dbg/debug_top.v:1103)
[EFX-0200 WARNING] Removing redundant signal : bscan_SEL. (C:/Users/Jing-XuanTan(i)/Downloads/evsoc-efinity-v2026.1.132/evsoc-efinity-v2026.1.132/cam_single/Ti60F225_dsi/work_dbg/debug_top.v:1104)
[EFX-0200 WARNING] Removing redundant signal : bscan_TMS. (C:/Users/Jing-XuanTan(i)/Downloads/evsoc-efinity-v2026.1.132/evsoc-efinity-v2026.1.132/cam_single/Ti60F225_dsi/work_dbg/debug_top.v:1108)
[EFX-0200 WARNING] Removing redundant signal : trig_in_ack. (C:/Users/Jing-XuanTan(i)/Downloads/evsoc-efinity-v2026.1.132/evsoc-efinity-v2026.1.132/cam_single/Ti60F225_dsi/work_dbg/debug_top.v:1120)
[EFX-0200 WARNING] Removing redundant signal : mux_capture_cmp[17:0]. (C:/Users/Jing-XuanTan(i)/Downloads/evsoc-efinity-v2026.1.132/evsoc-efinity-v2026.1.132/cam_single/Ti60F225_dsi/work_dbg/debug_top.v:3539)
[EFX-0200 WARNING] Removing redundant signal : bscan_CAPTURE. (C:/Users/Jing-XuanTan(i)/Downloads/evsoc-efinity-v2026.1.132/evsoc-efinity-v2026.1.132/cam_single/Ti60F225_dsi/work_dbg/debug_top.v:340)
[EFX-0200 WARNING] Removing redundant signal : bscan_DRCK. (C:/Users/Jing-XuanTan(i)/Downloads/evsoc-efinity-v2026.1.132/evsoc-efinity-v2026.1.132/cam_single/Ti60F225_dsi/work_dbg/debug_top.v:341)
[EFX-0200 WARNING] Removing redundant signal : bscan_RUNTEST. (C:/Users/Jing-XuanTan(i)/Downloads/evsoc-efinity-v2026.1.132/evsoc-efinity-v2026.1.132/cam_single/Ti60F225_dsi/work_dbg/debug_top.v:343)
[EFX-0200 WARNING] Removing redundant signal : bscan_TMS. (C:/Users/Jing-XuanTan(i)/Downloads/evsoc-efinity-v2026.1.132/evsoc-efinity-v2026.1.132/cam_single/Ti60F225_dsi/work_dbg/debug_top.v:348)
[EFX-0201 WARNING] Re-wiring to GND non-driven net/port 'probe18[0]' in module 'edb_la_top_dd992241e178408eade159fd69402e46_renamed_due_excessive_length_1'. (C:/Users/Jing-XuanTan(i)/Downloads/evsoc-efinity-v2026.1.132/evsoc-efinity-v2026.1.132/cam_single/Ti60F225_dsi/work_dbg/debug_top.v:143)
[EFX-0201 WARNING] Re-wiring to GND non-driven net/port 'probe19[0]' in module 'edb_la_top_dd992241e178408eade159fd69402e46_renamed_due_excessive_length_1'. (C:/Users/Jing-XuanTan(i)/Downloads/evsoc-efinity-v2026.1.132/evsoc-efinity-v2026.1.132/cam_single/Ti60F225_dsi/work_dbg/debug_top.v:143)
[EFX-0201 WARNING] Re-wiring to GND non-driven net/port 'probe20[0]' in module 'edb_la_top_dd992241e178408eade159fd69402e46_renamed_due_excessive_length_1'. (C:/Users/Jing-XuanTan(i)/Downloads/evsoc-efinity-v2026.1.132/evsoc-efinity-v2026.1.132/cam_single/Ti60F225_dsi/work_dbg/debug_top.v:143)
[EFX-0201 WARNING] Re-wiring to GND non-driven net/port 'probe21[0]' in module 'edb_la_top_dd992241e178408eade159fd69402e46_renamed_due_excessive_length_1'. (C:/Users/Jing-XuanTan(i)/Downloads/evsoc-efinity-v2026.1.132/evsoc-efinity-v2026.1.132/cam_single/Ti60F225_dsi/work_dbg/debug_top.v:143)
[EFX-0201 WARNING] Re-wiring to GND non-driven net/port 'probe22[0]' in module 'edb_la_top_dd992241e178408eade159fd69402e46_renamed_due_excessive_length_1'. (C:/Users/Jing-XuanTan(i)/Downloads/evsoc-efinity-v2026.1.132/evsoc-efinity-v2026.1.132/cam_single/Ti60F225_dsi/work_dbg/debug_top.v:143)
[EFX-0201 WARNING] Re-wiring to GND non-driven net/port 'probe23[0]' in module 'edb_la_top_dd992241e178408eade159fd69402e46_renamed_due_excessive_length_1'. (C:/Users/Jing-XuanTan(i)/Downloads/evsoc-efinity-v2026.1.132/evsoc-efinity-v2026.1.132/cam_single/Ti60F225_dsi/work_dbg/debug_top.v:143)
[EFX-0201 WARNING] Re-wiring to GND non-driven net/port 'probe24[0]' in module 'edb_la_top_dd992241e178408eade159fd69402e46_renamed_due_excessive_length_1'. (C:/Users/Jing-XuanTan(i)/Downloads/evsoc-efinity-v2026.1.132/evsoc-efinity-v2026.1.132/cam_single/Ti60F225_dsi/work_dbg/debug_top.v:143)
[EFX-0201 WARNING] Re-wiring to GND non-driven net/port 'probe25[0]' in module 'edb_la_top_dd992241e178408eade159fd69402e46_renamed_due_excessive_length_1'. (C:/Users/Jing-XuanTan(i)/Downloads/evsoc-efinity-v2026.1.132/evsoc-efinity-v2026.1.132/cam_single/Ti60F225_dsi/work_dbg/debug_top.v:143)
[EFX-0201 WARNING] Re-wiring to GND non-driven net/port 'probe26[0]' in module 'edb_la_top_dd992241e178408eade159fd69402e46_renamed_due_excessive_length_1'. (C:/Users/Jing-XuanTan(i)/Downloads/evsoc-efinity-v2026.1.132/evsoc-efinity-v2026.1.132/cam_single/Ti60F225_dsi/work_dbg/debug_top.v:143)
[EFX-0201 WARNING] Re-wiring to GND non-driven net/port 'probe27[0]' in module 'edb_la_top_dd992241e178408eade159fd69402e46_renamed_due_excessive_length_1'. (C:/Users/Jing-XuanTan(i)/Downloads/evsoc-efinity-v2026.1.132/evsoc-efinity-v2026.1.132/cam_single/Ti60F225_dsi/work_dbg/debug_top.v:143)
[EFX-0011 VERI-WARNING] Input/inout port bscan_DRCK is unconnected. Place and route may remove this unconnected port. (VDB-8003) (C:/Users/Jing-XuanTan(i)/Downloads/evsoc-efinity-v2026.1.132/evsoc-efinity-v2026.1.132/cam_single/Ti60F225_dsi/work_dbg/debug_top.v:17)
[EFX-0011 VERI-WARNING] Input/inout port bscan_RUNTEST is unconnected. Place and route may remove this unconnected port. (VDB-8003) (C:/Users/Jing-XuanTan(i)/Downloads/evsoc-efinity-v2026.1.132/evsoc-efinity-v2026.1.132/cam_single/Ti60F225_dsi/work_dbg/debug_top.v:19)
[EFX-0011 VERI-WARNING] Input/inout port bscan_TMS is unconnected. Place and route may remove this unconnected port. (VDB-8003) (C:/Users/Jing-XuanTan(i)/Downloads/evsoc-efinity-v2026.1.132/evsoc-efinity-v2026.1.132/cam_single/Ti60F225_dsi/work_dbg/debug_top.v:24)
[EFX-0011 VERI-WARNING] Found 3 warnings in the post-synthesis netlist. 

///////////////////////////////////
// Efinity Synthesis Started 
// Oct 01, 2026 15:13:39
///////////////////////////////////


///////////////////////////////////
// Efinity Synthesis Started 
// Oct 02, 2026 10:00:28
///////////////////////////////////

[EFX-0011 VERI-WARNING] port 'probe6' remains unconnected for this instance (VERI-1927) (C:/Users/Jing-XuanTan(i)/Downloads/evsoc-efinity-v2026.1.132/evsoc-efinity-v2026.1.132/cam_single/Ti60F225_dsi/work_dbg/debug_top.v:134)
[EFX-0011 VERI-WARNING] input port 'probe6[0]' remains unconnected for this instance (VDB-1053) (C:/Users/Jing-XuanTan(i)/Downloads/evsoc-efinity-v2026.1.132/evsoc-efinity-v2026.1.132/cam_single/Ti60F225_dsi/work_dbg/debug_top.v:107)
[EFX-0200 WARNING] Removing redundant signal : compared_in[0]. (C:/Users/Jing-XuanTan(i)/Downloads/evsoc-efinity-v2026.1.132/evsoc-efinity-v2026.1.132/cam_single/Ti60F225_dsi/work_dbg/debug_top.v:5536)
[EFX-0200 WARNING] Removing redundant signal : mask_in[0]. (C:/Users/Jing-XuanTan(i)/Downloads/evsoc-efinity-v2026.1.132/evsoc-efinity-v2026.1.132/cam_single/Ti60F225_dsi/work_dbg/debug_top.v:5537)
[EFX-0200 WARNING] Removing redundant signal : trigger_in. (C:/Users/Jing-XuanTan(i)/Downloads/evsoc-efinity-v2026.1.132/evsoc-efinity-v2026.1.132/cam_single/Ti60F225_dsi/work_dbg/debug_top.v:5747)
[EFX-0200 WARNING] Removing redundant signal : clk. (C:/Users/Jing-XuanTan(i)/Downloads/evsoc-efinity-v2026.1.132/evsoc-efinity-v2026.1.132/cam_single/Ti60F225_dsi/work_dbg/debug_top.v:4570)
[EFX-0200 WARNING] Removing redundant signal : full. (C:/Users/Jing-XuanTan(i)/Downloads/evsoc-efinity-v2026.1.132/evsoc-efinity-v2026.1.132/cam_single/Ti60F225_dsi/work_dbg/debug_top.v:4624)
[EFX-0200 WARNING] Removing redundant signal : shift_i. (C:/Users/Jing-XuanTan(i)/Downloads/evsoc-efinity-v2026.1.132/evsoc-efinity-v2026.1.132/cam_single/Ti60F225_dsi/work_dbg/debug_top.v:4894)
[EFX-0200 WARNING] Removing redundant signal : trig_out. (C:/Users/Jing-XuanTan(i)/Downloads/evsoc-efinity-v2026.1.132/evsoc-efinity-v2026.1.132/cam_single/Ti60F225_dsi/work_dbg/debug_top.v:4911)
[EFX-0200 WARNING] Removing redundant signal : trig_out_ack. (C:/Users/Jing-XuanTan(i)/Downloads/evsoc-efinity-v2026.1.132/evsoc-efinity-v2026.1.132/cam_single/Ti60F225_dsi/work_dbg/debug_top.v:4912)
[EFX-0200 WARNING] Removing redundant signal : bscan_DRCK. (C:/Users/Jing-XuanTan(i)/Downloads/evsoc-efinity-v2026.1.132/evsoc-efinity-v2026.1.132/cam_single/Ti60F225_dsi/work_dbg/debug_top.v:1053)
[EFX-0200 WARNING] Removing redundant signal : bscan_RESET. (C:/Users/Jing-XuanTan(i)/Downloads/evsoc-efinity-v2026.1.132/evsoc-efinity-v2026.1.132/cam_single/Ti60F225_dsi/work_dbg/debug_top.v:1054)
[EFX-0200 WARNING] Removing redundant signal : bscan_RUNTEST. (C:/Users/Jing-XuanTan(i)/Downloads/evsoc-efinity-v2026.1.132/evsoc-efinity-v2026.1.132/cam_single/Ti60F225_dsi/work_dbg/debug_top.v:1055)
[EFX-0200 WARNING] Removing redundant signal : bscan_SEL. (C:/Users/Jing-XuanTan(i)/Downloads/evsoc-efinity-v2026.1.132/evsoc-efinity-v2026.1.132/cam_single/Ti60F225_dsi/work_dbg/debug_top.v:1056)
[EFX-0200 WARNING] Removing redundant signal : bscan_TMS. (C:/Users/Jing-XuanTan(i)/Downloads/evsoc-efinity-v2026.1.132/evsoc-efinity-v2026.1.132/cam_single/Ti60F225_dsi/work_dbg/debug_top.v:1060)
[EFX-0200 WARNING] Removing redundant signal : trig_in_ack. (C:/Users/Jing-XuanTan(i)/Downloads/evsoc-efinity-v2026.1.132/evsoc-efinity-v2026.1.132/cam_single/Ti60F225_dsi/work_dbg/debug_top.v:1072)
[EFX-0200 WARNING] Removing redundant signal : mux_capture_cmp[5:0]. (C:/Users/Jing-XuanTan(i)/Downloads/evsoc-efinity-v2026.1.132/evsoc-efinity-v2026.1.132/cam_single/Ti60F225_dsi/work_dbg/debug_top.v:3491)
[EFX-0200 WARNING] Removing redundant signal : bscan_CAPTURE. (C:/Users/Jing-XuanTan(i)/Downloads/evsoc-efinity-v2026.1.132/evsoc-efinity-v2026.1.132/cam_single/Ti60F225_dsi/work_dbg/debug_top.v:292)
[EFX-0200 WARNING] Removing redundant signal : bscan_DRCK. (C:/Users/Jing-XuanTan(i)/Downloads/evsoc-efinity-v2026.1.132/evsoc-efinity-v2026.1.132/cam_single/Ti60F225_dsi/work_dbg/debug_top.v:293)
[EFX-0200 WARNING] Removing redundant signal : bscan_RUNTEST. (C:/Users/Jing-XuanTan(i)/Downloads/evsoc-efinity-v2026.1.132/evsoc-efinity-v2026.1.132/cam_single/Ti60F225_dsi/work_dbg/debug_top.v:295)
[EFX-0200 WARNING] Removing redundant signal : bscan_TMS. (C:/Users/Jing-XuanTan(i)/Downloads/evsoc-efinity-v2026.1.132/evsoc-efinity-v2026.1.132/cam_single/Ti60F225_dsi/work_dbg/debug_top.v:300)
[EFX-0201 WARNING] Re-wiring to GND non-driven net/port 'probe6[0]' in module 'edb_la_top_4510ad0427554b979e97f9d0f41656ca(NUM_PROBES=6,DATA_DEPTH=4096,INPUT_PIPE_STAGES=1,UUID=128'b01100010000100011000001110110001001101100111011001000111000100011011011010010011000010101100100010001001001101010011001011111010,PROBE0_TYPE=1,PROBE1_TYPE=1,PROBE2_TYPE=1,PROBE3_TYPE=1,PROBE4_TYPE=1,PROBE5_TYPE=1)'. (C:/Users/Jing-XuanTan(i)/Downloads/evsoc-efinity-v2026.1.132/evsoc-efinity-v2026.1.132/cam_single/Ti60F225_dsi/work_dbg/debug_top.v:107)
[EFX-0201 WARNING] Re-wiring to GND non-driven net/port 'probe7[0]' in module 'edb_la_top_4510ad0427554b979e97f9d0f41656ca(NUM_PROBES=6,DATA_DEPTH=4096,INPUT_PIPE_STAGES=1,UUID=128'b01100010000100011000001110110001001101100111011001000111000100011011011010010011000010101100100010001001001101010011001011111010,PROBE0_TYPE=1,PROBE1_TYPE=1,PROBE2_TYPE=1,PROBE3_TYPE=1,PROBE4_TYPE=1,PROBE5_TYPE=1)'. (C:/Users/Jing-XuanTan(i)/Downloads/evsoc-efinity-v2026.1.132/evsoc-efinity-v2026.1.132/cam_single/Ti60F225_dsi/work_dbg/debug_top.v:107)
[EFX-0201 WARNING] Re-wiring to GND non-driven net/port 'probe8[0]' in module 'edb_la_top_4510ad0427554b979e97f9d0f41656ca(NUM_PROBES=6,DATA_DEPTH=4096,INPUT_PIPE_STAGES=1,UUID=128'b01100010000100011000001110110001001101100111011001000111000100011011011010010011000010101100100010001001001101010011001011111010,PROBE0_TYPE=1,PROBE1_TYPE=1,PROBE2_TYPE=1,PROBE3_TYPE=1,PROBE4_TYPE=1,PROBE5_TYPE=1)'. (C:/Users/Jing-XuanTan(i)/Downloads/evsoc-efinity-v2026.1.132/evsoc-efinity-v2026.1.132/cam_single/Ti60F225_dsi/work_dbg/debug_top.v:107)
[EFX-0201 WARNING] Re-wiring to GND non-driven net/port 'probe9[0]' in module 'edb_la_top_4510ad0427554b979e97f9d0f41656ca(NUM_PROBES=6,DATA_DEPTH=4096,INPUT_PIPE_STAGES=1,UUID=128'b01100010000100011000001110110001001101100111011001000111000100011011011010010011000010101100100010001001001101010011001011111010,PROBE0_TYPE=1,PROBE1_TYPE=1,PROBE2_TYPE=1,PROBE3_TYPE=1,PROBE4_TYPE=1,PROBE5_TYPE=1)'. (C:/Users/Jing-XuanTan(i)/Downloads/evsoc-efinity-v2026.1.132/evsoc-efinity-v2026.1.132/cam_single/Ti60F225_dsi/work_dbg/debug_top.v:107)
[EFX-0201 WARNING] Re-wiring to GND non-driven net/port 'probe10[0]' in module 'edb_la_top_4510ad0427554b979e97f9d0f41656ca(NUM_PROBES=6,DATA_DEPTH=4096,INPUT_PIPE_STAGES=1,UUID=128'b01100010000100011000001110110001001101100111011001000111000100011011011010010011000010101100100010001001001101010011001011111010,PROBE0_TYPE=1,PROBE1_TYPE=1,PROBE2_TYPE=1,PROBE3_TYPE=1,PROBE4_TYPE=1,PROBE5_TYPE=1)'. (C:/Users/Jing-XuanTan(i)/Downloads/evsoc-efinity-v2026.1.132/evsoc-efinity-v2026.1.132/cam_single/Ti60F225_dsi/work_dbg/debug_top.v:107)
[EFX-0201 WARNING] Re-wiring to GND non-driven net/port 'probe11[0]' in module 'edb_la_top_4510ad0427554b979e97f9d0f41656ca(NUM_PROBES=6,DATA_DEPTH=4096,INPUT_PIPE_STAGES=1,UUID=128'b01100010000100011000001110110001001101100111011001000111000100011011011010010011000010101100100010001001001101010011001011111010,PROBE0_TYPE=1,PROBE1_TYPE=1,PROBE2_TYPE=1,PROBE3_TYPE=1,PROBE4_TYPE=1,PROBE5_TYPE=1)'. (C:/Users/Jing-XuanTan(i)/Downloads/evsoc-efinity-v2026.1.132/evsoc-efinity-v2026.1.132/cam_single/Ti60F225_dsi/work_dbg/debug_top.v:107)
[EFX-0201 WARNING] Re-wiring to GND non-driven net/port 'probe12[0]' in module 'edb_la_top_4510ad0427554b979e97f9d0f41656ca(NUM_PROBES=6,DATA_DEPTH=4096,INPUT_PIPE_STAGES=1,UUID=128'b01100010000100011000001110110001001101100111011001000111000100011011011010010011000010101100100010001001001101010011001011111010,PROBE0_TYPE=1,PROBE1_TYPE=1,PROBE2_TYPE=1,PROBE3_TYPE=1,PROBE4_TYPE=1,PROBE5_TYPE=1)'. (C:/Users/Jing-XuanTan(i)/Downloads/evsoc-efinity-v2026.1.132/evsoc-efinity-v2026.1.132/cam_single/Ti60F225_dsi/work_dbg/debug_top.v:107)
[EFX-0201 WARNING] Re-wiring to GND non-driven net/port 'probe13[0]' in module 'edb_la_top_4510ad0427554b979e97f9d0f41656ca(NUM_PROBES=6,DATA_DEPTH=4096,INPUT_PIPE_STAGES=1,UUID=128'b01100010000100011000001110110001001101100111011001000111000100011011011010010011000010101100100010001001001101010011001011111010,PROBE0_TYPE=1,PROBE1_TYPE=1,PROBE2_TYPE=1,PROBE3_TYPE=1,PROBE4_TYPE=1,PROBE5_TYPE=1)'. (C:/Users/Jing-XuanTan(i)/Downloads/evsoc-efinity-v2026.1.132/evsoc-efinity-v2026.1.132/cam_single/Ti60F225_dsi/work_dbg/debug_top.v:107)
[EFX-0201 WARNING] Re-wiring to GND non-driven net/port 'probe14[0]' in module 'edb_la_top_4510ad0427554b979e97f9d0f41656ca(NUM_PROBES=6,DATA_DEPTH=4096,INPUT_PIPE_STAGES=1,UUID=128'b01100010000100011000001110110001001101100111011001000111000100011011011010010011000010101100100010001001001101010011001011111010,PROBE0_TYPE=1,PROBE1_TYPE=1,PROBE2_TYPE=1,PROBE3_TYPE=1,PROBE4_TYPE=1,PROBE5_TYPE=1)'. (C:/Users/Jing-XuanTan(i)/Downloads/evsoc-efinity-v2026.1.132/evsoc-efinity-v2026.1.132/cam_single/Ti60F225_dsi/work_dbg/debug_top.v:107)
[EFX-0201 WARNING] Re-wiring to GND non-driven net/port 'probe15[0]' in module 'edb_la_top_4510ad0427554b979e97f9d0f41656ca(NUM_PROBES=6,DATA_DEPTH=4096,INPUT_PIPE_STAGES=1,UUID=128'b01100010000100011000001110110001001101100111011001000111000100011011011010010011000010101100100010001001001101010011001011111010,PROBE0_TYPE=1,PROBE1_TYPE=1,PROBE2_TYPE=1,PROBE3_TYPE=1,PROBE4_TYPE=1,PROBE5_TYPE=1)'. (C:/Users/Jing-XuanTan(i)/Downloads/evsoc-efinity-v2026.1.132/evsoc-efinity-v2026.1.132/cam_single/Ti60F225_dsi/work_dbg/debug_top.v:107)
[EFX-0011 VERI-WARNING] Input/inout port bscan_DRCK is unconnected. Place and route may remove this unconnected port. (VDB-8003) (C:/Users/Jing-XuanTan(i)/Downloads/evsoc-efinity-v2026.1.132/evsoc-efinity-v2026.1.132/cam_single/Ti60F225_dsi/work_dbg/debug_top.v:17)
[EFX-0011 VERI-WARNING] Input/inout port bscan_RUNTEST is unconnected. Place and route may remove this unconnected port. (VDB-8003) (C:/Users/Jing-XuanTan(i)/Downloads/evsoc-efinity-v2026.1.132/evsoc-efinity-v2026.1.132/cam_single/Ti60F225_dsi/work_dbg/debug_top.v:19)
[EFX-0011 VERI-WARNING] Input/inout port bscan_TMS is unconnected. Place and route may remove this unconnected port. (VDB-8003) (C:/Users/Jing-XuanTan(i)/Downloads/evsoc-efinity-v2026.1.132/evsoc-efinity-v2026.1.132/cam_single/Ti60F225_dsi/work_dbg/debug_top.v:24)
[EFX-0011 VERI-WARNING] Found 3 warnings in the post-synthesis netlist. 

///////////////////////////////////
// Efinity Synthesis Started 
// Oct 02, 2026 10:00:39
///////////////////////////////////

[EFX-0200 WARNING] Removing redundant signal : Rx_HS_D_2[7:0]. (C:\Users\Jing-XuanTan(i)\Downloads\evsoc-efinity-v2026.1.132\evsoc-efinity-v2026.1.132\cam_single\Ti60F225_dsi\ip\csi2_rx_cam\csi2_rx_cam.sv:6307)
[EFX-0200 WARNING] Removing redundant signal : Rx_HS_D_3[7:0]. (C:\Users\Jing-XuanTan(i)\Downloads\evsoc-efinity-v2026.1.132\evsoc-efinity-v2026.1.132\cam_single\Ti60F225_dsi\ip\csi2_rx_cam\csi2_rx_cam.sv:6307)
[EFX-0200 WARNING] Removing redundant signal : Rx_HS_D_4[7:0]. (C:\Users\Jing-XuanTan(i)\Downloads\evsoc-efinity-v2026.1.132\evsoc-efinity-v2026.1.132\cam_single\Ti60F225_dsi\ip\csi2_rx_cam\csi2_rx_cam.sv:6307)
[EFX-0200 WARNING] Removing redundant signal : Rx_HS_D_5[7:0]. (C:\Users\Jing-XuanTan(i)\Downloads\evsoc-efinity-v2026.1.132\evsoc-efinity-v2026.1.132\cam_single\Ti60F225_dsi\ip\csi2_rx_cam\csi2_rx_cam.sv:6307)
[EFX-0200 WARNING] Removing redundant signal : Rx_HS_D_6[7:0]. (C:\Users\Jing-XuanTan(i)\Downloads\evsoc-efinity-v2026.1.132\evsoc-efinity-v2026.1.132\cam_single\Ti60F225_dsi\ip\csi2_rx_cam\csi2_rx_cam.sv:6307)
[EFX-0200 WARNING] Removing redundant signal : Rx_HS_D_7[7:0]. (C:\Users\Jing-XuanTan(i)\Downloads\evsoc-efinity-v2026.1.132\evsoc-efinity-v2026.1.132\cam_single\Ti60F225_dsi\ip\csi2_rx_cam\csi2_rx_cam.sv:6307)
[EFX-0200 WARNING] Removing redundant signal : u_dly_enable_D[1:0]. (C:\Users\Jing-XuanTan(i)\Downloads\evsoc-efinity-v2026.1.132\evsoc-efinity-v2026.1.132\cam_single\Ti60F225_dsi\ip\csi2_rx_cam\csi2_rx_cam.sv:6307)
[EFX-0200 WARNING] Removing redundant signal : u_dly_inc_D[1:0]. (C:\Users\Jing-XuanTan(i)\Downloads\evsoc-efinity-v2026.1.132\evsoc-efinity-v2026.1.132\cam_single\Ti60F225_dsi\ip\csi2_rx_cam\csi2_rx_cam.sv:6307)
[EFX-0200 WARNING] Removing redundant signal : axi_awaddr[1:0]. (C:\Users\Jing-XuanTan(i)\Downloads\evsoc-efinity-v2026.1.132\evsoc-efinity-v2026.1.132\cam_single\Ti60F225_dsi\ip\csi2_rx_cam\csi2_rx_cam.sv:5564)
[EFX-0200 WARNING] Removing redundant signal : axi_araddr[1:0]. (C:\Users\Jing-XuanTan(i)\Downloads\evsoc-efinity-v2026.1.132\evsoc-efinity-v2026.1.132\cam_single\Ti60F225_dsi\ip\csi2_rx_cam\csi2_rx_cam.sv:5564)
[EFX-0200 WARNING] Removing redundant signal : loc_rdata[31:0]. (C:\Users\Jing-XuanTan(i)\Downloads\evsoc-efinity-v2026.1.132\evsoc-efinity-v2026.1.132\cam_single\Ti60F225_dsi\ip\csi2_rx_cam\csi2_rx_cam.sv:5564)
[EFX-0200 WARNING] Removing redundant signal : nextCRC16_D16[15:0]. (C:\Users\Jing-XuanTan(i)\Downloads\evsoc-efinity-v2026.1.132\evsoc-efinity-v2026.1.132\cam_single\Ti60F225_dsi\ip\csi2_rx_cam\csi2_rx_cam.sv:1466)
[EFX-0200 WARNING] Removing redundant signal : nextCRC16_D16.Data[15:0]. (C:\Users\Jing-XuanTan(i)\Downloads\evsoc-efinity-v2026.1.132\evsoc-efinity-v2026.1.132\cam_single\Ti60F225_dsi\ip\csi2_rx_cam\csi2_rx_cam.sv:1466)
[EFX-0200 WARNING] Removing redundant signal : nextCRC16_D16.fcrc[15:0]. (C:\Users\Jing-XuanTan(i)\Downloads\evsoc-efinity-v2026.1.132\evsoc-efinity-v2026.1.132\cam_single\Ti60F225_dsi\ip\csi2_rx_cam\csi2_rx_cam.sv:1466)
[EFX-0200 WARNING] Removing redundant signal : nextCRC16_D16.d[15:0]. (C:\Users\Jing-XuanTan(i)\Downloads\evsoc-efinity-v2026.1.132\evsoc-efinity-v2026.1.132\cam_single\Ti60F225_dsi\ip\csi2_rx_cam\csi2_rx_cam.sv:1466)
[EFX-0200 WARNING] Removing redundant signal : nextCRC16_D16.c[15:0]. (C:\Users\Jing-XuanTan(i)\Downloads\evsoc-efinity-v2026.1.132\evsoc-efinity-v2026.1.132\cam_single\Ti60F225_dsi\ip\csi2_rx_cam\csi2_rx_cam.sv:1466)
[EFX-0200 WARNING] Removing redundant signal : nextCRC16_D16.newcrc[15:0]. (C:\Users\Jing-XuanTan(i)\Downloads\evsoc-efinity-v2026.1.132\evsoc-efinity-v2026.1.132\cam_single\Ti60F225_dsi\ip\csi2_rx_cam\csi2_rx_cam.sv:1466)
[EFX-0200 WARNING] Removing redundant signal : nextCRC16_D8[15:0]. (C:\Users\Jing-XuanTan(i)\Downloads\evsoc-efinity-v2026.1.132\evsoc-efinity-v2026.1.132\cam_single\Ti60F225_dsi\ip\csi2_rx_cam\csi2_rx_cam.sv:1466)
[EFX-0200 WARNING] Removing redundant signal : nextCRC16_D8.Data[7:0]. (C:\Users\Jing-XuanTan(i)\Downloads\evsoc-efinity-v2026.1.132\evsoc-efinity-v2026.1.132\cam_single\Ti60F225_dsi\ip\csi2_rx_cam\csi2_rx_cam.sv:1466)
[EFX-0200 WARNING] Removing redundant signal : nextCRC16_D8.fcrc[15:0]. (C:\Users\Jing-XuanTan(i)\Downloads\evsoc-efinity-v2026.1.132\evsoc-efinity-v2026.1.132\cam_single\Ti60F225_dsi\ip\csi2_rx_cam\csi2_rx_cam.sv:1466)
[EFX-0201 WARNING] Re-wiring to GND non-driven net/port 'a_wr_rst_i' in module 'efx_fifo_top_077823fa68f649b1a7074c944568f3e4(FAMILY="TITANIUM",SYNC_CLK=1,DATA_WIDTH=40,PIPELINE_REG=0,OUTPUT_REG=1,PROGRAMMABLE_FULL="NONE",PROG_FULL_ASSERT=510,PROG_FULL_NEGATE=510,PROGRAMMABLE_EMPTY="NONE",PROG_EMPTY_ASSERT=2,PROG_EMPTY_NEGATE=3)'. (C:\Users\Jing-XuanTan(i)\Downloads\evsoc-efinity-v2026.1.132\evsoc-efinity-v2026.1.132\cam_single\Ti60F225_dsi\ip\cam_pixel_remap_fifo\cam_pixel_remap_fifo.sv:92)
[EFX-0201 WARNING] Re-wiring to GND non-driven net/port 'a_rd_rst_i' in module 'efx_fifo_top_077823fa68f649b1a7074c944568f3e4(FAMILY="TITANIUM",SYNC_CLK=1,DATA_WIDTH=40,PIPELINE_REG=0,OUTPUT_REG=1,PROGRAMMABLE_FULL="NONE",PROG_FULL_ASSERT=510,PROG_FULL_NEGATE=510,PROGRAMMABLE_EMPTY="NONE",PROG_EMPTY_ASSERT=2,PROG_EMPTY_NEGATE=3)'. (C:\Users\Jing-XuanTan(i)\Downloads\evsoc-efinity-v2026.1.132\evsoc-efinity-v2026.1.132\cam_single\Ti60F225_dsi\ip\cam_pixel_remap_fifo\cam_pixel_remap_fifo.sv:92)
[EFX-0201 WARNING] Re-wiring to GND non-driven net/port 'wr_clk_i' in module 'efx_fifo_top_077823fa68f649b1a7074c944568f3e4(FAMILY="TITANIUM",SYNC_CLK=1,DATA_WIDTH=40,PIPELINE_REG=0,OUTPUT_REG=1,PROGRAMMABLE_FULL="NONE",PROG_FULL_ASSERT=510,PROG_FULL_NEGATE=510,PROGRAMMABLE_EMPTY="NONE",PROG_EMPTY_ASSERT=2,PROG_EMPTY_NEGATE=3)'. (C:\Users\Jing-XuanTan(i)\Downloads\evsoc-efinity-v2026.1.132\evsoc-efinity-v2026.1.132\cam_single\Ti60F225_dsi\ip\cam_pixel_remap_fifo\cam_pixel_remap_fifo.sv:92)
[EFX-0201 WARNING] Re-wiring to GND non-driven net/port 'rd_clk_i' in module 'efx_fifo_top_077823fa68f649b1a7074c944568f3e4(FAMILY="TITANIUM",SYNC_CLK=1,DATA_WIDTH=40,PIPELINE_REG=0,OUTPUT_REG=1,PROGRAMMABLE_FULL="NONE",PROG_FULL_ASSERT=510,PROG_FULL_NEGATE=510,PROGRAMMABLE_EMPTY="NONE",PROG_EMPTY_ASSERT=2,PROG_EMPTY_NEGATE=3)'. (C:\Users\Jing-XuanTan(i)\Downloads\evsoc-efinity-v2026.1.132\evsoc-efinity-v2026.1.132\cam_single\Ti60F225_dsi\ip\cam_pixel_remap_fifo\cam_pixel_remap_fifo.sv:92)
[EFX-0201 WARNING] Re-wiring to GND non-driven net/port 'r_registers[12][31]' in module 'axi_lite_register(S_AXI_WSTRB_WIDTH=4)'. (C:\Users\Jing-XuanTan(i)\Downloads\evsoc-efinity-v2026.1.132\evsoc-efinity-v2026.1.132\cam_single\Ti60F225_dsi\source/isp/axi_lite_register.sv:99)
[EFX-0201 WARNING] Re-wiring to GND non-driven net/port 'r_registers[12][30]' in module 'axi_lite_register(S_AXI_WSTRB_WIDTH=4)'. (C:\Users\Jing-XuanTan(i)\Downloads\evsoc-efinity-v2026.1.132\evsoc-efinity-v2026.1.132\cam_single\Ti60F225_dsi\source/isp/axi_lite_register.sv:99)
[EFX-0201 WARNING] Re-wiring to GND non-driven net/port 'r_registers[12][29]' in module 'axi_lite_register(S_AXI_WSTRB_WIDTH=4)'. (C:\Users\Jing-XuanTan(i)\Downloads\evsoc-efinity-v2026.1.132\evsoc-efinity-v2026.1.132\cam_single\Ti60F225_dsi\source/isp/axi_lite_register.sv:99)
[EFX-0201 WARNING] Re-wiring to GND non-driven net/port 'r_registers[12][28]' in module 'axi_lite_register(S_AXI_WSTRB_WIDTH=4)'. (C:\Users\Jing-XuanTan(i)\Downloads\evsoc-efinity-v2026.1.132\evsoc-efinity-v2026.1.132\cam_single\Ti60F225_dsi\source/isp/axi_lite_register.sv:99)
[EFX-0201 WARNING] Re-wiring to GND non-driven net/port 'r_registers[12][27]' in module 'axi_lite_register(S_AXI_WSTRB_WIDTH=4)'. (C:\Users\Jing-XuanTan(i)\Downloads\evsoc-efinity-v2026.1.132\evsoc-efinity-v2026.1.132\cam_single\Ti60F225_dsi\source/isp/axi_lite_register.sv:99)
[EFX-0201 WARNING] Re-wiring to GND non-driven net/port 'r_registers[12][26]' in module 'axi_lite_register(S_AXI_WSTRB_WIDTH=4)'. (C:\Users\Jing-XuanTan(i)\Downloads\evsoc-efinity-v2026.1.132\evsoc-efinity-v2026.1.132\cam_single\Ti60F225_dsi\source/isp/axi_lite_register.sv:99)
[EFX-0657 WARNING] Mapping into logic memory block 'pipe_0_center' (28 bits) (C:\Users\Jing-XuanTan(i)\Downloads\evsoc-efinity-v2026.1.132\evsoc-efinity-v2026.1.132\cam_single\Ti60F225_dsi\source/isp/demosaic.sv:68) because size is too small (<=64)
[EFX-0657 WARNING] Mapping into logic memory block 'pipe_0_outer_horizontal' (28 bits) (C:\Users\Jing-XuanTan(i)\Downloads\evsoc-efinity-v2026.1.132\evsoc-efinity-v2026.1.132\cam_single\Ti60F225_dsi\source/isp/demosaic.sv:69) because size is too small (<=64)
[EFX-0657 WARNING] Mapping into logic memory block 'pipe_0_outer_vertical' (28 bits) (C:\Users\Jing-XuanTan(i)\Downloads\evsoc-efinity-v2026.1.132\evsoc-efinity-v2026.1.132\cam_single\Ti60F225_dsi\source/isp/demosaic.sv:70) because size is too small (<=64)
[EFX-0657 WARNING] Mapping into logic memory block 'pipe_0_inner_horizontal' (28 bits) (C:\Users\Jing-XuanTan(i)\Downloads\evsoc-efinity-v2026.1.132\evsoc-efinity-v2026.1.132\cam_single\Ti60F225_dsi\source/isp/demosaic.sv:71) because size is too small (<=64)
[EFX-0657 WARNING] Mapping into logic memory block 'pipe_0_inner_vertical' (28 bits) (C:\Users\Jing-XuanTan(i)\Downloads\evsoc-efinity-v2026.1.132\evsoc-efinity-v2026.1.132\cam_single\Ti60F225_dsi\source/isp/demosaic.sv:72) because size is too small (<=64)
[EFX-0657 WARNING] Mapping into logic memory block 'pipe_0_inner_top' (28 bits) (C:\Users\Jing-XuanTan(i)\Downloads\evsoc-efinity-v2026.1.132\evsoc-efinity-v2026.1.132\cam_single\Ti60F225_dsi\source/isp/demosaic.sv:73) because size is too small (<=64)
[EFX-0657 WARNING] Mapping into logic memory block 'pipe_0_inner_bottom' (28 bits) (C:\Users\Jing-XuanTan(i)\Downloads\evsoc-efinity-v2026.1.132\evsoc-efinity-v2026.1.132\cam_single\Ti60F225_dsi\source/isp/demosaic.sv:74) because size is too small (<=64)
[EFX-0657 WARNING] Mapping into logic memory block 'pipe_1_center' (36 bits) (C:\Users\Jing-XuanTan(i)\Downloads\evsoc-efinity-v2026.1.132\evsoc-efinity-v2026.1.132\cam_single\Ti60F225_dsi\source/isp/demosaic.sv:80) because size is too small (<=64)
[EFX-0657 WARNING] Mapping into logic memory block 'pipe_1_center_x5' (36 bits) (C:\Users\Jing-XuanTan(i)\Downloads\evsoc-efinity-v2026.1.132\evsoc-efinity-v2026.1.132\cam_single\Ti60F225_dsi\source/isp/demosaic.sv:81) because size is too small (<=64)
[EFX-0657 WARNING] Mapping into logic memory block 'pipe_1_center_x6' (36 bits) (C:\Users\Jing-XuanTan(i)\Downloads\evsoc-efinity-v2026.1.132\evsoc-efinity-v2026.1.132\cam_single\Ti60F225_dsi\source/isp/demosaic.sv:82) because size is too small (<=64)
[EFX-0657 WARNING] Mapping into logic memory block 'pipe_1_outer_horizontal' (36 bits) (C:\Users\Jing-XuanTan(i)\Downloads\evsoc-efinity-v2026.1.132\evsoc-efinity-v2026.1.132\cam_single\Ti60F225_dsi\source/isp/demosaic.sv:83) because size is too small (<=64)
[EFX-0657 WARNING] Mapping into logic memory block 'pipe_1_outer_vertical' (36 bits) (C:\Users\Jing-XuanTan(i)\Downloads\evsoc-efinity-v2026.1.132\evsoc-efinity-v2026.1.132\cam_single\Ti60F225_dsi\source/isp/demosaic.sv:84) because size is too small (<=64)
[EFX-0657 WARNING] Mapping into logic memory block 'pipe_1_outer_cross' (36 bits) (C:\Users\Jing-XuanTan(i)\Downloads\evsoc-efinity-v2026.1.132\evsoc-efinity-v2026.1.132\cam_single\Ti60F225_dsi\source/isp/demosaic.sv:85) because size is too small (<=64)
[EFX-0657 WARNING] Mapping into logic memory block 'pipe_1_inner_h_outer_v_x2' (36 bits) (C:\Users\Jing-XuanTan(i)\Downloads\evsoc-efinity-v2026.1.132\evsoc-efinity-v2026.1.132\cam_single\Ti60F225_dsi\source/isp/demosaic.sv:86) because size is too small (<=64)
[EFX-0657 WARNING] Mapping into logic memory block 'pipe_1_inner_v_outer_h_x2' (36 bits) (C:\Users\Jing-XuanTan(i)\Downloads\evsoc-efinity-v2026.1.132\evsoc-efinity-v2026.1.132\cam_single\Ti60F225_dsi\source/isp/demosaic.sv:87) because size is too small (<=64)
[EFX-0657 WARNING] Mapping into logic memory block 'pipe_1_inner_corner' (36 bits) (C:\Users\Jing-XuanTan(i)\Downloads\evsoc-efinity-v2026.1.132\evsoc-efinity-v2026.1.132\cam_single\Ti60F225_dsi\source/isp/demosaic.sv:88) because size is too small (<=64)
[EFX-0657 WARNING] Mapping into logic memory block 'pipe_1_inner_cross' (36 bits) (C:\Users\Jing-XuanTan(i)\Downloads\evsoc-efinity-v2026.1.132\evsoc-efinity-v2026.1.132\cam_single\Ti60F225_dsi\source/isp/demosaic.sv:89) because size is too small (<=64)
[EFX-0657 WARNING] Mapping into logic memory block 'pipe_2_center' (44 bits) (C:\Users\Jing-XuanTan(i)\Downloads\evsoc-efinity-v2026.1.132\evsoc-efinity-v2026.1.132\cam_single\Ti60F225_dsi\source/isp/demosaic.sv:95) because size is too small (<=64)
[EFX-0657 WARNING] Mapping into logic memory block 'pipe_2_center_cross_x2' (44 bits) (C:\Users\Jing-XuanTan(i)\Downloads\evsoc-efinity-v2026.1.132\evsoc-efinity-v2026.1.132\cam_single\Ti60F225_dsi\source/isp/demosaic.sv:96) because size is too small (<=64)
[EFX-0657 WARNING] Mapping into logic memory block 'pipe_2_outer_cross_x2' (44 bits) (C:\Users\Jing-XuanTan(i)\Downloads\evsoc-efinity-v2026.1.132\evsoc-efinity-v2026.1.132\cam_single\Ti60F225_dsi\source/isp/demosaic.sv:97) because size is too small (<=64)
[EFX-0657 WARNING] Mapping into logic memory block 'pipe_2_outer_cross_x3' (44 bits) (C:\Users\Jing-XuanTan(i)\Downloads\evsoc-efinity-v2026.1.132\evsoc-efinity-v2026.1.132\cam_single\Ti60F225_dsi\source/isp/demosaic.sv:98) because size is too small (<=64)
[EFX-0657 WARNING] Mapping into logic memory block 'pipe_2_inner_c_outer_h_x2' (44 bits) (C:\Users\Jing-XuanTan(i)\Downloads\evsoc-efinity-v2026.1.132\evsoc-efinity-v2026.1.132\cam_single\Ti60F225_dsi\source/isp/demosaic.sv:99) because size is too small (<=64)
[EFX-0657 WARNING] Mapping into logic memory block 'pipe_2_inner_c_outer_v_x2' (44 bits) (C:\Users\Jing-XuanTan(i)\Downloads\evsoc-efinity-v2026.1.132\evsoc-efinity-v2026.1.132\cam_single\Ti60F225_dsi\source/isp/demosaic.sv:100) because size is too small (<=64)
[EFX-0657 WARNING] Mapping into logic memory block 'pipe_2_rb_at_g1_x2' (44 bits) (C:\Users\Jing-XuanTan(i)\Downloads\evsoc-efinity-v2026.1.132\evsoc-efinity-v2026.1.132\cam_single\Ti60F225_dsi\source/isp/demosaic.sv:101) because size is too small (<=64)
[EFX-0657 WARNING] Mapping into logic memory block 'pipe_2_rb_at_g2_x2' (44 bits) (C:\Users\Jing-XuanTan(i)\Downloads\evsoc-efinity-v2026.1.132\evsoc-efinity-v2026.1.132\cam_single\Ti60F225_dsi\source/isp/demosaic.sv:102) because size is too small (<=64)
[EFX-0657 WARNING] Mapping into logic memory block 'pipe_2_rb_at_rb_x2' (44 bits) (C:\Users\Jing-XuanTan(i)\Downloads\evsoc-efinity-v2026.1.132\evsoc-efinity-v2026.1.132\cam_single\Ti60F225_dsi\source/isp/demosaic.sv:103) because size is too small (<=64)
[EFX-0657 WARNING] Mapping into logic memory block 'logic_progbufX_mem' (64 bits) (C:\Users\Jing-XuanTan(i)\Downloads\evsoc-efinity-v2026.1.132\evsoc-efinity-v2026.1.132\cam_single\Ti60F225_dsi\ip\SapphireSoc\SapphireSoc.v:12001) because size is too small (<=64)
[EFX-0657 WARNING] Mapping into logic memory block 'logic_ram' (64 bits) (C:\Users\Jing-XuanTan(i)\Downloads\evsoc-efinity-v2026.1.132\evsoc-efinity-v2026.1.132\cam_single\Ti60F225_dsi\ip\SapphireSoc\SapphireSoc.v:20390) because size is too small (<=64)
[EFX-0656 WARNING] Optimizing into logic zero initialized read-only memory block 'u_dma/u_EfxDMA/inputsAdapter_1_crossclock_fifo/ram__D$c1'. (C:\Users\Jing-XuanTan(i)\Downloads\evsoc-efinity-v2026.1.132\evsoc-efinity-v2026.1.132\cam_single\Ti60F225_dsi\ip\dma\dma.v:2839)
[EFX-0656 WARNING] Optimizing into logic zero initialized read-only memory block 'u_dma/u_EfxDMA/inputsAdapter_1_crossclock_fifo/ram__D$b12'. (C:\Users\Jing-XuanTan(i)\Downloads\evsoc-efinity-v2026.1.132\evsoc-efinity-v2026.1.132\cam_single\Ti60F225_dsi\ip\dma\dma.v:2839)
[EFX-0656 WARNING] Optimizing into logic zero initialized read-only memory block 'u_dma/u_EfxDMA/inputsAdapter_1_crossclock_fifo/ram__D$12'. (C:\Users\Jing-XuanTan(i)\Downloads\evsoc-efinity-v2026.1.132\evsoc-efinity-v2026.1.132\cam_single\Ti60F225_dsi\ip\dma\dma.v:2839)
[EFX-0656 WARNING] Optimizing into logic zero initialized read-only memory block 'u_dma/u_EfxDMA/inputsAdapter_1_crossclock_fifo/ram__D$2'. (C:\Users\Jing-XuanTan(i)\Downloads\evsoc-efinity-v2026.1.132\evsoc-efinity-v2026.1.132\cam_single\Ti60F225_dsi\ip\dma\dma.v:2839)

///////////////////////////////////
// Efinity Synthesis Started 
// Oct 06, 2026 14:41:33
///////////////////////////////////

[EFX-0011 VERI-WARNING] port 'probe6' remains unconnected for this instance (VERI-1927) (C:/Users/Jing-XuanTan(i)/Downloads/evsoc-efinity-v2026.1.132/evsoc-efinity-v2026.1.132/cam_single/Ti60F225_dsi/work_dbg/debug_top.v:134)
[EFX-0011 VERI-WARNING] input port 'probe6[0]' remains unconnected for this instance (VDB-1053) (C:/Users/Jing-XuanTan(i)/Downloads/evsoc-efinity-v2026.1.132/evsoc-efinity-v2026.1.132/cam_single/Ti60F225_dsi/work_dbg/debug_top.v:107)
[EFX-0200 WARNING] Removing redundant signal : compared_in[0]. (C:/Users/Jing-XuanTan(i)/Downloads/evsoc-efinity-v2026.1.132/evsoc-efinity-v2026.1.132/cam_single/Ti60F225_dsi/work_dbg/debug_top.v:5536)
[EFX-0200 WARNING] Removing redundant signal : mask_in[0]. (C:/Users/Jing-XuanTan(i)/Downloads/evsoc-efinity-v2026.1.132/evsoc-efinity-v2026.1.132/cam_single/Ti60F225_dsi/work_dbg/debug_top.v:5537)
[EFX-0200 WARNING] Removing redundant signal : trigger_in. (C:/Users/Jing-XuanTan(i)/Downloads/evsoc-efinity-v2026.1.132/evsoc-efinity-v2026.1.132/cam_single/Ti60F225_dsi/work_dbg/debug_top.v:5747)
[EFX-0200 WARNING] Removing redundant signal : clk. (C:/Users/Jing-XuanTan(i)/Downloads/evsoc-efinity-v2026.1.132/evsoc-efinity-v2026.1.132/cam_single/Ti60F225_dsi/work_dbg/debug_top.v:4570)
[EFX-0200 WARNING] Removing redundant signal : full. (C:/Users/Jing-XuanTan(i)/Downloads/evsoc-efinity-v2026.1.132/evsoc-efinity-v2026.1.132/cam_single/Ti60F225_dsi/work_dbg/debug_top.v:4624)
[EFX-0200 WARNING] Removing redundant signal : shift_i. (C:/Users/Jing-XuanTan(i)/Downloads/evsoc-efinity-v2026.1.132/evsoc-efinity-v2026.1.132/cam_single/Ti60F225_dsi/work_dbg/debug_top.v:4894)
[EFX-0200 WARNING] Removing redundant signal : trig_out. (C:/Users/Jing-XuanTan(i)/Downloads/evsoc-efinity-v2026.1.132/evsoc-efinity-v2026.1.132/cam_single/Ti60F225_dsi/work_dbg/debug_top.v:4911)
[EFX-0200 WARNING] Removing redundant signal : trig_out_ack. (C:/Users/Jing-XuanTan(i)/Downloads/evsoc-efinity-v2026.1.132/evsoc-efinity-v2026.1.132/cam_single/Ti60F225_dsi/work_dbg/debug_top.v:4912)
[EFX-0200 WARNING] Removing redundant signal : bscan_DRCK. (C:/Users/Jing-XuanTan(i)/Downloads/evsoc-efinity-v2026.1.132/evsoc-efinity-v2026.1.132/cam_single/Ti60F225_dsi/work_dbg/debug_top.v:1053)
[EFX-0200 WARNING] Removing redundant signal : bscan_RESET. (C:/Users/Jing-XuanTan(i)/Downloads/evsoc-efinity-v2026.1.132/evsoc-efinity-v2026.1.132/cam_single/Ti60F225_dsi/work_dbg/debug_top.v:1054)
[EFX-0200 WARNING] Removing redundant signal : bscan_RUNTEST. (C:/Users/Jing-XuanTan(i)/Downloads/evsoc-efinity-v2026.1.132/evsoc-efinity-v2026.1.132/cam_single/Ti60F225_dsi/work_dbg/debug_top.v:1055)
[EFX-0200 WARNING] Removing redundant signal : bscan_SEL. (C:/Users/Jing-XuanTan(i)/Downloads/evsoc-efinity-v2026.1.132/evsoc-efinity-v2026.1.132/cam_single/Ti60F225_dsi/work_dbg/debug_top.v:1056)
[EFX-0200 WARNING] Removing redundant signal : bscan_TMS. (C:/Users/Jing-XuanTan(i)/Downloads/evsoc-efinity-v2026.1.132/evsoc-efinity-v2026.1.132/cam_single/Ti60F225_dsi/work_dbg/debug_top.v:1060)
[EFX-0200 WARNING] Removing redundant signal : trig_in_ack. (C:/Users/Jing-XuanTan(i)/Downloads/evsoc-efinity-v2026.1.132/evsoc-efinity-v2026.1.132/cam_single/Ti60F225_dsi/work_dbg/debug_top.v:1072)
[EFX-0200 WARNING] Removing redundant signal : mux_capture_cmp[5:0]. (C:/Users/Jing-XuanTan(i)/Downloads/evsoc-efinity-v2026.1.132/evsoc-efinity-v2026.1.132/cam_single/Ti60F225_dsi/work_dbg/debug_top.v:3491)
[EFX-0200 WARNING] Removing redundant signal : bscan_CAPTURE. (C:/Users/Jing-XuanTan(i)/Downloads/evsoc-efinity-v2026.1.132/evsoc-efinity-v2026.1.132/cam_single/Ti60F225_dsi/work_dbg/debug_top.v:292)
[EFX-0200 WARNING] Removing redundant signal : bscan_DRCK. (C:/Users/Jing-XuanTan(i)/Downloads/evsoc-efinity-v2026.1.132/evsoc-efinity-v2026.1.132/cam_single/Ti60F225_dsi/work_dbg/debug_top.v:293)
[EFX-0200 WARNING] Removing redundant signal : bscan_RUNTEST. (C:/Users/Jing-XuanTan(i)/Downloads/evsoc-efinity-v2026.1.132/evsoc-efinity-v2026.1.132/cam_single/Ti60F225_dsi/work_dbg/debug_top.v:295)
[EFX-0200 WARNING] Removing redundant signal : bscan_TMS. (C:/Users/Jing-XuanTan(i)/Downloads/evsoc-efinity-v2026.1.132/evsoc-efinity-v2026.1.132/cam_single/Ti60F225_dsi/work_dbg/debug_top.v:300)
[EFX-0201 WARNING] Re-wiring to GND non-driven net/port 'probe6[0]' in module 'edb_la_top_4510ad0427554b979e97f9d0f41656ca(NUM_PROBES=6,DATA_DEPTH=4096,INPUT_PIPE_STAGES=1,UUID=128'b01100010000100011000001110110001001101100111011001000111000100011011011010010011000010101100100010001001001101010011001011111010,PROBE0_TYPE=1,PROBE1_TYPE=1,PROBE2_TYPE=1,PROBE3_TYPE=1,PROBE4_TYPE=1,PROBE5_TYPE=1)'. (C:/Users/Jing-XuanTan(i)/Downloads/evsoc-efinity-v2026.1.132/evsoc-efinity-v2026.1.132/cam_single/Ti60F225_dsi/work_dbg/debug_top.v:107)
[EFX-0201 WARNING] Re-wiring to GND non-driven net/port 'probe7[0]' in module 'edb_la_top_4510ad0427554b979e97f9d0f41656ca(NUM_PROBES=6,DATA_DEPTH=4096,INPUT_PIPE_STAGES=1,UUID=128'b01100010000100011000001110110001001101100111011001000111000100011011011010010011000010101100100010001001001101010011001011111010,PROBE0_TYPE=1,PROBE1_TYPE=1,PROBE2_TYPE=1,PROBE3_TYPE=1,PROBE4_TYPE=1,PROBE5_TYPE=1)'. (C:/Users/Jing-XuanTan(i)/Downloads/evsoc-efinity-v2026.1.132/evsoc-efinity-v2026.1.132/cam_single/Ti60F225_dsi/work_dbg/debug_top.v:107)
[EFX-0201 WARNING] Re-wiring to GND non-driven net/port 'probe8[0]' in module 'edb_la_top_4510ad0427554b979e97f9d0f41656ca(NUM_PROBES=6,DATA_DEPTH=4096,INPUT_PIPE_STAGES=1,UUID=128'b01100010000100011000001110110001001101100111011001000111000100011011011010010011000010101100100010001001001101010011001011111010,PROBE0_TYPE=1,PROBE1_TYPE=1,PROBE2_TYPE=1,PROBE3_TYPE=1,PROBE4_TYPE=1,PROBE5_TYPE=1)'. (C:/Users/Jing-XuanTan(i)/Downloads/evsoc-efinity-v2026.1.132/evsoc-efinity-v2026.1.132/cam_single/Ti60F225_dsi/work_dbg/debug_top.v:107)
[EFX-0201 WARNING] Re-wiring to GND non-driven net/port 'probe9[0]' in module 'edb_la_top_4510ad0427554b979e97f9d0f41656ca(NUM_PROBES=6,DATA_DEPTH=4096,INPUT_PIPE_STAGES=1,UUID=128'b01100010000100011000001110110001001101100111011001000111000100011011011010010011000010101100100010001001001101010011001011111010,PROBE0_TYPE=1,PROBE1_TYPE=1,PROBE2_TYPE=1,PROBE3_TYPE=1,PROBE4_TYPE=1,PROBE5_TYPE=1)'. (C:/Users/Jing-XuanTan(i)/Downloads/evsoc-efinity-v2026.1.132/evsoc-efinity-v2026.1.132/cam_single/Ti60F225_dsi/work_dbg/debug_top.v:107)
[EFX-0201 WARNING] Re-wiring to GND non-driven net/port 'probe10[0]' in module 'edb_la_top_4510ad0427554b979e97f9d0f41656ca(NUM_PROBES=6,DATA_DEPTH=4096,INPUT_PIPE_STAGES=1,UUID=128'b01100010000100011000001110110001001101100111011001000111000100011011011010010011000010101100100010001001001101010011001011111010,PROBE0_TYPE=1,PROBE1_TYPE=1,PROBE2_TYPE=1,PROBE3_TYPE=1,PROBE4_TYPE=1,PROBE5_TYPE=1)'. (C:/Users/Jing-XuanTan(i)/Downloads/evsoc-efinity-v2026.1.132/evsoc-efinity-v2026.1.132/cam_single/Ti60F225_dsi/work_dbg/debug_top.v:107)
[EFX-0201 WARNING] Re-wiring to GND non-driven net/port 'probe11[0]' in module 'edb_la_top_4510ad0427554b979e97f9d0f41656ca(NUM_PROBES=6,DATA_DEPTH=4096,INPUT_PIPE_STAGES=1,UUID=128'b01100010000100011000001110110001001101100111011001000111000100011011011010010011000010101100100010001001001101010011001011111010,PROBE0_TYPE=1,PROBE1_TYPE=1,PROBE2_TYPE=1,PROBE3_TYPE=1,PROBE4_TYPE=1,PROBE5_TYPE=1)'. (C:/Users/Jing-XuanTan(i)/Downloads/evsoc-efinity-v2026.1.132/evsoc-efinity-v2026.1.132/cam_single/Ti60F225_dsi/work_dbg/debug_top.v:107)
[EFX-0201 WARNING] Re-wiring to GND non-driven net/port 'probe12[0]' in module 'edb_la_top_4510ad0427554b979e97f9d0f41656ca(NUM_PROBES=6,DATA_DEPTH=4096,INPUT_PIPE_STAGES=1,UUID=128'b01100010000100011000001110110001001101100111011001000111000100011011011010010011000010101100100010001001001101010011001011111010,PROBE0_TYPE=1,PROBE1_TYPE=1,PROBE2_TYPE=1,PROBE3_TYPE=1,PROBE4_TYPE=1,PROBE5_TYPE=1)'. (C:/Users/Jing-XuanTan(i)/Downloads/evsoc-efinity-v2026.1.132/evsoc-efinity-v2026.1.132/cam_single/Ti60F225_dsi/work_dbg/debug_top.v:107)
[EFX-0201 WARNING] Re-wiring to GND non-driven net/port 'probe13[0]' in module 'edb_la_top_4510ad0427554b979e97f9d0f41656ca(NUM_PROBES=6,DATA_DEPTH=4096,INPUT_PIPE_STAGES=1,UUID=128'b01100010000100011000001110110001001101100111011001000111000100011011011010010011000010101100100010001001001101010011001011111010,PROBE0_TYPE=1,PROBE1_TYPE=1,PROBE2_TYPE=1,PROBE3_TYPE=1,PROBE4_TYPE=1,PROBE5_TYPE=1)'. (C:/Users/Jing-XuanTan(i)/Downloads/evsoc-efinity-v2026.1.132/evsoc-efinity-v2026.1.132/cam_single/Ti60F225_dsi/work_dbg/debug_top.v:107)
[EFX-0201 WARNING] Re-wiring to GND non-driven net/port 'probe14[0]' in module 'edb_la_top_4510ad0427554b979e97f9d0f41656ca(NUM_PROBES=6,DATA_DEPTH=4096,INPUT_PIPE_STAGES=1,UUID=128'b01100010000100011000001110110001001101100111011001000111000100011011011010010011000010101100100010001001001101010011001011111010,PROBE0_TYPE=1,PROBE1_TYPE=1,PROBE2_TYPE=1,PROBE3_TYPE=1,PROBE4_TYPE=1,PROBE5_TYPE=1)'. (C:/Users/Jing-XuanTan(i)/Downloads/evsoc-efinity-v2026.1.132/evsoc-efinity-v2026.1.132/cam_single/Ti60F225_dsi/work_dbg/debug_top.v:107)
[EFX-0201 WARNING] Re-wiring to GND non-driven net/port 'probe15[0]' in module 'edb_la_top_4510ad0427554b979e97f9d0f41656ca(NUM_PROBES=6,DATA_DEPTH=4096,INPUT_PIPE_STAGES=1,UUID=128'b01100010000100011000001110110001001101100111011001000111000100011011011010010011000010101100100010001001001101010011001011111010,PROBE0_TYPE=1,PROBE1_TYPE=1,PROBE2_TYPE=1,PROBE3_TYPE=1,PROBE4_TYPE=1,PROBE5_TYPE=1)'. (C:/Users/Jing-XuanTan(i)/Downloads/evsoc-efinity-v2026.1.132/evsoc-efinity-v2026.1.132/cam_single/Ti60F225_dsi/work_dbg/debug_top.v:107)
[EFX-0011 VERI-WARNING] Input/inout port bscan_DRCK is unconnected. Place and route may remove this unconnected port. (VDB-8003) (C:/Users/Jing-XuanTan(i)/Downloads/evsoc-efinity-v2026.1.132/evsoc-efinity-v2026.1.132/cam_single/Ti60F225_dsi/work_dbg/debug_top.v:17)
[EFX-0011 VERI-WARNING] Input/inout port bscan_RUNTEST is unconnected. Place and route may remove this unconnected port. (VDB-8003) (C:/Users/Jing-XuanTan(i)/Downloads/evsoc-efinity-v2026.1.132/evsoc-efinity-v2026.1.132/cam_single/Ti60F225_dsi/work_dbg/debug_top.v:19)
[EFX-0011 VERI-WARNING] Input/inout port bscan_TMS is unconnected. Place and route may remove this unconnected port. (VDB-8003) (C:/Users/Jing-XuanTan(i)/Downloads/evsoc-efinity-v2026.1.132/evsoc-efinity-v2026.1.132/cam_single/Ti60F225_dsi/work_dbg/debug_top.v:24)
[EFX-0011 VERI-WARNING] Found 3 warnings in the post-synthesis netlist. 

///////////////////////////////////
// Efinity Synthesis Started 
// Oct 06, 2026 14:41:42
///////////////////////////////////

[EFX-0200 WARNING] Removing redundant signal : Rx_HS_D_2[7:0]. (C:\Users\Jing-XuanTan(i)\Downloads\evsoc-efinity-v2026.1.132\evsoc-efinity-v2026.1.132\cam_single\Ti60F225_dsi\ip\csi2_rx_cam\csi2_rx_cam.sv:6307)
[EFX-0200 WARNING] Removing redundant signal : Rx_HS_D_3[7:0]. (C:\Users\Jing-XuanTan(i)\Downloads\evsoc-efinity-v2026.1.132\evsoc-efinity-v2026.1.132\cam_single\Ti60F225_dsi\ip\csi2_rx_cam\csi2_rx_cam.sv:6307)
[EFX-0200 WARNING] Removing redundant signal : Rx_HS_D_4[7:0]. (C:\Users\Jing-XuanTan(i)\Downloads\evsoc-efinity-v2026.1.132\evsoc-efinity-v2026.1.132\cam_single\Ti60F225_dsi\ip\csi2_rx_cam\csi2_rx_cam.sv:6307)
[EFX-0200 WARNING] Removing redundant signal : Rx_HS_D_5[7:0]. (C:\Users\Jing-XuanTan(i)\Downloads\evsoc-efinity-v2026.1.132\evsoc-efinity-v2026.1.132\cam_single\Ti60F225_dsi\ip\csi2_rx_cam\csi2_rx_cam.sv:6307)
[EFX-0200 WARNING] Removing redundant signal : Rx_HS_D_6[7:0]. (C:\Users\Jing-XuanTan(i)\Downloads\evsoc-efinity-v2026.1.132\evsoc-efinity-v2026.1.132\cam_single\Ti60F225_dsi\ip\csi2_rx_cam\csi2_rx_cam.sv:6307)
[EFX-0200 WARNING] Removing redundant signal : Rx_HS_D_7[7:0]. (C:\Users\Jing-XuanTan(i)\Downloads\evsoc-efinity-v2026.1.132\evsoc-efinity-v2026.1.132\cam_single\Ti60F225_dsi\ip\csi2_rx_cam\csi2_rx_cam.sv:6307)
[EFX-0200 WARNING] Removing redundant signal : u_dly_enable_D[1:0]. (C:\Users\Jing-XuanTan(i)\Downloads\evsoc-efinity-v2026.1.132\evsoc-efinity-v2026.1.132\cam_single\Ti60F225_dsi\ip\csi2_rx_cam\csi2_rx_cam.sv:6307)
[EFX-0200 WARNING] Removing redundant signal : u_dly_inc_D[1:0]. (C:\Users\Jing-XuanTan(i)\Downloads\evsoc-efinity-v2026.1.132\evsoc-efinity-v2026.1.132\cam_single\Ti60F225_dsi\ip\csi2_rx_cam\csi2_rx_cam.sv:6307)
[EFX-0200 WARNING] Removing redundant signal : axi_awaddr[1:0]. (C:\Users\Jing-XuanTan(i)\Downloads\evsoc-efinity-v2026.1.132\evsoc-efinity-v2026.1.132\cam_single\Ti60F225_dsi\ip\csi2_rx_cam\csi2_rx_cam.sv:5564)
[EFX-0200 WARNING] Removing redundant signal : axi_araddr[1:0]. (C:\Users\Jing-XuanTan(i)\Downloads\evsoc-efinity-v2026.1.132\evsoc-efinity-v2026.1.132\cam_single\Ti60F225_dsi\ip\csi2_rx_cam\csi2_rx_cam.sv:5564)
[EFX-0200 WARNING] Removing redundant signal : loc_rdata[31:0]. (C:\Users\Jing-XuanTan(i)\Downloads\evsoc-efinity-v2026.1.132\evsoc-efinity-v2026.1.132\cam_single\Ti60F225_dsi\ip\csi2_rx_cam\csi2_rx_cam.sv:5564)
[EFX-0200 WARNING] Removing redundant signal : nextCRC16_D16[15:0]. (C:\Users\Jing-XuanTan(i)\Downloads\evsoc-efinity-v2026.1.132\evsoc-efinity-v2026.1.132\cam_single\Ti60F225_dsi\ip\csi2_rx_cam\csi2_rx_cam.sv:1466)
[EFX-0200 WARNING] Removing redundant signal : nextCRC16_D16.Data[15:0]. (C:\Users\Jing-XuanTan(i)\Downloads\evsoc-efinity-v2026.1.132\evsoc-efinity-v2026.1.132\cam_single\Ti60F225_dsi\ip\csi2_rx_cam\csi2_rx_cam.sv:1466)
[EFX-0200 WARNING] Removing redundant signal : nextCRC16_D16.fcrc[15:0]. (C:\Users\Jing-XuanTan(i)\Downloads\evsoc-efinity-v2026.1.132\evsoc-efinity-v2026.1.132\cam_single\Ti60F225_dsi\ip\csi2_rx_cam\csi2_rx_cam.sv:1466)
[EFX-0200 WARNING] Removing redundant signal : nextCRC16_D16.d[15:0]. (C:\Users\Jing-XuanTan(i)\Downloads\evsoc-efinity-v2026.1.132\evsoc-efinity-v2026.1.132\cam_single\Ti60F225_dsi\ip\csi2_rx_cam\csi2_rx_cam.sv:1466)
[EFX-0200 WARNING] Removing redundant signal : nextCRC16_D16.c[15:0]. (C:\Users\Jing-XuanTan(i)\Downloads\evsoc-efinity-v2026.1.132\evsoc-efinity-v2026.1.132\cam_single\Ti60F225_dsi\ip\csi2_rx_cam\csi2_rx_cam.sv:1466)
[EFX-0200 WARNING] Removing redundant signal : nextCRC16_D16.newcrc[15:0]. (C:\Users\Jing-XuanTan(i)\Downloads\evsoc-efinity-v2026.1.132\evsoc-efinity-v2026.1.132\cam_single\Ti60F225_dsi\ip\csi2_rx_cam\csi2_rx_cam.sv:1466)
[EFX-0200 WARNING] Removing redundant signal : nextCRC16_D8[15:0]. (C:\Users\Jing-XuanTan(i)\Downloads\evsoc-efinity-v2026.1.132\evsoc-efinity-v2026.1.132\cam_single\Ti60F225_dsi\ip\csi2_rx_cam\csi2_rx_cam.sv:1466)
[EFX-0200 WARNING] Removing redundant signal : nextCRC16_D8.Data[7:0]. (C:\Users\Jing-XuanTan(i)\Downloads\evsoc-efinity-v2026.1.132\evsoc-efinity-v2026.1.132\cam_single\Ti60F225_dsi\ip\csi2_rx_cam\csi2_rx_cam.sv:1466)
[EFX-0200 WARNING] Removing redundant signal : nextCRC16_D8.fcrc[15:0]. (C:\Users\Jing-XuanTan(i)\Downloads\evsoc-efinity-v2026.1.132\evsoc-efinity-v2026.1.132\cam_single\Ti60F225_dsi\ip\csi2_rx_cam\csi2_rx_cam.sv:1466)
[EFX-0201 WARNING] Re-wiring to GND non-driven net/port 'a_wr_rst_i' in module 'efx_fifo_top_077823fa68f649b1a7074c944568f3e4(FAMILY="TITANIUM",SYNC_CLK=1,DATA_WIDTH=40,PIPELINE_REG=0,OUTPUT_REG=1,PROGRAMMABLE_FULL="NONE",PROG_FULL_ASSERT=510,PROG_FULL_NEGATE=510,PROGRAMMABLE_EMPTY="NONE",PROG_EMPTY_ASSERT=2,PROG_EMPTY_NEGATE=3)'. (C:\Users\Jing-XuanTan(i)\Downloads\evsoc-efinity-v2026.1.132\evsoc-efinity-v2026.1.132\cam_single\Ti60F225_dsi\ip\cam_pixel_remap_fifo\cam_pixel_remap_fifo.sv:92)
[EFX-0201 WARNING] Re-wiring to GND non-driven net/port 'a_rd_rst_i' in module 'efx_fifo_top_077823fa68f649b1a7074c944568f3e4(FAMILY="TITANIUM",SYNC_CLK=1,DATA_WIDTH=40,PIPELINE_REG=0,OUTPUT_REG=1,PROGRAMMABLE_FULL="NONE",PROG_FULL_ASSERT=510,PROG_FULL_NEGATE=510,PROGRAMMABLE_EMPTY="NONE",PROG_EMPTY_ASSERT=2,PROG_EMPTY_NEGATE=3)'. (C:\Users\Jing-XuanTan(i)\Downloads\evsoc-efinity-v2026.1.132\evsoc-efinity-v2026.1.132\cam_single\Ti60F225_dsi\ip\cam_pixel_remap_fifo\cam_pixel_remap_fifo.sv:92)
[EFX-0201 WARNING] Re-wiring to GND non-driven net/port 'wr_clk_i' in module 'efx_fifo_top_077823fa68f649b1a7074c944568f3e4(FAMILY="TITANIUM",SYNC_CLK=1,DATA_WIDTH=40,PIPELINE_REG=0,OUTPUT_REG=1,PROGRAMMABLE_FULL="NONE",PROG_FULL_ASSERT=510,PROG_FULL_NEGATE=510,PROGRAMMABLE_EMPTY="NONE",PROG_EMPTY_ASSERT=2,PROG_EMPTY_NEGATE=3)'. (C:\Users\Jing-XuanTan(i)\Downloads\evsoc-efinity-v2026.1.132\evsoc-efinity-v2026.1.132\cam_single\Ti60F225_dsi\ip\cam_pixel_remap_fifo\cam_pixel_remap_fifo.sv:92)
[EFX-0201 WARNING] Re-wiring to GND non-driven net/port 'rd_clk_i' in module 'efx_fifo_top_077823fa68f649b1a7074c944568f3e4(FAMILY="TITANIUM",SYNC_CLK=1,DATA_WIDTH=40,PIPELINE_REG=0,OUTPUT_REG=1,PROGRAMMABLE_FULL="NONE",PROG_FULL_ASSERT=510,PROG_FULL_NEGATE=510,PROGRAMMABLE_EMPTY="NONE",PROG_EMPTY_ASSERT=2,PROG_EMPTY_NEGATE=3)'. (C:\Users\Jing-XuanTan(i)\Downloads\evsoc-efinity-v2026.1.132\evsoc-efinity-v2026.1.132\cam_single\Ti60F225_dsi\ip\cam_pixel_remap_fifo\cam_pixel_remap_fifo.sv:92)
[EFX-0201 WARNING] Re-wiring to GND non-driven net/port 'r_registers[12][31]' in module 'axi_lite_register(S_AXI_WSTRB_WIDTH=4)'. (C:\Users\Jing-XuanTan(i)\Downloads\evsoc-efinity-v2026.1.132\evsoc-efinity-v2026.1.132\cam_single\Ti60F225_dsi\source/isp/axi_lite_register.sv:99)
[EFX-0201 WARNING] Re-wiring to GND non-driven net/port 'r_registers[12][30]' in module 'axi_lite_register(S_AXI_WSTRB_WIDTH=4)'. (C:\Users\Jing-XuanTan(i)\Downloads\evsoc-efinity-v2026.1.132\evsoc-efinity-v2026.1.132\cam_single\Ti60F225_dsi\source/isp/axi_lite_register.sv:99)
[EFX-0201 WARNING] Re-wiring to GND non-driven net/port 'r_registers[12][29]' in module 'axi_lite_register(S_AXI_WSTRB_WIDTH=4)'. (C:\Users\Jing-XuanTan(i)\Downloads\evsoc-efinity-v2026.1.132\evsoc-efinity-v2026.1.132\cam_single\Ti60F225_dsi\source/isp/axi_lite_register.sv:99)
[EFX-0201 WARNING] Re-wiring to GND non-driven net/port 'r_registers[12][28]' in module 'axi_lite_register(S_AXI_WSTRB_WIDTH=4)'. (C:\Users\Jing-XuanTan(i)\Downloads\evsoc-efinity-v2026.1.132\evsoc-efinity-v2026.1.132\cam_single\Ti60F225_dsi\source/isp/axi_lite_register.sv:99)
[EFX-0201 WARNING] Re-wiring to GND non-driven net/port 'r_registers[12][27]' in module 'axi_lite_register(S_AXI_WSTRB_WIDTH=4)'. (C:\Users\Jing-XuanTan(i)\Downloads\evsoc-efinity-v2026.1.132\evsoc-efinity-v2026.1.132\cam_single\Ti60F225_dsi\source/isp/axi_lite_register.sv:99)
[EFX-0201 WARNING] Re-wiring to GND non-driven net/port 'r_registers[12][26]' in module 'axi_lite_register(S_AXI_WSTRB_WIDTH=4)'. (C:\Users\Jing-XuanTan(i)\Downloads\evsoc-efinity-v2026.1.132\evsoc-efinity-v2026.1.132\cam_single\Ti60F225_dsi\source/isp/axi_lite_register.sv:99)
[EFX-0657 WARNING] Mapping into logic memory block 'pipe_0_center' (28 bits) (C:\Users\Jing-XuanTan(i)\Downloads\evsoc-efinity-v2026.1.132\evsoc-efinity-v2026.1.132\cam_single\Ti60F225_dsi\source/isp/demosaic.sv:68) because size is too small (<=64)
[EFX-0657 WARNING] Mapping into logic memory block 'pipe_0_outer_horizontal' (28 bits) (C:\Users\Jing-XuanTan(i)\Downloads\evsoc-efinity-v2026.1.132\evsoc-efinity-v2026.1.132\cam_single\Ti60F225_dsi\source/isp/demosaic.sv:69) because size is too small (<=64)
[EFX-0657 WARNING] Mapping into logic memory block 'pipe_0_outer_vertical' (28 bits) (C:\Users\Jing-XuanTan(i)\Downloads\evsoc-efinity-v2026.1.132\evsoc-efinity-v2026.1.132\cam_single\Ti60F225_dsi\source/isp/demosaic.sv:70) because size is too small (<=64)
[EFX-0657 WARNING] Mapping into logic memory block 'pipe_0_inner_horizontal' (28 bits) (C:\Users\Jing-XuanTan(i)\Downloads\evsoc-efinity-v2026.1.132\evsoc-efinity-v2026.1.132\cam_single\Ti60F225_dsi\source/isp/demosaic.sv:71) because size is too small (<=64)
[EFX-0657 WARNING] Mapping into logic memory block 'pipe_0_inner_vertical' (28 bits) (C:\Users\Jing-XuanTan(i)\Downloads\evsoc-efinity-v2026.1.132\evsoc-efinity-v2026.1.132\cam_single\Ti60F225_dsi\source/isp/demosaic.sv:72) because size is too small (<=64)
[EFX-0657 WARNING] Mapping into logic memory block 'pipe_0_inner_top' (28 bits) (C:\Users\Jing-XuanTan(i)\Downloads\evsoc-efinity-v2026.1.132\evsoc-efinity-v2026.1.132\cam_single\Ti60F225_dsi\source/isp/demosaic.sv:73) because size is too small (<=64)
[EFX-0657 WARNING] Mapping into logic memory block 'pipe_0_inner_bottom' (28 bits) (C:\Users\Jing-XuanTan(i)\Downloads\evsoc-efinity-v2026.1.132\evsoc-efinity-v2026.1.132\cam_single\Ti60F225_dsi\source/isp/demosaic.sv:74) because size is too small (<=64)
[EFX-0657 WARNING] Mapping into logic memory block 'pipe_1_center' (36 bits) (C:\Users\Jing-XuanTan(i)\Downloads\evsoc-efinity-v2026.1.132\evsoc-efinity-v2026.1.132\cam_single\Ti60F225_dsi\source/isp/demosaic.sv:80) because size is too small (<=64)
[EFX-0657 WARNING] Mapping into logic memory block 'pipe_1_center_x5' (36 bits) (C:\Users\Jing-XuanTan(i)\Downloads\evsoc-efinity-v2026.1.132\evsoc-efinity-v2026.1.132\cam_single\Ti60F225_dsi\source/isp/demosaic.sv:81) because size is too small (<=64)
[EFX-0657 WARNING] Mapping into logic memory block 'pipe_1_center_x6' (36 bits) (C:\Users\Jing-XuanTan(i)\Downloads\evsoc-efinity-v2026.1.132\evsoc-efinity-v2026.1.132\cam_single\Ti60F225_dsi\source/isp/demosaic.sv:82) because size is too small (<=64)
[EFX-0657 WARNING] Mapping into logic memory block 'pipe_1_outer_horizontal' (36 bits) (C:\Users\Jing-XuanTan(i)\Downloads\evsoc-efinity-v2026.1.132\evsoc-efinity-v2026.1.132\cam_single\Ti60F225_dsi\source/isp/demosaic.sv:83) because size is too small (<=64)
[EFX-0657 WARNING] Mapping into logic memory block 'pipe_1_outer_vertical' (36 bits) (C:\Users\Jing-XuanTan(i)\Downloads\evsoc-efinity-v2026.1.132\evsoc-efinity-v2026.1.132\cam_single\Ti60F225_dsi\source/isp/demosaic.sv:84) because size is too small (<=64)
[EFX-0657 WARNING] Mapping into logic memory block 'pipe_1_outer_cross' (36 bits) (C:\Users\Jing-XuanTan(i)\Downloads\evsoc-efinity-v2026.1.132\evsoc-efinity-v2026.1.132\cam_single\Ti60F225_dsi\source/isp/demosaic.sv:85) because size is too small (<=64)
[EFX-0657 WARNING] Mapping into logic memory block 'pipe_1_inner_h_outer_v_x2' (36 bits) (C:\Users\Jing-XuanTan(i)\Downloads\evsoc-efinity-v2026.1.132\evsoc-efinity-v2026.1.132\cam_single\Ti60F225_dsi\source/isp/demosaic.sv:86) because size is too small (<=64)
[EFX-0657 WARNING] Mapping into logic memory block 'pipe_1_inner_v_outer_h_x2' (36 bits) (C:\Users\Jing-XuanTan(i)\Downloads\evsoc-efinity-v2026.1.132\evsoc-efinity-v2026.1.132\cam_single\Ti60F225_dsi\source/isp/demosaic.sv:87) because size is too small (<=64)
[EFX-0657 WARNING] Mapping into logic memory block 'pipe_1_inner_corner' (36 bits) (C:\Users\Jing-XuanTan(i)\Downloads\evsoc-efinity-v2026.1.132\evsoc-efinity-v2026.1.132\cam_single\Ti60F225_dsi\source/isp/demosaic.sv:88) because size is too small (<=64)
[EFX-0657 WARNING] Mapping into logic memory block 'pipe_1_inner_cross' (36 bits) (C:\Users\Jing-XuanTan(i)\Downloads\evsoc-efinity-v2026.1.132\evsoc-efinity-v2026.1.132\cam_single\Ti60F225_dsi\source/isp/demosaic.sv:89) because size is too small (<=64)
[EFX-0657 WARNING] Mapping into logic memory block 'pipe_2_center' (44 bits) (C:\Users\Jing-XuanTan(i)\Downloads\evsoc-efinity-v2026.1.132\evsoc-efinity-v2026.1.132\cam_single\Ti60F225_dsi\source/isp/demosaic.sv:95) because size is too small (<=64)
[EFX-0657 WARNING] Mapping into logic memory block 'pipe_2_center_cross_x2' (44 bits) (C:\Users\Jing-XuanTan(i)\Downloads\evsoc-efinity-v2026.1.132\evsoc-efinity-v2026.1.132\cam_single\Ti60F225_dsi\source/isp/demosaic.sv:96) because size is too small (<=64)
[EFX-0657 WARNING] Mapping into logic memory block 'pipe_2_outer_cross_x2' (44 bits) (C:\Users\Jing-XuanTan(i)\Downloads\evsoc-efinity-v2026.1.132\evsoc-efinity-v2026.1.132\cam_single\Ti60F225_dsi\source/isp/demosaic.sv:97) because size is too small (<=64)
[EFX-0657 WARNING] Mapping into logic memory block 'pipe_2_outer_cross_x3' (44 bits) (C:\Users\Jing-XuanTan(i)\Downloads\evsoc-efinity-v2026.1.132\evsoc-efinity-v2026.1.132\cam_single\Ti60F225_dsi\source/isp/demosaic.sv:98) because size is too small (<=64)
[EFX-0657 WARNING] Mapping into logic memory block 'pipe_2_inner_c_outer_h_x2' (44 bits) (C:\Users\Jing-XuanTan(i)\Downloads\evsoc-efinity-v2026.1.132\evsoc-efinity-v2026.1.132\cam_single\Ti60F225_dsi\source/isp/demosaic.sv:99) because size is too small (<=64)
[EFX-0657 WARNING] Mapping into logic memory block 'pipe_2_inner_c_outer_v_x2' (44 bits) (C:\Users\Jing-XuanTan(i)\Downloads\evsoc-efinity-v2026.1.132\evsoc-efinity-v2026.1.132\cam_single\Ti60F225_dsi\source/isp/demosaic.sv:100) because size is too small (<=64)
[EFX-0657 WARNING] Mapping into logic memory block 'pipe_2_rb_at_g1_x2' (44 bits) (C:\Users\Jing-XuanTan(i)\Downloads\evsoc-efinity-v2026.1.132\evsoc-efinity-v2026.1.132\cam_single\Ti60F225_dsi\source/isp/demosaic.sv:101) because size is too small (<=64)
[EFX-0657 WARNING] Mapping into logic memory block 'pipe_2_rb_at_g2_x2' (44 bits) (C:\Users\Jing-XuanTan(i)\Downloads\evsoc-efinity-v2026.1.132\evsoc-efinity-v2026.1.132\cam_single\Ti60F225_dsi\source/isp/demosaic.sv:102) because size is too small (<=64)
[EFX-0657 WARNING] Mapping into logic memory block 'pipe_2_rb_at_rb_x2' (44 bits) (C:\Users\Jing-XuanTan(i)\Downloads\evsoc-efinity-v2026.1.132\evsoc-efinity-v2026.1.132\cam_single\Ti60F225_dsi\source/isp/demosaic.sv:103) because size is too small (<=64)
[EFX-0657 WARNING] Mapping into logic memory block 'logic_progbufX_mem' (64 bits) (C:\Users\Jing-XuanTan(i)\Downloads\evsoc-efinity-v2026.1.132\evsoc-efinity-v2026.1.132\cam_single\Ti60F225_dsi\ip\SapphireSoc\SapphireSoc.v:12001) because size is too small (<=64)
[EFX-0657 WARNING] Mapping into logic memory block 'logic_ram' (64 bits) (C:\Users\Jing-XuanTan(i)\Downloads\evsoc-efinity-v2026.1.132\evsoc-efinity-v2026.1.132\cam_single\Ti60F225_dsi\ip\SapphireSoc\SapphireSoc.v:20390) because size is too small (<=64)
[EFX-0656 WARNING] Optimizing into logic zero initialized read-only memory block 'u_dma/u_EfxDMA/inputsAdapter_1_crossclock_fifo/ram__D$c1'. (C:\Users\Jing-XuanTan(i)\Downloads\evsoc-efinity-v2026.1.132\evsoc-efinity-v2026.1.132\cam_single\Ti60F225_dsi\ip\dma\dma.v:2839)
[EFX-0656 WARNING] Optimizing into logic zero initialized read-only memory block 'u_dma/u_EfxDMA/inputsAdapter_1_crossclock_fifo/ram__D$b12'. (C:\Users\Jing-XuanTan(i)\Downloads\evsoc-efinity-v2026.1.132\evsoc-efinity-v2026.1.132\cam_single\Ti60F225_dsi\ip\dma\dma.v:2839)
[EFX-0656 WARNING] Optimizing into logic zero initialized read-only memory block 'u_dma/u_EfxDMA/inputsAdapter_1_crossclock_fifo/ram__D$12'. (C:\Users\Jing-XuanTan(i)\Downloads\evsoc-efinity-v2026.1.132\evsoc-efinity-v2026.1.132\cam_single\Ti60F225_dsi\ip\dma\dma.v:2839)
[EFX-0656 WARNING] Optimizing into logic zero initialized read-only memory block 'u_dma/u_EfxDMA/inputsAdapter_1_crossclock_fifo/ram__D$2'. (C:\Users\Jing-XuanTan(i)\Downloads\evsoc-efinity-v2026.1.132\evsoc-efinity-v2026.1.132\cam_single\Ti60F225_dsi\ip\dma\dma.v:2839)

///////////////////////////////////
// Efinity Synthesis Started 
// Oct 06, 2026 18:41:56
///////////////////////////////////

[EFX-0011 VERI-WARNING] port 'probe6' remains unconnected for this instance (VERI-1927) (C:/Users/Jing-XuanTan(i)/Downloads/evsoc-efinity-v2026.1.132/evsoc-efinity-v2026.1.132/cam_single/Ti60F225_dsi/work_dbg/debug_top.v:134)
[EFX-0011 VERI-WARNING] input port 'probe6[0]' remains unconnected for this instance (VDB-1053) (C:/Users/Jing-XuanTan(i)/Downloads/evsoc-efinity-v2026.1.132/evsoc-efinity-v2026.1.132/cam_single/Ti60F225_dsi/work_dbg/debug_top.v:107)
[EFX-0200 WARNING] Removing redundant signal : compared_in[0]. (C:/Users/Jing-XuanTan(i)/Downloads/evsoc-efinity-v2026.1.132/evsoc-efinity-v2026.1.132/cam_single/Ti60F225_dsi/work_dbg/debug_top.v:5536)
[EFX-0200 WARNING] Removing redundant signal : mask_in[0]. (C:/Users/Jing-XuanTan(i)/Downloads/evsoc-efinity-v2026.1.132/evsoc-efinity-v2026.1.132/cam_single/Ti60F225_dsi/work_dbg/debug_top.v:5537)
[EFX-0200 WARNING] Removing redundant signal : trigger_in. (C:/Users/Jing-XuanTan(i)/Downloads/evsoc-efinity-v2026.1.132/evsoc-efinity-v2026.1.132/cam_single/Ti60F225_dsi/work_dbg/debug_top.v:5747)
[EFX-0200 WARNING] Removing redundant signal : clk. (C:/Users/Jing-XuanTan(i)/Downloads/evsoc-efinity-v2026.1.132/evsoc-efinity-v2026.1.132/cam_single/Ti60F225_dsi/work_dbg/debug_top.v:4570)
[EFX-0200 WARNING] Removing redundant signal : full. (C:/Users/Jing-XuanTan(i)/Downloads/evsoc-efinity-v2026.1.132/evsoc-efinity-v2026.1.132/cam_single/Ti60F225_dsi/work_dbg/debug_top.v:4624)
[EFX-0200 WARNING] Removing redundant signal : shift_i. (C:/Users/Jing-XuanTan(i)/Downloads/evsoc-efinity-v2026.1.132/evsoc-efinity-v2026.1.132/cam_single/Ti60F225_dsi/work_dbg/debug_top.v:4894)
[EFX-0200 WARNING] Removing redundant signal : trig_out. (C:/Users/Jing-XuanTan(i)/Downloads/evsoc-efinity-v2026.1.132/evsoc-efinity-v2026.1.132/cam_single/Ti60F225_dsi/work_dbg/debug_top.v:4911)
[EFX-0200 WARNING] Removing redundant signal : trig_out_ack. (C:/Users/Jing-XuanTan(i)/Downloads/evsoc-efinity-v2026.1.132/evsoc-efinity-v2026.1.132/cam_single/Ti60F225_dsi/work_dbg/debug_top.v:4912)
[EFX-0200 WARNING] Removing redundant signal : bscan_DRCK. (C:/Users/Jing-XuanTan(i)/Downloads/evsoc-efinity-v2026.1.132/evsoc-efinity-v2026.1.132/cam_single/Ti60F225_dsi/work_dbg/debug_top.v:1053)
[EFX-0200 WARNING] Removing redundant signal : bscan_RESET. (C:/Users/Jing-XuanTan(i)/Downloads/evsoc-efinity-v2026.1.132/evsoc-efinity-v2026.1.132/cam_single/Ti60F225_dsi/work_dbg/debug_top.v:1054)
[EFX-0200 WARNING] Removing redundant signal : bscan_RUNTEST. (C:/Users/Jing-XuanTan(i)/Downloads/evsoc-efinity-v2026.1.132/evsoc-efinity-v2026.1.132/cam_single/Ti60F225_dsi/work_dbg/debug_top.v:1055)
[EFX-0200 WARNING] Removing redundant signal : bscan_SEL. (C:/Users/Jing-XuanTan(i)/Downloads/evsoc-efinity-v2026.1.132/evsoc-efinity-v2026.1.132/cam_single/Ti60F225_dsi/work_dbg/debug_top.v:1056)
[EFX-0200 WARNING] Removing redundant signal : bscan_TMS. (C:/Users/Jing-XuanTan(i)/Downloads/evsoc-efinity-v2026.1.132/evsoc-efinity-v2026.1.132/cam_single/Ti60F225_dsi/work_dbg/debug_top.v:1060)
[EFX-0200 WARNING] Removing redundant signal : trig_in_ack. (C:/Users/Jing-XuanTan(i)/Downloads/evsoc-efinity-v2026.1.132/evsoc-efinity-v2026.1.132/cam_single/Ti60F225_dsi/work_dbg/debug_top.v:1072)
[EFX-0200 WARNING] Removing redundant signal : mux_capture_cmp[5:0]. (C:/Users/Jing-XuanTan(i)/Downloads/evsoc-efinity-v2026.1.132/evsoc-efinity-v2026.1.132/cam_single/Ti60F225_dsi/work_dbg/debug_top.v:3491)
[EFX-0200 WARNING] Removing redundant signal : bscan_CAPTURE. (C:/Users/Jing-XuanTan(i)/Downloads/evsoc-efinity-v2026.1.132/evsoc-efinity-v2026.1.132/cam_single/Ti60F225_dsi/work_dbg/debug_top.v:292)
[EFX-0200 WARNING] Removing redundant signal : bscan_DRCK. (C:/Users/Jing-XuanTan(i)/Downloads/evsoc-efinity-v2026.1.132/evsoc-efinity-v2026.1.132/cam_single/Ti60F225_dsi/work_dbg/debug_top.v:293)
[EFX-0200 WARNING] Removing redundant signal : bscan_RUNTEST. (C:/Users/Jing-XuanTan(i)/Downloads/evsoc-efinity-v2026.1.132/evsoc-efinity-v2026.1.132/cam_single/Ti60F225_dsi/work_dbg/debug_top.v:295)
[EFX-0200 WARNING] Removing redundant signal : bscan_TMS. (C:/Users/Jing-XuanTan(i)/Downloads/evsoc-efinity-v2026.1.132/evsoc-efinity-v2026.1.132/cam_single/Ti60F225_dsi/work_dbg/debug_top.v:300)
[EFX-0201 WARNING] Re-wiring to GND non-driven net/port 'probe6[0]' in module 'edb_la_top_4510ad0427554b979e97f9d0f41656ca(NUM_PROBES=6,DATA_DEPTH=4096,INPUT_PIPE_STAGES=1,UUID=128'b01100010000100011000001110110001001101100111011001000111000100011011011010010011000010101100100010001001001101010011001011111010,PROBE0_TYPE=1,PROBE1_TYPE=1,PROBE2_TYPE=1,PROBE3_TYPE=1,PROBE4_TYPE=1,PROBE5_TYPE=1)'. (C:/Users/Jing-XuanTan(i)/Downloads/evsoc-efinity-v2026.1.132/evsoc-efinity-v2026.1.132/cam_single/Ti60F225_dsi/work_dbg/debug_top.v:107)
[EFX-0201 WARNING] Re-wiring to GND non-driven net/port 'probe7[0]' in module 'edb_la_top_4510ad0427554b979e97f9d0f41656ca(NUM_PROBES=6,DATA_DEPTH=4096,INPUT_PIPE_STAGES=1,UUID=128'b01100010000100011000001110110001001101100111011001000111000100011011011010010011000010101100100010001001001101010011001011111010,PROBE0_TYPE=1,PROBE1_TYPE=1,PROBE2_TYPE=1,PROBE3_TYPE=1,PROBE4_TYPE=1,PROBE5_TYPE=1)'. (C:/Users/Jing-XuanTan(i)/Downloads/evsoc-efinity-v2026.1.132/evsoc-efinity-v2026.1.132/cam_single/Ti60F225_dsi/work_dbg/debug_top.v:107)
[EFX-0201 WARNING] Re-wiring to GND non-driven net/port 'probe8[0]' in module 'edb_la_top_4510ad0427554b979e97f9d0f41656ca(NUM_PROBES=6,DATA_DEPTH=4096,INPUT_PIPE_STAGES=1,UUID=128'b01100010000100011000001110110001001101100111011001000111000100011011011010010011000010101100100010001001001101010011001011111010,PROBE0_TYPE=1,PROBE1_TYPE=1,PROBE2_TYPE=1,PROBE3_TYPE=1,PROBE4_TYPE=1,PROBE5_TYPE=1)'. (C:/Users/Jing-XuanTan(i)/Downloads/evsoc-efinity-v2026.1.132/evsoc-efinity-v2026.1.132/cam_single/Ti60F225_dsi/work_dbg/debug_top.v:107)
[EFX-0201 WARNING] Re-wiring to GND non-driven net/port 'probe9[0]' in module 'edb_la_top_4510ad0427554b979e97f9d0f41656ca(NUM_PROBES=6,DATA_DEPTH=4096,INPUT_PIPE_STAGES=1,UUID=128'b01100010000100011000001110110001001101100111011001000111000100011011011010010011000010101100100010001001001101010011001011111010,PROBE0_TYPE=1,PROBE1_TYPE=1,PROBE2_TYPE=1,PROBE3_TYPE=1,PROBE4_TYPE=1,PROBE5_TYPE=1)'. (C:/Users/Jing-XuanTan(i)/Downloads/evsoc-efinity-v2026.1.132/evsoc-efinity-v2026.1.132/cam_single/Ti60F225_dsi/work_dbg/debug_top.v:107)
[EFX-0201 WARNING] Re-wiring to GND non-driven net/port 'probe10[0]' in module 'edb_la_top_4510ad0427554b979e97f9d0f41656ca(NUM_PROBES=6,DATA_DEPTH=4096,INPUT_PIPE_STAGES=1,UUID=128'b01100010000100011000001110110001001101100111011001000111000100011011011010010011000010101100100010001001001101010011001011111010,PROBE0_TYPE=1,PROBE1_TYPE=1,PROBE2_TYPE=1,PROBE3_TYPE=1,PROBE4_TYPE=1,PROBE5_TYPE=1)'. (C:/Users/Jing-XuanTan(i)/Downloads/evsoc-efinity-v2026.1.132/evsoc-efinity-v2026.1.132/cam_single/Ti60F225_dsi/work_dbg/debug_top.v:107)
[EFX-0201 WARNING] Re-wiring to GND non-driven net/port 'probe11[0]' in module 'edb_la_top_4510ad0427554b979e97f9d0f41656ca(NUM_PROBES=6,DATA_DEPTH=4096,INPUT_PIPE_STAGES=1,UUID=128'b01100010000100011000001110110001001101100111011001000111000100011011011010010011000010101100100010001001001101010011001011111010,PROBE0_TYPE=1,PROBE1_TYPE=1,PROBE2_TYPE=1,PROBE3_TYPE=1,PROBE4_TYPE=1,PROBE5_TYPE=1)'. (C:/Users/Jing-XuanTan(i)/Downloads/evsoc-efinity-v2026.1.132/evsoc-efinity-v2026.1.132/cam_single/Ti60F225_dsi/work_dbg/debug_top.v:107)
[EFX-0201 WARNING] Re-wiring to GND non-driven net/port 'probe12[0]' in module 'edb_la_top_4510ad0427554b979e97f9d0f41656ca(NUM_PROBES=6,DATA_DEPTH=4096,INPUT_PIPE_STAGES=1,UUID=128'b01100010000100011000001110110001001101100111011001000111000100011011011010010011000010101100100010001001001101010011001011111010,PROBE0_TYPE=1,PROBE1_TYPE=1,PROBE2_TYPE=1,PROBE3_TYPE=1,PROBE4_TYPE=1,PROBE5_TYPE=1)'. (C:/Users/Jing-XuanTan(i)/Downloads/evsoc-efinity-v2026.1.132/evsoc-efinity-v2026.1.132/cam_single/Ti60F225_dsi/work_dbg/debug_top.v:107)
[EFX-0201 WARNING] Re-wiring to GND non-driven net/port 'probe13[0]' in module 'edb_la_top_4510ad0427554b979e97f9d0f41656ca(NUM_PROBES=6,DATA_DEPTH=4096,INPUT_PIPE_STAGES=1,UUID=128'b01100010000100011000001110110001001101100111011001000111000100011011011010010011000010101100100010001001001101010011001011111010,PROBE0_TYPE=1,PROBE1_TYPE=1,PROBE2_TYPE=1,PROBE3_TYPE=1,PROBE4_TYPE=1,PROBE5_TYPE=1)'. (C:/Users/Jing-XuanTan(i)/Downloads/evsoc-efinity-v2026.1.132/evsoc-efinity-v2026.1.132/cam_single/Ti60F225_dsi/work_dbg/debug_top.v:107)
[EFX-0201 WARNING] Re-wiring to GND non-driven net/port 'probe14[0]' in module 'edb_la_top_4510ad0427554b979e97f9d0f41656ca(NUM_PROBES=6,DATA_DEPTH=4096,INPUT_PIPE_STAGES=1,UUID=128'b01100010000100011000001110110001001101100111011001000111000100011011011010010011000010101100100010001001001101010011001011111010,PROBE0_TYPE=1,PROBE1_TYPE=1,PROBE2_TYPE=1,PROBE3_TYPE=1,PROBE4_TYPE=1,PROBE5_TYPE=1)'. (C:/Users/Jing-XuanTan(i)/Downloads/evsoc-efinity-v2026.1.132/evsoc-efinity-v2026.1.132/cam_single/Ti60F225_dsi/work_dbg/debug_top.v:107)
[EFX-0201 WARNING] Re-wiring to GND non-driven net/port 'probe15[0]' in module 'edb_la_top_4510ad0427554b979e97f9d0f41656ca(NUM_PROBES=6,DATA_DEPTH=4096,INPUT_PIPE_STAGES=1,UUID=128'b01100010000100011000001110110001001101100111011001000111000100011011011010010011000010101100100010001001001101010011001011111010,PROBE0_TYPE=1,PROBE1_TYPE=1,PROBE2_TYPE=1,PROBE3_TYPE=1,PROBE4_TYPE=1,PROBE5_TYPE=1)'. (C:/Users/Jing-XuanTan(i)/Downloads/evsoc-efinity-v2026.1.132/evsoc-efinity-v2026.1.132/cam_single/Ti60F225_dsi/work_dbg/debug_top.v:107)
[EFX-0011 VERI-WARNING] Input/inout port bscan_DRCK is unconnected. Place and route may remove this unconnected port. (VDB-8003) (C:/Users/Jing-XuanTan(i)/Downloads/evsoc-efinity-v2026.1.132/evsoc-efinity-v2026.1.132/cam_single/Ti60F225_dsi/work_dbg/debug_top.v:17)
[EFX-0011 VERI-WARNING] Input/inout port bscan_RUNTEST is unconnected. Place and route may remove this unconnected port. (VDB-8003) (C:/Users/Jing-XuanTan(i)/Downloads/evsoc-efinity-v2026.1.132/evsoc-efinity-v2026.1.132/cam_single/Ti60F225_dsi/work_dbg/debug_top.v:19)
[EFX-0011 VERI-WARNING] Input/inout port bscan_TMS is unconnected. Place and route may remove this unconnected port. (VDB-8003) (C:/Users/Jing-XuanTan(i)/Downloads/evsoc-efinity-v2026.1.132/evsoc-efinity-v2026.1.132/cam_single/Ti60F225_dsi/work_dbg/debug_top.v:24)
[EFX-0011 VERI-WARNING] Found 3 warnings in the post-synthesis netlist. 

///////////////////////////////////
// Efinity Synthesis Started 
// Oct 06, 2026 18:42:03
///////////////////////////////////

[EFX-0200 WARNING] Removing redundant signal : Rx_HS_D_2[7:0]. (C:\Users\Jing-XuanTan(i)\Downloads\evsoc-efinity-v2026.1.132\evsoc-efinity-v2026.1.132\cam_single\Ti60F225_dsi\ip\csi2_rx_cam\csi2_rx_cam.sv:6307)
[EFX-0200 WARNING] Removing redundant signal : Rx_HS_D_3[7:0]. (C:\Users\Jing-XuanTan(i)\Downloads\evsoc-efinity-v2026.1.132\evsoc-efinity-v2026.1.132\cam_single\Ti60F225_dsi\ip\csi2_rx_cam\csi2_rx_cam.sv:6307)
[EFX-0200 WARNING] Removing redundant signal : Rx_HS_D_4[7:0]. (C:\Users\Jing-XuanTan(i)\Downloads\evsoc-efinity-v2026.1.132\evsoc-efinity-v2026.1.132\cam_single\Ti60F225_dsi\ip\csi2_rx_cam\csi2_rx_cam.sv:6307)
[EFX-0200 WARNING] Removing redundant signal : Rx_HS_D_5[7:0]. (C:\Users\Jing-XuanTan(i)\Downloads\evsoc-efinity-v2026.1.132\evsoc-efinity-v2026.1.132\cam_single\Ti60F225_dsi\ip\csi2_rx_cam\csi2_rx_cam.sv:6307)
[EFX-0200 WARNING] Removing redundant signal : Rx_HS_D_6[7:0]. (C:\Users\Jing-XuanTan(i)\Downloads\evsoc-efinity-v2026.1.132\evsoc-efinity-v2026.1.132\cam_single\Ti60F225_dsi\ip\csi2_rx_cam\csi2_rx_cam.sv:6307)
[EFX-0200 WARNING] Removing redundant signal : Rx_HS_D_7[7:0]. (C:\Users\Jing-XuanTan(i)\Downloads\evsoc-efinity-v2026.1.132\evsoc-efinity-v2026.1.132\cam_single\Ti60F225_dsi\ip\csi2_rx_cam\csi2_rx_cam.sv:6307)
[EFX-0200 WARNING] Removing redundant signal : u_dly_enable_D[1:0]. (C:\Users\Jing-XuanTan(i)\Downloads\evsoc-efinity-v2026.1.132\evsoc-efinity-v2026.1.132\cam_single\Ti60F225_dsi\ip\csi2_rx_cam\csi2_rx_cam.sv:6307)
[EFX-0200 WARNING] Removing redundant signal : u_dly_inc_D[1:0]. (C:\Users\Jing-XuanTan(i)\Downloads\evsoc-efinity-v2026.1.132\evsoc-efinity-v2026.1.132\cam_single\Ti60F225_dsi\ip\csi2_rx_cam\csi2_rx_cam.sv:6307)
[EFX-0200 WARNING] Removing redundant signal : axi_awaddr[1:0]. (C:\Users\Jing-XuanTan(i)\Downloads\evsoc-efinity-v2026.1.132\evsoc-efinity-v2026.1.132\cam_single\Ti60F225_dsi\ip\csi2_rx_cam\csi2_rx_cam.sv:5564)
[EFX-0200 WARNING] Removing redundant signal : axi_araddr[1:0]. (C:\Users\Jing-XuanTan(i)\Downloads\evsoc-efinity-v2026.1.132\evsoc-efinity-v2026.1.132\cam_single\Ti60F225_dsi\ip\csi2_rx_cam\csi2_rx_cam.sv:5564)
[EFX-0200 WARNING] Removing redundant signal : loc_rdata[31:0]. (C:\Users\Jing-XuanTan(i)\Downloads\evsoc-efinity-v2026.1.132\evsoc-efinity-v2026.1.132\cam_single\Ti60F225_dsi\ip\csi2_rx_cam\csi2_rx_cam.sv:5564)
[EFX-0200 WARNING] Removing redundant signal : nextCRC16_D16[15:0]. (C:\Users\Jing-XuanTan(i)\Downloads\evsoc-efinity-v2026.1.132\evsoc-efinity-v2026.1.132\cam_single\Ti60F225_dsi\ip\csi2_rx_cam\csi2_rx_cam.sv:1466)
[EFX-0200 WARNING] Removing redundant signal : nextCRC16_D16.Data[15:0]. (C:\Users\Jing-XuanTan(i)\Downloads\evsoc-efinity-v2026.1.132\evsoc-efinity-v2026.1.132\cam_single\Ti60F225_dsi\ip\csi2_rx_cam\csi2_rx_cam.sv:1466)
[EFX-0200 WARNING] Removing redundant signal : nextCRC16_D16.fcrc[15:0]. (C:\Users\Jing-XuanTan(i)\Downloads\evsoc-efinity-v2026.1.132\evsoc-efinity-v2026.1.132\cam_single\Ti60F225_dsi\ip\csi2_rx_cam\csi2_rx_cam.sv:1466)
[EFX-0200 WARNING] Removing redundant signal : nextCRC16_D16.d[15:0]. (C:\Users\Jing-XuanTan(i)\Downloads\evsoc-efinity-v2026.1.132\evsoc-efinity-v2026.1.132\cam_single\Ti60F225_dsi\ip\csi2_rx_cam\csi2_rx_cam.sv:1466)
[EFX-0200 WARNING] Removing redundant signal : nextCRC16_D16.c[15:0]. (C:\Users\Jing-XuanTan(i)\Downloads\evsoc-efinity-v2026.1.132\evsoc-efinity-v2026.1.132\cam_single\Ti60F225_dsi\ip\csi2_rx_cam\csi2_rx_cam.sv:1466)
[EFX-0200 WARNING] Removing redundant signal : nextCRC16_D16.newcrc[15:0]. (C:\Users\Jing-XuanTan(i)\Downloads\evsoc-efinity-v2026.1.132\evsoc-efinity-v2026.1.132\cam_single\Ti60F225_dsi\ip\csi2_rx_cam\csi2_rx_cam.sv:1466)
[EFX-0200 WARNING] Removing redundant signal : nextCRC16_D8[15:0]. (C:\Users\Jing-XuanTan(i)\Downloads\evsoc-efinity-v2026.1.132\evsoc-efinity-v2026.1.132\cam_single\Ti60F225_dsi\ip\csi2_rx_cam\csi2_rx_cam.sv:1466)
[EFX-0200 WARNING] Removing redundant signal : nextCRC16_D8.Data[7:0]. (C:\Users\Jing-XuanTan(i)\Downloads\evsoc-efinity-v2026.1.132\evsoc-efinity-v2026.1.132\cam_single\Ti60F225_dsi\ip\csi2_rx_cam\csi2_rx_cam.sv:1466)
[EFX-0200 WARNING] Removing redundant signal : nextCRC16_D8.fcrc[15:0]. (C:\Users\Jing-XuanTan(i)\Downloads\evsoc-efinity-v2026.1.132\evsoc-efinity-v2026.1.132\cam_single\Ti60F225_dsi\ip\csi2_rx_cam\csi2_rx_cam.sv:1466)
[EFX-0201 WARNING] Re-wiring to GND non-driven net/port 'a_wr_rst_i' in module 'efx_fifo_top_077823fa68f649b1a7074c944568f3e4(FAMILY="TITANIUM",SYNC_CLK=1,DATA_WIDTH=40,PIPELINE_REG=0,OUTPUT_REG=1,PROGRAMMABLE_FULL="NONE",PROG_FULL_ASSERT=510,PROG_FULL_NEGATE=510,PROGRAMMABLE_EMPTY="NONE",PROG_EMPTY_ASSERT=2,PROG_EMPTY_NEGATE=3)'. (C:\Users\Jing-XuanTan(i)\Downloads\evsoc-efinity-v2026.1.132\evsoc-efinity-v2026.1.132\cam_single\Ti60F225_dsi\ip\cam_pixel_remap_fifo\cam_pixel_remap_fifo.sv:92)
[EFX-0201 WARNING] Re-wiring to GND non-driven net/port 'a_rd_rst_i' in module 'efx_fifo_top_077823fa68f649b1a7074c944568f3e4(FAMILY="TITANIUM",SYNC_CLK=1,DATA_WIDTH=40,PIPELINE_REG=0,OUTPUT_REG=1,PROGRAMMABLE_FULL="NONE",PROG_FULL_ASSERT=510,PROG_FULL_NEGATE=510,PROGRAMMABLE_EMPTY="NONE",PROG_EMPTY_ASSERT=2,PROG_EMPTY_NEGATE=3)'. (C:\Users\Jing-XuanTan(i)\Downloads\evsoc-efinity-v2026.1.132\evsoc-efinity-v2026.1.132\cam_single\Ti60F225_dsi\ip\cam_pixel_remap_fifo\cam_pixel_remap_fifo.sv:92)
[EFX-0201 WARNING] Re-wiring to GND non-driven net/port 'wr_clk_i' in module 'efx_fifo_top_077823fa68f649b1a7074c944568f3e4(FAMILY="TITANIUM",SYNC_CLK=1,DATA_WIDTH=40,PIPELINE_REG=0,OUTPUT_REG=1,PROGRAMMABLE_FULL="NONE",PROG_FULL_ASSERT=510,PROG_FULL_NEGATE=510,PROGRAMMABLE_EMPTY="NONE",PROG_EMPTY_ASSERT=2,PROG_EMPTY_NEGATE=3)'. (C:\Users\Jing-XuanTan(i)\Downloads\evsoc-efinity-v2026.1.132\evsoc-efinity-v2026.1.132\cam_single\Ti60F225_dsi\ip\cam_pixel_remap_fifo\cam_pixel_remap_fifo.sv:92)
[EFX-0201 WARNING] Re-wiring to GND non-driven net/port 'rd_clk_i' in module 'efx_fifo_top_077823fa68f649b1a7074c944568f3e4(FAMILY="TITANIUM",SYNC_CLK=1,DATA_WIDTH=40,PIPELINE_REG=0,OUTPUT_REG=1,PROGRAMMABLE_FULL="NONE",PROG_FULL_ASSERT=510,PROG_FULL_NEGATE=510,PROGRAMMABLE_EMPTY="NONE",PROG_EMPTY_ASSERT=2,PROG_EMPTY_NEGATE=3)'. (C:\Users\Jing-XuanTan(i)\Downloads\evsoc-efinity-v2026.1.132\evsoc-efinity-v2026.1.132\cam_single\Ti60F225_dsi\ip\cam_pixel_remap_fifo\cam_pixel_remap_fifo.sv:92)
[EFX-0201 WARNING] Re-wiring to GND non-driven net/port 'r_registers[12][31]' in module 'axi_lite_register(S_AXI_WSTRB_WIDTH=4)'. (C:\Users\Jing-XuanTan(i)\Downloads\evsoc-efinity-v2026.1.132\evsoc-efinity-v2026.1.132\cam_single\Ti60F225_dsi\source/isp/axi_lite_register.sv:99)
[EFX-0201 WARNING] Re-wiring to GND non-driven net/port 'r_registers[12][30]' in module 'axi_lite_register(S_AXI_WSTRB_WIDTH=4)'. (C:\Users\Jing-XuanTan(i)\Downloads\evsoc-efinity-v2026.1.132\evsoc-efinity-v2026.1.132\cam_single\Ti60F225_dsi\source/isp/axi_lite_register.sv:99)
[EFX-0201 WARNING] Re-wiring to GND non-driven net/port 'r_registers[12][29]' in module 'axi_lite_register(S_AXI_WSTRB_WIDTH=4)'. (C:\Users\Jing-XuanTan(i)\Downloads\evsoc-efinity-v2026.1.132\evsoc-efinity-v2026.1.132\cam_single\Ti60F225_dsi\source/isp/axi_lite_register.sv:99)
[EFX-0201 WARNING] Re-wiring to GND non-driven net/port 'r_registers[12][28]' in module 'axi_lite_register(S_AXI_WSTRB_WIDTH=4)'. (C:\Users\Jing-XuanTan(i)\Downloads\evsoc-efinity-v2026.1.132\evsoc-efinity-v2026.1.132\cam_single\Ti60F225_dsi\source/isp/axi_lite_register.sv:99)
[EFX-0201 WARNING] Re-wiring to GND non-driven net/port 'r_registers[12][27]' in module 'axi_lite_register(S_AXI_WSTRB_WIDTH=4)'. (C:\Users\Jing-XuanTan(i)\Downloads\evsoc-efinity-v2026.1.132\evsoc-efinity-v2026.1.132\cam_single\Ti60F225_dsi\source/isp/axi_lite_register.sv:99)
[EFX-0201 WARNING] Re-wiring to GND non-driven net/port 'r_registers[12][26]' in module 'axi_lite_register(S_AXI_WSTRB_WIDTH=4)'. (C:\Users\Jing-XuanTan(i)\Downloads\evsoc-efinity-v2026.1.132\evsoc-efinity-v2026.1.132\cam_single\Ti60F225_dsi\source/isp/axi_lite_register.sv:99)
[EFX-0657 WARNING] Mapping into logic memory block 'pipe_0_center' (28 bits) (C:\Users\Jing-XuanTan(i)\Downloads\evsoc-efinity-v2026.1.132\evsoc-efinity-v2026.1.132\cam_single\Ti60F225_dsi\source/isp/demosaic.sv:68) because size is too small (<=64)
[EFX-0657 WARNING] Mapping into logic memory block 'pipe_0_outer_horizontal' (28 bits) (C:\Users\Jing-XuanTan(i)\Downloads\evsoc-efinity-v2026.1.132\evsoc-efinity-v2026.1.132\cam_single\Ti60F225_dsi\source/isp/demosaic.sv:69) because size is too small (<=64)
[EFX-0657 WARNING] Mapping into logic memory block 'pipe_0_outer_vertical' (28 bits) (C:\Users\Jing-XuanTan(i)\Downloads\evsoc-efinity-v2026.1.132\evsoc-efinity-v2026.1.132\cam_single\Ti60F225_dsi\source/isp/demosaic.sv:70) because size is too small (<=64)
[EFX-0657 WARNING] Mapping into logic memory block 'pipe_0_inner_horizontal' (28 bits) (C:\Users\Jing-XuanTan(i)\Downloads\evsoc-efinity-v2026.1.132\evsoc-efinity-v2026.1.132\cam_single\Ti60F225_dsi\source/isp/demosaic.sv:71) because size is too small (<=64)
[EFX-0657 WARNING] Mapping into logic memory block 'pipe_0_inner_vertical' (28 bits) (C:\Users\Jing-XuanTan(i)\Downloads\evsoc-efinity-v2026.1.132\evsoc-efinity-v2026.1.132\cam_single\Ti60F225_dsi\source/isp/demosaic.sv:72) because size is too small (<=64)
[EFX-0657 WARNING] Mapping into logic memory block 'pipe_0_inner_top' (28 bits) (C:\Users\Jing-XuanTan(i)\Downloads\evsoc-efinity-v2026.1.132\evsoc-efinity-v2026.1.132\cam_single\Ti60F225_dsi\source/isp/demosaic.sv:73) because size is too small (<=64)
[EFX-0657 WARNING] Mapping into logic memory block 'pipe_0_inner_bottom' (28 bits) (C:\Users\Jing-XuanTan(i)\Downloads\evsoc-efinity-v2026.1.132\evsoc-efinity-v2026.1.132\cam_single\Ti60F225_dsi\source/isp/demosaic.sv:74) because size is too small (<=64)
[EFX-0657 WARNING] Mapping into logic memory block 'pipe_1_center' (36 bits) (C:\Users\Jing-XuanTan(i)\Downloads\evsoc-efinity-v2026.1.132\evsoc-efinity-v2026.1.132\cam_single\Ti60F225_dsi\source/isp/demosaic.sv:80) because size is too small (<=64)
[EFX-0657 WARNING] Mapping into logic memory block 'pipe_1_center_x5' (36 bits) (C:\Users\Jing-XuanTan(i)\Downloads\evsoc-efinity-v2026.1.132\evsoc-efinity-v2026.1.132\cam_single\Ti60F225_dsi\source/isp/demosaic.sv:81) because size is too small (<=64)
[EFX-0657 WARNING] Mapping into logic memory block 'pipe_1_center_x6' (36 bits) (C:\Users\Jing-XuanTan(i)\Downloads\evsoc-efinity-v2026.1.132\evsoc-efinity-v2026.1.132\cam_single\Ti60F225_dsi\source/isp/demosaic.sv:82) because size is too small (<=64)
[EFX-0657 WARNING] Mapping into logic memory block 'pipe_1_outer_horizontal' (36 bits) (C:\Users\Jing-XuanTan(i)\Downloads\evsoc-efinity-v2026.1.132\evsoc-efinity-v2026.1.132\cam_single\Ti60F225_dsi\source/isp/demosaic.sv:83) because size is too small (<=64)
[EFX-0657 WARNING] Mapping into logic memory block 'pipe_1_outer_vertical' (36 bits) (C:\Users\Jing-XuanTan(i)\Downloads\evsoc-efinity-v2026.1.132\evsoc-efinity-v2026.1.132\cam_single\Ti60F225_dsi\source/isp/demosaic.sv:84) because size is too small (<=64)
[EFX-0657 WARNING] Mapping into logic memory block 'pipe_1_outer_cross' (36 bits) (C:\Users\Jing-XuanTan(i)\Downloads\evsoc-efinity-v2026.1.132\evsoc-efinity-v2026.1.132\cam_single\Ti60F225_dsi\source/isp/demosaic.sv:85) because size is too small (<=64)
[EFX-0657 WARNING] Mapping into logic memory block 'pipe_1_inner_h_outer_v_x2' (36 bits) (C:\Users\Jing-XuanTan(i)\Downloads\evsoc-efinity-v2026.1.132\evsoc-efinity-v2026.1.132\cam_single\Ti60F225_dsi\source/isp/demosaic.sv:86) because size is too small (<=64)
[EFX-0657 WARNING] Mapping into logic memory block 'pipe_1_inner_v_outer_h_x2' (36 bits) (C:\Users\Jing-XuanTan(i)\Downloads\evsoc-efinity-v2026.1.132\evsoc-efinity-v2026.1.132\cam_single\Ti60F225_dsi\source/isp/demosaic.sv:87) because size is too small (<=64)
[EFX-0657 WARNING] Mapping into logic memory block 'pipe_1_inner_corner' (36 bits) (C:\Users\Jing-XuanTan(i)\Downloads\evsoc-efinity-v2026.1.132\evsoc-efinity-v2026.1.132\cam_single\Ti60F225_dsi\source/isp/demosaic.sv:88) because size is too small (<=64)
[EFX-0657 WARNING] Mapping into logic memory block 'pipe_1_inner_cross' (36 bits) (C:\Users\Jing-XuanTan(i)\Downloads\evsoc-efinity-v2026.1.132\evsoc-efinity-v2026.1.132\cam_single\Ti60F225_dsi\source/isp/demosaic.sv:89) because size is too small (<=64)
[EFX-0657 WARNING] Mapping into logic memory block 'pipe_2_center' (44 bits) (C:\Users\Jing-XuanTan(i)\Downloads\evsoc-efinity-v2026.1.132\evsoc-efinity-v2026.1.132\cam_single\Ti60F225_dsi\source/isp/demosaic.sv:95) because size is too small (<=64)
[EFX-0657 WARNING] Mapping into logic memory block 'pipe_2_center_cross_x2' (44 bits) (C:\Users\Jing-XuanTan(i)\Downloads\evsoc-efinity-v2026.1.132\evsoc-efinity-v2026.1.132\cam_single\Ti60F225_dsi\source/isp/demosaic.sv:96) because size is too small (<=64)
[EFX-0657 WARNING] Mapping into logic memory block 'pipe_2_outer_cross_x2' (44 bits) (C:\Users\Jing-XuanTan(i)\Downloads\evsoc-efinity-v2026.1.132\evsoc-efinity-v2026.1.132\cam_single\Ti60F225_dsi\source/isp/demosaic.sv:97) because size is too small (<=64)
[EFX-0657 WARNING] Mapping into logic memory block 'pipe_2_outer_cross_x3' (44 bits) (C:\Users\Jing-XuanTan(i)\Downloads\evsoc-efinity-v2026.1.132\evsoc-efinity-v2026.1.132\cam_single\Ti60F225_dsi\source/isp/demosaic.sv:98) because size is too small (<=64)
[EFX-0657 WARNING] Mapping into logic memory block 'pipe_2_inner_c_outer_h_x2' (44 bits) (C:\Users\Jing-XuanTan(i)\Downloads\evsoc-efinity-v2026.1.132\evsoc-efinity-v2026.1.132\cam_single\Ti60F225_dsi\source/isp/demosaic.sv:99) because size is too small (<=64)
[EFX-0657 WARNING] Mapping into logic memory block 'pipe_2_inner_c_outer_v_x2' (44 bits) (C:\Users\Jing-XuanTan(i)\Downloads\evsoc-efinity-v2026.1.132\evsoc-efinity-v2026.1.132\cam_single\Ti60F225_dsi\source/isp/demosaic.sv:100) because size is too small (<=64)
[EFX-0657 WARNING] Mapping into logic memory block 'pipe_2_rb_at_g1_x2' (44 bits) (C:\Users\Jing-XuanTan(i)\Downloads\evsoc-efinity-v2026.1.132\evsoc-efinity-v2026.1.132\cam_single\Ti60F225_dsi\source/isp/demosaic.sv:101) because size is too small (<=64)
[EFX-0657 WARNING] Mapping into logic memory block 'pipe_2_rb_at_g2_x2' (44 bits) (C:\Users\Jing-XuanTan(i)\Downloads\evsoc-efinity-v2026.1.132\evsoc-efinity-v2026.1.132\cam_single\Ti60F225_dsi\source/isp/demosaic.sv:102) because size is too small (<=64)
[EFX-0657 WARNING] Mapping into logic memory block 'pipe_2_rb_at_rb_x2' (44 bits) (C:\Users\Jing-XuanTan(i)\Downloads\evsoc-efinity-v2026.1.132\evsoc-efinity-v2026.1.132\cam_single\Ti60F225_dsi\source/isp/demosaic.sv:103) because size is too small (<=64)
[EFX-0657 WARNING] Mapping into logic memory block 'logic_progbufX_mem' (64 bits) (C:\Users\Jing-XuanTan(i)\Downloads\evsoc-efinity-v2026.1.132\evsoc-efinity-v2026.1.132\cam_single\Ti60F225_dsi\ip\SapphireSoc\SapphireSoc.v:12001) because size is too small (<=64)
[EFX-0657 WARNING] Mapping into logic memory block 'logic_ram' (64 bits) (C:\Users\Jing-XuanTan(i)\Downloads\evsoc-efinity-v2026.1.132\evsoc-efinity-v2026.1.132\cam_single\Ti60F225_dsi\ip\SapphireSoc\SapphireSoc.v:20390) because size is too small (<=64)
[EFX-0656 WARNING] Optimizing into logic zero initialized read-only memory block 'u_dma/u_EfxDMA/inputsAdapter_1_crossclock_fifo/ram__D$c1'. (C:\Users\Jing-XuanTan(i)\Downloads\evsoc-efinity-v2026.1.132\evsoc-efinity-v2026.1.132\cam_single\Ti60F225_dsi\ip\dma\dma.v:2839)
[EFX-0656 WARNING] Optimizing into logic zero initialized read-only memory block 'u_dma/u_EfxDMA/inputsAdapter_1_crossclock_fifo/ram__D$b12'. (C:\Users\Jing-XuanTan(i)\Downloads\evsoc-efinity-v2026.1.132\evsoc-efinity-v2026.1.132\cam_single\Ti60F225_dsi\ip\dma\dma.v:2839)
[EFX-0656 WARNING] Optimizing into logic zero initialized read-only memory block 'u_dma/u_EfxDMA/inputsAdapter_1_crossclock_fifo/ram__D$12'. (C:\Users\Jing-XuanTan(i)\Downloads\evsoc-efinity-v2026.1.132\evsoc-efinity-v2026.1.132\cam_single\Ti60F225_dsi\ip\dma\dma.v:2839)
[EFX-0656 WARNING] Optimizing into logic zero initialized read-only memory block 'u_dma/u_EfxDMA/inputsAdapter_1_crossclock_fifo/ram__D$2'. (C:\Users\Jing-XuanTan(i)\Downloads\evsoc-efinity-v2026.1.132\evsoc-efinity-v2026.1.132\cam_single\Ti60F225_dsi\ip\dma\dma.v:2839)

///////////////////////////////////
// Efinity Synthesis Started 
// Oct 06, 2026 18:55:30
///////////////////////////////////

[EFX-0011 VERI-WARNING] port 'probe4' remains unconnected for this instance (VERI-1927) (C:/Users/Jing-XuanTan(i)/Downloads/evsoc-efinity-v2026.1.132/evsoc-efinity-v2026.1.132/cam_single/Ti60F225_dsi/work_dbg/debug_top.v:126)
[EFX-0011 VERI-WARNING] input port 'probe4[0]' remains unconnected for this instance (VDB-1053) (C:/Users/Jing-XuanTan(i)/Downloads/evsoc-efinity-v2026.1.132/evsoc-efinity-v2026.1.132/cam_single/Ti60F225_dsi/work_dbg/debug_top.v:101)
[EFX-0200 WARNING] Removing redundant signal : compared_in[0]. (C:/Users/Jing-XuanTan(i)/Downloads/evsoc-efinity-v2026.1.132/evsoc-efinity-v2026.1.132/cam_single/Ti60F225_dsi/work_dbg/debug_top.v:5528)
[EFX-0200 WARNING] Removing redundant signal : mask_in[0]. (C:/Users/Jing-XuanTan(i)/Downloads/evsoc-efinity-v2026.1.132/evsoc-efinity-v2026.1.132/cam_single/Ti60F225_dsi/work_dbg/debug_top.v:5529)
[EFX-0200 WARNING] Removing redundant signal : trigger_in. (C:/Users/Jing-XuanTan(i)/Downloads/evsoc-efinity-v2026.1.132/evsoc-efinity-v2026.1.132/cam_single/Ti60F225_dsi/work_dbg/debug_top.v:5739)
[EFX-0200 WARNING] Removing redundant signal : clk. (C:/Users/Jing-XuanTan(i)/Downloads/evsoc-efinity-v2026.1.132/evsoc-efinity-v2026.1.132/cam_single/Ti60F225_dsi/work_dbg/debug_top.v:4562)
[EFX-0200 WARNING] Removing redundant signal : full. (C:/Users/Jing-XuanTan(i)/Downloads/evsoc-efinity-v2026.1.132/evsoc-efinity-v2026.1.132/cam_single/Ti60F225_dsi/work_dbg/debug_top.v:4616)
[EFX-0200 WARNING] Removing redundant signal : shift_i. (C:/Users/Jing-XuanTan(i)/Downloads/evsoc-efinity-v2026.1.132/evsoc-efinity-v2026.1.132/cam_single/Ti60F225_dsi/work_dbg/debug_top.v:4886)
[EFX-0200 WARNING] Removing redundant signal : trig_out. (C:/Users/Jing-XuanTan(i)/Downloads/evsoc-efinity-v2026.1.132/evsoc-efinity-v2026.1.132/cam_single/Ti60F225_dsi/work_dbg/debug_top.v:4903)
[EFX-0200 WARNING] Removing redundant signal : trig_out_ack. (C:/Users/Jing-XuanTan(i)/Downloads/evsoc-efinity-v2026.1.132/evsoc-efinity-v2026.1.132/cam_single/Ti60F225_dsi/work_dbg/debug_top.v:4904)
[EFX-0200 WARNING] Removing redundant signal : bscan_DRCK. (C:/Users/Jing-XuanTan(i)/Downloads/evsoc-efinity-v2026.1.132/evsoc-efinity-v2026.1.132/cam_single/Ti60F225_dsi/work_dbg/debug_top.v:1045)
[EFX-0200 WARNING] Removing redundant signal : bscan_RESET. (C:/Users/Jing-XuanTan(i)/Downloads/evsoc-efinity-v2026.1.132/evsoc-efinity-v2026.1.132/cam_single/Ti60F225_dsi/work_dbg/debug_top.v:1046)
[EFX-0200 WARNING] Removing redundant signal : bscan_RUNTEST. (C:/Users/Jing-XuanTan(i)/Downloads/evsoc-efinity-v2026.1.132/evsoc-efinity-v2026.1.132/cam_single/Ti60F225_dsi/work_dbg/debug_top.v:1047)
[EFX-0200 WARNING] Removing redundant signal : bscan_SEL. (C:/Users/Jing-XuanTan(i)/Downloads/evsoc-efinity-v2026.1.132/evsoc-efinity-v2026.1.132/cam_single/Ti60F225_dsi/work_dbg/debug_top.v:1048)
[EFX-0200 WARNING] Removing redundant signal : bscan_TMS. (C:/Users/Jing-XuanTan(i)/Downloads/evsoc-efinity-v2026.1.132/evsoc-efinity-v2026.1.132/cam_single/Ti60F225_dsi/work_dbg/debug_top.v:1052)
[EFX-0200 WARNING] Removing redundant signal : trig_in_ack. (C:/Users/Jing-XuanTan(i)/Downloads/evsoc-efinity-v2026.1.132/evsoc-efinity-v2026.1.132/cam_single/Ti60F225_dsi/work_dbg/debug_top.v:1064)
[EFX-0200 WARNING] Removing redundant signal : mux_capture_cmp[3:0]. (C:/Users/Jing-XuanTan(i)/Downloads/evsoc-efinity-v2026.1.132/evsoc-efinity-v2026.1.132/cam_single/Ti60F225_dsi/work_dbg/debug_top.v:3483)
[EFX-0200 WARNING] Removing redundant signal : bscan_CAPTURE. (C:/Users/Jing-XuanTan(i)/Downloads/evsoc-efinity-v2026.1.132/evsoc-efinity-v2026.1.132/cam_single/Ti60F225_dsi/work_dbg/debug_top.v:284)
[EFX-0200 WARNING] Removing redundant signal : bscan_DRCK. (C:/Users/Jing-XuanTan(i)/Downloads/evsoc-efinity-v2026.1.132/evsoc-efinity-v2026.1.132/cam_single/Ti60F225_dsi/work_dbg/debug_top.v:285)
[EFX-0200 WARNING] Removing redundant signal : bscan_RUNTEST. (C:/Users/Jing-XuanTan(i)/Downloads/evsoc-efinity-v2026.1.132/evsoc-efinity-v2026.1.132/cam_single/Ti60F225_dsi/work_dbg/debug_top.v:287)
[EFX-0200 WARNING] Removing redundant signal : bscan_TMS. (C:/Users/Jing-XuanTan(i)/Downloads/evsoc-efinity-v2026.1.132/evsoc-efinity-v2026.1.132/cam_single/Ti60F225_dsi/work_dbg/debug_top.v:292)
[EFX-0201 WARNING] Re-wiring to GND non-driven net/port 'probe4[0]' in module 'edb_la_top_36ebebcc7f464098b818a581d16b54da(NUM_PROBES=4,DATA_DEPTH=16384,INPUT_PIPE_STAGES=1,UUID=128'b11100110110011100010000100100010011111001000000001000100111011001010010010101110100011111101011011010100100011110111111010110011,PROBE0_WIDTH=64,PROBE0_TYPE=1,PROBE1_TYPE=1,PROBE2_TYPE=1,PROBE3_TYPE=1)'. (C:/Users/Jing-XuanTan(i)/Downloads/evsoc-efinity-v2026.1.132/evsoc-efinity-v2026.1.132/cam_single/Ti60F225_dsi/work_dbg/debug_top.v:101)
[EFX-0201 WARNING] Re-wiring to GND non-driven net/port 'probe5[0]' in module 'edb_la_top_36ebebcc7f464098b818a581d16b54da(NUM_PROBES=4,DATA_DEPTH=16384,INPUT_PIPE_STAGES=1,UUID=128'b11100110110011100010000100100010011111001000000001000100111011001010010010101110100011111101011011010100100011110111111010110011,PROBE0_WIDTH=64,PROBE0_TYPE=1,PROBE1_TYPE=1,PROBE2_TYPE=1,PROBE3_TYPE=1)'. (C:/Users/Jing-XuanTan(i)/Downloads/evsoc-efinity-v2026.1.132/evsoc-efinity-v2026.1.132/cam_single/Ti60F225_dsi/work_dbg/debug_top.v:101)
[EFX-0201 WARNING] Re-wiring to GND non-driven net/port 'probe6[0]' in module 'edb_la_top_36ebebcc7f464098b818a581d16b54da(NUM_PROBES=4,DATA_DEPTH=16384,INPUT_PIPE_STAGES=1,UUID=128'b11100110110011100010000100100010011111001000000001000100111011001010010010101110100011111101011011010100100011110111111010110011,PROBE0_WIDTH=64,PROBE0_TYPE=1,PROBE1_TYPE=1,PROBE2_TYPE=1,PROBE3_TYPE=1)'. (C:/Users/Jing-XuanTan(i)/Downloads/evsoc-efinity-v2026.1.132/evsoc-efinity-v2026.1.132/cam_single/Ti60F225_dsi/work_dbg/debug_top.v:101)
[EFX-0201 WARNING] Re-wiring to GND non-driven net/port 'probe7[0]' in module 'edb_la_top_36ebebcc7f464098b818a581d16b54da(NUM_PROBES=4,DATA_DEPTH=16384,INPUT_PIPE_STAGES=1,UUID=128'b11100110110011100010000100100010011111001000000001000100111011001010010010101110100011111101011011010100100011110111111010110011,PROBE0_WIDTH=64,PROBE0_TYPE=1,PROBE1_TYPE=1,PROBE2_TYPE=1,PROBE3_TYPE=1)'. (C:/Users/Jing-XuanTan(i)/Downloads/evsoc-efinity-v2026.1.132/evsoc-efinity-v2026.1.132/cam_single/Ti60F225_dsi/work_dbg/debug_top.v:101)
[EFX-0201 WARNING] Re-wiring to GND non-driven net/port 'probe8[0]' in module 'edb_la_top_36ebebcc7f464098b818a581d16b54da(NUM_PROBES=4,DATA_DEPTH=16384,INPUT_PIPE_STAGES=1,UUID=128'b11100110110011100010000100100010011111001000000001000100111011001010010010101110100011111101011011010100100011110111111010110011,PROBE0_WIDTH=64,PROBE0_TYPE=1,PROBE1_TYPE=1,PROBE2_TYPE=1,PROBE3_TYPE=1)'. (C:/Users/Jing-XuanTan(i)/Downloads/evsoc-efinity-v2026.1.132/evsoc-efinity-v2026.1.132/cam_single/Ti60F225_dsi/work_dbg/debug_top.v:101)
[EFX-0201 WARNING] Re-wiring to GND non-driven net/port 'probe9[0]' in module 'edb_la_top_36ebebcc7f464098b818a581d16b54da(NUM_PROBES=4,DATA_DEPTH=16384,INPUT_PIPE_STAGES=1,UUID=128'b11100110110011100010000100100010011111001000000001000100111011001010010010101110100011111101011011010100100011110111111010110011,PROBE0_WIDTH=64,PROBE0_TYPE=1,PROBE1_TYPE=1,PROBE2_TYPE=1,PROBE3_TYPE=1)'. (C:/Users/Jing-XuanTan(i)/Downloads/evsoc-efinity-v2026.1.132/evsoc-efinity-v2026.1.132/cam_single/Ti60F225_dsi/work_dbg/debug_top.v:101)
[EFX-0201 WARNING] Re-wiring to GND non-driven net/port 'probe10[0]' in module 'edb_la_top_36ebebcc7f464098b818a581d16b54da(NUM_PROBES=4,DATA_DEPTH=16384,INPUT_PIPE_STAGES=1,UUID=128'b11100110110011100010000100100010011111001000000001000100111011001010010010101110100011111101011011010100100011110111111010110011,PROBE0_WIDTH=64,PROBE0_TYPE=1,PROBE1_TYPE=1,PROBE2_TYPE=1,PROBE3_TYPE=1)'. (C:/Users/Jing-XuanTan(i)/Downloads/evsoc-efinity-v2026.1.132/evsoc-efinity-v2026.1.132/cam_single/Ti60F225_dsi/work_dbg/debug_top.v:101)
[EFX-0201 WARNING] Re-wiring to GND non-driven net/port 'probe11[0]' in module 'edb_la_top_36ebebcc7f464098b818a581d16b54da(NUM_PROBES=4,DATA_DEPTH=16384,INPUT_PIPE_STAGES=1,UUID=128'b11100110110011100010000100100010011111001000000001000100111011001010010010101110100011111101011011010100100011110111111010110011,PROBE0_WIDTH=64,PROBE0_TYPE=1,PROBE1_TYPE=1,PROBE2_TYPE=1,PROBE3_TYPE=1)'. (C:/Users/Jing-XuanTan(i)/Downloads/evsoc-efinity-v2026.1.132/evsoc-efinity-v2026.1.132/cam_single/Ti60F225_dsi/work_dbg/debug_top.v:101)
[EFX-0201 WARNING] Re-wiring to GND non-driven net/port 'probe12[0]' in module 'edb_la_top_36ebebcc7f464098b818a581d16b54da(NUM_PROBES=4,DATA_DEPTH=16384,INPUT_PIPE_STAGES=1,UUID=128'b11100110110011100010000100100010011111001000000001000100111011001010010010101110100011111101011011010100100011110111111010110011,PROBE0_WIDTH=64,PROBE0_TYPE=1,PROBE1_TYPE=1,PROBE2_TYPE=1,PROBE3_TYPE=1)'. (C:/Users/Jing-XuanTan(i)/Downloads/evsoc-efinity-v2026.1.132/evsoc-efinity-v2026.1.132/cam_single/Ti60F225_dsi/work_dbg/debug_top.v:101)
[EFX-0201 WARNING] Re-wiring to GND non-driven net/port 'probe13[0]' in module 'edb_la_top_36ebebcc7f464098b818a581d16b54da(NUM_PROBES=4,DATA_DEPTH=16384,INPUT_PIPE_STAGES=1,UUID=128'b11100110110011100010000100100010011111001000000001000100111011001010010010101110100011111101011011010100100011110111111010110011,PROBE0_WIDTH=64,PROBE0_TYPE=1,PROBE1_TYPE=1,PROBE2_TYPE=1,PROBE3_TYPE=1)'. (C:/Users/Jing-XuanTan(i)/Downloads/evsoc-efinity-v2026.1.132/evsoc-efinity-v2026.1.132/cam_single/Ti60F225_dsi/work_dbg/debug_top.v:101)
[EFX-0011 VERI-WARNING] Input/inout port bscan_DRCK is unconnected. Place and route may remove this unconnected port. (VDB-8003) (C:/Users/Jing-XuanTan(i)/Downloads/evsoc-efinity-v2026.1.132/evsoc-efinity-v2026.1.132/cam_single/Ti60F225_dsi/work_dbg/debug_top.v:17)
[EFX-0011 VERI-WARNING] Input/inout port bscan_RUNTEST is unconnected. Place and route may remove this unconnected port. (VDB-8003) (C:/Users/Jing-XuanTan(i)/Downloads/evsoc-efinity-v2026.1.132/evsoc-efinity-v2026.1.132/cam_single/Ti60F225_dsi/work_dbg/debug_top.v:19)
[EFX-0011 VERI-WARNING] Input/inout port bscan_TMS is unconnected. Place and route may remove this unconnected port. (VDB-8003) (C:/Users/Jing-XuanTan(i)/Downloads/evsoc-efinity-v2026.1.132/evsoc-efinity-v2026.1.132/cam_single/Ti60F225_dsi/work_dbg/debug_top.v:24)
[EFX-0011 VERI-WARNING] Found 3 warnings in the post-synthesis netlist. 

///////////////////////////////////
// Efinity Synthesis Started 
// Oct 06, 2026 18:55:40
///////////////////////////////////

[EFX-0200 WARNING] Removing redundant signal : Rx_HS_D_2[7:0]. (C:\Users\Jing-XuanTan(i)\Downloads\evsoc-efinity-v2026.1.132\evsoc-efinity-v2026.1.132\cam_single\Ti60F225_dsi\ip\csi2_rx_cam\csi2_rx_cam.sv:6307)
[EFX-0200 WARNING] Removing redundant signal : Rx_HS_D_3[7:0]. (C:\Users\Jing-XuanTan(i)\Downloads\evsoc-efinity-v2026.1.132\evsoc-efinity-v2026.1.132\cam_single\Ti60F225_dsi\ip\csi2_rx_cam\csi2_rx_cam.sv:6307)
[EFX-0200 WARNING] Removing redundant signal : Rx_HS_D_4[7:0]. (C:\Users\Jing-XuanTan(i)\Downloads\evsoc-efinity-v2026.1.132\evsoc-efinity-v2026.1.132\cam_single\Ti60F225_dsi\ip\csi2_rx_cam\csi2_rx_cam.sv:6307)
[EFX-0200 WARNING] Removing redundant signal : Rx_HS_D_5[7:0]. (C:\Users\Jing-XuanTan(i)\Downloads\evsoc-efinity-v2026.1.132\evsoc-efinity-v2026.1.132\cam_single\Ti60F225_dsi\ip\csi2_rx_cam\csi2_rx_cam.sv:6307)
[EFX-0200 WARNING] Removing redundant signal : Rx_HS_D_6[7:0]. (C:\Users\Jing-XuanTan(i)\Downloads\evsoc-efinity-v2026.1.132\evsoc-efinity-v2026.1.132\cam_single\Ti60F225_dsi\ip\csi2_rx_cam\csi2_rx_cam.sv:6307)
[EFX-0200 WARNING] Removing redundant signal : Rx_HS_D_7[7:0]. (C:\Users\Jing-XuanTan(i)\Downloads\evsoc-efinity-v2026.1.132\evsoc-efinity-v2026.1.132\cam_single\Ti60F225_dsi\ip\csi2_rx_cam\csi2_rx_cam.sv:6307)
[EFX-0200 WARNING] Removing redundant signal : u_dly_enable_D[1:0]. (C:\Users\Jing-XuanTan(i)\Downloads\evsoc-efinity-v2026.1.132\evsoc-efinity-v2026.1.132\cam_single\Ti60F225_dsi\ip\csi2_rx_cam\csi2_rx_cam.sv:6307)
[EFX-0200 WARNING] Removing redundant signal : u_dly_inc_D[1:0]. (C:\Users\Jing-XuanTan(i)\Downloads\evsoc-efinity-v2026.1.132\evsoc-efinity-v2026.1.132\cam_single\Ti60F225_dsi\ip\csi2_rx_cam\csi2_rx_cam.sv:6307)
[EFX-0200 WARNING] Removing redundant signal : axi_awaddr[1:0]. (C:\Users\Jing-XuanTan(i)\Downloads\evsoc-efinity-v2026.1.132\evsoc-efinity-v2026.1.132\cam_single\Ti60F225_dsi\ip\csi2_rx_cam\csi2_rx_cam.sv:5564)
[EFX-0200 WARNING] Removing redundant signal : axi_araddr[1:0]. (C:\Users\Jing-XuanTan(i)\Downloads\evsoc-efinity-v2026.1.132\evsoc-efinity-v2026.1.132\cam_single\Ti60F225_dsi\ip\csi2_rx_cam\csi2_rx_cam.sv:5564)
[EFX-0200 WARNING] Removing redundant signal : loc_rdata[31:0]. (C:\Users\Jing-XuanTan(i)\Downloads\evsoc-efinity-v2026.1.132\evsoc-efinity-v2026.1.132\cam_single\Ti60F225_dsi\ip\csi2_rx_cam\csi2_rx_cam.sv:5564)
[EFX-0200 WARNING] Removing redundant signal : nextCRC16_D16[15:0]. (C:\Users\Jing-XuanTan(i)\Downloads\evsoc-efinity-v2026.1.132\evsoc-efinity-v2026.1.132\cam_single\Ti60F225_dsi\ip\csi2_rx_cam\csi2_rx_cam.sv:1466)
[EFX-0200 WARNING] Removing redundant signal : nextCRC16_D16.Data[15:0]. (C:\Users\Jing-XuanTan(i)\Downloads\evsoc-efinity-v2026.1.132\evsoc-efinity-v2026.1.132\cam_single\Ti60F225_dsi\ip\csi2_rx_cam\csi2_rx_cam.sv:1466)
[EFX-0200 WARNING] Removing redundant signal : nextCRC16_D16.fcrc[15:0]. (C:\Users\Jing-XuanTan(i)\Downloads\evsoc-efinity-v2026.1.132\evsoc-efinity-v2026.1.132\cam_single\Ti60F225_dsi\ip\csi2_rx_cam\csi2_rx_cam.sv:1466)
[EFX-0200 WARNING] Removing redundant signal : nextCRC16_D16.d[15:0]. (C:\Users\Jing-XuanTan(i)\Downloads\evsoc-efinity-v2026.1.132\evsoc-efinity-v2026.1.132\cam_single\Ti60F225_dsi\ip\csi2_rx_cam\csi2_rx_cam.sv:1466)
[EFX-0200 WARNING] Removing redundant signal : nextCRC16_D16.c[15:0]. (C:\Users\Jing-XuanTan(i)\Downloads\evsoc-efinity-v2026.1.132\evsoc-efinity-v2026.1.132\cam_single\Ti60F225_dsi\ip\csi2_rx_cam\csi2_rx_cam.sv:1466)
[EFX-0200 WARNING] Removing redundant signal : nextCRC16_D16.newcrc[15:0]. (C:\Users\Jing-XuanTan(i)\Downloads\evsoc-efinity-v2026.1.132\evsoc-efinity-v2026.1.132\cam_single\Ti60F225_dsi\ip\csi2_rx_cam\csi2_rx_cam.sv:1466)
[EFX-0200 WARNING] Removing redundant signal : nextCRC16_D8[15:0]. (C:\Users\Jing-XuanTan(i)\Downloads\evsoc-efinity-v2026.1.132\evsoc-efinity-v2026.1.132\cam_single\Ti60F225_dsi\ip\csi2_rx_cam\csi2_rx_cam.sv:1466)
[EFX-0200 WARNING] Removing redundant signal : nextCRC16_D8.Data[7:0]. (C:\Users\Jing-XuanTan(i)\Downloads\evsoc-efinity-v2026.1.132\evsoc-efinity-v2026.1.132\cam_single\Ti60F225_dsi\ip\csi2_rx_cam\csi2_rx_cam.sv:1466)
[EFX-0200 WARNING] Removing redundant signal : nextCRC16_D8.fcrc[15:0]. (C:\Users\Jing-XuanTan(i)\Downloads\evsoc-efinity-v2026.1.132\evsoc-efinity-v2026.1.132\cam_single\Ti60F225_dsi\ip\csi2_rx_cam\csi2_rx_cam.sv:1466)
[EFX-0201 WARNING] Re-wiring to GND non-driven net/port 'a_wr_rst_i' in module 'efx_fifo_top_077823fa68f649b1a7074c944568f3e4(FAMILY="TITANIUM",SYNC_CLK=1,DATA_WIDTH=40,PIPELINE_REG=0,OUTPUT_REG=1,PROGRAMMABLE_FULL="NONE",PROG_FULL_ASSERT=510,PROG_FULL_NEGATE=510,PROGRAMMABLE_EMPTY="NONE",PROG_EMPTY_ASSERT=2,PROG_EMPTY_NEGATE=3)'. (C:\Users\Jing-XuanTan(i)\Downloads\evsoc-efinity-v2026.1.132\evsoc-efinity-v2026.1.132\cam_single\Ti60F225_dsi\ip\cam_pixel_remap_fifo\cam_pixel_remap_fifo.sv:92)
[EFX-0201 WARNING] Re-wiring to GND non-driven net/port 'a_rd_rst_i' in module 'efx_fifo_top_077823fa68f649b1a7074c944568f3e4(FAMILY="TITANIUM",SYNC_CLK=1,DATA_WIDTH=40,PIPELINE_REG=0,OUTPUT_REG=1,PROGRAMMABLE_FULL="NONE",PROG_FULL_ASSERT=510,PROG_FULL_NEGATE=510,PROGRAMMABLE_EMPTY="NONE",PROG_EMPTY_ASSERT=2,PROG_EMPTY_NEGATE=3)'. (C:\Users\Jing-XuanTan(i)\Downloads\evsoc-efinity-v2026.1.132\evsoc-efinity-v2026.1.132\cam_single\Ti60F225_dsi\ip\cam_pixel_remap_fifo\cam_pixel_remap_fifo.sv:92)
[EFX-0201 WARNING] Re-wiring to GND non-driven net/port 'wr_clk_i' in module 'efx_fifo_top_077823fa68f649b1a7074c944568f3e4(FAMILY="TITANIUM",SYNC_CLK=1,DATA_WIDTH=40,PIPELINE_REG=0,OUTPUT_REG=1,PROGRAMMABLE_FULL="NONE",PROG_FULL_ASSERT=510,PROG_FULL_NEGATE=510,PROGRAMMABLE_EMPTY="NONE",PROG_EMPTY_ASSERT=2,PROG_EMPTY_NEGATE=3)'. (C:\Users\Jing-XuanTan(i)\Downloads\evsoc-efinity-v2026.1.132\evsoc-efinity-v2026.1.132\cam_single\Ti60F225_dsi\ip\cam_pixel_remap_fifo\cam_pixel_remap_fifo.sv:92)
[EFX-0201 WARNING] Re-wiring to GND non-driven net/port 'rd_clk_i' in module 'efx_fifo_top_077823fa68f649b1a7074c944568f3e4(FAMILY="TITANIUM",SYNC_CLK=1,DATA_WIDTH=40,PIPELINE_REG=0,OUTPUT_REG=1,PROGRAMMABLE_FULL="NONE",PROG_FULL_ASSERT=510,PROG_FULL_NEGATE=510,PROGRAMMABLE_EMPTY="NONE",PROG_EMPTY_ASSERT=2,PROG_EMPTY_NEGATE=3)'. (C:\Users\Jing-XuanTan(i)\Downloads\evsoc-efinity-v2026.1.132\evsoc-efinity-v2026.1.132\cam_single\Ti60F225_dsi\ip\cam_pixel_remap_fifo\cam_pixel_remap_fifo.sv:92)
[EFX-0201 WARNING] Re-wiring to GND non-driven net/port 'r_registers[12][31]' in module 'axi_lite_register(S_AXI_WSTRB_WIDTH=4)'. (C:\Users\Jing-XuanTan(i)\Downloads\evsoc-efinity-v2026.1.132\evsoc-efinity-v2026.1.132\cam_single\Ti60F225_dsi\source/isp/axi_lite_register.sv:99)
[EFX-0201 WARNING] Re-wiring to GND non-driven net/port 'r_registers[12][30]' in module 'axi_lite_register(S_AXI_WSTRB_WIDTH=4)'. (C:\Users\Jing-XuanTan(i)\Downloads\evsoc-efinity-v2026.1.132\evsoc-efinity-v2026.1.132\cam_single\Ti60F225_dsi\source/isp/axi_lite_register.sv:99)
[EFX-0201 WARNING] Re-wiring to GND non-driven net/port 'r_registers[12][29]' in module 'axi_lite_register(S_AXI_WSTRB_WIDTH=4)'. (C:\Users\Jing-XuanTan(i)\Downloads\evsoc-efinity-v2026.1.132\evsoc-efinity-v2026.1.132\cam_single\Ti60F225_dsi\source/isp/axi_lite_register.sv:99)
[EFX-0201 WARNING] Re-wiring to GND non-driven net/port 'r_registers[12][28]' in module 'axi_lite_register(S_AXI_WSTRB_WIDTH=4)'. (C:\Users\Jing-XuanTan(i)\Downloads\evsoc-efinity-v2026.1.132\evsoc-efinity-v2026.1.132\cam_single\Ti60F225_dsi\source/isp/axi_lite_register.sv:99)
[EFX-0201 WARNING] Re-wiring to GND non-driven net/port 'r_registers[12][27]' in module 'axi_lite_register(S_AXI_WSTRB_WIDTH=4)'. (C:\Users\Jing-XuanTan(i)\Downloads\evsoc-efinity-v2026.1.132\evsoc-efinity-v2026.1.132\cam_single\Ti60F225_dsi\source/isp/axi_lite_register.sv:99)
[EFX-0201 WARNING] Re-wiring to GND non-driven net/port 'r_registers[12][26]' in module 'axi_lite_register(S_AXI_WSTRB_WIDTH=4)'. (C:\Users\Jing-XuanTan(i)\Downloads\evsoc-efinity-v2026.1.132\evsoc-efinity-v2026.1.132\cam_single\Ti60F225_dsi\source/isp/axi_lite_register.sv:99)
[EFX-0657 WARNING] Mapping into logic memory block 'pipe_0_center' (28 bits) (C:\Users\Jing-XuanTan(i)\Downloads\evsoc-efinity-v2026.1.132\evsoc-efinity-v2026.1.132\cam_single\Ti60F225_dsi\source/isp/demosaic.sv:68) because size is too small (<=64)
[EFX-0657 WARNING] Mapping into logic memory block 'pipe_0_outer_horizontal' (28 bits) (C:\Users\Jing-XuanTan(i)\Downloads\evsoc-efinity-v2026.1.132\evsoc-efinity-v2026.1.132\cam_single\Ti60F225_dsi\source/isp/demosaic.sv:69) because size is too small (<=64)
[EFX-0657 WARNING] Mapping into logic memory block 'pipe_0_outer_vertical' (28 bits) (C:\Users\Jing-XuanTan(i)\Downloads\evsoc-efinity-v2026.1.132\evsoc-efinity-v2026.1.132\cam_single\Ti60F225_dsi\source/isp/demosaic.sv:70) because size is too small (<=64)
[EFX-0657 WARNING] Mapping into logic memory block 'pipe_0_inner_horizontal' (28 bits) (C:\Users\Jing-XuanTan(i)\Downloads\evsoc-efinity-v2026.1.132\evsoc-efinity-v2026.1.132\cam_single\Ti60F225_dsi\source/isp/demosaic.sv:71) because size is too small (<=64)
[EFX-0657 WARNING] Mapping into logic memory block 'pipe_0_inner_vertical' (28 bits) (C:\Users\Jing-XuanTan(i)\Downloads\evsoc-efinity-v2026.1.132\evsoc-efinity-v2026.1.132\cam_single\Ti60F225_dsi\source/isp/demosaic.sv:72) because size is too small (<=64)
[EFX-0657 WARNING] Mapping into logic memory block 'pipe_0_inner_top' (28 bits) (C:\Users\Jing-XuanTan(i)\Downloads\evsoc-efinity-v2026.1.132\evsoc-efinity-v2026.1.132\cam_single\Ti60F225_dsi\source/isp/demosaic.sv:73) because size is too small (<=64)
[EFX-0657 WARNING] Mapping into logic memory block 'pipe_0_inner_bottom' (28 bits) (C:\Users\Jing-XuanTan(i)\Downloads\evsoc-efinity-v2026.1.132\evsoc-efinity-v2026.1.132\cam_single\Ti60F225_dsi\source/isp/demosaic.sv:74) because size is too small (<=64)
[EFX-0657 WARNING] Mapping into logic memory block 'pipe_1_center' (36 bits) (C:\Users\Jing-XuanTan(i)\Downloads\evsoc-efinity-v2026.1.132\evsoc-efinity-v2026.1.132\cam_single\Ti60F225_dsi\source/isp/demosaic.sv:80) because size is too small (<=64)
[EFX-0657 WARNING] Mapping into logic memory block 'pipe_1_center_x5' (36 bits) (C:\Users\Jing-XuanTan(i)\Downloads\evsoc-efinity-v2026.1.132\evsoc-efinity-v2026.1.132\cam_single\Ti60F225_dsi\source/isp/demosaic.sv:81) because size is too small (<=64)
[EFX-0657 WARNING] Mapping into logic memory block 'pipe_1_center_x6' (36 bits) (C:\Users\Jing-XuanTan(i)\Downloads\evsoc-efinity-v2026.1.132\evsoc-efinity-v2026.1.132\cam_single\Ti60F225_dsi\source/isp/demosaic.sv:82) because size is too small (<=64)
[EFX-0657 WARNING] Mapping into logic memory block 'pipe_1_outer_horizontal' (36 bits) (C:\Users\Jing-XuanTan(i)\Downloads\evsoc-efinity-v2026.1.132\evsoc-efinity-v2026.1.132\cam_single\Ti60F225_dsi\source/isp/demosaic.sv:83) because size is too small (<=64)
[EFX-0657 WARNING] Mapping into logic memory block 'pipe_1_outer_vertical' (36 bits) (C:\Users\Jing-XuanTan(i)\Downloads\evsoc-efinity-v2026.1.132\evsoc-efinity-v2026.1.132\cam_single\Ti60F225_dsi\source/isp/demosaic.sv:84) because size is too small (<=64)
[EFX-0657 WARNING] Mapping into logic memory block 'pipe_1_outer_cross' (36 bits) (C:\Users\Jing-XuanTan(i)\Downloads\evsoc-efinity-v2026.1.132\evsoc-efinity-v2026.1.132\cam_single\Ti60F225_dsi\source/isp/demosaic.sv:85) because size is too small (<=64)
[EFX-0657 WARNING] Mapping into logic memory block 'pipe_1_inner_h_outer_v_x2' (36 bits) (C:\Users\Jing-XuanTan(i)\Downloads\evsoc-efinity-v2026.1.132\evsoc-efinity-v2026.1.132\cam_single\Ti60F225_dsi\source/isp/demosaic.sv:86) because size is too small (<=64)
[EFX-0657 WARNING] Mapping into logic memory block 'pipe_1_inner_v_outer_h_x2' (36 bits) (C:\Users\Jing-XuanTan(i)\Downloads\evsoc-efinity-v2026.1.132\evsoc-efinity-v2026.1.132\cam_single\Ti60F225_dsi\source/isp/demosaic.sv:87) because size is too small (<=64)
[EFX-0657 WARNING] Mapping into logic memory block 'pipe_1_inner_corner' (36 bits) (C:\Users\Jing-XuanTan(i)\Downloads\evsoc-efinity-v2026.1.132\evsoc-efinity-v2026.1.132\cam_single\Ti60F225_dsi\source/isp/demosaic.sv:88) because size is too small (<=64)
[EFX-0657 WARNING] Mapping into logic memory block 'pipe_1_inner_cross' (36 bits) (C:\Users\Jing-XuanTan(i)\Downloads\evsoc-efinity-v2026.1.132\evsoc-efinity-v2026.1.132\cam_single\Ti60F225_dsi\source/isp/demosaic.sv:89) because size is too small (<=64)
[EFX-0657 WARNING] Mapping into logic memory block 'pipe_2_center' (44 bits) (C:\Users\Jing-XuanTan(i)\Downloads\evsoc-efinity-v2026.1.132\evsoc-efinity-v2026.1.132\cam_single\Ti60F225_dsi\source/isp/demosaic.sv:95) because size is too small (<=64)
[EFX-0657 WARNING] Mapping into logic memory block 'pipe_2_center_cross_x2' (44 bits) (C:\Users\Jing-XuanTan(i)\Downloads\evsoc-efinity-v2026.1.132\evsoc-efinity-v2026.1.132\cam_single\Ti60F225_dsi\source/isp/demosaic.sv:96) because size is too small (<=64)
[EFX-0657 WARNING] Mapping into logic memory block 'pipe_2_outer_cross_x2' (44 bits) (C:\Users\Jing-XuanTan(i)\Downloads\evsoc-efinity-v2026.1.132\evsoc-efinity-v2026.1.132\cam_single\Ti60F225_dsi\source/isp/demosaic.sv:97) because size is too small (<=64)
[EFX-0657 WARNING] Mapping into logic memory block 'pipe_2_outer_cross_x3' (44 bits) (C:\Users\Jing-XuanTan(i)\Downloads\evsoc-efinity-v2026.1.132\evsoc-efinity-v2026.1.132\cam_single\Ti60F225_dsi\source/isp/demosaic.sv:98) because size is too small (<=64)
[EFX-0657 WARNING] Mapping into logic memory block 'pipe_2_inner_c_outer_h_x2' (44 bits) (C:\Users\Jing-XuanTan(i)\Downloads\evsoc-efinity-v2026.1.132\evsoc-efinity-v2026.1.132\cam_single\Ti60F225_dsi\source/isp/demosaic.sv:99) because size is too small (<=64)
[EFX-0657 WARNING] Mapping into logic memory block 'pipe_2_inner_c_outer_v_x2' (44 bits) (C:\Users\Jing-XuanTan(i)\Downloads\evsoc-efinity-v2026.1.132\evsoc-efinity-v2026.1.132\cam_single\Ti60F225_dsi\source/isp/demosaic.sv:100) because size is too small (<=64)
[EFX-0657 WARNING] Mapping into logic memory block 'pipe_2_rb_at_g1_x2' (44 bits) (C:\Users\Jing-XuanTan(i)\Downloads\evsoc-efinity-v2026.1.132\evsoc-efinity-v2026.1.132\cam_single\Ti60F225_dsi\source/isp/demosaic.sv:101) because size is too small (<=64)
[EFX-0657 WARNING] Mapping into logic memory block 'pipe_2_rb_at_g2_x2' (44 bits) (C:\Users\Jing-XuanTan(i)\Downloads\evsoc-efinity-v2026.1.132\evsoc-efinity-v2026.1.132\cam_single\Ti60F225_dsi\source/isp/demosaic.sv:102) because size is too small (<=64)
[EFX-0657 WARNING] Mapping into logic memory block 'pipe_2_rb_at_rb_x2' (44 bits) (C:\Users\Jing-XuanTan(i)\Downloads\evsoc-efinity-v2026.1.132\evsoc-efinity-v2026.1.132\cam_single\Ti60F225_dsi\source/isp/demosaic.sv:103) because size is too small (<=64)
[EFX-0657 WARNING] Mapping into logic memory block 'logic_progbufX_mem' (64 bits) (C:\Users\Jing-XuanTan(i)\Downloads\evsoc-efinity-v2026.1.132\evsoc-efinity-v2026.1.132\cam_single\Ti60F225_dsi\ip\SapphireSoc\SapphireSoc.v:12001) because size is too small (<=64)
[EFX-0657 WARNING] Mapping into logic memory block 'logic_ram' (64 bits) (C:\Users\Jing-XuanTan(i)\Downloads\evsoc-efinity-v2026.1.132\evsoc-efinity-v2026.1.132\cam_single\Ti60F225_dsi\ip\SapphireSoc\SapphireSoc.v:20390) because size is too small (<=64)
[EFX-0656 WARNING] Optimizing into logic zero initialized read-only memory block 'u_dma/u_EfxDMA/inputsAdapter_1_crossclock_fifo/ram__D$c1'. (C:\Users\Jing-XuanTan(i)\Downloads\evsoc-efinity-v2026.1.132\evsoc-efinity-v2026.1.132\cam_single\Ti60F225_dsi\ip\dma\dma.v:2839)
[EFX-0656 WARNING] Optimizing into logic zero initialized read-only memory block 'u_dma/u_EfxDMA/inputsAdapter_1_crossclock_fifo/ram__D$b12'. (C:\Users\Jing-XuanTan(i)\Downloads\evsoc-efinity-v2026.1.132\evsoc-efinity-v2026.1.132\cam_single\Ti60F225_dsi\ip\dma\dma.v:2839)
[EFX-0656 WARNING] Optimizing into logic zero initialized read-only memory block 'u_dma/u_EfxDMA/inputsAdapter_1_crossclock_fifo/ram__D$12'. (C:\Users\Jing-XuanTan(i)\Downloads\evsoc-efinity-v2026.1.132\evsoc-efinity-v2026.1.132\cam_single\Ti60F225_dsi\ip\dma\dma.v:2839)
[EFX-0656 WARNING] Optimizing into logic zero initialized read-only memory block 'u_dma/u_EfxDMA/inputsAdapter_1_crossclock_fifo/ram__D$2'. (C:\Users\Jing-XuanTan(i)\Downloads\evsoc-efinity-v2026.1.132\evsoc-efinity-v2026.1.132\cam_single\Ti60F225_dsi\ip\dma\dma.v:2839)

///////////////////////////////////
// Efinity Synthesis Started 
// Oct 06, 2026 19:02:16
///////////////////////////////////

[EFX-0011 VERI-WARNING] port 'probe4' remains unconnected for this instance (VERI-1927) (C:/Users/Jing-XuanTan(i)/Downloads/evsoc-efinity-v2026.1.132/evsoc-efinity-v2026.1.132/cam_single/Ti60F225_dsi/work_dbg/debug_top.v:126)
[EFX-0011 VERI-WARNING] input port 'probe4[0]' remains unconnected for this instance (VDB-1053) (C:/Users/Jing-XuanTan(i)/Downloads/evsoc-efinity-v2026.1.132/evsoc-efinity-v2026.1.132/cam_single/Ti60F225_dsi/work_dbg/debug_top.v:101)
[EFX-0200 WARNING] Removing redundant signal : compared_in[0]. (C:/Users/Jing-XuanTan(i)/Downloads/evsoc-efinity-v2026.1.132/evsoc-efinity-v2026.1.132/cam_single/Ti60F225_dsi/work_dbg/debug_top.v:5528)
[EFX-0200 WARNING] Removing redundant signal : mask_in[0]. (C:/Users/Jing-XuanTan(i)/Downloads/evsoc-efinity-v2026.1.132/evsoc-efinity-v2026.1.132/cam_single/Ti60F225_dsi/work_dbg/debug_top.v:5529)
[EFX-0200 WARNING] Removing redundant signal : trigger_in. (C:/Users/Jing-XuanTan(i)/Downloads/evsoc-efinity-v2026.1.132/evsoc-efinity-v2026.1.132/cam_single/Ti60F225_dsi/work_dbg/debug_top.v:5739)
[EFX-0200 WARNING] Removing redundant signal : clk. (C:/Users/Jing-XuanTan(i)/Downloads/evsoc-efinity-v2026.1.132/evsoc-efinity-v2026.1.132/cam_single/Ti60F225_dsi/work_dbg/debug_top.v:4562)
[EFX-0200 WARNING] Removing redundant signal : full. (C:/Users/Jing-XuanTan(i)/Downloads/evsoc-efinity-v2026.1.132/evsoc-efinity-v2026.1.132/cam_single/Ti60F225_dsi/work_dbg/debug_top.v:4616)
[EFX-0200 WARNING] Removing redundant signal : shift_i. (C:/Users/Jing-XuanTan(i)/Downloads/evsoc-efinity-v2026.1.132/evsoc-efinity-v2026.1.132/cam_single/Ti60F225_dsi/work_dbg/debug_top.v:4886)
[EFX-0200 WARNING] Removing redundant signal : trig_out. (C:/Users/Jing-XuanTan(i)/Downloads/evsoc-efinity-v2026.1.132/evsoc-efinity-v2026.1.132/cam_single/Ti60F225_dsi/work_dbg/debug_top.v:4903)
[EFX-0200 WARNING] Removing redundant signal : trig_out_ack. (C:/Users/Jing-XuanTan(i)/Downloads/evsoc-efinity-v2026.1.132/evsoc-efinity-v2026.1.132/cam_single/Ti60F225_dsi/work_dbg/debug_top.v:4904)
[EFX-0200 WARNING] Removing redundant signal : bscan_DRCK. (C:/Users/Jing-XuanTan(i)/Downloads/evsoc-efinity-v2026.1.132/evsoc-efinity-v2026.1.132/cam_single/Ti60F225_dsi/work_dbg/debug_top.v:1045)
[EFX-0200 WARNING] Removing redundant signal : bscan_RESET. (C:/Users/Jing-XuanTan(i)/Downloads/evsoc-efinity-v2026.1.132/evsoc-efinity-v2026.1.132/cam_single/Ti60F225_dsi/work_dbg/debug_top.v:1046)
[EFX-0200 WARNING] Removing redundant signal : bscan_RUNTEST. (C:/Users/Jing-XuanTan(i)/Downloads/evsoc-efinity-v2026.1.132/evsoc-efinity-v2026.1.132/cam_single/Ti60F225_dsi/work_dbg/debug_top.v:1047)
[EFX-0200 WARNING] Removing redundant signal : bscan_SEL. (C:/Users/Jing-XuanTan(i)/Downloads/evsoc-efinity-v2026.1.132/evsoc-efinity-v2026.1.132/cam_single/Ti60F225_dsi/work_dbg/debug_top.v:1048)
[EFX-0200 WARNING] Removing redundant signal : bscan_TMS. (C:/Users/Jing-XuanTan(i)/Downloads/evsoc-efinity-v2026.1.132/evsoc-efinity-v2026.1.132/cam_single/Ti60F225_dsi/work_dbg/debug_top.v:1052)
[EFX-0200 WARNING] Removing redundant signal : trig_in_ack. (C:/Users/Jing-XuanTan(i)/Downloads/evsoc-efinity-v2026.1.132/evsoc-efinity-v2026.1.132/cam_single/Ti60F225_dsi/work_dbg/debug_top.v:1064)
[EFX-0200 WARNING] Removing redundant signal : mux_capture_cmp[3:0]. (C:/Users/Jing-XuanTan(i)/Downloads/evsoc-efinity-v2026.1.132/evsoc-efinity-v2026.1.132/cam_single/Ti60F225_dsi/work_dbg/debug_top.v:3483)
[EFX-0200 WARNING] Removing redundant signal : bscan_CAPTURE. (C:/Users/Jing-XuanTan(i)/Downloads/evsoc-efinity-v2026.1.132/evsoc-efinity-v2026.1.132/cam_single/Ti60F225_dsi/work_dbg/debug_top.v:284)
[EFX-0200 WARNING] Removing redundant signal : bscan_DRCK. (C:/Users/Jing-XuanTan(i)/Downloads/evsoc-efinity-v2026.1.132/evsoc-efinity-v2026.1.132/cam_single/Ti60F225_dsi/work_dbg/debug_top.v:285)
[EFX-0200 WARNING] Removing redundant signal : bscan_RUNTEST. (C:/Users/Jing-XuanTan(i)/Downloads/evsoc-efinity-v2026.1.132/evsoc-efinity-v2026.1.132/cam_single/Ti60F225_dsi/work_dbg/debug_top.v:287)
[EFX-0200 WARNING] Removing redundant signal : bscan_TMS. (C:/Users/Jing-XuanTan(i)/Downloads/evsoc-efinity-v2026.1.132/evsoc-efinity-v2026.1.132/cam_single/Ti60F225_dsi/work_dbg/debug_top.v:292)
[EFX-0201 WARNING] Re-wiring to GND non-driven net/port 'probe4[0]' in module 'edb_la_top_eb6786f24b3844d3bc3543994cfa5ef6(NUM_PROBES=4,DATA_DEPTH=8192,INPUT_PIPE_STAGES=1,UUID=128'b10110000111110011101111010100001111001010110001101000000010000101001111100011001100111101010010101101010001011001101111111110010,PROBE0_WIDTH=64,PROBE0_TYPE=1,PROBE1_TYPE=1,PROBE2_TYPE=1,PROBE3_TYPE=1)'. (C:/Users/Jing-XuanTan(i)/Downloads/evsoc-efinity-v2026.1.132/evsoc-efinity-v2026.1.132/cam_single/Ti60F225_dsi/work_dbg/debug_top.v:101)
[EFX-0201 WARNING] Re-wiring to GND non-driven net/port 'probe5[0]' in module 'edb_la_top_eb6786f24b3844d3bc3543994cfa5ef6(NUM_PROBES=4,DATA_DEPTH=8192,INPUT_PIPE_STAGES=1,UUID=128'b10110000111110011101111010100001111001010110001101000000010000101001111100011001100111101010010101101010001011001101111111110010,PROBE0_WIDTH=64,PROBE0_TYPE=1,PROBE1_TYPE=1,PROBE2_TYPE=1,PROBE3_TYPE=1)'. (C:/Users/Jing-XuanTan(i)/Downloads/evsoc-efinity-v2026.1.132/evsoc-efinity-v2026.1.132/cam_single/Ti60F225_dsi/work_dbg/debug_top.v:101)
[EFX-0201 WARNING] Re-wiring to GND non-driven net/port 'probe6[0]' in module 'edb_la_top_eb6786f24b3844d3bc3543994cfa5ef6(NUM_PROBES=4,DATA_DEPTH=8192,INPUT_PIPE_STAGES=1,UUID=128'b10110000111110011101111010100001111001010110001101000000010000101001111100011001100111101010010101101010001011001101111111110010,PROBE0_WIDTH=64,PROBE0_TYPE=1,PROBE1_TYPE=1,PROBE2_TYPE=1,PROBE3_TYPE=1)'. (C:/Users/Jing-XuanTan(i)/Downloads/evsoc-efinity-v2026.1.132/evsoc-efinity-v2026.1.132/cam_single/Ti60F225_dsi/work_dbg/debug_top.v:101)
[EFX-0201 WARNING] Re-wiring to GND non-driven net/port 'probe7[0]' in module 'edb_la_top_eb6786f24b3844d3bc3543994cfa5ef6(NUM_PROBES=4,DATA_DEPTH=8192,INPUT_PIPE_STAGES=1,UUID=128'b10110000111110011101111010100001111001010110001101000000010000101001111100011001100111101010010101101010001011001101111111110010,PROBE0_WIDTH=64,PROBE0_TYPE=1,PROBE1_TYPE=1,PROBE2_TYPE=1,PROBE3_TYPE=1)'. (C:/Users/Jing-XuanTan(i)/Downloads/evsoc-efinity-v2026.1.132/evsoc-efinity-v2026.1.132/cam_single/Ti60F225_dsi/work_dbg/debug_top.v:101)
[EFX-0201 WARNING] Re-wiring to GND non-driven net/port 'probe8[0]' in module 'edb_la_top_eb6786f24b3844d3bc3543994cfa5ef6(NUM_PROBES=4,DATA_DEPTH=8192,INPUT_PIPE_STAGES=1,UUID=128'b10110000111110011101111010100001111001010110001101000000010000101001111100011001100111101010010101101010001011001101111111110010,PROBE0_WIDTH=64,PROBE0_TYPE=1,PROBE1_TYPE=1,PROBE2_TYPE=1,PROBE3_TYPE=1)'. (C:/Users/Jing-XuanTan(i)/Downloads/evsoc-efinity-v2026.1.132/evsoc-efinity-v2026.1.132/cam_single/Ti60F225_dsi/work_dbg/debug_top.v:101)
[EFX-0201 WARNING] Re-wiring to GND non-driven net/port 'probe9[0]' in module 'edb_la_top_eb6786f24b3844d3bc3543994cfa5ef6(NUM_PROBES=4,DATA_DEPTH=8192,INPUT_PIPE_STAGES=1,UUID=128'b10110000111110011101111010100001111001010110001101000000010000101001111100011001100111101010010101101010001011001101111111110010,PROBE0_WIDTH=64,PROBE0_TYPE=1,PROBE1_TYPE=1,PROBE2_TYPE=1,PROBE3_TYPE=1)'. (C:/Users/Jing-XuanTan(i)/Downloads/evsoc-efinity-v2026.1.132/evsoc-efinity-v2026.1.132/cam_single/Ti60F225_dsi/work_dbg/debug_top.v:101)
[EFX-0201 WARNING] Re-wiring to GND non-driven net/port 'probe10[0]' in module 'edb_la_top_eb6786f24b3844d3bc3543994cfa5ef6(NUM_PROBES=4,DATA_DEPTH=8192,INPUT_PIPE_STAGES=1,UUID=128'b10110000111110011101111010100001111001010110001101000000010000101001111100011001100111101010010101101010001011001101111111110010,PROBE0_WIDTH=64,PROBE0_TYPE=1,PROBE1_TYPE=1,PROBE2_TYPE=1,PROBE3_TYPE=1)'. (C:/Users/Jing-XuanTan(i)/Downloads/evsoc-efinity-v2026.1.132/evsoc-efinity-v2026.1.132/cam_single/Ti60F225_dsi/work_dbg/debug_top.v:101)
[EFX-0201 WARNING] Re-wiring to GND non-driven net/port 'probe11[0]' in module 'edb_la_top_eb6786f24b3844d3bc3543994cfa5ef6(NUM_PROBES=4,DATA_DEPTH=8192,INPUT_PIPE_STAGES=1,UUID=128'b10110000111110011101111010100001111001010110001101000000010000101001111100011001100111101010010101101010001011001101111111110010,PROBE0_WIDTH=64,PROBE0_TYPE=1,PROBE1_TYPE=1,PROBE2_TYPE=1,PROBE3_TYPE=1)'. (C:/Users/Jing-XuanTan(i)/Downloads/evsoc-efinity-v2026.1.132/evsoc-efinity-v2026.1.132/cam_single/Ti60F225_dsi/work_dbg/debug_top.v:101)
[EFX-0201 WARNING] Re-wiring to GND non-driven net/port 'probe12[0]' in module 'edb_la_top_eb6786f24b3844d3bc3543994cfa5ef6(NUM_PROBES=4,DATA_DEPTH=8192,INPUT_PIPE_STAGES=1,UUID=128'b10110000111110011101111010100001111001010110001101000000010000101001111100011001100111101010010101101010001011001101111111110010,PROBE0_WIDTH=64,PROBE0_TYPE=1,PROBE1_TYPE=1,PROBE2_TYPE=1,PROBE3_TYPE=1)'. (C:/Users/Jing-XuanTan(i)/Downloads/evsoc-efinity-v2026.1.132/evsoc-efinity-v2026.1.132/cam_single/Ti60F225_dsi/work_dbg/debug_top.v:101)
[EFX-0201 WARNING] Re-wiring to GND non-driven net/port 'probe13[0]' in module 'edb_la_top_eb6786f24b3844d3bc3543994cfa5ef6(NUM_PROBES=4,DATA_DEPTH=8192,INPUT_PIPE_STAGES=1,UUID=128'b10110000111110011101111010100001111001010110001101000000010000101001111100011001100111101010010101101010001011001101111111110010,PROBE0_WIDTH=64,PROBE0_TYPE=1,PROBE1_TYPE=1,PROBE2_TYPE=1,PROBE3_TYPE=1)'. (C:/Users/Jing-XuanTan(i)/Downloads/evsoc-efinity-v2026.1.132/evsoc-efinity-v2026.1.132/cam_single/Ti60F225_dsi/work_dbg/debug_top.v:101)
[EFX-0011 VERI-WARNING] Input/inout port bscan_DRCK is unconnected. Place and route may remove this unconnected port. (VDB-8003) (C:/Users/Jing-XuanTan(i)/Downloads/evsoc-efinity-v2026.1.132/evsoc-efinity-v2026.1.132/cam_single/Ti60F225_dsi/work_dbg/debug_top.v:17)
[EFX-0011 VERI-WARNING] Input/inout port bscan_RUNTEST is unconnected. Place and route may remove this unconnected port. (VDB-8003) (C:/Users/Jing-XuanTan(i)/Downloads/evsoc-efinity-v2026.1.132/evsoc-efinity-v2026.1.132/cam_single/Ti60F225_dsi/work_dbg/debug_top.v:19)
[EFX-0011 VERI-WARNING] Input/inout port bscan_TMS is unconnected. Place and route may remove this unconnected port. (VDB-8003) (C:/Users/Jing-XuanTan(i)/Downloads/evsoc-efinity-v2026.1.132/evsoc-efinity-v2026.1.132/cam_single/Ti60F225_dsi/work_dbg/debug_top.v:24)
[EFX-0011 VERI-WARNING] Found 3 warnings in the post-synthesis netlist. 

///////////////////////////////////
// Efinity Synthesis Started 
// Oct 06, 2026 19:02:26
///////////////////////////////////

[EFX-0200 WARNING] Removing redundant signal : Rx_HS_D_2[7:0]. (C:\Users\Jing-XuanTan(i)\Downloads\evsoc-efinity-v2026.1.132\evsoc-efinity-v2026.1.132\cam_single\Ti60F225_dsi\ip\csi2_rx_cam\csi2_rx_cam.sv:6307)
[EFX-0200 WARNING] Removing redundant signal : Rx_HS_D_3[7:0]. (C:\Users\Jing-XuanTan(i)\Downloads\evsoc-efinity-v2026.1.132\evsoc-efinity-v2026.1.132\cam_single\Ti60F225_dsi\ip\csi2_rx_cam\csi2_rx_cam.sv:6307)
[EFX-0200 WARNING] Removing redundant signal : Rx_HS_D_4[7:0]. (C:\Users\Jing-XuanTan(i)\Downloads\evsoc-efinity-v2026.1.132\evsoc-efinity-v2026.1.132\cam_single\Ti60F225_dsi\ip\csi2_rx_cam\csi2_rx_cam.sv:6307)
[EFX-0200 WARNING] Removing redundant signal : Rx_HS_D_5[7:0]. (C:\Users\Jing-XuanTan(i)\Downloads\evsoc-efinity-v2026.1.132\evsoc-efinity-v2026.1.132\cam_single\Ti60F225_dsi\ip\csi2_rx_cam\csi2_rx_cam.sv:6307)
[EFX-0200 WARNING] Removing redundant signal : Rx_HS_D_6[7:0]. (C:\Users\Jing-XuanTan(i)\Downloads\evsoc-efinity-v2026.1.132\evsoc-efinity-v2026.1.132\cam_single\Ti60F225_dsi\ip\csi2_rx_cam\csi2_rx_cam.sv:6307)
[EFX-0200 WARNING] Removing redundant signal : Rx_HS_D_7[7:0]. (C:\Users\Jing-XuanTan(i)\Downloads\evsoc-efinity-v2026.1.132\evsoc-efinity-v2026.1.132\cam_single\Ti60F225_dsi\ip\csi2_rx_cam\csi2_rx_cam.sv:6307)
[EFX-0200 WARNING] Removing redundant signal : u_dly_enable_D[1:0]. (C:\Users\Jing-XuanTan(i)\Downloads\evsoc-efinity-v2026.1.132\evsoc-efinity-v2026.1.132\cam_single\Ti60F225_dsi\ip\csi2_rx_cam\csi2_rx_cam.sv:6307)
[EFX-0200 WARNING] Removing redundant signal : u_dly_inc_D[1:0]. (C:\Users\Jing-XuanTan(i)\Downloads\evsoc-efinity-v2026.1.132\evsoc-efinity-v2026.1.132\cam_single\Ti60F225_dsi\ip\csi2_rx_cam\csi2_rx_cam.sv:6307)
[EFX-0200 WARNING] Removing redundant signal : axi_awaddr[1:0]. (C:\Users\Jing-XuanTan(i)\Downloads\evsoc-efinity-v2026.1.132\evsoc-efinity-v2026.1.132\cam_single\Ti60F225_dsi\ip\csi2_rx_cam\csi2_rx_cam.sv:5564)
[EFX-0200 WARNING] Removing redundant signal : axi_araddr[1:0]. (C:\Users\Jing-XuanTan(i)\Downloads\evsoc-efinity-v2026.1.132\evsoc-efinity-v2026.1.132\cam_single\Ti60F225_dsi\ip\csi2_rx_cam\csi2_rx_cam.sv:5564)
[EFX-0200 WARNING] Removing redundant signal : loc_rdata[31:0]. (C:\Users\Jing-XuanTan(i)\Downloads\evsoc-efinity-v2026.1.132\evsoc-efinity-v2026.1.132\cam_single\Ti60F225_dsi\ip\csi2_rx_cam\csi2_rx_cam.sv:5564)
[EFX-0200 WARNING] Removing redundant signal : nextCRC16_D16[15:0]. (C:\Users\Jing-XuanTan(i)\Downloads\evsoc-efinity-v2026.1.132\evsoc-efinity-v2026.1.132\cam_single\Ti60F225_dsi\ip\csi2_rx_cam\csi2_rx_cam.sv:1466)
[EFX-0200 WARNING] Removing redundant signal : nextCRC16_D16.Data[15:0]. (C:\Users\Jing-XuanTan(i)\Downloads\evsoc-efinity-v2026.1.132\evsoc-efinity-v2026.1.132\cam_single\Ti60F225_dsi\ip\csi2_rx_cam\csi2_rx_cam.sv:1466)
[EFX-0200 WARNING] Removing redundant signal : nextCRC16_D16.fcrc[15:0]. (C:\Users\Jing-XuanTan(i)\Downloads\evsoc-efinity-v2026.1.132\evsoc-efinity-v2026.1.132\cam_single\Ti60F225_dsi\ip\csi2_rx_cam\csi2_rx_cam.sv:1466)
[EFX-0200 WARNING] Removing redundant signal : nextCRC16_D16.d[15:0]. (C:\Users\Jing-XuanTan(i)\Downloads\evsoc-efinity-v2026.1.132\evsoc-efinity-v2026.1.132\cam_single\Ti60F225_dsi\ip\csi2_rx_cam\csi2_rx_cam.sv:1466)
[EFX-0200 WARNING] Removing redundant signal : nextCRC16_D16.c[15:0]. (C:\Users\Jing-XuanTan(i)\Downloads\evsoc-efinity-v2026.1.132\evsoc-efinity-v2026.1.132\cam_single\Ti60F225_dsi\ip\csi2_rx_cam\csi2_rx_cam.sv:1466)
[EFX-0200 WARNING] Removing redundant signal : nextCRC16_D16.newcrc[15:0]. (C:\Users\Jing-XuanTan(i)\Downloads\evsoc-efinity-v2026.1.132\evsoc-efinity-v2026.1.132\cam_single\Ti60F225_dsi\ip\csi2_rx_cam\csi2_rx_cam.sv:1466)
[EFX-0200 WARNING] Removing redundant signal : nextCRC16_D8[15:0]. (C:\Users\Jing-XuanTan(i)\Downloads\evsoc-efinity-v2026.1.132\evsoc-efinity-v2026.1.132\cam_single\Ti60F225_dsi\ip\csi2_rx_cam\csi2_rx_cam.sv:1466)
[EFX-0200 WARNING] Removing redundant signal : nextCRC16_D8.Data[7:0]. (C:\Users\Jing-XuanTan(i)\Downloads\evsoc-efinity-v2026.1.132\evsoc-efinity-v2026.1.132\cam_single\Ti60F225_dsi\ip\csi2_rx_cam\csi2_rx_cam.sv:1466)
[EFX-0200 WARNING] Removing redundant signal : nextCRC16_D8.fcrc[15:0]. (C:\Users\Jing-XuanTan(i)\Downloads\evsoc-efinity-v2026.1.132\evsoc-efinity-v2026.1.132\cam_single\Ti60F225_dsi\ip\csi2_rx_cam\csi2_rx_cam.sv:1466)
[EFX-0201 WARNING] Re-wiring to GND non-driven net/port 'a_wr_rst_i' in module 'efx_fifo_top_077823fa68f649b1a7074c944568f3e4(FAMILY="TITANIUM",SYNC_CLK=1,DATA_WIDTH=40,PIPELINE_REG=0,OUTPUT_REG=1,PROGRAMMABLE_FULL="NONE",PROG_FULL_ASSERT=510,PROG_FULL_NEGATE=510,PROGRAMMABLE_EMPTY="NONE",PROG_EMPTY_ASSERT=2,PROG_EMPTY_NEGATE=3)'. (C:\Users\Jing-XuanTan(i)\Downloads\evsoc-efinity-v2026.1.132\evsoc-efinity-v2026.1.132\cam_single\Ti60F225_dsi\ip\cam_pixel_remap_fifo\cam_pixel_remap_fifo.sv:92)
[EFX-0201 WARNING] Re-wiring to GND non-driven net/port 'a_rd_rst_i' in module 'efx_fifo_top_077823fa68f649b1a7074c944568f3e4(FAMILY="TITANIUM",SYNC_CLK=1,DATA_WIDTH=40,PIPELINE_REG=0,OUTPUT_REG=1,PROGRAMMABLE_FULL="NONE",PROG_FULL_ASSERT=510,PROG_FULL_NEGATE=510,PROGRAMMABLE_EMPTY="NONE",PROG_EMPTY_ASSERT=2,PROG_EMPTY_NEGATE=3)'. (C:\Users\Jing-XuanTan(i)\Downloads\evsoc-efinity-v2026.1.132\evsoc-efinity-v2026.1.132\cam_single\Ti60F225_dsi\ip\cam_pixel_remap_fifo\cam_pixel_remap_fifo.sv:92)
[EFX-0201 WARNING] Re-wiring to GND non-driven net/port 'wr_clk_i' in module 'efx_fifo_top_077823fa68f649b1a7074c944568f3e4(FAMILY="TITANIUM",SYNC_CLK=1,DATA_WIDTH=40,PIPELINE_REG=0,OUTPUT_REG=1,PROGRAMMABLE_FULL="NONE",PROG_FULL_ASSERT=510,PROG_FULL_NEGATE=510,PROGRAMMABLE_EMPTY="NONE",PROG_EMPTY_ASSERT=2,PROG_EMPTY_NEGATE=3)'. (C:\Users\Jing-XuanTan(i)\Downloads\evsoc-efinity-v2026.1.132\evsoc-efinity-v2026.1.132\cam_single\Ti60F225_dsi\ip\cam_pixel_remap_fifo\cam_pixel_remap_fifo.sv:92)
[EFX-0201 WARNING] Re-wiring to GND non-driven net/port 'rd_clk_i' in module 'efx_fifo_top_077823fa68f649b1a7074c944568f3e4(FAMILY="TITANIUM",SYNC_CLK=1,DATA_WIDTH=40,PIPELINE_REG=0,OUTPUT_REG=1,PROGRAMMABLE_FULL="NONE",PROG_FULL_ASSERT=510,PROG_FULL_NEGATE=510,PROGRAMMABLE_EMPTY="NONE",PROG_EMPTY_ASSERT=2,PROG_EMPTY_NEGATE=3)'. (C:\Users\Jing-XuanTan(i)\Downloads\evsoc-efinity-v2026.1.132\evsoc-efinity-v2026.1.132\cam_single\Ti60F225_dsi\ip\cam_pixel_remap_fifo\cam_pixel_remap_fifo.sv:92)
[EFX-0201 WARNING] Re-wiring to GND non-driven net/port 'r_registers[12][31]' in module 'axi_lite_register(S_AXI_WSTRB_WIDTH=4)'. (C:\Users\Jing-XuanTan(i)\Downloads\evsoc-efinity-v2026.1.132\evsoc-efinity-v2026.1.132\cam_single\Ti60F225_dsi\source/isp/axi_lite_register.sv:99)
[EFX-0201 WARNING] Re-wiring to GND non-driven net/port 'r_registers[12][30]' in module 'axi_lite_register(S_AXI_WSTRB_WIDTH=4)'. (C:\Users\Jing-XuanTan(i)\Downloads\evsoc-efinity-v2026.1.132\evsoc-efinity-v2026.1.132\cam_single\Ti60F225_dsi\source/isp/axi_lite_register.sv:99)
[EFX-0201 WARNING] Re-wiring to GND non-driven net/port 'r_registers[12][29]' in module 'axi_lite_register(S_AXI_WSTRB_WIDTH=4)'. (C:\Users\Jing-XuanTan(i)\Downloads\evsoc-efinity-v2026.1.132\evsoc-efinity-v2026.1.132\cam_single\Ti60F225_dsi\source/isp/axi_lite_register.sv:99)
[EFX-0201 WARNING] Re-wiring to GND non-driven net/port 'r_registers[12][28]' in module 'axi_lite_register(S_AXI_WSTRB_WIDTH=4)'. (C:\Users\Jing-XuanTan(i)\Downloads\evsoc-efinity-v2026.1.132\evsoc-efinity-v2026.1.132\cam_single\Ti60F225_dsi\source/isp/axi_lite_register.sv:99)
[EFX-0201 WARNING] Re-wiring to GND non-driven net/port 'r_registers[12][27]' in module 'axi_lite_register(S_AXI_WSTRB_WIDTH=4)'. (C:\Users\Jing-XuanTan(i)\Downloads\evsoc-efinity-v2026.1.132\evsoc-efinity-v2026.1.132\cam_single\Ti60F225_dsi\source/isp/axi_lite_register.sv:99)
[EFX-0201 WARNING] Re-wiring to GND non-driven net/port 'r_registers[12][26]' in module 'axi_lite_register(S_AXI_WSTRB_WIDTH=4)'. (C:\Users\Jing-XuanTan(i)\Downloads\evsoc-efinity-v2026.1.132\evsoc-efinity-v2026.1.132\cam_single\Ti60F225_dsi\source/isp/axi_lite_register.sv:99)
[EFX-0657 WARNING] Mapping into logic memory block 'pipe_0_center' (28 bits) (C:\Users\Jing-XuanTan(i)\Downloads\evsoc-efinity-v2026.1.132\evsoc-efinity-v2026.1.132\cam_single\Ti60F225_dsi\source/isp/demosaic.sv:68) because size is too small (<=64)
[EFX-0657 WARNING] Mapping into logic memory block 'pipe_0_outer_horizontal' (28 bits) (C:\Users\Jing-XuanTan(i)\Downloads\evsoc-efinity-v2026.1.132\evsoc-efinity-v2026.1.132\cam_single\Ti60F225_dsi\source/isp/demosaic.sv:69) because size is too small (<=64)
[EFX-0657 WARNING] Mapping into logic memory block 'pipe_0_outer_vertical' (28 bits) (C:\Users\Jing-XuanTan(i)\Downloads\evsoc-efinity-v2026.1.132\evsoc-efinity-v2026.1.132\cam_single\Ti60F225_dsi\source/isp/demosaic.sv:70) because size is too small (<=64)
[EFX-0657 WARNING] Mapping into logic memory block 'pipe_0_inner_horizontal' (28 bits) (C:\Users\Jing-XuanTan(i)\Downloads\evsoc-efinity-v2026.1.132\evsoc-efinity-v2026.1.132\cam_single\Ti60F225_dsi\source/isp/demosaic.sv:71) because size is too small (<=64)
[EFX-0657 WARNING] Mapping into logic memory block 'pipe_0_inner_vertical' (28 bits) (C:\Users\Jing-XuanTan(i)\Downloads\evsoc-efinity-v2026.1.132\evsoc-efinity-v2026.1.132\cam_single\Ti60F225_dsi\source/isp/demosaic.sv:72) because size is too small (<=64)
[EFX-0657 WARNING] Mapping into logic memory block 'pipe_0_inner_top' (28 bits) (C:\Users\Jing-XuanTan(i)\Downloads\evsoc-efinity-v2026.1.132\evsoc-efinity-v2026.1.132\cam_single\Ti60F225_dsi\source/isp/demosaic.sv:73) because size is too small (<=64)
[EFX-0657 WARNING] Mapping into logic memory block 'pipe_0_inner_bottom' (28 bits) (C:\Users\Jing-XuanTan(i)\Downloads\evsoc-efinity-v2026.1.132\evsoc-efinity-v2026.1.132\cam_single\Ti60F225_dsi\source/isp/demosaic.sv:74) because size is too small (<=64)
[EFX-0657 WARNING] Mapping into logic memory block 'pipe_1_center' (36 bits) (C:\Users\Jing-XuanTan(i)\Downloads\evsoc-efinity-v2026.1.132\evsoc-efinity-v2026.1.132\cam_single\Ti60F225_dsi\source/isp/demosaic.sv:80) because size is too small (<=64)
[EFX-0657 WARNING] Mapping into logic memory block 'pipe_1_center_x5' (36 bits) (C:\Users\Jing-XuanTan(i)\Downloads\evsoc-efinity-v2026.1.132\evsoc-efinity-v2026.1.132\cam_single\Ti60F225_dsi\source/isp/demosaic.sv:81) because size is too small (<=64)
[EFX-0657 WARNING] Mapping into logic memory block 'pipe_1_center_x6' (36 bits) (C:\Users\Jing-XuanTan(i)\Downloads\evsoc-efinity-v2026.1.132\evsoc-efinity-v2026.1.132\cam_single\Ti60F225_dsi\source/isp/demosaic.sv:82) because size is too small (<=64)
[EFX-0657 WARNING] Mapping into logic memory block 'pipe_1_outer_horizontal' (36 bits) (C:\Users\Jing-XuanTan(i)\Downloads\evsoc-efinity-v2026.1.132\evsoc-efinity-v2026.1.132\cam_single\Ti60F225_dsi\source/isp/demosaic.sv:83) because size is too small (<=64)
[EFX-0657 WARNING] Mapping into logic memory block 'pipe_1_outer_vertical' (36 bits) (C:\Users\Jing-XuanTan(i)\Downloads\evsoc-efinity-v2026.1.132\evsoc-efinity-v2026.1.132\cam_single\Ti60F225_dsi\source/isp/demosaic.sv:84) because size is too small (<=64)
[EFX-0657 WARNING] Mapping into logic memory block 'pipe_1_outer_cross' (36 bits) (C:\Users\Jing-XuanTan(i)\Downloads\evsoc-efinity-v2026.1.132\evsoc-efinity-v2026.1.132\cam_single\Ti60F225_dsi\source/isp/demosaic.sv:85) because size is too small (<=64)
[EFX-0657 WARNING] Mapping into logic memory block 'pipe_1_inner_h_outer_v_x2' (36 bits) (C:\Users\Jing-XuanTan(i)\Downloads\evsoc-efinity-v2026.1.132\evsoc-efinity-v2026.1.132\cam_single\Ti60F225_dsi\source/isp/demosaic.sv:86) because size is too small (<=64)
[EFX-0657 WARNING] Mapping into logic memory block 'pipe_1_inner_v_outer_h_x2' (36 bits) (C:\Users\Jing-XuanTan(i)\Downloads\evsoc-efinity-v2026.1.132\evsoc-efinity-v2026.1.132\cam_single\Ti60F225_dsi\source/isp/demosaic.sv:87) because size is too small (<=64)
[EFX-0657 WARNING] Mapping into logic memory block 'pipe_1_inner_corner' (36 bits) (C:\Users\Jing-XuanTan(i)\Downloads\evsoc-efinity-v2026.1.132\evsoc-efinity-v2026.1.132\cam_single\Ti60F225_dsi\source/isp/demosaic.sv:88) because size is too small (<=64)
[EFX-0657 WARNING] Mapping into logic memory block 'pipe_1_inner_cross' (36 bits) (C:\Users\Jing-XuanTan(i)\Downloads\evsoc-efinity-v2026.1.132\evsoc-efinity-v2026.1.132\cam_single\Ti60F225_dsi\source/isp/demosaic.sv:89) because size is too small (<=64)
[EFX-0657 WARNING] Mapping into logic memory block 'pipe_2_center' (44 bits) (C:\Users\Jing-XuanTan(i)\Downloads\evsoc-efinity-v2026.1.132\evsoc-efinity-v2026.1.132\cam_single\Ti60F225_dsi\source/isp/demosaic.sv:95) because size is too small (<=64)
[EFX-0657 WARNING] Mapping into logic memory block 'pipe_2_center_cross_x2' (44 bits) (C:\Users\Jing-XuanTan(i)\Downloads\evsoc-efinity-v2026.1.132\evsoc-efinity-v2026.1.132\cam_single\Ti60F225_dsi\source/isp/demosaic.sv:96) because size is too small (<=64)
[EFX-0657 WARNING] Mapping into logic memory block 'pipe_2_outer_cross_x2' (44 bits) (C:\Users\Jing-XuanTan(i)\Downloads\evsoc-efinity-v2026.1.132\evsoc-efinity-v2026.1.132\cam_single\Ti60F225_dsi\source/isp/demosaic.sv:97) because size is too small (<=64)
[EFX-0657 WARNING] Mapping into logic memory block 'pipe_2_outer_cross_x3' (44 bits) (C:\Users\Jing-XuanTan(i)\Downloads\evsoc-efinity-v2026.1.132\evsoc-efinity-v2026.1.132\cam_single\Ti60F225_dsi\source/isp/demosaic.sv:98) because size is too small (<=64)
[EFX-0657 WARNING] Mapping into logic memory block 'pipe_2_inner_c_outer_h_x2' (44 bits) (C:\Users\Jing-XuanTan(i)\Downloads\evsoc-efinity-v2026.1.132\evsoc-efinity-v2026.1.132\cam_single\Ti60F225_dsi\source/isp/demosaic.sv:99) because size is too small (<=64)
[EFX-0657 WARNING] Mapping into logic memory block 'pipe_2_inner_c_outer_v_x2' (44 bits) (C:\Users\Jing-XuanTan(i)\Downloads\evsoc-efinity-v2026.1.132\evsoc-efinity-v2026.1.132\cam_single\Ti60F225_dsi\source/isp/demosaic.sv:100) because size is too small (<=64)
[EFX-0657 WARNING] Mapping into logic memory block 'pipe_2_rb_at_g1_x2' (44 bits) (C:\Users\Jing-XuanTan(i)\Downloads\evsoc-efinity-v2026.1.132\evsoc-efinity-v2026.1.132\cam_single\Ti60F225_dsi\source/isp/demosaic.sv:101) because size is too small (<=64)
[EFX-0657 WARNING] Mapping into logic memory block 'pipe_2_rb_at_g2_x2' (44 bits) (C:\Users\Jing-XuanTan(i)\Downloads\evsoc-efinity-v2026.1.132\evsoc-efinity-v2026.1.132\cam_single\Ti60F225_dsi\source/isp/demosaic.sv:102) because size is too small (<=64)
[EFX-0657 WARNING] Mapping into logic memory block 'pipe_2_rb_at_rb_x2' (44 bits) (C:\Users\Jing-XuanTan(i)\Downloads\evsoc-efinity-v2026.1.132\evsoc-efinity-v2026.1.132\cam_single\Ti60F225_dsi\source/isp/demosaic.sv:103) because size is too small (<=64)
[EFX-0657 WARNING] Mapping into logic memory block 'logic_progbufX_mem' (64 bits) (C:\Users\Jing-XuanTan(i)\Downloads\evsoc-efinity-v2026.1.132\evsoc-efinity-v2026.1.132\cam_single\Ti60F225_dsi\ip\SapphireSoc\SapphireSoc.v:12001) because size is too small (<=64)
[EFX-0657 WARNING] Mapping into logic memory block 'logic_ram' (64 bits) (C:\Users\Jing-XuanTan(i)\Downloads\evsoc-efinity-v2026.1.132\evsoc-efinity-v2026.1.132\cam_single\Ti60F225_dsi\ip\SapphireSoc\SapphireSoc.v:20390) because size is too small (<=64)
[EFX-0656 WARNING] Optimizing into logic zero initialized read-only memory block 'u_dma/u_EfxDMA/inputsAdapter_1_crossclock_fifo/ram__D$c1'. (C:\Users\Jing-XuanTan(i)\Downloads\evsoc-efinity-v2026.1.132\evsoc-efinity-v2026.1.132\cam_single\Ti60F225_dsi\ip\dma\dma.v:2839)
[EFX-0656 WARNING] Optimizing into logic zero initialized read-only memory block 'u_dma/u_EfxDMA/inputsAdapter_1_crossclock_fifo/ram__D$b12'. (C:\Users\Jing-XuanTan(i)\Downloads\evsoc-efinity-v2026.1.132\evsoc-efinity-v2026.1.132\cam_single\Ti60F225_dsi\ip\dma\dma.v:2839)
[EFX-0656 WARNING] Optimizing into logic zero initialized read-only memory block 'u_dma/u_EfxDMA/inputsAdapter_1_crossclock_fifo/ram__D$12'. (C:\Users\Jing-XuanTan(i)\Downloads\evsoc-efinity-v2026.1.132\evsoc-efinity-v2026.1.132\cam_single\Ti60F225_dsi\ip\dma\dma.v:2839)
[EFX-0656 WARNING] Optimizing into logic zero initialized read-only memory block 'u_dma/u_EfxDMA/inputsAdapter_1_crossclock_fifo/ram__D$2'. (C:\Users\Jing-XuanTan(i)\Downloads\evsoc-efinity-v2026.1.132\evsoc-efinity-v2026.1.132\cam_single\Ti60F225_dsi\ip\dma\dma.v:2839)

///////////////////////////////////
// Efinity Synthesis Started 
// Oct 06, 2026 19:05:08
///////////////////////////////////

[EFX-0011 VERI-WARNING] port 'probe4' remains unconnected for this instance (VERI-1927) (C:/Users/Jing-XuanTan(i)/Downloads/evsoc-efinity-v2026.1.132/evsoc-efinity-v2026.1.132/cam_single/Ti60F225_dsi/work_dbg/debug_top.v:126)
[EFX-0011 VERI-WARNING] input port 'probe4[0]' remains unconnected for this instance (VDB-1053) (C:/Users/Jing-XuanTan(i)/Downloads/evsoc-efinity-v2026.1.132/evsoc-efinity-v2026.1.132/cam_single/Ti60F225_dsi/work_dbg/debug_top.v:101)
[EFX-0200 WARNING] Removing redundant signal : compared_in[0]. (C:/Users/Jing-XuanTan(i)/Downloads/evsoc-efinity-v2026.1.132/evsoc-efinity-v2026.1.132/cam_single/Ti60F225_dsi/work_dbg/debug_top.v:5528)
[EFX-0200 WARNING] Removing redundant signal : mask_in[0]. (C:/Users/Jing-XuanTan(i)/Downloads/evsoc-efinity-v2026.1.132/evsoc-efinity-v2026.1.132/cam_single/Ti60F225_dsi/work_dbg/debug_top.v:5529)
[EFX-0200 WARNING] Removing redundant signal : trigger_in. (C:/Users/Jing-XuanTan(i)/Downloads/evsoc-efinity-v2026.1.132/evsoc-efinity-v2026.1.132/cam_single/Ti60F225_dsi/work_dbg/debug_top.v:5739)
[EFX-0200 WARNING] Removing redundant signal : clk. (C:/Users/Jing-XuanTan(i)/Downloads/evsoc-efinity-v2026.1.132/evsoc-efinity-v2026.1.132/cam_single/Ti60F225_dsi/work_dbg/debug_top.v:4562)
[EFX-0200 WARNING] Removing redundant signal : full. (C:/Users/Jing-XuanTan(i)/Downloads/evsoc-efinity-v2026.1.132/evsoc-efinity-v2026.1.132/cam_single/Ti60F225_dsi/work_dbg/debug_top.v:4616)
[EFX-0200 WARNING] Removing redundant signal : shift_i. (C:/Users/Jing-XuanTan(i)/Downloads/evsoc-efinity-v2026.1.132/evsoc-efinity-v2026.1.132/cam_single/Ti60F225_dsi/work_dbg/debug_top.v:4886)
[EFX-0200 WARNING] Removing redundant signal : trig_out. (C:/Users/Jing-XuanTan(i)/Downloads/evsoc-efinity-v2026.1.132/evsoc-efinity-v2026.1.132/cam_single/Ti60F225_dsi/work_dbg/debug_top.v:4903)
[EFX-0200 WARNING] Removing redundant signal : trig_out_ack. (C:/Users/Jing-XuanTan(i)/Downloads/evsoc-efinity-v2026.1.132/evsoc-efinity-v2026.1.132/cam_single/Ti60F225_dsi/work_dbg/debug_top.v:4904)
[EFX-0200 WARNING] Removing redundant signal : bscan_DRCK. (C:/Users/Jing-XuanTan(i)/Downloads/evsoc-efinity-v2026.1.132/evsoc-efinity-v2026.1.132/cam_single/Ti60F225_dsi/work_dbg/debug_top.v:1045)
[EFX-0200 WARNING] Removing redundant signal : bscan_RESET. (C:/Users/Jing-XuanTan(i)/Downloads/evsoc-efinity-v2026.1.132/evsoc-efinity-v2026.1.132/cam_single/Ti60F225_dsi/work_dbg/debug_top.v:1046)
[EFX-0200 WARNING] Removing redundant signal : bscan_RUNTEST. (C:/Users/Jing-XuanTan(i)/Downloads/evsoc-efinity-v2026.1.132/evsoc-efinity-v2026.1.132/cam_single/Ti60F225_dsi/work_dbg/debug_top.v:1047)
[EFX-0200 WARNING] Removing redundant signal : bscan_SEL. (C:/Users/Jing-XuanTan(i)/Downloads/evsoc-efinity-v2026.1.132/evsoc-efinity-v2026.1.132/cam_single/Ti60F225_dsi/work_dbg/debug_top.v:1048)
[EFX-0200 WARNING] Removing redundant signal : bscan_TMS. (C:/Users/Jing-XuanTan(i)/Downloads/evsoc-efinity-v2026.1.132/evsoc-efinity-v2026.1.132/cam_single/Ti60F225_dsi/work_dbg/debug_top.v:1052)
[EFX-0200 WARNING] Removing redundant signal : trig_in_ack. (C:/Users/Jing-XuanTan(i)/Downloads/evsoc-efinity-v2026.1.132/evsoc-efinity-v2026.1.132/cam_single/Ti60F225_dsi/work_dbg/debug_top.v:1064)
[EFX-0200 WARNING] Removing redundant signal : mux_capture_cmp[3:0]. (C:/Users/Jing-XuanTan(i)/Downloads/evsoc-efinity-v2026.1.132/evsoc-efinity-v2026.1.132/cam_single/Ti60F225_dsi/work_dbg/debug_top.v:3483)
[EFX-0200 WARNING] Removing redundant signal : bscan_CAPTURE. (C:/Users/Jing-XuanTan(i)/Downloads/evsoc-efinity-v2026.1.132/evsoc-efinity-v2026.1.132/cam_single/Ti60F225_dsi/work_dbg/debug_top.v:284)
[EFX-0200 WARNING] Removing redundant signal : bscan_DRCK. (C:/Users/Jing-XuanTan(i)/Downloads/evsoc-efinity-v2026.1.132/evsoc-efinity-v2026.1.132/cam_single/Ti60F225_dsi/work_dbg/debug_top.v:285)
[EFX-0200 WARNING] Removing redundant signal : bscan_RUNTEST. (C:/Users/Jing-XuanTan(i)/Downloads/evsoc-efinity-v2026.1.132/evsoc-efinity-v2026.1.132/cam_single/Ti60F225_dsi/work_dbg/debug_top.v:287)
[EFX-0200 WARNING] Removing redundant signal : bscan_TMS. (C:/Users/Jing-XuanTan(i)/Downloads/evsoc-efinity-v2026.1.132/evsoc-efinity-v2026.1.132/cam_single/Ti60F225_dsi/work_dbg/debug_top.v:292)
[EFX-0201 WARNING] Re-wiring to GND non-driven net/port 'probe4[0]' in module 'edb_la_top_3b285929a4744aab8ae8dc560851c30a(NUM_PROBES=4,DATA_DEPTH=4096,INPUT_PIPE_STAGES=1,UUID=128'b01011001010010000001000000101000101111111111010101000101100111101011001001100011111101011101011010111001101111111011111110000000,PROBE0_WIDTH=64,PROBE0_TYPE=1,PROBE1_TYPE=1,PROBE2_TYPE=1,PROBE3_TYPE=1)'. (C:/Users/Jing-XuanTan(i)/Downloads/evsoc-efinity-v2026.1.132/evsoc-efinity-v2026.1.132/cam_single/Ti60F225_dsi/work_dbg/debug_top.v:101)
[EFX-0201 WARNING] Re-wiring to GND non-driven net/port 'probe5[0]' in module 'edb_la_top_3b285929a4744aab8ae8dc560851c30a(NUM_PROBES=4,DATA_DEPTH=4096,INPUT_PIPE_STAGES=1,UUID=128'b01011001010010000001000000101000101111111111010101000101100111101011001001100011111101011101011010111001101111111011111110000000,PROBE0_WIDTH=64,PROBE0_TYPE=1,PROBE1_TYPE=1,PROBE2_TYPE=1,PROBE3_TYPE=1)'. (C:/Users/Jing-XuanTan(i)/Downloads/evsoc-efinity-v2026.1.132/evsoc-efinity-v2026.1.132/cam_single/Ti60F225_dsi/work_dbg/debug_top.v:101)
[EFX-0201 WARNING] Re-wiring to GND non-driven net/port 'probe6[0]' in module 'edb_la_top_3b285929a4744aab8ae8dc560851c30a(NUM_PROBES=4,DATA_DEPTH=4096,INPUT_PIPE_STAGES=1,UUID=128'b01011001010010000001000000101000101111111111010101000101100111101011001001100011111101011101011010111001101111111011111110000000,PROBE0_WIDTH=64,PROBE0_TYPE=1,PROBE1_TYPE=1,PROBE2_TYPE=1,PROBE3_TYPE=1)'. (C:/Users/Jing-XuanTan(i)/Downloads/evsoc-efinity-v2026.1.132/evsoc-efinity-v2026.1.132/cam_single/Ti60F225_dsi/work_dbg/debug_top.v:101)
[EFX-0201 WARNING] Re-wiring to GND non-driven net/port 'probe7[0]' in module 'edb_la_top_3b285929a4744aab8ae8dc560851c30a(NUM_PROBES=4,DATA_DEPTH=4096,INPUT_PIPE_STAGES=1,UUID=128'b01011001010010000001000000101000101111111111010101000101100111101011001001100011111101011101011010111001101111111011111110000000,PROBE0_WIDTH=64,PROBE0_TYPE=1,PROBE1_TYPE=1,PROBE2_TYPE=1,PROBE3_TYPE=1)'. (C:/Users/Jing-XuanTan(i)/Downloads/evsoc-efinity-v2026.1.132/evsoc-efinity-v2026.1.132/cam_single/Ti60F225_dsi/work_dbg/debug_top.v:101)
[EFX-0201 WARNING] Re-wiring to GND non-driven net/port 'probe8[0]' in module 'edb_la_top_3b285929a4744aab8ae8dc560851c30a(NUM_PROBES=4,DATA_DEPTH=4096,INPUT_PIPE_STAGES=1,UUID=128'b01011001010010000001000000101000101111111111010101000101100111101011001001100011111101011101011010111001101111111011111110000000,PROBE0_WIDTH=64,PROBE0_TYPE=1,PROBE1_TYPE=1,PROBE2_TYPE=1,PROBE3_TYPE=1)'. (C:/Users/Jing-XuanTan(i)/Downloads/evsoc-efinity-v2026.1.132/evsoc-efinity-v2026.1.132/cam_single/Ti60F225_dsi/work_dbg/debug_top.v:101)
[EFX-0201 WARNING] Re-wiring to GND non-driven net/port 'probe9[0]' in module 'edb_la_top_3b285929a4744aab8ae8dc560851c30a(NUM_PROBES=4,DATA_DEPTH=4096,INPUT_PIPE_STAGES=1,UUID=128'b01011001010010000001000000101000101111111111010101000101100111101011001001100011111101011101011010111001101111111011111110000000,PROBE0_WIDTH=64,PROBE0_TYPE=1,PROBE1_TYPE=1,PROBE2_TYPE=1,PROBE3_TYPE=1)'. (C:/Users/Jing-XuanTan(i)/Downloads/evsoc-efinity-v2026.1.132/evsoc-efinity-v2026.1.132/cam_single/Ti60F225_dsi/work_dbg/debug_top.v:101)
[EFX-0201 WARNING] Re-wiring to GND non-driven net/port 'probe10[0]' in module 'edb_la_top_3b285929a4744aab8ae8dc560851c30a(NUM_PROBES=4,DATA_DEPTH=4096,INPUT_PIPE_STAGES=1,UUID=128'b01011001010010000001000000101000101111111111010101000101100111101011001001100011111101011101011010111001101111111011111110000000,PROBE0_WIDTH=64,PROBE0_TYPE=1,PROBE1_TYPE=1,PROBE2_TYPE=1,PROBE3_TYPE=1)'. (C:/Users/Jing-XuanTan(i)/Downloads/evsoc-efinity-v2026.1.132/evsoc-efinity-v2026.1.132/cam_single/Ti60F225_dsi/work_dbg/debug_top.v:101)
[EFX-0201 WARNING] Re-wiring to GND non-driven net/port 'probe11[0]' in module 'edb_la_top_3b285929a4744aab8ae8dc560851c30a(NUM_PROBES=4,DATA_DEPTH=4096,INPUT_PIPE_STAGES=1,UUID=128'b01011001010010000001000000101000101111111111010101000101100111101011001001100011111101011101011010111001101111111011111110000000,PROBE0_WIDTH=64,PROBE0_TYPE=1,PROBE1_TYPE=1,PROBE2_TYPE=1,PROBE3_TYPE=1)'. (C:/Users/Jing-XuanTan(i)/Downloads/evsoc-efinity-v2026.1.132/evsoc-efinity-v2026.1.132/cam_single/Ti60F225_dsi/work_dbg/debug_top.v:101)
[EFX-0201 WARNING] Re-wiring to GND non-driven net/port 'probe12[0]' in module 'edb_la_top_3b285929a4744aab8ae8dc560851c30a(NUM_PROBES=4,DATA_DEPTH=4096,INPUT_PIPE_STAGES=1,UUID=128'b01011001010010000001000000101000101111111111010101000101100111101011001001100011111101011101011010111001101111111011111110000000,PROBE0_WIDTH=64,PROBE0_TYPE=1,PROBE1_TYPE=1,PROBE2_TYPE=1,PROBE3_TYPE=1)'. (C:/Users/Jing-XuanTan(i)/Downloads/evsoc-efinity-v2026.1.132/evsoc-efinity-v2026.1.132/cam_single/Ti60F225_dsi/work_dbg/debug_top.v:101)
[EFX-0201 WARNING] Re-wiring to GND non-driven net/port 'probe13[0]' in module 'edb_la_top_3b285929a4744aab8ae8dc560851c30a(NUM_PROBES=4,DATA_DEPTH=4096,INPUT_PIPE_STAGES=1,UUID=128'b01011001010010000001000000101000101111111111010101000101100111101011001001100011111101011101011010111001101111111011111110000000,PROBE0_WIDTH=64,PROBE0_TYPE=1,PROBE1_TYPE=1,PROBE2_TYPE=1,PROBE3_TYPE=1)'. (C:/Users/Jing-XuanTan(i)/Downloads/evsoc-efinity-v2026.1.132/evsoc-efinity-v2026.1.132/cam_single/Ti60F225_dsi/work_dbg/debug_top.v:101)
[EFX-0011 VERI-WARNING] Input/inout port bscan_DRCK is unconnected. Place and route may remove this unconnected port. (VDB-8003) (C:/Users/Jing-XuanTan(i)/Downloads/evsoc-efinity-v2026.1.132/evsoc-efinity-v2026.1.132/cam_single/Ti60F225_dsi/work_dbg/debug_top.v:17)
[EFX-0011 VERI-WARNING] Input/inout port bscan_RUNTEST is unconnected. Place and route may remove this unconnected port. (VDB-8003) (C:/Users/Jing-XuanTan(i)/Downloads/evsoc-efinity-v2026.1.132/evsoc-efinity-v2026.1.132/cam_single/Ti60F225_dsi/work_dbg/debug_top.v:19)
[EFX-0011 VERI-WARNING] Input/inout port bscan_TMS is unconnected. Place and route may remove this unconnected port. (VDB-8003) (C:/Users/Jing-XuanTan(i)/Downloads/evsoc-efinity-v2026.1.132/evsoc-efinity-v2026.1.132/cam_single/Ti60F225_dsi/work_dbg/debug_top.v:24)
[EFX-0011 VERI-WARNING] Found 3 warnings in the post-synthesis netlist. 

///////////////////////////////////
// Efinity Synthesis Started 
// Oct 06, 2026 19:05:17
///////////////////////////////////

[EFX-0200 WARNING] Removing redundant signal : Rx_HS_D_2[7:0]. (C:\Users\Jing-XuanTan(i)\Downloads\evsoc-efinity-v2026.1.132\evsoc-efinity-v2026.1.132\cam_single\Ti60F225_dsi\ip\csi2_rx_cam\csi2_rx_cam.sv:6307)
[EFX-0200 WARNING] Removing redundant signal : Rx_HS_D_3[7:0]. (C:\Users\Jing-XuanTan(i)\Downloads\evsoc-efinity-v2026.1.132\evsoc-efinity-v2026.1.132\cam_single\Ti60F225_dsi\ip\csi2_rx_cam\csi2_rx_cam.sv:6307)
[EFX-0200 WARNING] Removing redundant signal : Rx_HS_D_4[7:0]. (C:\Users\Jing-XuanTan(i)\Downloads\evsoc-efinity-v2026.1.132\evsoc-efinity-v2026.1.132\cam_single\Ti60F225_dsi\ip\csi2_rx_cam\csi2_rx_cam.sv:6307)
[EFX-0200 WARNING] Removing redundant signal : Rx_HS_D_5[7:0]. (C:\Users\Jing-XuanTan(i)\Downloads\evsoc-efinity-v2026.1.132\evsoc-efinity-v2026.1.132\cam_single\Ti60F225_dsi\ip\csi2_rx_cam\csi2_rx_cam.sv:6307)
[EFX-0200 WARNING] Removing redundant signal : Rx_HS_D_6[7:0]. (C:\Users\Jing-XuanTan(i)\Downloads\evsoc-efinity-v2026.1.132\evsoc-efinity-v2026.1.132\cam_single\Ti60F225_dsi\ip\csi2_rx_cam\csi2_rx_cam.sv:6307)
[EFX-0200 WARNING] Removing redundant signal : Rx_HS_D_7[7:0]. (C:\Users\Jing-XuanTan(i)\Downloads\evsoc-efinity-v2026.1.132\evsoc-efinity-v2026.1.132\cam_single\Ti60F225_dsi\ip\csi2_rx_cam\csi2_rx_cam.sv:6307)
[EFX-0200 WARNING] Removing redundant signal : u_dly_enable_D[1:0]. (C:\Users\Jing-XuanTan(i)\Downloads\evsoc-efinity-v2026.1.132\evsoc-efinity-v2026.1.132\cam_single\Ti60F225_dsi\ip\csi2_rx_cam\csi2_rx_cam.sv:6307)
[EFX-0200 WARNING] Removing redundant signal : u_dly_inc_D[1:0]. (C:\Users\Jing-XuanTan(i)\Downloads\evsoc-efinity-v2026.1.132\evsoc-efinity-v2026.1.132\cam_single\Ti60F225_dsi\ip\csi2_rx_cam\csi2_rx_cam.sv:6307)
[EFX-0200 WARNING] Removing redundant signal : axi_awaddr[1:0]. (C:\Users\Jing-XuanTan(i)\Downloads\evsoc-efinity-v2026.1.132\evsoc-efinity-v2026.1.132\cam_single\Ti60F225_dsi\ip\csi2_rx_cam\csi2_rx_cam.sv:5564)
[EFX-0200 WARNING] Removing redundant signal : axi_araddr[1:0]. (C:\Users\Jing-XuanTan(i)\Downloads\evsoc-efinity-v2026.1.132\evsoc-efinity-v2026.1.132\cam_single\Ti60F225_dsi\ip\csi2_rx_cam\csi2_rx_cam.sv:5564)
[EFX-0200 WARNING] Removing redundant signal : loc_rdata[31:0]. (C:\Users\Jing-XuanTan(i)\Downloads\evsoc-efinity-v2026.1.132\evsoc-efinity-v2026.1.132\cam_single\Ti60F225_dsi\ip\csi2_rx_cam\csi2_rx_cam.sv:5564)
[EFX-0200 WARNING] Removing redundant signal : nextCRC16_D16[15:0]. (C:\Users\Jing-XuanTan(i)\Downloads\evsoc-efinity-v2026.1.132\evsoc-efinity-v2026.1.132\cam_single\Ti60F225_dsi\ip\csi2_rx_cam\csi2_rx_cam.sv:1466)
[EFX-0200 WARNING] Removing redundant signal : nextCRC16_D16.Data[15:0]. (C:\Users\Jing-XuanTan(i)\Downloads\evsoc-efinity-v2026.1.132\evsoc-efinity-v2026.1.132\cam_single\Ti60F225_dsi\ip\csi2_rx_cam\csi2_rx_cam.sv:1466)
[EFX-0200 WARNING] Removing redundant signal : nextCRC16_D16.fcrc[15:0]. (C:\Users\Jing-XuanTan(i)\Downloads\evsoc-efinity-v2026.1.132\evsoc-efinity-v2026.1.132\cam_single\Ti60F225_dsi\ip\csi2_rx_cam\csi2_rx_cam.sv:1466)
[EFX-0200 WARNING] Removing redundant signal : nextCRC16_D16.d[15:0]. (C:\Users\Jing-XuanTan(i)\Downloads\evsoc-efinity-v2026.1.132\evsoc-efinity-v2026.1.132\cam_single\Ti60F225_dsi\ip\csi2_rx_cam\csi2_rx_cam.sv:1466)
[EFX-0200 WARNING] Removing redundant signal : nextCRC16_D16.c[15:0]. (C:\Users\Jing-XuanTan(i)\Downloads\evsoc-efinity-v2026.1.132\evsoc-efinity-v2026.1.132\cam_single\Ti60F225_dsi\ip\csi2_rx_cam\csi2_rx_cam.sv:1466)
[EFX-0200 WARNING] Removing redundant signal : nextCRC16_D16.newcrc[15:0]. (C:\Users\Jing-XuanTan(i)\Downloads\evsoc-efinity-v2026.1.132\evsoc-efinity-v2026.1.132\cam_single\Ti60F225_dsi\ip\csi2_rx_cam\csi2_rx_cam.sv:1466)
[EFX-0200 WARNING] Removing redundant signal : nextCRC16_D8[15:0]. (C:\Users\Jing-XuanTan(i)\Downloads\evsoc-efinity-v2026.1.132\evsoc-efinity-v2026.1.132\cam_single\Ti60F225_dsi\ip\csi2_rx_cam\csi2_rx_cam.sv:1466)
[EFX-0200 WARNING] Removing redundant signal : nextCRC16_D8.Data[7:0]. (C:\Users\Jing-XuanTan(i)\Downloads\evsoc-efinity-v2026.1.132\evsoc-efinity-v2026.1.132\cam_single\Ti60F225_dsi\ip\csi2_rx_cam\csi2_rx_cam.sv:1466)
[EFX-0200 WARNING] Removing redundant signal : nextCRC16_D8.fcrc[15:0]. (C:\Users\Jing-XuanTan(i)\Downloads\evsoc-efinity-v2026.1.132\evsoc-efinity-v2026.1.132\cam_single\Ti60F225_dsi\ip\csi2_rx_cam\csi2_rx_cam.sv:1466)
[EFX-0201 WARNING] Re-wiring to GND non-driven net/port 'a_wr_rst_i' in module 'efx_fifo_top_077823fa68f649b1a7074c944568f3e4(FAMILY="TITANIUM",SYNC_CLK=1,DATA_WIDTH=40,PIPELINE_REG=0,OUTPUT_REG=1,PROGRAMMABLE_FULL="NONE",PROG_FULL_ASSERT=510,PROG_FULL_NEGATE=510,PROGRAMMABLE_EMPTY="NONE",PROG_EMPTY_ASSERT=2,PROG_EMPTY_NEGATE=3)'. (C:\Users\Jing-XuanTan(i)\Downloads\evsoc-efinity-v2026.1.132\evsoc-efinity-v2026.1.132\cam_single\Ti60F225_dsi\ip\cam_pixel_remap_fifo\cam_pixel_remap_fifo.sv:92)
[EFX-0201 WARNING] Re-wiring to GND non-driven net/port 'a_rd_rst_i' in module 'efx_fifo_top_077823fa68f649b1a7074c944568f3e4(FAMILY="TITANIUM",SYNC_CLK=1,DATA_WIDTH=40,PIPELINE_REG=0,OUTPUT_REG=1,PROGRAMMABLE_FULL="NONE",PROG_FULL_ASSERT=510,PROG_FULL_NEGATE=510,PROGRAMMABLE_EMPTY="NONE",PROG_EMPTY_ASSERT=2,PROG_EMPTY_NEGATE=3)'. (C:\Users\Jing-XuanTan(i)\Downloads\evsoc-efinity-v2026.1.132\evsoc-efinity-v2026.1.132\cam_single\Ti60F225_dsi\ip\cam_pixel_remap_fifo\cam_pixel_remap_fifo.sv:92)
[EFX-0201 WARNING] Re-wiring to GND non-driven net/port 'wr_clk_i' in module 'efx_fifo_top_077823fa68f649b1a7074c944568f3e4(FAMILY="TITANIUM",SYNC_CLK=1,DATA_WIDTH=40,PIPELINE_REG=0,OUTPUT_REG=1,PROGRAMMABLE_FULL="NONE",PROG_FULL_ASSERT=510,PROG_FULL_NEGATE=510,PROGRAMMABLE_EMPTY="NONE",PROG_EMPTY_ASSERT=2,PROG_EMPTY_NEGATE=3)'. (C:\Users\Jing-XuanTan(i)\Downloads\evsoc-efinity-v2026.1.132\evsoc-efinity-v2026.1.132\cam_single\Ti60F225_dsi\ip\cam_pixel_remap_fifo\cam_pixel_remap_fifo.sv:92)
[EFX-0201 WARNING] Re-wiring to GND non-driven net/port 'rd_clk_i' in module 'efx_fifo_top_077823fa68f649b1a7074c944568f3e4(FAMILY="TITANIUM",SYNC_CLK=1,DATA_WIDTH=40,PIPELINE_REG=0,OUTPUT_REG=1,PROGRAMMABLE_FULL="NONE",PROG_FULL_ASSERT=510,PROG_FULL_NEGATE=510,PROGRAMMABLE_EMPTY="NONE",PROG_EMPTY_ASSERT=2,PROG_EMPTY_NEGATE=3)'. (C:\Users\Jing-XuanTan(i)\Downloads\evsoc-efinity-v2026.1.132\evsoc-efinity-v2026.1.132\cam_single\Ti60F225_dsi\ip\cam_pixel_remap_fifo\cam_pixel_remap_fifo.sv:92)
[EFX-0201 WARNING] Re-wiring to GND non-driven net/port 'r_registers[12][31]' in module 'axi_lite_register(S_AXI_WSTRB_WIDTH=4)'. (C:\Users\Jing-XuanTan(i)\Downloads\evsoc-efinity-v2026.1.132\evsoc-efinity-v2026.1.132\cam_single\Ti60F225_dsi\source/isp/axi_lite_register.sv:99)
[EFX-0201 WARNING] Re-wiring to GND non-driven net/port 'r_registers[12][30]' in module 'axi_lite_register(S_AXI_WSTRB_WIDTH=4)'. (C:\Users\Jing-XuanTan(i)\Downloads\evsoc-efinity-v2026.1.132\evsoc-efinity-v2026.1.132\cam_single\Ti60F225_dsi\source/isp/axi_lite_register.sv:99)
[EFX-0201 WARNING] Re-wiring to GND non-driven net/port 'r_registers[12][29]' in module 'axi_lite_register(S_AXI_WSTRB_WIDTH=4)'. (C:\Users\Jing-XuanTan(i)\Downloads\evsoc-efinity-v2026.1.132\evsoc-efinity-v2026.1.132\cam_single\Ti60F225_dsi\source/isp/axi_lite_register.sv:99)
[EFX-0201 WARNING] Re-wiring to GND non-driven net/port 'r_registers[12][28]' in module 'axi_lite_register(S_AXI_WSTRB_WIDTH=4)'. (C:\Users\Jing-XuanTan(i)\Downloads\evsoc-efinity-v2026.1.132\evsoc-efinity-v2026.1.132\cam_single\Ti60F225_dsi\source/isp/axi_lite_register.sv:99)
[EFX-0201 WARNING] Re-wiring to GND non-driven net/port 'r_registers[12][27]' in module 'axi_lite_register(S_AXI_WSTRB_WIDTH=4)'. (C:\Users\Jing-XuanTan(i)\Downloads\evsoc-efinity-v2026.1.132\evsoc-efinity-v2026.1.132\cam_single\Ti60F225_dsi\source/isp/axi_lite_register.sv:99)
[EFX-0201 WARNING] Re-wiring to GND non-driven net/port 'r_registers[12][26]' in module 'axi_lite_register(S_AXI_WSTRB_WIDTH=4)'. (C:\Users\Jing-XuanTan(i)\Downloads\evsoc-efinity-v2026.1.132\evsoc-efinity-v2026.1.132\cam_single\Ti60F225_dsi\source/isp/axi_lite_register.sv:99)
[EFX-0657 WARNING] Mapping into logic memory block 'pipe_0_center' (28 bits) (C:\Users\Jing-XuanTan(i)\Downloads\evsoc-efinity-v2026.1.132\evsoc-efinity-v2026.1.132\cam_single\Ti60F225_dsi\source/isp/demosaic.sv:68) because size is too small (<=64)
[EFX-0657 WARNING] Mapping into logic memory block 'pipe_0_outer_horizontal' (28 bits) (C:\Users\Jing-XuanTan(i)\Downloads\evsoc-efinity-v2026.1.132\evsoc-efinity-v2026.1.132\cam_single\Ti60F225_dsi\source/isp/demosaic.sv:69) because size is too small (<=64)
[EFX-0657 WARNING] Mapping into logic memory block 'pipe_0_outer_vertical' (28 bits) (C:\Users\Jing-XuanTan(i)\Downloads\evsoc-efinity-v2026.1.132\evsoc-efinity-v2026.1.132\cam_single\Ti60F225_dsi\source/isp/demosaic.sv:70) because size is too small (<=64)
[EFX-0657 WARNING] Mapping into logic memory block 'pipe_0_inner_horizontal' (28 bits) (C:\Users\Jing-XuanTan(i)\Downloads\evsoc-efinity-v2026.1.132\evsoc-efinity-v2026.1.132\cam_single\Ti60F225_dsi\source/isp/demosaic.sv:71) because size is too small (<=64)
[EFX-0657 WARNING] Mapping into logic memory block 'pipe_0_inner_vertical' (28 bits) (C:\Users\Jing-XuanTan(i)\Downloads\evsoc-efinity-v2026.1.132\evsoc-efinity-v2026.1.132\cam_single\Ti60F225_dsi\source/isp/demosaic.sv:72) because size is too small (<=64)
[EFX-0657 WARNING] Mapping into logic memory block 'pipe_0_inner_top' (28 bits) (C:\Users\Jing-XuanTan(i)\Downloads\evsoc-efinity-v2026.1.132\evsoc-efinity-v2026.1.132\cam_single\Ti60F225_dsi\source/isp/demosaic.sv:73) because size is too small (<=64)
[EFX-0657 WARNING] Mapping into logic memory block 'pipe_0_inner_bottom' (28 bits) (C:\Users\Jing-XuanTan(i)\Downloads\evsoc-efinity-v2026.1.132\evsoc-efinity-v2026.1.132\cam_single\Ti60F225_dsi\source/isp/demosaic.sv:74) because size is too small (<=64)
[EFX-0657 WARNING] Mapping into logic memory block 'pipe_1_center' (36 bits) (C:\Users\Jing-XuanTan(i)\Downloads\evsoc-efinity-v2026.1.132\evsoc-efinity-v2026.1.132\cam_single\Ti60F225_dsi\source/isp/demosaic.sv:80) because size is too small (<=64)
[EFX-0657 WARNING] Mapping into logic memory block 'pipe_1_center_x5' (36 bits) (C:\Users\Jing-XuanTan(i)\Downloads\evsoc-efinity-v2026.1.132\evsoc-efinity-v2026.1.132\cam_single\Ti60F225_dsi\source/isp/demosaic.sv:81) because size is too small (<=64)
[EFX-0657 WARNING] Mapping into logic memory block 'pipe_1_center_x6' (36 bits) (C:\Users\Jing-XuanTan(i)\Downloads\evsoc-efinity-v2026.1.132\evsoc-efinity-v2026.1.132\cam_single\Ti60F225_dsi\source/isp/demosaic.sv:82) because size is too small (<=64)
[EFX-0657 WARNING] Mapping into logic memory block 'pipe_1_outer_horizontal' (36 bits) (C:\Users\Jing-XuanTan(i)\Downloads\evsoc-efinity-v2026.1.132\evsoc-efinity-v2026.1.132\cam_single\Ti60F225_dsi\source/isp/demosaic.sv:83) because size is too small (<=64)
[EFX-0657 WARNING] Mapping into logic memory block 'pipe_1_outer_vertical' (36 bits) (C:\Users\Jing-XuanTan(i)\Downloads\evsoc-efinity-v2026.1.132\evsoc-efinity-v2026.1.132\cam_single\Ti60F225_dsi\source/isp/demosaic.sv:84) because size is too small (<=64)
[EFX-0657 WARNING] Mapping into logic memory block 'pipe_1_outer_cross' (36 bits) (C:\Users\Jing-XuanTan(i)\Downloads\evsoc-efinity-v2026.1.132\evsoc-efinity-v2026.1.132\cam_single\Ti60F225_dsi\source/isp/demosaic.sv:85) because size is too small (<=64)
[EFX-0657 WARNING] Mapping into logic memory block 'pipe_1_inner_h_outer_v_x2' (36 bits) (C:\Users\Jing-XuanTan(i)\Downloads\evsoc-efinity-v2026.1.132\evsoc-efinity-v2026.1.132\cam_single\Ti60F225_dsi\source/isp/demosaic.sv:86) because size is too small (<=64)
[EFX-0657 WARNING] Mapping into logic memory block 'pipe_1_inner_v_outer_h_x2' (36 bits) (C:\Users\Jing-XuanTan(i)\Downloads\evsoc-efinity-v2026.1.132\evsoc-efinity-v2026.1.132\cam_single\Ti60F225_dsi\source/isp/demosaic.sv:87) because size is too small (<=64)
[EFX-0657 WARNING] Mapping into logic memory block 'pipe_1_inner_corner' (36 bits) (C:\Users\Jing-XuanTan(i)\Downloads\evsoc-efinity-v2026.1.132\evsoc-efinity-v2026.1.132\cam_single\Ti60F225_dsi\source/isp/demosaic.sv:88) because size is too small (<=64)
[EFX-0657 WARNING] Mapping into logic memory block 'pipe_1_inner_cross' (36 bits) (C:\Users\Jing-XuanTan(i)\Downloads\evsoc-efinity-v2026.1.132\evsoc-efinity-v2026.1.132\cam_single\Ti60F225_dsi\source/isp/demosaic.sv:89) because size is too small (<=64)
[EFX-0657 WARNING] Mapping into logic memory block 'pipe_2_center' (44 bits) (C:\Users\Jing-XuanTan(i)\Downloads\evsoc-efinity-v2026.1.132\evsoc-efinity-v2026.1.132\cam_single\Ti60F225_dsi\source/isp/demosaic.sv:95) because size is too small (<=64)
[EFX-0657 WARNING] Mapping into logic memory block 'pipe_2_center_cross_x2' (44 bits) (C:\Users\Jing-XuanTan(i)\Downloads\evsoc-efinity-v2026.1.132\evsoc-efinity-v2026.1.132\cam_single\Ti60F225_dsi\source/isp/demosaic.sv:96) because size is too small (<=64)
[EFX-0657 WARNING] Mapping into logic memory block 'pipe_2_outer_cross_x2' (44 bits) (C:\Users\Jing-XuanTan(i)\Downloads\evsoc-efinity-v2026.1.132\evsoc-efinity-v2026.1.132\cam_single\Ti60F225_dsi\source/isp/demosaic.sv:97) because size is too small (<=64)
[EFX-0657 WARNING] Mapping into logic memory block 'pipe_2_outer_cross_x3' (44 bits) (C:\Users\Jing-XuanTan(i)\Downloads\evsoc-efinity-v2026.1.132\evsoc-efinity-v2026.1.132\cam_single\Ti60F225_dsi\source/isp/demosaic.sv:98) because size is too small (<=64)
[EFX-0657 WARNING] Mapping into logic memory block 'pipe_2_inner_c_outer_h_x2' (44 bits) (C:\Users\Jing-XuanTan(i)\Downloads\evsoc-efinity-v2026.1.132\evsoc-efinity-v2026.1.132\cam_single\Ti60F225_dsi\source/isp/demosaic.sv:99) because size is too small (<=64)
[EFX-0657 WARNING] Mapping into logic memory block 'pipe_2_inner_c_outer_v_x2' (44 bits) (C:\Users\Jing-XuanTan(i)\Downloads\evsoc-efinity-v2026.1.132\evsoc-efinity-v2026.1.132\cam_single\Ti60F225_dsi\source/isp/demosaic.sv:100) because size is too small (<=64)
[EFX-0657 WARNING] Mapping into logic memory block 'pipe_2_rb_at_g1_x2' (44 bits) (C:\Users\Jing-XuanTan(i)\Downloads\evsoc-efinity-v2026.1.132\evsoc-efinity-v2026.1.132\cam_single\Ti60F225_dsi\source/isp/demosaic.sv:101) because size is too small (<=64)
[EFX-0657 WARNING] Mapping into logic memory block 'pipe_2_rb_at_g2_x2' (44 bits) (C:\Users\Jing-XuanTan(i)\Downloads\evsoc-efinity-v2026.1.132\evsoc-efinity-v2026.1.132\cam_single\Ti60F225_dsi\source/isp/demosaic.sv:102) because size is too small (<=64)
[EFX-0657 WARNING] Mapping into logic memory block 'pipe_2_rb_at_rb_x2' (44 bits) (C:\Users\Jing-XuanTan(i)\Downloads\evsoc-efinity-v2026.1.132\evsoc-efinity-v2026.1.132\cam_single\Ti60F225_dsi\source/isp/demosaic.sv:103) because size is too small (<=64)
[EFX-0657 WARNING] Mapping into logic memory block 'logic_progbufX_mem' (64 bits) (C:\Users\Jing-XuanTan(i)\Downloads\evsoc-efinity-v2026.1.132\evsoc-efinity-v2026.1.132\cam_single\Ti60F225_dsi\ip\SapphireSoc\SapphireSoc.v:12001) because size is too small (<=64)
[EFX-0657 WARNING] Mapping into logic memory block 'logic_ram' (64 bits) (C:\Users\Jing-XuanTan(i)\Downloads\evsoc-efinity-v2026.1.132\evsoc-efinity-v2026.1.132\cam_single\Ti60F225_dsi\ip\SapphireSoc\SapphireSoc.v:20390) because size is too small (<=64)
[EFX-0656 WARNING] Optimizing into logic zero initialized read-only memory block 'u_dma/u_EfxDMA/inputsAdapter_1_crossclock_fifo/ram__D$c1'. (C:\Users\Jing-XuanTan(i)\Downloads\evsoc-efinity-v2026.1.132\evsoc-efinity-v2026.1.132\cam_single\Ti60F225_dsi\ip\dma\dma.v:2839)
[EFX-0656 WARNING] Optimizing into logic zero initialized read-only memory block 'u_dma/u_EfxDMA/inputsAdapter_1_crossclock_fifo/ram__D$b12'. (C:\Users\Jing-XuanTan(i)\Downloads\evsoc-efinity-v2026.1.132\evsoc-efinity-v2026.1.132\cam_single\Ti60F225_dsi\ip\dma\dma.v:2839)
[EFX-0656 WARNING] Optimizing into logic zero initialized read-only memory block 'u_dma/u_EfxDMA/inputsAdapter_1_crossclock_fifo/ram__D$12'. (C:\Users\Jing-XuanTan(i)\Downloads\evsoc-efinity-v2026.1.132\evsoc-efinity-v2026.1.132\cam_single\Ti60F225_dsi\ip\dma\dma.v:2839)
[EFX-0656 WARNING] Optimizing into logic zero initialized read-only memory block 'u_dma/u_EfxDMA/inputsAdapter_1_crossclock_fifo/ram__D$2'. (C:\Users\Jing-XuanTan(i)\Downloads\evsoc-efinity-v2026.1.132\evsoc-efinity-v2026.1.132\cam_single\Ti60F225_dsi\ip\dma\dma.v:2839)

///////////////////////////////////
// Efinity Synthesis Started 
// Oct 07, 2026 09:35:13
///////////////////////////////////

[EFX-0011 VERI-WARNING] port 'probe5' remains unconnected for this instance (VERI-1927) (C:/Users/Jing-XuanTan(i)/Downloads/evsoc-efinity-v2026.1.132/evsoc-efinity-v2026.1.132/cam_single/Ti60F225_dsi/work_dbg/debug_top.v:130)
[EFX-0011 VERI-WARNING] input port 'probe5[0]' remains unconnected for this instance (VDB-1053) (C:/Users/Jing-XuanTan(i)/Downloads/evsoc-efinity-v2026.1.132/evsoc-efinity-v2026.1.132/cam_single/Ti60F225_dsi/work_dbg/debug_top.v:104)
[EFX-0200 WARNING] Removing redundant signal : compared_in[0]. (C:/Users/Jing-XuanTan(i)/Downloads/evsoc-efinity-v2026.1.132/evsoc-efinity-v2026.1.132/cam_single/Ti60F225_dsi/work_dbg/debug_top.v:5532)
[EFX-0200 WARNING] Removing redundant signal : mask_in[0]. (C:/Users/Jing-XuanTan(i)/Downloads/evsoc-efinity-v2026.1.132/evsoc-efinity-v2026.1.132/cam_single/Ti60F225_dsi/work_dbg/debug_top.v:5533)
[EFX-0200 WARNING] Removing redundant signal : trigger_in. (C:/Users/Jing-XuanTan(i)/Downloads/evsoc-efinity-v2026.1.132/evsoc-efinity-v2026.1.132/cam_single/Ti60F225_dsi/work_dbg/debug_top.v:5743)
[EFX-0200 WARNING] Removing redundant signal : clk. (C:/Users/Jing-XuanTan(i)/Downloads/evsoc-efinity-v2026.1.132/evsoc-efinity-v2026.1.132/cam_single/Ti60F225_dsi/work_dbg/debug_top.v:4566)
[EFX-0200 WARNING] Removing redundant signal : full. (C:/Users/Jing-XuanTan(i)/Downloads/evsoc-efinity-v2026.1.132/evsoc-efinity-v2026.1.132/cam_single/Ti60F225_dsi/work_dbg/debug_top.v:4620)
[EFX-0200 WARNING] Removing redundant signal : shift_i. (C:/Users/Jing-XuanTan(i)/Downloads/evsoc-efinity-v2026.1.132/evsoc-efinity-v2026.1.132/cam_single/Ti60F225_dsi/work_dbg/debug_top.v:4890)
[EFX-0200 WARNING] Removing redundant signal : trig_out. (C:/Users/Jing-XuanTan(i)/Downloads/evsoc-efinity-v2026.1.132/evsoc-efinity-v2026.1.132/cam_single/Ti60F225_dsi/work_dbg/debug_top.v:4907)
[EFX-0200 WARNING] Removing redundant signal : trig_out_ack. (C:/Users/Jing-XuanTan(i)/Downloads/evsoc-efinity-v2026.1.132/evsoc-efinity-v2026.1.132/cam_single/Ti60F225_dsi/work_dbg/debug_top.v:4908)
[EFX-0200 WARNING] Removing redundant signal : bscan_DRCK. (C:/Users/Jing-XuanTan(i)/Downloads/evsoc-efinity-v2026.1.132/evsoc-efinity-v2026.1.132/cam_single/Ti60F225_dsi/work_dbg/debug_top.v:1049)
[EFX-0200 WARNING] Removing redundant signal : bscan_RESET. (C:/Users/Jing-XuanTan(i)/Downloads/evsoc-efinity-v2026.1.132/evsoc-efinity-v2026.1.132/cam_single/Ti60F225_dsi/work_dbg/debug_top.v:1050)
[EFX-0200 WARNING] Removing redundant signal : bscan_RUNTEST. (C:/Users/Jing-XuanTan(i)/Downloads/evsoc-efinity-v2026.1.132/evsoc-efinity-v2026.1.132/cam_single/Ti60F225_dsi/work_dbg/debug_top.v:1051)
[EFX-0200 WARNING] Removing redundant signal : bscan_SEL. (C:/Users/Jing-XuanTan(i)/Downloads/evsoc-efinity-v2026.1.132/evsoc-efinity-v2026.1.132/cam_single/Ti60F225_dsi/work_dbg/debug_top.v:1052)
[EFX-0200 WARNING] Removing redundant signal : bscan_TMS. (C:/Users/Jing-XuanTan(i)/Downloads/evsoc-efinity-v2026.1.132/evsoc-efinity-v2026.1.132/cam_single/Ti60F225_dsi/work_dbg/debug_top.v:1056)
[EFX-0200 WARNING] Removing redundant signal : trig_in_ack. (C:/Users/Jing-XuanTan(i)/Downloads/evsoc-efinity-v2026.1.132/evsoc-efinity-v2026.1.132/cam_single/Ti60F225_dsi/work_dbg/debug_top.v:1068)
[EFX-0200 WARNING] Removing redundant signal : mux_capture_cmp[4:0]. (C:/Users/Jing-XuanTan(i)/Downloads/evsoc-efinity-v2026.1.132/evsoc-efinity-v2026.1.132/cam_single/Ti60F225_dsi/work_dbg/debug_top.v:3487)
[EFX-0200 WARNING] Removing redundant signal : bscan_CAPTURE. (C:/Users/Jing-XuanTan(i)/Downloads/evsoc-efinity-v2026.1.132/evsoc-efinity-v2026.1.132/cam_single/Ti60F225_dsi/work_dbg/debug_top.v:288)
[EFX-0200 WARNING] Removing redundant signal : bscan_DRCK. (C:/Users/Jing-XuanTan(i)/Downloads/evsoc-efinity-v2026.1.132/evsoc-efinity-v2026.1.132/cam_single/Ti60F225_dsi/work_dbg/debug_top.v:289)
[EFX-0200 WARNING] Removing redundant signal : bscan_RUNTEST. (C:/Users/Jing-XuanTan(i)/Downloads/evsoc-efinity-v2026.1.132/evsoc-efinity-v2026.1.132/cam_single/Ti60F225_dsi/work_dbg/debug_top.v:291)
[EFX-0200 WARNING] Removing redundant signal : bscan_TMS. (C:/Users/Jing-XuanTan(i)/Downloads/evsoc-efinity-v2026.1.132/evsoc-efinity-v2026.1.132/cam_single/Ti60F225_dsi/work_dbg/debug_top.v:296)
[EFX-0201 WARNING] Re-wiring to GND non-driven net/port 'probe5[0]' in module 'edb_la_top_2a908e2ca4a943748e1914c680e63c88(NUM_PROBES=5,DATA_DEPTH=4096,INPUT_PIPE_STAGES=1,UUID=128'b01000100010010110111000101110111110001101010000101001001010011001011110011000010000011011011011000000101111101110000110101011101,PROBE0_WIDTH=2,PROBE2_WIDTH=24,PROBE0_TYPE=1,PROBE1_TYPE=1,PROBE2_TYPE=1,PROBE3_TYPE=1,PROBE4_TYPE=1)'. (C:/Users/Jing-XuanTan(i)/Downloads/evsoc-efinity-v2026.1.132/evsoc-efinity-v2026.1.132/cam_single/Ti60F225_dsi/work_dbg/debug_top.v:104)
[EFX-0201 WARNING] Re-wiring to GND non-driven net/port 'probe6[0]' in module 'edb_la_top_2a908e2ca4a943748e1914c680e63c88(NUM_PROBES=5,DATA_DEPTH=4096,INPUT_PIPE_STAGES=1,UUID=128'b01000100010010110111000101110111110001101010000101001001010011001011110011000010000011011011011000000101111101110000110101011101,PROBE0_WIDTH=2,PROBE2_WIDTH=24,PROBE0_TYPE=1,PROBE1_TYPE=1,PROBE2_TYPE=1,PROBE3_TYPE=1,PROBE4_TYPE=1)'. (C:/Users/Jing-XuanTan(i)/Downloads/evsoc-efinity-v2026.1.132/evsoc-efinity-v2026.1.132/cam_single/Ti60F225_dsi/work_dbg/debug_top.v:104)
[EFX-0201 WARNING] Re-wiring to GND non-driven net/port 'probe7[0]' in module 'edb_la_top_2a908e2ca4a943748e1914c680e63c88(NUM_PROBES=5,DATA_DEPTH=4096,INPUT_PIPE_STAGES=1,UUID=128'b01000100010010110111000101110111110001101010000101001001010011001011110011000010000011011011011000000101111101110000110101011101,PROBE0_WIDTH=2,PROBE2_WIDTH=24,PROBE0_TYPE=1,PROBE1_TYPE=1,PROBE2_TYPE=1,PROBE3_TYPE=1,PROBE4_TYPE=1)'. (C:/Users/Jing-XuanTan(i)/Downloads/evsoc-efinity-v2026.1.132/evsoc-efinity-v2026.1.132/cam_single/Ti60F225_dsi/work_dbg/debug_top.v:104)
[EFX-0201 WARNING] Re-wiring to GND non-driven net/port 'probe8[0]' in module 'edb_la_top_2a908e2ca4a943748e1914c680e63c88(NUM_PROBES=5,DATA_DEPTH=4096,INPUT_PIPE_STAGES=1,UUID=128'b01000100010010110111000101110111110001101010000101001001010011001011110011000010000011011011011000000101111101110000110101011101,PROBE0_WIDTH=2,PROBE2_WIDTH=24,PROBE0_TYPE=1,PROBE1_TYPE=1,PROBE2_TYPE=1,PROBE3_TYPE=1,PROBE4_TYPE=1)'. (C:/Users/Jing-XuanTan(i)/Downloads/evsoc-efinity-v2026.1.132/evsoc-efinity-v2026.1.132/cam_single/Ti60F225_dsi/work_dbg/debug_top.v:104)
[EFX-0201 WARNING] Re-wiring to GND non-driven net/port 'probe9[0]' in module 'edb_la_top_2a908e2ca4a943748e1914c680e63c88(NUM_PROBES=5,DATA_DEPTH=4096,INPUT_PIPE_STAGES=1,UUID=128'b01000100010010110111000101110111110001101010000101001001010011001011110011000010000011011011011000000101111101110000110101011101,PROBE0_WIDTH=2,PROBE2_WIDTH=24,PROBE0_TYPE=1,PROBE1_TYPE=1,PROBE2_TYPE=1,PROBE3_TYPE=1,PROBE4_TYPE=1)'. (C:/Users/Jing-XuanTan(i)/Downloads/evsoc-efinity-v2026.1.132/evsoc-efinity-v2026.1.132/cam_single/Ti60F225_dsi/work_dbg/debug_top.v:104)
[EFX-0201 WARNING] Re-wiring to GND non-driven net/port 'probe10[0]' in module 'edb_la_top_2a908e2ca4a943748e1914c680e63c88(NUM_PROBES=5,DATA_DEPTH=4096,INPUT_PIPE_STAGES=1,UUID=128'b01000100010010110111000101110111110001101010000101001001010011001011110011000010000011011011011000000101111101110000110101011101,PROBE0_WIDTH=2,PROBE2_WIDTH=24,PROBE0_TYPE=1,PROBE1_TYPE=1,PROBE2_TYPE=1,PROBE3_TYPE=1,PROBE4_TYPE=1)'. (C:/Users/Jing-XuanTan(i)/Downloads/evsoc-efinity-v2026.1.132/evsoc-efinity-v2026.1.132/cam_single/Ti60F225_dsi/work_dbg/debug_top.v:104)
[EFX-0201 WARNING] Re-wiring to GND non-driven net/port 'probe11[0]' in module 'edb_la_top_2a908e2ca4a943748e1914c680e63c88(NUM_PROBES=5,DATA_DEPTH=4096,INPUT_PIPE_STAGES=1,UUID=128'b01000100010010110111000101110111110001101010000101001001010011001011110011000010000011011011011000000101111101110000110101011101,PROBE0_WIDTH=2,PROBE2_WIDTH=24,PROBE0_TYPE=1,PROBE1_TYPE=1,PROBE2_TYPE=1,PROBE3_TYPE=1,PROBE4_TYPE=1)'. (C:/Users/Jing-XuanTan(i)/Downloads/evsoc-efinity-v2026.1.132/evsoc-efinity-v2026.1.132/cam_single/Ti60F225_dsi/work_dbg/debug_top.v:104)
[EFX-0201 WARNING] Re-wiring to GND non-driven net/port 'probe12[0]' in module 'edb_la_top_2a908e2ca4a943748e1914c680e63c88(NUM_PROBES=5,DATA_DEPTH=4096,INPUT_PIPE_STAGES=1,UUID=128'b01000100010010110111000101110111110001101010000101001001010011001011110011000010000011011011011000000101111101110000110101011101,PROBE0_WIDTH=2,PROBE2_WIDTH=24,PROBE0_TYPE=1,PROBE1_TYPE=1,PROBE2_TYPE=1,PROBE3_TYPE=1,PROBE4_TYPE=1)'. (C:/Users/Jing-XuanTan(i)/Downloads/evsoc-efinity-v2026.1.132/evsoc-efinity-v2026.1.132/cam_single/Ti60F225_dsi/work_dbg/debug_top.v:104)
[EFX-0201 WARNING] Re-wiring to GND non-driven net/port 'probe13[0]' in module 'edb_la_top_2a908e2ca4a943748e1914c680e63c88(NUM_PROBES=5,DATA_DEPTH=4096,INPUT_PIPE_STAGES=1,UUID=128'b01000100010010110111000101110111110001101010000101001001010011001011110011000010000011011011011000000101111101110000110101011101,PROBE0_WIDTH=2,PROBE2_WIDTH=24,PROBE0_TYPE=1,PROBE1_TYPE=1,PROBE2_TYPE=1,PROBE3_TYPE=1,PROBE4_TYPE=1)'. (C:/Users/Jing-XuanTan(i)/Downloads/evsoc-efinity-v2026.1.132/evsoc-efinity-v2026.1.132/cam_single/Ti60F225_dsi/work_dbg/debug_top.v:104)
[EFX-0201 WARNING] Re-wiring to GND non-driven net/port 'probe14[0]' in module 'edb_la_top_2a908e2ca4a943748e1914c680e63c88(NUM_PROBES=5,DATA_DEPTH=4096,INPUT_PIPE_STAGES=1,UUID=128'b01000100010010110111000101110111110001101010000101001001010011001011110011000010000011011011011000000101111101110000110101011101,PROBE0_WIDTH=2,PROBE2_WIDTH=24,PROBE0_TYPE=1,PROBE1_TYPE=1,PROBE2_TYPE=1,PROBE3_TYPE=1,PROBE4_TYPE=1)'. (C:/Users/Jing-XuanTan(i)/Downloads/evsoc-efinity-v2026.1.132/evsoc-efinity-v2026.1.132/cam_single/Ti60F225_dsi/work_dbg/debug_top.v:104)
[EFX-0011 VERI-WARNING] Input/inout port bscan_DRCK is unconnected. Place and route may remove this unconnected port. (VDB-8003) (C:/Users/Jing-XuanTan(i)/Downloads/evsoc-efinity-v2026.1.132/evsoc-efinity-v2026.1.132/cam_single/Ti60F225_dsi/work_dbg/debug_top.v:17)
[EFX-0011 VERI-WARNING] Input/inout port bscan_RUNTEST is unconnected. Place and route may remove this unconnected port. (VDB-8003) (C:/Users/Jing-XuanTan(i)/Downloads/evsoc-efinity-v2026.1.132/evsoc-efinity-v2026.1.132/cam_single/Ti60F225_dsi/work_dbg/debug_top.v:19)
[EFX-0011 VERI-WARNING] Input/inout port bscan_TMS is unconnected. Place and route may remove this unconnected port. (VDB-8003) (C:/Users/Jing-XuanTan(i)/Downloads/evsoc-efinity-v2026.1.132/evsoc-efinity-v2026.1.132/cam_single/Ti60F225_dsi/work_dbg/debug_top.v:24)
[EFX-0011 VERI-WARNING] Found 3 warnings in the post-synthesis netlist. 

///////////////////////////////////
// Efinity Synthesis Started 
// Oct 07, 2026 09:35:23
///////////////////////////////////

[EFX-0200 WARNING] Removing redundant signal : Rx_HS_D_2[7:0]. (C:\Users\Jing-XuanTan(i)\Downloads\evsoc-efinity-v2026.1.132\evsoc-efinity-v2026.1.132\cam_single\Ti60F225_dsi\ip\csi2_rx_cam\csi2_rx_cam.sv:6307)
[EFX-0200 WARNING] Removing redundant signal : Rx_HS_D_3[7:0]. (C:\Users\Jing-XuanTan(i)\Downloads\evsoc-efinity-v2026.1.132\evsoc-efinity-v2026.1.132\cam_single\Ti60F225_dsi\ip\csi2_rx_cam\csi2_rx_cam.sv:6307)
[EFX-0200 WARNING] Removing redundant signal : Rx_HS_D_4[7:0]. (C:\Users\Jing-XuanTan(i)\Downloads\evsoc-efinity-v2026.1.132\evsoc-efinity-v2026.1.132\cam_single\Ti60F225_dsi\ip\csi2_rx_cam\csi2_rx_cam.sv:6307)
[EFX-0200 WARNING] Removing redundant signal : Rx_HS_D_5[7:0]. (C:\Users\Jing-XuanTan(i)\Downloads\evsoc-efinity-v2026.1.132\evsoc-efinity-v2026.1.132\cam_single\Ti60F225_dsi\ip\csi2_rx_cam\csi2_rx_cam.sv:6307)
[EFX-0200 WARNING] Removing redundant signal : Rx_HS_D_6[7:0]. (C:\Users\Jing-XuanTan(i)\Downloads\evsoc-efinity-v2026.1.132\evsoc-efinity-v2026.1.132\cam_single\Ti60F225_dsi\ip\csi2_rx_cam\csi2_rx_cam.sv:6307)
[EFX-0200 WARNING] Removing redundant signal : Rx_HS_D_7[7:0]. (C:\Users\Jing-XuanTan(i)\Downloads\evsoc-efinity-v2026.1.132\evsoc-efinity-v2026.1.132\cam_single\Ti60F225_dsi\ip\csi2_rx_cam\csi2_rx_cam.sv:6307)
[EFX-0200 WARNING] Removing redundant signal : u_dly_enable_D[1:0]. (C:\Users\Jing-XuanTan(i)\Downloads\evsoc-efinity-v2026.1.132\evsoc-efinity-v2026.1.132\cam_single\Ti60F225_dsi\ip\csi2_rx_cam\csi2_rx_cam.sv:6307)
[EFX-0200 WARNING] Removing redundant signal : u_dly_inc_D[1:0]. (C:\Users\Jing-XuanTan(i)\Downloads\evsoc-efinity-v2026.1.132\evsoc-efinity-v2026.1.132\cam_single\Ti60F225_dsi\ip\csi2_rx_cam\csi2_rx_cam.sv:6307)
[EFX-0200 WARNING] Removing redundant signal : axi_awaddr[1:0]. (C:\Users\Jing-XuanTan(i)\Downloads\evsoc-efinity-v2026.1.132\evsoc-efinity-v2026.1.132\cam_single\Ti60F225_dsi\ip\csi2_rx_cam\csi2_rx_cam.sv:5564)
[EFX-0200 WARNING] Removing redundant signal : axi_araddr[1:0]. (C:\Users\Jing-XuanTan(i)\Downloads\evsoc-efinity-v2026.1.132\evsoc-efinity-v2026.1.132\cam_single\Ti60F225_dsi\ip\csi2_rx_cam\csi2_rx_cam.sv:5564)
[EFX-0200 WARNING] Removing redundant signal : loc_rdata[31:0]. (C:\Users\Jing-XuanTan(i)\Downloads\evsoc-efinity-v2026.1.132\evsoc-efinity-v2026.1.132\cam_single\Ti60F225_dsi\ip\csi2_rx_cam\csi2_rx_cam.sv:5564)
[EFX-0200 WARNING] Removing redundant signal : nextCRC16_D16[15:0]. (C:\Users\Jing-XuanTan(i)\Downloads\evsoc-efinity-v2026.1.132\evsoc-efinity-v2026.1.132\cam_single\Ti60F225_dsi\ip\csi2_rx_cam\csi2_rx_cam.sv:1466)
[EFX-0200 WARNING] Removing redundant signal : nextCRC16_D16.Data[15:0]. (C:\Users\Jing-XuanTan(i)\Downloads\evsoc-efinity-v2026.1.132\evsoc-efinity-v2026.1.132\cam_single\Ti60F225_dsi\ip\csi2_rx_cam\csi2_rx_cam.sv:1466)
[EFX-0200 WARNING] Removing redundant signal : nextCRC16_D16.fcrc[15:0]. (C:\Users\Jing-XuanTan(i)\Downloads\evsoc-efinity-v2026.1.132\evsoc-efinity-v2026.1.132\cam_single\Ti60F225_dsi\ip\csi2_rx_cam\csi2_rx_cam.sv:1466)
[EFX-0200 WARNING] Removing redundant signal : nextCRC16_D16.d[15:0]. (C:\Users\Jing-XuanTan(i)\Downloads\evsoc-efinity-v2026.1.132\evsoc-efinity-v2026.1.132\cam_single\Ti60F225_dsi\ip\csi2_rx_cam\csi2_rx_cam.sv:1466)
[EFX-0200 WARNING] Removing redundant signal : nextCRC16_D16.c[15:0]. (C:\Users\Jing-XuanTan(i)\Downloads\evsoc-efinity-v2026.1.132\evsoc-efinity-v2026.1.132\cam_single\Ti60F225_dsi\ip\csi2_rx_cam\csi2_rx_cam.sv:1466)
[EFX-0200 WARNING] Removing redundant signal : nextCRC16_D16.newcrc[15:0]. (C:\Users\Jing-XuanTan(i)\Downloads\evsoc-efinity-v2026.1.132\evsoc-efinity-v2026.1.132\cam_single\Ti60F225_dsi\ip\csi2_rx_cam\csi2_rx_cam.sv:1466)
[EFX-0200 WARNING] Removing redundant signal : nextCRC16_D8[15:0]. (C:\Users\Jing-XuanTan(i)\Downloads\evsoc-efinity-v2026.1.132\evsoc-efinity-v2026.1.132\cam_single\Ti60F225_dsi\ip\csi2_rx_cam\csi2_rx_cam.sv:1466)
[EFX-0200 WARNING] Removing redundant signal : nextCRC16_D8.Data[7:0]. (C:\Users\Jing-XuanTan(i)\Downloads\evsoc-efinity-v2026.1.132\evsoc-efinity-v2026.1.132\cam_single\Ti60F225_dsi\ip\csi2_rx_cam\csi2_rx_cam.sv:1466)
[EFX-0200 WARNING] Removing redundant signal : nextCRC16_D8.fcrc[15:0]. (C:\Users\Jing-XuanTan(i)\Downloads\evsoc-efinity-v2026.1.132\evsoc-efinity-v2026.1.132\cam_single\Ti60F225_dsi\ip\csi2_rx_cam\csi2_rx_cam.sv:1466)
[EFX-0201 WARNING] Re-wiring to GND non-driven net/port 'a_wr_rst_i' in module 'efx_fifo_top_077823fa68f649b1a7074c944568f3e4(FAMILY="TITANIUM",SYNC_CLK=1,DATA_WIDTH=40,PIPELINE_REG=0,OUTPUT_REG=1,PROGRAMMABLE_FULL="NONE",PROG_FULL_ASSERT=510,PROG_FULL_NEGATE=510,PROGRAMMABLE_EMPTY="NONE",PROG_EMPTY_ASSERT=2,PROG_EMPTY_NEGATE=3)'. (C:\Users\Jing-XuanTan(i)\Downloads\evsoc-efinity-v2026.1.132\evsoc-efinity-v2026.1.132\cam_single\Ti60F225_dsi\ip\cam_pixel_remap_fifo\cam_pixel_remap_fifo.sv:92)
[EFX-0201 WARNING] Re-wiring to GND non-driven net/port 'a_rd_rst_i' in module 'efx_fifo_top_077823fa68f649b1a7074c944568f3e4(FAMILY="TITANIUM",SYNC_CLK=1,DATA_WIDTH=40,PIPELINE_REG=0,OUTPUT_REG=1,PROGRAMMABLE_FULL="NONE",PROG_FULL_ASSERT=510,PROG_FULL_NEGATE=510,PROGRAMMABLE_EMPTY="NONE",PROG_EMPTY_ASSERT=2,PROG_EMPTY_NEGATE=3)'. (C:\Users\Jing-XuanTan(i)\Downloads\evsoc-efinity-v2026.1.132\evsoc-efinity-v2026.1.132\cam_single\Ti60F225_dsi\ip\cam_pixel_remap_fifo\cam_pixel_remap_fifo.sv:92)
[EFX-0201 WARNING] Re-wiring to GND non-driven net/port 'wr_clk_i' in module 'efx_fifo_top_077823fa68f649b1a7074c944568f3e4(FAMILY="TITANIUM",SYNC_CLK=1,DATA_WIDTH=40,PIPELINE_REG=0,OUTPUT_REG=1,PROGRAMMABLE_FULL="NONE",PROG_FULL_ASSERT=510,PROG_FULL_NEGATE=510,PROGRAMMABLE_EMPTY="NONE",PROG_EMPTY_ASSERT=2,PROG_EMPTY_NEGATE=3)'. (C:\Users\Jing-XuanTan(i)\Downloads\evsoc-efinity-v2026.1.132\evsoc-efinity-v2026.1.132\cam_single\Ti60F225_dsi\ip\cam_pixel_remap_fifo\cam_pixel_remap_fifo.sv:92)
[EFX-0201 WARNING] Re-wiring to GND non-driven net/port 'rd_clk_i' in module 'efx_fifo_top_077823fa68f649b1a7074c944568f3e4(FAMILY="TITANIUM",SYNC_CLK=1,DATA_WIDTH=40,PIPELINE_REG=0,OUTPUT_REG=1,PROGRAMMABLE_FULL="NONE",PROG_FULL_ASSERT=510,PROG_FULL_NEGATE=510,PROGRAMMABLE_EMPTY="NONE",PROG_EMPTY_ASSERT=2,PROG_EMPTY_NEGATE=3)'. (C:\Users\Jing-XuanTan(i)\Downloads\evsoc-efinity-v2026.1.132\evsoc-efinity-v2026.1.132\cam_single\Ti60F225_dsi\ip\cam_pixel_remap_fifo\cam_pixel_remap_fifo.sv:92)
[EFX-0201 WARNING] Re-wiring to GND non-driven net/port 'r_registers[12][31]' in module 'axi_lite_register(S_AXI_WSTRB_WIDTH=4)'. (C:\Users\Jing-XuanTan(i)\Downloads\evsoc-efinity-v2026.1.132\evsoc-efinity-v2026.1.132\cam_single\Ti60F225_dsi\source/isp/axi_lite_register.sv:99)
[EFX-0201 WARNING] Re-wiring to GND non-driven net/port 'r_registers[12][30]' in module 'axi_lite_register(S_AXI_WSTRB_WIDTH=4)'. (C:\Users\Jing-XuanTan(i)\Downloads\evsoc-efinity-v2026.1.132\evsoc-efinity-v2026.1.132\cam_single\Ti60F225_dsi\source/isp/axi_lite_register.sv:99)
[EFX-0201 WARNING] Re-wiring to GND non-driven net/port 'r_registers[12][29]' in module 'axi_lite_register(S_AXI_WSTRB_WIDTH=4)'. (C:\Users\Jing-XuanTan(i)\Downloads\evsoc-efinity-v2026.1.132\evsoc-efinity-v2026.1.132\cam_single\Ti60F225_dsi\source/isp/axi_lite_register.sv:99)
[EFX-0201 WARNING] Re-wiring to GND non-driven net/port 'r_registers[12][28]' in module 'axi_lite_register(S_AXI_WSTRB_WIDTH=4)'. (C:\Users\Jing-XuanTan(i)\Downloads\evsoc-efinity-v2026.1.132\evsoc-efinity-v2026.1.132\cam_single\Ti60F225_dsi\source/isp/axi_lite_register.sv:99)
[EFX-0201 WARNING] Re-wiring to GND non-driven net/port 'r_registers[12][27]' in module 'axi_lite_register(S_AXI_WSTRB_WIDTH=4)'. (C:\Users\Jing-XuanTan(i)\Downloads\evsoc-efinity-v2026.1.132\evsoc-efinity-v2026.1.132\cam_single\Ti60F225_dsi\source/isp/axi_lite_register.sv:99)
[EFX-0201 WARNING] Re-wiring to GND non-driven net/port 'r_registers[12][26]' in module 'axi_lite_register(S_AXI_WSTRB_WIDTH=4)'. (C:\Users\Jing-XuanTan(i)\Downloads\evsoc-efinity-v2026.1.132\evsoc-efinity-v2026.1.132\cam_single\Ti60F225_dsi\source/isp/axi_lite_register.sv:99)
[EFX-0657 WARNING] Mapping into logic memory block 'pipe_0_center' (28 bits) (C:\Users\Jing-XuanTan(i)\Downloads\evsoc-efinity-v2026.1.132\evsoc-efinity-v2026.1.132\cam_single\Ti60F225_dsi\source/isp/demosaic.sv:68) because size is too small (<=64)
[EFX-0657 WARNING] Mapping into logic memory block 'pipe_0_outer_horizontal' (28 bits) (C:\Users\Jing-XuanTan(i)\Downloads\evsoc-efinity-v2026.1.132\evsoc-efinity-v2026.1.132\cam_single\Ti60F225_dsi\source/isp/demosaic.sv:69) because size is too small (<=64)
[EFX-0657 WARNING] Mapping into logic memory block 'pipe_0_outer_vertical' (28 bits) (C:\Users\Jing-XuanTan(i)\Downloads\evsoc-efinity-v2026.1.132\evsoc-efinity-v2026.1.132\cam_single\Ti60F225_dsi\source/isp/demosaic.sv:70) because size is too small (<=64)
[EFX-0657 WARNING] Mapping into logic memory block 'pipe_0_inner_horizontal' (28 bits) (C:\Users\Jing-XuanTan(i)\Downloads\evsoc-efinity-v2026.1.132\evsoc-efinity-v2026.1.132\cam_single\Ti60F225_dsi\source/isp/demosaic.sv:71) because size is too small (<=64)
[EFX-0657 WARNING] Mapping into logic memory block 'pipe_0_inner_vertical' (28 bits) (C:\Users\Jing-XuanTan(i)\Downloads\evsoc-efinity-v2026.1.132\evsoc-efinity-v2026.1.132\cam_single\Ti60F225_dsi\source/isp/demosaic.sv:72) because size is too small (<=64)
[EFX-0657 WARNING] Mapping into logic memory block 'pipe_0_inner_top' (28 bits) (C:\Users\Jing-XuanTan(i)\Downloads\evsoc-efinity-v2026.1.132\evsoc-efinity-v2026.1.132\cam_single\Ti60F225_dsi\source/isp/demosaic.sv:73) because size is too small (<=64)
[EFX-0657 WARNING] Mapping into logic memory block 'pipe_0_inner_bottom' (28 bits) (C:\Users\Jing-XuanTan(i)\Downloads\evsoc-efinity-v2026.1.132\evsoc-efinity-v2026.1.132\cam_single\Ti60F225_dsi\source/isp/demosaic.sv:74) because size is too small (<=64)
[EFX-0657 WARNING] Mapping into logic memory block 'pipe_1_center' (36 bits) (C:\Users\Jing-XuanTan(i)\Downloads\evsoc-efinity-v2026.1.132\evsoc-efinity-v2026.1.132\cam_single\Ti60F225_dsi\source/isp/demosaic.sv:80) because size is too small (<=64)
[EFX-0657 WARNING] Mapping into logic memory block 'pipe_1_center_x5' (36 bits) (C:\Users\Jing-XuanTan(i)\Downloads\evsoc-efinity-v2026.1.132\evsoc-efinity-v2026.1.132\cam_single\Ti60F225_dsi\source/isp/demosaic.sv:81) because size is too small (<=64)
[EFX-0657 WARNING] Mapping into logic memory block 'pipe_1_center_x6' (36 bits) (C:\Users\Jing-XuanTan(i)\Downloads\evsoc-efinity-v2026.1.132\evsoc-efinity-v2026.1.132\cam_single\Ti60F225_dsi\source/isp/demosaic.sv:82) because size is too small (<=64)
[EFX-0657 WARNING] Mapping into logic memory block 'pipe_1_outer_horizontal' (36 bits) (C:\Users\Jing-XuanTan(i)\Downloads\evsoc-efinity-v2026.1.132\evsoc-efinity-v2026.1.132\cam_single\Ti60F225_dsi\source/isp/demosaic.sv:83) because size is too small (<=64)
[EFX-0657 WARNING] Mapping into logic memory block 'pipe_1_outer_vertical' (36 bits) (C:\Users\Jing-XuanTan(i)\Downloads\evsoc-efinity-v2026.1.132\evsoc-efinity-v2026.1.132\cam_single\Ti60F225_dsi\source/isp/demosaic.sv:84) because size is too small (<=64)
[EFX-0657 WARNING] Mapping into logic memory block 'pipe_1_outer_cross' (36 bits) (C:\Users\Jing-XuanTan(i)\Downloads\evsoc-efinity-v2026.1.132\evsoc-efinity-v2026.1.132\cam_single\Ti60F225_dsi\source/isp/demosaic.sv:85) because size is too small (<=64)
[EFX-0657 WARNING] Mapping into logic memory block 'pipe_1_inner_h_outer_v_x2' (36 bits) (C:\Users\Jing-XuanTan(i)\Downloads\evsoc-efinity-v2026.1.132\evsoc-efinity-v2026.1.132\cam_single\Ti60F225_dsi\source/isp/demosaic.sv:86) because size is too small (<=64)
[EFX-0657 WARNING] Mapping into logic memory block 'pipe_1_inner_v_outer_h_x2' (36 bits) (C:\Users\Jing-XuanTan(i)\Downloads\evsoc-efinity-v2026.1.132\evsoc-efinity-v2026.1.132\cam_single\Ti60F225_dsi\source/isp/demosaic.sv:87) because size is too small (<=64)
[EFX-0657 WARNING] Mapping into logic memory block 'pipe_1_inner_corner' (36 bits) (C:\Users\Jing-XuanTan(i)\Downloads\evsoc-efinity-v2026.1.132\evsoc-efinity-v2026.1.132\cam_single\Ti60F225_dsi\source/isp/demosaic.sv:88) because size is too small (<=64)
[EFX-0657 WARNING] Mapping into logic memory block 'pipe_1_inner_cross' (36 bits) (C:\Users\Jing-XuanTan(i)\Downloads\evsoc-efinity-v2026.1.132\evsoc-efinity-v2026.1.132\cam_single\Ti60F225_dsi\source/isp/demosaic.sv:89) because size is too small (<=64)
[EFX-0657 WARNING] Mapping into logic memory block 'pipe_2_center' (44 bits) (C:\Users\Jing-XuanTan(i)\Downloads\evsoc-efinity-v2026.1.132\evsoc-efinity-v2026.1.132\cam_single\Ti60F225_dsi\source/isp/demosaic.sv:95) because size is too small (<=64)
[EFX-0657 WARNING] Mapping into logic memory block 'pipe_2_center_cross_x2' (44 bits) (C:\Users\Jing-XuanTan(i)\Downloads\evsoc-efinity-v2026.1.132\evsoc-efinity-v2026.1.132\cam_single\Ti60F225_dsi\source/isp/demosaic.sv:96) because size is too small (<=64)
[EFX-0657 WARNING] Mapping into logic memory block 'pipe_2_outer_cross_x2' (44 bits) (C:\Users\Jing-XuanTan(i)\Downloads\evsoc-efinity-v2026.1.132\evsoc-efinity-v2026.1.132\cam_single\Ti60F225_dsi\source/isp/demosaic.sv:97) because size is too small (<=64)
[EFX-0657 WARNING] Mapping into logic memory block 'pipe_2_outer_cross_x3' (44 bits) (C:\Users\Jing-XuanTan(i)\Downloads\evsoc-efinity-v2026.1.132\evsoc-efinity-v2026.1.132\cam_single\Ti60F225_dsi\source/isp/demosaic.sv:98) because size is too small (<=64)
[EFX-0657 WARNING] Mapping into logic memory block 'pipe_2_inner_c_outer_h_x2' (44 bits) (C:\Users\Jing-XuanTan(i)\Downloads\evsoc-efinity-v2026.1.132\evsoc-efinity-v2026.1.132\cam_single\Ti60F225_dsi\source/isp/demosaic.sv:99) because size is too small (<=64)
[EFX-0657 WARNING] Mapping into logic memory block 'pipe_2_inner_c_outer_v_x2' (44 bits) (C:\Users\Jing-XuanTan(i)\Downloads\evsoc-efinity-v2026.1.132\evsoc-efinity-v2026.1.132\cam_single\Ti60F225_dsi\source/isp/demosaic.sv:100) because size is too small (<=64)
[EFX-0657 WARNING] Mapping into logic memory block 'pipe_2_rb_at_g1_x2' (44 bits) (C:\Users\Jing-XuanTan(i)\Downloads\evsoc-efinity-v2026.1.132\evsoc-efinity-v2026.1.132\cam_single\Ti60F225_dsi\source/isp/demosaic.sv:101) because size is too small (<=64)
[EFX-0657 WARNING] Mapping into logic memory block 'pipe_2_rb_at_g2_x2' (44 bits) (C:\Users\Jing-XuanTan(i)\Downloads\evsoc-efinity-v2026.1.132\evsoc-efinity-v2026.1.132\cam_single\Ti60F225_dsi\source/isp/demosaic.sv:102) because size is too small (<=64)
[EFX-0657 WARNING] Mapping into logic memory block 'pipe_2_rb_at_rb_x2' (44 bits) (C:\Users\Jing-XuanTan(i)\Downloads\evsoc-efinity-v2026.1.132\evsoc-efinity-v2026.1.132\cam_single\Ti60F225_dsi\source/isp/demosaic.sv:103) because size is too small (<=64)
[EFX-0657 WARNING] Mapping into logic memory block 'logic_progbufX_mem' (64 bits) (C:\Users\Jing-XuanTan(i)\Downloads\evsoc-efinity-v2026.1.132\evsoc-efinity-v2026.1.132\cam_single\Ti60F225_dsi\ip\SapphireSoc\SapphireSoc.v:12001) because size is too small (<=64)
[EFX-0657 WARNING] Mapping into logic memory block 'logic_ram' (64 bits) (C:\Users\Jing-XuanTan(i)\Downloads\evsoc-efinity-v2026.1.132\evsoc-efinity-v2026.1.132\cam_single\Ti60F225_dsi\ip\SapphireSoc\SapphireSoc.v:20390) because size is too small (<=64)
[EFX-0656 WARNING] Optimizing into logic zero initialized read-only memory block 'u_dma/u_EfxDMA/inputsAdapter_1_crossclock_fifo/ram__D$c1'. (C:\Users\Jing-XuanTan(i)\Downloads\evsoc-efinity-v2026.1.132\evsoc-efinity-v2026.1.132\cam_single\Ti60F225_dsi\ip\dma\dma.v:2839)
[EFX-0656 WARNING] Optimizing into logic zero initialized read-only memory block 'u_dma/u_EfxDMA/inputsAdapter_1_crossclock_fifo/ram__D$b12'. (C:\Users\Jing-XuanTan(i)\Downloads\evsoc-efinity-v2026.1.132\evsoc-efinity-v2026.1.132\cam_single\Ti60F225_dsi\ip\dma\dma.v:2839)
[EFX-0656 WARNING] Optimizing into logic zero initialized read-only memory block 'u_dma/u_EfxDMA/inputsAdapter_1_crossclock_fifo/ram__D$12'. (C:\Users\Jing-XuanTan(i)\Downloads\evsoc-efinity-v2026.1.132\evsoc-efinity-v2026.1.132\cam_single\Ti60F225_dsi\ip\dma\dma.v:2839)
[EFX-0656 WARNING] Optimizing into logic zero initialized read-only memory block 'u_dma/u_EfxDMA/inputsAdapter_1_crossclock_fifo/ram__D$2'. (C:\Users\Jing-XuanTan(i)\Downloads\evsoc-efinity-v2026.1.132\evsoc-efinity-v2026.1.132\cam_single\Ti60F225_dsi\ip\dma\dma.v:2839)

///////////////////////////////////
// Efinity Synthesis Started 
// Oct 07, 2026 09:51:13
///////////////////////////////////

[EFX-0011 VERI-WARNING] port 'probe6' remains unconnected for this instance (VERI-1927) (C:/Users/Jing-XuanTan(i)/Downloads/evsoc-efinity-v2026.1.132/evsoc-efinity-v2026.1.132/cam_single/Ti60F225_dsi/work_dbg/debug_top.v:134)
[EFX-0011 VERI-WARNING] input port 'probe6[0]' remains unconnected for this instance (VDB-1053) (C:/Users/Jing-XuanTan(i)/Downloads/evsoc-efinity-v2026.1.132/evsoc-efinity-v2026.1.132/cam_single/Ti60F225_dsi/work_dbg/debug_top.v:107)
[EFX-0200 WARNING] Removing redundant signal : compared_in[0]. (C:/Users/Jing-XuanTan(i)/Downloads/evsoc-efinity-v2026.1.132/evsoc-efinity-v2026.1.132/cam_single/Ti60F225_dsi/work_dbg/debug_top.v:5536)
[EFX-0200 WARNING] Removing redundant signal : mask_in[0]. (C:/Users/Jing-XuanTan(i)/Downloads/evsoc-efinity-v2026.1.132/evsoc-efinity-v2026.1.132/cam_single/Ti60F225_dsi/work_dbg/debug_top.v:5537)
[EFX-0200 WARNING] Removing redundant signal : trigger_in. (C:/Users/Jing-XuanTan(i)/Downloads/evsoc-efinity-v2026.1.132/evsoc-efinity-v2026.1.132/cam_single/Ti60F225_dsi/work_dbg/debug_top.v:5747)
[EFX-0200 WARNING] Removing redundant signal : clk. (C:/Users/Jing-XuanTan(i)/Downloads/evsoc-efinity-v2026.1.132/evsoc-efinity-v2026.1.132/cam_single/Ti60F225_dsi/work_dbg/debug_top.v:4570)
[EFX-0200 WARNING] Removing redundant signal : full. (C:/Users/Jing-XuanTan(i)/Downloads/evsoc-efinity-v2026.1.132/evsoc-efinity-v2026.1.132/cam_single/Ti60F225_dsi/work_dbg/debug_top.v:4624)
[EFX-0200 WARNING] Removing redundant signal : shift_i. (C:/Users/Jing-XuanTan(i)/Downloads/evsoc-efinity-v2026.1.132/evsoc-efinity-v2026.1.132/cam_single/Ti60F225_dsi/work_dbg/debug_top.v:4894)
[EFX-0200 WARNING] Removing redundant signal : trig_out. (C:/Users/Jing-XuanTan(i)/Downloads/evsoc-efinity-v2026.1.132/evsoc-efinity-v2026.1.132/cam_single/Ti60F225_dsi/work_dbg/debug_top.v:4911)
[EFX-0200 WARNING] Removing redundant signal : trig_out_ack. (C:/Users/Jing-XuanTan(i)/Downloads/evsoc-efinity-v2026.1.132/evsoc-efinity-v2026.1.132/cam_single/Ti60F225_dsi/work_dbg/debug_top.v:4912)
[EFX-0200 WARNING] Removing redundant signal : bscan_DRCK. (C:/Users/Jing-XuanTan(i)/Downloads/evsoc-efinity-v2026.1.132/evsoc-efinity-v2026.1.132/cam_single/Ti60F225_dsi/work_dbg/debug_top.v:1053)
[EFX-0200 WARNING] Removing redundant signal : bscan_RESET. (C:/Users/Jing-XuanTan(i)/Downloads/evsoc-efinity-v2026.1.132/evsoc-efinity-v2026.1.132/cam_single/Ti60F225_dsi/work_dbg/debug_top.v:1054)
[EFX-0200 WARNING] Removing redundant signal : bscan_RUNTEST. (C:/Users/Jing-XuanTan(i)/Downloads/evsoc-efinity-v2026.1.132/evsoc-efinity-v2026.1.132/cam_single/Ti60F225_dsi/work_dbg/debug_top.v:1055)
[EFX-0200 WARNING] Removing redundant signal : bscan_SEL. (C:/Users/Jing-XuanTan(i)/Downloads/evsoc-efinity-v2026.1.132/evsoc-efinity-v2026.1.132/cam_single/Ti60F225_dsi/work_dbg/debug_top.v:1056)
[EFX-0200 WARNING] Removing redundant signal : bscan_TMS. (C:/Users/Jing-XuanTan(i)/Downloads/evsoc-efinity-v2026.1.132/evsoc-efinity-v2026.1.132/cam_single/Ti60F225_dsi/work_dbg/debug_top.v:1060)
[EFX-0200 WARNING] Removing redundant signal : trig_in_ack. (C:/Users/Jing-XuanTan(i)/Downloads/evsoc-efinity-v2026.1.132/evsoc-efinity-v2026.1.132/cam_single/Ti60F225_dsi/work_dbg/debug_top.v:1072)
[EFX-0200 WARNING] Removing redundant signal : mux_capture_cmp[5:0]. (C:/Users/Jing-XuanTan(i)/Downloads/evsoc-efinity-v2026.1.132/evsoc-efinity-v2026.1.132/cam_single/Ti60F225_dsi/work_dbg/debug_top.v:3491)
[EFX-0200 WARNING] Removing redundant signal : bscan_CAPTURE. (C:/Users/Jing-XuanTan(i)/Downloads/evsoc-efinity-v2026.1.132/evsoc-efinity-v2026.1.132/cam_single/Ti60F225_dsi/work_dbg/debug_top.v:292)
[EFX-0200 WARNING] Removing redundant signal : bscan_DRCK. (C:/Users/Jing-XuanTan(i)/Downloads/evsoc-efinity-v2026.1.132/evsoc-efinity-v2026.1.132/cam_single/Ti60F225_dsi/work_dbg/debug_top.v:293)
[EFX-0200 WARNING] Removing redundant signal : bscan_RUNTEST. (C:/Users/Jing-XuanTan(i)/Downloads/evsoc-efinity-v2026.1.132/evsoc-efinity-v2026.1.132/cam_single/Ti60F225_dsi/work_dbg/debug_top.v:295)
[EFX-0200 WARNING] Removing redundant signal : bscan_TMS. (C:/Users/Jing-XuanTan(i)/Downloads/evsoc-efinity-v2026.1.132/evsoc-efinity-v2026.1.132/cam_single/Ti60F225_dsi/work_dbg/debug_top.v:300)
[EFX-0201 WARNING] Re-wiring to GND non-driven net/port 'probe6[0]' in module 'edb_la_top_4d7af1946a1240d1a57b37522fa04df4(NUM_PROBES=6,DATA_DEPTH=4096,INPUT_PIPE_STAGES=1,UUID=128'b11110110011101111011100111000110110100111101100001000111100011011000101001100001001000100100110011011111011001010110101000011000,PROBE1_WIDTH=24,PROBE0_TYPE=1,PROBE1_TYPE=1,PROBE2_TYPE=1,PROBE3_TYPE=1,PROBE4_TYPE=1,PROBE5_TYPE=1)'. (C:/Users/Jing-XuanTan(i)/Downloads/evsoc-efinity-v2026.1.132/evsoc-efinity-v2026.1.132/cam_single/Ti60F225_dsi/work_dbg/debug_top.v:107)
[EFX-0201 WARNING] Re-wiring to GND non-driven net/port 'probe7[0]' in module 'edb_la_top_4d7af1946a1240d1a57b37522fa04df4(NUM_PROBES=6,DATA_DEPTH=4096,INPUT_PIPE_STAGES=1,UUID=128'b11110110011101111011100111000110110100111101100001000111100011011000101001100001001000100100110011011111011001010110101000011000,PROBE1_WIDTH=24,PROBE0_TYPE=1,PROBE1_TYPE=1,PROBE2_TYPE=1,PROBE3_TYPE=1,PROBE4_TYPE=1,PROBE5_TYPE=1)'. (C:/Users/Jing-XuanTan(i)/Downloads/evsoc-efinity-v2026.1.132/evsoc-efinity-v2026.1.132/cam_single/Ti60F225_dsi/work_dbg/debug_top.v:107)
[EFX-0201 WARNING] Re-wiring to GND non-driven net/port 'probe8[0]' in module 'edb_la_top_4d7af1946a1240d1a57b37522fa04df4(NUM_PROBES=6,DATA_DEPTH=4096,INPUT_PIPE_STAGES=1,UUID=128'b11110110011101111011100111000110110100111101100001000111100011011000101001100001001000100100110011011111011001010110101000011000,PROBE1_WIDTH=24,PROBE0_TYPE=1,PROBE1_TYPE=1,PROBE2_TYPE=1,PROBE3_TYPE=1,PROBE4_TYPE=1,PROBE5_TYPE=1)'. (C:/Users/Jing-XuanTan(i)/Downloads/evsoc-efinity-v2026.1.132/evsoc-efinity-v2026.1.132/cam_single/Ti60F225_dsi/work_dbg/debug_top.v:107)
[EFX-0201 WARNING] Re-wiring to GND non-driven net/port 'probe9[0]' in module 'edb_la_top_4d7af1946a1240d1a57b37522fa04df4(NUM_PROBES=6,DATA_DEPTH=4096,INPUT_PIPE_STAGES=1,UUID=128'b11110110011101111011100111000110110100111101100001000111100011011000101001100001001000100100110011011111011001010110101000011000,PROBE1_WIDTH=24,PROBE0_TYPE=1,PROBE1_TYPE=1,PROBE2_TYPE=1,PROBE3_TYPE=1,PROBE4_TYPE=1,PROBE5_TYPE=1)'. (C:/Users/Jing-XuanTan(i)/Downloads/evsoc-efinity-v2026.1.132/evsoc-efinity-v2026.1.132/cam_single/Ti60F225_dsi/work_dbg/debug_top.v:107)
[EFX-0201 WARNING] Re-wiring to GND non-driven net/port 'probe10[0]' in module 'edb_la_top_4d7af1946a1240d1a57b37522fa04df4(NUM_PROBES=6,DATA_DEPTH=4096,INPUT_PIPE_STAGES=1,UUID=128'b11110110011101111011100111000110110100111101100001000111100011011000101001100001001000100100110011011111011001010110101000011000,PROBE1_WIDTH=24,PROBE0_TYPE=1,PROBE1_TYPE=1,PROBE2_TYPE=1,PROBE3_TYPE=1,PROBE4_TYPE=1,PROBE5_TYPE=1)'. (C:/Users/Jing-XuanTan(i)/Downloads/evsoc-efinity-v2026.1.132/evsoc-efinity-v2026.1.132/cam_single/Ti60F225_dsi/work_dbg/debug_top.v:107)
[EFX-0201 WARNING] Re-wiring to GND non-driven net/port 'probe11[0]' in module 'edb_la_top_4d7af1946a1240d1a57b37522fa04df4(NUM_PROBES=6,DATA_DEPTH=4096,INPUT_PIPE_STAGES=1,UUID=128'b11110110011101111011100111000110110100111101100001000111100011011000101001100001001000100100110011011111011001010110101000011000,PROBE1_WIDTH=24,PROBE0_TYPE=1,PROBE1_TYPE=1,PROBE2_TYPE=1,PROBE3_TYPE=1,PROBE4_TYPE=1,PROBE5_TYPE=1)'. (C:/Users/Jing-XuanTan(i)/Downloads/evsoc-efinity-v2026.1.132/evsoc-efinity-v2026.1.132/cam_single/Ti60F225_dsi/work_dbg/debug_top.v:107)
[EFX-0201 WARNING] Re-wiring to GND non-driven net/port 'probe12[0]' in module 'edb_la_top_4d7af1946a1240d1a57b37522fa04df4(NUM_PROBES=6,DATA_DEPTH=4096,INPUT_PIPE_STAGES=1,UUID=128'b11110110011101111011100111000110110100111101100001000111100011011000101001100001001000100100110011011111011001010110101000011000,PROBE1_WIDTH=24,PROBE0_TYPE=1,PROBE1_TYPE=1,PROBE2_TYPE=1,PROBE3_TYPE=1,PROBE4_TYPE=1,PROBE5_TYPE=1)'. (C:/Users/Jing-XuanTan(i)/Downloads/evsoc-efinity-v2026.1.132/evsoc-efinity-v2026.1.132/cam_single/Ti60F225_dsi/work_dbg/debug_top.v:107)
[EFX-0201 WARNING] Re-wiring to GND non-driven net/port 'probe13[0]' in module 'edb_la_top_4d7af1946a1240d1a57b37522fa04df4(NUM_PROBES=6,DATA_DEPTH=4096,INPUT_PIPE_STAGES=1,UUID=128'b11110110011101111011100111000110110100111101100001000111100011011000101001100001001000100100110011011111011001010110101000011000,PROBE1_WIDTH=24,PROBE0_TYPE=1,PROBE1_TYPE=1,PROBE2_TYPE=1,PROBE3_TYPE=1,PROBE4_TYPE=1,PROBE5_TYPE=1)'. (C:/Users/Jing-XuanTan(i)/Downloads/evsoc-efinity-v2026.1.132/evsoc-efinity-v2026.1.132/cam_single/Ti60F225_dsi/work_dbg/debug_top.v:107)
[EFX-0201 WARNING] Re-wiring to GND non-driven net/port 'probe14[0]' in module 'edb_la_top_4d7af1946a1240d1a57b37522fa04df4(NUM_PROBES=6,DATA_DEPTH=4096,INPUT_PIPE_STAGES=1,UUID=128'b11110110011101111011100111000110110100111101100001000111100011011000101001100001001000100100110011011111011001010110101000011000,PROBE1_WIDTH=24,PROBE0_TYPE=1,PROBE1_TYPE=1,PROBE2_TYPE=1,PROBE3_TYPE=1,PROBE4_TYPE=1,PROBE5_TYPE=1)'. (C:/Users/Jing-XuanTan(i)/Downloads/evsoc-efinity-v2026.1.132/evsoc-efinity-v2026.1.132/cam_single/Ti60F225_dsi/work_dbg/debug_top.v:107)
[EFX-0201 WARNING] Re-wiring to GND non-driven net/port 'probe15[0]' in module 'edb_la_top_4d7af1946a1240d1a57b37522fa04df4(NUM_PROBES=6,DATA_DEPTH=4096,INPUT_PIPE_STAGES=1,UUID=128'b11110110011101111011100111000110110100111101100001000111100011011000101001100001001000100100110011011111011001010110101000011000,PROBE1_WIDTH=24,PROBE0_TYPE=1,PROBE1_TYPE=1,PROBE2_TYPE=1,PROBE3_TYPE=1,PROBE4_TYPE=1,PROBE5_TYPE=1)'. (C:/Users/Jing-XuanTan(i)/Downloads/evsoc-efinity-v2026.1.132/evsoc-efinity-v2026.1.132/cam_single/Ti60F225_dsi/work_dbg/debug_top.v:107)
[EFX-0011 VERI-WARNING] Input/inout port bscan_DRCK is unconnected. Place and route may remove this unconnected port. (VDB-8003) (C:/Users/Jing-XuanTan(i)/Downloads/evsoc-efinity-v2026.1.132/evsoc-efinity-v2026.1.132/cam_single/Ti60F225_dsi/work_dbg/debug_top.v:17)
[EFX-0011 VERI-WARNING] Input/inout port bscan_RUNTEST is unconnected. Place and route may remove this unconnected port. (VDB-8003) (C:/Users/Jing-XuanTan(i)/Downloads/evsoc-efinity-v2026.1.132/evsoc-efinity-v2026.1.132/cam_single/Ti60F225_dsi/work_dbg/debug_top.v:19)
[EFX-0011 VERI-WARNING] Input/inout port bscan_TMS is unconnected. Place and route may remove this unconnected port. (VDB-8003) (C:/Users/Jing-XuanTan(i)/Downloads/evsoc-efinity-v2026.1.132/evsoc-efinity-v2026.1.132/cam_single/Ti60F225_dsi/work_dbg/debug_top.v:24)
[EFX-0011 VERI-WARNING] Found 3 warnings in the post-synthesis netlist. 

///////////////////////////////////
// Efinity Synthesis Started 
// Oct 07, 2026 09:51:22
///////////////////////////////////

[EFX-0200 WARNING] Removing redundant signal : Rx_HS_D_2[7:0]. (C:\Users\Jing-XuanTan(i)\Downloads\evsoc-efinity-v2026.1.132\evsoc-efinity-v2026.1.132\cam_single\Ti60F225_dsi\ip\csi2_rx_cam\csi2_rx_cam.sv:6307)
[EFX-0200 WARNING] Removing redundant signal : Rx_HS_D_3[7:0]. (C:\Users\Jing-XuanTan(i)\Downloads\evsoc-efinity-v2026.1.132\evsoc-efinity-v2026.1.132\cam_single\Ti60F225_dsi\ip\csi2_rx_cam\csi2_rx_cam.sv:6307)
[EFX-0200 WARNING] Removing redundant signal : Rx_HS_D_4[7:0]. (C:\Users\Jing-XuanTan(i)\Downloads\evsoc-efinity-v2026.1.132\evsoc-efinity-v2026.1.132\cam_single\Ti60F225_dsi\ip\csi2_rx_cam\csi2_rx_cam.sv:6307)
[EFX-0200 WARNING] Removing redundant signal : Rx_HS_D_5[7:0]. (C:\Users\Jing-XuanTan(i)\Downloads\evsoc-efinity-v2026.1.132\evsoc-efinity-v2026.1.132\cam_single\Ti60F225_dsi\ip\csi2_rx_cam\csi2_rx_cam.sv:6307)
[EFX-0200 WARNING] Removing redundant signal : Rx_HS_D_6[7:0]. (C:\Users\Jing-XuanTan(i)\Downloads\evsoc-efinity-v2026.1.132\evsoc-efinity-v2026.1.132\cam_single\Ti60F225_dsi\ip\csi2_rx_cam\csi2_rx_cam.sv:6307)
[EFX-0200 WARNING] Removing redundant signal : Rx_HS_D_7[7:0]. (C:\Users\Jing-XuanTan(i)\Downloads\evsoc-efinity-v2026.1.132\evsoc-efinity-v2026.1.132\cam_single\Ti60F225_dsi\ip\csi2_rx_cam\csi2_rx_cam.sv:6307)
[EFX-0200 WARNING] Removing redundant signal : u_dly_enable_D[1:0]. (C:\Users\Jing-XuanTan(i)\Downloads\evsoc-efinity-v2026.1.132\evsoc-efinity-v2026.1.132\cam_single\Ti60F225_dsi\ip\csi2_rx_cam\csi2_rx_cam.sv:6307)
[EFX-0200 WARNING] Removing redundant signal : u_dly_inc_D[1:0]. (C:\Users\Jing-XuanTan(i)\Downloads\evsoc-efinity-v2026.1.132\evsoc-efinity-v2026.1.132\cam_single\Ti60F225_dsi\ip\csi2_rx_cam\csi2_rx_cam.sv:6307)
[EFX-0200 WARNING] Removing redundant signal : axi_awaddr[1:0]. (C:\Users\Jing-XuanTan(i)\Downloads\evsoc-efinity-v2026.1.132\evsoc-efinity-v2026.1.132\cam_single\Ti60F225_dsi\ip\csi2_rx_cam\csi2_rx_cam.sv:5564)
[EFX-0200 WARNING] Removing redundant signal : axi_araddr[1:0]. (C:\Users\Jing-XuanTan(i)\Downloads\evsoc-efinity-v2026.1.132\evsoc-efinity-v2026.1.132\cam_single\Ti60F225_dsi\ip\csi2_rx_cam\csi2_rx_cam.sv:5564)
[EFX-0200 WARNING] Removing redundant signal : loc_rdata[31:0]. (C:\Users\Jing-XuanTan(i)\Downloads\evsoc-efinity-v2026.1.132\evsoc-efinity-v2026.1.132\cam_single\Ti60F225_dsi\ip\csi2_rx_cam\csi2_rx_cam.sv:5564)
[EFX-0200 WARNING] Removing redundant signal : nextCRC16_D16[15:0]. (C:\Users\Jing-XuanTan(i)\Downloads\evsoc-efinity-v2026.1.132\evsoc-efinity-v2026.1.132\cam_single\Ti60F225_dsi\ip\csi2_rx_cam\csi2_rx_cam.sv:1466)
[EFX-0200 WARNING] Removing redundant signal : nextCRC16_D16.Data[15:0]. (C:\Users\Jing-XuanTan(i)\Downloads\evsoc-efinity-v2026.1.132\evsoc-efinity-v2026.1.132\cam_single\Ti60F225_dsi\ip\csi2_rx_cam\csi2_rx_cam.sv:1466)
[EFX-0200 WARNING] Removing redundant signal : nextCRC16_D16.fcrc[15:0]. (C:\Users\Jing-XuanTan(i)\Downloads\evsoc-efinity-v2026.1.132\evsoc-efinity-v2026.1.132\cam_single\Ti60F225_dsi\ip\csi2_rx_cam\csi2_rx_cam.sv:1466)
[EFX-0200 WARNING] Removing redundant signal : nextCRC16_D16.d[15:0]. (C:\Users\Jing-XuanTan(i)\Downloads\evsoc-efinity-v2026.1.132\evsoc-efinity-v2026.1.132\cam_single\Ti60F225_dsi\ip\csi2_rx_cam\csi2_rx_cam.sv:1466)
[EFX-0200 WARNING] Removing redundant signal : nextCRC16_D16.c[15:0]. (C:\Users\Jing-XuanTan(i)\Downloads\evsoc-efinity-v2026.1.132\evsoc-efinity-v2026.1.132\cam_single\Ti60F225_dsi\ip\csi2_rx_cam\csi2_rx_cam.sv:1466)
[EFX-0200 WARNING] Removing redundant signal : nextCRC16_D16.newcrc[15:0]. (C:\Users\Jing-XuanTan(i)\Downloads\evsoc-efinity-v2026.1.132\evsoc-efinity-v2026.1.132\cam_single\Ti60F225_dsi\ip\csi2_rx_cam\csi2_rx_cam.sv:1466)
[EFX-0200 WARNING] Removing redundant signal : nextCRC16_D8[15:0]. (C:\Users\Jing-XuanTan(i)\Downloads\evsoc-efinity-v2026.1.132\evsoc-efinity-v2026.1.132\cam_single\Ti60F225_dsi\ip\csi2_rx_cam\csi2_rx_cam.sv:1466)
[EFX-0200 WARNING] Removing redundant signal : nextCRC16_D8.Data[7:0]. (C:\Users\Jing-XuanTan(i)\Downloads\evsoc-efinity-v2026.1.132\evsoc-efinity-v2026.1.132\cam_single\Ti60F225_dsi\ip\csi2_rx_cam\csi2_rx_cam.sv:1466)
[EFX-0200 WARNING] Removing redundant signal : nextCRC16_D8.fcrc[15:0]. (C:\Users\Jing-XuanTan(i)\Downloads\evsoc-efinity-v2026.1.132\evsoc-efinity-v2026.1.132\cam_single\Ti60F225_dsi\ip\csi2_rx_cam\csi2_rx_cam.sv:1466)
[EFX-0201 WARNING] Re-wiring to GND non-driven net/port 'a_wr_rst_i' in module 'efx_fifo_top_077823fa68f649b1a7074c944568f3e4(FAMILY="TITANIUM",SYNC_CLK=1,DATA_WIDTH=40,PIPELINE_REG=0,OUTPUT_REG=1,PROGRAMMABLE_FULL="NONE",PROG_FULL_ASSERT=510,PROG_FULL_NEGATE=510,PROGRAMMABLE_EMPTY="NONE",PROG_EMPTY_ASSERT=2,PROG_EMPTY_NEGATE=3)'. (C:\Users\Jing-XuanTan(i)\Downloads\evsoc-efinity-v2026.1.132\evsoc-efinity-v2026.1.132\cam_single\Ti60F225_dsi\ip\cam_pixel_remap_fifo\cam_pixel_remap_fifo.sv:92)
[EFX-0201 WARNING] Re-wiring to GND non-driven net/port 'a_rd_rst_i' in module 'efx_fifo_top_077823fa68f649b1a7074c944568f3e4(FAMILY="TITANIUM",SYNC_CLK=1,DATA_WIDTH=40,PIPELINE_REG=0,OUTPUT_REG=1,PROGRAMMABLE_FULL="NONE",PROG_FULL_ASSERT=510,PROG_FULL_NEGATE=510,PROGRAMMABLE_EMPTY="NONE",PROG_EMPTY_ASSERT=2,PROG_EMPTY_NEGATE=3)'. (C:\Users\Jing-XuanTan(i)\Downloads\evsoc-efinity-v2026.1.132\evsoc-efinity-v2026.1.132\cam_single\Ti60F225_dsi\ip\cam_pixel_remap_fifo\cam_pixel_remap_fifo.sv:92)
[EFX-0201 WARNING] Re-wiring to GND non-driven net/port 'wr_clk_i' in module 'efx_fifo_top_077823fa68f649b1a7074c944568f3e4(FAMILY="TITANIUM",SYNC_CLK=1,DATA_WIDTH=40,PIPELINE_REG=0,OUTPUT_REG=1,PROGRAMMABLE_FULL="NONE",PROG_FULL_ASSERT=510,PROG_FULL_NEGATE=510,PROGRAMMABLE_EMPTY="NONE",PROG_EMPTY_ASSERT=2,PROG_EMPTY_NEGATE=3)'. (C:\Users\Jing-XuanTan(i)\Downloads\evsoc-efinity-v2026.1.132\evsoc-efinity-v2026.1.132\cam_single\Ti60F225_dsi\ip\cam_pixel_remap_fifo\cam_pixel_remap_fifo.sv:92)
[EFX-0201 WARNING] Re-wiring to GND non-driven net/port 'rd_clk_i' in module 'efx_fifo_top_077823fa68f649b1a7074c944568f3e4(FAMILY="TITANIUM",SYNC_CLK=1,DATA_WIDTH=40,PIPELINE_REG=0,OUTPUT_REG=1,PROGRAMMABLE_FULL="NONE",PROG_FULL_ASSERT=510,PROG_FULL_NEGATE=510,PROGRAMMABLE_EMPTY="NONE",PROG_EMPTY_ASSERT=2,PROG_EMPTY_NEGATE=3)'. (C:\Users\Jing-XuanTan(i)\Downloads\evsoc-efinity-v2026.1.132\evsoc-efinity-v2026.1.132\cam_single\Ti60F225_dsi\ip\cam_pixel_remap_fifo\cam_pixel_remap_fifo.sv:92)
[EFX-0201 WARNING] Re-wiring to GND non-driven net/port 'r_registers[12][31]' in module 'axi_lite_register(S_AXI_WSTRB_WIDTH=4)'. (C:\Users\Jing-XuanTan(i)\Downloads\evsoc-efinity-v2026.1.132\evsoc-efinity-v2026.1.132\cam_single\Ti60F225_dsi\source/isp/axi_lite_register.sv:99)
[EFX-0201 WARNING] Re-wiring to GND non-driven net/port 'r_registers[12][30]' in module 'axi_lite_register(S_AXI_WSTRB_WIDTH=4)'. (C:\Users\Jing-XuanTan(i)\Downloads\evsoc-efinity-v2026.1.132\evsoc-efinity-v2026.1.132\cam_single\Ti60F225_dsi\source/isp/axi_lite_register.sv:99)
[EFX-0201 WARNING] Re-wiring to GND non-driven net/port 'r_registers[12][29]' in module 'axi_lite_register(S_AXI_WSTRB_WIDTH=4)'. (C:\Users\Jing-XuanTan(i)\Downloads\evsoc-efinity-v2026.1.132\evsoc-efinity-v2026.1.132\cam_single\Ti60F225_dsi\source/isp/axi_lite_register.sv:99)
[EFX-0201 WARNING] Re-wiring to GND non-driven net/port 'r_registers[12][28]' in module 'axi_lite_register(S_AXI_WSTRB_WIDTH=4)'. (C:\Users\Jing-XuanTan(i)\Downloads\evsoc-efinity-v2026.1.132\evsoc-efinity-v2026.1.132\cam_single\Ti60F225_dsi\source/isp/axi_lite_register.sv:99)
[EFX-0201 WARNING] Re-wiring to GND non-driven net/port 'r_registers[12][27]' in module 'axi_lite_register(S_AXI_WSTRB_WIDTH=4)'. (C:\Users\Jing-XuanTan(i)\Downloads\evsoc-efinity-v2026.1.132\evsoc-efinity-v2026.1.132\cam_single\Ti60F225_dsi\source/isp/axi_lite_register.sv:99)
[EFX-0201 WARNING] Re-wiring to GND non-driven net/port 'r_registers[12][26]' in module 'axi_lite_register(S_AXI_WSTRB_WIDTH=4)'. (C:\Users\Jing-XuanTan(i)\Downloads\evsoc-efinity-v2026.1.132\evsoc-efinity-v2026.1.132\cam_single\Ti60F225_dsi\source/isp/axi_lite_register.sv:99)
[EFX-0657 WARNING] Mapping into logic memory block 'pipe_0_center' (28 bits) (C:\Users\Jing-XuanTan(i)\Downloads\evsoc-efinity-v2026.1.132\evsoc-efinity-v2026.1.132\cam_single\Ti60F225_dsi\source/isp/demosaic.sv:68) because size is too small (<=64)
[EFX-0657 WARNING] Mapping into logic memory block 'pipe_0_outer_horizontal' (28 bits) (C:\Users\Jing-XuanTan(i)\Downloads\evsoc-efinity-v2026.1.132\evsoc-efinity-v2026.1.132\cam_single\Ti60F225_dsi\source/isp/demosaic.sv:69) because size is too small (<=64)
[EFX-0657 WARNING] Mapping into logic memory block 'pipe_0_outer_vertical' (28 bits) (C:\Users\Jing-XuanTan(i)\Downloads\evsoc-efinity-v2026.1.132\evsoc-efinity-v2026.1.132\cam_single\Ti60F225_dsi\source/isp/demosaic.sv:70) because size is too small (<=64)
[EFX-0657 WARNING] Mapping into logic memory block 'pipe_0_inner_horizontal' (28 bits) (C:\Users\Jing-XuanTan(i)\Downloads\evsoc-efinity-v2026.1.132\evsoc-efinity-v2026.1.132\cam_single\Ti60F225_dsi\source/isp/demosaic.sv:71) because size is too small (<=64)
[EFX-0657 WARNING] Mapping into logic memory block 'pipe_0_inner_vertical' (28 bits) (C:\Users\Jing-XuanTan(i)\Downloads\evsoc-efinity-v2026.1.132\evsoc-efinity-v2026.1.132\cam_single\Ti60F225_dsi\source/isp/demosaic.sv:72) because size is too small (<=64)
[EFX-0657 WARNING] Mapping into logic memory block 'pipe_0_inner_top' (28 bits) (C:\Users\Jing-XuanTan(i)\Downloads\evsoc-efinity-v2026.1.132\evsoc-efinity-v2026.1.132\cam_single\Ti60F225_dsi\source/isp/demosaic.sv:73) because size is too small (<=64)
[EFX-0657 WARNING] Mapping into logic memory block 'pipe_0_inner_bottom' (28 bits) (C:\Users\Jing-XuanTan(i)\Downloads\evsoc-efinity-v2026.1.132\evsoc-efinity-v2026.1.132\cam_single\Ti60F225_dsi\source/isp/demosaic.sv:74) because size is too small (<=64)
[EFX-0657 WARNING] Mapping into logic memory block 'pipe_1_center' (36 bits) (C:\Users\Jing-XuanTan(i)\Downloads\evsoc-efinity-v2026.1.132\evsoc-efinity-v2026.1.132\cam_single\Ti60F225_dsi\source/isp/demosaic.sv:80) because size is too small (<=64)
[EFX-0657 WARNING] Mapping into logic memory block 'pipe_1_center_x5' (36 bits) (C:\Users\Jing-XuanTan(i)\Downloads\evsoc-efinity-v2026.1.132\evsoc-efinity-v2026.1.132\cam_single\Ti60F225_dsi\source/isp/demosaic.sv:81) because size is too small (<=64)
[EFX-0657 WARNING] Mapping into logic memory block 'pipe_1_center_x6' (36 bits) (C:\Users\Jing-XuanTan(i)\Downloads\evsoc-efinity-v2026.1.132\evsoc-efinity-v2026.1.132\cam_single\Ti60F225_dsi\source/isp/demosaic.sv:82) because size is too small (<=64)
[EFX-0657 WARNING] Mapping into logic memory block 'pipe_1_outer_horizontal' (36 bits) (C:\Users\Jing-XuanTan(i)\Downloads\evsoc-efinity-v2026.1.132\evsoc-efinity-v2026.1.132\cam_single\Ti60F225_dsi\source/isp/demosaic.sv:83) because size is too small (<=64)
[EFX-0657 WARNING] Mapping into logic memory block 'pipe_1_outer_vertical' (36 bits) (C:\Users\Jing-XuanTan(i)\Downloads\evsoc-efinity-v2026.1.132\evsoc-efinity-v2026.1.132\cam_single\Ti60F225_dsi\source/isp/demosaic.sv:84) because size is too small (<=64)
[EFX-0657 WARNING] Mapping into logic memory block 'pipe_1_outer_cross' (36 bits) (C:\Users\Jing-XuanTan(i)\Downloads\evsoc-efinity-v2026.1.132\evsoc-efinity-v2026.1.132\cam_single\Ti60F225_dsi\source/isp/demosaic.sv:85) because size is too small (<=64)
[EFX-0657 WARNING] Mapping into logic memory block 'pipe_1_inner_h_outer_v_x2' (36 bits) (C:\Users\Jing-XuanTan(i)\Downloads\evsoc-efinity-v2026.1.132\evsoc-efinity-v2026.1.132\cam_single\Ti60F225_dsi\source/isp/demosaic.sv:86) because size is too small (<=64)
[EFX-0657 WARNING] Mapping into logic memory block 'pipe_1_inner_v_outer_h_x2' (36 bits) (C:\Users\Jing-XuanTan(i)\Downloads\evsoc-efinity-v2026.1.132\evsoc-efinity-v2026.1.132\cam_single\Ti60F225_dsi\source/isp/demosaic.sv:87) because size is too small (<=64)
[EFX-0657 WARNING] Mapping into logic memory block 'pipe_1_inner_corner' (36 bits) (C:\Users\Jing-XuanTan(i)\Downloads\evsoc-efinity-v2026.1.132\evsoc-efinity-v2026.1.132\cam_single\Ti60F225_dsi\source/isp/demosaic.sv:88) because size is too small (<=64)
[EFX-0657 WARNING] Mapping into logic memory block 'pipe_1_inner_cross' (36 bits) (C:\Users\Jing-XuanTan(i)\Downloads\evsoc-efinity-v2026.1.132\evsoc-efinity-v2026.1.132\cam_single\Ti60F225_dsi\source/isp/demosaic.sv:89) because size is too small (<=64)
[EFX-0657 WARNING] Mapping into logic memory block 'pipe_2_center' (44 bits) (C:\Users\Jing-XuanTan(i)\Downloads\evsoc-efinity-v2026.1.132\evsoc-efinity-v2026.1.132\cam_single\Ti60F225_dsi\source/isp/demosaic.sv:95) because size is too small (<=64)
[EFX-0657 WARNING] Mapping into logic memory block 'pipe_2_center_cross_x2' (44 bits) (C:\Users\Jing-XuanTan(i)\Downloads\evsoc-efinity-v2026.1.132\evsoc-efinity-v2026.1.132\cam_single\Ti60F225_dsi\source/isp/demosaic.sv:96) because size is too small (<=64)
[EFX-0657 WARNING] Mapping into logic memory block 'pipe_2_outer_cross_x2' (44 bits) (C:\Users\Jing-XuanTan(i)\Downloads\evsoc-efinity-v2026.1.132\evsoc-efinity-v2026.1.132\cam_single\Ti60F225_dsi\source/isp/demosaic.sv:97) because size is too small (<=64)
[EFX-0657 WARNING] Mapping into logic memory block 'pipe_2_outer_cross_x3' (44 bits) (C:\Users\Jing-XuanTan(i)\Downloads\evsoc-efinity-v2026.1.132\evsoc-efinity-v2026.1.132\cam_single\Ti60F225_dsi\source/isp/demosaic.sv:98) because size is too small (<=64)
[EFX-0657 WARNING] Mapping into logic memory block 'pipe_2_inner_c_outer_h_x2' (44 bits) (C:\Users\Jing-XuanTan(i)\Downloads\evsoc-efinity-v2026.1.132\evsoc-efinity-v2026.1.132\cam_single\Ti60F225_dsi\source/isp/demosaic.sv:99) because size is too small (<=64)
[EFX-0657 WARNING] Mapping into logic memory block 'pipe_2_inner_c_outer_v_x2' (44 bits) (C:\Users\Jing-XuanTan(i)\Downloads\evsoc-efinity-v2026.1.132\evsoc-efinity-v2026.1.132\cam_single\Ti60F225_dsi\source/isp/demosaic.sv:100) because size is too small (<=64)
[EFX-0657 WARNING] Mapping into logic memory block 'pipe_2_rb_at_g1_x2' (44 bits) (C:\Users\Jing-XuanTan(i)\Downloads\evsoc-efinity-v2026.1.132\evsoc-efinity-v2026.1.132\cam_single\Ti60F225_dsi\source/isp/demosaic.sv:101) because size is too small (<=64)
[EFX-0657 WARNING] Mapping into logic memory block 'pipe_2_rb_at_g2_x2' (44 bits) (C:\Users\Jing-XuanTan(i)\Downloads\evsoc-efinity-v2026.1.132\evsoc-efinity-v2026.1.132\cam_single\Ti60F225_dsi\source/isp/demosaic.sv:102) because size is too small (<=64)
[EFX-0657 WARNING] Mapping into logic memory block 'pipe_2_rb_at_rb_x2' (44 bits) (C:\Users\Jing-XuanTan(i)\Downloads\evsoc-efinity-v2026.1.132\evsoc-efinity-v2026.1.132\cam_single\Ti60F225_dsi\source/isp/demosaic.sv:103) because size is too small (<=64)
[EFX-0657 WARNING] Mapping into logic memory block 'logic_progbufX_mem' (64 bits) (C:\Users\Jing-XuanTan(i)\Downloads\evsoc-efinity-v2026.1.132\evsoc-efinity-v2026.1.132\cam_single\Ti60F225_dsi\ip\SapphireSoc\SapphireSoc.v:12001) because size is too small (<=64)
[EFX-0657 WARNING] Mapping into logic memory block 'logic_ram' (64 bits) (C:\Users\Jing-XuanTan(i)\Downloads\evsoc-efinity-v2026.1.132\evsoc-efinity-v2026.1.132\cam_single\Ti60F225_dsi\ip\SapphireSoc\SapphireSoc.v:20390) because size is too small (<=64)
[EFX-0656 WARNING] Optimizing into logic zero initialized read-only memory block 'u_dma/u_EfxDMA/inputsAdapter_1_crossclock_fifo/ram__D$c1'. (C:\Users\Jing-XuanTan(i)\Downloads\evsoc-efinity-v2026.1.132\evsoc-efinity-v2026.1.132\cam_single\Ti60F225_dsi\ip\dma\dma.v:2839)
[EFX-0656 WARNING] Optimizing into logic zero initialized read-only memory block 'u_dma/u_EfxDMA/inputsAdapter_1_crossclock_fifo/ram__D$b12'. (C:\Users\Jing-XuanTan(i)\Downloads\evsoc-efinity-v2026.1.132\evsoc-efinity-v2026.1.132\cam_single\Ti60F225_dsi\ip\dma\dma.v:2839)
[EFX-0656 WARNING] Optimizing into logic zero initialized read-only memory block 'u_dma/u_EfxDMA/inputsAdapter_1_crossclock_fifo/ram__D$12'. (C:\Users\Jing-XuanTan(i)\Downloads\evsoc-efinity-v2026.1.132\evsoc-efinity-v2026.1.132\cam_single\Ti60F225_dsi\ip\dma\dma.v:2839)
[EFX-0656 WARNING] Optimizing into logic zero initialized read-only memory block 'u_dma/u_EfxDMA/inputsAdapter_1_crossclock_fifo/ram__D$2'. (C:\Users\Jing-XuanTan(i)\Downloads\evsoc-efinity-v2026.1.132\evsoc-efinity-v2026.1.132\cam_single\Ti60F225_dsi\ip\dma\dma.v:2839)

///////////////////////////////////
// Efinity Synthesis Started 
// Oct 07, 2026 15:05:58
///////////////////////////////////

[EFX-0011 VERI-WARNING] port 'probe6' remains unconnected for this instance (VERI-1927) (C:/Users/Jing-XuanTan(i)/Downloads/evsoc-efinity-v2026.1.132/evsoc-efinity-v2026.1.132/cam_single/Ti60F225_dsi/work_dbg/debug_top.v:134)
[EFX-0011 VERI-WARNING] input port 'probe6[0]' remains unconnected for this instance (VDB-1053) (C:/Users/Jing-XuanTan(i)/Downloads/evsoc-efinity-v2026.1.132/evsoc-efinity-v2026.1.132/cam_single/Ti60F225_dsi/work_dbg/debug_top.v:107)
[EFX-0200 WARNING] Removing redundant signal : compared_in[0]. (C:/Users/Jing-XuanTan(i)/Downloads/evsoc-efinity-v2026.1.132/evsoc-efinity-v2026.1.132/cam_single/Ti60F225_dsi/work_dbg/debug_top.v:5536)
[EFX-0200 WARNING] Removing redundant signal : mask_in[0]. (C:/Users/Jing-XuanTan(i)/Downloads/evsoc-efinity-v2026.1.132/evsoc-efinity-v2026.1.132/cam_single/Ti60F225_dsi/work_dbg/debug_top.v:5537)
[EFX-0200 WARNING] Removing redundant signal : trigger_in. (C:/Users/Jing-XuanTan(i)/Downloads/evsoc-efinity-v2026.1.132/evsoc-efinity-v2026.1.132/cam_single/Ti60F225_dsi/work_dbg/debug_top.v:5747)
[EFX-0200 WARNING] Removing redundant signal : clk. (C:/Users/Jing-XuanTan(i)/Downloads/evsoc-efinity-v2026.1.132/evsoc-efinity-v2026.1.132/cam_single/Ti60F225_dsi/work_dbg/debug_top.v:4570)
[EFX-0200 WARNING] Removing redundant signal : full. (C:/Users/Jing-XuanTan(i)/Downloads/evsoc-efinity-v2026.1.132/evsoc-efinity-v2026.1.132/cam_single/Ti60F225_dsi/work_dbg/debug_top.v:4624)
[EFX-0200 WARNING] Removing redundant signal : shift_i. (C:/Users/Jing-XuanTan(i)/Downloads/evsoc-efinity-v2026.1.132/evsoc-efinity-v2026.1.132/cam_single/Ti60F225_dsi/work_dbg/debug_top.v:4894)
[EFX-0200 WARNING] Removing redundant signal : trig_out. (C:/Users/Jing-XuanTan(i)/Downloads/evsoc-efinity-v2026.1.132/evsoc-efinity-v2026.1.132/cam_single/Ti60F225_dsi/work_dbg/debug_top.v:4911)
[EFX-0200 WARNING] Removing redundant signal : trig_out_ack. (C:/Users/Jing-XuanTan(i)/Downloads/evsoc-efinity-v2026.1.132/evsoc-efinity-v2026.1.132/cam_single/Ti60F225_dsi/work_dbg/debug_top.v:4912)
[EFX-0200 WARNING] Removing redundant signal : bscan_DRCK. (C:/Users/Jing-XuanTan(i)/Downloads/evsoc-efinity-v2026.1.132/evsoc-efinity-v2026.1.132/cam_single/Ti60F225_dsi/work_dbg/debug_top.v:1053)
[EFX-0200 WARNING] Removing redundant signal : bscan_RESET. (C:/Users/Jing-XuanTan(i)/Downloads/evsoc-efinity-v2026.1.132/evsoc-efinity-v2026.1.132/cam_single/Ti60F225_dsi/work_dbg/debug_top.v:1054)
[EFX-0200 WARNING] Removing redundant signal : bscan_RUNTEST. (C:/Users/Jing-XuanTan(i)/Downloads/evsoc-efinity-v2026.1.132/evsoc-efinity-v2026.1.132/cam_single/Ti60F225_dsi/work_dbg/debug_top.v:1055)
[EFX-0200 WARNING] Removing redundant signal : bscan_SEL. (C:/Users/Jing-XuanTan(i)/Downloads/evsoc-efinity-v2026.1.132/evsoc-efinity-v2026.1.132/cam_single/Ti60F225_dsi/work_dbg/debug_top.v:1056)
[EFX-0200 WARNING] Removing redundant signal : bscan_TMS. (C:/Users/Jing-XuanTan(i)/Downloads/evsoc-efinity-v2026.1.132/evsoc-efinity-v2026.1.132/cam_single/Ti60F225_dsi/work_dbg/debug_top.v:1060)
[EFX-0200 WARNING] Removing redundant signal : trig_in_ack. (C:/Users/Jing-XuanTan(i)/Downloads/evsoc-efinity-v2026.1.132/evsoc-efinity-v2026.1.132/cam_single/Ti60F225_dsi/work_dbg/debug_top.v:1072)
[EFX-0200 WARNING] Removing redundant signal : mux_capture_cmp[5:0]. (C:/Users/Jing-XuanTan(i)/Downloads/evsoc-efinity-v2026.1.132/evsoc-efinity-v2026.1.132/cam_single/Ti60F225_dsi/work_dbg/debug_top.v:3491)
[EFX-0200 WARNING] Removing redundant signal : bscan_CAPTURE. (C:/Users/Jing-XuanTan(i)/Downloads/evsoc-efinity-v2026.1.132/evsoc-efinity-v2026.1.132/cam_single/Ti60F225_dsi/work_dbg/debug_top.v:292)
[EFX-0200 WARNING] Removing redundant signal : bscan_DRCK. (C:/Users/Jing-XuanTan(i)/Downloads/evsoc-efinity-v2026.1.132/evsoc-efinity-v2026.1.132/cam_single/Ti60F225_dsi/work_dbg/debug_top.v:293)
[EFX-0200 WARNING] Removing redundant signal : bscan_RUNTEST. (C:/Users/Jing-XuanTan(i)/Downloads/evsoc-efinity-v2026.1.132/evsoc-efinity-v2026.1.132/cam_single/Ti60F225_dsi/work_dbg/debug_top.v:295)
[EFX-0200 WARNING] Removing redundant signal : bscan_TMS. (C:/Users/Jing-XuanTan(i)/Downloads/evsoc-efinity-v2026.1.132/evsoc-efinity-v2026.1.132/cam_single/Ti60F225_dsi/work_dbg/debug_top.v:300)
[EFX-0201 WARNING] Re-wiring to GND non-driven net/port 'probe6[0]' in module 'edb_la_top_4d7af1946a1240d1a57b37522fa04df4(NUM_PROBES=6,DATA_DEPTH=4096,INPUT_PIPE_STAGES=1,UUID=128'b11110110011101111011100111000110110100111101100001000111100011011000101001100001001000100100110011011111011001010110101000011000,PROBE1_WIDTH=24,PROBE0_TYPE=1,PROBE1_TYPE=1,PROBE2_TYPE=1,PROBE3_TYPE=1,PROBE4_TYPE=1,PROBE5_TYPE=1)'. (C:/Users/Jing-XuanTan(i)/Downloads/evsoc-efinity-v2026.1.132/evsoc-efinity-v2026.1.132/cam_single/Ti60F225_dsi/work_dbg/debug_top.v:107)
[EFX-0201 WARNING] Re-wiring to GND non-driven net/port 'probe7[0]' in module 'edb_la_top_4d7af1946a1240d1a57b37522fa04df4(NUM_PROBES=6,DATA_DEPTH=4096,INPUT_PIPE_STAGES=1,UUID=128'b11110110011101111011100111000110110100111101100001000111100011011000101001100001001000100100110011011111011001010110101000011000,PROBE1_WIDTH=24,PROBE0_TYPE=1,PROBE1_TYPE=1,PROBE2_TYPE=1,PROBE3_TYPE=1,PROBE4_TYPE=1,PROBE5_TYPE=1)'. (C:/Users/Jing-XuanTan(i)/Downloads/evsoc-efinity-v2026.1.132/evsoc-efinity-v2026.1.132/cam_single/Ti60F225_dsi/work_dbg/debug_top.v:107)
[EFX-0201 WARNING] Re-wiring to GND non-driven net/port 'probe8[0]' in module 'edb_la_top_4d7af1946a1240d1a57b37522fa04df4(NUM_PROBES=6,DATA_DEPTH=4096,INPUT_PIPE_STAGES=1,UUID=128'b11110110011101111011100111000110110100111101100001000111100011011000101001100001001000100100110011011111011001010110101000011000,PROBE1_WIDTH=24,PROBE0_TYPE=1,PROBE1_TYPE=1,PROBE2_TYPE=1,PROBE3_TYPE=1,PROBE4_TYPE=1,PROBE5_TYPE=1)'. (C:/Users/Jing-XuanTan(i)/Downloads/evsoc-efinity-v2026.1.132/evsoc-efinity-v2026.1.132/cam_single/Ti60F225_dsi/work_dbg/debug_top.v:107)
[EFX-0201 WARNING] Re-wiring to GND non-driven net/port 'probe9[0]' in module 'edb_la_top_4d7af1946a1240d1a57b37522fa04df4(NUM_PROBES=6,DATA_DEPTH=4096,INPUT_PIPE_STAGES=1,UUID=128'b11110110011101111011100111000110110100111101100001000111100011011000101001100001001000100100110011011111011001010110101000011000,PROBE1_WIDTH=24,PROBE0_TYPE=1,PROBE1_TYPE=1,PROBE2_TYPE=1,PROBE3_TYPE=1,PROBE4_TYPE=1,PROBE5_TYPE=1)'. (C:/Users/Jing-XuanTan(i)/Downloads/evsoc-efinity-v2026.1.132/evsoc-efinity-v2026.1.132/cam_single/Ti60F225_dsi/work_dbg/debug_top.v:107)
[EFX-0201 WARNING] Re-wiring to GND non-driven net/port 'probe10[0]' in module 'edb_la_top_4d7af1946a1240d1a57b37522fa04df4(NUM_PROBES=6,DATA_DEPTH=4096,INPUT_PIPE_STAGES=1,UUID=128'b11110110011101111011100111000110110100111101100001000111100011011000101001100001001000100100110011011111011001010110101000011000,PROBE1_WIDTH=24,PROBE0_TYPE=1,PROBE1_TYPE=1,PROBE2_TYPE=1,PROBE3_TYPE=1,PROBE4_TYPE=1,PROBE5_TYPE=1)'. (C:/Users/Jing-XuanTan(i)/Downloads/evsoc-efinity-v2026.1.132/evsoc-efinity-v2026.1.132/cam_single/Ti60F225_dsi/work_dbg/debug_top.v:107)
[EFX-0201 WARNING] Re-wiring to GND non-driven net/port 'probe11[0]' in module 'edb_la_top_4d7af1946a1240d1a57b37522fa04df4(NUM_PROBES=6,DATA_DEPTH=4096,INPUT_PIPE_STAGES=1,UUID=128'b11110110011101111011100111000110110100111101100001000111100011011000101001100001001000100100110011011111011001010110101000011000,PROBE1_WIDTH=24,PROBE0_TYPE=1,PROBE1_TYPE=1,PROBE2_TYPE=1,PROBE3_TYPE=1,PROBE4_TYPE=1,PROBE5_TYPE=1)'. (C:/Users/Jing-XuanTan(i)/Downloads/evsoc-efinity-v2026.1.132/evsoc-efinity-v2026.1.132/cam_single/Ti60F225_dsi/work_dbg/debug_top.v:107)
[EFX-0201 WARNING] Re-wiring to GND non-driven net/port 'probe12[0]' in module 'edb_la_top_4d7af1946a1240d1a57b37522fa04df4(NUM_PROBES=6,DATA_DEPTH=4096,INPUT_PIPE_STAGES=1,UUID=128'b11110110011101111011100111000110110100111101100001000111100011011000101001100001001000100100110011011111011001010110101000011000,PROBE1_WIDTH=24,PROBE0_TYPE=1,PROBE1_TYPE=1,PROBE2_TYPE=1,PROBE3_TYPE=1,PROBE4_TYPE=1,PROBE5_TYPE=1)'. (C:/Users/Jing-XuanTan(i)/Downloads/evsoc-efinity-v2026.1.132/evsoc-efinity-v2026.1.132/cam_single/Ti60F225_dsi/work_dbg/debug_top.v:107)
[EFX-0201 WARNING] Re-wiring to GND non-driven net/port 'probe13[0]' in module 'edb_la_top_4d7af1946a1240d1a57b37522fa04df4(NUM_PROBES=6,DATA_DEPTH=4096,INPUT_PIPE_STAGES=1,UUID=128'b11110110011101111011100111000110110100111101100001000111100011011000101001100001001000100100110011011111011001010110101000011000,PROBE1_WIDTH=24,PROBE0_TYPE=1,PROBE1_TYPE=1,PROBE2_TYPE=1,PROBE3_TYPE=1,PROBE4_TYPE=1,PROBE5_TYPE=1)'. (C:/Users/Jing-XuanTan(i)/Downloads/evsoc-efinity-v2026.1.132/evsoc-efinity-v2026.1.132/cam_single/Ti60F225_dsi/work_dbg/debug_top.v:107)
[EFX-0201 WARNING] Re-wiring to GND non-driven net/port 'probe14[0]' in module 'edb_la_top_4d7af1946a1240d1a57b37522fa04df4(NUM_PROBES=6,DATA_DEPTH=4096,INPUT_PIPE_STAGES=1,UUID=128'b11110110011101111011100111000110110100111101100001000111100011011000101001100001001000100100110011011111011001010110101000011000,PROBE1_WIDTH=24,PROBE0_TYPE=1,PROBE1_TYPE=1,PROBE2_TYPE=1,PROBE3_TYPE=1,PROBE4_TYPE=1,PROBE5_TYPE=1)'. (C:/Users/Jing-XuanTan(i)/Downloads/evsoc-efinity-v2026.1.132/evsoc-efinity-v2026.1.132/cam_single/Ti60F225_dsi/work_dbg/debug_top.v:107)
[EFX-0201 WARNING] Re-wiring to GND non-driven net/port 'probe15[0]' in module 'edb_la_top_4d7af1946a1240d1a57b37522fa04df4(NUM_PROBES=6,DATA_DEPTH=4096,INPUT_PIPE_STAGES=1,UUID=128'b11110110011101111011100111000110110100111101100001000111100011011000101001100001001000100100110011011111011001010110101000011000,PROBE1_WIDTH=24,PROBE0_TYPE=1,PROBE1_TYPE=1,PROBE2_TYPE=1,PROBE3_TYPE=1,PROBE4_TYPE=1,PROBE5_TYPE=1)'. (C:/Users/Jing-XuanTan(i)/Downloads/evsoc-efinity-v2026.1.132/evsoc-efinity-v2026.1.132/cam_single/Ti60F225_dsi/work_dbg/debug_top.v:107)
[EFX-0011 VERI-WARNING] Input/inout port bscan_DRCK is unconnected. Place and route may remove this unconnected port. (VDB-8003) (C:/Users/Jing-XuanTan(i)/Downloads/evsoc-efinity-v2026.1.132/evsoc-efinity-v2026.1.132/cam_single/Ti60F225_dsi/work_dbg/debug_top.v:17)
[EFX-0011 VERI-WARNING] Input/inout port bscan_RUNTEST is unconnected. Place and route may remove this unconnected port. (VDB-8003) (C:/Users/Jing-XuanTan(i)/Downloads/evsoc-efinity-v2026.1.132/evsoc-efinity-v2026.1.132/cam_single/Ti60F225_dsi/work_dbg/debug_top.v:19)
[EFX-0011 VERI-WARNING] Input/inout port bscan_TMS is unconnected. Place and route may remove this unconnected port. (VDB-8003) (C:/Users/Jing-XuanTan(i)/Downloads/evsoc-efinity-v2026.1.132/evsoc-efinity-v2026.1.132/cam_single/Ti60F225_dsi/work_dbg/debug_top.v:24)
[EFX-0011 VERI-WARNING] Found 3 warnings in the post-synthesis netlist. 

///////////////////////////////////
// Efinity Synthesis Started 
// Oct 07, 2026 15:06:09
///////////////////////////////////

[EFX-0200 WARNING] Removing redundant signal : Rx_HS_D_2[7:0]. (C:\Users\Jing-XuanTan(i)\Downloads\evsoc-efinity-v2026.1.132\evsoc-efinity-v2026.1.132\cam_single\Ti60F225_dsi\ip\csi2_rx_cam\csi2_rx_cam.sv:6307)
[EFX-0200 WARNING] Removing redundant signal : Rx_HS_D_3[7:0]. (C:\Users\Jing-XuanTan(i)\Downloads\evsoc-efinity-v2026.1.132\evsoc-efinity-v2026.1.132\cam_single\Ti60F225_dsi\ip\csi2_rx_cam\csi2_rx_cam.sv:6307)
[EFX-0200 WARNING] Removing redundant signal : Rx_HS_D_4[7:0]. (C:\Users\Jing-XuanTan(i)\Downloads\evsoc-efinity-v2026.1.132\evsoc-efinity-v2026.1.132\cam_single\Ti60F225_dsi\ip\csi2_rx_cam\csi2_rx_cam.sv:6307)
[EFX-0200 WARNING] Removing redundant signal : Rx_HS_D_5[7:0]. (C:\Users\Jing-XuanTan(i)\Downloads\evsoc-efinity-v2026.1.132\evsoc-efinity-v2026.1.132\cam_single\Ti60F225_dsi\ip\csi2_rx_cam\csi2_rx_cam.sv:6307)
[EFX-0200 WARNING] Removing redundant signal : Rx_HS_D_6[7:0]. (C:\Users\Jing-XuanTan(i)\Downloads\evsoc-efinity-v2026.1.132\evsoc-efinity-v2026.1.132\cam_single\Ti60F225_dsi\ip\csi2_rx_cam\csi2_rx_cam.sv:6307)
[EFX-0200 WARNING] Removing redundant signal : Rx_HS_D_7[7:0]. (C:\Users\Jing-XuanTan(i)\Downloads\evsoc-efinity-v2026.1.132\evsoc-efinity-v2026.1.132\cam_single\Ti60F225_dsi\ip\csi2_rx_cam\csi2_rx_cam.sv:6307)
[EFX-0200 WARNING] Removing redundant signal : u_dly_enable_D[1:0]. (C:\Users\Jing-XuanTan(i)\Downloads\evsoc-efinity-v2026.1.132\evsoc-efinity-v2026.1.132\cam_single\Ti60F225_dsi\ip\csi2_rx_cam\csi2_rx_cam.sv:6307)
[EFX-0200 WARNING] Removing redundant signal : u_dly_inc_D[1:0]. (C:\Users\Jing-XuanTan(i)\Downloads\evsoc-efinity-v2026.1.132\evsoc-efinity-v2026.1.132\cam_single\Ti60F225_dsi\ip\csi2_rx_cam\csi2_rx_cam.sv:6307)
[EFX-0200 WARNING] Removing redundant signal : axi_awaddr[1:0]. (C:\Users\Jing-XuanTan(i)\Downloads\evsoc-efinity-v2026.1.132\evsoc-efinity-v2026.1.132\cam_single\Ti60F225_dsi\ip\csi2_rx_cam\csi2_rx_cam.sv:5564)
[EFX-0200 WARNING] Removing redundant signal : axi_araddr[1:0]. (C:\Users\Jing-XuanTan(i)\Downloads\evsoc-efinity-v2026.1.132\evsoc-efinity-v2026.1.132\cam_single\Ti60F225_dsi\ip\csi2_rx_cam\csi2_rx_cam.sv:5564)
[EFX-0200 WARNING] Removing redundant signal : loc_rdata[31:0]. (C:\Users\Jing-XuanTan(i)\Downloads\evsoc-efinity-v2026.1.132\evsoc-efinity-v2026.1.132\cam_single\Ti60F225_dsi\ip\csi2_rx_cam\csi2_rx_cam.sv:5564)
[EFX-0200 WARNING] Removing redundant signal : nextCRC16_D16[15:0]. (C:\Users\Jing-XuanTan(i)\Downloads\evsoc-efinity-v2026.1.132\evsoc-efinity-v2026.1.132\cam_single\Ti60F225_dsi\ip\csi2_rx_cam\csi2_rx_cam.sv:1466)
[EFX-0200 WARNING] Removing redundant signal : nextCRC16_D16.Data[15:0]. (C:\Users\Jing-XuanTan(i)\Downloads\evsoc-efinity-v2026.1.132\evsoc-efinity-v2026.1.132\cam_single\Ti60F225_dsi\ip\csi2_rx_cam\csi2_rx_cam.sv:1466)
[EFX-0200 WARNING] Removing redundant signal : nextCRC16_D16.fcrc[15:0]. (C:\Users\Jing-XuanTan(i)\Downloads\evsoc-efinity-v2026.1.132\evsoc-efinity-v2026.1.132\cam_single\Ti60F225_dsi\ip\csi2_rx_cam\csi2_rx_cam.sv:1466)
[EFX-0200 WARNING] Removing redundant signal : nextCRC16_D16.d[15:0]. (C:\Users\Jing-XuanTan(i)\Downloads\evsoc-efinity-v2026.1.132\evsoc-efinity-v2026.1.132\cam_single\Ti60F225_dsi\ip\csi2_rx_cam\csi2_rx_cam.sv:1466)
[EFX-0200 WARNING] Removing redundant signal : nextCRC16_D16.c[15:0]. (C:\Users\Jing-XuanTan(i)\Downloads\evsoc-efinity-v2026.1.132\evsoc-efinity-v2026.1.132\cam_single\Ti60F225_dsi\ip\csi2_rx_cam\csi2_rx_cam.sv:1466)
[EFX-0200 WARNING] Removing redundant signal : nextCRC16_D16.newcrc[15:0]. (C:\Users\Jing-XuanTan(i)\Downloads\evsoc-efinity-v2026.1.132\evsoc-efinity-v2026.1.132\cam_single\Ti60F225_dsi\ip\csi2_rx_cam\csi2_rx_cam.sv:1466)
[EFX-0200 WARNING] Removing redundant signal : nextCRC16_D8[15:0]. (C:\Users\Jing-XuanTan(i)\Downloads\evsoc-efinity-v2026.1.132\evsoc-efinity-v2026.1.132\cam_single\Ti60F225_dsi\ip\csi2_rx_cam\csi2_rx_cam.sv:1466)
[EFX-0200 WARNING] Removing redundant signal : nextCRC16_D8.Data[7:0]. (C:\Users\Jing-XuanTan(i)\Downloads\evsoc-efinity-v2026.1.132\evsoc-efinity-v2026.1.132\cam_single\Ti60F225_dsi\ip\csi2_rx_cam\csi2_rx_cam.sv:1466)
[EFX-0200 WARNING] Removing redundant signal : nextCRC16_D8.fcrc[15:0]. (C:\Users\Jing-XuanTan(i)\Downloads\evsoc-efinity-v2026.1.132\evsoc-efinity-v2026.1.132\cam_single\Ti60F225_dsi\ip\csi2_rx_cam\csi2_rx_cam.sv:1466)
[EFX-0201 WARNING] Re-wiring to GND non-driven net/port 'a_wr_rst_i' in module 'efx_fifo_top_077823fa68f649b1a7074c944568f3e4(FAMILY="TITANIUM",SYNC_CLK=1,DATA_WIDTH=40,PIPELINE_REG=0,OUTPUT_REG=1,PROGRAMMABLE_FULL="NONE",PROG_FULL_ASSERT=510,PROG_FULL_NEGATE=510,PROGRAMMABLE_EMPTY="NONE",PROG_EMPTY_ASSERT=2,PROG_EMPTY_NEGATE=3)'. (C:\Users\Jing-XuanTan(i)\Downloads\evsoc-efinity-v2026.1.132\evsoc-efinity-v2026.1.132\cam_single\Ti60F225_dsi\ip\cam_pixel_remap_fifo\cam_pixel_remap_fifo.sv:92)
[EFX-0201 WARNING] Re-wiring to GND non-driven net/port 'a_rd_rst_i' in module 'efx_fifo_top_077823fa68f649b1a7074c944568f3e4(FAMILY="TITANIUM",SYNC_CLK=1,DATA_WIDTH=40,PIPELINE_REG=0,OUTPUT_REG=1,PROGRAMMABLE_FULL="NONE",PROG_FULL_ASSERT=510,PROG_FULL_NEGATE=510,PROGRAMMABLE_EMPTY="NONE",PROG_EMPTY_ASSERT=2,PROG_EMPTY_NEGATE=3)'. (C:\Users\Jing-XuanTan(i)\Downloads\evsoc-efinity-v2026.1.132\evsoc-efinity-v2026.1.132\cam_single\Ti60F225_dsi\ip\cam_pixel_remap_fifo\cam_pixel_remap_fifo.sv:92)
[EFX-0201 WARNING] Re-wiring to GND non-driven net/port 'wr_clk_i' in module 'efx_fifo_top_077823fa68f649b1a7074c944568f3e4(FAMILY="TITANIUM",SYNC_CLK=1,DATA_WIDTH=40,PIPELINE_REG=0,OUTPUT_REG=1,PROGRAMMABLE_FULL="NONE",PROG_FULL_ASSERT=510,PROG_FULL_NEGATE=510,PROGRAMMABLE_EMPTY="NONE",PROG_EMPTY_ASSERT=2,PROG_EMPTY_NEGATE=3)'. (C:\Users\Jing-XuanTan(i)\Downloads\evsoc-efinity-v2026.1.132\evsoc-efinity-v2026.1.132\cam_single\Ti60F225_dsi\ip\cam_pixel_remap_fifo\cam_pixel_remap_fifo.sv:92)
[EFX-0201 WARNING] Re-wiring to GND non-driven net/port 'rd_clk_i' in module 'efx_fifo_top_077823fa68f649b1a7074c944568f3e4(FAMILY="TITANIUM",SYNC_CLK=1,DATA_WIDTH=40,PIPELINE_REG=0,OUTPUT_REG=1,PROGRAMMABLE_FULL="NONE",PROG_FULL_ASSERT=510,PROG_FULL_NEGATE=510,PROGRAMMABLE_EMPTY="NONE",PROG_EMPTY_ASSERT=2,PROG_EMPTY_NEGATE=3)'. (C:\Users\Jing-XuanTan(i)\Downloads\evsoc-efinity-v2026.1.132\evsoc-efinity-v2026.1.132\cam_single\Ti60F225_dsi\ip\cam_pixel_remap_fifo\cam_pixel_remap_fifo.sv:92)
[EFX-0201 WARNING] Re-wiring to GND non-driven net/port 'r_registers[12][31]' in module 'axi_lite_register(S_AXI_WSTRB_WIDTH=4)'. (C:\Users\Jing-XuanTan(i)\Downloads\evsoc-efinity-v2026.1.132\evsoc-efinity-v2026.1.132\cam_single\Ti60F225_dsi\source/isp/axi_lite_register.sv:99)
[EFX-0201 WARNING] Re-wiring to GND non-driven net/port 'r_registers[12][30]' in module 'axi_lite_register(S_AXI_WSTRB_WIDTH=4)'. (C:\Users\Jing-XuanTan(i)\Downloads\evsoc-efinity-v2026.1.132\evsoc-efinity-v2026.1.132\cam_single\Ti60F225_dsi\source/isp/axi_lite_register.sv:99)
[EFX-0201 WARNING] Re-wiring to GND non-driven net/port 'r_registers[12][29]' in module 'axi_lite_register(S_AXI_WSTRB_WIDTH=4)'. (C:\Users\Jing-XuanTan(i)\Downloads\evsoc-efinity-v2026.1.132\evsoc-efinity-v2026.1.132\cam_single\Ti60F225_dsi\source/isp/axi_lite_register.sv:99)
[EFX-0201 WARNING] Re-wiring to GND non-driven net/port 'r_registers[12][28]' in module 'axi_lite_register(S_AXI_WSTRB_WIDTH=4)'. (C:\Users\Jing-XuanTan(i)\Downloads\evsoc-efinity-v2026.1.132\evsoc-efinity-v2026.1.132\cam_single\Ti60F225_dsi\source/isp/axi_lite_register.sv:99)
[EFX-0201 WARNING] Re-wiring to GND non-driven net/port 'r_registers[12][27]' in module 'axi_lite_register(S_AXI_WSTRB_WIDTH=4)'. (C:\Users\Jing-XuanTan(i)\Downloads\evsoc-efinity-v2026.1.132\evsoc-efinity-v2026.1.132\cam_single\Ti60F225_dsi\source/isp/axi_lite_register.sv:99)
[EFX-0201 WARNING] Re-wiring to GND non-driven net/port 'r_registers[12][26]' in module 'axi_lite_register(S_AXI_WSTRB_WIDTH=4)'. (C:\Users\Jing-XuanTan(i)\Downloads\evsoc-efinity-v2026.1.132\evsoc-efinity-v2026.1.132\cam_single\Ti60F225_dsi\source/isp/axi_lite_register.sv:99)
[EFX-0657 WARNING] Mapping into logic memory block 'pipe_0_center' (28 bits) (C:\Users\Jing-XuanTan(i)\Downloads\evsoc-efinity-v2026.1.132\evsoc-efinity-v2026.1.132\cam_single\Ti60F225_dsi\source/isp/demosaic.sv:68) because size is too small (<=64)
[EFX-0657 WARNING] Mapping into logic memory block 'pipe_0_outer_horizontal' (28 bits) (C:\Users\Jing-XuanTan(i)\Downloads\evsoc-efinity-v2026.1.132\evsoc-efinity-v2026.1.132\cam_single\Ti60F225_dsi\source/isp/demosaic.sv:69) because size is too small (<=64)
[EFX-0657 WARNING] Mapping into logic memory block 'pipe_0_outer_vertical' (28 bits) (C:\Users\Jing-XuanTan(i)\Downloads\evsoc-efinity-v2026.1.132\evsoc-efinity-v2026.1.132\cam_single\Ti60F225_dsi\source/isp/demosaic.sv:70) because size is too small (<=64)
[EFX-0657 WARNING] Mapping into logic memory block 'pipe_0_inner_horizontal' (28 bits) (C:\Users\Jing-XuanTan(i)\Downloads\evsoc-efinity-v2026.1.132\evsoc-efinity-v2026.1.132\cam_single\Ti60F225_dsi\source/isp/demosaic.sv:71) because size is too small (<=64)
[EFX-0657 WARNING] Mapping into logic memory block 'pipe_0_inner_vertical' (28 bits) (C:\Users\Jing-XuanTan(i)\Downloads\evsoc-efinity-v2026.1.132\evsoc-efinity-v2026.1.132\cam_single\Ti60F225_dsi\source/isp/demosaic.sv:72) because size is too small (<=64)
[EFX-0657 WARNING] Mapping into logic memory block 'pipe_0_inner_top' (28 bits) (C:\Users\Jing-XuanTan(i)\Downloads\evsoc-efinity-v2026.1.132\evsoc-efinity-v2026.1.132\cam_single\Ti60F225_dsi\source/isp/demosaic.sv:73) because size is too small (<=64)
[EFX-0657 WARNING] Mapping into logic memory block 'pipe_0_inner_bottom' (28 bits) (C:\Users\Jing-XuanTan(i)\Downloads\evsoc-efinity-v2026.1.132\evsoc-efinity-v2026.1.132\cam_single\Ti60F225_dsi\source/isp/demosaic.sv:74) because size is too small (<=64)
[EFX-0657 WARNING] Mapping into logic memory block 'pipe_1_center' (36 bits) (C:\Users\Jing-XuanTan(i)\Downloads\evsoc-efinity-v2026.1.132\evsoc-efinity-v2026.1.132\cam_single\Ti60F225_dsi\source/isp/demosaic.sv:80) because size is too small (<=64)
[EFX-0657 WARNING] Mapping into logic memory block 'pipe_1_center_x5' (36 bits) (C:\Users\Jing-XuanTan(i)\Downloads\evsoc-efinity-v2026.1.132\evsoc-efinity-v2026.1.132\cam_single\Ti60F225_dsi\source/isp/demosaic.sv:81) because size is too small (<=64)
[EFX-0657 WARNING] Mapping into logic memory block 'pipe_1_center_x6' (36 bits) (C:\Users\Jing-XuanTan(i)\Downloads\evsoc-efinity-v2026.1.132\evsoc-efinity-v2026.1.132\cam_single\Ti60F225_dsi\source/isp/demosaic.sv:82) because size is too small (<=64)
[EFX-0657 WARNING] Mapping into logic memory block 'pipe_1_outer_horizontal' (36 bits) (C:\Users\Jing-XuanTan(i)\Downloads\evsoc-efinity-v2026.1.132\evsoc-efinity-v2026.1.132\cam_single\Ti60F225_dsi\source/isp/demosaic.sv:83) because size is too small (<=64)
[EFX-0657 WARNING] Mapping into logic memory block 'pipe_1_outer_vertical' (36 bits) (C:\Users\Jing-XuanTan(i)\Downloads\evsoc-efinity-v2026.1.132\evsoc-efinity-v2026.1.132\cam_single\Ti60F225_dsi\source/isp/demosaic.sv:84) because size is too small (<=64)
[EFX-0657 WARNING] Mapping into logic memory block 'pipe_1_outer_cross' (36 bits) (C:\Users\Jing-XuanTan(i)\Downloads\evsoc-efinity-v2026.1.132\evsoc-efinity-v2026.1.132\cam_single\Ti60F225_dsi\source/isp/demosaic.sv:85) because size is too small (<=64)
[EFX-0657 WARNING] Mapping into logic memory block 'pipe_1_inner_h_outer_v_x2' (36 bits) (C:\Users\Jing-XuanTan(i)\Downloads\evsoc-efinity-v2026.1.132\evsoc-efinity-v2026.1.132\cam_single\Ti60F225_dsi\source/isp/demosaic.sv:86) because size is too small (<=64)
[EFX-0657 WARNING] Mapping into logic memory block 'pipe_1_inner_v_outer_h_x2' (36 bits) (C:\Users\Jing-XuanTan(i)\Downloads\evsoc-efinity-v2026.1.132\evsoc-efinity-v2026.1.132\cam_single\Ti60F225_dsi\source/isp/demosaic.sv:87) because size is too small (<=64)
[EFX-0657 WARNING] Mapping into logic memory block 'pipe_1_inner_corner' (36 bits) (C:\Users\Jing-XuanTan(i)\Downloads\evsoc-efinity-v2026.1.132\evsoc-efinity-v2026.1.132\cam_single\Ti60F225_dsi\source/isp/demosaic.sv:88) because size is too small (<=64)
[EFX-0657 WARNING] Mapping into logic memory block 'pipe_1_inner_cross' (36 bits) (C:\Users\Jing-XuanTan(i)\Downloads\evsoc-efinity-v2026.1.132\evsoc-efinity-v2026.1.132\cam_single\Ti60F225_dsi\source/isp/demosaic.sv:89) because size is too small (<=64)
[EFX-0657 WARNING] Mapping into logic memory block 'pipe_2_center' (44 bits) (C:\Users\Jing-XuanTan(i)\Downloads\evsoc-efinity-v2026.1.132\evsoc-efinity-v2026.1.132\cam_single\Ti60F225_dsi\source/isp/demosaic.sv:95) because size is too small (<=64)
[EFX-0657 WARNING] Mapping into logic memory block 'pipe_2_center_cross_x2' (44 bits) (C:\Users\Jing-XuanTan(i)\Downloads\evsoc-efinity-v2026.1.132\evsoc-efinity-v2026.1.132\cam_single\Ti60F225_dsi\source/isp/demosaic.sv:96) because size is too small (<=64)
[EFX-0657 WARNING] Mapping into logic memory block 'pipe_2_outer_cross_x2' (44 bits) (C:\Users\Jing-XuanTan(i)\Downloads\evsoc-efinity-v2026.1.132\evsoc-efinity-v2026.1.132\cam_single\Ti60F225_dsi\source/isp/demosaic.sv:97) because size is too small (<=64)
[EFX-0657 WARNING] Mapping into logic memory block 'pipe_2_outer_cross_x3' (44 bits) (C:\Users\Jing-XuanTan(i)\Downloads\evsoc-efinity-v2026.1.132\evsoc-efinity-v2026.1.132\cam_single\Ti60F225_dsi\source/isp/demosaic.sv:98) because size is too small (<=64)
[EFX-0657 WARNING] Mapping into logic memory block 'pipe_2_inner_c_outer_h_x2' (44 bits) (C:\Users\Jing-XuanTan(i)\Downloads\evsoc-efinity-v2026.1.132\evsoc-efinity-v2026.1.132\cam_single\Ti60F225_dsi\source/isp/demosaic.sv:99) because size is too small (<=64)
[EFX-0657 WARNING] Mapping into logic memory block 'pipe_2_inner_c_outer_v_x2' (44 bits) (C:\Users\Jing-XuanTan(i)\Downloads\evsoc-efinity-v2026.1.132\evsoc-efinity-v2026.1.132\cam_single\Ti60F225_dsi\source/isp/demosaic.sv:100) because size is too small (<=64)
[EFX-0657 WARNING] Mapping into logic memory block 'pipe_2_rb_at_g1_x2' (44 bits) (C:\Users\Jing-XuanTan(i)\Downloads\evsoc-efinity-v2026.1.132\evsoc-efinity-v2026.1.132\cam_single\Ti60F225_dsi\source/isp/demosaic.sv:101) because size is too small (<=64)
[EFX-0657 WARNING] Mapping into logic memory block 'pipe_2_rb_at_g2_x2' (44 bits) (C:\Users\Jing-XuanTan(i)\Downloads\evsoc-efinity-v2026.1.132\evsoc-efinity-v2026.1.132\cam_single\Ti60F225_dsi\source/isp/demosaic.sv:102) because size is too small (<=64)
[EFX-0657 WARNING] Mapping into logic memory block 'pipe_2_rb_at_rb_x2' (44 bits) (C:\Users\Jing-XuanTan(i)\Downloads\evsoc-efinity-v2026.1.132\evsoc-efinity-v2026.1.132\cam_single\Ti60F225_dsi\source/isp/demosaic.sv:103) because size is too small (<=64)
[EFX-0657 WARNING] Mapping into logic memory block 'logic_progbufX_mem' (64 bits) (C:\Users\Jing-XuanTan(i)\Downloads\evsoc-efinity-v2026.1.132\evsoc-efinity-v2026.1.132\cam_single\Ti60F225_dsi\ip\SapphireSoc\SapphireSoc.v:12001) because size is too small (<=64)
[EFX-0657 WARNING] Mapping into logic memory block 'logic_ram' (64 bits) (C:\Users\Jing-XuanTan(i)\Downloads\evsoc-efinity-v2026.1.132\evsoc-efinity-v2026.1.132\cam_single\Ti60F225_dsi\ip\SapphireSoc\SapphireSoc.v:20390) because size is too small (<=64)
[EFX-0656 WARNING] Optimizing into logic zero initialized read-only memory block 'u_dma/u_EfxDMA/inputsAdapter_1_crossclock_fifo/ram__D$c1'. (C:\Users\Jing-XuanTan(i)\Downloads\evsoc-efinity-v2026.1.132\evsoc-efinity-v2026.1.132\cam_single\Ti60F225_dsi\ip\dma\dma.v:2839)
[EFX-0656 WARNING] Optimizing into logic zero initialized read-only memory block 'u_dma/u_EfxDMA/inputsAdapter_1_crossclock_fifo/ram__D$b12'. (C:\Users\Jing-XuanTan(i)\Downloads\evsoc-efinity-v2026.1.132\evsoc-efinity-v2026.1.132\cam_single\Ti60F225_dsi\ip\dma\dma.v:2839)
[EFX-0656 WARNING] Optimizing into logic zero initialized read-only memory block 'u_dma/u_EfxDMA/inputsAdapter_1_crossclock_fifo/ram__D$12'. (C:\Users\Jing-XuanTan(i)\Downloads\evsoc-efinity-v2026.1.132\evsoc-efinity-v2026.1.132\cam_single\Ti60F225_dsi\ip\dma\dma.v:2839)
[EFX-0656 WARNING] Optimizing into logic zero initialized read-only memory block 'u_dma/u_EfxDMA/inputsAdapter_1_crossclock_fifo/ram__D$2'. (C:\Users\Jing-XuanTan(i)\Downloads\evsoc-efinity-v2026.1.132\evsoc-efinity-v2026.1.132\cam_single\Ti60F225_dsi\ip\dma\dma.v:2839)

///////////////////////////////////
// Efinity Synthesis Started 
// Oct 07, 2026 15:33:07
///////////////////////////////////

[EFX-0011 VERI-WARNING] port 'probe14' remains unconnected for this instance (VERI-1927) (C:/Users/Jing-XuanTan(i)/Downloads/evsoc-efinity-v2026.1.132/evsoc-efinity-v2026.1.132/cam_single/Ti60F225_dsi/work_dbg/debug_top.v:166)
[EFX-0011 VERI-WARNING] input port 'probe14[0]' remains unconnected for this instance (VDB-1053) (C:/Users/Jing-XuanTan(i)/Downloads/evsoc-efinity-v2026.1.132/evsoc-efinity-v2026.1.132/cam_single/Ti60F225_dsi/work_dbg/debug_top.v:131)
[EFX-0200 WARNING] Removing redundant signal : compared_in[0]. (C:/Users/Jing-XuanTan(i)/Downloads/evsoc-efinity-v2026.1.132/evsoc-efinity-v2026.1.132/cam_single/Ti60F225_dsi/work_dbg/debug_top.v:5568)
[EFX-0200 WARNING] Removing redundant signal : mask_in[0]. (C:/Users/Jing-XuanTan(i)/Downloads/evsoc-efinity-v2026.1.132/evsoc-efinity-v2026.1.132/cam_single/Ti60F225_dsi/work_dbg/debug_top.v:5569)
[EFX-0200 WARNING] Removing redundant signal : trigger_in. (C:/Users/Jing-XuanTan(i)/Downloads/evsoc-efinity-v2026.1.132/evsoc-efinity-v2026.1.132/cam_single/Ti60F225_dsi/work_dbg/debug_top.v:5779)
[EFX-0200 WARNING] Removing redundant signal : clk. (C:/Users/Jing-XuanTan(i)/Downloads/evsoc-efinity-v2026.1.132/evsoc-efinity-v2026.1.132/cam_single/Ti60F225_dsi/work_dbg/debug_top.v:4602)
[EFX-0200 WARNING] Removing redundant signal : full. (C:/Users/Jing-XuanTan(i)/Downloads/evsoc-efinity-v2026.1.132/evsoc-efinity-v2026.1.132/cam_single/Ti60F225_dsi/work_dbg/debug_top.v:4656)
[EFX-0200 WARNING] Removing redundant signal : shift_i. (C:/Users/Jing-XuanTan(i)/Downloads/evsoc-efinity-v2026.1.132/evsoc-efinity-v2026.1.132/cam_single/Ti60F225_dsi/work_dbg/debug_top.v:4926)
[EFX-0200 WARNING] Removing redundant signal : trig_out. (C:/Users/Jing-XuanTan(i)/Downloads/evsoc-efinity-v2026.1.132/evsoc-efinity-v2026.1.132/cam_single/Ti60F225_dsi/work_dbg/debug_top.v:4943)
[EFX-0200 WARNING] Removing redundant signal : trig_out_ack. (C:/Users/Jing-XuanTan(i)/Downloads/evsoc-efinity-v2026.1.132/evsoc-efinity-v2026.1.132/cam_single/Ti60F225_dsi/work_dbg/debug_top.v:4944)
[EFX-0200 WARNING] Removing redundant signal : bscan_DRCK. (C:/Users/Jing-XuanTan(i)/Downloads/evsoc-efinity-v2026.1.132/evsoc-efinity-v2026.1.132/cam_single/Ti60F225_dsi/work_dbg/debug_top.v:1085)
[EFX-0200 WARNING] Removing redundant signal : bscan_RESET. (C:/Users/Jing-XuanTan(i)/Downloads/evsoc-efinity-v2026.1.132/evsoc-efinity-v2026.1.132/cam_single/Ti60F225_dsi/work_dbg/debug_top.v:1086)
[EFX-0200 WARNING] Removing redundant signal : bscan_RUNTEST. (C:/Users/Jing-XuanTan(i)/Downloads/evsoc-efinity-v2026.1.132/evsoc-efinity-v2026.1.132/cam_single/Ti60F225_dsi/work_dbg/debug_top.v:1087)
[EFX-0200 WARNING] Removing redundant signal : bscan_SEL. (C:/Users/Jing-XuanTan(i)/Downloads/evsoc-efinity-v2026.1.132/evsoc-efinity-v2026.1.132/cam_single/Ti60F225_dsi/work_dbg/debug_top.v:1088)
[EFX-0200 WARNING] Removing redundant signal : bscan_TMS. (C:/Users/Jing-XuanTan(i)/Downloads/evsoc-efinity-v2026.1.132/evsoc-efinity-v2026.1.132/cam_single/Ti60F225_dsi/work_dbg/debug_top.v:1092)
[EFX-0200 WARNING] Removing redundant signal : trig_in_ack. (C:/Users/Jing-XuanTan(i)/Downloads/evsoc-efinity-v2026.1.132/evsoc-efinity-v2026.1.132/cam_single/Ti60F225_dsi/work_dbg/debug_top.v:1104)
[EFX-0200 WARNING] Removing redundant signal : mux_capture_cmp[13:0]. (C:/Users/Jing-XuanTan(i)/Downloads/evsoc-efinity-v2026.1.132/evsoc-efinity-v2026.1.132/cam_single/Ti60F225_dsi/work_dbg/debug_top.v:3523)
[EFX-0200 WARNING] Removing redundant signal : bscan_CAPTURE. (C:/Users/Jing-XuanTan(i)/Downloads/evsoc-efinity-v2026.1.132/evsoc-efinity-v2026.1.132/cam_single/Ti60F225_dsi/work_dbg/debug_top.v:324)
[EFX-0200 WARNING] Removing redundant signal : bscan_DRCK. (C:/Users/Jing-XuanTan(i)/Downloads/evsoc-efinity-v2026.1.132/evsoc-efinity-v2026.1.132/cam_single/Ti60F225_dsi/work_dbg/debug_top.v:325)
[EFX-0200 WARNING] Removing redundant signal : bscan_RUNTEST. (C:/Users/Jing-XuanTan(i)/Downloads/evsoc-efinity-v2026.1.132/evsoc-efinity-v2026.1.132/cam_single/Ti60F225_dsi/work_dbg/debug_top.v:327)
[EFX-0200 WARNING] Removing redundant signal : bscan_TMS. (C:/Users/Jing-XuanTan(i)/Downloads/evsoc-efinity-v2026.1.132/evsoc-efinity-v2026.1.132/cam_single/Ti60F225_dsi/work_dbg/debug_top.v:332)
[EFX-0201 WARNING] Re-wiring to GND non-driven net/port 'probe14[0]' in module 'edb_la_top_078de2ae13804c9583da433acf69497c_renamed_due_excessive_length_1'. (C:/Users/Jing-XuanTan(i)/Downloads/evsoc-efinity-v2026.1.132/evsoc-efinity-v2026.1.132/cam_single/Ti60F225_dsi/work_dbg/debug_top.v:131)
[EFX-0201 WARNING] Re-wiring to GND non-driven net/port 'probe15[0]' in module 'edb_la_top_078de2ae13804c9583da433acf69497c_renamed_due_excessive_length_1'. (C:/Users/Jing-XuanTan(i)/Downloads/evsoc-efinity-v2026.1.132/evsoc-efinity-v2026.1.132/cam_single/Ti60F225_dsi/work_dbg/debug_top.v:131)
[EFX-0201 WARNING] Re-wiring to GND non-driven net/port 'probe16[0]' in module 'edb_la_top_078de2ae13804c9583da433acf69497c_renamed_due_excessive_length_1'. (C:/Users/Jing-XuanTan(i)/Downloads/evsoc-efinity-v2026.1.132/evsoc-efinity-v2026.1.132/cam_single/Ti60F225_dsi/work_dbg/debug_top.v:131)
[EFX-0201 WARNING] Re-wiring to GND non-driven net/port 'probe17[0]' in module 'edb_la_top_078de2ae13804c9583da433acf69497c_renamed_due_excessive_length_1'. (C:/Users/Jing-XuanTan(i)/Downloads/evsoc-efinity-v2026.1.132/evsoc-efinity-v2026.1.132/cam_single/Ti60F225_dsi/work_dbg/debug_top.v:131)
[EFX-0201 WARNING] Re-wiring to GND non-driven net/port 'probe18[0]' in module 'edb_la_top_078de2ae13804c9583da433acf69497c_renamed_due_excessive_length_1'. (C:/Users/Jing-XuanTan(i)/Downloads/evsoc-efinity-v2026.1.132/evsoc-efinity-v2026.1.132/cam_single/Ti60F225_dsi/work_dbg/debug_top.v:131)
[EFX-0201 WARNING] Re-wiring to GND non-driven net/port 'probe19[0]' in module 'edb_la_top_078de2ae13804c9583da433acf69497c_renamed_due_excessive_length_1'. (C:/Users/Jing-XuanTan(i)/Downloads/evsoc-efinity-v2026.1.132/evsoc-efinity-v2026.1.132/cam_single/Ti60F225_dsi/work_dbg/debug_top.v:131)
[EFX-0201 WARNING] Re-wiring to GND non-driven net/port 'probe20[0]' in module 'edb_la_top_078de2ae13804c9583da433acf69497c_renamed_due_excessive_length_1'. (C:/Users/Jing-XuanTan(i)/Downloads/evsoc-efinity-v2026.1.132/evsoc-efinity-v2026.1.132/cam_single/Ti60F225_dsi/work_dbg/debug_top.v:131)
[EFX-0201 WARNING] Re-wiring to GND non-driven net/port 'probe21[0]' in module 'edb_la_top_078de2ae13804c9583da433acf69497c_renamed_due_excessive_length_1'. (C:/Users/Jing-XuanTan(i)/Downloads/evsoc-efinity-v2026.1.132/evsoc-efinity-v2026.1.132/cam_single/Ti60F225_dsi/work_dbg/debug_top.v:131)
[EFX-0201 WARNING] Re-wiring to GND non-driven net/port 'probe22[0]' in module 'edb_la_top_078de2ae13804c9583da433acf69497c_renamed_due_excessive_length_1'. (C:/Users/Jing-XuanTan(i)/Downloads/evsoc-efinity-v2026.1.132/evsoc-efinity-v2026.1.132/cam_single/Ti60F225_dsi/work_dbg/debug_top.v:131)
[EFX-0201 WARNING] Re-wiring to GND non-driven net/port 'probe23[0]' in module 'edb_la_top_078de2ae13804c9583da433acf69497c_renamed_due_excessive_length_1'. (C:/Users/Jing-XuanTan(i)/Downloads/evsoc-efinity-v2026.1.132/evsoc-efinity-v2026.1.132/cam_single/Ti60F225_dsi/work_dbg/debug_top.v:131)
[EFX-0011 VERI-WARNING] Input/inout port bscan_DRCK is unconnected. Place and route may remove this unconnected port. (VDB-8003) (C:/Users/Jing-XuanTan(i)/Downloads/evsoc-efinity-v2026.1.132/evsoc-efinity-v2026.1.132/cam_single/Ti60F225_dsi/work_dbg/debug_top.v:17)
[EFX-0011 VERI-WARNING] Input/inout port bscan_RUNTEST is unconnected. Place and route may remove this unconnected port. (VDB-8003) (C:/Users/Jing-XuanTan(i)/Downloads/evsoc-efinity-v2026.1.132/evsoc-efinity-v2026.1.132/cam_single/Ti60F225_dsi/work_dbg/debug_top.v:19)
[EFX-0011 VERI-WARNING] Input/inout port bscan_TMS is unconnected. Place and route may remove this unconnected port. (VDB-8003) (C:/Users/Jing-XuanTan(i)/Downloads/evsoc-efinity-v2026.1.132/evsoc-efinity-v2026.1.132/cam_single/Ti60F225_dsi/work_dbg/debug_top.v:24)
[EFX-0011 VERI-WARNING] Found 3 warnings in the post-synthesis netlist. 

///////////////////////////////////
// Efinity Synthesis Started 
// Oct 07, 2026 15:33:21
///////////////////////////////////

[EFX-0200 WARNING] Removing redundant signal : Rx_HS_D_2[7:0]. (C:\Users\Jing-XuanTan(i)\Downloads\evsoc-efinity-v2026.1.132\evsoc-efinity-v2026.1.132\cam_single\Ti60F225_dsi\ip\csi2_rx_cam\csi2_rx_cam.sv:6307)
[EFX-0200 WARNING] Removing redundant signal : Rx_HS_D_3[7:0]. (C:\Users\Jing-XuanTan(i)\Downloads\evsoc-efinity-v2026.1.132\evsoc-efinity-v2026.1.132\cam_single\Ti60F225_dsi\ip\csi2_rx_cam\csi2_rx_cam.sv:6307)
[EFX-0200 WARNING] Removing redundant signal : Rx_HS_D_4[7:0]. (C:\Users\Jing-XuanTan(i)\Downloads\evsoc-efinity-v2026.1.132\evsoc-efinity-v2026.1.132\cam_single\Ti60F225_dsi\ip\csi2_rx_cam\csi2_rx_cam.sv:6307)
[EFX-0200 WARNING] Removing redundant signal : Rx_HS_D_5[7:0]. (C:\Users\Jing-XuanTan(i)\Downloads\evsoc-efinity-v2026.1.132\evsoc-efinity-v2026.1.132\cam_single\Ti60F225_dsi\ip\csi2_rx_cam\csi2_rx_cam.sv:6307)
[EFX-0200 WARNING] Removing redundant signal : Rx_HS_D_6[7:0]. (C:\Users\Jing-XuanTan(i)\Downloads\evsoc-efinity-v2026.1.132\evsoc-efinity-v2026.1.132\cam_single\Ti60F225_dsi\ip\csi2_rx_cam\csi2_rx_cam.sv:6307)
[EFX-0200 WARNING] Removing redundant signal : Rx_HS_D_7[7:0]. (C:\Users\Jing-XuanTan(i)\Downloads\evsoc-efinity-v2026.1.132\evsoc-efinity-v2026.1.132\cam_single\Ti60F225_dsi\ip\csi2_rx_cam\csi2_rx_cam.sv:6307)
[EFX-0200 WARNING] Removing redundant signal : u_dly_enable_D[1:0]. (C:\Users\Jing-XuanTan(i)\Downloads\evsoc-efinity-v2026.1.132\evsoc-efinity-v2026.1.132\cam_single\Ti60F225_dsi\ip\csi2_rx_cam\csi2_rx_cam.sv:6307)
[EFX-0200 WARNING] Removing redundant signal : u_dly_inc_D[1:0]. (C:\Users\Jing-XuanTan(i)\Downloads\evsoc-efinity-v2026.1.132\evsoc-efinity-v2026.1.132\cam_single\Ti60F225_dsi\ip\csi2_rx_cam\csi2_rx_cam.sv:6307)
[EFX-0200 WARNING] Removing redundant signal : axi_awaddr[1:0]. (C:\Users\Jing-XuanTan(i)\Downloads\evsoc-efinity-v2026.1.132\evsoc-efinity-v2026.1.132\cam_single\Ti60F225_dsi\ip\csi2_rx_cam\csi2_rx_cam.sv:5564)
[EFX-0200 WARNING] Removing redundant signal : axi_araddr[1:0]. (C:\Users\Jing-XuanTan(i)\Downloads\evsoc-efinity-v2026.1.132\evsoc-efinity-v2026.1.132\cam_single\Ti60F225_dsi\ip\csi2_rx_cam\csi2_rx_cam.sv:5564)
[EFX-0200 WARNING] Removing redundant signal : loc_rdata[31:0]. (C:\Users\Jing-XuanTan(i)\Downloads\evsoc-efinity-v2026.1.132\evsoc-efinity-v2026.1.132\cam_single\Ti60F225_dsi\ip\csi2_rx_cam\csi2_rx_cam.sv:5564)
[EFX-0200 WARNING] Removing redundant signal : nextCRC16_D8.d[7:0]. (C:\Users\Jing-XuanTan(i)\Downloads\evsoc-efinity-v2026.1.132\evsoc-efinity-v2026.1.132\cam_single\Ti60F225_dsi\ip\csi2_rx_cam\csi2_rx_cam.sv:1466)
[EFX-0200 WARNING] Removing redundant signal : nextCRC16_D8.c[15:0]. (C:\Users\Jing-XuanTan(i)\Downloads\evsoc-efinity-v2026.1.132\evsoc-efinity-v2026.1.132\cam_single\Ti60F225_dsi\ip\csi2_rx_cam\csi2_rx_cam.sv:1466)
[EFX-0200 WARNING] Removing redundant signal : nextCRC16_D8.newcrc[15:0]. (C:\Users\Jing-XuanTan(i)\Downloads\evsoc-efinity-v2026.1.132\evsoc-efinity-v2026.1.132\cam_single\Ti60F225_dsi\ip\csi2_rx_cam\csi2_rx_cam.sv:1466)
[EFX-0200 WARNING] Removing redundant signal : nextCRC16_D16[15:0]. (C:\Users\Jing-XuanTan(i)\Downloads\evsoc-efinity-v2026.1.132\evsoc-efinity-v2026.1.132\cam_single\Ti60F225_dsi\ip\csi2_rx_cam\csi2_rx_cam.sv:1466)
[EFX-0200 WARNING] Removing redundant signal : nextCRC16_D16.Data[15:0]. (C:\Users\Jing-XuanTan(i)\Downloads\evsoc-efinity-v2026.1.132\evsoc-efinity-v2026.1.132\cam_single\Ti60F225_dsi\ip\csi2_rx_cam\csi2_rx_cam.sv:1466)
[EFX-0200 WARNING] Removing redundant signal : nextCRC16_D16.fcrc[15:0]. (C:\Users\Jing-XuanTan(i)\Downloads\evsoc-efinity-v2026.1.132\evsoc-efinity-v2026.1.132\cam_single\Ti60F225_dsi\ip\csi2_rx_cam\csi2_rx_cam.sv:1466)
[EFX-0200 WARNING] Removing redundant signal : nextCRC16_D16.d[15:0]. (C:\Users\Jing-XuanTan(i)\Downloads\evsoc-efinity-v2026.1.132\evsoc-efinity-v2026.1.132\cam_single\Ti60F225_dsi\ip\csi2_rx_cam\csi2_rx_cam.sv:1466)
[EFX-0200 WARNING] Removing redundant signal : nextCRC16_D16.c[15:0]. (C:\Users\Jing-XuanTan(i)\Downloads\evsoc-efinity-v2026.1.132\evsoc-efinity-v2026.1.132\cam_single\Ti60F225_dsi\ip\csi2_rx_cam\csi2_rx_cam.sv:1466)
[EFX-0200 WARNING] Removing redundant signal : nextCRC16_D16.newcrc[15:0]. (C:\Users\Jing-XuanTan(i)\Downloads\evsoc-efinity-v2026.1.132\evsoc-efinity-v2026.1.132\cam_single\Ti60F225_dsi\ip\csi2_rx_cam\csi2_rx_cam.sv:1466)
[EFX-0201 WARNING] Re-wiring to GND non-driven net/port 'a_wr_rst_i' in module 'efx_fifo_top_077823fa68f649b1a7074c944568f3e4(FAMILY="TITANIUM",SYNC_CLK=1,DATA_WIDTH=40,PIPELINE_REG=0,OUTPUT_REG=1,PROGRAMMABLE_FULL="NONE",PROG_FULL_ASSERT=510,PROG_FULL_NEGATE=510,PROGRAMMABLE_EMPTY="NONE",PROG_EMPTY_ASSERT=2,PROG_EMPTY_NEGATE=3)'. (C:\Users\Jing-XuanTan(i)\Downloads\evsoc-efinity-v2026.1.132\evsoc-efinity-v2026.1.132\cam_single\Ti60F225_dsi\ip\cam_pixel_remap_fifo\cam_pixel_remap_fifo.sv:92)
[EFX-0201 WARNING] Re-wiring to GND non-driven net/port 'a_rd_rst_i' in module 'efx_fifo_top_077823fa68f649b1a7074c944568f3e4(FAMILY="TITANIUM",SYNC_CLK=1,DATA_WIDTH=40,PIPELINE_REG=0,OUTPUT_REG=1,PROGRAMMABLE_FULL="NONE",PROG_FULL_ASSERT=510,PROG_FULL_NEGATE=510,PROGRAMMABLE_EMPTY="NONE",PROG_EMPTY_ASSERT=2,PROG_EMPTY_NEGATE=3)'. (C:\Users\Jing-XuanTan(i)\Downloads\evsoc-efinity-v2026.1.132\evsoc-efinity-v2026.1.132\cam_single\Ti60F225_dsi\ip\cam_pixel_remap_fifo\cam_pixel_remap_fifo.sv:92)
[EFX-0201 WARNING] Re-wiring to GND non-driven net/port 'wr_clk_i' in module 'efx_fifo_top_077823fa68f649b1a7074c944568f3e4(FAMILY="TITANIUM",SYNC_CLK=1,DATA_WIDTH=40,PIPELINE_REG=0,OUTPUT_REG=1,PROGRAMMABLE_FULL="NONE",PROG_FULL_ASSERT=510,PROG_FULL_NEGATE=510,PROGRAMMABLE_EMPTY="NONE",PROG_EMPTY_ASSERT=2,PROG_EMPTY_NEGATE=3)'. (C:\Users\Jing-XuanTan(i)\Downloads\evsoc-efinity-v2026.1.132\evsoc-efinity-v2026.1.132\cam_single\Ti60F225_dsi\ip\cam_pixel_remap_fifo\cam_pixel_remap_fifo.sv:92)
[EFX-0201 WARNING] Re-wiring to GND non-driven net/port 'rd_clk_i' in module 'efx_fifo_top_077823fa68f649b1a7074c944568f3e4(FAMILY="TITANIUM",SYNC_CLK=1,DATA_WIDTH=40,PIPELINE_REG=0,OUTPUT_REG=1,PROGRAMMABLE_FULL="NONE",PROG_FULL_ASSERT=510,PROG_FULL_NEGATE=510,PROGRAMMABLE_EMPTY="NONE",PROG_EMPTY_ASSERT=2,PROG_EMPTY_NEGATE=3)'. (C:\Users\Jing-XuanTan(i)\Downloads\evsoc-efinity-v2026.1.132\evsoc-efinity-v2026.1.132\cam_single\Ti60F225_dsi\ip\cam_pixel_remap_fifo\cam_pixel_remap_fifo.sv:92)
[EFX-0201 WARNING] Re-wiring to GND non-driven net/port 'r_registers[12][31]' in module 'axi_lite_register(S_AXI_WSTRB_WIDTH=4)'. (C:\Users\Jing-XuanTan(i)\Downloads\evsoc-efinity-v2026.1.132\evsoc-efinity-v2026.1.132\cam_single\Ti60F225_dsi\source/isp/axi_lite_register.sv:99)
[EFX-0201 WARNING] Re-wiring to GND non-driven net/port 'r_registers[12][30]' in module 'axi_lite_register(S_AXI_WSTRB_WIDTH=4)'. (C:\Users\Jing-XuanTan(i)\Downloads\evsoc-efinity-v2026.1.132\evsoc-efinity-v2026.1.132\cam_single\Ti60F225_dsi\source/isp/axi_lite_register.sv:99)
[EFX-0201 WARNING] Re-wiring to GND non-driven net/port 'r_registers[12][29]' in module 'axi_lite_register(S_AXI_WSTRB_WIDTH=4)'. (C:\Users\Jing-XuanTan(i)\Downloads\evsoc-efinity-v2026.1.132\evsoc-efinity-v2026.1.132\cam_single\Ti60F225_dsi\source/isp/axi_lite_register.sv:99)
[EFX-0201 WARNING] Re-wiring to GND non-driven net/port 'r_registers[12][28]' in module 'axi_lite_register(S_AXI_WSTRB_WIDTH=4)'. (C:\Users\Jing-XuanTan(i)\Downloads\evsoc-efinity-v2026.1.132\evsoc-efinity-v2026.1.132\cam_single\Ti60F225_dsi\source/isp/axi_lite_register.sv:99)
[EFX-0201 WARNING] Re-wiring to GND non-driven net/port 'r_registers[12][27]' in module 'axi_lite_register(S_AXI_WSTRB_WIDTH=4)'. (C:\Users\Jing-XuanTan(i)\Downloads\evsoc-efinity-v2026.1.132\evsoc-efinity-v2026.1.132\cam_single\Ti60F225_dsi\source/isp/axi_lite_register.sv:99)
[EFX-0201 WARNING] Re-wiring to GND non-driven net/port 'r_registers[12][26]' in module 'axi_lite_register(S_AXI_WSTRB_WIDTH=4)'. (C:\Users\Jing-XuanTan(i)\Downloads\evsoc-efinity-v2026.1.132\evsoc-efinity-v2026.1.132\cam_single\Ti60F225_dsi\source/isp/axi_lite_register.sv:99)
[EFX-0657 WARNING] Mapping into logic memory block 'pipe_0_center' (28 bits) (C:\Users\Jing-XuanTan(i)\Downloads\evsoc-efinity-v2026.1.132\evsoc-efinity-v2026.1.132\cam_single\Ti60F225_dsi\source/isp/demosaic.sv:68) because size is too small (<=64)
[EFX-0657 WARNING] Mapping into logic memory block 'pipe_0_outer_horizontal' (28 bits) (C:\Users\Jing-XuanTan(i)\Downloads\evsoc-efinity-v2026.1.132\evsoc-efinity-v2026.1.132\cam_single\Ti60F225_dsi\source/isp/demosaic.sv:69) because size is too small (<=64)
[EFX-0657 WARNING] Mapping into logic memory block 'pipe_0_outer_vertical' (28 bits) (C:\Users\Jing-XuanTan(i)\Downloads\evsoc-efinity-v2026.1.132\evsoc-efinity-v2026.1.132\cam_single\Ti60F225_dsi\source/isp/demosaic.sv:70) because size is too small (<=64)
[EFX-0657 WARNING] Mapping into logic memory block 'pipe_0_inner_horizontal' (28 bits) (C:\Users\Jing-XuanTan(i)\Downloads\evsoc-efinity-v2026.1.132\evsoc-efinity-v2026.1.132\cam_single\Ti60F225_dsi\source/isp/demosaic.sv:71) because size is too small (<=64)
[EFX-0657 WARNING] Mapping into logic memory block 'pipe_0_inner_vertical' (28 bits) (C:\Users\Jing-XuanTan(i)\Downloads\evsoc-efinity-v2026.1.132\evsoc-efinity-v2026.1.132\cam_single\Ti60F225_dsi\source/isp/demosaic.sv:72) because size is too small (<=64)
[EFX-0657 WARNING] Mapping into logic memory block 'pipe_0_inner_top' (28 bits) (C:\Users\Jing-XuanTan(i)\Downloads\evsoc-efinity-v2026.1.132\evsoc-efinity-v2026.1.132\cam_single\Ti60F225_dsi\source/isp/demosaic.sv:73) because size is too small (<=64)
[EFX-0657 WARNING] Mapping into logic memory block 'pipe_0_inner_bottom' (28 bits) (C:\Users\Jing-XuanTan(i)\Downloads\evsoc-efinity-v2026.1.132\evsoc-efinity-v2026.1.132\cam_single\Ti60F225_dsi\source/isp/demosaic.sv:74) because size is too small (<=64)
[EFX-0657 WARNING] Mapping into logic memory block 'pipe_1_center' (36 bits) (C:\Users\Jing-XuanTan(i)\Downloads\evsoc-efinity-v2026.1.132\evsoc-efinity-v2026.1.132\cam_single\Ti60F225_dsi\source/isp/demosaic.sv:80) because size is too small (<=64)
[EFX-0657 WARNING] Mapping into logic memory block 'pipe_1_center_x5' (36 bits) (C:\Users\Jing-XuanTan(i)\Downloads\evsoc-efinity-v2026.1.132\evsoc-efinity-v2026.1.132\cam_single\Ti60F225_dsi\source/isp/demosaic.sv:81) because size is too small (<=64)
[EFX-0657 WARNING] Mapping into logic memory block 'pipe_1_center_x6' (36 bits) (C:\Users\Jing-XuanTan(i)\Downloads\evsoc-efinity-v2026.1.132\evsoc-efinity-v2026.1.132\cam_single\Ti60F225_dsi\source/isp/demosaic.sv:82) because size is too small (<=64)
[EFX-0657 WARNING] Mapping into logic memory block 'pipe_1_outer_horizontal' (36 bits) (C:\Users\Jing-XuanTan(i)\Downloads\evsoc-efinity-v2026.1.132\evsoc-efinity-v2026.1.132\cam_single\Ti60F225_dsi\source/isp/demosaic.sv:83) because size is too small (<=64)
[EFX-0657 WARNING] Mapping into logic memory block 'pipe_1_outer_vertical' (36 bits) (C:\Users\Jing-XuanTan(i)\Downloads\evsoc-efinity-v2026.1.132\evsoc-efinity-v2026.1.132\cam_single\Ti60F225_dsi\source/isp/demosaic.sv:84) because size is too small (<=64)
[EFX-0657 WARNING] Mapping into logic memory block 'pipe_1_outer_cross' (36 bits) (C:\Users\Jing-XuanTan(i)\Downloads\evsoc-efinity-v2026.1.132\evsoc-efinity-v2026.1.132\cam_single\Ti60F225_dsi\source/isp/demosaic.sv:85) because size is too small (<=64)
[EFX-0657 WARNING] Mapping into logic memory block 'pipe_1_inner_h_outer_v_x2' (36 bits) (C:\Users\Jing-XuanTan(i)\Downloads\evsoc-efinity-v2026.1.132\evsoc-efinity-v2026.1.132\cam_single\Ti60F225_dsi\source/isp/demosaic.sv:86) because size is too small (<=64)
[EFX-0657 WARNING] Mapping into logic memory block 'pipe_1_inner_v_outer_h_x2' (36 bits) (C:\Users\Jing-XuanTan(i)\Downloads\evsoc-efinity-v2026.1.132\evsoc-efinity-v2026.1.132\cam_single\Ti60F225_dsi\source/isp/demosaic.sv:87) because size is too small (<=64)
[EFX-0657 WARNING] Mapping into logic memory block 'pipe_1_inner_corner' (36 bits) (C:\Users\Jing-XuanTan(i)\Downloads\evsoc-efinity-v2026.1.132\evsoc-efinity-v2026.1.132\cam_single\Ti60F225_dsi\source/isp/demosaic.sv:88) because size is too small (<=64)
[EFX-0657 WARNING] Mapping into logic memory block 'pipe_1_inner_cross' (36 bits) (C:\Users\Jing-XuanTan(i)\Downloads\evsoc-efinity-v2026.1.132\evsoc-efinity-v2026.1.132\cam_single\Ti60F225_dsi\source/isp/demosaic.sv:89) because size is too small (<=64)
[EFX-0657 WARNING] Mapping into logic memory block 'pipe_2_center' (44 bits) (C:\Users\Jing-XuanTan(i)\Downloads\evsoc-efinity-v2026.1.132\evsoc-efinity-v2026.1.132\cam_single\Ti60F225_dsi\source/isp/demosaic.sv:95) because size is too small (<=64)
[EFX-0657 WARNING] Mapping into logic memory block 'pipe_2_center_cross_x2' (44 bits) (C:\Users\Jing-XuanTan(i)\Downloads\evsoc-efinity-v2026.1.132\evsoc-efinity-v2026.1.132\cam_single\Ti60F225_dsi\source/isp/demosaic.sv:96) because size is too small (<=64)
[EFX-0657 WARNING] Mapping into logic memory block 'pipe_2_outer_cross_x2' (44 bits) (C:\Users\Jing-XuanTan(i)\Downloads\evsoc-efinity-v2026.1.132\evsoc-efinity-v2026.1.132\cam_single\Ti60F225_dsi\source/isp/demosaic.sv:97) because size is too small (<=64)
[EFX-0657 WARNING] Mapping into logic memory block 'pipe_2_outer_cross_x3' (44 bits) (C:\Users\Jing-XuanTan(i)\Downloads\evsoc-efinity-v2026.1.132\evsoc-efinity-v2026.1.132\cam_single\Ti60F225_dsi\source/isp/demosaic.sv:98) because size is too small (<=64)
[EFX-0657 WARNING] Mapping into logic memory block 'pipe_2_inner_c_outer_h_x2' (44 bits) (C:\Users\Jing-XuanTan(i)\Downloads\evsoc-efinity-v2026.1.132\evsoc-efinity-v2026.1.132\cam_single\Ti60F225_dsi\source/isp/demosaic.sv:99) because size is too small (<=64)
[EFX-0657 WARNING] Mapping into logic memory block 'pipe_2_inner_c_outer_v_x2' (44 bits) (C:\Users\Jing-XuanTan(i)\Downloads\evsoc-efinity-v2026.1.132\evsoc-efinity-v2026.1.132\cam_single\Ti60F225_dsi\source/isp/demosaic.sv:100) because size is too small (<=64)
[EFX-0657 WARNING] Mapping into logic memory block 'pipe_2_rb_at_g1_x2' (44 bits) (C:\Users\Jing-XuanTan(i)\Downloads\evsoc-efinity-v2026.1.132\evsoc-efinity-v2026.1.132\cam_single\Ti60F225_dsi\source/isp/demosaic.sv:101) because size is too small (<=64)
[EFX-0657 WARNING] Mapping into logic memory block 'pipe_2_rb_at_g2_x2' (44 bits) (C:\Users\Jing-XuanTan(i)\Downloads\evsoc-efinity-v2026.1.132\evsoc-efinity-v2026.1.132\cam_single\Ti60F225_dsi\source/isp/demosaic.sv:102) because size is too small (<=64)
[EFX-0657 WARNING] Mapping into logic memory block 'pipe_2_rb_at_rb_x2' (44 bits) (C:\Users\Jing-XuanTan(i)\Downloads\evsoc-efinity-v2026.1.132\evsoc-efinity-v2026.1.132\cam_single\Ti60F225_dsi\source/isp/demosaic.sv:103) because size is too small (<=64)
[EFX-0657 WARNING] Mapping into logic memory block 'logic_progbufX_mem' (64 bits) (C:\Users\Jing-XuanTan(i)\Downloads\evsoc-efinity-v2026.1.132\evsoc-efinity-v2026.1.132\cam_single\Ti60F225_dsi\ip\SapphireSoc\SapphireSoc.v:12001) because size is too small (<=64)
[EFX-0657 WARNING] Mapping into logic memory block 'logic_ram' (64 bits) (C:\Users\Jing-XuanTan(i)\Downloads\evsoc-efinity-v2026.1.132\evsoc-efinity-v2026.1.132\cam_single\Ti60F225_dsi\ip\SapphireSoc\SapphireSoc.v:20390) because size is too small (<=64)
[EFX-0656 WARNING] Optimizing into logic zero initialized read-only memory block 'u_dma/u_EfxDMA/inputsAdapter_1_crossclock_fifo/ram__D$c1'. (C:\Users\Jing-XuanTan(i)\Downloads\evsoc-efinity-v2026.1.132\evsoc-efinity-v2026.1.132\cam_single\Ti60F225_dsi\ip\dma\dma.v:2839)
[EFX-0656 WARNING] Optimizing into logic zero initialized read-only memory block 'u_dma/u_EfxDMA/inputsAdapter_1_crossclock_fifo/ram__D$b12'. (C:\Users\Jing-XuanTan(i)\Downloads\evsoc-efinity-v2026.1.132\evsoc-efinity-v2026.1.132\cam_single\Ti60F225_dsi\ip\dma\dma.v:2839)
[EFX-0656 WARNING] Optimizing into logic zero initialized read-only memory block 'u_dma/u_EfxDMA/inputsAdapter_1_crossclock_fifo/ram__D$12'. (C:\Users\Jing-XuanTan(i)\Downloads\evsoc-efinity-v2026.1.132\evsoc-efinity-v2026.1.132\cam_single\Ti60F225_dsi\ip\dma\dma.v:2839)
[EFX-0656 WARNING] Optimizing into logic zero initialized read-only memory block 'u_dma/u_EfxDMA/inputsAdapter_1_crossclock_fifo/ram__D$2'. (C:\Users\Jing-XuanTan(i)\Downloads\evsoc-efinity-v2026.1.132\evsoc-efinity-v2026.1.132\cam_single\Ti60F225_dsi\ip\dma\dma.v:2839)

///////////////////////////////////
// Efinity Synthesis Started 
// Oct 07, 2026 15:36:21
///////////////////////////////////

[EFX-0011 VERI-WARNING] port 'probe14' remains unconnected for this instance (VERI-1927) (C:/Users/Jing-XuanTan(i)/Downloads/evsoc-efinity-v2026.1.132/evsoc-efinity-v2026.1.132/cam_single/Ti60F225_dsi/work_dbg/debug_top.v:166)
[EFX-0011 VERI-WARNING] input port 'probe14[0]' remains unconnected for this instance (VDB-1053) (C:/Users/Jing-XuanTan(i)/Downloads/evsoc-efinity-v2026.1.132/evsoc-efinity-v2026.1.132/cam_single/Ti60F225_dsi/work_dbg/debug_top.v:131)
[EFX-0200 WARNING] Removing redundant signal : compared_in[0]. (C:/Users/Jing-XuanTan(i)/Downloads/evsoc-efinity-v2026.1.132/evsoc-efinity-v2026.1.132/cam_single/Ti60F225_dsi/work_dbg/debug_top.v:5568)
[EFX-0200 WARNING] Removing redundant signal : mask_in[0]. (C:/Users/Jing-XuanTan(i)/Downloads/evsoc-efinity-v2026.1.132/evsoc-efinity-v2026.1.132/cam_single/Ti60F225_dsi/work_dbg/debug_top.v:5569)
[EFX-0200 WARNING] Removing redundant signal : trigger_in. (C:/Users/Jing-XuanTan(i)/Downloads/evsoc-efinity-v2026.1.132/evsoc-efinity-v2026.1.132/cam_single/Ti60F225_dsi/work_dbg/debug_top.v:5779)
[EFX-0200 WARNING] Removing redundant signal : clk. (C:/Users/Jing-XuanTan(i)/Downloads/evsoc-efinity-v2026.1.132/evsoc-efinity-v2026.1.132/cam_single/Ti60F225_dsi/work_dbg/debug_top.v:4602)
[EFX-0200 WARNING] Removing redundant signal : full. (C:/Users/Jing-XuanTan(i)/Downloads/evsoc-efinity-v2026.1.132/evsoc-efinity-v2026.1.132/cam_single/Ti60F225_dsi/work_dbg/debug_top.v:4656)
[EFX-0200 WARNING] Removing redundant signal : shift_i. (C:/Users/Jing-XuanTan(i)/Downloads/evsoc-efinity-v2026.1.132/evsoc-efinity-v2026.1.132/cam_single/Ti60F225_dsi/work_dbg/debug_top.v:4926)
[EFX-0200 WARNING] Removing redundant signal : trig_out. (C:/Users/Jing-XuanTan(i)/Downloads/evsoc-efinity-v2026.1.132/evsoc-efinity-v2026.1.132/cam_single/Ti60F225_dsi/work_dbg/debug_top.v:4943)
[EFX-0200 WARNING] Removing redundant signal : trig_out_ack. (C:/Users/Jing-XuanTan(i)/Downloads/evsoc-efinity-v2026.1.132/evsoc-efinity-v2026.1.132/cam_single/Ti60F225_dsi/work_dbg/debug_top.v:4944)
[EFX-0200 WARNING] Removing redundant signal : bscan_DRCK. (C:/Users/Jing-XuanTan(i)/Downloads/evsoc-efinity-v2026.1.132/evsoc-efinity-v2026.1.132/cam_single/Ti60F225_dsi/work_dbg/debug_top.v:1085)
[EFX-0200 WARNING] Removing redundant signal : bscan_RESET. (C:/Users/Jing-XuanTan(i)/Downloads/evsoc-efinity-v2026.1.132/evsoc-efinity-v2026.1.132/cam_single/Ti60F225_dsi/work_dbg/debug_top.v:1086)
[EFX-0200 WARNING] Removing redundant signal : bscan_RUNTEST. (C:/Users/Jing-XuanTan(i)/Downloads/evsoc-efinity-v2026.1.132/evsoc-efinity-v2026.1.132/cam_single/Ti60F225_dsi/work_dbg/debug_top.v:1087)
[EFX-0200 WARNING] Removing redundant signal : bscan_SEL. (C:/Users/Jing-XuanTan(i)/Downloads/evsoc-efinity-v2026.1.132/evsoc-efinity-v2026.1.132/cam_single/Ti60F225_dsi/work_dbg/debug_top.v:1088)
[EFX-0200 WARNING] Removing redundant signal : bscan_TMS. (C:/Users/Jing-XuanTan(i)/Downloads/evsoc-efinity-v2026.1.132/evsoc-efinity-v2026.1.132/cam_single/Ti60F225_dsi/work_dbg/debug_top.v:1092)
[EFX-0200 WARNING] Removing redundant signal : trig_in_ack. (C:/Users/Jing-XuanTan(i)/Downloads/evsoc-efinity-v2026.1.132/evsoc-efinity-v2026.1.132/cam_single/Ti60F225_dsi/work_dbg/debug_top.v:1104)
[EFX-0200 WARNING] Removing redundant signal : mux_capture_cmp[13:0]. (C:/Users/Jing-XuanTan(i)/Downloads/evsoc-efinity-v2026.1.132/evsoc-efinity-v2026.1.132/cam_single/Ti60F225_dsi/work_dbg/debug_top.v:3523)
[EFX-0200 WARNING] Removing redundant signal : bscan_CAPTURE. (C:/Users/Jing-XuanTan(i)/Downloads/evsoc-efinity-v2026.1.132/evsoc-efinity-v2026.1.132/cam_single/Ti60F225_dsi/work_dbg/debug_top.v:324)
[EFX-0200 WARNING] Removing redundant signal : bscan_DRCK. (C:/Users/Jing-XuanTan(i)/Downloads/evsoc-efinity-v2026.1.132/evsoc-efinity-v2026.1.132/cam_single/Ti60F225_dsi/work_dbg/debug_top.v:325)
[EFX-0200 WARNING] Removing redundant signal : bscan_RUNTEST. (C:/Users/Jing-XuanTan(i)/Downloads/evsoc-efinity-v2026.1.132/evsoc-efinity-v2026.1.132/cam_single/Ti60F225_dsi/work_dbg/debug_top.v:327)
[EFX-0200 WARNING] Removing redundant signal : bscan_TMS. (C:/Users/Jing-XuanTan(i)/Downloads/evsoc-efinity-v2026.1.132/evsoc-efinity-v2026.1.132/cam_single/Ti60F225_dsi/work_dbg/debug_top.v:332)
[EFX-0201 WARNING] Re-wiring to GND non-driven net/port 'probe14[0]' in module 'edb_la_top_371347b2d620413580dec278d61dd361_renamed_due_excessive_length_1'. (C:/Users/Jing-XuanTan(i)/Downloads/evsoc-efinity-v2026.1.132/evsoc-efinity-v2026.1.132/cam_single/Ti60F225_dsi/work_dbg/debug_top.v:131)
[EFX-0201 WARNING] Re-wiring to GND non-driven net/port 'probe15[0]' in module 'edb_la_top_371347b2d620413580dec278d61dd361_renamed_due_excessive_length_1'. (C:/Users/Jing-XuanTan(i)/Downloads/evsoc-efinity-v2026.1.132/evsoc-efinity-v2026.1.132/cam_single/Ti60F225_dsi/work_dbg/debug_top.v:131)
[EFX-0201 WARNING] Re-wiring to GND non-driven net/port 'probe16[0]' in module 'edb_la_top_371347b2d620413580dec278d61dd361_renamed_due_excessive_length_1'. (C:/Users/Jing-XuanTan(i)/Downloads/evsoc-efinity-v2026.1.132/evsoc-efinity-v2026.1.132/cam_single/Ti60F225_dsi/work_dbg/debug_top.v:131)
[EFX-0201 WARNING] Re-wiring to GND non-driven net/port 'probe17[0]' in module 'edb_la_top_371347b2d620413580dec278d61dd361_renamed_due_excessive_length_1'. (C:/Users/Jing-XuanTan(i)/Downloads/evsoc-efinity-v2026.1.132/evsoc-efinity-v2026.1.132/cam_single/Ti60F225_dsi/work_dbg/debug_top.v:131)
[EFX-0201 WARNING] Re-wiring to GND non-driven net/port 'probe18[0]' in module 'edb_la_top_371347b2d620413580dec278d61dd361_renamed_due_excessive_length_1'. (C:/Users/Jing-XuanTan(i)/Downloads/evsoc-efinity-v2026.1.132/evsoc-efinity-v2026.1.132/cam_single/Ti60F225_dsi/work_dbg/debug_top.v:131)
[EFX-0201 WARNING] Re-wiring to GND non-driven net/port 'probe19[0]' in module 'edb_la_top_371347b2d620413580dec278d61dd361_renamed_due_excessive_length_1'. (C:/Users/Jing-XuanTan(i)/Downloads/evsoc-efinity-v2026.1.132/evsoc-efinity-v2026.1.132/cam_single/Ti60F225_dsi/work_dbg/debug_top.v:131)
[EFX-0201 WARNING] Re-wiring to GND non-driven net/port 'probe20[0]' in module 'edb_la_top_371347b2d620413580dec278d61dd361_renamed_due_excessive_length_1'. (C:/Users/Jing-XuanTan(i)/Downloads/evsoc-efinity-v2026.1.132/evsoc-efinity-v2026.1.132/cam_single/Ti60F225_dsi/work_dbg/debug_top.v:131)
[EFX-0201 WARNING] Re-wiring to GND non-driven net/port 'probe21[0]' in module 'edb_la_top_371347b2d620413580dec278d61dd361_renamed_due_excessive_length_1'. (C:/Users/Jing-XuanTan(i)/Downloads/evsoc-efinity-v2026.1.132/evsoc-efinity-v2026.1.132/cam_single/Ti60F225_dsi/work_dbg/debug_top.v:131)
[EFX-0201 WARNING] Re-wiring to GND non-driven net/port 'probe22[0]' in module 'edb_la_top_371347b2d620413580dec278d61dd361_renamed_due_excessive_length_1'. (C:/Users/Jing-XuanTan(i)/Downloads/evsoc-efinity-v2026.1.132/evsoc-efinity-v2026.1.132/cam_single/Ti60F225_dsi/work_dbg/debug_top.v:131)
[EFX-0201 WARNING] Re-wiring to GND non-driven net/port 'probe23[0]' in module 'edb_la_top_371347b2d620413580dec278d61dd361_renamed_due_excessive_length_1'. (C:/Users/Jing-XuanTan(i)/Downloads/evsoc-efinity-v2026.1.132/evsoc-efinity-v2026.1.132/cam_single/Ti60F225_dsi/work_dbg/debug_top.v:131)
[EFX-0011 VERI-WARNING] Input/inout port bscan_DRCK is unconnected. Place and route may remove this unconnected port. (VDB-8003) (C:/Users/Jing-XuanTan(i)/Downloads/evsoc-efinity-v2026.1.132/evsoc-efinity-v2026.1.132/cam_single/Ti60F225_dsi/work_dbg/debug_top.v:17)
[EFX-0011 VERI-WARNING] Input/inout port bscan_RUNTEST is unconnected. Place and route may remove this unconnected port. (VDB-8003) (C:/Users/Jing-XuanTan(i)/Downloads/evsoc-efinity-v2026.1.132/evsoc-efinity-v2026.1.132/cam_single/Ti60F225_dsi/work_dbg/debug_top.v:19)
[EFX-0011 VERI-WARNING] Input/inout port bscan_TMS is unconnected. Place and route may remove this unconnected port. (VDB-8003) (C:/Users/Jing-XuanTan(i)/Downloads/evsoc-efinity-v2026.1.132/evsoc-efinity-v2026.1.132/cam_single/Ti60F225_dsi/work_dbg/debug_top.v:24)
[EFX-0011 VERI-WARNING] Found 3 warnings in the post-synthesis netlist. 

///////////////////////////////////
// Efinity Synthesis Started 
// Oct 07, 2026 15:36:32
///////////////////////////////////

[EFX-0200 WARNING] Removing redundant signal : Rx_HS_D_2[7:0]. (C:\Users\Jing-XuanTan(i)\Downloads\evsoc-efinity-v2026.1.132\evsoc-efinity-v2026.1.132\cam_single\Ti60F225_dsi\ip\csi2_rx_cam\csi2_rx_cam.sv:6307)
[EFX-0200 WARNING] Removing redundant signal : Rx_HS_D_3[7:0]. (C:\Users\Jing-XuanTan(i)\Downloads\evsoc-efinity-v2026.1.132\evsoc-efinity-v2026.1.132\cam_single\Ti60F225_dsi\ip\csi2_rx_cam\csi2_rx_cam.sv:6307)
[EFX-0200 WARNING] Removing redundant signal : Rx_HS_D_4[7:0]. (C:\Users\Jing-XuanTan(i)\Downloads\evsoc-efinity-v2026.1.132\evsoc-efinity-v2026.1.132\cam_single\Ti60F225_dsi\ip\csi2_rx_cam\csi2_rx_cam.sv:6307)
[EFX-0200 WARNING] Removing redundant signal : Rx_HS_D_5[7:0]. (C:\Users\Jing-XuanTan(i)\Downloads\evsoc-efinity-v2026.1.132\evsoc-efinity-v2026.1.132\cam_single\Ti60F225_dsi\ip\csi2_rx_cam\csi2_rx_cam.sv:6307)
[EFX-0200 WARNING] Removing redundant signal : Rx_HS_D_6[7:0]. (C:\Users\Jing-XuanTan(i)\Downloads\evsoc-efinity-v2026.1.132\evsoc-efinity-v2026.1.132\cam_single\Ti60F225_dsi\ip\csi2_rx_cam\csi2_rx_cam.sv:6307)
[EFX-0200 WARNING] Removing redundant signal : Rx_HS_D_7[7:0]. (C:\Users\Jing-XuanTan(i)\Downloads\evsoc-efinity-v2026.1.132\evsoc-efinity-v2026.1.132\cam_single\Ti60F225_dsi\ip\csi2_rx_cam\csi2_rx_cam.sv:6307)
[EFX-0200 WARNING] Removing redundant signal : u_dly_enable_D[1:0]. (C:\Users\Jing-XuanTan(i)\Downloads\evsoc-efinity-v2026.1.132\evsoc-efinity-v2026.1.132\cam_single\Ti60F225_dsi\ip\csi2_rx_cam\csi2_rx_cam.sv:6307)
[EFX-0200 WARNING] Removing redundant signal : u_dly_inc_D[1:0]. (C:\Users\Jing-XuanTan(i)\Downloads\evsoc-efinity-v2026.1.132\evsoc-efinity-v2026.1.132\cam_single\Ti60F225_dsi\ip\csi2_rx_cam\csi2_rx_cam.sv:6307)
[EFX-0200 WARNING] Removing redundant signal : axi_awaddr[1:0]. (C:\Users\Jing-XuanTan(i)\Downloads\evsoc-efinity-v2026.1.132\evsoc-efinity-v2026.1.132\cam_single\Ti60F225_dsi\ip\csi2_rx_cam\csi2_rx_cam.sv:5564)
[EFX-0200 WARNING] Removing redundant signal : axi_araddr[1:0]. (C:\Users\Jing-XuanTan(i)\Downloads\evsoc-efinity-v2026.1.132\evsoc-efinity-v2026.1.132\cam_single\Ti60F225_dsi\ip\csi2_rx_cam\csi2_rx_cam.sv:5564)
[EFX-0200 WARNING] Removing redundant signal : loc_rdata[31:0]. (C:\Users\Jing-XuanTan(i)\Downloads\evsoc-efinity-v2026.1.132\evsoc-efinity-v2026.1.132\cam_single\Ti60F225_dsi\ip\csi2_rx_cam\csi2_rx_cam.sv:5564)
[EFX-0200 WARNING] Removing redundant signal : nextCRC16_D16[15:0]. (C:\Users\Jing-XuanTan(i)\Downloads\evsoc-efinity-v2026.1.132\evsoc-efinity-v2026.1.132\cam_single\Ti60F225_dsi\ip\csi2_rx_cam\csi2_rx_cam.sv:1466)
[EFX-0200 WARNING] Removing redundant signal : nextCRC16_D16.Data[15:0]. (C:\Users\Jing-XuanTan(i)\Downloads\evsoc-efinity-v2026.1.132\evsoc-efinity-v2026.1.132\cam_single\Ti60F225_dsi\ip\csi2_rx_cam\csi2_rx_cam.sv:1466)
[EFX-0200 WARNING] Removing redundant signal : nextCRC16_D16.fcrc[15:0]. (C:\Users\Jing-XuanTan(i)\Downloads\evsoc-efinity-v2026.1.132\evsoc-efinity-v2026.1.132\cam_single\Ti60F225_dsi\ip\csi2_rx_cam\csi2_rx_cam.sv:1466)
[EFX-0200 WARNING] Removing redundant signal : nextCRC16_D16.d[15:0]. (C:\Users\Jing-XuanTan(i)\Downloads\evsoc-efinity-v2026.1.132\evsoc-efinity-v2026.1.132\cam_single\Ti60F225_dsi\ip\csi2_rx_cam\csi2_rx_cam.sv:1466)
[EFX-0200 WARNING] Removing redundant signal : nextCRC16_D16.c[15:0]. (C:\Users\Jing-XuanTan(i)\Downloads\evsoc-efinity-v2026.1.132\evsoc-efinity-v2026.1.132\cam_single\Ti60F225_dsi\ip\csi2_rx_cam\csi2_rx_cam.sv:1466)
[EFX-0200 WARNING] Removing redundant signal : nextCRC16_D16.newcrc[15:0]. (C:\Users\Jing-XuanTan(i)\Downloads\evsoc-efinity-v2026.1.132\evsoc-efinity-v2026.1.132\cam_single\Ti60F225_dsi\ip\csi2_rx_cam\csi2_rx_cam.sv:1466)
[EFX-0200 WARNING] Removing redundant signal : nextCRC16_D8[15:0]. (C:\Users\Jing-XuanTan(i)\Downloads\evsoc-efinity-v2026.1.132\evsoc-efinity-v2026.1.132\cam_single\Ti60F225_dsi\ip\csi2_rx_cam\csi2_rx_cam.sv:1466)
[EFX-0200 WARNING] Removing redundant signal : nextCRC16_D8.Data[7:0]. (C:\Users\Jing-XuanTan(i)\Downloads\evsoc-efinity-v2026.1.132\evsoc-efinity-v2026.1.132\cam_single\Ti60F225_dsi\ip\csi2_rx_cam\csi2_rx_cam.sv:1466)
[EFX-0200 WARNING] Removing redundant signal : nextCRC16_D8.fcrc[15:0]. (C:\Users\Jing-XuanTan(i)\Downloads\evsoc-efinity-v2026.1.132\evsoc-efinity-v2026.1.132\cam_single\Ti60F225_dsi\ip\csi2_rx_cam\csi2_rx_cam.sv:1466)
[EFX-0201 WARNING] Re-wiring to GND non-driven net/port 'a_wr_rst_i' in module 'efx_fifo_top_077823fa68f649b1a7074c944568f3e4(FAMILY="TITANIUM",SYNC_CLK=1,DATA_WIDTH=40,PIPELINE_REG=0,OUTPUT_REG=1,PROGRAMMABLE_FULL="NONE",PROG_FULL_ASSERT=510,PROG_FULL_NEGATE=510,PROGRAMMABLE_EMPTY="NONE",PROG_EMPTY_ASSERT=2,PROG_EMPTY_NEGATE=3)'. (C:\Users\Jing-XuanTan(i)\Downloads\evsoc-efinity-v2026.1.132\evsoc-efinity-v2026.1.132\cam_single\Ti60F225_dsi\ip\cam_pixel_remap_fifo\cam_pixel_remap_fifo.sv:92)
[EFX-0201 WARNING] Re-wiring to GND non-driven net/port 'a_rd_rst_i' in module 'efx_fifo_top_077823fa68f649b1a7074c944568f3e4(FAMILY="TITANIUM",SYNC_CLK=1,DATA_WIDTH=40,PIPELINE_REG=0,OUTPUT_REG=1,PROGRAMMABLE_FULL="NONE",PROG_FULL_ASSERT=510,PROG_FULL_NEGATE=510,PROGRAMMABLE_EMPTY="NONE",PROG_EMPTY_ASSERT=2,PROG_EMPTY_NEGATE=3)'. (C:\Users\Jing-XuanTan(i)\Downloads\evsoc-efinity-v2026.1.132\evsoc-efinity-v2026.1.132\cam_single\Ti60F225_dsi\ip\cam_pixel_remap_fifo\cam_pixel_remap_fifo.sv:92)
[EFX-0201 WARNING] Re-wiring to GND non-driven net/port 'wr_clk_i' in module 'efx_fifo_top_077823fa68f649b1a7074c944568f3e4(FAMILY="TITANIUM",SYNC_CLK=1,DATA_WIDTH=40,PIPELINE_REG=0,OUTPUT_REG=1,PROGRAMMABLE_FULL="NONE",PROG_FULL_ASSERT=510,PROG_FULL_NEGATE=510,PROGRAMMABLE_EMPTY="NONE",PROG_EMPTY_ASSERT=2,PROG_EMPTY_NEGATE=3)'. (C:\Users\Jing-XuanTan(i)\Downloads\evsoc-efinity-v2026.1.132\evsoc-efinity-v2026.1.132\cam_single\Ti60F225_dsi\ip\cam_pixel_remap_fifo\cam_pixel_remap_fifo.sv:92)
[EFX-0201 WARNING] Re-wiring to GND non-driven net/port 'rd_clk_i' in module 'efx_fifo_top_077823fa68f649b1a7074c944568f3e4(FAMILY="TITANIUM",SYNC_CLK=1,DATA_WIDTH=40,PIPELINE_REG=0,OUTPUT_REG=1,PROGRAMMABLE_FULL="NONE",PROG_FULL_ASSERT=510,PROG_FULL_NEGATE=510,PROGRAMMABLE_EMPTY="NONE",PROG_EMPTY_ASSERT=2,PROG_EMPTY_NEGATE=3)'. (C:\Users\Jing-XuanTan(i)\Downloads\evsoc-efinity-v2026.1.132\evsoc-efinity-v2026.1.132\cam_single\Ti60F225_dsi\ip\cam_pixel_remap_fifo\cam_pixel_remap_fifo.sv:92)
[EFX-0201 WARNING] Re-wiring to GND non-driven net/port 'r_registers[12][31]' in module 'axi_lite_register(S_AXI_WSTRB_WIDTH=4)'. (C:\Users\Jing-XuanTan(i)\Downloads\evsoc-efinity-v2026.1.132\evsoc-efinity-v2026.1.132\cam_single\Ti60F225_dsi\source/isp/axi_lite_register.sv:99)
[EFX-0201 WARNING] Re-wiring to GND non-driven net/port 'r_registers[12][30]' in module 'axi_lite_register(S_AXI_WSTRB_WIDTH=4)'. (C:\Users\Jing-XuanTan(i)\Downloads\evsoc-efinity-v2026.1.132\evsoc-efinity-v2026.1.132\cam_single\Ti60F225_dsi\source/isp/axi_lite_register.sv:99)
[EFX-0201 WARNING] Re-wiring to GND non-driven net/port 'r_registers[12][29]' in module 'axi_lite_register(S_AXI_WSTRB_WIDTH=4)'. (C:\Users\Jing-XuanTan(i)\Downloads\evsoc-efinity-v2026.1.132\evsoc-efinity-v2026.1.132\cam_single\Ti60F225_dsi\source/isp/axi_lite_register.sv:99)
[EFX-0201 WARNING] Re-wiring to GND non-driven net/port 'r_registers[12][28]' in module 'axi_lite_register(S_AXI_WSTRB_WIDTH=4)'. (C:\Users\Jing-XuanTan(i)\Downloads\evsoc-efinity-v2026.1.132\evsoc-efinity-v2026.1.132\cam_single\Ti60F225_dsi\source/isp/axi_lite_register.sv:99)
[EFX-0201 WARNING] Re-wiring to GND non-driven net/port 'r_registers[12][27]' in module 'axi_lite_register(S_AXI_WSTRB_WIDTH=4)'. (C:\Users\Jing-XuanTan(i)\Downloads\evsoc-efinity-v2026.1.132\evsoc-efinity-v2026.1.132\cam_single\Ti60F225_dsi\source/isp/axi_lite_register.sv:99)
[EFX-0201 WARNING] Re-wiring to GND non-driven net/port 'r_registers[12][26]' in module 'axi_lite_register(S_AXI_WSTRB_WIDTH=4)'. (C:\Users\Jing-XuanTan(i)\Downloads\evsoc-efinity-v2026.1.132\evsoc-efinity-v2026.1.132\cam_single\Ti60F225_dsi\source/isp/axi_lite_register.sv:99)
[EFX-0657 WARNING] Mapping into logic memory block 'pipe_0_center' (28 bits) (C:\Users\Jing-XuanTan(i)\Downloads\evsoc-efinity-v2026.1.132\evsoc-efinity-v2026.1.132\cam_single\Ti60F225_dsi\source/isp/demosaic.sv:68) because size is too small (<=64)
[EFX-0657 WARNING] Mapping into logic memory block 'pipe_0_outer_horizontal' (28 bits) (C:\Users\Jing-XuanTan(i)\Downloads\evsoc-efinity-v2026.1.132\evsoc-efinity-v2026.1.132\cam_single\Ti60F225_dsi\source/isp/demosaic.sv:69) because size is too small (<=64)
[EFX-0657 WARNING] Mapping into logic memory block 'pipe_0_outer_vertical' (28 bits) (C:\Users\Jing-XuanTan(i)\Downloads\evsoc-efinity-v2026.1.132\evsoc-efinity-v2026.1.132\cam_single\Ti60F225_dsi\source/isp/demosaic.sv:70) because size is too small (<=64)
[EFX-0657 WARNING] Mapping into logic memory block 'pipe_0_inner_horizontal' (28 bits) (C:\Users\Jing-XuanTan(i)\Downloads\evsoc-efinity-v2026.1.132\evsoc-efinity-v2026.1.132\cam_single\Ti60F225_dsi\source/isp/demosaic.sv:71) because size is too small (<=64)
[EFX-0657 WARNING] Mapping into logic memory block 'pipe_0_inner_vertical' (28 bits) (C:\Users\Jing-XuanTan(i)\Downloads\evsoc-efinity-v2026.1.132\evsoc-efinity-v2026.1.132\cam_single\Ti60F225_dsi\source/isp/demosaic.sv:72) because size is too small (<=64)
[EFX-0657 WARNING] Mapping into logic memory block 'pipe_0_inner_top' (28 bits) (C:\Users\Jing-XuanTan(i)\Downloads\evsoc-efinity-v2026.1.132\evsoc-efinity-v2026.1.132\cam_single\Ti60F225_dsi\source/isp/demosaic.sv:73) because size is too small (<=64)
[EFX-0657 WARNING] Mapping into logic memory block 'pipe_0_inner_bottom' (28 bits) (C:\Users\Jing-XuanTan(i)\Downloads\evsoc-efinity-v2026.1.132\evsoc-efinity-v2026.1.132\cam_single\Ti60F225_dsi\source/isp/demosaic.sv:74) because size is too small (<=64)
[EFX-0657 WARNING] Mapping into logic memory block 'pipe_1_center' (36 bits) (C:\Users\Jing-XuanTan(i)\Downloads\evsoc-efinity-v2026.1.132\evsoc-efinity-v2026.1.132\cam_single\Ti60F225_dsi\source/isp/demosaic.sv:80) because size is too small (<=64)
[EFX-0657 WARNING] Mapping into logic memory block 'pipe_1_center_x5' (36 bits) (C:\Users\Jing-XuanTan(i)\Downloads\evsoc-efinity-v2026.1.132\evsoc-efinity-v2026.1.132\cam_single\Ti60F225_dsi\source/isp/demosaic.sv:81) because size is too small (<=64)
[EFX-0657 WARNING] Mapping into logic memory block 'pipe_1_center_x6' (36 bits) (C:\Users\Jing-XuanTan(i)\Downloads\evsoc-efinity-v2026.1.132\evsoc-efinity-v2026.1.132\cam_single\Ti60F225_dsi\source/isp/demosaic.sv:82) because size is too small (<=64)
[EFX-0657 WARNING] Mapping into logic memory block 'pipe_1_outer_horizontal' (36 bits) (C:\Users\Jing-XuanTan(i)\Downloads\evsoc-efinity-v2026.1.132\evsoc-efinity-v2026.1.132\cam_single\Ti60F225_dsi\source/isp/demosaic.sv:83) because size is too small (<=64)
[EFX-0657 WARNING] Mapping into logic memory block 'pipe_1_outer_vertical' (36 bits) (C:\Users\Jing-XuanTan(i)\Downloads\evsoc-efinity-v2026.1.132\evsoc-efinity-v2026.1.132\cam_single\Ti60F225_dsi\source/isp/demosaic.sv:84) because size is too small (<=64)
[EFX-0657 WARNING] Mapping into logic memory block 'pipe_1_outer_cross' (36 bits) (C:\Users\Jing-XuanTan(i)\Downloads\evsoc-efinity-v2026.1.132\evsoc-efinity-v2026.1.132\cam_single\Ti60F225_dsi\source/isp/demosaic.sv:85) because size is too small (<=64)
[EFX-0657 WARNING] Mapping into logic memory block 'pipe_1_inner_h_outer_v_x2' (36 bits) (C:\Users\Jing-XuanTan(i)\Downloads\evsoc-efinity-v2026.1.132\evsoc-efinity-v2026.1.132\cam_single\Ti60F225_dsi\source/isp/demosaic.sv:86) because size is too small (<=64)
[EFX-0657 WARNING] Mapping into logic memory block 'pipe_1_inner_v_outer_h_x2' (36 bits) (C:\Users\Jing-XuanTan(i)\Downloads\evsoc-efinity-v2026.1.132\evsoc-efinity-v2026.1.132\cam_single\Ti60F225_dsi\source/isp/demosaic.sv:87) because size is too small (<=64)
[EFX-0657 WARNING] Mapping into logic memory block 'pipe_1_inner_corner' (36 bits) (C:\Users\Jing-XuanTan(i)\Downloads\evsoc-efinity-v2026.1.132\evsoc-efinity-v2026.1.132\cam_single\Ti60F225_dsi\source/isp/demosaic.sv:88) because size is too small (<=64)
[EFX-0657 WARNING] Mapping into logic memory block 'pipe_1_inner_cross' (36 bits) (C:\Users\Jing-XuanTan(i)\Downloads\evsoc-efinity-v2026.1.132\evsoc-efinity-v2026.1.132\cam_single\Ti60F225_dsi\source/isp/demosaic.sv:89) because size is too small (<=64)
[EFX-0657 WARNING] Mapping into logic memory block 'pipe_2_center' (44 bits) (C:\Users\Jing-XuanTan(i)\Downloads\evsoc-efinity-v2026.1.132\evsoc-efinity-v2026.1.132\cam_single\Ti60F225_dsi\source/isp/demosaic.sv:95) because size is too small (<=64)
[EFX-0657 WARNING] Mapping into logic memory block 'pipe_2_center_cross_x2' (44 bits) (C:\Users\Jing-XuanTan(i)\Downloads\evsoc-efinity-v2026.1.132\evsoc-efinity-v2026.1.132\cam_single\Ti60F225_dsi\source/isp/demosaic.sv:96) because size is too small (<=64)
[EFX-0657 WARNING] Mapping into logic memory block 'pipe_2_outer_cross_x2' (44 bits) (C:\Users\Jing-XuanTan(i)\Downloads\evsoc-efinity-v2026.1.132\evsoc-efinity-v2026.1.132\cam_single\Ti60F225_dsi\source/isp/demosaic.sv:97) because size is too small (<=64)
[EFX-0657 WARNING] Mapping into logic memory block 'pipe_2_outer_cross_x3' (44 bits) (C:\Users\Jing-XuanTan(i)\Downloads\evsoc-efinity-v2026.1.132\evsoc-efinity-v2026.1.132\cam_single\Ti60F225_dsi\source/isp/demosaic.sv:98) because size is too small (<=64)
[EFX-0657 WARNING] Mapping into logic memory block 'pipe_2_inner_c_outer_h_x2' (44 bits) (C:\Users\Jing-XuanTan(i)\Downloads\evsoc-efinity-v2026.1.132\evsoc-efinity-v2026.1.132\cam_single\Ti60F225_dsi\source/isp/demosaic.sv:99) because size is too small (<=64)
[EFX-0657 WARNING] Mapping into logic memory block 'pipe_2_inner_c_outer_v_x2' (44 bits) (C:\Users\Jing-XuanTan(i)\Downloads\evsoc-efinity-v2026.1.132\evsoc-efinity-v2026.1.132\cam_single\Ti60F225_dsi\source/isp/demosaic.sv:100) because size is too small (<=64)
[EFX-0657 WARNING] Mapping into logic memory block 'pipe_2_rb_at_g1_x2' (44 bits) (C:\Users\Jing-XuanTan(i)\Downloads\evsoc-efinity-v2026.1.132\evsoc-efinity-v2026.1.132\cam_single\Ti60F225_dsi\source/isp/demosaic.sv:101) because size is too small (<=64)
[EFX-0657 WARNING] Mapping into logic memory block 'pipe_2_rb_at_g2_x2' (44 bits) (C:\Users\Jing-XuanTan(i)\Downloads\evsoc-efinity-v2026.1.132\evsoc-efinity-v2026.1.132\cam_single\Ti60F225_dsi\source/isp/demosaic.sv:102) because size is too small (<=64)
[EFX-0657 WARNING] Mapping into logic memory block 'pipe_2_rb_at_rb_x2' (44 bits) (C:\Users\Jing-XuanTan(i)\Downloads\evsoc-efinity-v2026.1.132\evsoc-efinity-v2026.1.132\cam_single\Ti60F225_dsi\source/isp/demosaic.sv:103) because size is too small (<=64)
[EFX-0657 WARNING] Mapping into logic memory block 'logic_progbufX_mem' (64 bits) (C:\Users\Jing-XuanTan(i)\Downloads\evsoc-efinity-v2026.1.132\evsoc-efinity-v2026.1.132\cam_single\Ti60F225_dsi\ip\SapphireSoc\SapphireSoc.v:12001) because size is too small (<=64)
[EFX-0657 WARNING] Mapping into logic memory block 'logic_ram' (64 bits) (C:\Users\Jing-XuanTan(i)\Downloads\evsoc-efinity-v2026.1.132\evsoc-efinity-v2026.1.132\cam_single\Ti60F225_dsi\ip\SapphireSoc\SapphireSoc.v:20390) because size is too small (<=64)
[EFX-0656 WARNING] Optimizing into logic zero initialized read-only memory block 'u_dma/u_EfxDMA/inputsAdapter_1_crossclock_fifo/ram__D$c1'. (C:\Users\Jing-XuanTan(i)\Downloads\evsoc-efinity-v2026.1.132\evsoc-efinity-v2026.1.132\cam_single\Ti60F225_dsi\ip\dma\dma.v:2839)
[EFX-0656 WARNING] Optimizing into logic zero initialized read-only memory block 'u_dma/u_EfxDMA/inputsAdapter_1_crossclock_fifo/ram__D$b12'. (C:\Users\Jing-XuanTan(i)\Downloads\evsoc-efinity-v2026.1.132\evsoc-efinity-v2026.1.132\cam_single\Ti60F225_dsi\ip\dma\dma.v:2839)
[EFX-0656 WARNING] Optimizing into logic zero initialized read-only memory block 'u_dma/u_EfxDMA/inputsAdapter_1_crossclock_fifo/ram__D$12'. (C:\Users\Jing-XuanTan(i)\Downloads\evsoc-efinity-v2026.1.132\evsoc-efinity-v2026.1.132\cam_single\Ti60F225_dsi\ip\dma\dma.v:2839)
[EFX-0656 WARNING] Optimizing into logic zero initialized read-only memory block 'u_dma/u_EfxDMA/inputsAdapter_1_crossclock_fifo/ram__D$2'. (C:\Users\Jing-XuanTan(i)\Downloads\evsoc-efinity-v2026.1.132\evsoc-efinity-v2026.1.132\cam_single\Ti60F225_dsi\ip\dma\dma.v:2839)

///////////////////////////////////
// Efinity Synthesis Started 
// Oct 07, 2026 19:14:11
///////////////////////////////////

[EFX-0011 VERI-WARNING] port 'probe17' remains unconnected for this instance (VERI-1927) (C:/Users/Jing-XuanTan(i)/Downloads/evsoc-efinity-v2026.1.132/evsoc-efinity-v2026.1.132/cam_single/Ti60F225_dsi/work_dbg/debug_top.v:178)
[EFX-0011 VERI-WARNING] input port 'probe17[0]' remains unconnected for this instance (VDB-1053) (C:/Users/Jing-XuanTan(i)/Downloads/evsoc-efinity-v2026.1.132/evsoc-efinity-v2026.1.132/cam_single/Ti60F225_dsi/work_dbg/debug_top.v:140)
[EFX-0200 WARNING] Removing redundant signal : compared_in[0]. (C:/Users/Jing-XuanTan(i)/Downloads/evsoc-efinity-v2026.1.132/evsoc-efinity-v2026.1.132/cam_single/Ti60F225_dsi/work_dbg/debug_top.v:5580)
[EFX-0200 WARNING] Removing redundant signal : mask_in[0]. (C:/Users/Jing-XuanTan(i)/Downloads/evsoc-efinity-v2026.1.132/evsoc-efinity-v2026.1.132/cam_single/Ti60F225_dsi/work_dbg/debug_top.v:5581)
[EFX-0200 WARNING] Removing redundant signal : trigger_in. (C:/Users/Jing-XuanTan(i)/Downloads/evsoc-efinity-v2026.1.132/evsoc-efinity-v2026.1.132/cam_single/Ti60F225_dsi/work_dbg/debug_top.v:5791)
[EFX-0200 WARNING] Removing redundant signal : clk. (C:/Users/Jing-XuanTan(i)/Downloads/evsoc-efinity-v2026.1.132/evsoc-efinity-v2026.1.132/cam_single/Ti60F225_dsi/work_dbg/debug_top.v:4614)
[EFX-0200 WARNING] Removing redundant signal : full. (C:/Users/Jing-XuanTan(i)/Downloads/evsoc-efinity-v2026.1.132/evsoc-efinity-v2026.1.132/cam_single/Ti60F225_dsi/work_dbg/debug_top.v:4668)
[EFX-0200 WARNING] Removing redundant signal : shift_i. (C:/Users/Jing-XuanTan(i)/Downloads/evsoc-efinity-v2026.1.132/evsoc-efinity-v2026.1.132/cam_single/Ti60F225_dsi/work_dbg/debug_top.v:4938)
[EFX-0200 WARNING] Removing redundant signal : trig_out. (C:/Users/Jing-XuanTan(i)/Downloads/evsoc-efinity-v2026.1.132/evsoc-efinity-v2026.1.132/cam_single/Ti60F225_dsi/work_dbg/debug_top.v:4955)
[EFX-0200 WARNING] Removing redundant signal : trig_out_ack. (C:/Users/Jing-XuanTan(i)/Downloads/evsoc-efinity-v2026.1.132/evsoc-efinity-v2026.1.132/cam_single/Ti60F225_dsi/work_dbg/debug_top.v:4956)
[EFX-0200 WARNING] Removing redundant signal : bscan_DRCK. (C:/Users/Jing-XuanTan(i)/Downloads/evsoc-efinity-v2026.1.132/evsoc-efinity-v2026.1.132/cam_single/Ti60F225_dsi/work_dbg/debug_top.v:1097)
[EFX-0200 WARNING] Removing redundant signal : bscan_RESET. (C:/Users/Jing-XuanTan(i)/Downloads/evsoc-efinity-v2026.1.132/evsoc-efinity-v2026.1.132/cam_single/Ti60F225_dsi/work_dbg/debug_top.v:1098)
[EFX-0200 WARNING] Removing redundant signal : bscan_RUNTEST. (C:/Users/Jing-XuanTan(i)/Downloads/evsoc-efinity-v2026.1.132/evsoc-efinity-v2026.1.132/cam_single/Ti60F225_dsi/work_dbg/debug_top.v:1099)
[EFX-0200 WARNING] Removing redundant signal : bscan_SEL. (C:/Users/Jing-XuanTan(i)/Downloads/evsoc-efinity-v2026.1.132/evsoc-efinity-v2026.1.132/cam_single/Ti60F225_dsi/work_dbg/debug_top.v:1100)
[EFX-0200 WARNING] Removing redundant signal : bscan_TMS. (C:/Users/Jing-XuanTan(i)/Downloads/evsoc-efinity-v2026.1.132/evsoc-efinity-v2026.1.132/cam_single/Ti60F225_dsi/work_dbg/debug_top.v:1104)
[EFX-0200 WARNING] Removing redundant signal : trig_in_ack. (C:/Users/Jing-XuanTan(i)/Downloads/evsoc-efinity-v2026.1.132/evsoc-efinity-v2026.1.132/cam_single/Ti60F225_dsi/work_dbg/debug_top.v:1116)
[EFX-0200 WARNING] Removing redundant signal : mux_capture_cmp[16:0]. (C:/Users/Jing-XuanTan(i)/Downloads/evsoc-efinity-v2026.1.132/evsoc-efinity-v2026.1.132/cam_single/Ti60F225_dsi/work_dbg/debug_top.v:3535)
[EFX-0200 WARNING] Removing redundant signal : bscan_CAPTURE. (C:/Users/Jing-XuanTan(i)/Downloads/evsoc-efinity-v2026.1.132/evsoc-efinity-v2026.1.132/cam_single/Ti60F225_dsi/work_dbg/debug_top.v:336)
[EFX-0200 WARNING] Removing redundant signal : bscan_DRCK. (C:/Users/Jing-XuanTan(i)/Downloads/evsoc-efinity-v2026.1.132/evsoc-efinity-v2026.1.132/cam_single/Ti60F225_dsi/work_dbg/debug_top.v:337)
[EFX-0200 WARNING] Removing redundant signal : bscan_RUNTEST. (C:/Users/Jing-XuanTan(i)/Downloads/evsoc-efinity-v2026.1.132/evsoc-efinity-v2026.1.132/cam_single/Ti60F225_dsi/work_dbg/debug_top.v:339)
[EFX-0200 WARNING] Removing redundant signal : bscan_TMS. (C:/Users/Jing-XuanTan(i)/Downloads/evsoc-efinity-v2026.1.132/evsoc-efinity-v2026.1.132/cam_single/Ti60F225_dsi/work_dbg/debug_top.v:344)
[EFX-0201 WARNING] Re-wiring to GND non-driven net/port 'probe17[0]' in module 'edb_la_top_84389157040f449bac699f50c0925c9e_renamed_due_excessive_length_1'. (C:/Users/Jing-XuanTan(i)/Downloads/evsoc-efinity-v2026.1.132/evsoc-efinity-v2026.1.132/cam_single/Ti60F225_dsi/work_dbg/debug_top.v:140)
[EFX-0201 WARNING] Re-wiring to GND non-driven net/port 'probe18[0]' in module 'edb_la_top_84389157040f449bac699f50c0925c9e_renamed_due_excessive_length_1'. (C:/Users/Jing-XuanTan(i)/Downloads/evsoc-efinity-v2026.1.132/evsoc-efinity-v2026.1.132/cam_single/Ti60F225_dsi/work_dbg/debug_top.v:140)
[EFX-0201 WARNING] Re-wiring to GND non-driven net/port 'probe19[0]' in module 'edb_la_top_84389157040f449bac699f50c0925c9e_renamed_due_excessive_length_1'. (C:/Users/Jing-XuanTan(i)/Downloads/evsoc-efinity-v2026.1.132/evsoc-efinity-v2026.1.132/cam_single/Ti60F225_dsi/work_dbg/debug_top.v:140)
[EFX-0201 WARNING] Re-wiring to GND non-driven net/port 'probe20[0]' in module 'edb_la_top_84389157040f449bac699f50c0925c9e_renamed_due_excessive_length_1'. (C:/Users/Jing-XuanTan(i)/Downloads/evsoc-efinity-v2026.1.132/evsoc-efinity-v2026.1.132/cam_single/Ti60F225_dsi/work_dbg/debug_top.v:140)
[EFX-0201 WARNING] Re-wiring to GND non-driven net/port 'probe21[0]' in module 'edb_la_top_84389157040f449bac699f50c0925c9e_renamed_due_excessive_length_1'. (C:/Users/Jing-XuanTan(i)/Downloads/evsoc-efinity-v2026.1.132/evsoc-efinity-v2026.1.132/cam_single/Ti60F225_dsi/work_dbg/debug_top.v:140)
[EFX-0201 WARNING] Re-wiring to GND non-driven net/port 'probe22[0]' in module 'edb_la_top_84389157040f449bac699f50c0925c9e_renamed_due_excessive_length_1'. (C:/Users/Jing-XuanTan(i)/Downloads/evsoc-efinity-v2026.1.132/evsoc-efinity-v2026.1.132/cam_single/Ti60F225_dsi/work_dbg/debug_top.v:140)
[EFX-0201 WARNING] Re-wiring to GND non-driven net/port 'probe23[0]' in module 'edb_la_top_84389157040f449bac699f50c0925c9e_renamed_due_excessive_length_1'. (C:/Users/Jing-XuanTan(i)/Downloads/evsoc-efinity-v2026.1.132/evsoc-efinity-v2026.1.132/cam_single/Ti60F225_dsi/work_dbg/debug_top.v:140)
[EFX-0201 WARNING] Re-wiring to GND non-driven net/port 'probe24[0]' in module 'edb_la_top_84389157040f449bac699f50c0925c9e_renamed_due_excessive_length_1'. (C:/Users/Jing-XuanTan(i)/Downloads/evsoc-efinity-v2026.1.132/evsoc-efinity-v2026.1.132/cam_single/Ti60F225_dsi/work_dbg/debug_top.v:140)
[EFX-0201 WARNING] Re-wiring to GND non-driven net/port 'probe25[0]' in module 'edb_la_top_84389157040f449bac699f50c0925c9e_renamed_due_excessive_length_1'. (C:/Users/Jing-XuanTan(i)/Downloads/evsoc-efinity-v2026.1.132/evsoc-efinity-v2026.1.132/cam_single/Ti60F225_dsi/work_dbg/debug_top.v:140)
[EFX-0201 WARNING] Re-wiring to GND non-driven net/port 'probe26[0]' in module 'edb_la_top_84389157040f449bac699f50c0925c9e_renamed_due_excessive_length_1'. (C:/Users/Jing-XuanTan(i)/Downloads/evsoc-efinity-v2026.1.132/evsoc-efinity-v2026.1.132/cam_single/Ti60F225_dsi/work_dbg/debug_top.v:140)
[EFX-0011 VERI-WARNING] Input/inout port bscan_DRCK is unconnected. Place and route may remove this unconnected port. (VDB-8003) (C:/Users/Jing-XuanTan(i)/Downloads/evsoc-efinity-v2026.1.132/evsoc-efinity-v2026.1.132/cam_single/Ti60F225_dsi/work_dbg/debug_top.v:17)
[EFX-0011 VERI-WARNING] Input/inout port bscan_RUNTEST is unconnected. Place and route may remove this unconnected port. (VDB-8003) (C:/Users/Jing-XuanTan(i)/Downloads/evsoc-efinity-v2026.1.132/evsoc-efinity-v2026.1.132/cam_single/Ti60F225_dsi/work_dbg/debug_top.v:19)
[EFX-0011 VERI-WARNING] Input/inout port bscan_TMS is unconnected. Place and route may remove this unconnected port. (VDB-8003) (C:/Users/Jing-XuanTan(i)/Downloads/evsoc-efinity-v2026.1.132/evsoc-efinity-v2026.1.132/cam_single/Ti60F225_dsi/work_dbg/debug_top.v:24)
[EFX-0011 VERI-WARNING] Found 3 warnings in the post-synthesis netlist. 

///////////////////////////////////
// Efinity Synthesis Started 
// Oct 07, 2026 19:14:23
///////////////////////////////////

[EFX-0200 WARNING] Removing redundant signal : Rx_HS_D_2[7:0]. (C:\Users\Jing-XuanTan(i)\Downloads\evsoc-efinity-v2026.1.132\evsoc-efinity-v2026.1.132\cam_single\Ti60F225_dsi\ip\csi2_rx_cam\csi2_rx_cam.sv:6307)
[EFX-0200 WARNING] Removing redundant signal : Rx_HS_D_3[7:0]. (C:\Users\Jing-XuanTan(i)\Downloads\evsoc-efinity-v2026.1.132\evsoc-efinity-v2026.1.132\cam_single\Ti60F225_dsi\ip\csi2_rx_cam\csi2_rx_cam.sv:6307)
[EFX-0200 WARNING] Removing redundant signal : Rx_HS_D_4[7:0]. (C:\Users\Jing-XuanTan(i)\Downloads\evsoc-efinity-v2026.1.132\evsoc-efinity-v2026.1.132\cam_single\Ti60F225_dsi\ip\csi2_rx_cam\csi2_rx_cam.sv:6307)
[EFX-0200 WARNING] Removing redundant signal : Rx_HS_D_5[7:0]. (C:\Users\Jing-XuanTan(i)\Downloads\evsoc-efinity-v2026.1.132\evsoc-efinity-v2026.1.132\cam_single\Ti60F225_dsi\ip\csi2_rx_cam\csi2_rx_cam.sv:6307)
[EFX-0200 WARNING] Removing redundant signal : Rx_HS_D_6[7:0]. (C:\Users\Jing-XuanTan(i)\Downloads\evsoc-efinity-v2026.1.132\evsoc-efinity-v2026.1.132\cam_single\Ti60F225_dsi\ip\csi2_rx_cam\csi2_rx_cam.sv:6307)
[EFX-0200 WARNING] Removing redundant signal : Rx_HS_D_7[7:0]. (C:\Users\Jing-XuanTan(i)\Downloads\evsoc-efinity-v2026.1.132\evsoc-efinity-v2026.1.132\cam_single\Ti60F225_dsi\ip\csi2_rx_cam\csi2_rx_cam.sv:6307)
[EFX-0200 WARNING] Removing redundant signal : u_dly_enable_D[1:0]. (C:\Users\Jing-XuanTan(i)\Downloads\evsoc-efinity-v2026.1.132\evsoc-efinity-v2026.1.132\cam_single\Ti60F225_dsi\ip\csi2_rx_cam\csi2_rx_cam.sv:6307)
[EFX-0200 WARNING] Removing redundant signal : u_dly_inc_D[1:0]. (C:\Users\Jing-XuanTan(i)\Downloads\evsoc-efinity-v2026.1.132\evsoc-efinity-v2026.1.132\cam_single\Ti60F225_dsi\ip\csi2_rx_cam\csi2_rx_cam.sv:6307)
[EFX-0200 WARNING] Removing redundant signal : axi_awaddr[1:0]. (C:\Users\Jing-XuanTan(i)\Downloads\evsoc-efinity-v2026.1.132\evsoc-efinity-v2026.1.132\cam_single\Ti60F225_dsi\ip\csi2_rx_cam\csi2_rx_cam.sv:5564)
[EFX-0200 WARNING] Removing redundant signal : axi_araddr[1:0]. (C:\Users\Jing-XuanTan(i)\Downloads\evsoc-efinity-v2026.1.132\evsoc-efinity-v2026.1.132\cam_single\Ti60F225_dsi\ip\csi2_rx_cam\csi2_rx_cam.sv:5564)
[EFX-0200 WARNING] Removing redundant signal : loc_rdata[31:0]. (C:\Users\Jing-XuanTan(i)\Downloads\evsoc-efinity-v2026.1.132\evsoc-efinity-v2026.1.132\cam_single\Ti60F225_dsi\ip\csi2_rx_cam\csi2_rx_cam.sv:5564)
[EFX-0200 WARNING] Removing redundant signal : nextCRC16_D16[15:0]. (C:\Users\Jing-XuanTan(i)\Downloads\evsoc-efinity-v2026.1.132\evsoc-efinity-v2026.1.132\cam_single\Ti60F225_dsi\ip\csi2_rx_cam\csi2_rx_cam.sv:1466)
[EFX-0200 WARNING] Removing redundant signal : nextCRC16_D16.Data[15:0]. (C:\Users\Jing-XuanTan(i)\Downloads\evsoc-efinity-v2026.1.132\evsoc-efinity-v2026.1.132\cam_single\Ti60F225_dsi\ip\csi2_rx_cam\csi2_rx_cam.sv:1466)
[EFX-0200 WARNING] Removing redundant signal : nextCRC16_D16.fcrc[15:0]. (C:\Users\Jing-XuanTan(i)\Downloads\evsoc-efinity-v2026.1.132\evsoc-efinity-v2026.1.132\cam_single\Ti60F225_dsi\ip\csi2_rx_cam\csi2_rx_cam.sv:1466)
[EFX-0200 WARNING] Removing redundant signal : nextCRC16_D16.d[15:0]. (C:\Users\Jing-XuanTan(i)\Downloads\evsoc-efinity-v2026.1.132\evsoc-efinity-v2026.1.132\cam_single\Ti60F225_dsi\ip\csi2_rx_cam\csi2_rx_cam.sv:1466)
[EFX-0200 WARNING] Removing redundant signal : nextCRC16_D16.c[15:0]. (C:\Users\Jing-XuanTan(i)\Downloads\evsoc-efinity-v2026.1.132\evsoc-efinity-v2026.1.132\cam_single\Ti60F225_dsi\ip\csi2_rx_cam\csi2_rx_cam.sv:1466)
[EFX-0200 WARNING] Removing redundant signal : nextCRC16_D16.newcrc[15:0]. (C:\Users\Jing-XuanTan(i)\Downloads\evsoc-efinity-v2026.1.132\evsoc-efinity-v2026.1.132\cam_single\Ti60F225_dsi\ip\csi2_rx_cam\csi2_rx_cam.sv:1466)
[EFX-0200 WARNING] Removing redundant signal : nextCRC16_D8[15:0]. (C:\Users\Jing-XuanTan(i)\Downloads\evsoc-efinity-v2026.1.132\evsoc-efinity-v2026.1.132\cam_single\Ti60F225_dsi\ip\csi2_rx_cam\csi2_rx_cam.sv:1466)
[EFX-0200 WARNING] Removing redundant signal : nextCRC16_D8.Data[7:0]. (C:\Users\Jing-XuanTan(i)\Downloads\evsoc-efinity-v2026.1.132\evsoc-efinity-v2026.1.132\cam_single\Ti60F225_dsi\ip\csi2_rx_cam\csi2_rx_cam.sv:1466)
[EFX-0200 WARNING] Removing redundant signal : nextCRC16_D8.fcrc[15:0]. (C:\Users\Jing-XuanTan(i)\Downloads\evsoc-efinity-v2026.1.132\evsoc-efinity-v2026.1.132\cam_single\Ti60F225_dsi\ip\csi2_rx_cam\csi2_rx_cam.sv:1466)
[EFX-0201 WARNING] Re-wiring to GND non-driven net/port 'a_wr_rst_i' in module 'efx_fifo_top_077823fa68f649b1a7074c944568f3e4(FAMILY="TITANIUM",SYNC_CLK=1,DATA_WIDTH=40,PIPELINE_REG=0,OUTPUT_REG=1,PROGRAMMABLE_FULL="NONE",PROG_FULL_ASSERT=510,PROG_FULL_NEGATE=510,PROGRAMMABLE_EMPTY="NONE",PROG_EMPTY_ASSERT=2,PROG_EMPTY_NEGATE=3)'. (C:\Users\Jing-XuanTan(i)\Downloads\evsoc-efinity-v2026.1.132\evsoc-efinity-v2026.1.132\cam_single\Ti60F225_dsi\ip\cam_pixel_remap_fifo\cam_pixel_remap_fifo.sv:92)
[EFX-0201 WARNING] Re-wiring to GND non-driven net/port 'a_rd_rst_i' in module 'efx_fifo_top_077823fa68f649b1a7074c944568f3e4(FAMILY="TITANIUM",SYNC_CLK=1,DATA_WIDTH=40,PIPELINE_REG=0,OUTPUT_REG=1,PROGRAMMABLE_FULL="NONE",PROG_FULL_ASSERT=510,PROG_FULL_NEGATE=510,PROGRAMMABLE_EMPTY="NONE",PROG_EMPTY_ASSERT=2,PROG_EMPTY_NEGATE=3)'. (C:\Users\Jing-XuanTan(i)\Downloads\evsoc-efinity-v2026.1.132\evsoc-efinity-v2026.1.132\cam_single\Ti60F225_dsi\ip\cam_pixel_remap_fifo\cam_pixel_remap_fifo.sv:92)
[EFX-0201 WARNING] Re-wiring to GND non-driven net/port 'wr_clk_i' in module 'efx_fifo_top_077823fa68f649b1a7074c944568f3e4(FAMILY="TITANIUM",SYNC_CLK=1,DATA_WIDTH=40,PIPELINE_REG=0,OUTPUT_REG=1,PROGRAMMABLE_FULL="NONE",PROG_FULL_ASSERT=510,PROG_FULL_NEGATE=510,PROGRAMMABLE_EMPTY="NONE",PROG_EMPTY_ASSERT=2,PROG_EMPTY_NEGATE=3)'. (C:\Users\Jing-XuanTan(i)\Downloads\evsoc-efinity-v2026.1.132\evsoc-efinity-v2026.1.132\cam_single\Ti60F225_dsi\ip\cam_pixel_remap_fifo\cam_pixel_remap_fifo.sv:92)
[EFX-0201 WARNING] Re-wiring to GND non-driven net/port 'rd_clk_i' in module 'efx_fifo_top_077823fa68f649b1a7074c944568f3e4(FAMILY="TITANIUM",SYNC_CLK=1,DATA_WIDTH=40,PIPELINE_REG=0,OUTPUT_REG=1,PROGRAMMABLE_FULL="NONE",PROG_FULL_ASSERT=510,PROG_FULL_NEGATE=510,PROGRAMMABLE_EMPTY="NONE",PROG_EMPTY_ASSERT=2,PROG_EMPTY_NEGATE=3)'. (C:\Users\Jing-XuanTan(i)\Downloads\evsoc-efinity-v2026.1.132\evsoc-efinity-v2026.1.132\cam_single\Ti60F225_dsi\ip\cam_pixel_remap_fifo\cam_pixel_remap_fifo.sv:92)
[EFX-0201 WARNING] Re-wiring to GND non-driven net/port 'r_registers[12][31]' in module 'axi_lite_register(S_AXI_WSTRB_WIDTH=4)'. (C:\Users\Jing-XuanTan(i)\Downloads\evsoc-efinity-v2026.1.132\evsoc-efinity-v2026.1.132\cam_single\Ti60F225_dsi\source/isp/axi_lite_register.sv:99)
[EFX-0201 WARNING] Re-wiring to GND non-driven net/port 'r_registers[12][30]' in module 'axi_lite_register(S_AXI_WSTRB_WIDTH=4)'. (C:\Users\Jing-XuanTan(i)\Downloads\evsoc-efinity-v2026.1.132\evsoc-efinity-v2026.1.132\cam_single\Ti60F225_dsi\source/isp/axi_lite_register.sv:99)
[EFX-0201 WARNING] Re-wiring to GND non-driven net/port 'r_registers[12][29]' in module 'axi_lite_register(S_AXI_WSTRB_WIDTH=4)'. (C:\Users\Jing-XuanTan(i)\Downloads\evsoc-efinity-v2026.1.132\evsoc-efinity-v2026.1.132\cam_single\Ti60F225_dsi\source/isp/axi_lite_register.sv:99)
[EFX-0201 WARNING] Re-wiring to GND non-driven net/port 'r_registers[12][28]' in module 'axi_lite_register(S_AXI_WSTRB_WIDTH=4)'. (C:\Users\Jing-XuanTan(i)\Downloads\evsoc-efinity-v2026.1.132\evsoc-efinity-v2026.1.132\cam_single\Ti60F225_dsi\source/isp/axi_lite_register.sv:99)
[EFX-0201 WARNING] Re-wiring to GND non-driven net/port 'r_registers[12][27]' in module 'axi_lite_register(S_AXI_WSTRB_WIDTH=4)'. (C:\Users\Jing-XuanTan(i)\Downloads\evsoc-efinity-v2026.1.132\evsoc-efinity-v2026.1.132\cam_single\Ti60F225_dsi\source/isp/axi_lite_register.sv:99)
[EFX-0201 WARNING] Re-wiring to GND non-driven net/port 'r_registers[12][26]' in module 'axi_lite_register(S_AXI_WSTRB_WIDTH=4)'. (C:\Users\Jing-XuanTan(i)\Downloads\evsoc-efinity-v2026.1.132\evsoc-efinity-v2026.1.132\cam_single\Ti60F225_dsi\source/isp/axi_lite_register.sv:99)
[EFX-0657 WARNING] Mapping into logic memory block 'pipe_0_center' (28 bits) (C:\Users\Jing-XuanTan(i)\Downloads\evsoc-efinity-v2026.1.132\evsoc-efinity-v2026.1.132\cam_single\Ti60F225_dsi\source/isp/demosaic.sv:68) because size is too small (<=64)
[EFX-0657 WARNING] Mapping into logic memory block 'pipe_0_outer_horizontal' (28 bits) (C:\Users\Jing-XuanTan(i)\Downloads\evsoc-efinity-v2026.1.132\evsoc-efinity-v2026.1.132\cam_single\Ti60F225_dsi\source/isp/demosaic.sv:69) because size is too small (<=64)
[EFX-0657 WARNING] Mapping into logic memory block 'pipe_0_outer_vertical' (28 bits) (C:\Users\Jing-XuanTan(i)\Downloads\evsoc-efinity-v2026.1.132\evsoc-efinity-v2026.1.132\cam_single\Ti60F225_dsi\source/isp/demosaic.sv:70) because size is too small (<=64)
[EFX-0657 WARNING] Mapping into logic memory block 'pipe_0_inner_horizontal' (28 bits) (C:\Users\Jing-XuanTan(i)\Downloads\evsoc-efinity-v2026.1.132\evsoc-efinity-v2026.1.132\cam_single\Ti60F225_dsi\source/isp/demosaic.sv:71) because size is too small (<=64)
[EFX-0657 WARNING] Mapping into logic memory block 'pipe_0_inner_vertical' (28 bits) (C:\Users\Jing-XuanTan(i)\Downloads\evsoc-efinity-v2026.1.132\evsoc-efinity-v2026.1.132\cam_single\Ti60F225_dsi\source/isp/demosaic.sv:72) because size is too small (<=64)
[EFX-0657 WARNING] Mapping into logic memory block 'pipe_0_inner_top' (28 bits) (C:\Users\Jing-XuanTan(i)\Downloads\evsoc-efinity-v2026.1.132\evsoc-efinity-v2026.1.132\cam_single\Ti60F225_dsi\source/isp/demosaic.sv:73) because size is too small (<=64)
[EFX-0657 WARNING] Mapping into logic memory block 'pipe_0_inner_bottom' (28 bits) (C:\Users\Jing-XuanTan(i)\Downloads\evsoc-efinity-v2026.1.132\evsoc-efinity-v2026.1.132\cam_single\Ti60F225_dsi\source/isp/demosaic.sv:74) because size is too small (<=64)
[EFX-0657 WARNING] Mapping into logic memory block 'pipe_1_center' (36 bits) (C:\Users\Jing-XuanTan(i)\Downloads\evsoc-efinity-v2026.1.132\evsoc-efinity-v2026.1.132\cam_single\Ti60F225_dsi\source/isp/demosaic.sv:80) because size is too small (<=64)
[EFX-0657 WARNING] Mapping into logic memory block 'pipe_1_center_x5' (36 bits) (C:\Users\Jing-XuanTan(i)\Downloads\evsoc-efinity-v2026.1.132\evsoc-efinity-v2026.1.132\cam_single\Ti60F225_dsi\source/isp/demosaic.sv:81) because size is too small (<=64)
[EFX-0657 WARNING] Mapping into logic memory block 'pipe_1_center_x6' (36 bits) (C:\Users\Jing-XuanTan(i)\Downloads\evsoc-efinity-v2026.1.132\evsoc-efinity-v2026.1.132\cam_single\Ti60F225_dsi\source/isp/demosaic.sv:82) because size is too small (<=64)
[EFX-0657 WARNING] Mapping into logic memory block 'pipe_1_outer_horizontal' (36 bits) (C:\Users\Jing-XuanTan(i)\Downloads\evsoc-efinity-v2026.1.132\evsoc-efinity-v2026.1.132\cam_single\Ti60F225_dsi\source/isp/demosaic.sv:83) because size is too small (<=64)
[EFX-0657 WARNING] Mapping into logic memory block 'pipe_1_outer_vertical' (36 bits) (C:\Users\Jing-XuanTan(i)\Downloads\evsoc-efinity-v2026.1.132\evsoc-efinity-v2026.1.132\cam_single\Ti60F225_dsi\source/isp/demosaic.sv:84) because size is too small (<=64)
[EFX-0657 WARNING] Mapping into logic memory block 'pipe_1_outer_cross' (36 bits) (C:\Users\Jing-XuanTan(i)\Downloads\evsoc-efinity-v2026.1.132\evsoc-efinity-v2026.1.132\cam_single\Ti60F225_dsi\source/isp/demosaic.sv:85) because size is too small (<=64)
[EFX-0657 WARNING] Mapping into logic memory block 'pipe_1_inner_h_outer_v_x2' (36 bits) (C:\Users\Jing-XuanTan(i)\Downloads\evsoc-efinity-v2026.1.132\evsoc-efinity-v2026.1.132\cam_single\Ti60F225_dsi\source/isp/demosaic.sv:86) because size is too small (<=64)
[EFX-0657 WARNING] Mapping into logic memory block 'pipe_1_inner_v_outer_h_x2' (36 bits) (C:\Users\Jing-XuanTan(i)\Downloads\evsoc-efinity-v2026.1.132\evsoc-efinity-v2026.1.132\cam_single\Ti60F225_dsi\source/isp/demosaic.sv:87) because size is too small (<=64)
[EFX-0657 WARNING] Mapping into logic memory block 'pipe_1_inner_corner' (36 bits) (C:\Users\Jing-XuanTan(i)\Downloads\evsoc-efinity-v2026.1.132\evsoc-efinity-v2026.1.132\cam_single\Ti60F225_dsi\source/isp/demosaic.sv:88) because size is too small (<=64)
[EFX-0657 WARNING] Mapping into logic memory block 'pipe_1_inner_cross' (36 bits) (C:\Users\Jing-XuanTan(i)\Downloads\evsoc-efinity-v2026.1.132\evsoc-efinity-v2026.1.132\cam_single\Ti60F225_dsi\source/isp/demosaic.sv:89) because size is too small (<=64)
[EFX-0657 WARNING] Mapping into logic memory block 'pipe_2_center' (44 bits) (C:\Users\Jing-XuanTan(i)\Downloads\evsoc-efinity-v2026.1.132\evsoc-efinity-v2026.1.132\cam_single\Ti60F225_dsi\source/isp/demosaic.sv:95) because size is too small (<=64)
[EFX-0657 WARNING] Mapping into logic memory block 'pipe_2_center_cross_x2' (44 bits) (C:\Users\Jing-XuanTan(i)\Downloads\evsoc-efinity-v2026.1.132\evsoc-efinity-v2026.1.132\cam_single\Ti60F225_dsi\source/isp/demosaic.sv:96) because size is too small (<=64)
[EFX-0657 WARNING] Mapping into logic memory block 'pipe_2_outer_cross_x2' (44 bits) (C:\Users\Jing-XuanTan(i)\Downloads\evsoc-efinity-v2026.1.132\evsoc-efinity-v2026.1.132\cam_single\Ti60F225_dsi\source/isp/demosaic.sv:97) because size is too small (<=64)
[EFX-0657 WARNING] Mapping into logic memory block 'pipe_2_outer_cross_x3' (44 bits) (C:\Users\Jing-XuanTan(i)\Downloads\evsoc-efinity-v2026.1.132\evsoc-efinity-v2026.1.132\cam_single\Ti60F225_dsi\source/isp/demosaic.sv:98) because size is too small (<=64)
[EFX-0657 WARNING] Mapping into logic memory block 'pipe_2_inner_c_outer_h_x2' (44 bits) (C:\Users\Jing-XuanTan(i)\Downloads\evsoc-efinity-v2026.1.132\evsoc-efinity-v2026.1.132\cam_single\Ti60F225_dsi\source/isp/demosaic.sv:99) because size is too small (<=64)
[EFX-0657 WARNING] Mapping into logic memory block 'pipe_2_inner_c_outer_v_x2' (44 bits) (C:\Users\Jing-XuanTan(i)\Downloads\evsoc-efinity-v2026.1.132\evsoc-efinity-v2026.1.132\cam_single\Ti60F225_dsi\source/isp/demosaic.sv:100) because size is too small (<=64)
[EFX-0657 WARNING] Mapping into logic memory block 'pipe_2_rb_at_g1_x2' (44 bits) (C:\Users\Jing-XuanTan(i)\Downloads\evsoc-efinity-v2026.1.132\evsoc-efinity-v2026.1.132\cam_single\Ti60F225_dsi\source/isp/demosaic.sv:101) because size is too small (<=64)
[EFX-0657 WARNING] Mapping into logic memory block 'pipe_2_rb_at_g2_x2' (44 bits) (C:\Users\Jing-XuanTan(i)\Downloads\evsoc-efinity-v2026.1.132\evsoc-efinity-v2026.1.132\cam_single\Ti60F225_dsi\source/isp/demosaic.sv:102) because size is too small (<=64)
[EFX-0657 WARNING] Mapping into logic memory block 'pipe_2_rb_at_rb_x2' (44 bits) (C:\Users\Jing-XuanTan(i)\Downloads\evsoc-efinity-v2026.1.132\evsoc-efinity-v2026.1.132\cam_single\Ti60F225_dsi\source/isp/demosaic.sv:103) because size is too small (<=64)
[EFX-0657 WARNING] Mapping into logic memory block 'logic_progbufX_mem' (64 bits) (C:\Users\Jing-XuanTan(i)\Downloads\evsoc-efinity-v2026.1.132\evsoc-efinity-v2026.1.132\cam_single\Ti60F225_dsi\ip\SapphireSoc\SapphireSoc.v:12001) because size is too small (<=64)
[EFX-0657 WARNING] Mapping into logic memory block 'logic_ram' (64 bits) (C:\Users\Jing-XuanTan(i)\Downloads\evsoc-efinity-v2026.1.132\evsoc-efinity-v2026.1.132\cam_single\Ti60F225_dsi\ip\SapphireSoc\SapphireSoc.v:20390) because size is too small (<=64)
[EFX-0656 WARNING] Optimizing into logic zero initialized read-only memory block 'u_dma/u_EfxDMA/inputsAdapter_1_crossclock_fifo/ram__D$c1'. (C:\Users\Jing-XuanTan(i)\Downloads\evsoc-efinity-v2026.1.132\evsoc-efinity-v2026.1.132\cam_single\Ti60F225_dsi\ip\dma\dma.v:2839)
[EFX-0656 WARNING] Optimizing into logic zero initialized read-only memory block 'u_dma/u_EfxDMA/inputsAdapter_1_crossclock_fifo/ram__D$b12'. (C:\Users\Jing-XuanTan(i)\Downloads\evsoc-efinity-v2026.1.132\evsoc-efinity-v2026.1.132\cam_single\Ti60F225_dsi\ip\dma\dma.v:2839)
[EFX-0656 WARNING] Optimizing into logic zero initialized read-only memory block 'u_dma/u_EfxDMA/inputsAdapter_1_crossclock_fifo/ram__D$12'. (C:\Users\Jing-XuanTan(i)\Downloads\evsoc-efinity-v2026.1.132\evsoc-efinity-v2026.1.132\cam_single\Ti60F225_dsi\ip\dma\dma.v:2839)
[EFX-0656 WARNING] Optimizing into logic zero initialized read-only memory block 'u_dma/u_EfxDMA/inputsAdapter_1_crossclock_fifo/ram__D$2'. (C:\Users\Jing-XuanTan(i)\Downloads\evsoc-efinity-v2026.1.132\evsoc-efinity-v2026.1.132\cam_single\Ti60F225_dsi\ip\dma\dma.v:2839)

///////////////////////////////////
// Efinity Synthesis Started 
// Oct 07, 2026 19:38:21
///////////////////////////////////

[EFX-0011 VERI-WARNING] port 'probe17' remains unconnected for this instance (VERI-1927) (C:/Users/Jing-XuanTan(i)/Downloads/evsoc-efinity-v2026.1.132/evsoc-efinity-v2026.1.132/cam_single/Ti60F225_dsi/work_dbg/debug_top.v:178)
[EFX-0011 VERI-WARNING] input port 'probe17[0]' remains unconnected for this instance (VDB-1053) (C:/Users/Jing-XuanTan(i)/Downloads/evsoc-efinity-v2026.1.132/evsoc-efinity-v2026.1.132/cam_single/Ti60F225_dsi/work_dbg/debug_top.v:140)
[EFX-0200 WARNING] Removing redundant signal : compared_in[0]. (C:/Users/Jing-XuanTan(i)/Downloads/evsoc-efinity-v2026.1.132/evsoc-efinity-v2026.1.132/cam_single/Ti60F225_dsi/work_dbg/debug_top.v:5580)
[EFX-0200 WARNING] Removing redundant signal : mask_in[0]. (C:/Users/Jing-XuanTan(i)/Downloads/evsoc-efinity-v2026.1.132/evsoc-efinity-v2026.1.132/cam_single/Ti60F225_dsi/work_dbg/debug_top.v:5581)
[EFX-0200 WARNING] Removing redundant signal : trigger_in. (C:/Users/Jing-XuanTan(i)/Downloads/evsoc-efinity-v2026.1.132/evsoc-efinity-v2026.1.132/cam_single/Ti60F225_dsi/work_dbg/debug_top.v:5791)
[EFX-0200 WARNING] Removing redundant signal : clk. (C:/Users/Jing-XuanTan(i)/Downloads/evsoc-efinity-v2026.1.132/evsoc-efinity-v2026.1.132/cam_single/Ti60F225_dsi/work_dbg/debug_top.v:4614)
[EFX-0200 WARNING] Removing redundant signal : full. (C:/Users/Jing-XuanTan(i)/Downloads/evsoc-efinity-v2026.1.132/evsoc-efinity-v2026.1.132/cam_single/Ti60F225_dsi/work_dbg/debug_top.v:4668)
[EFX-0200 WARNING] Removing redundant signal : shift_i. (C:/Users/Jing-XuanTan(i)/Downloads/evsoc-efinity-v2026.1.132/evsoc-efinity-v2026.1.132/cam_single/Ti60F225_dsi/work_dbg/debug_top.v:4938)
[EFX-0200 WARNING] Removing redundant signal : trig_out. (C:/Users/Jing-XuanTan(i)/Downloads/evsoc-efinity-v2026.1.132/evsoc-efinity-v2026.1.132/cam_single/Ti60F225_dsi/work_dbg/debug_top.v:4955)
[EFX-0200 WARNING] Removing redundant signal : trig_out_ack. (C:/Users/Jing-XuanTan(i)/Downloads/evsoc-efinity-v2026.1.132/evsoc-efinity-v2026.1.132/cam_single/Ti60F225_dsi/work_dbg/debug_top.v:4956)
[EFX-0200 WARNING] Removing redundant signal : bscan_DRCK. (C:/Users/Jing-XuanTan(i)/Downloads/evsoc-efinity-v2026.1.132/evsoc-efinity-v2026.1.132/cam_single/Ti60F225_dsi/work_dbg/debug_top.v:1097)
[EFX-0200 WARNING] Removing redundant signal : bscan_RESET. (C:/Users/Jing-XuanTan(i)/Downloads/evsoc-efinity-v2026.1.132/evsoc-efinity-v2026.1.132/cam_single/Ti60F225_dsi/work_dbg/debug_top.v:1098)
[EFX-0200 WARNING] Removing redundant signal : bscan_RUNTEST. (C:/Users/Jing-XuanTan(i)/Downloads/evsoc-efinity-v2026.1.132/evsoc-efinity-v2026.1.132/cam_single/Ti60F225_dsi/work_dbg/debug_top.v:1099)
[EFX-0200 WARNING] Removing redundant signal : bscan_SEL. (C:/Users/Jing-XuanTan(i)/Downloads/evsoc-efinity-v2026.1.132/evsoc-efinity-v2026.1.132/cam_single/Ti60F225_dsi/work_dbg/debug_top.v:1100)
[EFX-0200 WARNING] Removing redundant signal : bscan_TMS. (C:/Users/Jing-XuanTan(i)/Downloads/evsoc-efinity-v2026.1.132/evsoc-efinity-v2026.1.132/cam_single/Ti60F225_dsi/work_dbg/debug_top.v:1104)
[EFX-0200 WARNING] Removing redundant signal : trig_in_ack. (C:/Users/Jing-XuanTan(i)/Downloads/evsoc-efinity-v2026.1.132/evsoc-efinity-v2026.1.132/cam_single/Ti60F225_dsi/work_dbg/debug_top.v:1116)
[EFX-0200 WARNING] Removing redundant signal : mux_capture_cmp[16:0]. (C:/Users/Jing-XuanTan(i)/Downloads/evsoc-efinity-v2026.1.132/evsoc-efinity-v2026.1.132/cam_single/Ti60F225_dsi/work_dbg/debug_top.v:3535)
[EFX-0200 WARNING] Removing redundant signal : bscan_CAPTURE. (C:/Users/Jing-XuanTan(i)/Downloads/evsoc-efinity-v2026.1.132/evsoc-efinity-v2026.1.132/cam_single/Ti60F225_dsi/work_dbg/debug_top.v:336)
[EFX-0200 WARNING] Removing redundant signal : bscan_DRCK. (C:/Users/Jing-XuanTan(i)/Downloads/evsoc-efinity-v2026.1.132/evsoc-efinity-v2026.1.132/cam_single/Ti60F225_dsi/work_dbg/debug_top.v:337)
[EFX-0200 WARNING] Removing redundant signal : bscan_RUNTEST. (C:/Users/Jing-XuanTan(i)/Downloads/evsoc-efinity-v2026.1.132/evsoc-efinity-v2026.1.132/cam_single/Ti60F225_dsi/work_dbg/debug_top.v:339)
[EFX-0200 WARNING] Removing redundant signal : bscan_TMS. (C:/Users/Jing-XuanTan(i)/Downloads/evsoc-efinity-v2026.1.132/evsoc-efinity-v2026.1.132/cam_single/Ti60F225_dsi/work_dbg/debug_top.v:344)
[EFX-0201 WARNING] Re-wiring to GND non-driven net/port 'probe17[0]' in module 'edb_la_top_84389157040f449bac699f50c0925c9e_renamed_due_excessive_length_1'. (C:/Users/Jing-XuanTan(i)/Downloads/evsoc-efinity-v2026.1.132/evsoc-efinity-v2026.1.132/cam_single/Ti60F225_dsi/work_dbg/debug_top.v:140)
[EFX-0201 WARNING] Re-wiring to GND non-driven net/port 'probe18[0]' in module 'edb_la_top_84389157040f449bac699f50c0925c9e_renamed_due_excessive_length_1'. (C:/Users/Jing-XuanTan(i)/Downloads/evsoc-efinity-v2026.1.132/evsoc-efinity-v2026.1.132/cam_single/Ti60F225_dsi/work_dbg/debug_top.v:140)
[EFX-0201 WARNING] Re-wiring to GND non-driven net/port 'probe19[0]' in module 'edb_la_top_84389157040f449bac699f50c0925c9e_renamed_due_excessive_length_1'. (C:/Users/Jing-XuanTan(i)/Downloads/evsoc-efinity-v2026.1.132/evsoc-efinity-v2026.1.132/cam_single/Ti60F225_dsi/work_dbg/debug_top.v:140)
[EFX-0201 WARNING] Re-wiring to GND non-driven net/port 'probe20[0]' in module 'edb_la_top_84389157040f449bac699f50c0925c9e_renamed_due_excessive_length_1'. (C:/Users/Jing-XuanTan(i)/Downloads/evsoc-efinity-v2026.1.132/evsoc-efinity-v2026.1.132/cam_single/Ti60F225_dsi/work_dbg/debug_top.v:140)
[EFX-0201 WARNING] Re-wiring to GND non-driven net/port 'probe21[0]' in module 'edb_la_top_84389157040f449bac699f50c0925c9e_renamed_due_excessive_length_1'. (C:/Users/Jing-XuanTan(i)/Downloads/evsoc-efinity-v2026.1.132/evsoc-efinity-v2026.1.132/cam_single/Ti60F225_dsi/work_dbg/debug_top.v:140)
[EFX-0201 WARNING] Re-wiring to GND non-driven net/port 'probe22[0]' in module 'edb_la_top_84389157040f449bac699f50c0925c9e_renamed_due_excessive_length_1'. (C:/Users/Jing-XuanTan(i)/Downloads/evsoc-efinity-v2026.1.132/evsoc-efinity-v2026.1.132/cam_single/Ti60F225_dsi/work_dbg/debug_top.v:140)
[EFX-0201 WARNING] Re-wiring to GND non-driven net/port 'probe23[0]' in module 'edb_la_top_84389157040f449bac699f50c0925c9e_renamed_due_excessive_length_1'. (C:/Users/Jing-XuanTan(i)/Downloads/evsoc-efinity-v2026.1.132/evsoc-efinity-v2026.1.132/cam_single/Ti60F225_dsi/work_dbg/debug_top.v:140)
[EFX-0201 WARNING] Re-wiring to GND non-driven net/port 'probe24[0]' in module 'edb_la_top_84389157040f449bac699f50c0925c9e_renamed_due_excessive_length_1'. (C:/Users/Jing-XuanTan(i)/Downloads/evsoc-efinity-v2026.1.132/evsoc-efinity-v2026.1.132/cam_single/Ti60F225_dsi/work_dbg/debug_top.v:140)
[EFX-0201 WARNING] Re-wiring to GND non-driven net/port 'probe25[0]' in module 'edb_la_top_84389157040f449bac699f50c0925c9e_renamed_due_excessive_length_1'. (C:/Users/Jing-XuanTan(i)/Downloads/evsoc-efinity-v2026.1.132/evsoc-efinity-v2026.1.132/cam_single/Ti60F225_dsi/work_dbg/debug_top.v:140)
[EFX-0201 WARNING] Re-wiring to GND non-driven net/port 'probe26[0]' in module 'edb_la_top_84389157040f449bac699f50c0925c9e_renamed_due_excessive_length_1'. (C:/Users/Jing-XuanTan(i)/Downloads/evsoc-efinity-v2026.1.132/evsoc-efinity-v2026.1.132/cam_single/Ti60F225_dsi/work_dbg/debug_top.v:140)
[EFX-0011 VERI-WARNING] Input/inout port bscan_DRCK is unconnected. Place and route may remove this unconnected port. (VDB-8003) (C:/Users/Jing-XuanTan(i)/Downloads/evsoc-efinity-v2026.1.132/evsoc-efinity-v2026.1.132/cam_single/Ti60F225_dsi/work_dbg/debug_top.v:17)
[EFX-0011 VERI-WARNING] Input/inout port bscan_RUNTEST is unconnected. Place and route may remove this unconnected port. (VDB-8003) (C:/Users/Jing-XuanTan(i)/Downloads/evsoc-efinity-v2026.1.132/evsoc-efinity-v2026.1.132/cam_single/Ti60F225_dsi/work_dbg/debug_top.v:19)
[EFX-0011 VERI-WARNING] Input/inout port bscan_TMS is unconnected. Place and route may remove this unconnected port. (VDB-8003) (C:/Users/Jing-XuanTan(i)/Downloads/evsoc-efinity-v2026.1.132/evsoc-efinity-v2026.1.132/cam_single/Ti60F225_dsi/work_dbg/debug_top.v:24)
[EFX-0011 VERI-WARNING] Found 3 warnings in the post-synthesis netlist. 

///////////////////////////////////
// Efinity Synthesis Started 
// Oct 07, 2026 19:38:32
///////////////////////////////////

[EFX-0200 WARNING] Removing redundant signal : Rx_HS_D_2[7:0]. (C:\Users\Jing-XuanTan(i)\Downloads\evsoc-efinity-v2026.1.132\evsoc-efinity-v2026.1.132\cam_single\Ti60F225_dsi\ip\csi2_rx_cam\csi2_rx_cam.sv:6307)
[EFX-0200 WARNING] Removing redundant signal : Rx_HS_D_3[7:0]. (C:\Users\Jing-XuanTan(i)\Downloads\evsoc-efinity-v2026.1.132\evsoc-efinity-v2026.1.132\cam_single\Ti60F225_dsi\ip\csi2_rx_cam\csi2_rx_cam.sv:6307)
[EFX-0200 WARNING] Removing redundant signal : Rx_HS_D_4[7:0]. (C:\Users\Jing-XuanTan(i)\Downloads\evsoc-efinity-v2026.1.132\evsoc-efinity-v2026.1.132\cam_single\Ti60F225_dsi\ip\csi2_rx_cam\csi2_rx_cam.sv:6307)
[EFX-0200 WARNING] Removing redundant signal : Rx_HS_D_5[7:0]. (C:\Users\Jing-XuanTan(i)\Downloads\evsoc-efinity-v2026.1.132\evsoc-efinity-v2026.1.132\cam_single\Ti60F225_dsi\ip\csi2_rx_cam\csi2_rx_cam.sv:6307)
[EFX-0200 WARNING] Removing redundant signal : Rx_HS_D_6[7:0]. (C:\Users\Jing-XuanTan(i)\Downloads\evsoc-efinity-v2026.1.132\evsoc-efinity-v2026.1.132\cam_single\Ti60F225_dsi\ip\csi2_rx_cam\csi2_rx_cam.sv:6307)
[EFX-0200 WARNING] Removing redundant signal : Rx_HS_D_7[7:0]. (C:\Users\Jing-XuanTan(i)\Downloads\evsoc-efinity-v2026.1.132\evsoc-efinity-v2026.1.132\cam_single\Ti60F225_dsi\ip\csi2_rx_cam\csi2_rx_cam.sv:6307)
[EFX-0200 WARNING] Removing redundant signal : u_dly_enable_D[1:0]. (C:\Users\Jing-XuanTan(i)\Downloads\evsoc-efinity-v2026.1.132\evsoc-efinity-v2026.1.132\cam_single\Ti60F225_dsi\ip\csi2_rx_cam\csi2_rx_cam.sv:6307)
[EFX-0200 WARNING] Removing redundant signal : u_dly_inc_D[1:0]. (C:\Users\Jing-XuanTan(i)\Downloads\evsoc-efinity-v2026.1.132\evsoc-efinity-v2026.1.132\cam_single\Ti60F225_dsi\ip\csi2_rx_cam\csi2_rx_cam.sv:6307)
[EFX-0200 WARNING] Removing redundant signal : axi_awaddr[1:0]. (C:\Users\Jing-XuanTan(i)\Downloads\evsoc-efinity-v2026.1.132\evsoc-efinity-v2026.1.132\cam_single\Ti60F225_dsi\ip\csi2_rx_cam\csi2_rx_cam.sv:5564)
[EFX-0200 WARNING] Removing redundant signal : axi_araddr[1:0]. (C:\Users\Jing-XuanTan(i)\Downloads\evsoc-efinity-v2026.1.132\evsoc-efinity-v2026.1.132\cam_single\Ti60F225_dsi\ip\csi2_rx_cam\csi2_rx_cam.sv:5564)
[EFX-0200 WARNING] Removing redundant signal : loc_rdata[31:0]. (C:\Users\Jing-XuanTan(i)\Downloads\evsoc-efinity-v2026.1.132\evsoc-efinity-v2026.1.132\cam_single\Ti60F225_dsi\ip\csi2_rx_cam\csi2_rx_cam.sv:5564)
[EFX-0200 WARNING] Removing redundant signal : nextCRC16_D16[15:0]. (C:\Users\Jing-XuanTan(i)\Downloads\evsoc-efinity-v2026.1.132\evsoc-efinity-v2026.1.132\cam_single\Ti60F225_dsi\ip\csi2_rx_cam\csi2_rx_cam.sv:1466)
[EFX-0200 WARNING] Removing redundant signal : nextCRC16_D16.Data[15:0]. (C:\Users\Jing-XuanTan(i)\Downloads\evsoc-efinity-v2026.1.132\evsoc-efinity-v2026.1.132\cam_single\Ti60F225_dsi\ip\csi2_rx_cam\csi2_rx_cam.sv:1466)
[EFX-0200 WARNING] Removing redundant signal : nextCRC16_D16.fcrc[15:0]. (C:\Users\Jing-XuanTan(i)\Downloads\evsoc-efinity-v2026.1.132\evsoc-efinity-v2026.1.132\cam_single\Ti60F225_dsi\ip\csi2_rx_cam\csi2_rx_cam.sv:1466)
[EFX-0200 WARNING] Removing redundant signal : nextCRC16_D16.d[15:0]. (C:\Users\Jing-XuanTan(i)\Downloads\evsoc-efinity-v2026.1.132\evsoc-efinity-v2026.1.132\cam_single\Ti60F225_dsi\ip\csi2_rx_cam\csi2_rx_cam.sv:1466)
[EFX-0200 WARNING] Removing redundant signal : nextCRC16_D16.c[15:0]. (C:\Users\Jing-XuanTan(i)\Downloads\evsoc-efinity-v2026.1.132\evsoc-efinity-v2026.1.132\cam_single\Ti60F225_dsi\ip\csi2_rx_cam\csi2_rx_cam.sv:1466)
[EFX-0200 WARNING] Removing redundant signal : nextCRC16_D16.newcrc[15:0]. (C:\Users\Jing-XuanTan(i)\Downloads\evsoc-efinity-v2026.1.132\evsoc-efinity-v2026.1.132\cam_single\Ti60F225_dsi\ip\csi2_rx_cam\csi2_rx_cam.sv:1466)
[EFX-0200 WARNING] Removing redundant signal : nextCRC16_D8[15:0]. (C:\Users\Jing-XuanTan(i)\Downloads\evsoc-efinity-v2026.1.132\evsoc-efinity-v2026.1.132\cam_single\Ti60F225_dsi\ip\csi2_rx_cam\csi2_rx_cam.sv:1466)
[EFX-0200 WARNING] Removing redundant signal : nextCRC16_D8.Data[7:0]. (C:\Users\Jing-XuanTan(i)\Downloads\evsoc-efinity-v2026.1.132\evsoc-efinity-v2026.1.132\cam_single\Ti60F225_dsi\ip\csi2_rx_cam\csi2_rx_cam.sv:1466)
[EFX-0200 WARNING] Removing redundant signal : nextCRC16_D8.fcrc[15:0]. (C:\Users\Jing-XuanTan(i)\Downloads\evsoc-efinity-v2026.1.132\evsoc-efinity-v2026.1.132\cam_single\Ti60F225_dsi\ip\csi2_rx_cam\csi2_rx_cam.sv:1466)
[EFX-0201 WARNING] Re-wiring to GND non-driven net/port 'a_wr_rst_i' in module 'efx_fifo_top_077823fa68f649b1a7074c944568f3e4(FAMILY="TITANIUM",SYNC_CLK=1,DATA_WIDTH=40,PIPELINE_REG=0,OUTPUT_REG=1,PROGRAMMABLE_FULL="NONE",PROG_FULL_ASSERT=510,PROG_FULL_NEGATE=510,PROGRAMMABLE_EMPTY="NONE",PROG_EMPTY_ASSERT=2,PROG_EMPTY_NEGATE=3)'. (C:\Users\Jing-XuanTan(i)\Downloads\evsoc-efinity-v2026.1.132\evsoc-efinity-v2026.1.132\cam_single\Ti60F225_dsi\ip\cam_pixel_remap_fifo\cam_pixel_remap_fifo.sv:92)
[EFX-0201 WARNING] Re-wiring to GND non-driven net/port 'a_rd_rst_i' in module 'efx_fifo_top_077823fa68f649b1a7074c944568f3e4(FAMILY="TITANIUM",SYNC_CLK=1,DATA_WIDTH=40,PIPELINE_REG=0,OUTPUT_REG=1,PROGRAMMABLE_FULL="NONE",PROG_FULL_ASSERT=510,PROG_FULL_NEGATE=510,PROGRAMMABLE_EMPTY="NONE",PROG_EMPTY_ASSERT=2,PROG_EMPTY_NEGATE=3)'. (C:\Users\Jing-XuanTan(i)\Downloads\evsoc-efinity-v2026.1.132\evsoc-efinity-v2026.1.132\cam_single\Ti60F225_dsi\ip\cam_pixel_remap_fifo\cam_pixel_remap_fifo.sv:92)
[EFX-0201 WARNING] Re-wiring to GND non-driven net/port 'wr_clk_i' in module 'efx_fifo_top_077823fa68f649b1a7074c944568f3e4(FAMILY="TITANIUM",SYNC_CLK=1,DATA_WIDTH=40,PIPELINE_REG=0,OUTPUT_REG=1,PROGRAMMABLE_FULL="NONE",PROG_FULL_ASSERT=510,PROG_FULL_NEGATE=510,PROGRAMMABLE_EMPTY="NONE",PROG_EMPTY_ASSERT=2,PROG_EMPTY_NEGATE=3)'. (C:\Users\Jing-XuanTan(i)\Downloads\evsoc-efinity-v2026.1.132\evsoc-efinity-v2026.1.132\cam_single\Ti60F225_dsi\ip\cam_pixel_remap_fifo\cam_pixel_remap_fifo.sv:92)
[EFX-0201 WARNING] Re-wiring to GND non-driven net/port 'rd_clk_i' in module 'efx_fifo_top_077823fa68f649b1a7074c944568f3e4(FAMILY="TITANIUM",SYNC_CLK=1,DATA_WIDTH=40,PIPELINE_REG=0,OUTPUT_REG=1,PROGRAMMABLE_FULL="NONE",PROG_FULL_ASSERT=510,PROG_FULL_NEGATE=510,PROGRAMMABLE_EMPTY="NONE",PROG_EMPTY_ASSERT=2,PROG_EMPTY_NEGATE=3)'. (C:\Users\Jing-XuanTan(i)\Downloads\evsoc-efinity-v2026.1.132\evsoc-efinity-v2026.1.132\cam_single\Ti60F225_dsi\ip\cam_pixel_remap_fifo\cam_pixel_remap_fifo.sv:92)
[EFX-0201 WARNING] Re-wiring to GND non-driven net/port 'r_registers[12][31]' in module 'axi_lite_register(S_AXI_WSTRB_WIDTH=4)'. (C:\Users\Jing-XuanTan(i)\Downloads\evsoc-efinity-v2026.1.132\evsoc-efinity-v2026.1.132\cam_single\Ti60F225_dsi\source/isp/axi_lite_register.sv:99)
[EFX-0201 WARNING] Re-wiring to GND non-driven net/port 'r_registers[12][30]' in module 'axi_lite_register(S_AXI_WSTRB_WIDTH=4)'. (C:\Users\Jing-XuanTan(i)\Downloads\evsoc-efinity-v2026.1.132\evsoc-efinity-v2026.1.132\cam_single\Ti60F225_dsi\source/isp/axi_lite_register.sv:99)
[EFX-0201 WARNING] Re-wiring to GND non-driven net/port 'r_registers[12][29]' in module 'axi_lite_register(S_AXI_WSTRB_WIDTH=4)'. (C:\Users\Jing-XuanTan(i)\Downloads\evsoc-efinity-v2026.1.132\evsoc-efinity-v2026.1.132\cam_single\Ti60F225_dsi\source/isp/axi_lite_register.sv:99)
[EFX-0201 WARNING] Re-wiring to GND non-driven net/port 'r_registers[12][28]' in module 'axi_lite_register(S_AXI_WSTRB_WIDTH=4)'. (C:\Users\Jing-XuanTan(i)\Downloads\evsoc-efinity-v2026.1.132\evsoc-efinity-v2026.1.132\cam_single\Ti60F225_dsi\source/isp/axi_lite_register.sv:99)
[EFX-0201 WARNING] Re-wiring to GND non-driven net/port 'r_registers[12][27]' in module 'axi_lite_register(S_AXI_WSTRB_WIDTH=4)'. (C:\Users\Jing-XuanTan(i)\Downloads\evsoc-efinity-v2026.1.132\evsoc-efinity-v2026.1.132\cam_single\Ti60F225_dsi\source/isp/axi_lite_register.sv:99)
[EFX-0201 WARNING] Re-wiring to GND non-driven net/port 'r_registers[12][26]' in module 'axi_lite_register(S_AXI_WSTRB_WIDTH=4)'. (C:\Users\Jing-XuanTan(i)\Downloads\evsoc-efinity-v2026.1.132\evsoc-efinity-v2026.1.132\cam_single\Ti60F225_dsi\source/isp/axi_lite_register.sv:99)
[EFX-0657 WARNING] Mapping into logic memory block 'pipe_0_center' (28 bits) (C:\Users\Jing-XuanTan(i)\Downloads\evsoc-efinity-v2026.1.132\evsoc-efinity-v2026.1.132\cam_single\Ti60F225_dsi\source/isp/demosaic.sv:68) because size is too small (<=64)
[EFX-0657 WARNING] Mapping into logic memory block 'pipe_0_outer_horizontal' (28 bits) (C:\Users\Jing-XuanTan(i)\Downloads\evsoc-efinity-v2026.1.132\evsoc-efinity-v2026.1.132\cam_single\Ti60F225_dsi\source/isp/demosaic.sv:69) because size is too small (<=64)
[EFX-0657 WARNING] Mapping into logic memory block 'pipe_0_outer_vertical' (28 bits) (C:\Users\Jing-XuanTan(i)\Downloads\evsoc-efinity-v2026.1.132\evsoc-efinity-v2026.1.132\cam_single\Ti60F225_dsi\source/isp/demosaic.sv:70) because size is too small (<=64)
[EFX-0657 WARNING] Mapping into logic memory block 'pipe_0_inner_horizontal' (28 bits) (C:\Users\Jing-XuanTan(i)\Downloads\evsoc-efinity-v2026.1.132\evsoc-efinity-v2026.1.132\cam_single\Ti60F225_dsi\source/isp/demosaic.sv:71) because size is too small (<=64)
[EFX-0657 WARNING] Mapping into logic memory block 'pipe_0_inner_vertical' (28 bits) (C:\Users\Jing-XuanTan(i)\Downloads\evsoc-efinity-v2026.1.132\evsoc-efinity-v2026.1.132\cam_single\Ti60F225_dsi\source/isp/demosaic.sv:72) because size is too small (<=64)
[EFX-0657 WARNING] Mapping into logic memory block 'pipe_0_inner_top' (28 bits) (C:\Users\Jing-XuanTan(i)\Downloads\evsoc-efinity-v2026.1.132\evsoc-efinity-v2026.1.132\cam_single\Ti60F225_dsi\source/isp/demosaic.sv:73) because size is too small (<=64)
[EFX-0657 WARNING] Mapping into logic memory block 'pipe_0_inner_bottom' (28 bits) (C:\Users\Jing-XuanTan(i)\Downloads\evsoc-efinity-v2026.1.132\evsoc-efinity-v2026.1.132\cam_single\Ti60F225_dsi\source/isp/demosaic.sv:74) because size is too small (<=64)
[EFX-0657 WARNING] Mapping into logic memory block 'pipe_1_center' (36 bits) (C:\Users\Jing-XuanTan(i)\Downloads\evsoc-efinity-v2026.1.132\evsoc-efinity-v2026.1.132\cam_single\Ti60F225_dsi\source/isp/demosaic.sv:80) because size is too small (<=64)
[EFX-0657 WARNING] Mapping into logic memory block 'pipe_1_center_x5' (36 bits) (C:\Users\Jing-XuanTan(i)\Downloads\evsoc-efinity-v2026.1.132\evsoc-efinity-v2026.1.132\cam_single\Ti60F225_dsi\source/isp/demosaic.sv:81) because size is too small (<=64)
[EFX-0657 WARNING] Mapping into logic memory block 'pipe_1_center_x6' (36 bits) (C:\Users\Jing-XuanTan(i)\Downloads\evsoc-efinity-v2026.1.132\evsoc-efinity-v2026.1.132\cam_single\Ti60F225_dsi\source/isp/demosaic.sv:82) because size is too small (<=64)
[EFX-0657 WARNING] Mapping into logic memory block 'pipe_1_outer_horizontal' (36 bits) (C:\Users\Jing-XuanTan(i)\Downloads\evsoc-efinity-v2026.1.132\evsoc-efinity-v2026.1.132\cam_single\Ti60F225_dsi\source/isp/demosaic.sv:83) because size is too small (<=64)
[EFX-0657 WARNING] Mapping into logic memory block 'pipe_1_outer_vertical' (36 bits) (C:\Users\Jing-XuanTan(i)\Downloads\evsoc-efinity-v2026.1.132\evsoc-efinity-v2026.1.132\cam_single\Ti60F225_dsi\source/isp/demosaic.sv:84) because size is too small (<=64)
[EFX-0657 WARNING] Mapping into logic memory block 'pipe_1_outer_cross' (36 bits) (C:\Users\Jing-XuanTan(i)\Downloads\evsoc-efinity-v2026.1.132\evsoc-efinity-v2026.1.132\cam_single\Ti60F225_dsi\source/isp/demosaic.sv:85) because size is too small (<=64)
[EFX-0657 WARNING] Mapping into logic memory block 'pipe_1_inner_h_outer_v_x2' (36 bits) (C:\Users\Jing-XuanTan(i)\Downloads\evsoc-efinity-v2026.1.132\evsoc-efinity-v2026.1.132\cam_single\Ti60F225_dsi\source/isp/demosaic.sv:86) because size is too small (<=64)
[EFX-0657 WARNING] Mapping into logic memory block 'pipe_1_inner_v_outer_h_x2' (36 bits) (C:\Users\Jing-XuanTan(i)\Downloads\evsoc-efinity-v2026.1.132\evsoc-efinity-v2026.1.132\cam_single\Ti60F225_dsi\source/isp/demosaic.sv:87) because size is too small (<=64)
[EFX-0657 WARNING] Mapping into logic memory block 'pipe_1_inner_corner' (36 bits) (C:\Users\Jing-XuanTan(i)\Downloads\evsoc-efinity-v2026.1.132\evsoc-efinity-v2026.1.132\cam_single\Ti60F225_dsi\source/isp/demosaic.sv:88) because size is too small (<=64)
[EFX-0657 WARNING] Mapping into logic memory block 'pipe_1_inner_cross' (36 bits) (C:\Users\Jing-XuanTan(i)\Downloads\evsoc-efinity-v2026.1.132\evsoc-efinity-v2026.1.132\cam_single\Ti60F225_dsi\source/isp/demosaic.sv:89) because size is too small (<=64)
[EFX-0657 WARNING] Mapping into logic memory block 'pipe_2_center' (44 bits) (C:\Users\Jing-XuanTan(i)\Downloads\evsoc-efinity-v2026.1.132\evsoc-efinity-v2026.1.132\cam_single\Ti60F225_dsi\source/isp/demosaic.sv:95) because size is too small (<=64)
[EFX-0657 WARNING] Mapping into logic memory block 'pipe_2_center_cross_x2' (44 bits) (C:\Users\Jing-XuanTan(i)\Downloads\evsoc-efinity-v2026.1.132\evsoc-efinity-v2026.1.132\cam_single\Ti60F225_dsi\source/isp/demosaic.sv:96) because size is too small (<=64)
[EFX-0657 WARNING] Mapping into logic memory block 'pipe_2_outer_cross_x2' (44 bits) (C:\Users\Jing-XuanTan(i)\Downloads\evsoc-efinity-v2026.1.132\evsoc-efinity-v2026.1.132\cam_single\Ti60F225_dsi\source/isp/demosaic.sv:97) because size is too small (<=64)
[EFX-0657 WARNING] Mapping into logic memory block 'pipe_2_outer_cross_x3' (44 bits) (C:\Users\Jing-XuanTan(i)\Downloads\evsoc-efinity-v2026.1.132\evsoc-efinity-v2026.1.132\cam_single\Ti60F225_dsi\source/isp/demosaic.sv:98) because size is too small (<=64)
[EFX-0657 WARNING] Mapping into logic memory block 'pipe_2_inner_c_outer_h_x2' (44 bits) (C:\Users\Jing-XuanTan(i)\Downloads\evsoc-efinity-v2026.1.132\evsoc-efinity-v2026.1.132\cam_single\Ti60F225_dsi\source/isp/demosaic.sv:99) because size is too small (<=64)
[EFX-0657 WARNING] Mapping into logic memory block 'pipe_2_inner_c_outer_v_x2' (44 bits) (C:\Users\Jing-XuanTan(i)\Downloads\evsoc-efinity-v2026.1.132\evsoc-efinity-v2026.1.132\cam_single\Ti60F225_dsi\source/isp/demosaic.sv:100) because size is too small (<=64)
[EFX-0657 WARNING] Mapping into logic memory block 'pipe_2_rb_at_g1_x2' (44 bits) (C:\Users\Jing-XuanTan(i)\Downloads\evsoc-efinity-v2026.1.132\evsoc-efinity-v2026.1.132\cam_single\Ti60F225_dsi\source/isp/demosaic.sv:101) because size is too small (<=64)
[EFX-0657 WARNING] Mapping into logic memory block 'pipe_2_rb_at_g2_x2' (44 bits) (C:\Users\Jing-XuanTan(i)\Downloads\evsoc-efinity-v2026.1.132\evsoc-efinity-v2026.1.132\cam_single\Ti60F225_dsi\source/isp/demosaic.sv:102) because size is too small (<=64)
[EFX-0657 WARNING] Mapping into logic memory block 'pipe_2_rb_at_rb_x2' (44 bits) (C:\Users\Jing-XuanTan(i)\Downloads\evsoc-efinity-v2026.1.132\evsoc-efinity-v2026.1.132\cam_single\Ti60F225_dsi\source/isp/demosaic.sv:103) because size is too small (<=64)
[EFX-0657 WARNING] Mapping into logic memory block 'logic_progbufX_mem' (64 bits) (C:\Users\Jing-XuanTan(i)\Downloads\evsoc-efinity-v2026.1.132\evsoc-efinity-v2026.1.132\cam_single\Ti60F225_dsi\ip\SapphireSoc\SapphireSoc.v:12001) because size is too small (<=64)
[EFX-0657 WARNING] Mapping into logic memory block 'logic_ram' (64 bits) (C:\Users\Jing-XuanTan(i)\Downloads\evsoc-efinity-v2026.1.132\evsoc-efinity-v2026.1.132\cam_single\Ti60F225_dsi\ip\SapphireSoc\SapphireSoc.v:20390) because size is too small (<=64)
[EFX-0656 WARNING] Optimizing into logic zero initialized read-only memory block 'u_dma/u_EfxDMA/inputsAdapter_1_crossclock_fifo/ram__D$c1'. (C:\Users\Jing-XuanTan(i)\Downloads\evsoc-efinity-v2026.1.132\evsoc-efinity-v2026.1.132\cam_single\Ti60F225_dsi\ip\dma\dma.v:2839)
[EFX-0656 WARNING] Optimizing into logic zero initialized read-only memory block 'u_dma/u_EfxDMA/inputsAdapter_1_crossclock_fifo/ram__D$b12'. (C:\Users\Jing-XuanTan(i)\Downloads\evsoc-efinity-v2026.1.132\evsoc-efinity-v2026.1.132\cam_single\Ti60F225_dsi\ip\dma\dma.v:2839)
[EFX-0656 WARNING] Optimizing into logic zero initialized read-only memory block 'u_dma/u_EfxDMA/inputsAdapter_1_crossclock_fifo/ram__D$12'. (C:\Users\Jing-XuanTan(i)\Downloads\evsoc-efinity-v2026.1.132\evsoc-efinity-v2026.1.132\cam_single\Ti60F225_dsi\ip\dma\dma.v:2839)
[EFX-0656 WARNING] Optimizing into logic zero initialized read-only memory block 'u_dma/u_EfxDMA/inputsAdapter_1_crossclock_fifo/ram__D$2'. (C:\Users\Jing-XuanTan(i)\Downloads\evsoc-efinity-v2026.1.132\evsoc-efinity-v2026.1.132\cam_single\Ti60F225_dsi\ip\dma\dma.v:2839)

///////////////////////////////////
// Efinity Synthesis Started 
// Oct 07, 2026 19:46:27
///////////////////////////////////

[EFX-0011 VERI-WARNING] port 'probe19' remains unconnected for this instance (VERI-1927) (C:/Users/Jing-XuanTan(i)/Downloads/evsoc-efinity-v2026.1.132/evsoc-efinity-v2026.1.132/cam_single/Ti60F225_dsi/work_dbg/debug_top.v:186)
[EFX-0011 VERI-WARNING] input port 'probe19[0]' remains unconnected for this instance (VDB-1053) (C:/Users/Jing-XuanTan(i)/Downloads/evsoc-efinity-v2026.1.132/evsoc-efinity-v2026.1.132/cam_single/Ti60F225_dsi/work_dbg/debug_top.v:146)
[EFX-0200 WARNING] Removing redundant signal : compared_in[0]. (C:/Users/Jing-XuanTan(i)/Downloads/evsoc-efinity-v2026.1.132/evsoc-efinity-v2026.1.132/cam_single/Ti60F225_dsi/work_dbg/debug_top.v:5588)
[EFX-0200 WARNING] Removing redundant signal : mask_in[0]. (C:/Users/Jing-XuanTan(i)/Downloads/evsoc-efinity-v2026.1.132/evsoc-efinity-v2026.1.132/cam_single/Ti60F225_dsi/work_dbg/debug_top.v:5589)
[EFX-0200 WARNING] Removing redundant signal : trigger_in. (C:/Users/Jing-XuanTan(i)/Downloads/evsoc-efinity-v2026.1.132/evsoc-efinity-v2026.1.132/cam_single/Ti60F225_dsi/work_dbg/debug_top.v:5799)
[EFX-0200 WARNING] Removing redundant signal : clk. (C:/Users/Jing-XuanTan(i)/Downloads/evsoc-efinity-v2026.1.132/evsoc-efinity-v2026.1.132/cam_single/Ti60F225_dsi/work_dbg/debug_top.v:4622)
[EFX-0200 WARNING] Removing redundant signal : full. (C:/Users/Jing-XuanTan(i)/Downloads/evsoc-efinity-v2026.1.132/evsoc-efinity-v2026.1.132/cam_single/Ti60F225_dsi/work_dbg/debug_top.v:4676)
[EFX-0200 WARNING] Removing redundant signal : shift_i. (C:/Users/Jing-XuanTan(i)/Downloads/evsoc-efinity-v2026.1.132/evsoc-efinity-v2026.1.132/cam_single/Ti60F225_dsi/work_dbg/debug_top.v:4946)
[EFX-0200 WARNING] Removing redundant signal : trig_out. (C:/Users/Jing-XuanTan(i)/Downloads/evsoc-efinity-v2026.1.132/evsoc-efinity-v2026.1.132/cam_single/Ti60F225_dsi/work_dbg/debug_top.v:4963)
[EFX-0200 WARNING] Removing redundant signal : trig_out_ack. (C:/Users/Jing-XuanTan(i)/Downloads/evsoc-efinity-v2026.1.132/evsoc-efinity-v2026.1.132/cam_single/Ti60F225_dsi/work_dbg/debug_top.v:4964)
[EFX-0200 WARNING] Removing redundant signal : bscan_DRCK. (C:/Users/Jing-XuanTan(i)/Downloads/evsoc-efinity-v2026.1.132/evsoc-efinity-v2026.1.132/cam_single/Ti60F225_dsi/work_dbg/debug_top.v:1105)
[EFX-0200 WARNING] Removing redundant signal : bscan_RESET. (C:/Users/Jing-XuanTan(i)/Downloads/evsoc-efinity-v2026.1.132/evsoc-efinity-v2026.1.132/cam_single/Ti60F225_dsi/work_dbg/debug_top.v:1106)
[EFX-0200 WARNING] Removing redundant signal : bscan_RUNTEST. (C:/Users/Jing-XuanTan(i)/Downloads/evsoc-efinity-v2026.1.132/evsoc-efinity-v2026.1.132/cam_single/Ti60F225_dsi/work_dbg/debug_top.v:1107)
[EFX-0200 WARNING] Removing redundant signal : bscan_SEL. (C:/Users/Jing-XuanTan(i)/Downloads/evsoc-efinity-v2026.1.132/evsoc-efinity-v2026.1.132/cam_single/Ti60F225_dsi/work_dbg/debug_top.v:1108)
[EFX-0200 WARNING] Removing redundant signal : bscan_TMS. (C:/Users/Jing-XuanTan(i)/Downloads/evsoc-efinity-v2026.1.132/evsoc-efinity-v2026.1.132/cam_single/Ti60F225_dsi/work_dbg/debug_top.v:1112)
[EFX-0200 WARNING] Removing redundant signal : trig_in_ack. (C:/Users/Jing-XuanTan(i)/Downloads/evsoc-efinity-v2026.1.132/evsoc-efinity-v2026.1.132/cam_single/Ti60F225_dsi/work_dbg/debug_top.v:1124)
[EFX-0200 WARNING] Removing redundant signal : mux_capture_cmp[18:0]. (C:/Users/Jing-XuanTan(i)/Downloads/evsoc-efinity-v2026.1.132/evsoc-efinity-v2026.1.132/cam_single/Ti60F225_dsi/work_dbg/debug_top.v:3543)
[EFX-0200 WARNING] Removing redundant signal : bscan_CAPTURE. (C:/Users/Jing-XuanTan(i)/Downloads/evsoc-efinity-v2026.1.132/evsoc-efinity-v2026.1.132/cam_single/Ti60F225_dsi/work_dbg/debug_top.v:344)
[EFX-0200 WARNING] Removing redundant signal : bscan_DRCK. (C:/Users/Jing-XuanTan(i)/Downloads/evsoc-efinity-v2026.1.132/evsoc-efinity-v2026.1.132/cam_single/Ti60F225_dsi/work_dbg/debug_top.v:345)
[EFX-0200 WARNING] Removing redundant signal : bscan_RUNTEST. (C:/Users/Jing-XuanTan(i)/Downloads/evsoc-efinity-v2026.1.132/evsoc-efinity-v2026.1.132/cam_single/Ti60F225_dsi/work_dbg/debug_top.v:347)
[EFX-0200 WARNING] Removing redundant signal : bscan_TMS. (C:/Users/Jing-XuanTan(i)/Downloads/evsoc-efinity-v2026.1.132/evsoc-efinity-v2026.1.132/cam_single/Ti60F225_dsi/work_dbg/debug_top.v:352)
[EFX-0201 WARNING] Re-wiring to GND non-driven net/port 'probe19[0]' in module 'edb_la_top_d4061cf036f14372897ad48e31eacd9e_renamed_due_excessive_length_1'. (C:/Users/Jing-XuanTan(i)/Downloads/evsoc-efinity-v2026.1.132/evsoc-efinity-v2026.1.132/cam_single/Ti60F225_dsi/work_dbg/debug_top.v:146)
[EFX-0201 WARNING] Re-wiring to GND non-driven net/port 'probe20[0]' in module 'edb_la_top_d4061cf036f14372897ad48e31eacd9e_renamed_due_excessive_length_1'. (C:/Users/Jing-XuanTan(i)/Downloads/evsoc-efinity-v2026.1.132/evsoc-efinity-v2026.1.132/cam_single/Ti60F225_dsi/work_dbg/debug_top.v:146)
[EFX-0201 WARNING] Re-wiring to GND non-driven net/port 'probe21[0]' in module 'edb_la_top_d4061cf036f14372897ad48e31eacd9e_renamed_due_excessive_length_1'. (C:/Users/Jing-XuanTan(i)/Downloads/evsoc-efinity-v2026.1.132/evsoc-efinity-v2026.1.132/cam_single/Ti60F225_dsi/work_dbg/debug_top.v:146)
[EFX-0201 WARNING] Re-wiring to GND non-driven net/port 'probe22[0]' in module 'edb_la_top_d4061cf036f14372897ad48e31eacd9e_renamed_due_excessive_length_1'. (C:/Users/Jing-XuanTan(i)/Downloads/evsoc-efinity-v2026.1.132/evsoc-efinity-v2026.1.132/cam_single/Ti60F225_dsi/work_dbg/debug_top.v:146)
[EFX-0201 WARNING] Re-wiring to GND non-driven net/port 'probe23[0]' in module 'edb_la_top_d4061cf036f14372897ad48e31eacd9e_renamed_due_excessive_length_1'. (C:/Users/Jing-XuanTan(i)/Downloads/evsoc-efinity-v2026.1.132/evsoc-efinity-v2026.1.132/cam_single/Ti60F225_dsi/work_dbg/debug_top.v:146)
[EFX-0201 WARNING] Re-wiring to GND non-driven net/port 'probe24[0]' in module 'edb_la_top_d4061cf036f14372897ad48e31eacd9e_renamed_due_excessive_length_1'. (C:/Users/Jing-XuanTan(i)/Downloads/evsoc-efinity-v2026.1.132/evsoc-efinity-v2026.1.132/cam_single/Ti60F225_dsi/work_dbg/debug_top.v:146)
[EFX-0201 WARNING] Re-wiring to GND non-driven net/port 'probe25[0]' in module 'edb_la_top_d4061cf036f14372897ad48e31eacd9e_renamed_due_excessive_length_1'. (C:/Users/Jing-XuanTan(i)/Downloads/evsoc-efinity-v2026.1.132/evsoc-efinity-v2026.1.132/cam_single/Ti60F225_dsi/work_dbg/debug_top.v:146)
[EFX-0201 WARNING] Re-wiring to GND non-driven net/port 'probe26[0]' in module 'edb_la_top_d4061cf036f14372897ad48e31eacd9e_renamed_due_excessive_length_1'. (C:/Users/Jing-XuanTan(i)/Downloads/evsoc-efinity-v2026.1.132/evsoc-efinity-v2026.1.132/cam_single/Ti60F225_dsi/work_dbg/debug_top.v:146)
[EFX-0201 WARNING] Re-wiring to GND non-driven net/port 'probe27[0]' in module 'edb_la_top_d4061cf036f14372897ad48e31eacd9e_renamed_due_excessive_length_1'. (C:/Users/Jing-XuanTan(i)/Downloads/evsoc-efinity-v2026.1.132/evsoc-efinity-v2026.1.132/cam_single/Ti60F225_dsi/work_dbg/debug_top.v:146)
[EFX-0201 WARNING] Re-wiring to GND non-driven net/port 'probe28[0]' in module 'edb_la_top_d4061cf036f14372897ad48e31eacd9e_renamed_due_excessive_length_1'. (C:/Users/Jing-XuanTan(i)/Downloads/evsoc-efinity-v2026.1.132/evsoc-efinity-v2026.1.132/cam_single/Ti60F225_dsi/work_dbg/debug_top.v:146)
[EFX-0011 VERI-WARNING] Input/inout port bscan_DRCK is unconnected. Place and route may remove this unconnected port. (VDB-8003) (C:/Users/Jing-XuanTan(i)/Downloads/evsoc-efinity-v2026.1.132/evsoc-efinity-v2026.1.132/cam_single/Ti60F225_dsi/work_dbg/debug_top.v:17)
[EFX-0011 VERI-WARNING] Input/inout port bscan_RUNTEST is unconnected. Place and route may remove this unconnected port. (VDB-8003) (C:/Users/Jing-XuanTan(i)/Downloads/evsoc-efinity-v2026.1.132/evsoc-efinity-v2026.1.132/cam_single/Ti60F225_dsi/work_dbg/debug_top.v:19)
[EFX-0011 VERI-WARNING] Input/inout port bscan_TMS is unconnected. Place and route may remove this unconnected port. (VDB-8003) (C:/Users/Jing-XuanTan(i)/Downloads/evsoc-efinity-v2026.1.132/evsoc-efinity-v2026.1.132/cam_single/Ti60F225_dsi/work_dbg/debug_top.v:24)
[EFX-0011 VERI-WARNING] Found 3 warnings in the post-synthesis netlist. 

///////////////////////////////////
// Efinity Synthesis Started 
// Oct 07, 2026 19:46:41
///////////////////////////////////

[EFX-0200 WARNING] Removing redundant signal : Rx_HS_D_2[7:0]. (C:\Users\Jing-XuanTan(i)\Downloads\evsoc-efinity-v2026.1.132\evsoc-efinity-v2026.1.132\cam_single\Ti60F225_dsi\ip\csi2_rx_cam\csi2_rx_cam.sv:6307)
[EFX-0200 WARNING] Removing redundant signal : Rx_HS_D_3[7:0]. (C:\Users\Jing-XuanTan(i)\Downloads\evsoc-efinity-v2026.1.132\evsoc-efinity-v2026.1.132\cam_single\Ti60F225_dsi\ip\csi2_rx_cam\csi2_rx_cam.sv:6307)
[EFX-0200 WARNING] Removing redundant signal : Rx_HS_D_4[7:0]. (C:\Users\Jing-XuanTan(i)\Downloads\evsoc-efinity-v2026.1.132\evsoc-efinity-v2026.1.132\cam_single\Ti60F225_dsi\ip\csi2_rx_cam\csi2_rx_cam.sv:6307)
[EFX-0200 WARNING] Removing redundant signal : Rx_HS_D_5[7:0]. (C:\Users\Jing-XuanTan(i)\Downloads\evsoc-efinity-v2026.1.132\evsoc-efinity-v2026.1.132\cam_single\Ti60F225_dsi\ip\csi2_rx_cam\csi2_rx_cam.sv:6307)
[EFX-0200 WARNING] Removing redundant signal : Rx_HS_D_6[7:0]. (C:\Users\Jing-XuanTan(i)\Downloads\evsoc-efinity-v2026.1.132\evsoc-efinity-v2026.1.132\cam_single\Ti60F225_dsi\ip\csi2_rx_cam\csi2_rx_cam.sv:6307)
[EFX-0200 WARNING] Removing redundant signal : Rx_HS_D_7[7:0]. (C:\Users\Jing-XuanTan(i)\Downloads\evsoc-efinity-v2026.1.132\evsoc-efinity-v2026.1.132\cam_single\Ti60F225_dsi\ip\csi2_rx_cam\csi2_rx_cam.sv:6307)
[EFX-0200 WARNING] Removing redundant signal : u_dly_enable_D[1:0]. (C:\Users\Jing-XuanTan(i)\Downloads\evsoc-efinity-v2026.1.132\evsoc-efinity-v2026.1.132\cam_single\Ti60F225_dsi\ip\csi2_rx_cam\csi2_rx_cam.sv:6307)
[EFX-0200 WARNING] Removing redundant signal : u_dly_inc_D[1:0]. (C:\Users\Jing-XuanTan(i)\Downloads\evsoc-efinity-v2026.1.132\evsoc-efinity-v2026.1.132\cam_single\Ti60F225_dsi\ip\csi2_rx_cam\csi2_rx_cam.sv:6307)
[EFX-0200 WARNING] Removing redundant signal : axi_awaddr[1:0]. (C:\Users\Jing-XuanTan(i)\Downloads\evsoc-efinity-v2026.1.132\evsoc-efinity-v2026.1.132\cam_single\Ti60F225_dsi\ip\csi2_rx_cam\csi2_rx_cam.sv:5564)
[EFX-0200 WARNING] Removing redundant signal : axi_araddr[1:0]. (C:\Users\Jing-XuanTan(i)\Downloads\evsoc-efinity-v2026.1.132\evsoc-efinity-v2026.1.132\cam_single\Ti60F225_dsi\ip\csi2_rx_cam\csi2_rx_cam.sv:5564)
[EFX-0200 WARNING] Removing redundant signal : loc_rdata[31:0]. (C:\Users\Jing-XuanTan(i)\Downloads\evsoc-efinity-v2026.1.132\evsoc-efinity-v2026.1.132\cam_single\Ti60F225_dsi\ip\csi2_rx_cam\csi2_rx_cam.sv:5564)
[EFX-0200 WARNING] Removing redundant signal : nextCRC16_D16[15:0]. (C:\Users\Jing-XuanTan(i)\Downloads\evsoc-efinity-v2026.1.132\evsoc-efinity-v2026.1.132\cam_single\Ti60F225_dsi\ip\csi2_rx_cam\csi2_rx_cam.sv:1466)
[EFX-0200 WARNING] Removing redundant signal : nextCRC16_D16.Data[15:0]. (C:\Users\Jing-XuanTan(i)\Downloads\evsoc-efinity-v2026.1.132\evsoc-efinity-v2026.1.132\cam_single\Ti60F225_dsi\ip\csi2_rx_cam\csi2_rx_cam.sv:1466)
[EFX-0200 WARNING] Removing redundant signal : nextCRC16_D16.fcrc[15:0]. (C:\Users\Jing-XuanTan(i)\Downloads\evsoc-efinity-v2026.1.132\evsoc-efinity-v2026.1.132\cam_single\Ti60F225_dsi\ip\csi2_rx_cam\csi2_rx_cam.sv:1466)
[EFX-0200 WARNING] Removing redundant signal : nextCRC16_D16.d[15:0]. (C:\Users\Jing-XuanTan(i)\Downloads\evsoc-efinity-v2026.1.132\evsoc-efinity-v2026.1.132\cam_single\Ti60F225_dsi\ip\csi2_rx_cam\csi2_rx_cam.sv:1466)
[EFX-0200 WARNING] Removing redundant signal : nextCRC16_D16.c[15:0]. (C:\Users\Jing-XuanTan(i)\Downloads\evsoc-efinity-v2026.1.132\evsoc-efinity-v2026.1.132\cam_single\Ti60F225_dsi\ip\csi2_rx_cam\csi2_rx_cam.sv:1466)
[EFX-0200 WARNING] Removing redundant signal : nextCRC16_D16.newcrc[15:0]. (C:\Users\Jing-XuanTan(i)\Downloads\evsoc-efinity-v2026.1.132\evsoc-efinity-v2026.1.132\cam_single\Ti60F225_dsi\ip\csi2_rx_cam\csi2_rx_cam.sv:1466)
[EFX-0200 WARNING] Removing redundant signal : nextCRC16_D8[15:0]. (C:\Users\Jing-XuanTan(i)\Downloads\evsoc-efinity-v2026.1.132\evsoc-efinity-v2026.1.132\cam_single\Ti60F225_dsi\ip\csi2_rx_cam\csi2_rx_cam.sv:1466)
[EFX-0200 WARNING] Removing redundant signal : nextCRC16_D8.Data[7:0]. (C:\Users\Jing-XuanTan(i)\Downloads\evsoc-efinity-v2026.1.132\evsoc-efinity-v2026.1.132\cam_single\Ti60F225_dsi\ip\csi2_rx_cam\csi2_rx_cam.sv:1466)
[EFX-0200 WARNING] Removing redundant signal : nextCRC16_D8.fcrc[15:0]. (C:\Users\Jing-XuanTan(i)\Downloads\evsoc-efinity-v2026.1.132\evsoc-efinity-v2026.1.132\cam_single\Ti60F225_dsi\ip\csi2_rx_cam\csi2_rx_cam.sv:1466)
[EFX-0201 WARNING] Re-wiring to GND non-driven net/port 'a_wr_rst_i' in module 'efx_fifo_top_077823fa68f649b1a7074c944568f3e4(FAMILY="TITANIUM",SYNC_CLK=1,DATA_WIDTH=40,PIPELINE_REG=0,OUTPUT_REG=1,PROGRAMMABLE_FULL="NONE",PROG_FULL_ASSERT=510,PROG_FULL_NEGATE=510,PROGRAMMABLE_EMPTY="NONE",PROG_EMPTY_ASSERT=2,PROG_EMPTY_NEGATE=3)'. (C:\Users\Jing-XuanTan(i)\Downloads\evsoc-efinity-v2026.1.132\evsoc-efinity-v2026.1.132\cam_single\Ti60F225_dsi\ip\cam_pixel_remap_fifo\cam_pixel_remap_fifo.sv:92)
[EFX-0201 WARNING] Re-wiring to GND non-driven net/port 'a_rd_rst_i' in module 'efx_fifo_top_077823fa68f649b1a7074c944568f3e4(FAMILY="TITANIUM",SYNC_CLK=1,DATA_WIDTH=40,PIPELINE_REG=0,OUTPUT_REG=1,PROGRAMMABLE_FULL="NONE",PROG_FULL_ASSERT=510,PROG_FULL_NEGATE=510,PROGRAMMABLE_EMPTY="NONE",PROG_EMPTY_ASSERT=2,PROG_EMPTY_NEGATE=3)'. (C:\Users\Jing-XuanTan(i)\Downloads\evsoc-efinity-v2026.1.132\evsoc-efinity-v2026.1.132\cam_single\Ti60F225_dsi\ip\cam_pixel_remap_fifo\cam_pixel_remap_fifo.sv:92)
[EFX-0201 WARNING] Re-wiring to GND non-driven net/port 'wr_clk_i' in module 'efx_fifo_top_077823fa68f649b1a7074c944568f3e4(FAMILY="TITANIUM",SYNC_CLK=1,DATA_WIDTH=40,PIPELINE_REG=0,OUTPUT_REG=1,PROGRAMMABLE_FULL="NONE",PROG_FULL_ASSERT=510,PROG_FULL_NEGATE=510,PROGRAMMABLE_EMPTY="NONE",PROG_EMPTY_ASSERT=2,PROG_EMPTY_NEGATE=3)'. (C:\Users\Jing-XuanTan(i)\Downloads\evsoc-efinity-v2026.1.132\evsoc-efinity-v2026.1.132\cam_single\Ti60F225_dsi\ip\cam_pixel_remap_fifo\cam_pixel_remap_fifo.sv:92)
[EFX-0201 WARNING] Re-wiring to GND non-driven net/port 'rd_clk_i' in module 'efx_fifo_top_077823fa68f649b1a7074c944568f3e4(FAMILY="TITANIUM",SYNC_CLK=1,DATA_WIDTH=40,PIPELINE_REG=0,OUTPUT_REG=1,PROGRAMMABLE_FULL="NONE",PROG_FULL_ASSERT=510,PROG_FULL_NEGATE=510,PROGRAMMABLE_EMPTY="NONE",PROG_EMPTY_ASSERT=2,PROG_EMPTY_NEGATE=3)'. (C:\Users\Jing-XuanTan(i)\Downloads\evsoc-efinity-v2026.1.132\evsoc-efinity-v2026.1.132\cam_single\Ti60F225_dsi\ip\cam_pixel_remap_fifo\cam_pixel_remap_fifo.sv:92)
[EFX-0201 WARNING] Re-wiring to GND non-driven net/port 'r_registers[12][31]' in module 'axi_lite_register(S_AXI_WSTRB_WIDTH=4)'. (C:\Users\Jing-XuanTan(i)\Downloads\evsoc-efinity-v2026.1.132\evsoc-efinity-v2026.1.132\cam_single\Ti60F225_dsi\source/isp/axi_lite_register.sv:99)
[EFX-0201 WARNING] Re-wiring to GND non-driven net/port 'r_registers[12][30]' in module 'axi_lite_register(S_AXI_WSTRB_WIDTH=4)'. (C:\Users\Jing-XuanTan(i)\Downloads\evsoc-efinity-v2026.1.132\evsoc-efinity-v2026.1.132\cam_single\Ti60F225_dsi\source/isp/axi_lite_register.sv:99)
[EFX-0201 WARNING] Re-wiring to GND non-driven net/port 'r_registers[12][29]' in module 'axi_lite_register(S_AXI_WSTRB_WIDTH=4)'. (C:\Users\Jing-XuanTan(i)\Downloads\evsoc-efinity-v2026.1.132\evsoc-efinity-v2026.1.132\cam_single\Ti60F225_dsi\source/isp/axi_lite_register.sv:99)
[EFX-0201 WARNING] Re-wiring to GND non-driven net/port 'r_registers[12][28]' in module 'axi_lite_register(S_AXI_WSTRB_WIDTH=4)'. (C:\Users\Jing-XuanTan(i)\Downloads\evsoc-efinity-v2026.1.132\evsoc-efinity-v2026.1.132\cam_single\Ti60F225_dsi\source/isp/axi_lite_register.sv:99)
[EFX-0201 WARNING] Re-wiring to GND non-driven net/port 'r_registers[12][27]' in module 'axi_lite_register(S_AXI_WSTRB_WIDTH=4)'. (C:\Users\Jing-XuanTan(i)\Downloads\evsoc-efinity-v2026.1.132\evsoc-efinity-v2026.1.132\cam_single\Ti60F225_dsi\source/isp/axi_lite_register.sv:99)
[EFX-0201 WARNING] Re-wiring to GND non-driven net/port 'r_registers[12][26]' in module 'axi_lite_register(S_AXI_WSTRB_WIDTH=4)'. (C:\Users\Jing-XuanTan(i)\Downloads\evsoc-efinity-v2026.1.132\evsoc-efinity-v2026.1.132\cam_single\Ti60F225_dsi\source/isp/axi_lite_register.sv:99)
[EFX-0657 WARNING] Mapping into logic memory block 'pipe_0_center' (28 bits) (C:\Users\Jing-XuanTan(i)\Downloads\evsoc-efinity-v2026.1.132\evsoc-efinity-v2026.1.132\cam_single\Ti60F225_dsi\source/isp/demosaic.sv:68) because size is too small (<=64)
[EFX-0657 WARNING] Mapping into logic memory block 'pipe_0_outer_horizontal' (28 bits) (C:\Users\Jing-XuanTan(i)\Downloads\evsoc-efinity-v2026.1.132\evsoc-efinity-v2026.1.132\cam_single\Ti60F225_dsi\source/isp/demosaic.sv:69) because size is too small (<=64)
[EFX-0657 WARNING] Mapping into logic memory block 'pipe_0_outer_vertical' (28 bits) (C:\Users\Jing-XuanTan(i)\Downloads\evsoc-efinity-v2026.1.132\evsoc-efinity-v2026.1.132\cam_single\Ti60F225_dsi\source/isp/demosaic.sv:70) because size is too small (<=64)
[EFX-0657 WARNING] Mapping into logic memory block 'pipe_0_inner_horizontal' (28 bits) (C:\Users\Jing-XuanTan(i)\Downloads\evsoc-efinity-v2026.1.132\evsoc-efinity-v2026.1.132\cam_single\Ti60F225_dsi\source/isp/demosaic.sv:71) because size is too small (<=64)
[EFX-0657 WARNING] Mapping into logic memory block 'pipe_0_inner_vertical' (28 bits) (C:\Users\Jing-XuanTan(i)\Downloads\evsoc-efinity-v2026.1.132\evsoc-efinity-v2026.1.132\cam_single\Ti60F225_dsi\source/isp/demosaic.sv:72) because size is too small (<=64)
[EFX-0657 WARNING] Mapping into logic memory block 'pipe_0_inner_top' (28 bits) (C:\Users\Jing-XuanTan(i)\Downloads\evsoc-efinity-v2026.1.132\evsoc-efinity-v2026.1.132\cam_single\Ti60F225_dsi\source/isp/demosaic.sv:73) because size is too small (<=64)
[EFX-0657 WARNING] Mapping into logic memory block 'pipe_0_inner_bottom' (28 bits) (C:\Users\Jing-XuanTan(i)\Downloads\evsoc-efinity-v2026.1.132\evsoc-efinity-v2026.1.132\cam_single\Ti60F225_dsi\source/isp/demosaic.sv:74) because size is too small (<=64)
[EFX-0657 WARNING] Mapping into logic memory block 'pipe_1_center' (36 bits) (C:\Users\Jing-XuanTan(i)\Downloads\evsoc-efinity-v2026.1.132\evsoc-efinity-v2026.1.132\cam_single\Ti60F225_dsi\source/isp/demosaic.sv:80) because size is too small (<=64)
[EFX-0657 WARNING] Mapping into logic memory block 'pipe_1_center_x5' (36 bits) (C:\Users\Jing-XuanTan(i)\Downloads\evsoc-efinity-v2026.1.132\evsoc-efinity-v2026.1.132\cam_single\Ti60F225_dsi\source/isp/demosaic.sv:81) because size is too small (<=64)
[EFX-0657 WARNING] Mapping into logic memory block 'pipe_1_center_x6' (36 bits) (C:\Users\Jing-XuanTan(i)\Downloads\evsoc-efinity-v2026.1.132\evsoc-efinity-v2026.1.132\cam_single\Ti60F225_dsi\source/isp/demosaic.sv:82) because size is too small (<=64)
[EFX-0657 WARNING] Mapping into logic memory block 'pipe_1_outer_horizontal' (36 bits) (C:\Users\Jing-XuanTan(i)\Downloads\evsoc-efinity-v2026.1.132\evsoc-efinity-v2026.1.132\cam_single\Ti60F225_dsi\source/isp/demosaic.sv:83) because size is too small (<=64)
[EFX-0657 WARNING] Mapping into logic memory block 'pipe_1_outer_vertical' (36 bits) (C:\Users\Jing-XuanTan(i)\Downloads\evsoc-efinity-v2026.1.132\evsoc-efinity-v2026.1.132\cam_single\Ti60F225_dsi\source/isp/demosaic.sv:84) because size is too small (<=64)
[EFX-0657 WARNING] Mapping into logic memory block 'pipe_1_outer_cross' (36 bits) (C:\Users\Jing-XuanTan(i)\Downloads\evsoc-efinity-v2026.1.132\evsoc-efinity-v2026.1.132\cam_single\Ti60F225_dsi\source/isp/demosaic.sv:85) because size is too small (<=64)
[EFX-0657 WARNING] Mapping into logic memory block 'pipe_1_inner_h_outer_v_x2' (36 bits) (C:\Users\Jing-XuanTan(i)\Downloads\evsoc-efinity-v2026.1.132\evsoc-efinity-v2026.1.132\cam_single\Ti60F225_dsi\source/isp/demosaic.sv:86) because size is too small (<=64)
[EFX-0657 WARNING] Mapping into logic memory block 'pipe_1_inner_v_outer_h_x2' (36 bits) (C:\Users\Jing-XuanTan(i)\Downloads\evsoc-efinity-v2026.1.132\evsoc-efinity-v2026.1.132\cam_single\Ti60F225_dsi\source/isp/demosaic.sv:87) because size is too small (<=64)
[EFX-0657 WARNING] Mapping into logic memory block 'pipe_1_inner_corner' (36 bits) (C:\Users\Jing-XuanTan(i)\Downloads\evsoc-efinity-v2026.1.132\evsoc-efinity-v2026.1.132\cam_single\Ti60F225_dsi\source/isp/demosaic.sv:88) because size is too small (<=64)
[EFX-0657 WARNING] Mapping into logic memory block 'pipe_1_inner_cross' (36 bits) (C:\Users\Jing-XuanTan(i)\Downloads\evsoc-efinity-v2026.1.132\evsoc-efinity-v2026.1.132\cam_single\Ti60F225_dsi\source/isp/demosaic.sv:89) because size is too small (<=64)
[EFX-0657 WARNING] Mapping into logic memory block 'pipe_2_center' (44 bits) (C:\Users\Jing-XuanTan(i)\Downloads\evsoc-efinity-v2026.1.132\evsoc-efinity-v2026.1.132\cam_single\Ti60F225_dsi\source/isp/demosaic.sv:95) because size is too small (<=64)
[EFX-0657 WARNING] Mapping into logic memory block 'pipe_2_center_cross_x2' (44 bits) (C:\Users\Jing-XuanTan(i)\Downloads\evsoc-efinity-v2026.1.132\evsoc-efinity-v2026.1.132\cam_single\Ti60F225_dsi\source/isp/demosaic.sv:96) because size is too small (<=64)
[EFX-0657 WARNING] Mapping into logic memory block 'pipe_2_outer_cross_x2' (44 bits) (C:\Users\Jing-XuanTan(i)\Downloads\evsoc-efinity-v2026.1.132\evsoc-efinity-v2026.1.132\cam_single\Ti60F225_dsi\source/isp/demosaic.sv:97) because size is too small (<=64)
[EFX-0657 WARNING] Mapping into logic memory block 'pipe_2_outer_cross_x3' (44 bits) (C:\Users\Jing-XuanTan(i)\Downloads\evsoc-efinity-v2026.1.132\evsoc-efinity-v2026.1.132\cam_single\Ti60F225_dsi\source/isp/demosaic.sv:98) because size is too small (<=64)
[EFX-0657 WARNING] Mapping into logic memory block 'pipe_2_inner_c_outer_h_x2' (44 bits) (C:\Users\Jing-XuanTan(i)\Downloads\evsoc-efinity-v2026.1.132\evsoc-efinity-v2026.1.132\cam_single\Ti60F225_dsi\source/isp/demosaic.sv:99) because size is too small (<=64)
[EFX-0657 WARNING] Mapping into logic memory block 'pipe_2_inner_c_outer_v_x2' (44 bits) (C:\Users\Jing-XuanTan(i)\Downloads\evsoc-efinity-v2026.1.132\evsoc-efinity-v2026.1.132\cam_single\Ti60F225_dsi\source/isp/demosaic.sv:100) because size is too small (<=64)
[EFX-0657 WARNING] Mapping into logic memory block 'pipe_2_rb_at_g1_x2' (44 bits) (C:\Users\Jing-XuanTan(i)\Downloads\evsoc-efinity-v2026.1.132\evsoc-efinity-v2026.1.132\cam_single\Ti60F225_dsi\source/isp/demosaic.sv:101) because size is too small (<=64)
[EFX-0657 WARNING] Mapping into logic memory block 'pipe_2_rb_at_g2_x2' (44 bits) (C:\Users\Jing-XuanTan(i)\Downloads\evsoc-efinity-v2026.1.132\evsoc-efinity-v2026.1.132\cam_single\Ti60F225_dsi\source/isp/demosaic.sv:102) because size is too small (<=64)
[EFX-0657 WARNING] Mapping into logic memory block 'pipe_2_rb_at_rb_x2' (44 bits) (C:\Users\Jing-XuanTan(i)\Downloads\evsoc-efinity-v2026.1.132\evsoc-efinity-v2026.1.132\cam_single\Ti60F225_dsi\source/isp/demosaic.sv:103) because size is too small (<=64)
[EFX-0657 WARNING] Mapping into logic memory block 'logic_progbufX_mem' (64 bits) (C:\Users\Jing-XuanTan(i)\Downloads\evsoc-efinity-v2026.1.132\evsoc-efinity-v2026.1.132\cam_single\Ti60F225_dsi\ip\SapphireSoc\SapphireSoc.v:12001) because size is too small (<=64)
[EFX-0657 WARNING] Mapping into logic memory block 'logic_ram' (64 bits) (C:\Users\Jing-XuanTan(i)\Downloads\evsoc-efinity-v2026.1.132\evsoc-efinity-v2026.1.132\cam_single\Ti60F225_dsi\ip\SapphireSoc\SapphireSoc.v:20390) because size is too small (<=64)
[EFX-0656 WARNING] Optimizing into logic zero initialized read-only memory block 'u_dma/u_EfxDMA/inputsAdapter_1_crossclock_fifo/ram__D$c1'. (C:\Users\Jing-XuanTan(i)\Downloads\evsoc-efinity-v2026.1.132\evsoc-efinity-v2026.1.132\cam_single\Ti60F225_dsi\ip\dma\dma.v:2839)
[EFX-0656 WARNING] Optimizing into logic zero initialized read-only memory block 'u_dma/u_EfxDMA/inputsAdapter_1_crossclock_fifo/ram__D$b12'. (C:\Users\Jing-XuanTan(i)\Downloads\evsoc-efinity-v2026.1.132\evsoc-efinity-v2026.1.132\cam_single\Ti60F225_dsi\ip\dma\dma.v:2839)
[EFX-0656 WARNING] Optimizing into logic zero initialized read-only memory block 'u_dma/u_EfxDMA/inputsAdapter_1_crossclock_fifo/ram__D$12'. (C:\Users\Jing-XuanTan(i)\Downloads\evsoc-efinity-v2026.1.132\evsoc-efinity-v2026.1.132\cam_single\Ti60F225_dsi\ip\dma\dma.v:2839)
[EFX-0656 WARNING] Optimizing into logic zero initialized read-only memory block 'u_dma/u_EfxDMA/inputsAdapter_1_crossclock_fifo/ram__D$2'. (C:\Users\Jing-XuanTan(i)\Downloads\evsoc-efinity-v2026.1.132\evsoc-efinity-v2026.1.132\cam_single\Ti60F225_dsi\ip\dma\dma.v:2839)

///////////////////////////////////
// Efinity Synthesis Started 
// Oct 08, 2026 09:37:51
///////////////////////////////////

[EFX-0011 VERI-WARNING] port 'probe23' remains unconnected for this instance (VERI-1927) (C:/Users/Jing-XuanTan(i)/Downloads/evsoc-efinity-v2026.1.132/evsoc-efinity-v2026.1.132/cam_single/Ti60F225_dsi/work_dbg/debug_top.v:202)
[EFX-0011 VERI-WARNING] input port 'probe23[0]' remains unconnected for this instance (VDB-1053) (C:/Users/Jing-XuanTan(i)/Downloads/evsoc-efinity-v2026.1.132/evsoc-efinity-v2026.1.132/cam_single/Ti60F225_dsi/work_dbg/debug_top.v:158)
[EFX-0200 WARNING] Removing redundant signal : compared_in[0]. (C:/Users/Jing-XuanTan(i)/Downloads/evsoc-efinity-v2026.1.132/evsoc-efinity-v2026.1.132/cam_single/Ti60F225_dsi/work_dbg/debug_top.v:5604)
[EFX-0200 WARNING] Removing redundant signal : mask_in[0]. (C:/Users/Jing-XuanTan(i)/Downloads/evsoc-efinity-v2026.1.132/evsoc-efinity-v2026.1.132/cam_single/Ti60F225_dsi/work_dbg/debug_top.v:5605)
[EFX-0200 WARNING] Removing redundant signal : trigger_in. (C:/Users/Jing-XuanTan(i)/Downloads/evsoc-efinity-v2026.1.132/evsoc-efinity-v2026.1.132/cam_single/Ti60F225_dsi/work_dbg/debug_top.v:5815)
[EFX-0200 WARNING] Removing redundant signal : clk. (C:/Users/Jing-XuanTan(i)/Downloads/evsoc-efinity-v2026.1.132/evsoc-efinity-v2026.1.132/cam_single/Ti60F225_dsi/work_dbg/debug_top.v:4638)
[EFX-0200 WARNING] Removing redundant signal : full. (C:/Users/Jing-XuanTan(i)/Downloads/evsoc-efinity-v2026.1.132/evsoc-efinity-v2026.1.132/cam_single/Ti60F225_dsi/work_dbg/debug_top.v:4692)
[EFX-0200 WARNING] Removing redundant signal : shift_i. (C:/Users/Jing-XuanTan(i)/Downloads/evsoc-efinity-v2026.1.132/evsoc-efinity-v2026.1.132/cam_single/Ti60F225_dsi/work_dbg/debug_top.v:4962)
[EFX-0200 WARNING] Removing redundant signal : trig_out. (C:/Users/Jing-XuanTan(i)/Downloads/evsoc-efinity-v2026.1.132/evsoc-efinity-v2026.1.132/cam_single/Ti60F225_dsi/work_dbg/debug_top.v:4979)
[EFX-0200 WARNING] Removing redundant signal : trig_out_ack. (C:/Users/Jing-XuanTan(i)/Downloads/evsoc-efinity-v2026.1.132/evsoc-efinity-v2026.1.132/cam_single/Ti60F225_dsi/work_dbg/debug_top.v:4980)
[EFX-0200 WARNING] Removing redundant signal : bscan_DRCK. (C:/Users/Jing-XuanTan(i)/Downloads/evsoc-efinity-v2026.1.132/evsoc-efinity-v2026.1.132/cam_single/Ti60F225_dsi/work_dbg/debug_top.v:1121)
[EFX-0200 WARNING] Removing redundant signal : bscan_RESET. (C:/Users/Jing-XuanTan(i)/Downloads/evsoc-efinity-v2026.1.132/evsoc-efinity-v2026.1.132/cam_single/Ti60F225_dsi/work_dbg/debug_top.v:1122)
[EFX-0200 WARNING] Removing redundant signal : bscan_RUNTEST. (C:/Users/Jing-XuanTan(i)/Downloads/evsoc-efinity-v2026.1.132/evsoc-efinity-v2026.1.132/cam_single/Ti60F225_dsi/work_dbg/debug_top.v:1123)
[EFX-0200 WARNING] Removing redundant signal : bscan_SEL. (C:/Users/Jing-XuanTan(i)/Downloads/evsoc-efinity-v2026.1.132/evsoc-efinity-v2026.1.132/cam_single/Ti60F225_dsi/work_dbg/debug_top.v:1124)
[EFX-0200 WARNING] Removing redundant signal : bscan_TMS. (C:/Users/Jing-XuanTan(i)/Downloads/evsoc-efinity-v2026.1.132/evsoc-efinity-v2026.1.132/cam_single/Ti60F225_dsi/work_dbg/debug_top.v:1128)
[EFX-0200 WARNING] Removing redundant signal : trig_in_ack. (C:/Users/Jing-XuanTan(i)/Downloads/evsoc-efinity-v2026.1.132/evsoc-efinity-v2026.1.132/cam_single/Ti60F225_dsi/work_dbg/debug_top.v:1140)
[EFX-0200 WARNING] Removing redundant signal : mux_capture_cmp[22:0]. (C:/Users/Jing-XuanTan(i)/Downloads/evsoc-efinity-v2026.1.132/evsoc-efinity-v2026.1.132/cam_single/Ti60F225_dsi/work_dbg/debug_top.v:3559)
[EFX-0200 WARNING] Removing redundant signal : bscan_CAPTURE. (C:/Users/Jing-XuanTan(i)/Downloads/evsoc-efinity-v2026.1.132/evsoc-efinity-v2026.1.132/cam_single/Ti60F225_dsi/work_dbg/debug_top.v:360)
[EFX-0200 WARNING] Removing redundant signal : bscan_DRCK. (C:/Users/Jing-XuanTan(i)/Downloads/evsoc-efinity-v2026.1.132/evsoc-efinity-v2026.1.132/cam_single/Ti60F225_dsi/work_dbg/debug_top.v:361)
[EFX-0200 WARNING] Removing redundant signal : bscan_RUNTEST. (C:/Users/Jing-XuanTan(i)/Downloads/evsoc-efinity-v2026.1.132/evsoc-efinity-v2026.1.132/cam_single/Ti60F225_dsi/work_dbg/debug_top.v:363)
[EFX-0200 WARNING] Removing redundant signal : bscan_TMS. (C:/Users/Jing-XuanTan(i)/Downloads/evsoc-efinity-v2026.1.132/evsoc-efinity-v2026.1.132/cam_single/Ti60F225_dsi/work_dbg/debug_top.v:368)
[EFX-0201 WARNING] Re-wiring to GND non-driven net/port 'probe23[0]' in module 'edb_la_top_746783ef452b46fdaeb1fe9c8caf68d8_renamed_due_excessive_length_1'. (C:/Users/Jing-XuanTan(i)/Downloads/evsoc-efinity-v2026.1.132/evsoc-efinity-v2026.1.132/cam_single/Ti60F225_dsi/work_dbg/debug_top.v:158)
[EFX-0201 WARNING] Re-wiring to GND non-driven net/port 'probe24[0]' in module 'edb_la_top_746783ef452b46fdaeb1fe9c8caf68d8_renamed_due_excessive_length_1'. (C:/Users/Jing-XuanTan(i)/Downloads/evsoc-efinity-v2026.1.132/evsoc-efinity-v2026.1.132/cam_single/Ti60F225_dsi/work_dbg/debug_top.v:158)
[EFX-0201 WARNING] Re-wiring to GND non-driven net/port 'probe25[0]' in module 'edb_la_top_746783ef452b46fdaeb1fe9c8caf68d8_renamed_due_excessive_length_1'. (C:/Users/Jing-XuanTan(i)/Downloads/evsoc-efinity-v2026.1.132/evsoc-efinity-v2026.1.132/cam_single/Ti60F225_dsi/work_dbg/debug_top.v:158)
[EFX-0201 WARNING] Re-wiring to GND non-driven net/port 'probe26[0]' in module 'edb_la_top_746783ef452b46fdaeb1fe9c8caf68d8_renamed_due_excessive_length_1'. (C:/Users/Jing-XuanTan(i)/Downloads/evsoc-efinity-v2026.1.132/evsoc-efinity-v2026.1.132/cam_single/Ti60F225_dsi/work_dbg/debug_top.v:158)
[EFX-0201 WARNING] Re-wiring to GND non-driven net/port 'probe27[0]' in module 'edb_la_top_746783ef452b46fdaeb1fe9c8caf68d8_renamed_due_excessive_length_1'. (C:/Users/Jing-XuanTan(i)/Downloads/evsoc-efinity-v2026.1.132/evsoc-efinity-v2026.1.132/cam_single/Ti60F225_dsi/work_dbg/debug_top.v:158)
[EFX-0201 WARNING] Re-wiring to GND non-driven net/port 'probe28[0]' in module 'edb_la_top_746783ef452b46fdaeb1fe9c8caf68d8_renamed_due_excessive_length_1'. (C:/Users/Jing-XuanTan(i)/Downloads/evsoc-efinity-v2026.1.132/evsoc-efinity-v2026.1.132/cam_single/Ti60F225_dsi/work_dbg/debug_top.v:158)
[EFX-0201 WARNING] Re-wiring to GND non-driven net/port 'probe29[0]' in module 'edb_la_top_746783ef452b46fdaeb1fe9c8caf68d8_renamed_due_excessive_length_1'. (C:/Users/Jing-XuanTan(i)/Downloads/evsoc-efinity-v2026.1.132/evsoc-efinity-v2026.1.132/cam_single/Ti60F225_dsi/work_dbg/debug_top.v:158)
[EFX-0201 WARNING] Re-wiring to GND non-driven net/port 'probe30[0]' in module 'edb_la_top_746783ef452b46fdaeb1fe9c8caf68d8_renamed_due_excessive_length_1'. (C:/Users/Jing-XuanTan(i)/Downloads/evsoc-efinity-v2026.1.132/evsoc-efinity-v2026.1.132/cam_single/Ti60F225_dsi/work_dbg/debug_top.v:158)
[EFX-0201 WARNING] Re-wiring to GND non-driven net/port 'probe31[0]' in module 'edb_la_top_746783ef452b46fdaeb1fe9c8caf68d8_renamed_due_excessive_length_1'. (C:/Users/Jing-XuanTan(i)/Downloads/evsoc-efinity-v2026.1.132/evsoc-efinity-v2026.1.132/cam_single/Ti60F225_dsi/work_dbg/debug_top.v:158)
[EFX-0201 WARNING] Re-wiring to GND non-driven net/port 'probe32[0]' in module 'edb_la_top_746783ef452b46fdaeb1fe9c8caf68d8_renamed_due_excessive_length_1'. (C:/Users/Jing-XuanTan(i)/Downloads/evsoc-efinity-v2026.1.132/evsoc-efinity-v2026.1.132/cam_single/Ti60F225_dsi/work_dbg/debug_top.v:158)
[EFX-0011 VERI-WARNING] Input/inout port bscan_DRCK is unconnected. Place and route may remove this unconnected port. (VDB-8003) (C:/Users/Jing-XuanTan(i)/Downloads/evsoc-efinity-v2026.1.132/evsoc-efinity-v2026.1.132/cam_single/Ti60F225_dsi/work_dbg/debug_top.v:17)
[EFX-0011 VERI-WARNING] Input/inout port bscan_RUNTEST is unconnected. Place and route may remove this unconnected port. (VDB-8003) (C:/Users/Jing-XuanTan(i)/Downloads/evsoc-efinity-v2026.1.132/evsoc-efinity-v2026.1.132/cam_single/Ti60F225_dsi/work_dbg/debug_top.v:19)
[EFX-0011 VERI-WARNING] Input/inout port bscan_TMS is unconnected. Place and route may remove this unconnected port. (VDB-8003) (C:/Users/Jing-XuanTan(i)/Downloads/evsoc-efinity-v2026.1.132/evsoc-efinity-v2026.1.132/cam_single/Ti60F225_dsi/work_dbg/debug_top.v:24)
[EFX-0011 VERI-WARNING] Found 3 warnings in the post-synthesis netlist. 

///////////////////////////////////
// Efinity Synthesis Started 
// Oct 08, 2026 09:38:10
///////////////////////////////////

[EFX-0200 WARNING] Removing redundant signal : Rx_HS_D_2[7:0]. (C:\Users\Jing-XuanTan(i)\Downloads\evsoc-efinity-v2026.1.132\evsoc-efinity-v2026.1.132\cam_single\Ti60F225_dsi\ip\csi2_rx_cam\csi2_rx_cam.sv:6307)
[EFX-0200 WARNING] Removing redundant signal : Rx_HS_D_3[7:0]. (C:\Users\Jing-XuanTan(i)\Downloads\evsoc-efinity-v2026.1.132\evsoc-efinity-v2026.1.132\cam_single\Ti60F225_dsi\ip\csi2_rx_cam\csi2_rx_cam.sv:6307)
[EFX-0200 WARNING] Removing redundant signal : Rx_HS_D_4[7:0]. (C:\Users\Jing-XuanTan(i)\Downloads\evsoc-efinity-v2026.1.132\evsoc-efinity-v2026.1.132\cam_single\Ti60F225_dsi\ip\csi2_rx_cam\csi2_rx_cam.sv:6307)
[EFX-0200 WARNING] Removing redundant signal : Rx_HS_D_5[7:0]. (C:\Users\Jing-XuanTan(i)\Downloads\evsoc-efinity-v2026.1.132\evsoc-efinity-v2026.1.132\cam_single\Ti60F225_dsi\ip\csi2_rx_cam\csi2_rx_cam.sv:6307)
[EFX-0200 WARNING] Removing redundant signal : Rx_HS_D_6[7:0]. (C:\Users\Jing-XuanTan(i)\Downloads\evsoc-efinity-v2026.1.132\evsoc-efinity-v2026.1.132\cam_single\Ti60F225_dsi\ip\csi2_rx_cam\csi2_rx_cam.sv:6307)
[EFX-0200 WARNING] Removing redundant signal : Rx_HS_D_7[7:0]. (C:\Users\Jing-XuanTan(i)\Downloads\evsoc-efinity-v2026.1.132\evsoc-efinity-v2026.1.132\cam_single\Ti60F225_dsi\ip\csi2_rx_cam\csi2_rx_cam.sv:6307)
[EFX-0200 WARNING] Removing redundant signal : u_dly_enable_D[1:0]. (C:\Users\Jing-XuanTan(i)\Downloads\evsoc-efinity-v2026.1.132\evsoc-efinity-v2026.1.132\cam_single\Ti60F225_dsi\ip\csi2_rx_cam\csi2_rx_cam.sv:6307)
[EFX-0200 WARNING] Removing redundant signal : u_dly_inc_D[1:0]. (C:\Users\Jing-XuanTan(i)\Downloads\evsoc-efinity-v2026.1.132\evsoc-efinity-v2026.1.132\cam_single\Ti60F225_dsi\ip\csi2_rx_cam\csi2_rx_cam.sv:6307)
[EFX-0200 WARNING] Removing redundant signal : axi_awaddr[1:0]. (C:\Users\Jing-XuanTan(i)\Downloads\evsoc-efinity-v2026.1.132\evsoc-efinity-v2026.1.132\cam_single\Ti60F225_dsi\ip\csi2_rx_cam\csi2_rx_cam.sv:5564)
[EFX-0200 WARNING] Removing redundant signal : axi_araddr[1:0]. (C:\Users\Jing-XuanTan(i)\Downloads\evsoc-efinity-v2026.1.132\evsoc-efinity-v2026.1.132\cam_single\Ti60F225_dsi\ip\csi2_rx_cam\csi2_rx_cam.sv:5564)
[EFX-0200 WARNING] Removing redundant signal : loc_rdata[31:0]. (C:\Users\Jing-XuanTan(i)\Downloads\evsoc-efinity-v2026.1.132\evsoc-efinity-v2026.1.132\cam_single\Ti60F225_dsi\ip\csi2_rx_cam\csi2_rx_cam.sv:5564)
[EFX-0200 WARNING] Removing redundant signal : nextCRC16_D16[15:0]. (C:\Users\Jing-XuanTan(i)\Downloads\evsoc-efinity-v2026.1.132\evsoc-efinity-v2026.1.132\cam_single\Ti60F225_dsi\ip\csi2_rx_cam\csi2_rx_cam.sv:1466)
[EFX-0200 WARNING] Removing redundant signal : nextCRC16_D16.Data[15:0]. (C:\Users\Jing-XuanTan(i)\Downloads\evsoc-efinity-v2026.1.132\evsoc-efinity-v2026.1.132\cam_single\Ti60F225_dsi\ip\csi2_rx_cam\csi2_rx_cam.sv:1466)
[EFX-0200 WARNING] Removing redundant signal : nextCRC16_D16.fcrc[15:0]. (C:\Users\Jing-XuanTan(i)\Downloads\evsoc-efinity-v2026.1.132\evsoc-efinity-v2026.1.132\cam_single\Ti60F225_dsi\ip\csi2_rx_cam\csi2_rx_cam.sv:1466)
[EFX-0200 WARNING] Removing redundant signal : nextCRC16_D16.d[15:0]. (C:\Users\Jing-XuanTan(i)\Downloads\evsoc-efinity-v2026.1.132\evsoc-efinity-v2026.1.132\cam_single\Ti60F225_dsi\ip\csi2_rx_cam\csi2_rx_cam.sv:1466)
[EFX-0200 WARNING] Removing redundant signal : nextCRC16_D16.c[15:0]. (C:\Users\Jing-XuanTan(i)\Downloads\evsoc-efinity-v2026.1.132\evsoc-efinity-v2026.1.132\cam_single\Ti60F225_dsi\ip\csi2_rx_cam\csi2_rx_cam.sv:1466)
[EFX-0200 WARNING] Removing redundant signal : nextCRC16_D16.newcrc[15:0]. (C:\Users\Jing-XuanTan(i)\Downloads\evsoc-efinity-v2026.1.132\evsoc-efinity-v2026.1.132\cam_single\Ti60F225_dsi\ip\csi2_rx_cam\csi2_rx_cam.sv:1466)
[EFX-0200 WARNING] Removing redundant signal : nextCRC16_D8[15:0]. (C:\Users\Jing-XuanTan(i)\Downloads\evsoc-efinity-v2026.1.132\evsoc-efinity-v2026.1.132\cam_single\Ti60F225_dsi\ip\csi2_rx_cam\csi2_rx_cam.sv:1466)
[EFX-0200 WARNING] Removing redundant signal : nextCRC16_D8.Data[7:0]. (C:\Users\Jing-XuanTan(i)\Downloads\evsoc-efinity-v2026.1.132\evsoc-efinity-v2026.1.132\cam_single\Ti60F225_dsi\ip\csi2_rx_cam\csi2_rx_cam.sv:1466)
[EFX-0200 WARNING] Removing redundant signal : nextCRC16_D8.fcrc[15:0]. (C:\Users\Jing-XuanTan(i)\Downloads\evsoc-efinity-v2026.1.132\evsoc-efinity-v2026.1.132\cam_single\Ti60F225_dsi\ip\csi2_rx_cam\csi2_rx_cam.sv:1466)
[EFX-0201 WARNING] Re-wiring to GND non-driven net/port 'a_wr_rst_i' in module 'efx_fifo_top_077823fa68f649b1a7074c944568f3e4(FAMILY="TITANIUM",SYNC_CLK=1,DATA_WIDTH=40,PIPELINE_REG=0,OUTPUT_REG=1,PROGRAMMABLE_FULL="NONE",PROG_FULL_ASSERT=510,PROG_FULL_NEGATE=510,PROGRAMMABLE_EMPTY="NONE",PROG_EMPTY_ASSERT=2,PROG_EMPTY_NEGATE=3)'. (C:\Users\Jing-XuanTan(i)\Downloads\evsoc-efinity-v2026.1.132\evsoc-efinity-v2026.1.132\cam_single\Ti60F225_dsi\ip\cam_pixel_remap_fifo\cam_pixel_remap_fifo.sv:92)
[EFX-0201 WARNING] Re-wiring to GND non-driven net/port 'a_rd_rst_i' in module 'efx_fifo_top_077823fa68f649b1a7074c944568f3e4(FAMILY="TITANIUM",SYNC_CLK=1,DATA_WIDTH=40,PIPELINE_REG=0,OUTPUT_REG=1,PROGRAMMABLE_FULL="NONE",PROG_FULL_ASSERT=510,PROG_FULL_NEGATE=510,PROGRAMMABLE_EMPTY="NONE",PROG_EMPTY_ASSERT=2,PROG_EMPTY_NEGATE=3)'. (C:\Users\Jing-XuanTan(i)\Downloads\evsoc-efinity-v2026.1.132\evsoc-efinity-v2026.1.132\cam_single\Ti60F225_dsi\ip\cam_pixel_remap_fifo\cam_pixel_remap_fifo.sv:92)
[EFX-0201 WARNING] Re-wiring to GND non-driven net/port 'wr_clk_i' in module 'efx_fifo_top_077823fa68f649b1a7074c944568f3e4(FAMILY="TITANIUM",SYNC_CLK=1,DATA_WIDTH=40,PIPELINE_REG=0,OUTPUT_REG=1,PROGRAMMABLE_FULL="NONE",PROG_FULL_ASSERT=510,PROG_FULL_NEGATE=510,PROGRAMMABLE_EMPTY="NONE",PROG_EMPTY_ASSERT=2,PROG_EMPTY_NEGATE=3)'. (C:\Users\Jing-XuanTan(i)\Downloads\evsoc-efinity-v2026.1.132\evsoc-efinity-v2026.1.132\cam_single\Ti60F225_dsi\ip\cam_pixel_remap_fifo\cam_pixel_remap_fifo.sv:92)
[EFX-0201 WARNING] Re-wiring to GND non-driven net/port 'rd_clk_i' in module 'efx_fifo_top_077823fa68f649b1a7074c944568f3e4(FAMILY="TITANIUM",SYNC_CLK=1,DATA_WIDTH=40,PIPELINE_REG=0,OUTPUT_REG=1,PROGRAMMABLE_FULL="NONE",PROG_FULL_ASSERT=510,PROG_FULL_NEGATE=510,PROGRAMMABLE_EMPTY="NONE",PROG_EMPTY_ASSERT=2,PROG_EMPTY_NEGATE=3)'. (C:\Users\Jing-XuanTan(i)\Downloads\evsoc-efinity-v2026.1.132\evsoc-efinity-v2026.1.132\cam_single\Ti60F225_dsi\ip\cam_pixel_remap_fifo\cam_pixel_remap_fifo.sv:92)
[EFX-0201 WARNING] Re-wiring to GND non-driven net/port 'r_registers[12][31]' in module 'axi_lite_register(S_AXI_WSTRB_WIDTH=4)'. (C:\Users\Jing-XuanTan(i)\Downloads\evsoc-efinity-v2026.1.132\evsoc-efinity-v2026.1.132\cam_single\Ti60F225_dsi\source/isp/axi_lite_register.sv:99)
[EFX-0201 WARNING] Re-wiring to GND non-driven net/port 'r_registers[12][30]' in module 'axi_lite_register(S_AXI_WSTRB_WIDTH=4)'. (C:\Users\Jing-XuanTan(i)\Downloads\evsoc-efinity-v2026.1.132\evsoc-efinity-v2026.1.132\cam_single\Ti60F225_dsi\source/isp/axi_lite_register.sv:99)
[EFX-0201 WARNING] Re-wiring to GND non-driven net/port 'r_registers[12][29]' in module 'axi_lite_register(S_AXI_WSTRB_WIDTH=4)'. (C:\Users\Jing-XuanTan(i)\Downloads\evsoc-efinity-v2026.1.132\evsoc-efinity-v2026.1.132\cam_single\Ti60F225_dsi\source/isp/axi_lite_register.sv:99)
[EFX-0201 WARNING] Re-wiring to GND non-driven net/port 'r_registers[12][28]' in module 'axi_lite_register(S_AXI_WSTRB_WIDTH=4)'. (C:\Users\Jing-XuanTan(i)\Downloads\evsoc-efinity-v2026.1.132\evsoc-efinity-v2026.1.132\cam_single\Ti60F225_dsi\source/isp/axi_lite_register.sv:99)
[EFX-0201 WARNING] Re-wiring to GND non-driven net/port 'r_registers[12][27]' in module 'axi_lite_register(S_AXI_WSTRB_WIDTH=4)'. (C:\Users\Jing-XuanTan(i)\Downloads\evsoc-efinity-v2026.1.132\evsoc-efinity-v2026.1.132\cam_single\Ti60F225_dsi\source/isp/axi_lite_register.sv:99)
[EFX-0201 WARNING] Re-wiring to GND non-driven net/port 'r_registers[12][26]' in module 'axi_lite_register(S_AXI_WSTRB_WIDTH=4)'. (C:\Users\Jing-XuanTan(i)\Downloads\evsoc-efinity-v2026.1.132\evsoc-efinity-v2026.1.132\cam_single\Ti60F225_dsi\source/isp/axi_lite_register.sv:99)
[EFX-0657 WARNING] Mapping into logic memory block 'pipe_0_center' (28 bits) (C:\Users\Jing-XuanTan(i)\Downloads\evsoc-efinity-v2026.1.132\evsoc-efinity-v2026.1.132\cam_single\Ti60F225_dsi\source/isp/demosaic.sv:68) because size is too small (<=64)
[EFX-0657 WARNING] Mapping into logic memory block 'pipe_0_outer_horizontal' (28 bits) (C:\Users\Jing-XuanTan(i)\Downloads\evsoc-efinity-v2026.1.132\evsoc-efinity-v2026.1.132\cam_single\Ti60F225_dsi\source/isp/demosaic.sv:69) because size is too small (<=64)
[EFX-0657 WARNING] Mapping into logic memory block 'pipe_0_outer_vertical' (28 bits) (C:\Users\Jing-XuanTan(i)\Downloads\evsoc-efinity-v2026.1.132\evsoc-efinity-v2026.1.132\cam_single\Ti60F225_dsi\source/isp/demosaic.sv:70) because size is too small (<=64)
[EFX-0657 WARNING] Mapping into logic memory block 'pipe_0_inner_horizontal' (28 bits) (C:\Users\Jing-XuanTan(i)\Downloads\evsoc-efinity-v2026.1.132\evsoc-efinity-v2026.1.132\cam_single\Ti60F225_dsi\source/isp/demosaic.sv:71) because size is too small (<=64)
[EFX-0657 WARNING] Mapping into logic memory block 'pipe_0_inner_vertical' (28 bits) (C:\Users\Jing-XuanTan(i)\Downloads\evsoc-efinity-v2026.1.132\evsoc-efinity-v2026.1.132\cam_single\Ti60F225_dsi\source/isp/demosaic.sv:72) because size is too small (<=64)
[EFX-0657 WARNING] Mapping into logic memory block 'pipe_0_inner_top' (28 bits) (C:\Users\Jing-XuanTan(i)\Downloads\evsoc-efinity-v2026.1.132\evsoc-efinity-v2026.1.132\cam_single\Ti60F225_dsi\source/isp/demosaic.sv:73) because size is too small (<=64)
[EFX-0657 WARNING] Mapping into logic memory block 'pipe_0_inner_bottom' (28 bits) (C:\Users\Jing-XuanTan(i)\Downloads\evsoc-efinity-v2026.1.132\evsoc-efinity-v2026.1.132\cam_single\Ti60F225_dsi\source/isp/demosaic.sv:74) because size is too small (<=64)
[EFX-0657 WARNING] Mapping into logic memory block 'pipe_1_center' (36 bits) (C:\Users\Jing-XuanTan(i)\Downloads\evsoc-efinity-v2026.1.132\evsoc-efinity-v2026.1.132\cam_single\Ti60F225_dsi\source/isp/demosaic.sv:80) because size is too small (<=64)
[EFX-0657 WARNING] Mapping into logic memory block 'pipe_1_center_x5' (36 bits) (C:\Users\Jing-XuanTan(i)\Downloads\evsoc-efinity-v2026.1.132\evsoc-efinity-v2026.1.132\cam_single\Ti60F225_dsi\source/isp/demosaic.sv:81) because size is too small (<=64)
[EFX-0657 WARNING] Mapping into logic memory block 'pipe_1_center_x6' (36 bits) (C:\Users\Jing-XuanTan(i)\Downloads\evsoc-efinity-v2026.1.132\evsoc-efinity-v2026.1.132\cam_single\Ti60F225_dsi\source/isp/demosaic.sv:82) because size is too small (<=64)
[EFX-0657 WARNING] Mapping into logic memory block 'pipe_1_outer_horizontal' (36 bits) (C:\Users\Jing-XuanTan(i)\Downloads\evsoc-efinity-v2026.1.132\evsoc-efinity-v2026.1.132\cam_single\Ti60F225_dsi\source/isp/demosaic.sv:83) because size is too small (<=64)
[EFX-0657 WARNING] Mapping into logic memory block 'pipe_1_outer_vertical' (36 bits) (C:\Users\Jing-XuanTan(i)\Downloads\evsoc-efinity-v2026.1.132\evsoc-efinity-v2026.1.132\cam_single\Ti60F225_dsi\source/isp/demosaic.sv:84) because size is too small (<=64)
[EFX-0657 WARNING] Mapping into logic memory block 'pipe_1_outer_cross' (36 bits) (C:\Users\Jing-XuanTan(i)\Downloads\evsoc-efinity-v2026.1.132\evsoc-efinity-v2026.1.132\cam_single\Ti60F225_dsi\source/isp/demosaic.sv:85) because size is too small (<=64)
[EFX-0657 WARNING] Mapping into logic memory block 'pipe_1_inner_h_outer_v_x2' (36 bits) (C:\Users\Jing-XuanTan(i)\Downloads\evsoc-efinity-v2026.1.132\evsoc-efinity-v2026.1.132\cam_single\Ti60F225_dsi\source/isp/demosaic.sv:86) because size is too small (<=64)
[EFX-0657 WARNING] Mapping into logic memory block 'pipe_1_inner_v_outer_h_x2' (36 bits) (C:\Users\Jing-XuanTan(i)\Downloads\evsoc-efinity-v2026.1.132\evsoc-efinity-v2026.1.132\cam_single\Ti60F225_dsi\source/isp/demosaic.sv:87) because size is too small (<=64)
[EFX-0657 WARNING] Mapping into logic memory block 'pipe_1_inner_corner' (36 bits) (C:\Users\Jing-XuanTan(i)\Downloads\evsoc-efinity-v2026.1.132\evsoc-efinity-v2026.1.132\cam_single\Ti60F225_dsi\source/isp/demosaic.sv:88) because size is too small (<=64)
[EFX-0657 WARNING] Mapping into logic memory block 'pipe_1_inner_cross' (36 bits) (C:\Users\Jing-XuanTan(i)\Downloads\evsoc-efinity-v2026.1.132\evsoc-efinity-v2026.1.132\cam_single\Ti60F225_dsi\source/isp/demosaic.sv:89) because size is too small (<=64)
[EFX-0657 WARNING] Mapping into logic memory block 'pipe_2_center' (44 bits) (C:\Users\Jing-XuanTan(i)\Downloads\evsoc-efinity-v2026.1.132\evsoc-efinity-v2026.1.132\cam_single\Ti60F225_dsi\source/isp/demosaic.sv:95) because size is too small (<=64)
[EFX-0657 WARNING] Mapping into logic memory block 'pipe_2_center_cross_x2' (44 bits) (C:\Users\Jing-XuanTan(i)\Downloads\evsoc-efinity-v2026.1.132\evsoc-efinity-v2026.1.132\cam_single\Ti60F225_dsi\source/isp/demosaic.sv:96) because size is too small (<=64)
[EFX-0657 WARNING] Mapping into logic memory block 'pipe_2_outer_cross_x2' (44 bits) (C:\Users\Jing-XuanTan(i)\Downloads\evsoc-efinity-v2026.1.132\evsoc-efinity-v2026.1.132\cam_single\Ti60F225_dsi\source/isp/demosaic.sv:97) because size is too small (<=64)
[EFX-0657 WARNING] Mapping into logic memory block 'pipe_2_outer_cross_x3' (44 bits) (C:\Users\Jing-XuanTan(i)\Downloads\evsoc-efinity-v2026.1.132\evsoc-efinity-v2026.1.132\cam_single\Ti60F225_dsi\source/isp/demosaic.sv:98) because size is too small (<=64)
[EFX-0657 WARNING] Mapping into logic memory block 'pipe_2_inner_c_outer_h_x2' (44 bits) (C:\Users\Jing-XuanTan(i)\Downloads\evsoc-efinity-v2026.1.132\evsoc-efinity-v2026.1.132\cam_single\Ti60F225_dsi\source/isp/demosaic.sv:99) because size is too small (<=64)
[EFX-0657 WARNING] Mapping into logic memory block 'pipe_2_inner_c_outer_v_x2' (44 bits) (C:\Users\Jing-XuanTan(i)\Downloads\evsoc-efinity-v2026.1.132\evsoc-efinity-v2026.1.132\cam_single\Ti60F225_dsi\source/isp/demosaic.sv:100) because size is too small (<=64)
[EFX-0657 WARNING] Mapping into logic memory block 'pipe_2_rb_at_g1_x2' (44 bits) (C:\Users\Jing-XuanTan(i)\Downloads\evsoc-efinity-v2026.1.132\evsoc-efinity-v2026.1.132\cam_single\Ti60F225_dsi\source/isp/demosaic.sv:101) because size is too small (<=64)
[EFX-0657 WARNING] Mapping into logic memory block 'pipe_2_rb_at_g2_x2' (44 bits) (C:\Users\Jing-XuanTan(i)\Downloads\evsoc-efinity-v2026.1.132\evsoc-efinity-v2026.1.132\cam_single\Ti60F225_dsi\source/isp/demosaic.sv:102) because size is too small (<=64)
[EFX-0657 WARNING] Mapping into logic memory block 'pipe_2_rb_at_rb_x2' (44 bits) (C:\Users\Jing-XuanTan(i)\Downloads\evsoc-efinity-v2026.1.132\evsoc-efinity-v2026.1.132\cam_single\Ti60F225_dsi\source/isp/demosaic.sv:103) because size is too small (<=64)
[EFX-0657 WARNING] Mapping into logic memory block 'logic_progbufX_mem' (64 bits) (C:\Users\Jing-XuanTan(i)\Downloads\evsoc-efinity-v2026.1.132\evsoc-efinity-v2026.1.132\cam_single\Ti60F225_dsi\ip\SapphireSoc\SapphireSoc.v:12001) because size is too small (<=64)
[EFX-0657 WARNING] Mapping into logic memory block 'logic_ram' (64 bits) (C:\Users\Jing-XuanTan(i)\Downloads\evsoc-efinity-v2026.1.132\evsoc-efinity-v2026.1.132\cam_single\Ti60F225_dsi\ip\SapphireSoc\SapphireSoc.v:20390) because size is too small (<=64)
[EFX-0656 WARNING] Optimizing into logic zero initialized read-only memory block 'u_dma/u_EfxDMA/inputsAdapter_1_crossclock_fifo/ram__D$c1'. (C:\Users\Jing-XuanTan(i)\Downloads\evsoc-efinity-v2026.1.132\evsoc-efinity-v2026.1.132\cam_single\Ti60F225_dsi\ip\dma\dma.v:2839)
[EFX-0656 WARNING] Optimizing into logic zero initialized read-only memory block 'u_dma/u_EfxDMA/inputsAdapter_1_crossclock_fifo/ram__D$b12'. (C:\Users\Jing-XuanTan(i)\Downloads\evsoc-efinity-v2026.1.132\evsoc-efinity-v2026.1.132\cam_single\Ti60F225_dsi\ip\dma\dma.v:2839)
[EFX-0656 WARNING] Optimizing into logic zero initialized read-only memory block 'u_dma/u_EfxDMA/inputsAdapter_1_crossclock_fifo/ram__D$12'. (C:\Users\Jing-XuanTan(i)\Downloads\evsoc-efinity-v2026.1.132\evsoc-efinity-v2026.1.132\cam_single\Ti60F225_dsi\ip\dma\dma.v:2839)
[EFX-0656 WARNING] Optimizing into logic zero initialized read-only memory block 'u_dma/u_EfxDMA/inputsAdapter_1_crossclock_fifo/ram__D$2'. (C:\Users\Jing-XuanTan(i)\Downloads\evsoc-efinity-v2026.1.132\evsoc-efinity-v2026.1.132\cam_single\Ti60F225_dsi\ip\dma\dma.v:2839)

///////////////////////////////////
// Efinity Synthesis Started 
// Oct 08, 2026 14:19:02
///////////////////////////////////

[EFX-0011 VERI-WARNING] port 'probe23' remains unconnected for this instance (VERI-1927) (C:/Users/Jing-XuanTan(i)/Downloads/evsoc-efinity-v2026.1.132/evsoc-efinity-v2026.1.132/cam_single/Ti60F225_dsi/work_dbg/debug_top.v:202)
[EFX-0011 VERI-WARNING] input port 'probe23[0]' remains unconnected for this instance (VDB-1053) (C:/Users/Jing-XuanTan(i)/Downloads/evsoc-efinity-v2026.1.132/evsoc-efinity-v2026.1.132/cam_single/Ti60F225_dsi/work_dbg/debug_top.v:158)
[EFX-0200 WARNING] Removing redundant signal : compared_in[0]. (C:/Users/Jing-XuanTan(i)/Downloads/evsoc-efinity-v2026.1.132/evsoc-efinity-v2026.1.132/cam_single/Ti60F225_dsi/work_dbg/debug_top.v:5604)
[EFX-0200 WARNING] Removing redundant signal : mask_in[0]. (C:/Users/Jing-XuanTan(i)/Downloads/evsoc-efinity-v2026.1.132/evsoc-efinity-v2026.1.132/cam_single/Ti60F225_dsi/work_dbg/debug_top.v:5605)
[EFX-0200 WARNING] Removing redundant signal : trigger_in. (C:/Users/Jing-XuanTan(i)/Downloads/evsoc-efinity-v2026.1.132/evsoc-efinity-v2026.1.132/cam_single/Ti60F225_dsi/work_dbg/debug_top.v:5815)
[EFX-0200 WARNING] Removing redundant signal : clk. (C:/Users/Jing-XuanTan(i)/Downloads/evsoc-efinity-v2026.1.132/evsoc-efinity-v2026.1.132/cam_single/Ti60F225_dsi/work_dbg/debug_top.v:4638)
[EFX-0200 WARNING] Removing redundant signal : full. (C:/Users/Jing-XuanTan(i)/Downloads/evsoc-efinity-v2026.1.132/evsoc-efinity-v2026.1.132/cam_single/Ti60F225_dsi/work_dbg/debug_top.v:4692)
[EFX-0200 WARNING] Removing redundant signal : shift_i. (C:/Users/Jing-XuanTan(i)/Downloads/evsoc-efinity-v2026.1.132/evsoc-efinity-v2026.1.132/cam_single/Ti60F225_dsi/work_dbg/debug_top.v:4962)
[EFX-0200 WARNING] Removing redundant signal : trig_out. (C:/Users/Jing-XuanTan(i)/Downloads/evsoc-efinity-v2026.1.132/evsoc-efinity-v2026.1.132/cam_single/Ti60F225_dsi/work_dbg/debug_top.v:4979)
[EFX-0200 WARNING] Removing redundant signal : trig_out_ack. (C:/Users/Jing-XuanTan(i)/Downloads/evsoc-efinity-v2026.1.132/evsoc-efinity-v2026.1.132/cam_single/Ti60F225_dsi/work_dbg/debug_top.v:4980)
[EFX-0200 WARNING] Removing redundant signal : bscan_DRCK. (C:/Users/Jing-XuanTan(i)/Downloads/evsoc-efinity-v2026.1.132/evsoc-efinity-v2026.1.132/cam_single/Ti60F225_dsi/work_dbg/debug_top.v:1121)
[EFX-0200 WARNING] Removing redundant signal : bscan_RESET. (C:/Users/Jing-XuanTan(i)/Downloads/evsoc-efinity-v2026.1.132/evsoc-efinity-v2026.1.132/cam_single/Ti60F225_dsi/work_dbg/debug_top.v:1122)
[EFX-0200 WARNING] Removing redundant signal : bscan_RUNTEST. (C:/Users/Jing-XuanTan(i)/Downloads/evsoc-efinity-v2026.1.132/evsoc-efinity-v2026.1.132/cam_single/Ti60F225_dsi/work_dbg/debug_top.v:1123)
[EFX-0200 WARNING] Removing redundant signal : bscan_SEL. (C:/Users/Jing-XuanTan(i)/Downloads/evsoc-efinity-v2026.1.132/evsoc-efinity-v2026.1.132/cam_single/Ti60F225_dsi/work_dbg/debug_top.v:1124)
[EFX-0200 WARNING] Removing redundant signal : bscan_TMS. (C:/Users/Jing-XuanTan(i)/Downloads/evsoc-efinity-v2026.1.132/evsoc-efinity-v2026.1.132/cam_single/Ti60F225_dsi/work_dbg/debug_top.v:1128)
[EFX-0200 WARNING] Removing redundant signal : trig_in_ack. (C:/Users/Jing-XuanTan(i)/Downloads/evsoc-efinity-v2026.1.132/evsoc-efinity-v2026.1.132/cam_single/Ti60F225_dsi/work_dbg/debug_top.v:1140)
[EFX-0200 WARNING] Removing redundant signal : mux_capture_cmp[22:0]. (C:/Users/Jing-XuanTan(i)/Downloads/evsoc-efinity-v2026.1.132/evsoc-efinity-v2026.1.132/cam_single/Ti60F225_dsi/work_dbg/debug_top.v:3559)
[EFX-0200 WARNING] Removing redundant signal : bscan_CAPTURE. (C:/Users/Jing-XuanTan(i)/Downloads/evsoc-efinity-v2026.1.132/evsoc-efinity-v2026.1.132/cam_single/Ti60F225_dsi/work_dbg/debug_top.v:360)
[EFX-0200 WARNING] Removing redundant signal : bscan_DRCK. (C:/Users/Jing-XuanTan(i)/Downloads/evsoc-efinity-v2026.1.132/evsoc-efinity-v2026.1.132/cam_single/Ti60F225_dsi/work_dbg/debug_top.v:361)
[EFX-0200 WARNING] Removing redundant signal : bscan_RUNTEST. (C:/Users/Jing-XuanTan(i)/Downloads/evsoc-efinity-v2026.1.132/evsoc-efinity-v2026.1.132/cam_single/Ti60F225_dsi/work_dbg/debug_top.v:363)
[EFX-0200 WARNING] Removing redundant signal : bscan_TMS. (C:/Users/Jing-XuanTan(i)/Downloads/evsoc-efinity-v2026.1.132/evsoc-efinity-v2026.1.132/cam_single/Ti60F225_dsi/work_dbg/debug_top.v:368)
[EFX-0201 WARNING] Re-wiring to GND non-driven net/port 'probe23[0]' in module 'edb_la_top_746783ef452b46fdaeb1fe9c8caf68d8_renamed_due_excessive_length_1'. (C:/Users/Jing-XuanTan(i)/Downloads/evsoc-efinity-v2026.1.132/evsoc-efinity-v2026.1.132/cam_single/Ti60F225_dsi/work_dbg/debug_top.v:158)
[EFX-0201 WARNING] Re-wiring to GND non-driven net/port 'probe24[0]' in module 'edb_la_top_746783ef452b46fdaeb1fe9c8caf68d8_renamed_due_excessive_length_1'. (C:/Users/Jing-XuanTan(i)/Downloads/evsoc-efinity-v2026.1.132/evsoc-efinity-v2026.1.132/cam_single/Ti60F225_dsi/work_dbg/debug_top.v:158)
[EFX-0201 WARNING] Re-wiring to GND non-driven net/port 'probe25[0]' in module 'edb_la_top_746783ef452b46fdaeb1fe9c8caf68d8_renamed_due_excessive_length_1'. (C:/Users/Jing-XuanTan(i)/Downloads/evsoc-efinity-v2026.1.132/evsoc-efinity-v2026.1.132/cam_single/Ti60F225_dsi/work_dbg/debug_top.v:158)
[EFX-0201 WARNING] Re-wiring to GND non-driven net/port 'probe26[0]' in module 'edb_la_top_746783ef452b46fdaeb1fe9c8caf68d8_renamed_due_excessive_length_1'. (C:/Users/Jing-XuanTan(i)/Downloads/evsoc-efinity-v2026.1.132/evsoc-efinity-v2026.1.132/cam_single/Ti60F225_dsi/work_dbg/debug_top.v:158)
[EFX-0201 WARNING] Re-wiring to GND non-driven net/port 'probe27[0]' in module 'edb_la_top_746783ef452b46fdaeb1fe9c8caf68d8_renamed_due_excessive_length_1'. (C:/Users/Jing-XuanTan(i)/Downloads/evsoc-efinity-v2026.1.132/evsoc-efinity-v2026.1.132/cam_single/Ti60F225_dsi/work_dbg/debug_top.v:158)
[EFX-0201 WARNING] Re-wiring to GND non-driven net/port 'probe28[0]' in module 'edb_la_top_746783ef452b46fdaeb1fe9c8caf68d8_renamed_due_excessive_length_1'. (C:/Users/Jing-XuanTan(i)/Downloads/evsoc-efinity-v2026.1.132/evsoc-efinity-v2026.1.132/cam_single/Ti60F225_dsi/work_dbg/debug_top.v:158)
[EFX-0201 WARNING] Re-wiring to GND non-driven net/port 'probe29[0]' in module 'edb_la_top_746783ef452b46fdaeb1fe9c8caf68d8_renamed_due_excessive_length_1'. (C:/Users/Jing-XuanTan(i)/Downloads/evsoc-efinity-v2026.1.132/evsoc-efinity-v2026.1.132/cam_single/Ti60F225_dsi/work_dbg/debug_top.v:158)
[EFX-0201 WARNING] Re-wiring to GND non-driven net/port 'probe30[0]' in module 'edb_la_top_746783ef452b46fdaeb1fe9c8caf68d8_renamed_due_excessive_length_1'. (C:/Users/Jing-XuanTan(i)/Downloads/evsoc-efinity-v2026.1.132/evsoc-efinity-v2026.1.132/cam_single/Ti60F225_dsi/work_dbg/debug_top.v:158)
[EFX-0201 WARNING] Re-wiring to GND non-driven net/port 'probe31[0]' in module 'edb_la_top_746783ef452b46fdaeb1fe9c8caf68d8_renamed_due_excessive_length_1'. (C:/Users/Jing-XuanTan(i)/Downloads/evsoc-efinity-v2026.1.132/evsoc-efinity-v2026.1.132/cam_single/Ti60F225_dsi/work_dbg/debug_top.v:158)
[EFX-0201 WARNING] Re-wiring to GND non-driven net/port 'probe32[0]' in module 'edb_la_top_746783ef452b46fdaeb1fe9c8caf68d8_renamed_due_excessive_length_1'. (C:/Users/Jing-XuanTan(i)/Downloads/evsoc-efinity-v2026.1.132/evsoc-efinity-v2026.1.132/cam_single/Ti60F225_dsi/work_dbg/debug_top.v:158)
[EFX-0011 VERI-WARNING] Input/inout port bscan_DRCK is unconnected. Place and route may remove this unconnected port. (VDB-8003) (C:/Users/Jing-XuanTan(i)/Downloads/evsoc-efinity-v2026.1.132/evsoc-efinity-v2026.1.132/cam_single/Ti60F225_dsi/work_dbg/debug_top.v:17)
[EFX-0011 VERI-WARNING] Input/inout port bscan_RUNTEST is unconnected. Place and route may remove this unconnected port. (VDB-8003) (C:/Users/Jing-XuanTan(i)/Downloads/evsoc-efinity-v2026.1.132/evsoc-efinity-v2026.1.132/cam_single/Ti60F225_dsi/work_dbg/debug_top.v:19)
[EFX-0011 VERI-WARNING] Input/inout port bscan_TMS is unconnected. Place and route may remove this unconnected port. (VDB-8003) (C:/Users/Jing-XuanTan(i)/Downloads/evsoc-efinity-v2026.1.132/evsoc-efinity-v2026.1.132/cam_single/Ti60F225_dsi/work_dbg/debug_top.v:24)
[EFX-0011 VERI-WARNING] Found 3 warnings in the post-synthesis netlist. 

///////////////////////////////////
// Efinity Synthesis Started 
// Oct 08, 2026 14:19:19
///////////////////////////////////

[EFX-0200 WARNING] Removing redundant signal : Rx_HS_D_2[7:0]. (C:\Users\Jing-XuanTan(i)\Downloads\evsoc-efinity-v2026.1.132\evsoc-efinity-v2026.1.132\cam_single\Ti60F225_dsi\ip\csi2_rx_cam\csi2_rx_cam.sv:6307)
[EFX-0200 WARNING] Removing redundant signal : Rx_HS_D_3[7:0]. (C:\Users\Jing-XuanTan(i)\Downloads\evsoc-efinity-v2026.1.132\evsoc-efinity-v2026.1.132\cam_single\Ti60F225_dsi\ip\csi2_rx_cam\csi2_rx_cam.sv:6307)
[EFX-0200 WARNING] Removing redundant signal : Rx_HS_D_4[7:0]. (C:\Users\Jing-XuanTan(i)\Downloads\evsoc-efinity-v2026.1.132\evsoc-efinity-v2026.1.132\cam_single\Ti60F225_dsi\ip\csi2_rx_cam\csi2_rx_cam.sv:6307)
[EFX-0200 WARNING] Removing redundant signal : Rx_HS_D_5[7:0]. (C:\Users\Jing-XuanTan(i)\Downloads\evsoc-efinity-v2026.1.132\evsoc-efinity-v2026.1.132\cam_single\Ti60F225_dsi\ip\csi2_rx_cam\csi2_rx_cam.sv:6307)
[EFX-0200 WARNING] Removing redundant signal : Rx_HS_D_6[7:0]. (C:\Users\Jing-XuanTan(i)\Downloads\evsoc-efinity-v2026.1.132\evsoc-efinity-v2026.1.132\cam_single\Ti60F225_dsi\ip\csi2_rx_cam\csi2_rx_cam.sv:6307)
[EFX-0200 WARNING] Removing redundant signal : Rx_HS_D_7[7:0]. (C:\Users\Jing-XuanTan(i)\Downloads\evsoc-efinity-v2026.1.132\evsoc-efinity-v2026.1.132\cam_single\Ti60F225_dsi\ip\csi2_rx_cam\csi2_rx_cam.sv:6307)
[EFX-0200 WARNING] Removing redundant signal : u_dly_enable_D[1:0]. (C:\Users\Jing-XuanTan(i)\Downloads\evsoc-efinity-v2026.1.132\evsoc-efinity-v2026.1.132\cam_single\Ti60F225_dsi\ip\csi2_rx_cam\csi2_rx_cam.sv:6307)
[EFX-0200 WARNING] Removing redundant signal : u_dly_inc_D[1:0]. (C:\Users\Jing-XuanTan(i)\Downloads\evsoc-efinity-v2026.1.132\evsoc-efinity-v2026.1.132\cam_single\Ti60F225_dsi\ip\csi2_rx_cam\csi2_rx_cam.sv:6307)
[EFX-0200 WARNING] Removing redundant signal : axi_awaddr[1:0]. (C:\Users\Jing-XuanTan(i)\Downloads\evsoc-efinity-v2026.1.132\evsoc-efinity-v2026.1.132\cam_single\Ti60F225_dsi\ip\csi2_rx_cam\csi2_rx_cam.sv:5564)
[EFX-0200 WARNING] Removing redundant signal : axi_araddr[1:0]. (C:\Users\Jing-XuanTan(i)\Downloads\evsoc-efinity-v2026.1.132\evsoc-efinity-v2026.1.132\cam_single\Ti60F225_dsi\ip\csi2_rx_cam\csi2_rx_cam.sv:5564)
[EFX-0200 WARNING] Removing redundant signal : loc_rdata[31:0]. (C:\Users\Jing-XuanTan(i)\Downloads\evsoc-efinity-v2026.1.132\evsoc-efinity-v2026.1.132\cam_single\Ti60F225_dsi\ip\csi2_rx_cam\csi2_rx_cam.sv:5564)
[EFX-0200 WARNING] Removing redundant signal : nextCRC16_D16[15:0]. (C:\Users\Jing-XuanTan(i)\Downloads\evsoc-efinity-v2026.1.132\evsoc-efinity-v2026.1.132\cam_single\Ti60F225_dsi\ip\csi2_rx_cam\csi2_rx_cam.sv:1466)
[EFX-0200 WARNING] Removing redundant signal : nextCRC16_D16.Data[15:0]. (C:\Users\Jing-XuanTan(i)\Downloads\evsoc-efinity-v2026.1.132\evsoc-efinity-v2026.1.132\cam_single\Ti60F225_dsi\ip\csi2_rx_cam\csi2_rx_cam.sv:1466)
[EFX-0200 WARNING] Removing redundant signal : nextCRC16_D16.fcrc[15:0]. (C:\Users\Jing-XuanTan(i)\Downloads\evsoc-efinity-v2026.1.132\evsoc-efinity-v2026.1.132\cam_single\Ti60F225_dsi\ip\csi2_rx_cam\csi2_rx_cam.sv:1466)
[EFX-0200 WARNING] Removing redundant signal : nextCRC16_D16.d[15:0]. (C:\Users\Jing-XuanTan(i)\Downloads\evsoc-efinity-v2026.1.132\evsoc-efinity-v2026.1.132\cam_single\Ti60F225_dsi\ip\csi2_rx_cam\csi2_rx_cam.sv:1466)
[EFX-0200 WARNING] Removing redundant signal : nextCRC16_D16.c[15:0]. (C:\Users\Jing-XuanTan(i)\Downloads\evsoc-efinity-v2026.1.132\evsoc-efinity-v2026.1.132\cam_single\Ti60F225_dsi\ip\csi2_rx_cam\csi2_rx_cam.sv:1466)
[EFX-0200 WARNING] Removing redundant signal : nextCRC16_D16.newcrc[15:0]. (C:\Users\Jing-XuanTan(i)\Downloads\evsoc-efinity-v2026.1.132\evsoc-efinity-v2026.1.132\cam_single\Ti60F225_dsi\ip\csi2_rx_cam\csi2_rx_cam.sv:1466)
[EFX-0200 WARNING] Removing redundant signal : nextCRC16_D8[15:0]. (C:\Users\Jing-XuanTan(i)\Downloads\evsoc-efinity-v2026.1.132\evsoc-efinity-v2026.1.132\cam_single\Ti60F225_dsi\ip\csi2_rx_cam\csi2_rx_cam.sv:1466)
[EFX-0200 WARNING] Removing redundant signal : nextCRC16_D8.Data[7:0]. (C:\Users\Jing-XuanTan(i)\Downloads\evsoc-efinity-v2026.1.132\evsoc-efinity-v2026.1.132\cam_single\Ti60F225_dsi\ip\csi2_rx_cam\csi2_rx_cam.sv:1466)
[EFX-0200 WARNING] Removing redundant signal : nextCRC16_D8.fcrc[15:0]. (C:\Users\Jing-XuanTan(i)\Downloads\evsoc-efinity-v2026.1.132\evsoc-efinity-v2026.1.132\cam_single\Ti60F225_dsi\ip\csi2_rx_cam\csi2_rx_cam.sv:1466)
[EFX-0201 WARNING] Re-wiring to GND non-driven net/port 'a_wr_rst_i' in module 'efx_fifo_top_077823fa68f649b1a7074c944568f3e4(FAMILY="TITANIUM",SYNC_CLK=1,DATA_WIDTH=40,PIPELINE_REG=0,OUTPUT_REG=1,PROGRAMMABLE_FULL="NONE",PROG_FULL_ASSERT=510,PROG_FULL_NEGATE=510,PROGRAMMABLE_EMPTY="NONE",PROG_EMPTY_ASSERT=2,PROG_EMPTY_NEGATE=3)'. (C:\Users\Jing-XuanTan(i)\Downloads\evsoc-efinity-v2026.1.132\evsoc-efinity-v2026.1.132\cam_single\Ti60F225_dsi\ip\cam_pixel_remap_fifo\cam_pixel_remap_fifo.sv:92)
[EFX-0201 WARNING] Re-wiring to GND non-driven net/port 'a_rd_rst_i' in module 'efx_fifo_top_077823fa68f649b1a7074c944568f3e4(FAMILY="TITANIUM",SYNC_CLK=1,DATA_WIDTH=40,PIPELINE_REG=0,OUTPUT_REG=1,PROGRAMMABLE_FULL="NONE",PROG_FULL_ASSERT=510,PROG_FULL_NEGATE=510,PROGRAMMABLE_EMPTY="NONE",PROG_EMPTY_ASSERT=2,PROG_EMPTY_NEGATE=3)'. (C:\Users\Jing-XuanTan(i)\Downloads\evsoc-efinity-v2026.1.132\evsoc-efinity-v2026.1.132\cam_single\Ti60F225_dsi\ip\cam_pixel_remap_fifo\cam_pixel_remap_fifo.sv:92)
[EFX-0201 WARNING] Re-wiring to GND non-driven net/port 'wr_clk_i' in module 'efx_fifo_top_077823fa68f649b1a7074c944568f3e4(FAMILY="TITANIUM",SYNC_CLK=1,DATA_WIDTH=40,PIPELINE_REG=0,OUTPUT_REG=1,PROGRAMMABLE_FULL="NONE",PROG_FULL_ASSERT=510,PROG_FULL_NEGATE=510,PROGRAMMABLE_EMPTY="NONE",PROG_EMPTY_ASSERT=2,PROG_EMPTY_NEGATE=3)'. (C:\Users\Jing-XuanTan(i)\Downloads\evsoc-efinity-v2026.1.132\evsoc-efinity-v2026.1.132\cam_single\Ti60F225_dsi\ip\cam_pixel_remap_fifo\cam_pixel_remap_fifo.sv:92)
[EFX-0201 WARNING] Re-wiring to GND non-driven net/port 'rd_clk_i' in module 'efx_fifo_top_077823fa68f649b1a7074c944568f3e4(FAMILY="TITANIUM",SYNC_CLK=1,DATA_WIDTH=40,PIPELINE_REG=0,OUTPUT_REG=1,PROGRAMMABLE_FULL="NONE",PROG_FULL_ASSERT=510,PROG_FULL_NEGATE=510,PROGRAMMABLE_EMPTY="NONE",PROG_EMPTY_ASSERT=2,PROG_EMPTY_NEGATE=3)'. (C:\Users\Jing-XuanTan(i)\Downloads\evsoc-efinity-v2026.1.132\evsoc-efinity-v2026.1.132\cam_single\Ti60F225_dsi\ip\cam_pixel_remap_fifo\cam_pixel_remap_fifo.sv:92)
[EFX-0201 WARNING] Re-wiring to GND non-driven net/port 'r_registers[12][31]' in module 'axi_lite_register(S_AXI_WSTRB_WIDTH=4)'. (C:\Users\Jing-XuanTan(i)\Downloads\evsoc-efinity-v2026.1.132\evsoc-efinity-v2026.1.132\cam_single\Ti60F225_dsi\source/isp/axi_lite_register.sv:99)
[EFX-0201 WARNING] Re-wiring to GND non-driven net/port 'r_registers[12][30]' in module 'axi_lite_register(S_AXI_WSTRB_WIDTH=4)'. (C:\Users\Jing-XuanTan(i)\Downloads\evsoc-efinity-v2026.1.132\evsoc-efinity-v2026.1.132\cam_single\Ti60F225_dsi\source/isp/axi_lite_register.sv:99)
[EFX-0201 WARNING] Re-wiring to GND non-driven net/port 'r_registers[12][29]' in module 'axi_lite_register(S_AXI_WSTRB_WIDTH=4)'. (C:\Users\Jing-XuanTan(i)\Downloads\evsoc-efinity-v2026.1.132\evsoc-efinity-v2026.1.132\cam_single\Ti60F225_dsi\source/isp/axi_lite_register.sv:99)
[EFX-0201 WARNING] Re-wiring to GND non-driven net/port 'r_registers[12][28]' in module 'axi_lite_register(S_AXI_WSTRB_WIDTH=4)'. (C:\Users\Jing-XuanTan(i)\Downloads\evsoc-efinity-v2026.1.132\evsoc-efinity-v2026.1.132\cam_single\Ti60F225_dsi\source/isp/axi_lite_register.sv:99)
[EFX-0201 WARNING] Re-wiring to GND non-driven net/port 'r_registers[12][27]' in module 'axi_lite_register(S_AXI_WSTRB_WIDTH=4)'. (C:\Users\Jing-XuanTan(i)\Downloads\evsoc-efinity-v2026.1.132\evsoc-efinity-v2026.1.132\cam_single\Ti60F225_dsi\source/isp/axi_lite_register.sv:99)
[EFX-0201 WARNING] Re-wiring to GND non-driven net/port 'r_registers[12][26]' in module 'axi_lite_register(S_AXI_WSTRB_WIDTH=4)'. (C:\Users\Jing-XuanTan(i)\Downloads\evsoc-efinity-v2026.1.132\evsoc-efinity-v2026.1.132\cam_single\Ti60F225_dsi\source/isp/axi_lite_register.sv:99)
[EFX-0657 WARNING] Mapping into logic memory block 'pipe_0_center' (28 bits) (C:\Users\Jing-XuanTan(i)\Downloads\evsoc-efinity-v2026.1.132\evsoc-efinity-v2026.1.132\cam_single\Ti60F225_dsi\source/isp/demosaic.sv:68) because size is too small (<=64)
[EFX-0657 WARNING] Mapping into logic memory block 'pipe_0_outer_horizontal' (28 bits) (C:\Users\Jing-XuanTan(i)\Downloads\evsoc-efinity-v2026.1.132\evsoc-efinity-v2026.1.132\cam_single\Ti60F225_dsi\source/isp/demosaic.sv:69) because size is too small (<=64)
[EFX-0657 WARNING] Mapping into logic memory block 'pipe_0_outer_vertical' (28 bits) (C:\Users\Jing-XuanTan(i)\Downloads\evsoc-efinity-v2026.1.132\evsoc-efinity-v2026.1.132\cam_single\Ti60F225_dsi\source/isp/demosaic.sv:70) because size is too small (<=64)
[EFX-0657 WARNING] Mapping into logic memory block 'pipe_0_inner_horizontal' (28 bits) (C:\Users\Jing-XuanTan(i)\Downloads\evsoc-efinity-v2026.1.132\evsoc-efinity-v2026.1.132\cam_single\Ti60F225_dsi\source/isp/demosaic.sv:71) because size is too small (<=64)
[EFX-0657 WARNING] Mapping into logic memory block 'pipe_0_inner_vertical' (28 bits) (C:\Users\Jing-XuanTan(i)\Downloads\evsoc-efinity-v2026.1.132\evsoc-efinity-v2026.1.132\cam_single\Ti60F225_dsi\source/isp/demosaic.sv:72) because size is too small (<=64)
[EFX-0657 WARNING] Mapping into logic memory block 'pipe_0_inner_top' (28 bits) (C:\Users\Jing-XuanTan(i)\Downloads\evsoc-efinity-v2026.1.132\evsoc-efinity-v2026.1.132\cam_single\Ti60F225_dsi\source/isp/demosaic.sv:73) because size is too small (<=64)
[EFX-0657 WARNING] Mapping into logic memory block 'pipe_0_inner_bottom' (28 bits) (C:\Users\Jing-XuanTan(i)\Downloads\evsoc-efinity-v2026.1.132\evsoc-efinity-v2026.1.132\cam_single\Ti60F225_dsi\source/isp/demosaic.sv:74) because size is too small (<=64)
[EFX-0657 WARNING] Mapping into logic memory block 'pipe_1_center' (36 bits) (C:\Users\Jing-XuanTan(i)\Downloads\evsoc-efinity-v2026.1.132\evsoc-efinity-v2026.1.132\cam_single\Ti60F225_dsi\source/isp/demosaic.sv:80) because size is too small (<=64)
[EFX-0657 WARNING] Mapping into logic memory block 'pipe_1_center_x5' (36 bits) (C:\Users\Jing-XuanTan(i)\Downloads\evsoc-efinity-v2026.1.132\evsoc-efinity-v2026.1.132\cam_single\Ti60F225_dsi\source/isp/demosaic.sv:81) because size is too small (<=64)
[EFX-0657 WARNING] Mapping into logic memory block 'pipe_1_center_x6' (36 bits) (C:\Users\Jing-XuanTan(i)\Downloads\evsoc-efinity-v2026.1.132\evsoc-efinity-v2026.1.132\cam_single\Ti60F225_dsi\source/isp/demosaic.sv:82) because size is too small (<=64)
[EFX-0657 WARNING] Mapping into logic memory block 'pipe_1_outer_horizontal' (36 bits) (C:\Users\Jing-XuanTan(i)\Downloads\evsoc-efinity-v2026.1.132\evsoc-efinity-v2026.1.132\cam_single\Ti60F225_dsi\source/isp/demosaic.sv:83) because size is too small (<=64)
[EFX-0657 WARNING] Mapping into logic memory block 'pipe_1_outer_vertical' (36 bits) (C:\Users\Jing-XuanTan(i)\Downloads\evsoc-efinity-v2026.1.132\evsoc-efinity-v2026.1.132\cam_single\Ti60F225_dsi\source/isp/demosaic.sv:84) because size is too small (<=64)
[EFX-0657 WARNING] Mapping into logic memory block 'pipe_1_outer_cross' (36 bits) (C:\Users\Jing-XuanTan(i)\Downloads\evsoc-efinity-v2026.1.132\evsoc-efinity-v2026.1.132\cam_single\Ti60F225_dsi\source/isp/demosaic.sv:85) because size is too small (<=64)
[EFX-0657 WARNING] Mapping into logic memory block 'pipe_1_inner_h_outer_v_x2' (36 bits) (C:\Users\Jing-XuanTan(i)\Downloads\evsoc-efinity-v2026.1.132\evsoc-efinity-v2026.1.132\cam_single\Ti60F225_dsi\source/isp/demosaic.sv:86) because size is too small (<=64)
[EFX-0657 WARNING] Mapping into logic memory block 'pipe_1_inner_v_outer_h_x2' (36 bits) (C:\Users\Jing-XuanTan(i)\Downloads\evsoc-efinity-v2026.1.132\evsoc-efinity-v2026.1.132\cam_single\Ti60F225_dsi\source/isp/demosaic.sv:87) because size is too small (<=64)
[EFX-0657 WARNING] Mapping into logic memory block 'pipe_1_inner_corner' (36 bits) (C:\Users\Jing-XuanTan(i)\Downloads\evsoc-efinity-v2026.1.132\evsoc-efinity-v2026.1.132\cam_single\Ti60F225_dsi\source/isp/demosaic.sv:88) because size is too small (<=64)
[EFX-0657 WARNING] Mapping into logic memory block 'pipe_1_inner_cross' (36 bits) (C:\Users\Jing-XuanTan(i)\Downloads\evsoc-efinity-v2026.1.132\evsoc-efinity-v2026.1.132\cam_single\Ti60F225_dsi\source/isp/demosaic.sv:89) because size is too small (<=64)
[EFX-0657 WARNING] Mapping into logic memory block 'pipe_2_center' (44 bits) (C:\Users\Jing-XuanTan(i)\Downloads\evsoc-efinity-v2026.1.132\evsoc-efinity-v2026.1.132\cam_single\Ti60F225_dsi\source/isp/demosaic.sv:95) because size is too small (<=64)
[EFX-0657 WARNING] Mapping into logic memory block 'pipe_2_center_cross_x2' (44 bits) (C:\Users\Jing-XuanTan(i)\Downloads\evsoc-efinity-v2026.1.132\evsoc-efinity-v2026.1.132\cam_single\Ti60F225_dsi\source/isp/demosaic.sv:96) because size is too small (<=64)
[EFX-0657 WARNING] Mapping into logic memory block 'pipe_2_outer_cross_x2' (44 bits) (C:\Users\Jing-XuanTan(i)\Downloads\evsoc-efinity-v2026.1.132\evsoc-efinity-v2026.1.132\cam_single\Ti60F225_dsi\source/isp/demosaic.sv:97) because size is too small (<=64)
[EFX-0657 WARNING] Mapping into logic memory block 'pipe_2_outer_cross_x3' (44 bits) (C:\Users\Jing-XuanTan(i)\Downloads\evsoc-efinity-v2026.1.132\evsoc-efinity-v2026.1.132\cam_single\Ti60F225_dsi\source/isp/demosaic.sv:98) because size is too small (<=64)
[EFX-0657 WARNING] Mapping into logic memory block 'pipe_2_inner_c_outer_h_x2' (44 bits) (C:\Users\Jing-XuanTan(i)\Downloads\evsoc-efinity-v2026.1.132\evsoc-efinity-v2026.1.132\cam_single\Ti60F225_dsi\source/isp/demosaic.sv:99) because size is too small (<=64)
[EFX-0657 WARNING] Mapping into logic memory block 'pipe_2_inner_c_outer_v_x2' (44 bits) (C:\Users\Jing-XuanTan(i)\Downloads\evsoc-efinity-v2026.1.132\evsoc-efinity-v2026.1.132\cam_single\Ti60F225_dsi\source/isp/demosaic.sv:100) because size is too small (<=64)
[EFX-0657 WARNING] Mapping into logic memory block 'pipe_2_rb_at_g1_x2' (44 bits) (C:\Users\Jing-XuanTan(i)\Downloads\evsoc-efinity-v2026.1.132\evsoc-efinity-v2026.1.132\cam_single\Ti60F225_dsi\source/isp/demosaic.sv:101) because size is too small (<=64)
[EFX-0657 WARNING] Mapping into logic memory block 'pipe_2_rb_at_g2_x2' (44 bits) (C:\Users\Jing-XuanTan(i)\Downloads\evsoc-efinity-v2026.1.132\evsoc-efinity-v2026.1.132\cam_single\Ti60F225_dsi\source/isp/demosaic.sv:102) because size is too small (<=64)
[EFX-0657 WARNING] Mapping into logic memory block 'pipe_2_rb_at_rb_x2' (44 bits) (C:\Users\Jing-XuanTan(i)\Downloads\evsoc-efinity-v2026.1.132\evsoc-efinity-v2026.1.132\cam_single\Ti60F225_dsi\source/isp/demosaic.sv:103) because size is too small (<=64)
[EFX-0657 WARNING] Mapping into logic memory block 'logic_progbufX_mem' (64 bits) (C:\Users\Jing-XuanTan(i)\Downloads\evsoc-efinity-v2026.1.132\evsoc-efinity-v2026.1.132\cam_single\Ti60F225_dsi\ip\SapphireSoc\SapphireSoc.v:12001) because size is too small (<=64)
[EFX-0657 WARNING] Mapping into logic memory block 'logic_ram' (64 bits) (C:\Users\Jing-XuanTan(i)\Downloads\evsoc-efinity-v2026.1.132\evsoc-efinity-v2026.1.132\cam_single\Ti60F225_dsi\ip\SapphireSoc\SapphireSoc.v:20390) because size is too small (<=64)
[EFX-0656 WARNING] Optimizing into logic zero initialized read-only memory block 'u_dma/u_EfxDMA/inputsAdapter_1_crossclock_fifo/ram__D$c1'. (C:\Users\Jing-XuanTan(i)\Downloads\evsoc-efinity-v2026.1.132\evsoc-efinity-v2026.1.132\cam_single\Ti60F225_dsi\ip\dma\dma.v:2839)
[EFX-0656 WARNING] Optimizing into logic zero initialized read-only memory block 'u_dma/u_EfxDMA/inputsAdapter_1_crossclock_fifo/ram__D$b12'. (C:\Users\Jing-XuanTan(i)\Downloads\evsoc-efinity-v2026.1.132\evsoc-efinity-v2026.1.132\cam_single\Ti60F225_dsi\ip\dma\dma.v:2839)
[EFX-0656 WARNING] Optimizing into logic zero initialized read-only memory block 'u_dma/u_EfxDMA/inputsAdapter_1_crossclock_fifo/ram__D$12'. (C:\Users\Jing-XuanTan(i)\Downloads\evsoc-efinity-v2026.1.132\evsoc-efinity-v2026.1.132\cam_single\Ti60F225_dsi\ip\dma\dma.v:2839)
[EFX-0656 WARNING] Optimizing into logic zero initialized read-only memory block 'u_dma/u_EfxDMA/inputsAdapter_1_crossclock_fifo/ram__D$2'. (C:\Users\Jing-XuanTan(i)\Downloads\evsoc-efinity-v2026.1.132\evsoc-efinity-v2026.1.132\cam_single\Ti60F225_dsi\ip\dma\dma.v:2839)

///////////////////////////////////
// Efinity Synthesis Started 
// Oct 08, 2026 17:42:41
///////////////////////////////////

[EFX-0011 VERI-WARNING] port 'probe23' remains unconnected for this instance (VERI-1927) (C:/Users/Jing-XuanTan(i)/Downloads/evsoc-efinity-v2026.1.132/evsoc-efinity-v2026.1.132/cam_single/Ti60F225_dsi/work_dbg/debug_top.v:202)
[EFX-0011 VERI-WARNING] input port 'probe23[0]' remains unconnected for this instance (VDB-1053) (C:/Users/Jing-XuanTan(i)/Downloads/evsoc-efinity-v2026.1.132/evsoc-efinity-v2026.1.132/cam_single/Ti60F225_dsi/work_dbg/debug_top.v:158)
[EFX-0200 WARNING] Removing redundant signal : compared_in[0]. (C:/Users/Jing-XuanTan(i)/Downloads/evsoc-efinity-v2026.1.132/evsoc-efinity-v2026.1.132/cam_single/Ti60F225_dsi/work_dbg/debug_top.v:5604)
[EFX-0200 WARNING] Removing redundant signal : mask_in[0]. (C:/Users/Jing-XuanTan(i)/Downloads/evsoc-efinity-v2026.1.132/evsoc-efinity-v2026.1.132/cam_single/Ti60F225_dsi/work_dbg/debug_top.v:5605)
[EFX-0200 WARNING] Removing redundant signal : trigger_in. (C:/Users/Jing-XuanTan(i)/Downloads/evsoc-efinity-v2026.1.132/evsoc-efinity-v2026.1.132/cam_single/Ti60F225_dsi/work_dbg/debug_top.v:5815)
[EFX-0200 WARNING] Removing redundant signal : clk. (C:/Users/Jing-XuanTan(i)/Downloads/evsoc-efinity-v2026.1.132/evsoc-efinity-v2026.1.132/cam_single/Ti60F225_dsi/work_dbg/debug_top.v:4638)
[EFX-0200 WARNING] Removing redundant signal : full. (C:/Users/Jing-XuanTan(i)/Downloads/evsoc-efinity-v2026.1.132/evsoc-efinity-v2026.1.132/cam_single/Ti60F225_dsi/work_dbg/debug_top.v:4692)
[EFX-0200 WARNING] Removing redundant signal : shift_i. (C:/Users/Jing-XuanTan(i)/Downloads/evsoc-efinity-v2026.1.132/evsoc-efinity-v2026.1.132/cam_single/Ti60F225_dsi/work_dbg/debug_top.v:4962)
[EFX-0200 WARNING] Removing redundant signal : trig_out. (C:/Users/Jing-XuanTan(i)/Downloads/evsoc-efinity-v2026.1.132/evsoc-efinity-v2026.1.132/cam_single/Ti60F225_dsi/work_dbg/debug_top.v:4979)
[EFX-0200 WARNING] Removing redundant signal : trig_out_ack. (C:/Users/Jing-XuanTan(i)/Downloads/evsoc-efinity-v2026.1.132/evsoc-efinity-v2026.1.132/cam_single/Ti60F225_dsi/work_dbg/debug_top.v:4980)
[EFX-0200 WARNING] Removing redundant signal : bscan_DRCK. (C:/Users/Jing-XuanTan(i)/Downloads/evsoc-efinity-v2026.1.132/evsoc-efinity-v2026.1.132/cam_single/Ti60F225_dsi/work_dbg/debug_top.v:1121)
[EFX-0200 WARNING] Removing redundant signal : bscan_RESET. (C:/Users/Jing-XuanTan(i)/Downloads/evsoc-efinity-v2026.1.132/evsoc-efinity-v2026.1.132/cam_single/Ti60F225_dsi/work_dbg/debug_top.v:1122)
[EFX-0200 WARNING] Removing redundant signal : bscan_RUNTEST. (C:/Users/Jing-XuanTan(i)/Downloads/evsoc-efinity-v2026.1.132/evsoc-efinity-v2026.1.132/cam_single/Ti60F225_dsi/work_dbg/debug_top.v:1123)
[EFX-0200 WARNING] Removing redundant signal : bscan_SEL. (C:/Users/Jing-XuanTan(i)/Downloads/evsoc-efinity-v2026.1.132/evsoc-efinity-v2026.1.132/cam_single/Ti60F225_dsi/work_dbg/debug_top.v:1124)
[EFX-0200 WARNING] Removing redundant signal : bscan_TMS. (C:/Users/Jing-XuanTan(i)/Downloads/evsoc-efinity-v2026.1.132/evsoc-efinity-v2026.1.132/cam_single/Ti60F225_dsi/work_dbg/debug_top.v:1128)
[EFX-0200 WARNING] Removing redundant signal : trig_in_ack. (C:/Users/Jing-XuanTan(i)/Downloads/evsoc-efinity-v2026.1.132/evsoc-efinity-v2026.1.132/cam_single/Ti60F225_dsi/work_dbg/debug_top.v:1140)
[EFX-0200 WARNING] Removing redundant signal : mux_capture_cmp[22:0]. (C:/Users/Jing-XuanTan(i)/Downloads/evsoc-efinity-v2026.1.132/evsoc-efinity-v2026.1.132/cam_single/Ti60F225_dsi/work_dbg/debug_top.v:3559)
[EFX-0200 WARNING] Removing redundant signal : bscan_CAPTURE. (C:/Users/Jing-XuanTan(i)/Downloads/evsoc-efinity-v2026.1.132/evsoc-efinity-v2026.1.132/cam_single/Ti60F225_dsi/work_dbg/debug_top.v:360)
[EFX-0200 WARNING] Removing redundant signal : bscan_DRCK. (C:/Users/Jing-XuanTan(i)/Downloads/evsoc-efinity-v2026.1.132/evsoc-efinity-v2026.1.132/cam_single/Ti60F225_dsi/work_dbg/debug_top.v:361)
[EFX-0200 WARNING] Removing redundant signal : bscan_RUNTEST. (C:/Users/Jing-XuanTan(i)/Downloads/evsoc-efinity-v2026.1.132/evsoc-efinity-v2026.1.132/cam_single/Ti60F225_dsi/work_dbg/debug_top.v:363)
[EFX-0200 WARNING] Removing redundant signal : bscan_TMS. (C:/Users/Jing-XuanTan(i)/Downloads/evsoc-efinity-v2026.1.132/evsoc-efinity-v2026.1.132/cam_single/Ti60F225_dsi/work_dbg/debug_top.v:368)
[EFX-0201 WARNING] Re-wiring to GND non-driven net/port 'probe23[0]' in module 'edb_la_top_746783ef452b46fdaeb1fe9c8caf68d8_renamed_due_excessive_length_1'. (C:/Users/Jing-XuanTan(i)/Downloads/evsoc-efinity-v2026.1.132/evsoc-efinity-v2026.1.132/cam_single/Ti60F225_dsi/work_dbg/debug_top.v:158)
[EFX-0201 WARNING] Re-wiring to GND non-driven net/port 'probe24[0]' in module 'edb_la_top_746783ef452b46fdaeb1fe9c8caf68d8_renamed_due_excessive_length_1'. (C:/Users/Jing-XuanTan(i)/Downloads/evsoc-efinity-v2026.1.132/evsoc-efinity-v2026.1.132/cam_single/Ti60F225_dsi/work_dbg/debug_top.v:158)
[EFX-0201 WARNING] Re-wiring to GND non-driven net/port 'probe25[0]' in module 'edb_la_top_746783ef452b46fdaeb1fe9c8caf68d8_renamed_due_excessive_length_1'. (C:/Users/Jing-XuanTan(i)/Downloads/evsoc-efinity-v2026.1.132/evsoc-efinity-v2026.1.132/cam_single/Ti60F225_dsi/work_dbg/debug_top.v:158)
[EFX-0201 WARNING] Re-wiring to GND non-driven net/port 'probe26[0]' in module 'edb_la_top_746783ef452b46fdaeb1fe9c8caf68d8_renamed_due_excessive_length_1'. (C:/Users/Jing-XuanTan(i)/Downloads/evsoc-efinity-v2026.1.132/evsoc-efinity-v2026.1.132/cam_single/Ti60F225_dsi/work_dbg/debug_top.v:158)
[EFX-0201 WARNING] Re-wiring to GND non-driven net/port 'probe27[0]' in module 'edb_la_top_746783ef452b46fdaeb1fe9c8caf68d8_renamed_due_excessive_length_1'. (C:/Users/Jing-XuanTan(i)/Downloads/evsoc-efinity-v2026.1.132/evsoc-efinity-v2026.1.132/cam_single/Ti60F225_dsi/work_dbg/debug_top.v:158)
[EFX-0201 WARNING] Re-wiring to GND non-driven net/port 'probe28[0]' in module 'edb_la_top_746783ef452b46fdaeb1fe9c8caf68d8_renamed_due_excessive_length_1'. (C:/Users/Jing-XuanTan(i)/Downloads/evsoc-efinity-v2026.1.132/evsoc-efinity-v2026.1.132/cam_single/Ti60F225_dsi/work_dbg/debug_top.v:158)
[EFX-0201 WARNING] Re-wiring to GND non-driven net/port 'probe29[0]' in module 'edb_la_top_746783ef452b46fdaeb1fe9c8caf68d8_renamed_due_excessive_length_1'. (C:/Users/Jing-XuanTan(i)/Downloads/evsoc-efinity-v2026.1.132/evsoc-efinity-v2026.1.132/cam_single/Ti60F225_dsi/work_dbg/debug_top.v:158)
[EFX-0201 WARNING] Re-wiring to GND non-driven net/port 'probe30[0]' in module 'edb_la_top_746783ef452b46fdaeb1fe9c8caf68d8_renamed_due_excessive_length_1'. (C:/Users/Jing-XuanTan(i)/Downloads/evsoc-efinity-v2026.1.132/evsoc-efinity-v2026.1.132/cam_single/Ti60F225_dsi/work_dbg/debug_top.v:158)
[EFX-0201 WARNING] Re-wiring to GND non-driven net/port 'probe31[0]' in module 'edb_la_top_746783ef452b46fdaeb1fe9c8caf68d8_renamed_due_excessive_length_1'. (C:/Users/Jing-XuanTan(i)/Downloads/evsoc-efinity-v2026.1.132/evsoc-efinity-v2026.1.132/cam_single/Ti60F225_dsi/work_dbg/debug_top.v:158)
[EFX-0201 WARNING] Re-wiring to GND non-driven net/port 'probe32[0]' in module 'edb_la_top_746783ef452b46fdaeb1fe9c8caf68d8_renamed_due_excessive_length_1'. (C:/Users/Jing-XuanTan(i)/Downloads/evsoc-efinity-v2026.1.132/evsoc-efinity-v2026.1.132/cam_single/Ti60F225_dsi/work_dbg/debug_top.v:158)
[EFX-0011 VERI-WARNING] Input/inout port bscan_DRCK is unconnected. Place and route may remove this unconnected port. (VDB-8003) (C:/Users/Jing-XuanTan(i)/Downloads/evsoc-efinity-v2026.1.132/evsoc-efinity-v2026.1.132/cam_single/Ti60F225_dsi/work_dbg/debug_top.v:17)
[EFX-0011 VERI-WARNING] Input/inout port bscan_RUNTEST is unconnected. Place and route may remove this unconnected port. (VDB-8003) (C:/Users/Jing-XuanTan(i)/Downloads/evsoc-efinity-v2026.1.132/evsoc-efinity-v2026.1.132/cam_single/Ti60F225_dsi/work_dbg/debug_top.v:19)
[EFX-0011 VERI-WARNING] Input/inout port bscan_TMS is unconnected. Place and route may remove this unconnected port. (VDB-8003) (C:/Users/Jing-XuanTan(i)/Downloads/evsoc-efinity-v2026.1.132/evsoc-efinity-v2026.1.132/cam_single/Ti60F225_dsi/work_dbg/debug_top.v:24)
[EFX-0011 VERI-WARNING] Found 3 warnings in the post-synthesis netlist. 

///////////////////////////////////
// Efinity Synthesis Started 
// Oct 08, 2026 17:43:09
///////////////////////////////////

[EFX-0200 WARNING] Removing redundant signal : Rx_HS_D_2[7:0]. (C:\Users\Jing-XuanTan(i)\Downloads\evsoc-efinity-v2026.1.132\evsoc-efinity-v2026.1.132\cam_single\Ti60F225_dsi\ip\csi2_rx_cam\csi2_rx_cam.sv:6307)
[EFX-0200 WARNING] Removing redundant signal : Rx_HS_D_3[7:0]. (C:\Users\Jing-XuanTan(i)\Downloads\evsoc-efinity-v2026.1.132\evsoc-efinity-v2026.1.132\cam_single\Ti60F225_dsi\ip\csi2_rx_cam\csi2_rx_cam.sv:6307)
[EFX-0200 WARNING] Removing redundant signal : Rx_HS_D_4[7:0]. (C:\Users\Jing-XuanTan(i)\Downloads\evsoc-efinity-v2026.1.132\evsoc-efinity-v2026.1.132\cam_single\Ti60F225_dsi\ip\csi2_rx_cam\csi2_rx_cam.sv:6307)
[EFX-0200 WARNING] Removing redundant signal : Rx_HS_D_5[7:0]. (C:\Users\Jing-XuanTan(i)\Downloads\evsoc-efinity-v2026.1.132\evsoc-efinity-v2026.1.132\cam_single\Ti60F225_dsi\ip\csi2_rx_cam\csi2_rx_cam.sv:6307)
[EFX-0200 WARNING] Removing redundant signal : Rx_HS_D_6[7:0]. (C:\Users\Jing-XuanTan(i)\Downloads\evsoc-efinity-v2026.1.132\evsoc-efinity-v2026.1.132\cam_single\Ti60F225_dsi\ip\csi2_rx_cam\csi2_rx_cam.sv:6307)
[EFX-0200 WARNING] Removing redundant signal : Rx_HS_D_7[7:0]. (C:\Users\Jing-XuanTan(i)\Downloads\evsoc-efinity-v2026.1.132\evsoc-efinity-v2026.1.132\cam_single\Ti60F225_dsi\ip\csi2_rx_cam\csi2_rx_cam.sv:6307)
[EFX-0200 WARNING] Removing redundant signal : u_dly_enable_D[1:0]. (C:\Users\Jing-XuanTan(i)\Downloads\evsoc-efinity-v2026.1.132\evsoc-efinity-v2026.1.132\cam_single\Ti60F225_dsi\ip\csi2_rx_cam\csi2_rx_cam.sv:6307)
[EFX-0200 WARNING] Removing redundant signal : u_dly_inc_D[1:0]. (C:\Users\Jing-XuanTan(i)\Downloads\evsoc-efinity-v2026.1.132\evsoc-efinity-v2026.1.132\cam_single\Ti60F225_dsi\ip\csi2_rx_cam\csi2_rx_cam.sv:6307)
[EFX-0200 WARNING] Removing redundant signal : axi_awaddr[1:0]. (C:\Users\Jing-XuanTan(i)\Downloads\evsoc-efinity-v2026.1.132\evsoc-efinity-v2026.1.132\cam_single\Ti60F225_dsi\ip\csi2_rx_cam\csi2_rx_cam.sv:5564)
[EFX-0200 WARNING] Removing redundant signal : axi_araddr[1:0]. (C:\Users\Jing-XuanTan(i)\Downloads\evsoc-efinity-v2026.1.132\evsoc-efinity-v2026.1.132\cam_single\Ti60F225_dsi\ip\csi2_rx_cam\csi2_rx_cam.sv:5564)
[EFX-0200 WARNING] Removing redundant signal : loc_rdata[31:0]. (C:\Users\Jing-XuanTan(i)\Downloads\evsoc-efinity-v2026.1.132\evsoc-efinity-v2026.1.132\cam_single\Ti60F225_dsi\ip\csi2_rx_cam\csi2_rx_cam.sv:5564)
[EFX-0200 WARNING] Removing redundant signal : nextCRC16_D16[15:0]. (C:\Users\Jing-XuanTan(i)\Downloads\evsoc-efinity-v2026.1.132\evsoc-efinity-v2026.1.132\cam_single\Ti60F225_dsi\ip\csi2_rx_cam\csi2_rx_cam.sv:1466)
[EFX-0200 WARNING] Removing redundant signal : nextCRC16_D16.Data[15:0]. (C:\Users\Jing-XuanTan(i)\Downloads\evsoc-efinity-v2026.1.132\evsoc-efinity-v2026.1.132\cam_single\Ti60F225_dsi\ip\csi2_rx_cam\csi2_rx_cam.sv:1466)
[EFX-0200 WARNING] Removing redundant signal : nextCRC16_D16.fcrc[15:0]. (C:\Users\Jing-XuanTan(i)\Downloads\evsoc-efinity-v2026.1.132\evsoc-efinity-v2026.1.132\cam_single\Ti60F225_dsi\ip\csi2_rx_cam\csi2_rx_cam.sv:1466)
[EFX-0200 WARNING] Removing redundant signal : nextCRC16_D16.d[15:0]. (C:\Users\Jing-XuanTan(i)\Downloads\evsoc-efinity-v2026.1.132\evsoc-efinity-v2026.1.132\cam_single\Ti60F225_dsi\ip\csi2_rx_cam\csi2_rx_cam.sv:1466)
[EFX-0200 WARNING] Removing redundant signal : nextCRC16_D16.c[15:0]. (C:\Users\Jing-XuanTan(i)\Downloads\evsoc-efinity-v2026.1.132\evsoc-efinity-v2026.1.132\cam_single\Ti60F225_dsi\ip\csi2_rx_cam\csi2_rx_cam.sv:1466)
[EFX-0200 WARNING] Removing redundant signal : nextCRC16_D16.newcrc[15:0]. (C:\Users\Jing-XuanTan(i)\Downloads\evsoc-efinity-v2026.1.132\evsoc-efinity-v2026.1.132\cam_single\Ti60F225_dsi\ip\csi2_rx_cam\csi2_rx_cam.sv:1466)
[EFX-0200 WARNING] Removing redundant signal : nextCRC16_D8[15:0]. (C:\Users\Jing-XuanTan(i)\Downloads\evsoc-efinity-v2026.1.132\evsoc-efinity-v2026.1.132\cam_single\Ti60F225_dsi\ip\csi2_rx_cam\csi2_rx_cam.sv:1466)
[EFX-0200 WARNING] Removing redundant signal : nextCRC16_D8.Data[7:0]. (C:\Users\Jing-XuanTan(i)\Downloads\evsoc-efinity-v2026.1.132\evsoc-efinity-v2026.1.132\cam_single\Ti60F225_dsi\ip\csi2_rx_cam\csi2_rx_cam.sv:1466)
[EFX-0200 WARNING] Removing redundant signal : nextCRC16_D8.fcrc[15:0]. (C:\Users\Jing-XuanTan(i)\Downloads\evsoc-efinity-v2026.1.132\evsoc-efinity-v2026.1.132\cam_single\Ti60F225_dsi\ip\csi2_rx_cam\csi2_rx_cam.sv:1466)
[EFX-0201 WARNING] Re-wiring to GND non-driven net/port 'a_wr_rst_i' in module 'efx_fifo_top_077823fa68f649b1a7074c944568f3e4(FAMILY="TITANIUM",SYNC_CLK=1,DATA_WIDTH=40,PIPELINE_REG=0,OUTPUT_REG=1,PROGRAMMABLE_FULL="NONE",PROG_FULL_ASSERT=510,PROG_FULL_NEGATE=510,PROGRAMMABLE_EMPTY="NONE",PROG_EMPTY_ASSERT=2,PROG_EMPTY_NEGATE=3)'. (C:\Users\Jing-XuanTan(i)\Downloads\evsoc-efinity-v2026.1.132\evsoc-efinity-v2026.1.132\cam_single\Ti60F225_dsi\ip\cam_pixel_remap_fifo\cam_pixel_remap_fifo.sv:92)
[EFX-0201 WARNING] Re-wiring to GND non-driven net/port 'a_rd_rst_i' in module 'efx_fifo_top_077823fa68f649b1a7074c944568f3e4(FAMILY="TITANIUM",SYNC_CLK=1,DATA_WIDTH=40,PIPELINE_REG=0,OUTPUT_REG=1,PROGRAMMABLE_FULL="NONE",PROG_FULL_ASSERT=510,PROG_FULL_NEGATE=510,PROGRAMMABLE_EMPTY="NONE",PROG_EMPTY_ASSERT=2,PROG_EMPTY_NEGATE=3)'. (C:\Users\Jing-XuanTan(i)\Downloads\evsoc-efinity-v2026.1.132\evsoc-efinity-v2026.1.132\cam_single\Ti60F225_dsi\ip\cam_pixel_remap_fifo\cam_pixel_remap_fifo.sv:92)
[EFX-0201 WARNING] Re-wiring to GND non-driven net/port 'wr_clk_i' in module 'efx_fifo_top_077823fa68f649b1a7074c944568f3e4(FAMILY="TITANIUM",SYNC_CLK=1,DATA_WIDTH=40,PIPELINE_REG=0,OUTPUT_REG=1,PROGRAMMABLE_FULL="NONE",PROG_FULL_ASSERT=510,PROG_FULL_NEGATE=510,PROGRAMMABLE_EMPTY="NONE",PROG_EMPTY_ASSERT=2,PROG_EMPTY_NEGATE=3)'. (C:\Users\Jing-XuanTan(i)\Downloads\evsoc-efinity-v2026.1.132\evsoc-efinity-v2026.1.132\cam_single\Ti60F225_dsi\ip\cam_pixel_remap_fifo\cam_pixel_remap_fifo.sv:92)
[EFX-0201 WARNING] Re-wiring to GND non-driven net/port 'rd_clk_i' in module 'efx_fifo_top_077823fa68f649b1a7074c944568f3e4(FAMILY="TITANIUM",SYNC_CLK=1,DATA_WIDTH=40,PIPELINE_REG=0,OUTPUT_REG=1,PROGRAMMABLE_FULL="NONE",PROG_FULL_ASSERT=510,PROG_FULL_NEGATE=510,PROGRAMMABLE_EMPTY="NONE",PROG_EMPTY_ASSERT=2,PROG_EMPTY_NEGATE=3)'. (C:\Users\Jing-XuanTan(i)\Downloads\evsoc-efinity-v2026.1.132\evsoc-efinity-v2026.1.132\cam_single\Ti60F225_dsi\ip\cam_pixel_remap_fifo\cam_pixel_remap_fifo.sv:92)
[EFX-0201 WARNING] Re-wiring to GND non-driven net/port 'r_registers[12][31]' in module 'axi_lite_register(S_AXI_WSTRB_WIDTH=4)'. (C:\Users\Jing-XuanTan(i)\Downloads\evsoc-efinity-v2026.1.132\evsoc-efinity-v2026.1.132\cam_single\Ti60F225_dsi\source/isp/axi_lite_register.sv:99)
[EFX-0201 WARNING] Re-wiring to GND non-driven net/port 'r_registers[12][30]' in module 'axi_lite_register(S_AXI_WSTRB_WIDTH=4)'. (C:\Users\Jing-XuanTan(i)\Downloads\evsoc-efinity-v2026.1.132\evsoc-efinity-v2026.1.132\cam_single\Ti60F225_dsi\source/isp/axi_lite_register.sv:99)
[EFX-0201 WARNING] Re-wiring to GND non-driven net/port 'r_registers[12][29]' in module 'axi_lite_register(S_AXI_WSTRB_WIDTH=4)'. (C:\Users\Jing-XuanTan(i)\Downloads\evsoc-efinity-v2026.1.132\evsoc-efinity-v2026.1.132\cam_single\Ti60F225_dsi\source/isp/axi_lite_register.sv:99)
[EFX-0201 WARNING] Re-wiring to GND non-driven net/port 'r_registers[12][28]' in module 'axi_lite_register(S_AXI_WSTRB_WIDTH=4)'. (C:\Users\Jing-XuanTan(i)\Downloads\evsoc-efinity-v2026.1.132\evsoc-efinity-v2026.1.132\cam_single\Ti60F225_dsi\source/isp/axi_lite_register.sv:99)
[EFX-0201 WARNING] Re-wiring to GND non-driven net/port 'r_registers[12][27]' in module 'axi_lite_register(S_AXI_WSTRB_WIDTH=4)'. (C:\Users\Jing-XuanTan(i)\Downloads\evsoc-efinity-v2026.1.132\evsoc-efinity-v2026.1.132\cam_single\Ti60F225_dsi\source/isp/axi_lite_register.sv:99)
[EFX-0201 WARNING] Re-wiring to GND non-driven net/port 'r_registers[12][26]' in module 'axi_lite_register(S_AXI_WSTRB_WIDTH=4)'. (C:\Users\Jing-XuanTan(i)\Downloads\evsoc-efinity-v2026.1.132\evsoc-efinity-v2026.1.132\cam_single\Ti60F225_dsi\source/isp/axi_lite_register.sv:99)
[EFX-0657 WARNING] Mapping into logic memory block 'pipe_0_center' (28 bits) (C:\Users\Jing-XuanTan(i)\Downloads\evsoc-efinity-v2026.1.132\evsoc-efinity-v2026.1.132\cam_single\Ti60F225_dsi\source/isp/demosaic.sv:68) because size is too small (<=64)
[EFX-0657 WARNING] Mapping into logic memory block 'pipe_0_outer_horizontal' (28 bits) (C:\Users\Jing-XuanTan(i)\Downloads\evsoc-efinity-v2026.1.132\evsoc-efinity-v2026.1.132\cam_single\Ti60F225_dsi\source/isp/demosaic.sv:69) because size is too small (<=64)
[EFX-0657 WARNING] Mapping into logic memory block 'pipe_0_outer_vertical' (28 bits) (C:\Users\Jing-XuanTan(i)\Downloads\evsoc-efinity-v2026.1.132\evsoc-efinity-v2026.1.132\cam_single\Ti60F225_dsi\source/isp/demosaic.sv:70) because size is too small (<=64)
[EFX-0657 WARNING] Mapping into logic memory block 'pipe_0_inner_horizontal' (28 bits) (C:\Users\Jing-XuanTan(i)\Downloads\evsoc-efinity-v2026.1.132\evsoc-efinity-v2026.1.132\cam_single\Ti60F225_dsi\source/isp/demosaic.sv:71) because size is too small (<=64)
[EFX-0657 WARNING] Mapping into logic memory block 'pipe_0_inner_vertical' (28 bits) (C:\Users\Jing-XuanTan(i)\Downloads\evsoc-efinity-v2026.1.132\evsoc-efinity-v2026.1.132\cam_single\Ti60F225_dsi\source/isp/demosaic.sv:72) because size is too small (<=64)
[EFX-0657 WARNING] Mapping into logic memory block 'pipe_0_inner_top' (28 bits) (C:\Users\Jing-XuanTan(i)\Downloads\evsoc-efinity-v2026.1.132\evsoc-efinity-v2026.1.132\cam_single\Ti60F225_dsi\source/isp/demosaic.sv:73) because size is too small (<=64)
[EFX-0657 WARNING] Mapping into logic memory block 'pipe_0_inner_bottom' (28 bits) (C:\Users\Jing-XuanTan(i)\Downloads\evsoc-efinity-v2026.1.132\evsoc-efinity-v2026.1.132\cam_single\Ti60F225_dsi\source/isp/demosaic.sv:74) because size is too small (<=64)
[EFX-0657 WARNING] Mapping into logic memory block 'pipe_1_center' (36 bits) (C:\Users\Jing-XuanTan(i)\Downloads\evsoc-efinity-v2026.1.132\evsoc-efinity-v2026.1.132\cam_single\Ti60F225_dsi\source/isp/demosaic.sv:80) because size is too small (<=64)
[EFX-0657 WARNING] Mapping into logic memory block 'pipe_1_center_x5' (36 bits) (C:\Users\Jing-XuanTan(i)\Downloads\evsoc-efinity-v2026.1.132\evsoc-efinity-v2026.1.132\cam_single\Ti60F225_dsi\source/isp/demosaic.sv:81) because size is too small (<=64)
[EFX-0657 WARNING] Mapping into logic memory block 'pipe_1_center_x6' (36 bits) (C:\Users\Jing-XuanTan(i)\Downloads\evsoc-efinity-v2026.1.132\evsoc-efinity-v2026.1.132\cam_single\Ti60F225_dsi\source/isp/demosaic.sv:82) because size is too small (<=64)
[EFX-0657 WARNING] Mapping into logic memory block 'pipe_1_outer_horizontal' (36 bits) (C:\Users\Jing-XuanTan(i)\Downloads\evsoc-efinity-v2026.1.132\evsoc-efinity-v2026.1.132\cam_single\Ti60F225_dsi\source/isp/demosaic.sv:83) because size is too small (<=64)
[EFX-0657 WARNING] Mapping into logic memory block 'pipe_1_outer_vertical' (36 bits) (C:\Users\Jing-XuanTan(i)\Downloads\evsoc-efinity-v2026.1.132\evsoc-efinity-v2026.1.132\cam_single\Ti60F225_dsi\source/isp/demosaic.sv:84) because size is too small (<=64)
[EFX-0657 WARNING] Mapping into logic memory block 'pipe_1_outer_cross' (36 bits) (C:\Users\Jing-XuanTan(i)\Downloads\evsoc-efinity-v2026.1.132\evsoc-efinity-v2026.1.132\cam_single\Ti60F225_dsi\source/isp/demosaic.sv:85) because size is too small (<=64)
[EFX-0657 WARNING] Mapping into logic memory block 'pipe_1_inner_h_outer_v_x2' (36 bits) (C:\Users\Jing-XuanTan(i)\Downloads\evsoc-efinity-v2026.1.132\evsoc-efinity-v2026.1.132\cam_single\Ti60F225_dsi\source/isp/demosaic.sv:86) because size is too small (<=64)
[EFX-0657 WARNING] Mapping into logic memory block 'pipe_1_inner_v_outer_h_x2' (36 bits) (C:\Users\Jing-XuanTan(i)\Downloads\evsoc-efinity-v2026.1.132\evsoc-efinity-v2026.1.132\cam_single\Ti60F225_dsi\source/isp/demosaic.sv:87) because size is too small (<=64)
[EFX-0657 WARNING] Mapping into logic memory block 'pipe_1_inner_corner' (36 bits) (C:\Users\Jing-XuanTan(i)\Downloads\evsoc-efinity-v2026.1.132\evsoc-efinity-v2026.1.132\cam_single\Ti60F225_dsi\source/isp/demosaic.sv:88) because size is too small (<=64)
[EFX-0657 WARNING] Mapping into logic memory block 'pipe_1_inner_cross' (36 bits) (C:\Users\Jing-XuanTan(i)\Downloads\evsoc-efinity-v2026.1.132\evsoc-efinity-v2026.1.132\cam_single\Ti60F225_dsi\source/isp/demosaic.sv:89) because size is too small (<=64)
[EFX-0657 WARNING] Mapping into logic memory block 'pipe_2_center' (44 bits) (C:\Users\Jing-XuanTan(i)\Downloads\evsoc-efinity-v2026.1.132\evsoc-efinity-v2026.1.132\cam_single\Ti60F225_dsi\source/isp/demosaic.sv:95) because size is too small (<=64)
[EFX-0657 WARNING] Mapping into logic memory block 'pipe_2_center_cross_x2' (44 bits) (C:\Users\Jing-XuanTan(i)\Downloads\evsoc-efinity-v2026.1.132\evsoc-efinity-v2026.1.132\cam_single\Ti60F225_dsi\source/isp/demosaic.sv:96) because size is too small (<=64)
[EFX-0657 WARNING] Mapping into logic memory block 'pipe_2_outer_cross_x2' (44 bits) (C:\Users\Jing-XuanTan(i)\Downloads\evsoc-efinity-v2026.1.132\evsoc-efinity-v2026.1.132\cam_single\Ti60F225_dsi\source/isp/demosaic.sv:97) because size is too small (<=64)
[EFX-0657 WARNING] Mapping into logic memory block 'pipe_2_outer_cross_x3' (44 bits) (C:\Users\Jing-XuanTan(i)\Downloads\evsoc-efinity-v2026.1.132\evsoc-efinity-v2026.1.132\cam_single\Ti60F225_dsi\source/isp/demosaic.sv:98) because size is too small (<=64)
[EFX-0657 WARNING] Mapping into logic memory block 'pipe_2_inner_c_outer_h_x2' (44 bits) (C:\Users\Jing-XuanTan(i)\Downloads\evsoc-efinity-v2026.1.132\evsoc-efinity-v2026.1.132\cam_single\Ti60F225_dsi\source/isp/demosaic.sv:99) because size is too small (<=64)
[EFX-0657 WARNING] Mapping into logic memory block 'pipe_2_inner_c_outer_v_x2' (44 bits) (C:\Users\Jing-XuanTan(i)\Downloads\evsoc-efinity-v2026.1.132\evsoc-efinity-v2026.1.132\cam_single\Ti60F225_dsi\source/isp/demosaic.sv:100) because size is too small (<=64)
[EFX-0657 WARNING] Mapping into logic memory block 'pipe_2_rb_at_g1_x2' (44 bits) (C:\Users\Jing-XuanTan(i)\Downloads\evsoc-efinity-v2026.1.132\evsoc-efinity-v2026.1.132\cam_single\Ti60F225_dsi\source/isp/demosaic.sv:101) because size is too small (<=64)
[EFX-0657 WARNING] Mapping into logic memory block 'pipe_2_rb_at_g2_x2' (44 bits) (C:\Users\Jing-XuanTan(i)\Downloads\evsoc-efinity-v2026.1.132\evsoc-efinity-v2026.1.132\cam_single\Ti60F225_dsi\source/isp/demosaic.sv:102) because size is too small (<=64)
[EFX-0657 WARNING] Mapping into logic memory block 'pipe_2_rb_at_rb_x2' (44 bits) (C:\Users\Jing-XuanTan(i)\Downloads\evsoc-efinity-v2026.1.132\evsoc-efinity-v2026.1.132\cam_single\Ti60F225_dsi\source/isp/demosaic.sv:103) because size is too small (<=64)
[EFX-0657 WARNING] Mapping into logic memory block 'logic_progbufX_mem' (64 bits) (C:\Users\Jing-XuanTan(i)\Downloads\evsoc-efinity-v2026.1.132\evsoc-efinity-v2026.1.132\cam_single\Ti60F225_dsi\ip\SapphireSoc\SapphireSoc.v:12001) because size is too small (<=64)
[EFX-0657 WARNING] Mapping into logic memory block 'logic_ram' (64 bits) (C:\Users\Jing-XuanTan(i)\Downloads\evsoc-efinity-v2026.1.132\evsoc-efinity-v2026.1.132\cam_single\Ti60F225_dsi\ip\SapphireSoc\SapphireSoc.v:20390) because size is too small (<=64)
[EFX-0656 WARNING] Optimizing into logic zero initialized read-only memory block 'u_dma/u_EfxDMA/inputsAdapter_1_crossclock_fifo/ram__D$c1'. (C:\Users\Jing-XuanTan(i)\Downloads\evsoc-efinity-v2026.1.132\evsoc-efinity-v2026.1.132\cam_single\Ti60F225_dsi\ip\dma\dma.v:2839)
[EFX-0656 WARNING] Optimizing into logic zero initialized read-only memory block 'u_dma/u_EfxDMA/inputsAdapter_1_crossclock_fifo/ram__D$b12'. (C:\Users\Jing-XuanTan(i)\Downloads\evsoc-efinity-v2026.1.132\evsoc-efinity-v2026.1.132\cam_single\Ti60F225_dsi\ip\dma\dma.v:2839)
[EFX-0656 WARNING] Optimizing into logic zero initialized read-only memory block 'u_dma/u_EfxDMA/inputsAdapter_1_crossclock_fifo/ram__D$12'. (C:\Users\Jing-XuanTan(i)\Downloads\evsoc-efinity-v2026.1.132\evsoc-efinity-v2026.1.132\cam_single\Ti60F225_dsi\ip\dma\dma.v:2839)
[EFX-0656 WARNING] Optimizing into logic zero initialized read-only memory block 'u_dma/u_EfxDMA/inputsAdapter_1_crossclock_fifo/ram__D$2'. (C:\Users\Jing-XuanTan(i)\Downloads\evsoc-efinity-v2026.1.132\evsoc-efinity-v2026.1.132\cam_single\Ti60F225_dsi\ip\dma\dma.v:2839)

///////////////////////////////////
// Efinity Synthesis Started 
// Oct 08, 2026 18:09:59
///////////////////////////////////

[EFX-0011 VERI-WARNING] port 'probe23' remains unconnected for this instance (VERI-1927) (C:/Users/Jing-XuanTan(i)/Downloads/evsoc-efinity-v2026.1.132/evsoc-efinity-v2026.1.132/cam_single/Ti60F225_dsi/work_dbg/debug_top.v:202)
[EFX-0011 VERI-WARNING] input port 'probe23[0]' remains unconnected for this instance (VDB-1053) (C:/Users/Jing-XuanTan(i)/Downloads/evsoc-efinity-v2026.1.132/evsoc-efinity-v2026.1.132/cam_single/Ti60F225_dsi/work_dbg/debug_top.v:158)
[EFX-0200 WARNING] Removing redundant signal : compared_in[0]. (C:/Users/Jing-XuanTan(i)/Downloads/evsoc-efinity-v2026.1.132/evsoc-efinity-v2026.1.132/cam_single/Ti60F225_dsi/work_dbg/debug_top.v:5604)
[EFX-0200 WARNING] Removing redundant signal : mask_in[0]. (C:/Users/Jing-XuanTan(i)/Downloads/evsoc-efinity-v2026.1.132/evsoc-efinity-v2026.1.132/cam_single/Ti60F225_dsi/work_dbg/debug_top.v:5605)
[EFX-0200 WARNING] Removing redundant signal : trigger_in. (C:/Users/Jing-XuanTan(i)/Downloads/evsoc-efinity-v2026.1.132/evsoc-efinity-v2026.1.132/cam_single/Ti60F225_dsi/work_dbg/debug_top.v:5815)
[EFX-0200 WARNING] Removing redundant signal : clk. (C:/Users/Jing-XuanTan(i)/Downloads/evsoc-efinity-v2026.1.132/evsoc-efinity-v2026.1.132/cam_single/Ti60F225_dsi/work_dbg/debug_top.v:4638)
[EFX-0200 WARNING] Removing redundant signal : full. (C:/Users/Jing-XuanTan(i)/Downloads/evsoc-efinity-v2026.1.132/evsoc-efinity-v2026.1.132/cam_single/Ti60F225_dsi/work_dbg/debug_top.v:4692)
[EFX-0200 WARNING] Removing redundant signal : shift_i. (C:/Users/Jing-XuanTan(i)/Downloads/evsoc-efinity-v2026.1.132/evsoc-efinity-v2026.1.132/cam_single/Ti60F225_dsi/work_dbg/debug_top.v:4962)
[EFX-0200 WARNING] Removing redundant signal : trig_out. (C:/Users/Jing-XuanTan(i)/Downloads/evsoc-efinity-v2026.1.132/evsoc-efinity-v2026.1.132/cam_single/Ti60F225_dsi/work_dbg/debug_top.v:4979)
[EFX-0200 WARNING] Removing redundant signal : trig_out_ack. (C:/Users/Jing-XuanTan(i)/Downloads/evsoc-efinity-v2026.1.132/evsoc-efinity-v2026.1.132/cam_single/Ti60F225_dsi/work_dbg/debug_top.v:4980)
[EFX-0200 WARNING] Removing redundant signal : bscan_DRCK. (C:/Users/Jing-XuanTan(i)/Downloads/evsoc-efinity-v2026.1.132/evsoc-efinity-v2026.1.132/cam_single/Ti60F225_dsi/work_dbg/debug_top.v:1121)
[EFX-0200 WARNING] Removing redundant signal : bscan_RESET. (C:/Users/Jing-XuanTan(i)/Downloads/evsoc-efinity-v2026.1.132/evsoc-efinity-v2026.1.132/cam_single/Ti60F225_dsi/work_dbg/debug_top.v:1122)
[EFX-0200 WARNING] Removing redundant signal : bscan_RUNTEST. (C:/Users/Jing-XuanTan(i)/Downloads/evsoc-efinity-v2026.1.132/evsoc-efinity-v2026.1.132/cam_single/Ti60F225_dsi/work_dbg/debug_top.v:1123)
[EFX-0200 WARNING] Removing redundant signal : bscan_SEL. (C:/Users/Jing-XuanTan(i)/Downloads/evsoc-efinity-v2026.1.132/evsoc-efinity-v2026.1.132/cam_single/Ti60F225_dsi/work_dbg/debug_top.v:1124)
[EFX-0200 WARNING] Removing redundant signal : bscan_TMS. (C:/Users/Jing-XuanTan(i)/Downloads/evsoc-efinity-v2026.1.132/evsoc-efinity-v2026.1.132/cam_single/Ti60F225_dsi/work_dbg/debug_top.v:1128)
[EFX-0200 WARNING] Removing redundant signal : trig_in_ack. (C:/Users/Jing-XuanTan(i)/Downloads/evsoc-efinity-v2026.1.132/evsoc-efinity-v2026.1.132/cam_single/Ti60F225_dsi/work_dbg/debug_top.v:1140)
[EFX-0200 WARNING] Removing redundant signal : mux_capture_cmp[22:0]. (C:/Users/Jing-XuanTan(i)/Downloads/evsoc-efinity-v2026.1.132/evsoc-efinity-v2026.1.132/cam_single/Ti60F225_dsi/work_dbg/debug_top.v:3559)
[EFX-0200 WARNING] Removing redundant signal : bscan_CAPTURE. (C:/Users/Jing-XuanTan(i)/Downloads/evsoc-efinity-v2026.1.132/evsoc-efinity-v2026.1.132/cam_single/Ti60F225_dsi/work_dbg/debug_top.v:360)
[EFX-0200 WARNING] Removing redundant signal : bscan_DRCK. (C:/Users/Jing-XuanTan(i)/Downloads/evsoc-efinity-v2026.1.132/evsoc-efinity-v2026.1.132/cam_single/Ti60F225_dsi/work_dbg/debug_top.v:361)
[EFX-0200 WARNING] Removing redundant signal : bscan_RUNTEST. (C:/Users/Jing-XuanTan(i)/Downloads/evsoc-efinity-v2026.1.132/evsoc-efinity-v2026.1.132/cam_single/Ti60F225_dsi/work_dbg/debug_top.v:363)
[EFX-0200 WARNING] Removing redundant signal : bscan_TMS. (C:/Users/Jing-XuanTan(i)/Downloads/evsoc-efinity-v2026.1.132/evsoc-efinity-v2026.1.132/cam_single/Ti60F225_dsi/work_dbg/debug_top.v:368)
[EFX-0201 WARNING] Re-wiring to GND non-driven net/port 'probe23[0]' in module 'edb_la_top_746783ef452b46fdaeb1fe9c8caf68d8_renamed_due_excessive_length_1'. (C:/Users/Jing-XuanTan(i)/Downloads/evsoc-efinity-v2026.1.132/evsoc-efinity-v2026.1.132/cam_single/Ti60F225_dsi/work_dbg/debug_top.v:158)
[EFX-0201 WARNING] Re-wiring to GND non-driven net/port 'probe24[0]' in module 'edb_la_top_746783ef452b46fdaeb1fe9c8caf68d8_renamed_due_excessive_length_1'. (C:/Users/Jing-XuanTan(i)/Downloads/evsoc-efinity-v2026.1.132/evsoc-efinity-v2026.1.132/cam_single/Ti60F225_dsi/work_dbg/debug_top.v:158)
[EFX-0201 WARNING] Re-wiring to GND non-driven net/port 'probe25[0]' in module 'edb_la_top_746783ef452b46fdaeb1fe9c8caf68d8_renamed_due_excessive_length_1'. (C:/Users/Jing-XuanTan(i)/Downloads/evsoc-efinity-v2026.1.132/evsoc-efinity-v2026.1.132/cam_single/Ti60F225_dsi/work_dbg/debug_top.v:158)
[EFX-0201 WARNING] Re-wiring to GND non-driven net/port 'probe26[0]' in module 'edb_la_top_746783ef452b46fdaeb1fe9c8caf68d8_renamed_due_excessive_length_1'. (C:/Users/Jing-XuanTan(i)/Downloads/evsoc-efinity-v2026.1.132/evsoc-efinity-v2026.1.132/cam_single/Ti60F225_dsi/work_dbg/debug_top.v:158)
[EFX-0201 WARNING] Re-wiring to GND non-driven net/port 'probe27[0]' in module 'edb_la_top_746783ef452b46fdaeb1fe9c8caf68d8_renamed_due_excessive_length_1'. (C:/Users/Jing-XuanTan(i)/Downloads/evsoc-efinity-v2026.1.132/evsoc-efinity-v2026.1.132/cam_single/Ti60F225_dsi/work_dbg/debug_top.v:158)
[EFX-0201 WARNING] Re-wiring to GND non-driven net/port 'probe28[0]' in module 'edb_la_top_746783ef452b46fdaeb1fe9c8caf68d8_renamed_due_excessive_length_1'. (C:/Users/Jing-XuanTan(i)/Downloads/evsoc-efinity-v2026.1.132/evsoc-efinity-v2026.1.132/cam_single/Ti60F225_dsi/work_dbg/debug_top.v:158)
[EFX-0201 WARNING] Re-wiring to GND non-driven net/port 'probe29[0]' in module 'edb_la_top_746783ef452b46fdaeb1fe9c8caf68d8_renamed_due_excessive_length_1'. (C:/Users/Jing-XuanTan(i)/Downloads/evsoc-efinity-v2026.1.132/evsoc-efinity-v2026.1.132/cam_single/Ti60F225_dsi/work_dbg/debug_top.v:158)
[EFX-0201 WARNING] Re-wiring to GND non-driven net/port 'probe30[0]' in module 'edb_la_top_746783ef452b46fdaeb1fe9c8caf68d8_renamed_due_excessive_length_1'. (C:/Users/Jing-XuanTan(i)/Downloads/evsoc-efinity-v2026.1.132/evsoc-efinity-v2026.1.132/cam_single/Ti60F225_dsi/work_dbg/debug_top.v:158)
[EFX-0201 WARNING] Re-wiring to GND non-driven net/port 'probe31[0]' in module 'edb_la_top_746783ef452b46fdaeb1fe9c8caf68d8_renamed_due_excessive_length_1'. (C:/Users/Jing-XuanTan(i)/Downloads/evsoc-efinity-v2026.1.132/evsoc-efinity-v2026.1.132/cam_single/Ti60F225_dsi/work_dbg/debug_top.v:158)
[EFX-0201 WARNING] Re-wiring to GND non-driven net/port 'probe32[0]' in module 'edb_la_top_746783ef452b46fdaeb1fe9c8caf68d8_renamed_due_excessive_length_1'. (C:/Users/Jing-XuanTan(i)/Downloads/evsoc-efinity-v2026.1.132/evsoc-efinity-v2026.1.132/cam_single/Ti60F225_dsi/work_dbg/debug_top.v:158)
[EFX-0011 VERI-WARNING] Input/inout port bscan_DRCK is unconnected. Place and route may remove this unconnected port. (VDB-8003) (C:/Users/Jing-XuanTan(i)/Downloads/evsoc-efinity-v2026.1.132/evsoc-efinity-v2026.1.132/cam_single/Ti60F225_dsi/work_dbg/debug_top.v:17)
[EFX-0011 VERI-WARNING] Input/inout port bscan_RUNTEST is unconnected. Place and route may remove this unconnected port. (VDB-8003) (C:/Users/Jing-XuanTan(i)/Downloads/evsoc-efinity-v2026.1.132/evsoc-efinity-v2026.1.132/cam_single/Ti60F225_dsi/work_dbg/debug_top.v:19)
[EFX-0011 VERI-WARNING] Input/inout port bscan_TMS is unconnected. Place and route may remove this unconnected port. (VDB-8003) (C:/Users/Jing-XuanTan(i)/Downloads/evsoc-efinity-v2026.1.132/evsoc-efinity-v2026.1.132/cam_single/Ti60F225_dsi/work_dbg/debug_top.v:24)
[EFX-0011 VERI-WARNING] Found 3 warnings in the post-synthesis netlist. 

///////////////////////////////////
// Efinity Synthesis Started 
// Oct 08, 2026 18:10:16
///////////////////////////////////

[EFX-0200 WARNING] Removing redundant signal : Rx_HS_D_2[7:0]. (C:\Users\Jing-XuanTan(i)\Downloads\evsoc-efinity-v2026.1.132\evsoc-efinity-v2026.1.132\cam_single\Ti60F225_dsi\ip\csi2_rx_cam\csi2_rx_cam.sv:6307)
[EFX-0200 WARNING] Removing redundant signal : Rx_HS_D_3[7:0]. (C:\Users\Jing-XuanTan(i)\Downloads\evsoc-efinity-v2026.1.132\evsoc-efinity-v2026.1.132\cam_single\Ti60F225_dsi\ip\csi2_rx_cam\csi2_rx_cam.sv:6307)
[EFX-0200 WARNING] Removing redundant signal : Rx_HS_D_4[7:0]. (C:\Users\Jing-XuanTan(i)\Downloads\evsoc-efinity-v2026.1.132\evsoc-efinity-v2026.1.132\cam_single\Ti60F225_dsi\ip\csi2_rx_cam\csi2_rx_cam.sv:6307)
[EFX-0200 WARNING] Removing redundant signal : Rx_HS_D_5[7:0]. (C:\Users\Jing-XuanTan(i)\Downloads\evsoc-efinity-v2026.1.132\evsoc-efinity-v2026.1.132\cam_single\Ti60F225_dsi\ip\csi2_rx_cam\csi2_rx_cam.sv:6307)
[EFX-0200 WARNING] Removing redundant signal : Rx_HS_D_6[7:0]. (C:\Users\Jing-XuanTan(i)\Downloads\evsoc-efinity-v2026.1.132\evsoc-efinity-v2026.1.132\cam_single\Ti60F225_dsi\ip\csi2_rx_cam\csi2_rx_cam.sv:6307)
[EFX-0200 WARNING] Removing redundant signal : Rx_HS_D_7[7:0]. (C:\Users\Jing-XuanTan(i)\Downloads\evsoc-efinity-v2026.1.132\evsoc-efinity-v2026.1.132\cam_single\Ti60F225_dsi\ip\csi2_rx_cam\csi2_rx_cam.sv:6307)
[EFX-0200 WARNING] Removing redundant signal : u_dly_enable_D[1:0]. (C:\Users\Jing-XuanTan(i)\Downloads\evsoc-efinity-v2026.1.132\evsoc-efinity-v2026.1.132\cam_single\Ti60F225_dsi\ip\csi2_rx_cam\csi2_rx_cam.sv:6307)
[EFX-0200 WARNING] Removing redundant signal : u_dly_inc_D[1:0]. (C:\Users\Jing-XuanTan(i)\Downloads\evsoc-efinity-v2026.1.132\evsoc-efinity-v2026.1.132\cam_single\Ti60F225_dsi\ip\csi2_rx_cam\csi2_rx_cam.sv:6307)
[EFX-0200 WARNING] Removing redundant signal : axi_awaddr[1:0]. (C:\Users\Jing-XuanTan(i)\Downloads\evsoc-efinity-v2026.1.132\evsoc-efinity-v2026.1.132\cam_single\Ti60F225_dsi\ip\csi2_rx_cam\csi2_rx_cam.sv:5564)
[EFX-0200 WARNING] Removing redundant signal : axi_araddr[1:0]. (C:\Users\Jing-XuanTan(i)\Downloads\evsoc-efinity-v2026.1.132\evsoc-efinity-v2026.1.132\cam_single\Ti60F225_dsi\ip\csi2_rx_cam\csi2_rx_cam.sv:5564)
[EFX-0200 WARNING] Removing redundant signal : loc_rdata[31:0]. (C:\Users\Jing-XuanTan(i)\Downloads\evsoc-efinity-v2026.1.132\evsoc-efinity-v2026.1.132\cam_single\Ti60F225_dsi\ip\csi2_rx_cam\csi2_rx_cam.sv:5564)
[EFX-0200 WARNING] Removing redundant signal : nextCRC16_D16[15:0]. (C:\Users\Jing-XuanTan(i)\Downloads\evsoc-efinity-v2026.1.132\evsoc-efinity-v2026.1.132\cam_single\Ti60F225_dsi\ip\csi2_rx_cam\csi2_rx_cam.sv:1466)
[EFX-0200 WARNING] Removing redundant signal : nextCRC16_D16.Data[15:0]. (C:\Users\Jing-XuanTan(i)\Downloads\evsoc-efinity-v2026.1.132\evsoc-efinity-v2026.1.132\cam_single\Ti60F225_dsi\ip\csi2_rx_cam\csi2_rx_cam.sv:1466)
[EFX-0200 WARNING] Removing redundant signal : nextCRC16_D16.fcrc[15:0]. (C:\Users\Jing-XuanTan(i)\Downloads\evsoc-efinity-v2026.1.132\evsoc-efinity-v2026.1.132\cam_single\Ti60F225_dsi\ip\csi2_rx_cam\csi2_rx_cam.sv:1466)
[EFX-0200 WARNING] Removing redundant signal : nextCRC16_D16.d[15:0]. (C:\Users\Jing-XuanTan(i)\Downloads\evsoc-efinity-v2026.1.132\evsoc-efinity-v2026.1.132\cam_single\Ti60F225_dsi\ip\csi2_rx_cam\csi2_rx_cam.sv:1466)
[EFX-0200 WARNING] Removing redundant signal : nextCRC16_D16.c[15:0]. (C:\Users\Jing-XuanTan(i)\Downloads\evsoc-efinity-v2026.1.132\evsoc-efinity-v2026.1.132\cam_single\Ti60F225_dsi\ip\csi2_rx_cam\csi2_rx_cam.sv:1466)
[EFX-0200 WARNING] Removing redundant signal : nextCRC16_D16.newcrc[15:0]. (C:\Users\Jing-XuanTan(i)\Downloads\evsoc-efinity-v2026.1.132\evsoc-efinity-v2026.1.132\cam_single\Ti60F225_dsi\ip\csi2_rx_cam\csi2_rx_cam.sv:1466)
[EFX-0200 WARNING] Removing redundant signal : nextCRC16_D8[15:0]. (C:\Users\Jing-XuanTan(i)\Downloads\evsoc-efinity-v2026.1.132\evsoc-efinity-v2026.1.132\cam_single\Ti60F225_dsi\ip\csi2_rx_cam\csi2_rx_cam.sv:1466)
[EFX-0200 WARNING] Removing redundant signal : nextCRC16_D8.Data[7:0]. (C:\Users\Jing-XuanTan(i)\Downloads\evsoc-efinity-v2026.1.132\evsoc-efinity-v2026.1.132\cam_single\Ti60F225_dsi\ip\csi2_rx_cam\csi2_rx_cam.sv:1466)
[EFX-0200 WARNING] Removing redundant signal : nextCRC16_D8.fcrc[15:0]. (C:\Users\Jing-XuanTan(i)\Downloads\evsoc-efinity-v2026.1.132\evsoc-efinity-v2026.1.132\cam_single\Ti60F225_dsi\ip\csi2_rx_cam\csi2_rx_cam.sv:1466)
[EFX-0201 WARNING] Re-wiring to GND non-driven net/port 'a_wr_rst_i' in module 'efx_fifo_top_077823fa68f649b1a7074c944568f3e4(FAMILY="TITANIUM",SYNC_CLK=1,DATA_WIDTH=40,PIPELINE_REG=0,OUTPUT_REG=1,PROGRAMMABLE_FULL="NONE",PROG_FULL_ASSERT=510,PROG_FULL_NEGATE=510,PROGRAMMABLE_EMPTY="NONE",PROG_EMPTY_ASSERT=2,PROG_EMPTY_NEGATE=3)'. (C:\Users\Jing-XuanTan(i)\Downloads\evsoc-efinity-v2026.1.132\evsoc-efinity-v2026.1.132\cam_single\Ti60F225_dsi\ip\cam_pixel_remap_fifo\cam_pixel_remap_fifo.sv:92)
[EFX-0201 WARNING] Re-wiring to GND non-driven net/port 'a_rd_rst_i' in module 'efx_fifo_top_077823fa68f649b1a7074c944568f3e4(FAMILY="TITANIUM",SYNC_CLK=1,DATA_WIDTH=40,PIPELINE_REG=0,OUTPUT_REG=1,PROGRAMMABLE_FULL="NONE",PROG_FULL_ASSERT=510,PROG_FULL_NEGATE=510,PROGRAMMABLE_EMPTY="NONE",PROG_EMPTY_ASSERT=2,PROG_EMPTY_NEGATE=3)'. (C:\Users\Jing-XuanTan(i)\Downloads\evsoc-efinity-v2026.1.132\evsoc-efinity-v2026.1.132\cam_single\Ti60F225_dsi\ip\cam_pixel_remap_fifo\cam_pixel_remap_fifo.sv:92)
[EFX-0201 WARNING] Re-wiring to GND non-driven net/port 'wr_clk_i' in module 'efx_fifo_top_077823fa68f649b1a7074c944568f3e4(FAMILY="TITANIUM",SYNC_CLK=1,DATA_WIDTH=40,PIPELINE_REG=0,OUTPUT_REG=1,PROGRAMMABLE_FULL="NONE",PROG_FULL_ASSERT=510,PROG_FULL_NEGATE=510,PROGRAMMABLE_EMPTY="NONE",PROG_EMPTY_ASSERT=2,PROG_EMPTY_NEGATE=3)'. (C:\Users\Jing-XuanTan(i)\Downloads\evsoc-efinity-v2026.1.132\evsoc-efinity-v2026.1.132\cam_single\Ti60F225_dsi\ip\cam_pixel_remap_fifo\cam_pixel_remap_fifo.sv:92)
[EFX-0201 WARNING] Re-wiring to GND non-driven net/port 'rd_clk_i' in module 'efx_fifo_top_077823fa68f649b1a7074c944568f3e4(FAMILY="TITANIUM",SYNC_CLK=1,DATA_WIDTH=40,PIPELINE_REG=0,OUTPUT_REG=1,PROGRAMMABLE_FULL="NONE",PROG_FULL_ASSERT=510,PROG_FULL_NEGATE=510,PROGRAMMABLE_EMPTY="NONE",PROG_EMPTY_ASSERT=2,PROG_EMPTY_NEGATE=3)'. (C:\Users\Jing-XuanTan(i)\Downloads\evsoc-efinity-v2026.1.132\evsoc-efinity-v2026.1.132\cam_single\Ti60F225_dsi\ip\cam_pixel_remap_fifo\cam_pixel_remap_fifo.sv:92)
[EFX-0201 WARNING] Re-wiring to GND non-driven net/port 'r_registers[12][31]' in module 'axi_lite_register(S_AXI_WSTRB_WIDTH=4)'. (C:\Users\Jing-XuanTan(i)\Downloads\evsoc-efinity-v2026.1.132\evsoc-efinity-v2026.1.132\cam_single\Ti60F225_dsi\source/isp/axi_lite_register.sv:99)
[EFX-0201 WARNING] Re-wiring to GND non-driven net/port 'r_registers[12][30]' in module 'axi_lite_register(S_AXI_WSTRB_WIDTH=4)'. (C:\Users\Jing-XuanTan(i)\Downloads\evsoc-efinity-v2026.1.132\evsoc-efinity-v2026.1.132\cam_single\Ti60F225_dsi\source/isp/axi_lite_register.sv:99)
[EFX-0201 WARNING] Re-wiring to GND non-driven net/port 'r_registers[12][29]' in module 'axi_lite_register(S_AXI_WSTRB_WIDTH=4)'. (C:\Users\Jing-XuanTan(i)\Downloads\evsoc-efinity-v2026.1.132\evsoc-efinity-v2026.1.132\cam_single\Ti60F225_dsi\source/isp/axi_lite_register.sv:99)
[EFX-0201 WARNING] Re-wiring to GND non-driven net/port 'r_registers[12][28]' in module 'axi_lite_register(S_AXI_WSTRB_WIDTH=4)'. (C:\Users\Jing-XuanTan(i)\Downloads\evsoc-efinity-v2026.1.132\evsoc-efinity-v2026.1.132\cam_single\Ti60F225_dsi\source/isp/axi_lite_register.sv:99)
[EFX-0201 WARNING] Re-wiring to GND non-driven net/port 'r_registers[12][27]' in module 'axi_lite_register(S_AXI_WSTRB_WIDTH=4)'. (C:\Users\Jing-XuanTan(i)\Downloads\evsoc-efinity-v2026.1.132\evsoc-efinity-v2026.1.132\cam_single\Ti60F225_dsi\source/isp/axi_lite_register.sv:99)
[EFX-0201 WARNING] Re-wiring to GND non-driven net/port 'r_registers[12][26]' in module 'axi_lite_register(S_AXI_WSTRB_WIDTH=4)'. (C:\Users\Jing-XuanTan(i)\Downloads\evsoc-efinity-v2026.1.132\evsoc-efinity-v2026.1.132\cam_single\Ti60F225_dsi\source/isp/axi_lite_register.sv:99)
[EFX-0657 WARNING] Mapping into logic memory block 'pipe_0_center' (28 bits) (C:\Users\Jing-XuanTan(i)\Downloads\evsoc-efinity-v2026.1.132\evsoc-efinity-v2026.1.132\cam_single\Ti60F225_dsi\source/isp/demosaic.sv:68) because size is too small (<=64)
[EFX-0657 WARNING] Mapping into logic memory block 'pipe_0_outer_horizontal' (28 bits) (C:\Users\Jing-XuanTan(i)\Downloads\evsoc-efinity-v2026.1.132\evsoc-efinity-v2026.1.132\cam_single\Ti60F225_dsi\source/isp/demosaic.sv:69) because size is too small (<=64)
[EFX-0657 WARNING] Mapping into logic memory block 'pipe_0_outer_vertical' (28 bits) (C:\Users\Jing-XuanTan(i)\Downloads\evsoc-efinity-v2026.1.132\evsoc-efinity-v2026.1.132\cam_single\Ti60F225_dsi\source/isp/demosaic.sv:70) because size is too small (<=64)
[EFX-0657 WARNING] Mapping into logic memory block 'pipe_0_inner_horizontal' (28 bits) (C:\Users\Jing-XuanTan(i)\Downloads\evsoc-efinity-v2026.1.132\evsoc-efinity-v2026.1.132\cam_single\Ti60F225_dsi\source/isp/demosaic.sv:71) because size is too small (<=64)
[EFX-0657 WARNING] Mapping into logic memory block 'pipe_0_inner_vertical' (28 bits) (C:\Users\Jing-XuanTan(i)\Downloads\evsoc-efinity-v2026.1.132\evsoc-efinity-v2026.1.132\cam_single\Ti60F225_dsi\source/isp/demosaic.sv:72) because size is too small (<=64)
[EFX-0657 WARNING] Mapping into logic memory block 'pipe_0_inner_top' (28 bits) (C:\Users\Jing-XuanTan(i)\Downloads\evsoc-efinity-v2026.1.132\evsoc-efinity-v2026.1.132\cam_single\Ti60F225_dsi\source/isp/demosaic.sv:73) because size is too small (<=64)
[EFX-0657 WARNING] Mapping into logic memory block 'pipe_0_inner_bottom' (28 bits) (C:\Users\Jing-XuanTan(i)\Downloads\evsoc-efinity-v2026.1.132\evsoc-efinity-v2026.1.132\cam_single\Ti60F225_dsi\source/isp/demosaic.sv:74) because size is too small (<=64)
[EFX-0657 WARNING] Mapping into logic memory block 'pipe_1_center' (36 bits) (C:\Users\Jing-XuanTan(i)\Downloads\evsoc-efinity-v2026.1.132\evsoc-efinity-v2026.1.132\cam_single\Ti60F225_dsi\source/isp/demosaic.sv:80) because size is too small (<=64)
[EFX-0657 WARNING] Mapping into logic memory block 'pipe_1_center_x5' (36 bits) (C:\Users\Jing-XuanTan(i)\Downloads\evsoc-efinity-v2026.1.132\evsoc-efinity-v2026.1.132\cam_single\Ti60F225_dsi\source/isp/demosaic.sv:81) because size is too small (<=64)
[EFX-0657 WARNING] Mapping into logic memory block 'pipe_1_center_x6' (36 bits) (C:\Users\Jing-XuanTan(i)\Downloads\evsoc-efinity-v2026.1.132\evsoc-efinity-v2026.1.132\cam_single\Ti60F225_dsi\source/isp/demosaic.sv:82) because size is too small (<=64)
[EFX-0657 WARNING] Mapping into logic memory block 'pipe_1_outer_horizontal' (36 bits) (C:\Users\Jing-XuanTan(i)\Downloads\evsoc-efinity-v2026.1.132\evsoc-efinity-v2026.1.132\cam_single\Ti60F225_dsi\source/isp/demosaic.sv:83) because size is too small (<=64)
[EFX-0657 WARNING] Mapping into logic memory block 'pipe_1_outer_vertical' (36 bits) (C:\Users\Jing-XuanTan(i)\Downloads\evsoc-efinity-v2026.1.132\evsoc-efinity-v2026.1.132\cam_single\Ti60F225_dsi\source/isp/demosaic.sv:84) because size is too small (<=64)
[EFX-0657 WARNING] Mapping into logic memory block 'pipe_1_outer_cross' (36 bits) (C:\Users\Jing-XuanTan(i)\Downloads\evsoc-efinity-v2026.1.132\evsoc-efinity-v2026.1.132\cam_single\Ti60F225_dsi\source/isp/demosaic.sv:85) because size is too small (<=64)
[EFX-0657 WARNING] Mapping into logic memory block 'pipe_1_inner_h_outer_v_x2' (36 bits) (C:\Users\Jing-XuanTan(i)\Downloads\evsoc-efinity-v2026.1.132\evsoc-efinity-v2026.1.132\cam_single\Ti60F225_dsi\source/isp/demosaic.sv:86) because size is too small (<=64)
[EFX-0657 WARNING] Mapping into logic memory block 'pipe_1_inner_v_outer_h_x2' (36 bits) (C:\Users\Jing-XuanTan(i)\Downloads\evsoc-efinity-v2026.1.132\evsoc-efinity-v2026.1.132\cam_single\Ti60F225_dsi\source/isp/demosaic.sv:87) because size is too small (<=64)
[EFX-0657 WARNING] Mapping into logic memory block 'pipe_1_inner_corner' (36 bits) (C:\Users\Jing-XuanTan(i)\Downloads\evsoc-efinity-v2026.1.132\evsoc-efinity-v2026.1.132\cam_single\Ti60F225_dsi\source/isp/demosaic.sv:88) because size is too small (<=64)
[EFX-0657 WARNING] Mapping into logic memory block 'pipe_1_inner_cross' (36 bits) (C:\Users\Jing-XuanTan(i)\Downloads\evsoc-efinity-v2026.1.132\evsoc-efinity-v2026.1.132\cam_single\Ti60F225_dsi\source/isp/demosaic.sv:89) because size is too small (<=64)
[EFX-0657 WARNING] Mapping into logic memory block 'pipe_2_center' (44 bits) (C:\Users\Jing-XuanTan(i)\Downloads\evsoc-efinity-v2026.1.132\evsoc-efinity-v2026.1.132\cam_single\Ti60F225_dsi\source/isp/demosaic.sv:95) because size is too small (<=64)
[EFX-0657 WARNING] Mapping into logic memory block 'pipe_2_center_cross_x2' (44 bits) (C:\Users\Jing-XuanTan(i)\Downloads\evsoc-efinity-v2026.1.132\evsoc-efinity-v2026.1.132\cam_single\Ti60F225_dsi\source/isp/demosaic.sv:96) because size is too small (<=64)
[EFX-0657 WARNING] Mapping into logic memory block 'pipe_2_outer_cross_x2' (44 bits) (C:\Users\Jing-XuanTan(i)\Downloads\evsoc-efinity-v2026.1.132\evsoc-efinity-v2026.1.132\cam_single\Ti60F225_dsi\source/isp/demosaic.sv:97) because size is too small (<=64)
[EFX-0657 WARNING] Mapping into logic memory block 'pipe_2_outer_cross_x3' (44 bits) (C:\Users\Jing-XuanTan(i)\Downloads\evsoc-efinity-v2026.1.132\evsoc-efinity-v2026.1.132\cam_single\Ti60F225_dsi\source/isp/demosaic.sv:98) because size is too small (<=64)
[EFX-0657 WARNING] Mapping into logic memory block 'pipe_2_inner_c_outer_h_x2' (44 bits) (C:\Users\Jing-XuanTan(i)\Downloads\evsoc-efinity-v2026.1.132\evsoc-efinity-v2026.1.132\cam_single\Ti60F225_dsi\source/isp/demosaic.sv:99) because size is too small (<=64)
[EFX-0657 WARNING] Mapping into logic memory block 'pipe_2_inner_c_outer_v_x2' (44 bits) (C:\Users\Jing-XuanTan(i)\Downloads\evsoc-efinity-v2026.1.132\evsoc-efinity-v2026.1.132\cam_single\Ti60F225_dsi\source/isp/demosaic.sv:100) because size is too small (<=64)
[EFX-0657 WARNING] Mapping into logic memory block 'pipe_2_rb_at_g1_x2' (44 bits) (C:\Users\Jing-XuanTan(i)\Downloads\evsoc-efinity-v2026.1.132\evsoc-efinity-v2026.1.132\cam_single\Ti60F225_dsi\source/isp/demosaic.sv:101) because size is too small (<=64)
[EFX-0657 WARNING] Mapping into logic memory block 'pipe_2_rb_at_g2_x2' (44 bits) (C:\Users\Jing-XuanTan(i)\Downloads\evsoc-efinity-v2026.1.132\evsoc-efinity-v2026.1.132\cam_single\Ti60F225_dsi\source/isp/demosaic.sv:102) because size is too small (<=64)
[EFX-0657 WARNING] Mapping into logic memory block 'pipe_2_rb_at_rb_x2' (44 bits) (C:\Users\Jing-XuanTan(i)\Downloads\evsoc-efinity-v2026.1.132\evsoc-efinity-v2026.1.132\cam_single\Ti60F225_dsi\source/isp/demosaic.sv:103) because size is too small (<=64)
[EFX-0657 WARNING] Mapping into logic memory block 'logic_progbufX_mem' (64 bits) (C:\Users\Jing-XuanTan(i)\Downloads\evsoc-efinity-v2026.1.132\evsoc-efinity-v2026.1.132\cam_single\Ti60F225_dsi\ip\SapphireSoc\SapphireSoc.v:12001) because size is too small (<=64)
[EFX-0657 WARNING] Mapping into logic memory block 'logic_ram' (64 bits) (C:\Users\Jing-XuanTan(i)\Downloads\evsoc-efinity-v2026.1.132\evsoc-efinity-v2026.1.132\cam_single\Ti60F225_dsi\ip\SapphireSoc\SapphireSoc.v:20390) because size is too small (<=64)
[EFX-0656 WARNING] Optimizing into logic zero initialized read-only memory block 'u_dma/u_EfxDMA/inputsAdapter_1_crossclock_fifo/ram__D$c1'. (C:\Users\Jing-XuanTan(i)\Downloads\evsoc-efinity-v2026.1.132\evsoc-efinity-v2026.1.132\cam_single\Ti60F225_dsi\ip\dma\dma.v:2839)
[EFX-0656 WARNING] Optimizing into logic zero initialized read-only memory block 'u_dma/u_EfxDMA/inputsAdapter_1_crossclock_fifo/ram__D$b12'. (C:\Users\Jing-XuanTan(i)\Downloads\evsoc-efinity-v2026.1.132\evsoc-efinity-v2026.1.132\cam_single\Ti60F225_dsi\ip\dma\dma.v:2839)
[EFX-0656 WARNING] Optimizing into logic zero initialized read-only memory block 'u_dma/u_EfxDMA/inputsAdapter_1_crossclock_fifo/ram__D$12'. (C:\Users\Jing-XuanTan(i)\Downloads\evsoc-efinity-v2026.1.132\evsoc-efinity-v2026.1.132\cam_single\Ti60F225_dsi\ip\dma\dma.v:2839)
[EFX-0656 WARNING] Optimizing into logic zero initialized read-only memory block 'u_dma/u_EfxDMA/inputsAdapter_1_crossclock_fifo/ram__D$2'. (C:\Users\Jing-XuanTan(i)\Downloads\evsoc-efinity-v2026.1.132\evsoc-efinity-v2026.1.132\cam_single\Ti60F225_dsi\ip\dma\dma.v:2839)

///////////////////////////////////
// Efinity Synthesis Started 
// Oct 08, 2026 18:33:43
///////////////////////////////////

[EFX-0011 VERI-WARNING] port 'probe23' remains unconnected for this instance (VERI-1927) (C:/Users/Jing-XuanTan(i)/Downloads/evsoc-efinity-v2026.1.132/evsoc-efinity-v2026.1.132/cam_single/Ti60F225_dsi/work_dbg/debug_top.v:202)
[EFX-0011 VERI-WARNING] input port 'probe23[0]' remains unconnected for this instance (VDB-1053) (C:/Users/Jing-XuanTan(i)/Downloads/evsoc-efinity-v2026.1.132/evsoc-efinity-v2026.1.132/cam_single/Ti60F225_dsi/work_dbg/debug_top.v:158)
[EFX-0200 WARNING] Removing redundant signal : compared_in[0]. (C:/Users/Jing-XuanTan(i)/Downloads/evsoc-efinity-v2026.1.132/evsoc-efinity-v2026.1.132/cam_single/Ti60F225_dsi/work_dbg/debug_top.v:5604)
[EFX-0200 WARNING] Removing redundant signal : mask_in[0]. (C:/Users/Jing-XuanTan(i)/Downloads/evsoc-efinity-v2026.1.132/evsoc-efinity-v2026.1.132/cam_single/Ti60F225_dsi/work_dbg/debug_top.v:5605)
[EFX-0200 WARNING] Removing redundant signal : trigger_in. (C:/Users/Jing-XuanTan(i)/Downloads/evsoc-efinity-v2026.1.132/evsoc-efinity-v2026.1.132/cam_single/Ti60F225_dsi/work_dbg/debug_top.v:5815)
[EFX-0200 WARNING] Removing redundant signal : clk. (C:/Users/Jing-XuanTan(i)/Downloads/evsoc-efinity-v2026.1.132/evsoc-efinity-v2026.1.132/cam_single/Ti60F225_dsi/work_dbg/debug_top.v:4638)
[EFX-0200 WARNING] Removing redundant signal : full. (C:/Users/Jing-XuanTan(i)/Downloads/evsoc-efinity-v2026.1.132/evsoc-efinity-v2026.1.132/cam_single/Ti60F225_dsi/work_dbg/debug_top.v:4692)
[EFX-0200 WARNING] Removing redundant signal : shift_i. (C:/Users/Jing-XuanTan(i)/Downloads/evsoc-efinity-v2026.1.132/evsoc-efinity-v2026.1.132/cam_single/Ti60F225_dsi/work_dbg/debug_top.v:4962)
[EFX-0200 WARNING] Removing redundant signal : trig_out. (C:/Users/Jing-XuanTan(i)/Downloads/evsoc-efinity-v2026.1.132/evsoc-efinity-v2026.1.132/cam_single/Ti60F225_dsi/work_dbg/debug_top.v:4979)
[EFX-0200 WARNING] Removing redundant signal : trig_out_ack. (C:/Users/Jing-XuanTan(i)/Downloads/evsoc-efinity-v2026.1.132/evsoc-efinity-v2026.1.132/cam_single/Ti60F225_dsi/work_dbg/debug_top.v:4980)
[EFX-0200 WARNING] Removing redundant signal : bscan_DRCK. (C:/Users/Jing-XuanTan(i)/Downloads/evsoc-efinity-v2026.1.132/evsoc-efinity-v2026.1.132/cam_single/Ti60F225_dsi/work_dbg/debug_top.v:1121)
[EFX-0200 WARNING] Removing redundant signal : bscan_RESET. (C:/Users/Jing-XuanTan(i)/Downloads/evsoc-efinity-v2026.1.132/evsoc-efinity-v2026.1.132/cam_single/Ti60F225_dsi/work_dbg/debug_top.v:1122)
[EFX-0200 WARNING] Removing redundant signal : bscan_RUNTEST. (C:/Users/Jing-XuanTan(i)/Downloads/evsoc-efinity-v2026.1.132/evsoc-efinity-v2026.1.132/cam_single/Ti60F225_dsi/work_dbg/debug_top.v:1123)
[EFX-0200 WARNING] Removing redundant signal : bscan_SEL. (C:/Users/Jing-XuanTan(i)/Downloads/evsoc-efinity-v2026.1.132/evsoc-efinity-v2026.1.132/cam_single/Ti60F225_dsi/work_dbg/debug_top.v:1124)
[EFX-0200 WARNING] Removing redundant signal : bscan_TMS. (C:/Users/Jing-XuanTan(i)/Downloads/evsoc-efinity-v2026.1.132/evsoc-efinity-v2026.1.132/cam_single/Ti60F225_dsi/work_dbg/debug_top.v:1128)
[EFX-0200 WARNING] Removing redundant signal : trig_in_ack. (C:/Users/Jing-XuanTan(i)/Downloads/evsoc-efinity-v2026.1.132/evsoc-efinity-v2026.1.132/cam_single/Ti60F225_dsi/work_dbg/debug_top.v:1140)
[EFX-0200 WARNING] Removing redundant signal : mux_capture_cmp[22:0]. (C:/Users/Jing-XuanTan(i)/Downloads/evsoc-efinity-v2026.1.132/evsoc-efinity-v2026.1.132/cam_single/Ti60F225_dsi/work_dbg/debug_top.v:3559)
[EFX-0200 WARNING] Removing redundant signal : bscan_CAPTURE. (C:/Users/Jing-XuanTan(i)/Downloads/evsoc-efinity-v2026.1.132/evsoc-efinity-v2026.1.132/cam_single/Ti60F225_dsi/work_dbg/debug_top.v:360)
[EFX-0200 WARNING] Removing redundant signal : bscan_DRCK. (C:/Users/Jing-XuanTan(i)/Downloads/evsoc-efinity-v2026.1.132/evsoc-efinity-v2026.1.132/cam_single/Ti60F225_dsi/work_dbg/debug_top.v:361)
[EFX-0200 WARNING] Removing redundant signal : bscan_RUNTEST. (C:/Users/Jing-XuanTan(i)/Downloads/evsoc-efinity-v2026.1.132/evsoc-efinity-v2026.1.132/cam_single/Ti60F225_dsi/work_dbg/debug_top.v:363)
[EFX-0200 WARNING] Removing redundant signal : bscan_TMS. (C:/Users/Jing-XuanTan(i)/Downloads/evsoc-efinity-v2026.1.132/evsoc-efinity-v2026.1.132/cam_single/Ti60F225_dsi/work_dbg/debug_top.v:368)
[EFX-0201 WARNING] Re-wiring to GND non-driven net/port 'probe23[0]' in module 'edb_la_top_746783ef452b46fdaeb1fe9c8caf68d8_renamed_due_excessive_length_1'. (C:/Users/Jing-XuanTan(i)/Downloads/evsoc-efinity-v2026.1.132/evsoc-efinity-v2026.1.132/cam_single/Ti60F225_dsi/work_dbg/debug_top.v:158)
[EFX-0201 WARNING] Re-wiring to GND non-driven net/port 'probe24[0]' in module 'edb_la_top_746783ef452b46fdaeb1fe9c8caf68d8_renamed_due_excessive_length_1'. (C:/Users/Jing-XuanTan(i)/Downloads/evsoc-efinity-v2026.1.132/evsoc-efinity-v2026.1.132/cam_single/Ti60F225_dsi/work_dbg/debug_top.v:158)
[EFX-0201 WARNING] Re-wiring to GND non-driven net/port 'probe25[0]' in module 'edb_la_top_746783ef452b46fdaeb1fe9c8caf68d8_renamed_due_excessive_length_1'. (C:/Users/Jing-XuanTan(i)/Downloads/evsoc-efinity-v2026.1.132/evsoc-efinity-v2026.1.132/cam_single/Ti60F225_dsi/work_dbg/debug_top.v:158)
[EFX-0201 WARNING] Re-wiring to GND non-driven net/port 'probe26[0]' in module 'edb_la_top_746783ef452b46fdaeb1fe9c8caf68d8_renamed_due_excessive_length_1'. (C:/Users/Jing-XuanTan(i)/Downloads/evsoc-efinity-v2026.1.132/evsoc-efinity-v2026.1.132/cam_single/Ti60F225_dsi/work_dbg/debug_top.v:158)
[EFX-0201 WARNING] Re-wiring to GND non-driven net/port 'probe27[0]' in module 'edb_la_top_746783ef452b46fdaeb1fe9c8caf68d8_renamed_due_excessive_length_1'. (C:/Users/Jing-XuanTan(i)/Downloads/evsoc-efinity-v2026.1.132/evsoc-efinity-v2026.1.132/cam_single/Ti60F225_dsi/work_dbg/debug_top.v:158)
[EFX-0201 WARNING] Re-wiring to GND non-driven net/port 'probe28[0]' in module 'edb_la_top_746783ef452b46fdaeb1fe9c8caf68d8_renamed_due_excessive_length_1'. (C:/Users/Jing-XuanTan(i)/Downloads/evsoc-efinity-v2026.1.132/evsoc-efinity-v2026.1.132/cam_single/Ti60F225_dsi/work_dbg/debug_top.v:158)
[EFX-0201 WARNING] Re-wiring to GND non-driven net/port 'probe29[0]' in module 'edb_la_top_746783ef452b46fdaeb1fe9c8caf68d8_renamed_due_excessive_length_1'. (C:/Users/Jing-XuanTan(i)/Downloads/evsoc-efinity-v2026.1.132/evsoc-efinity-v2026.1.132/cam_single/Ti60F225_dsi/work_dbg/debug_top.v:158)
[EFX-0201 WARNING] Re-wiring to GND non-driven net/port 'probe30[0]' in module 'edb_la_top_746783ef452b46fdaeb1fe9c8caf68d8_renamed_due_excessive_length_1'. (C:/Users/Jing-XuanTan(i)/Downloads/evsoc-efinity-v2026.1.132/evsoc-efinity-v2026.1.132/cam_single/Ti60F225_dsi/work_dbg/debug_top.v:158)
[EFX-0201 WARNING] Re-wiring to GND non-driven net/port 'probe31[0]' in module 'edb_la_top_746783ef452b46fdaeb1fe9c8caf68d8_renamed_due_excessive_length_1'. (C:/Users/Jing-XuanTan(i)/Downloads/evsoc-efinity-v2026.1.132/evsoc-efinity-v2026.1.132/cam_single/Ti60F225_dsi/work_dbg/debug_top.v:158)
[EFX-0201 WARNING] Re-wiring to GND non-driven net/port 'probe32[0]' in module 'edb_la_top_746783ef452b46fdaeb1fe9c8caf68d8_renamed_due_excessive_length_1'. (C:/Users/Jing-XuanTan(i)/Downloads/evsoc-efinity-v2026.1.132/evsoc-efinity-v2026.1.132/cam_single/Ti60F225_dsi/work_dbg/debug_top.v:158)
[EFX-0011 VERI-WARNING] Input/inout port bscan_DRCK is unconnected. Place and route may remove this unconnected port. (VDB-8003) (C:/Users/Jing-XuanTan(i)/Downloads/evsoc-efinity-v2026.1.132/evsoc-efinity-v2026.1.132/cam_single/Ti60F225_dsi/work_dbg/debug_top.v:17)
[EFX-0011 VERI-WARNING] Input/inout port bscan_RUNTEST is unconnected. Place and route may remove this unconnected port. (VDB-8003) (C:/Users/Jing-XuanTan(i)/Downloads/evsoc-efinity-v2026.1.132/evsoc-efinity-v2026.1.132/cam_single/Ti60F225_dsi/work_dbg/debug_top.v:19)
[EFX-0011 VERI-WARNING] Input/inout port bscan_TMS is unconnected. Place and route may remove this unconnected port. (VDB-8003) (C:/Users/Jing-XuanTan(i)/Downloads/evsoc-efinity-v2026.1.132/evsoc-efinity-v2026.1.132/cam_single/Ti60F225_dsi/work_dbg/debug_top.v:24)
[EFX-0011 VERI-WARNING] Found 3 warnings in the post-synthesis netlist. 

///////////////////////////////////
// Efinity Synthesis Started 
// Oct 08, 2026 18:34:00
///////////////////////////////////

[EFX-0200 WARNING] Removing redundant signal : Rx_HS_D_2[7:0]. (C:\Users\Jing-XuanTan(i)\Downloads\evsoc-efinity-v2026.1.132\evsoc-efinity-v2026.1.132\cam_single\Ti60F225_dsi\ip\csi2_rx_cam\csi2_rx_cam.sv:6307)
[EFX-0200 WARNING] Removing redundant signal : Rx_HS_D_3[7:0]. (C:\Users\Jing-XuanTan(i)\Downloads\evsoc-efinity-v2026.1.132\evsoc-efinity-v2026.1.132\cam_single\Ti60F225_dsi\ip\csi2_rx_cam\csi2_rx_cam.sv:6307)
[EFX-0200 WARNING] Removing redundant signal : Rx_HS_D_4[7:0]. (C:\Users\Jing-XuanTan(i)\Downloads\evsoc-efinity-v2026.1.132\evsoc-efinity-v2026.1.132\cam_single\Ti60F225_dsi\ip\csi2_rx_cam\csi2_rx_cam.sv:6307)
[EFX-0200 WARNING] Removing redundant signal : Rx_HS_D_5[7:0]. (C:\Users\Jing-XuanTan(i)\Downloads\evsoc-efinity-v2026.1.132\evsoc-efinity-v2026.1.132\cam_single\Ti60F225_dsi\ip\csi2_rx_cam\csi2_rx_cam.sv:6307)
[EFX-0200 WARNING] Removing redundant signal : Rx_HS_D_6[7:0]. (C:\Users\Jing-XuanTan(i)\Downloads\evsoc-efinity-v2026.1.132\evsoc-efinity-v2026.1.132\cam_single\Ti60F225_dsi\ip\csi2_rx_cam\csi2_rx_cam.sv:6307)
[EFX-0200 WARNING] Removing redundant signal : Rx_HS_D_7[7:0]. (C:\Users\Jing-XuanTan(i)\Downloads\evsoc-efinity-v2026.1.132\evsoc-efinity-v2026.1.132\cam_single\Ti60F225_dsi\ip\csi2_rx_cam\csi2_rx_cam.sv:6307)
[EFX-0200 WARNING] Removing redundant signal : u_dly_enable_D[1:0]. (C:\Users\Jing-XuanTan(i)\Downloads\evsoc-efinity-v2026.1.132\evsoc-efinity-v2026.1.132\cam_single\Ti60F225_dsi\ip\csi2_rx_cam\csi2_rx_cam.sv:6307)
[EFX-0200 WARNING] Removing redundant signal : u_dly_inc_D[1:0]. (C:\Users\Jing-XuanTan(i)\Downloads\evsoc-efinity-v2026.1.132\evsoc-efinity-v2026.1.132\cam_single\Ti60F225_dsi\ip\csi2_rx_cam\csi2_rx_cam.sv:6307)
[EFX-0200 WARNING] Removing redundant signal : axi_awaddr[1:0]. (C:\Users\Jing-XuanTan(i)\Downloads\evsoc-efinity-v2026.1.132\evsoc-efinity-v2026.1.132\cam_single\Ti60F225_dsi\ip\csi2_rx_cam\csi2_rx_cam.sv:5564)
[EFX-0200 WARNING] Removing redundant signal : axi_araddr[1:0]. (C:\Users\Jing-XuanTan(i)\Downloads\evsoc-efinity-v2026.1.132\evsoc-efinity-v2026.1.132\cam_single\Ti60F225_dsi\ip\csi2_rx_cam\csi2_rx_cam.sv:5564)
[EFX-0200 WARNING] Removing redundant signal : loc_rdata[31:0]. (C:\Users\Jing-XuanTan(i)\Downloads\evsoc-efinity-v2026.1.132\evsoc-efinity-v2026.1.132\cam_single\Ti60F225_dsi\ip\csi2_rx_cam\csi2_rx_cam.sv:5564)
[EFX-0200 WARNING] Removing redundant signal : nextCRC16_D16[15:0]. (C:\Users\Jing-XuanTan(i)\Downloads\evsoc-efinity-v2026.1.132\evsoc-efinity-v2026.1.132\cam_single\Ti60F225_dsi\ip\csi2_rx_cam\csi2_rx_cam.sv:1466)
[EFX-0200 WARNING] Removing redundant signal : nextCRC16_D16.Data[15:0]. (C:\Users\Jing-XuanTan(i)\Downloads\evsoc-efinity-v2026.1.132\evsoc-efinity-v2026.1.132\cam_single\Ti60F225_dsi\ip\csi2_rx_cam\csi2_rx_cam.sv:1466)
[EFX-0200 WARNING] Removing redundant signal : nextCRC16_D16.fcrc[15:0]. (C:\Users\Jing-XuanTan(i)\Downloads\evsoc-efinity-v2026.1.132\evsoc-efinity-v2026.1.132\cam_single\Ti60F225_dsi\ip\csi2_rx_cam\csi2_rx_cam.sv:1466)
[EFX-0200 WARNING] Removing redundant signal : nextCRC16_D16.d[15:0]. (C:\Users\Jing-XuanTan(i)\Downloads\evsoc-efinity-v2026.1.132\evsoc-efinity-v2026.1.132\cam_single\Ti60F225_dsi\ip\csi2_rx_cam\csi2_rx_cam.sv:1466)
[EFX-0200 WARNING] Removing redundant signal : nextCRC16_D16.c[15:0]. (C:\Users\Jing-XuanTan(i)\Downloads\evsoc-efinity-v2026.1.132\evsoc-efinity-v2026.1.132\cam_single\Ti60F225_dsi\ip\csi2_rx_cam\csi2_rx_cam.sv:1466)
[EFX-0200 WARNING] Removing redundant signal : nextCRC16_D16.newcrc[15:0]. (C:\Users\Jing-XuanTan(i)\Downloads\evsoc-efinity-v2026.1.132\evsoc-efinity-v2026.1.132\cam_single\Ti60F225_dsi\ip\csi2_rx_cam\csi2_rx_cam.sv:1466)
[EFX-0200 WARNING] Removing redundant signal : nextCRC16_D8[15:0]. (C:\Users\Jing-XuanTan(i)\Downloads\evsoc-efinity-v2026.1.132\evsoc-efinity-v2026.1.132\cam_single\Ti60F225_dsi\ip\csi2_rx_cam\csi2_rx_cam.sv:1466)
[EFX-0200 WARNING] Removing redundant signal : nextCRC16_D8.Data[7:0]. (C:\Users\Jing-XuanTan(i)\Downloads\evsoc-efinity-v2026.1.132\evsoc-efinity-v2026.1.132\cam_single\Ti60F225_dsi\ip\csi2_rx_cam\csi2_rx_cam.sv:1466)
[EFX-0200 WARNING] Removing redundant signal : nextCRC16_D8.fcrc[15:0]. (C:\Users\Jing-XuanTan(i)\Downloads\evsoc-efinity-v2026.1.132\evsoc-efinity-v2026.1.132\cam_single\Ti60F225_dsi\ip\csi2_rx_cam\csi2_rx_cam.sv:1466)
[EFX-0201 WARNING] Re-wiring to GND non-driven net/port 'a_wr_rst_i' in module 'efx_fifo_top_077823fa68f649b1a7074c944568f3e4(FAMILY="TITANIUM",SYNC_CLK=1,DATA_WIDTH=40,PIPELINE_REG=0,OUTPUT_REG=1,PROGRAMMABLE_FULL="NONE",PROG_FULL_ASSERT=510,PROG_FULL_NEGATE=510,PROGRAMMABLE_EMPTY="NONE",PROG_EMPTY_ASSERT=2,PROG_EMPTY_NEGATE=3)'. (C:\Users\Jing-XuanTan(i)\Downloads\evsoc-efinity-v2026.1.132\evsoc-efinity-v2026.1.132\cam_single\Ti60F225_dsi\ip\cam_pixel_remap_fifo\cam_pixel_remap_fifo.sv:92)
[EFX-0201 WARNING] Re-wiring to GND non-driven net/port 'a_rd_rst_i' in module 'efx_fifo_top_077823fa68f649b1a7074c944568f3e4(FAMILY="TITANIUM",SYNC_CLK=1,DATA_WIDTH=40,PIPELINE_REG=0,OUTPUT_REG=1,PROGRAMMABLE_FULL="NONE",PROG_FULL_ASSERT=510,PROG_FULL_NEGATE=510,PROGRAMMABLE_EMPTY="NONE",PROG_EMPTY_ASSERT=2,PROG_EMPTY_NEGATE=3)'. (C:\Users\Jing-XuanTan(i)\Downloads\evsoc-efinity-v2026.1.132\evsoc-efinity-v2026.1.132\cam_single\Ti60F225_dsi\ip\cam_pixel_remap_fifo\cam_pixel_remap_fifo.sv:92)
[EFX-0201 WARNING] Re-wiring to GND non-driven net/port 'wr_clk_i' in module 'efx_fifo_top_077823fa68f649b1a7074c944568f3e4(FAMILY="TITANIUM",SYNC_CLK=1,DATA_WIDTH=40,PIPELINE_REG=0,OUTPUT_REG=1,PROGRAMMABLE_FULL="NONE",PROG_FULL_ASSERT=510,PROG_FULL_NEGATE=510,PROGRAMMABLE_EMPTY="NONE",PROG_EMPTY_ASSERT=2,PROG_EMPTY_NEGATE=3)'. (C:\Users\Jing-XuanTan(i)\Downloads\evsoc-efinity-v2026.1.132\evsoc-efinity-v2026.1.132\cam_single\Ti60F225_dsi\ip\cam_pixel_remap_fifo\cam_pixel_remap_fifo.sv:92)
[EFX-0201 WARNING] Re-wiring to GND non-driven net/port 'rd_clk_i' in module 'efx_fifo_top_077823fa68f649b1a7074c944568f3e4(FAMILY="TITANIUM",SYNC_CLK=1,DATA_WIDTH=40,PIPELINE_REG=0,OUTPUT_REG=1,PROGRAMMABLE_FULL="NONE",PROG_FULL_ASSERT=510,PROG_FULL_NEGATE=510,PROGRAMMABLE_EMPTY="NONE",PROG_EMPTY_ASSERT=2,PROG_EMPTY_NEGATE=3)'. (C:\Users\Jing-XuanTan(i)\Downloads\evsoc-efinity-v2026.1.132\evsoc-efinity-v2026.1.132\cam_single\Ti60F225_dsi\ip\cam_pixel_remap_fifo\cam_pixel_remap_fifo.sv:92)
[EFX-0201 WARNING] Re-wiring to GND non-driven net/port 'r_registers[12][31]' in module 'axi_lite_register(S_AXI_WSTRB_WIDTH=4)'. (C:\Users\Jing-XuanTan(i)\Downloads\evsoc-efinity-v2026.1.132\evsoc-efinity-v2026.1.132\cam_single\Ti60F225_dsi\source/isp/axi_lite_register.sv:99)
[EFX-0201 WARNING] Re-wiring to GND non-driven net/port 'r_registers[12][30]' in module 'axi_lite_register(S_AXI_WSTRB_WIDTH=4)'. (C:\Users\Jing-XuanTan(i)\Downloads\evsoc-efinity-v2026.1.132\evsoc-efinity-v2026.1.132\cam_single\Ti60F225_dsi\source/isp/axi_lite_register.sv:99)
[EFX-0201 WARNING] Re-wiring to GND non-driven net/port 'r_registers[12][29]' in module 'axi_lite_register(S_AXI_WSTRB_WIDTH=4)'. (C:\Users\Jing-XuanTan(i)\Downloads\evsoc-efinity-v2026.1.132\evsoc-efinity-v2026.1.132\cam_single\Ti60F225_dsi\source/isp/axi_lite_register.sv:99)
[EFX-0201 WARNING] Re-wiring to GND non-driven net/port 'r_registers[12][28]' in module 'axi_lite_register(S_AXI_WSTRB_WIDTH=4)'. (C:\Users\Jing-XuanTan(i)\Downloads\evsoc-efinity-v2026.1.132\evsoc-efinity-v2026.1.132\cam_single\Ti60F225_dsi\source/isp/axi_lite_register.sv:99)
[EFX-0201 WARNING] Re-wiring to GND non-driven net/port 'r_registers[12][27]' in module 'axi_lite_register(S_AXI_WSTRB_WIDTH=4)'. (C:\Users\Jing-XuanTan(i)\Downloads\evsoc-efinity-v2026.1.132\evsoc-efinity-v2026.1.132\cam_single\Ti60F225_dsi\source/isp/axi_lite_register.sv:99)
[EFX-0201 WARNING] Re-wiring to GND non-driven net/port 'r_registers[12][26]' in module 'axi_lite_register(S_AXI_WSTRB_WIDTH=4)'. (C:\Users\Jing-XuanTan(i)\Downloads\evsoc-efinity-v2026.1.132\evsoc-efinity-v2026.1.132\cam_single\Ti60F225_dsi\source/isp/axi_lite_register.sv:99)
[EFX-0657 WARNING] Mapping into logic memory block 'pipe_0_center' (28 bits) (C:\Users\Jing-XuanTan(i)\Downloads\evsoc-efinity-v2026.1.132\evsoc-efinity-v2026.1.132\cam_single\Ti60F225_dsi\source/isp/demosaic.sv:68) because size is too small (<=64)
[EFX-0657 WARNING] Mapping into logic memory block 'pipe_0_outer_horizontal' (28 bits) (C:\Users\Jing-XuanTan(i)\Downloads\evsoc-efinity-v2026.1.132\evsoc-efinity-v2026.1.132\cam_single\Ti60F225_dsi\source/isp/demosaic.sv:69) because size is too small (<=64)
[EFX-0657 WARNING] Mapping into logic memory block 'pipe_0_outer_vertical' (28 bits) (C:\Users\Jing-XuanTan(i)\Downloads\evsoc-efinity-v2026.1.132\evsoc-efinity-v2026.1.132\cam_single\Ti60F225_dsi\source/isp/demosaic.sv:70) because size is too small (<=64)
[EFX-0657 WARNING] Mapping into logic memory block 'pipe_0_inner_horizontal' (28 bits) (C:\Users\Jing-XuanTan(i)\Downloads\evsoc-efinity-v2026.1.132\evsoc-efinity-v2026.1.132\cam_single\Ti60F225_dsi\source/isp/demosaic.sv:71) because size is too small (<=64)
[EFX-0657 WARNING] Mapping into logic memory block 'pipe_0_inner_vertical' (28 bits) (C:\Users\Jing-XuanTan(i)\Downloads\evsoc-efinity-v2026.1.132\evsoc-efinity-v2026.1.132\cam_single\Ti60F225_dsi\source/isp/demosaic.sv:72) because size is too small (<=64)
[EFX-0657 WARNING] Mapping into logic memory block 'pipe_0_inner_top' (28 bits) (C:\Users\Jing-XuanTan(i)\Downloads\evsoc-efinity-v2026.1.132\evsoc-efinity-v2026.1.132\cam_single\Ti60F225_dsi\source/isp/demosaic.sv:73) because size is too small (<=64)
[EFX-0657 WARNING] Mapping into logic memory block 'pipe_0_inner_bottom' (28 bits) (C:\Users\Jing-XuanTan(i)\Downloads\evsoc-efinity-v2026.1.132\evsoc-efinity-v2026.1.132\cam_single\Ti60F225_dsi\source/isp/demosaic.sv:74) because size is too small (<=64)
[EFX-0657 WARNING] Mapping into logic memory block 'pipe_1_center' (36 bits) (C:\Users\Jing-XuanTan(i)\Downloads\evsoc-efinity-v2026.1.132\evsoc-efinity-v2026.1.132\cam_single\Ti60F225_dsi\source/isp/demosaic.sv:80) because size is too small (<=64)
[EFX-0657 WARNING] Mapping into logic memory block 'pipe_1_center_x5' (36 bits) (C:\Users\Jing-XuanTan(i)\Downloads\evsoc-efinity-v2026.1.132\evsoc-efinity-v2026.1.132\cam_single\Ti60F225_dsi\source/isp/demosaic.sv:81) because size is too small (<=64)
[EFX-0657 WARNING] Mapping into logic memory block 'pipe_1_center_x6' (36 bits) (C:\Users\Jing-XuanTan(i)\Downloads\evsoc-efinity-v2026.1.132\evsoc-efinity-v2026.1.132\cam_single\Ti60F225_dsi\source/isp/demosaic.sv:82) because size is too small (<=64)
[EFX-0657 WARNING] Mapping into logic memory block 'pipe_1_outer_horizontal' (36 bits) (C:\Users\Jing-XuanTan(i)\Downloads\evsoc-efinity-v2026.1.132\evsoc-efinity-v2026.1.132\cam_single\Ti60F225_dsi\source/isp/demosaic.sv:83) because size is too small (<=64)
[EFX-0657 WARNING] Mapping into logic memory block 'pipe_1_outer_vertical' (36 bits) (C:\Users\Jing-XuanTan(i)\Downloads\evsoc-efinity-v2026.1.132\evsoc-efinity-v2026.1.132\cam_single\Ti60F225_dsi\source/isp/demosaic.sv:84) because size is too small (<=64)
[EFX-0657 WARNING] Mapping into logic memory block 'pipe_1_outer_cross' (36 bits) (C:\Users\Jing-XuanTan(i)\Downloads\evsoc-efinity-v2026.1.132\evsoc-efinity-v2026.1.132\cam_single\Ti60F225_dsi\source/isp/demosaic.sv:85) because size is too small (<=64)
[EFX-0657 WARNING] Mapping into logic memory block 'pipe_1_inner_h_outer_v_x2' (36 bits) (C:\Users\Jing-XuanTan(i)\Downloads\evsoc-efinity-v2026.1.132\evsoc-efinity-v2026.1.132\cam_single\Ti60F225_dsi\source/isp/demosaic.sv:86) because size is too small (<=64)
[EFX-0657 WARNING] Mapping into logic memory block 'pipe_1_inner_v_outer_h_x2' (36 bits) (C:\Users\Jing-XuanTan(i)\Downloads\evsoc-efinity-v2026.1.132\evsoc-efinity-v2026.1.132\cam_single\Ti60F225_dsi\source/isp/demosaic.sv:87) because size is too small (<=64)
[EFX-0657 WARNING] Mapping into logic memory block 'pipe_1_inner_corner' (36 bits) (C:\Users\Jing-XuanTan(i)\Downloads\evsoc-efinity-v2026.1.132\evsoc-efinity-v2026.1.132\cam_single\Ti60F225_dsi\source/isp/demosaic.sv:88) because size is too small (<=64)
[EFX-0657 WARNING] Mapping into logic memory block 'pipe_1_inner_cross' (36 bits) (C:\Users\Jing-XuanTan(i)\Downloads\evsoc-efinity-v2026.1.132\evsoc-efinity-v2026.1.132\cam_single\Ti60F225_dsi\source/isp/demosaic.sv:89) because size is too small (<=64)
[EFX-0657 WARNING] Mapping into logic memory block 'pipe_2_center' (44 bits) (C:\Users\Jing-XuanTan(i)\Downloads\evsoc-efinity-v2026.1.132\evsoc-efinity-v2026.1.132\cam_single\Ti60F225_dsi\source/isp/demosaic.sv:95) because size is too small (<=64)
[EFX-0657 WARNING] Mapping into logic memory block 'pipe_2_center_cross_x2' (44 bits) (C:\Users\Jing-XuanTan(i)\Downloads\evsoc-efinity-v2026.1.132\evsoc-efinity-v2026.1.132\cam_single\Ti60F225_dsi\source/isp/demosaic.sv:96) because size is too small (<=64)
[EFX-0657 WARNING] Mapping into logic memory block 'pipe_2_outer_cross_x2' (44 bits) (C:\Users\Jing-XuanTan(i)\Downloads\evsoc-efinity-v2026.1.132\evsoc-efinity-v2026.1.132\cam_single\Ti60F225_dsi\source/isp/demosaic.sv:97) because size is too small (<=64)
[EFX-0657 WARNING] Mapping into logic memory block 'pipe_2_outer_cross_x3' (44 bits) (C:\Users\Jing-XuanTan(i)\Downloads\evsoc-efinity-v2026.1.132\evsoc-efinity-v2026.1.132\cam_single\Ti60F225_dsi\source/isp/demosaic.sv:98) because size is too small (<=64)
[EFX-0657 WARNING] Mapping into logic memory block 'pipe_2_inner_c_outer_h_x2' (44 bits) (C:\Users\Jing-XuanTan(i)\Downloads\evsoc-efinity-v2026.1.132\evsoc-efinity-v2026.1.132\cam_single\Ti60F225_dsi\source/isp/demosaic.sv:99) because size is too small (<=64)
[EFX-0657 WARNING] Mapping into logic memory block 'pipe_2_inner_c_outer_v_x2' (44 bits) (C:\Users\Jing-XuanTan(i)\Downloads\evsoc-efinity-v2026.1.132\evsoc-efinity-v2026.1.132\cam_single\Ti60F225_dsi\source/isp/demosaic.sv:100) because size is too small (<=64)
[EFX-0657 WARNING] Mapping into logic memory block 'pipe_2_rb_at_g1_x2' (44 bits) (C:\Users\Jing-XuanTan(i)\Downloads\evsoc-efinity-v2026.1.132\evsoc-efinity-v2026.1.132\cam_single\Ti60F225_dsi\source/isp/demosaic.sv:101) because size is too small (<=64)
[EFX-0657 WARNING] Mapping into logic memory block 'pipe_2_rb_at_g2_x2' (44 bits) (C:\Users\Jing-XuanTan(i)\Downloads\evsoc-efinity-v2026.1.132\evsoc-efinity-v2026.1.132\cam_single\Ti60F225_dsi\source/isp/demosaic.sv:102) because size is too small (<=64)
[EFX-0657 WARNING] Mapping into logic memory block 'pipe_2_rb_at_rb_x2' (44 bits) (C:\Users\Jing-XuanTan(i)\Downloads\evsoc-efinity-v2026.1.132\evsoc-efinity-v2026.1.132\cam_single\Ti60F225_dsi\source/isp/demosaic.sv:103) because size is too small (<=64)
[EFX-0657 WARNING] Mapping into logic memory block 'logic_progbufX_mem' (64 bits) (C:\Users\Jing-XuanTan(i)\Downloads\evsoc-efinity-v2026.1.132\evsoc-efinity-v2026.1.132\cam_single\Ti60F225_dsi\ip\SapphireSoc\SapphireSoc.v:12001) because size is too small (<=64)
[EFX-0657 WARNING] Mapping into logic memory block 'logic_ram' (64 bits) (C:\Users\Jing-XuanTan(i)\Downloads\evsoc-efinity-v2026.1.132\evsoc-efinity-v2026.1.132\cam_single\Ti60F225_dsi\ip\SapphireSoc\SapphireSoc.v:20390) because size is too small (<=64)
[EFX-0656 WARNING] Optimizing into logic zero initialized read-only memory block 'u_dma/u_EfxDMA/inputsAdapter_1_crossclock_fifo/ram__D$c1'. (C:\Users\Jing-XuanTan(i)\Downloads\evsoc-efinity-v2026.1.132\evsoc-efinity-v2026.1.132\cam_single\Ti60F225_dsi\ip\dma\dma.v:2839)
[EFX-0656 WARNING] Optimizing into logic zero initialized read-only memory block 'u_dma/u_EfxDMA/inputsAdapter_1_crossclock_fifo/ram__D$b12'. (C:\Users\Jing-XuanTan(i)\Downloads\evsoc-efinity-v2026.1.132\evsoc-efinity-v2026.1.132\cam_single\Ti60F225_dsi\ip\dma\dma.v:2839)
[EFX-0656 WARNING] Optimizing into logic zero initialized read-only memory block 'u_dma/u_EfxDMA/inputsAdapter_1_crossclock_fifo/ram__D$12'. (C:\Users\Jing-XuanTan(i)\Downloads\evsoc-efinity-v2026.1.132\evsoc-efinity-v2026.1.132\cam_single\Ti60F225_dsi\ip\dma\dma.v:2839)
[EFX-0656 WARNING] Optimizing into logic zero initialized read-only memory block 'u_dma/u_EfxDMA/inputsAdapter_1_crossclock_fifo/ram__D$2'. (C:\Users\Jing-XuanTan(i)\Downloads\evsoc-efinity-v2026.1.132\evsoc-efinity-v2026.1.132\cam_single\Ti60F225_dsi\ip\dma\dma.v:2839)

///////////////////////////////////
// Efinity Synthesis Started 
// Oct 08, 2026 18:47:02
///////////////////////////////////

[EFX-0011 VERI-WARNING] port 'probe23' remains unconnected for this instance (VERI-1927) (C:/Users/Jing-XuanTan(i)/Downloads/evsoc-efinity-v2026.1.132/evsoc-efinity-v2026.1.132/cam_single/Ti60F225_dsi/work_dbg/debug_top.v:202)
[EFX-0011 VERI-WARNING] input port 'probe23[0]' remains unconnected for this instance (VDB-1053) (C:/Users/Jing-XuanTan(i)/Downloads/evsoc-efinity-v2026.1.132/evsoc-efinity-v2026.1.132/cam_single/Ti60F225_dsi/work_dbg/debug_top.v:158)
[EFX-0200 WARNING] Removing redundant signal : compared_in[0]. (C:/Users/Jing-XuanTan(i)/Downloads/evsoc-efinity-v2026.1.132/evsoc-efinity-v2026.1.132/cam_single/Ti60F225_dsi/work_dbg/debug_top.v:5604)
[EFX-0200 WARNING] Removing redundant signal : mask_in[0]. (C:/Users/Jing-XuanTan(i)/Downloads/evsoc-efinity-v2026.1.132/evsoc-efinity-v2026.1.132/cam_single/Ti60F225_dsi/work_dbg/debug_top.v:5605)
[EFX-0200 WARNING] Removing redundant signal : trigger_in. (C:/Users/Jing-XuanTan(i)/Downloads/evsoc-efinity-v2026.1.132/evsoc-efinity-v2026.1.132/cam_single/Ti60F225_dsi/work_dbg/debug_top.v:5815)
[EFX-0200 WARNING] Removing redundant signal : clk. (C:/Users/Jing-XuanTan(i)/Downloads/evsoc-efinity-v2026.1.132/evsoc-efinity-v2026.1.132/cam_single/Ti60F225_dsi/work_dbg/debug_top.v:4638)
[EFX-0200 WARNING] Removing redundant signal : full. (C:/Users/Jing-XuanTan(i)/Downloads/evsoc-efinity-v2026.1.132/evsoc-efinity-v2026.1.132/cam_single/Ti60F225_dsi/work_dbg/debug_top.v:4692)
[EFX-0200 WARNING] Removing redundant signal : shift_i. (C:/Users/Jing-XuanTan(i)/Downloads/evsoc-efinity-v2026.1.132/evsoc-efinity-v2026.1.132/cam_single/Ti60F225_dsi/work_dbg/debug_top.v:4962)
[EFX-0200 WARNING] Removing redundant signal : trig_out. (C:/Users/Jing-XuanTan(i)/Downloads/evsoc-efinity-v2026.1.132/evsoc-efinity-v2026.1.132/cam_single/Ti60F225_dsi/work_dbg/debug_top.v:4979)
[EFX-0200 WARNING] Removing redundant signal : trig_out_ack. (C:/Users/Jing-XuanTan(i)/Downloads/evsoc-efinity-v2026.1.132/evsoc-efinity-v2026.1.132/cam_single/Ti60F225_dsi/work_dbg/debug_top.v:4980)
[EFX-0200 WARNING] Removing redundant signal : bscan_DRCK. (C:/Users/Jing-XuanTan(i)/Downloads/evsoc-efinity-v2026.1.132/evsoc-efinity-v2026.1.132/cam_single/Ti60F225_dsi/work_dbg/debug_top.v:1121)
[EFX-0200 WARNING] Removing redundant signal : bscan_RESET. (C:/Users/Jing-XuanTan(i)/Downloads/evsoc-efinity-v2026.1.132/evsoc-efinity-v2026.1.132/cam_single/Ti60F225_dsi/work_dbg/debug_top.v:1122)
[EFX-0200 WARNING] Removing redundant signal : bscan_RUNTEST. (C:/Users/Jing-XuanTan(i)/Downloads/evsoc-efinity-v2026.1.132/evsoc-efinity-v2026.1.132/cam_single/Ti60F225_dsi/work_dbg/debug_top.v:1123)
[EFX-0200 WARNING] Removing redundant signal : bscan_SEL. (C:/Users/Jing-XuanTan(i)/Downloads/evsoc-efinity-v2026.1.132/evsoc-efinity-v2026.1.132/cam_single/Ti60F225_dsi/work_dbg/debug_top.v:1124)
[EFX-0200 WARNING] Removing redundant signal : bscan_TMS. (C:/Users/Jing-XuanTan(i)/Downloads/evsoc-efinity-v2026.1.132/evsoc-efinity-v2026.1.132/cam_single/Ti60F225_dsi/work_dbg/debug_top.v:1128)
[EFX-0200 WARNING] Removing redundant signal : trig_in_ack. (C:/Users/Jing-XuanTan(i)/Downloads/evsoc-efinity-v2026.1.132/evsoc-efinity-v2026.1.132/cam_single/Ti60F225_dsi/work_dbg/debug_top.v:1140)
[EFX-0200 WARNING] Removing redundant signal : mux_capture_cmp[22:0]. (C:/Users/Jing-XuanTan(i)/Downloads/evsoc-efinity-v2026.1.132/evsoc-efinity-v2026.1.132/cam_single/Ti60F225_dsi/work_dbg/debug_top.v:3559)
[EFX-0200 WARNING] Removing redundant signal : bscan_CAPTURE. (C:/Users/Jing-XuanTan(i)/Downloads/evsoc-efinity-v2026.1.132/evsoc-efinity-v2026.1.132/cam_single/Ti60F225_dsi/work_dbg/debug_top.v:360)
[EFX-0200 WARNING] Removing redundant signal : bscan_DRCK. (C:/Users/Jing-XuanTan(i)/Downloads/evsoc-efinity-v2026.1.132/evsoc-efinity-v2026.1.132/cam_single/Ti60F225_dsi/work_dbg/debug_top.v:361)
[EFX-0200 WARNING] Removing redundant signal : bscan_RUNTEST. (C:/Users/Jing-XuanTan(i)/Downloads/evsoc-efinity-v2026.1.132/evsoc-efinity-v2026.1.132/cam_single/Ti60F225_dsi/work_dbg/debug_top.v:363)
[EFX-0200 WARNING] Removing redundant signal : bscan_TMS. (C:/Users/Jing-XuanTan(i)/Downloads/evsoc-efinity-v2026.1.132/evsoc-efinity-v2026.1.132/cam_single/Ti60F225_dsi/work_dbg/debug_top.v:368)
[EFX-0201 WARNING] Re-wiring to GND non-driven net/port 'probe23[0]' in module 'edb_la_top_fa057f12fb634a4c9838ea033b743904_renamed_due_excessive_length_1'. (C:/Users/Jing-XuanTan(i)/Downloads/evsoc-efinity-v2026.1.132/evsoc-efinity-v2026.1.132/cam_single/Ti60F225_dsi/work_dbg/debug_top.v:158)
[EFX-0201 WARNING] Re-wiring to GND non-driven net/port 'probe24[0]' in module 'edb_la_top_fa057f12fb634a4c9838ea033b743904_renamed_due_excessive_length_1'. (C:/Users/Jing-XuanTan(i)/Downloads/evsoc-efinity-v2026.1.132/evsoc-efinity-v2026.1.132/cam_single/Ti60F225_dsi/work_dbg/debug_top.v:158)
[EFX-0201 WARNING] Re-wiring to GND non-driven net/port 'probe25[0]' in module 'edb_la_top_fa057f12fb634a4c9838ea033b743904_renamed_due_excessive_length_1'. (C:/Users/Jing-XuanTan(i)/Downloads/evsoc-efinity-v2026.1.132/evsoc-efinity-v2026.1.132/cam_single/Ti60F225_dsi/work_dbg/debug_top.v:158)
[EFX-0201 WARNING] Re-wiring to GND non-driven net/port 'probe26[0]' in module 'edb_la_top_fa057f12fb634a4c9838ea033b743904_renamed_due_excessive_length_1'. (C:/Users/Jing-XuanTan(i)/Downloads/evsoc-efinity-v2026.1.132/evsoc-efinity-v2026.1.132/cam_single/Ti60F225_dsi/work_dbg/debug_top.v:158)
[EFX-0201 WARNING] Re-wiring to GND non-driven net/port 'probe27[0]' in module 'edb_la_top_fa057f12fb634a4c9838ea033b743904_renamed_due_excessive_length_1'. (C:/Users/Jing-XuanTan(i)/Downloads/evsoc-efinity-v2026.1.132/evsoc-efinity-v2026.1.132/cam_single/Ti60F225_dsi/work_dbg/debug_top.v:158)
[EFX-0201 WARNING] Re-wiring to GND non-driven net/port 'probe28[0]' in module 'edb_la_top_fa057f12fb634a4c9838ea033b743904_renamed_due_excessive_length_1'. (C:/Users/Jing-XuanTan(i)/Downloads/evsoc-efinity-v2026.1.132/evsoc-efinity-v2026.1.132/cam_single/Ti60F225_dsi/work_dbg/debug_top.v:158)
[EFX-0201 WARNING] Re-wiring to GND non-driven net/port 'probe29[0]' in module 'edb_la_top_fa057f12fb634a4c9838ea033b743904_renamed_due_excessive_length_1'. (C:/Users/Jing-XuanTan(i)/Downloads/evsoc-efinity-v2026.1.132/evsoc-efinity-v2026.1.132/cam_single/Ti60F225_dsi/work_dbg/debug_top.v:158)
[EFX-0201 WARNING] Re-wiring to GND non-driven net/port 'probe30[0]' in module 'edb_la_top_fa057f12fb634a4c9838ea033b743904_renamed_due_excessive_length_1'. (C:/Users/Jing-XuanTan(i)/Downloads/evsoc-efinity-v2026.1.132/evsoc-efinity-v2026.1.132/cam_single/Ti60F225_dsi/work_dbg/debug_top.v:158)
[EFX-0201 WARNING] Re-wiring to GND non-driven net/port 'probe31[0]' in module 'edb_la_top_fa057f12fb634a4c9838ea033b743904_renamed_due_excessive_length_1'. (C:/Users/Jing-XuanTan(i)/Downloads/evsoc-efinity-v2026.1.132/evsoc-efinity-v2026.1.132/cam_single/Ti60F225_dsi/work_dbg/debug_top.v:158)
[EFX-0201 WARNING] Re-wiring to GND non-driven net/port 'probe32[0]' in module 'edb_la_top_fa057f12fb634a4c9838ea033b743904_renamed_due_excessive_length_1'. (C:/Users/Jing-XuanTan(i)/Downloads/evsoc-efinity-v2026.1.132/evsoc-efinity-v2026.1.132/cam_single/Ti60F225_dsi/work_dbg/debug_top.v:158)
[EFX-0011 VERI-WARNING] Input/inout port bscan_DRCK is unconnected. Place and route may remove this unconnected port. (VDB-8003) (C:/Users/Jing-XuanTan(i)/Downloads/evsoc-efinity-v2026.1.132/evsoc-efinity-v2026.1.132/cam_single/Ti60F225_dsi/work_dbg/debug_top.v:17)
[EFX-0011 VERI-WARNING] Input/inout port bscan_RUNTEST is unconnected. Place and route may remove this unconnected port. (VDB-8003) (C:/Users/Jing-XuanTan(i)/Downloads/evsoc-efinity-v2026.1.132/evsoc-efinity-v2026.1.132/cam_single/Ti60F225_dsi/work_dbg/debug_top.v:19)
[EFX-0011 VERI-WARNING] Input/inout port bscan_TMS is unconnected. Place and route may remove this unconnected port. (VDB-8003) (C:/Users/Jing-XuanTan(i)/Downloads/evsoc-efinity-v2026.1.132/evsoc-efinity-v2026.1.132/cam_single/Ti60F225_dsi/work_dbg/debug_top.v:24)
[EFX-0011 VERI-WARNING] Found 3 warnings in the post-synthesis netlist. 

///////////////////////////////////
// Efinity Synthesis Started 
// Oct 08, 2026 18:47:18
///////////////////////////////////

[EFX-0200 WARNING] Removing redundant signal : Rx_HS_D_2[7:0]. (C:\Users\Jing-XuanTan(i)\Downloads\evsoc-efinity-v2026.1.132\evsoc-efinity-v2026.1.132\cam_single\Ti60F225_dsi\ip\csi2_rx_cam\csi2_rx_cam.sv:6307)
[EFX-0200 WARNING] Removing redundant signal : Rx_HS_D_3[7:0]. (C:\Users\Jing-XuanTan(i)\Downloads\evsoc-efinity-v2026.1.132\evsoc-efinity-v2026.1.132\cam_single\Ti60F225_dsi\ip\csi2_rx_cam\csi2_rx_cam.sv:6307)
[EFX-0200 WARNING] Removing redundant signal : Rx_HS_D_4[7:0]. (C:\Users\Jing-XuanTan(i)\Downloads\evsoc-efinity-v2026.1.132\evsoc-efinity-v2026.1.132\cam_single\Ti60F225_dsi\ip\csi2_rx_cam\csi2_rx_cam.sv:6307)
[EFX-0200 WARNING] Removing redundant signal : Rx_HS_D_5[7:0]. (C:\Users\Jing-XuanTan(i)\Downloads\evsoc-efinity-v2026.1.132\evsoc-efinity-v2026.1.132\cam_single\Ti60F225_dsi\ip\csi2_rx_cam\csi2_rx_cam.sv:6307)
[EFX-0200 WARNING] Removing redundant signal : Rx_HS_D_6[7:0]. (C:\Users\Jing-XuanTan(i)\Downloads\evsoc-efinity-v2026.1.132\evsoc-efinity-v2026.1.132\cam_single\Ti60F225_dsi\ip\csi2_rx_cam\csi2_rx_cam.sv:6307)
[EFX-0200 WARNING] Removing redundant signal : Rx_HS_D_7[7:0]. (C:\Users\Jing-XuanTan(i)\Downloads\evsoc-efinity-v2026.1.132\evsoc-efinity-v2026.1.132\cam_single\Ti60F225_dsi\ip\csi2_rx_cam\csi2_rx_cam.sv:6307)
[EFX-0200 WARNING] Removing redundant signal : u_dly_enable_D[1:0]. (C:\Users\Jing-XuanTan(i)\Downloads\evsoc-efinity-v2026.1.132\evsoc-efinity-v2026.1.132\cam_single\Ti60F225_dsi\ip\csi2_rx_cam\csi2_rx_cam.sv:6307)
[EFX-0200 WARNING] Removing redundant signal : u_dly_inc_D[1:0]. (C:\Users\Jing-XuanTan(i)\Downloads\evsoc-efinity-v2026.1.132\evsoc-efinity-v2026.1.132\cam_single\Ti60F225_dsi\ip\csi2_rx_cam\csi2_rx_cam.sv:6307)
[EFX-0200 WARNING] Removing redundant signal : axi_awaddr[1:0]. (C:\Users\Jing-XuanTan(i)\Downloads\evsoc-efinity-v2026.1.132\evsoc-efinity-v2026.1.132\cam_single\Ti60F225_dsi\ip\csi2_rx_cam\csi2_rx_cam.sv:5564)
[EFX-0200 WARNING] Removing redundant signal : axi_araddr[1:0]. (C:\Users\Jing-XuanTan(i)\Downloads\evsoc-efinity-v2026.1.132\evsoc-efinity-v2026.1.132\cam_single\Ti60F225_dsi\ip\csi2_rx_cam\csi2_rx_cam.sv:5564)
[EFX-0200 WARNING] Removing redundant signal : loc_rdata[31:0]. (C:\Users\Jing-XuanTan(i)\Downloads\evsoc-efinity-v2026.1.132\evsoc-efinity-v2026.1.132\cam_single\Ti60F225_dsi\ip\csi2_rx_cam\csi2_rx_cam.sv:5564)
[EFX-0200 WARNING] Removing redundant signal : nextCRC16_D16[15:0]. (C:\Users\Jing-XuanTan(i)\Downloads\evsoc-efinity-v2026.1.132\evsoc-efinity-v2026.1.132\cam_single\Ti60F225_dsi\ip\csi2_rx_cam\csi2_rx_cam.sv:1466)
[EFX-0200 WARNING] Removing redundant signal : nextCRC16_D16.Data[15:0]. (C:\Users\Jing-XuanTan(i)\Downloads\evsoc-efinity-v2026.1.132\evsoc-efinity-v2026.1.132\cam_single\Ti60F225_dsi\ip\csi2_rx_cam\csi2_rx_cam.sv:1466)
[EFX-0200 WARNING] Removing redundant signal : nextCRC16_D16.fcrc[15:0]. (C:\Users\Jing-XuanTan(i)\Downloads\evsoc-efinity-v2026.1.132\evsoc-efinity-v2026.1.132\cam_single\Ti60F225_dsi\ip\csi2_rx_cam\csi2_rx_cam.sv:1466)
[EFX-0200 WARNING] Removing redundant signal : nextCRC16_D16.d[15:0]. (C:\Users\Jing-XuanTan(i)\Downloads\evsoc-efinity-v2026.1.132\evsoc-efinity-v2026.1.132\cam_single\Ti60F225_dsi\ip\csi2_rx_cam\csi2_rx_cam.sv:1466)
[EFX-0200 WARNING] Removing redundant signal : nextCRC16_D16.c[15:0]. (C:\Users\Jing-XuanTan(i)\Downloads\evsoc-efinity-v2026.1.132\evsoc-efinity-v2026.1.132\cam_single\Ti60F225_dsi\ip\csi2_rx_cam\csi2_rx_cam.sv:1466)
[EFX-0200 WARNING] Removing redundant signal : nextCRC16_D16.newcrc[15:0]. (C:\Users\Jing-XuanTan(i)\Downloads\evsoc-efinity-v2026.1.132\evsoc-efinity-v2026.1.132\cam_single\Ti60F225_dsi\ip\csi2_rx_cam\csi2_rx_cam.sv:1466)
[EFX-0200 WARNING] Removing redundant signal : nextCRC16_D8[15:0]. (C:\Users\Jing-XuanTan(i)\Downloads\evsoc-efinity-v2026.1.132\evsoc-efinity-v2026.1.132\cam_single\Ti60F225_dsi\ip\csi2_rx_cam\csi2_rx_cam.sv:1466)
[EFX-0200 WARNING] Removing redundant signal : nextCRC16_D8.Data[7:0]. (C:\Users\Jing-XuanTan(i)\Downloads\evsoc-efinity-v2026.1.132\evsoc-efinity-v2026.1.132\cam_single\Ti60F225_dsi\ip\csi2_rx_cam\csi2_rx_cam.sv:1466)
[EFX-0200 WARNING] Removing redundant signal : nextCRC16_D8.fcrc[15:0]. (C:\Users\Jing-XuanTan(i)\Downloads\evsoc-efinity-v2026.1.132\evsoc-efinity-v2026.1.132\cam_single\Ti60F225_dsi\ip\csi2_rx_cam\csi2_rx_cam.sv:1466)
[EFX-0201 WARNING] Re-wiring to GND non-driven net/port 'a_wr_rst_i' in module 'efx_fifo_top_077823fa68f649b1a7074c944568f3e4(FAMILY="TITANIUM",SYNC_CLK=1,DATA_WIDTH=40,PIPELINE_REG=0,OUTPUT_REG=1,PROGRAMMABLE_FULL="NONE",PROG_FULL_ASSERT=510,PROG_FULL_NEGATE=510,PROGRAMMABLE_EMPTY="NONE",PROG_EMPTY_ASSERT=2,PROG_EMPTY_NEGATE=3)'. (C:\Users\Jing-XuanTan(i)\Downloads\evsoc-efinity-v2026.1.132\evsoc-efinity-v2026.1.132\cam_single\Ti60F225_dsi\ip\cam_pixel_remap_fifo\cam_pixel_remap_fifo.sv:92)
[EFX-0201 WARNING] Re-wiring to GND non-driven net/port 'a_rd_rst_i' in module 'efx_fifo_top_077823fa68f649b1a7074c944568f3e4(FAMILY="TITANIUM",SYNC_CLK=1,DATA_WIDTH=40,PIPELINE_REG=0,OUTPUT_REG=1,PROGRAMMABLE_FULL="NONE",PROG_FULL_ASSERT=510,PROG_FULL_NEGATE=510,PROGRAMMABLE_EMPTY="NONE",PROG_EMPTY_ASSERT=2,PROG_EMPTY_NEGATE=3)'. (C:\Users\Jing-XuanTan(i)\Downloads\evsoc-efinity-v2026.1.132\evsoc-efinity-v2026.1.132\cam_single\Ti60F225_dsi\ip\cam_pixel_remap_fifo\cam_pixel_remap_fifo.sv:92)
[EFX-0201 WARNING] Re-wiring to GND non-driven net/port 'wr_clk_i' in module 'efx_fifo_top_077823fa68f649b1a7074c944568f3e4(FAMILY="TITANIUM",SYNC_CLK=1,DATA_WIDTH=40,PIPELINE_REG=0,OUTPUT_REG=1,PROGRAMMABLE_FULL="NONE",PROG_FULL_ASSERT=510,PROG_FULL_NEGATE=510,PROGRAMMABLE_EMPTY="NONE",PROG_EMPTY_ASSERT=2,PROG_EMPTY_NEGATE=3)'. (C:\Users\Jing-XuanTan(i)\Downloads\evsoc-efinity-v2026.1.132\evsoc-efinity-v2026.1.132\cam_single\Ti60F225_dsi\ip\cam_pixel_remap_fifo\cam_pixel_remap_fifo.sv:92)
[EFX-0201 WARNING] Re-wiring to GND non-driven net/port 'rd_clk_i' in module 'efx_fifo_top_077823fa68f649b1a7074c944568f3e4(FAMILY="TITANIUM",SYNC_CLK=1,DATA_WIDTH=40,PIPELINE_REG=0,OUTPUT_REG=1,PROGRAMMABLE_FULL="NONE",PROG_FULL_ASSERT=510,PROG_FULL_NEGATE=510,PROGRAMMABLE_EMPTY="NONE",PROG_EMPTY_ASSERT=2,PROG_EMPTY_NEGATE=3)'. (C:\Users\Jing-XuanTan(i)\Downloads\evsoc-efinity-v2026.1.132\evsoc-efinity-v2026.1.132\cam_single\Ti60F225_dsi\ip\cam_pixel_remap_fifo\cam_pixel_remap_fifo.sv:92)
[EFX-0201 WARNING] Re-wiring to GND non-driven net/port 'r_registers[12][31]' in module 'axi_lite_register(S_AXI_WSTRB_WIDTH=4)'. (C:\Users\Jing-XuanTan(i)\Downloads\evsoc-efinity-v2026.1.132\evsoc-efinity-v2026.1.132\cam_single\Ti60F225_dsi\source/isp/axi_lite_register.sv:99)
[EFX-0201 WARNING] Re-wiring to GND non-driven net/port 'r_registers[12][30]' in module 'axi_lite_register(S_AXI_WSTRB_WIDTH=4)'. (C:\Users\Jing-XuanTan(i)\Downloads\evsoc-efinity-v2026.1.132\evsoc-efinity-v2026.1.132\cam_single\Ti60F225_dsi\source/isp/axi_lite_register.sv:99)
[EFX-0201 WARNING] Re-wiring to GND non-driven net/port 'r_registers[12][29]' in module 'axi_lite_register(S_AXI_WSTRB_WIDTH=4)'. (C:\Users\Jing-XuanTan(i)\Downloads\evsoc-efinity-v2026.1.132\evsoc-efinity-v2026.1.132\cam_single\Ti60F225_dsi\source/isp/axi_lite_register.sv:99)
[EFX-0201 WARNING] Re-wiring to GND non-driven net/port 'r_registers[12][28]' in module 'axi_lite_register(S_AXI_WSTRB_WIDTH=4)'. (C:\Users\Jing-XuanTan(i)\Downloads\evsoc-efinity-v2026.1.132\evsoc-efinity-v2026.1.132\cam_single\Ti60F225_dsi\source/isp/axi_lite_register.sv:99)
[EFX-0201 WARNING] Re-wiring to GND non-driven net/port 'r_registers[12][27]' in module 'axi_lite_register(S_AXI_WSTRB_WIDTH=4)'. (C:\Users\Jing-XuanTan(i)\Downloads\evsoc-efinity-v2026.1.132\evsoc-efinity-v2026.1.132\cam_single\Ti60F225_dsi\source/isp/axi_lite_register.sv:99)
[EFX-0201 WARNING] Re-wiring to GND non-driven net/port 'r_registers[12][26]' in module 'axi_lite_register(S_AXI_WSTRB_WIDTH=4)'. (C:\Users\Jing-XuanTan(i)\Downloads\evsoc-efinity-v2026.1.132\evsoc-efinity-v2026.1.132\cam_single\Ti60F225_dsi\source/isp/axi_lite_register.sv:99)
[EFX-0657 WARNING] Mapping into logic memory block 'pipe_0_center' (28 bits) (C:\Users\Jing-XuanTan(i)\Downloads\evsoc-efinity-v2026.1.132\evsoc-efinity-v2026.1.132\cam_single\Ti60F225_dsi\source/isp/demosaic.sv:68) because size is too small (<=64)
[EFX-0657 WARNING] Mapping into logic memory block 'pipe_0_outer_horizontal' (28 bits) (C:\Users\Jing-XuanTan(i)\Downloads\evsoc-efinity-v2026.1.132\evsoc-efinity-v2026.1.132\cam_single\Ti60F225_dsi\source/isp/demosaic.sv:69) because size is too small (<=64)
[EFX-0657 WARNING] Mapping into logic memory block 'pipe_0_outer_vertical' (28 bits) (C:\Users\Jing-XuanTan(i)\Downloads\evsoc-efinity-v2026.1.132\evsoc-efinity-v2026.1.132\cam_single\Ti60F225_dsi\source/isp/demosaic.sv:70) because size is too small (<=64)
[EFX-0657 WARNING] Mapping into logic memory block 'pipe_0_inner_horizontal' (28 bits) (C:\Users\Jing-XuanTan(i)\Downloads\evsoc-efinity-v2026.1.132\evsoc-efinity-v2026.1.132\cam_single\Ti60F225_dsi\source/isp/demosaic.sv:71) because size is too small (<=64)
[EFX-0657 WARNING] Mapping into logic memory block 'pipe_0_inner_vertical' (28 bits) (C:\Users\Jing-XuanTan(i)\Downloads\evsoc-efinity-v2026.1.132\evsoc-efinity-v2026.1.132\cam_single\Ti60F225_dsi\source/isp/demosaic.sv:72) because size is too small (<=64)
[EFX-0657 WARNING] Mapping into logic memory block 'pipe_0_inner_top' (28 bits) (C:\Users\Jing-XuanTan(i)\Downloads\evsoc-efinity-v2026.1.132\evsoc-efinity-v2026.1.132\cam_single\Ti60F225_dsi\source/isp/demosaic.sv:73) because size is too small (<=64)
[EFX-0657 WARNING] Mapping into logic memory block 'pipe_0_inner_bottom' (28 bits) (C:\Users\Jing-XuanTan(i)\Downloads\evsoc-efinity-v2026.1.132\evsoc-efinity-v2026.1.132\cam_single\Ti60F225_dsi\source/isp/demosaic.sv:74) because size is too small (<=64)
[EFX-0657 WARNING] Mapping into logic memory block 'pipe_1_center' (36 bits) (C:\Users\Jing-XuanTan(i)\Downloads\evsoc-efinity-v2026.1.132\evsoc-efinity-v2026.1.132\cam_single\Ti60F225_dsi\source/isp/demosaic.sv:80) because size is too small (<=64)
[EFX-0657 WARNING] Mapping into logic memory block 'pipe_1_center_x5' (36 bits) (C:\Users\Jing-XuanTan(i)\Downloads\evsoc-efinity-v2026.1.132\evsoc-efinity-v2026.1.132\cam_single\Ti60F225_dsi\source/isp/demosaic.sv:81) because size is too small (<=64)
[EFX-0657 WARNING] Mapping into logic memory block 'pipe_1_center_x6' (36 bits) (C:\Users\Jing-XuanTan(i)\Downloads\evsoc-efinity-v2026.1.132\evsoc-efinity-v2026.1.132\cam_single\Ti60F225_dsi\source/isp/demosaic.sv:82) because size is too small (<=64)
[EFX-0657 WARNING] Mapping into logic memory block 'pipe_1_outer_horizontal' (36 bits) (C:\Users\Jing-XuanTan(i)\Downloads\evsoc-efinity-v2026.1.132\evsoc-efinity-v2026.1.132\cam_single\Ti60F225_dsi\source/isp/demosaic.sv:83) because size is too small (<=64)
[EFX-0657 WARNING] Mapping into logic memory block 'pipe_1_outer_vertical' (36 bits) (C:\Users\Jing-XuanTan(i)\Downloads\evsoc-efinity-v2026.1.132\evsoc-efinity-v2026.1.132\cam_single\Ti60F225_dsi\source/isp/demosaic.sv:84) because size is too small (<=64)
[EFX-0657 WARNING] Mapping into logic memory block 'pipe_1_outer_cross' (36 bits) (C:\Users\Jing-XuanTan(i)\Downloads\evsoc-efinity-v2026.1.132\evsoc-efinity-v2026.1.132\cam_single\Ti60F225_dsi\source/isp/demosaic.sv:85) because size is too small (<=64)
[EFX-0657 WARNING] Mapping into logic memory block 'pipe_1_inner_h_outer_v_x2' (36 bits) (C:\Users\Jing-XuanTan(i)\Downloads\evsoc-efinity-v2026.1.132\evsoc-efinity-v2026.1.132\cam_single\Ti60F225_dsi\source/isp/demosaic.sv:86) because size is too small (<=64)
[EFX-0657 WARNING] Mapping into logic memory block 'pipe_1_inner_v_outer_h_x2' (36 bits) (C:\Users\Jing-XuanTan(i)\Downloads\evsoc-efinity-v2026.1.132\evsoc-efinity-v2026.1.132\cam_single\Ti60F225_dsi\source/isp/demosaic.sv:87) because size is too small (<=64)
[EFX-0657 WARNING] Mapping into logic memory block 'pipe_1_inner_corner' (36 bits) (C:\Users\Jing-XuanTan(i)\Downloads\evsoc-efinity-v2026.1.132\evsoc-efinity-v2026.1.132\cam_single\Ti60F225_dsi\source/isp/demosaic.sv:88) because size is too small (<=64)
[EFX-0657 WARNING] Mapping into logic memory block 'pipe_1_inner_cross' (36 bits) (C:\Users\Jing-XuanTan(i)\Downloads\evsoc-efinity-v2026.1.132\evsoc-efinity-v2026.1.132\cam_single\Ti60F225_dsi\source/isp/demosaic.sv:89) because size is too small (<=64)
[EFX-0657 WARNING] Mapping into logic memory block 'pipe_2_center' (44 bits) (C:\Users\Jing-XuanTan(i)\Downloads\evsoc-efinity-v2026.1.132\evsoc-efinity-v2026.1.132\cam_single\Ti60F225_dsi\source/isp/demosaic.sv:95) because size is too small (<=64)
[EFX-0657 WARNING] Mapping into logic memory block 'pipe_2_center_cross_x2' (44 bits) (C:\Users\Jing-XuanTan(i)\Downloads\evsoc-efinity-v2026.1.132\evsoc-efinity-v2026.1.132\cam_single\Ti60F225_dsi\source/isp/demosaic.sv:96) because size is too small (<=64)
[EFX-0657 WARNING] Mapping into logic memory block 'pipe_2_outer_cross_x2' (44 bits) (C:\Users\Jing-XuanTan(i)\Downloads\evsoc-efinity-v2026.1.132\evsoc-efinity-v2026.1.132\cam_single\Ti60F225_dsi\source/isp/demosaic.sv:97) because size is too small (<=64)
[EFX-0657 WARNING] Mapping into logic memory block 'pipe_2_outer_cross_x3' (44 bits) (C:\Users\Jing-XuanTan(i)\Downloads\evsoc-efinity-v2026.1.132\evsoc-efinity-v2026.1.132\cam_single\Ti60F225_dsi\source/isp/demosaic.sv:98) because size is too small (<=64)
[EFX-0657 WARNING] Mapping into logic memory block 'pipe_2_inner_c_outer_h_x2' (44 bits) (C:\Users\Jing-XuanTan(i)\Downloads\evsoc-efinity-v2026.1.132\evsoc-efinity-v2026.1.132\cam_single\Ti60F225_dsi\source/isp/demosaic.sv:99) because size is too small (<=64)
[EFX-0657 WARNING] Mapping into logic memory block 'pipe_2_inner_c_outer_v_x2' (44 bits) (C:\Users\Jing-XuanTan(i)\Downloads\evsoc-efinity-v2026.1.132\evsoc-efinity-v2026.1.132\cam_single\Ti60F225_dsi\source/isp/demosaic.sv:100) because size is too small (<=64)
[EFX-0657 WARNING] Mapping into logic memory block 'pipe_2_rb_at_g1_x2' (44 bits) (C:\Users\Jing-XuanTan(i)\Downloads\evsoc-efinity-v2026.1.132\evsoc-efinity-v2026.1.132\cam_single\Ti60F225_dsi\source/isp/demosaic.sv:101) because size is too small (<=64)
[EFX-0657 WARNING] Mapping into logic memory block 'pipe_2_rb_at_g2_x2' (44 bits) (C:\Users\Jing-XuanTan(i)\Downloads\evsoc-efinity-v2026.1.132\evsoc-efinity-v2026.1.132\cam_single\Ti60F225_dsi\source/isp/demosaic.sv:102) because size is too small (<=64)
[EFX-0657 WARNING] Mapping into logic memory block 'pipe_2_rb_at_rb_x2' (44 bits) (C:\Users\Jing-XuanTan(i)\Downloads\evsoc-efinity-v2026.1.132\evsoc-efinity-v2026.1.132\cam_single\Ti60F225_dsi\source/isp/demosaic.sv:103) because size is too small (<=64)
[EFX-0657 WARNING] Mapping into logic memory block 'logic_progbufX_mem' (64 bits) (C:\Users\Jing-XuanTan(i)\Downloads\evsoc-efinity-v2026.1.132\evsoc-efinity-v2026.1.132\cam_single\Ti60F225_dsi\ip\SapphireSoc\SapphireSoc.v:12001) because size is too small (<=64)
[EFX-0657 WARNING] Mapping into logic memory block 'logic_ram' (64 bits) (C:\Users\Jing-XuanTan(i)\Downloads\evsoc-efinity-v2026.1.132\evsoc-efinity-v2026.1.132\cam_single\Ti60F225_dsi\ip\SapphireSoc\SapphireSoc.v:20390) because size is too small (<=64)
[EFX-0657 WARNING] Mapping into logic memory block 'u_hw_accel_apb3/slaveReg' (96 bits) (C:\Users\Jing-XuanTan(i)\Downloads\evsoc-efinity-v2026.1.132\evsoc-efinity-v2026.1.132\cam_single\Ti60F225_dsi\source\hw_accel\hw_accel_apb3.v:37) because it has all constant reader/writer.

///////////////////////////////////
// Efinity Synthesis Started 
// Oct 08, 2026 18:54:11
///////////////////////////////////

[EFX-0011 VERI-WARNING] port 'probe23' remains unconnected for this instance (VERI-1927) (C:/Users/Jing-XuanTan(i)/Downloads/evsoc-efinity-v2026.1.132/evsoc-efinity-v2026.1.132/cam_single/Ti60F225_dsi/work_dbg/debug_top.v:202)
[EFX-0011 VERI-WARNING] input port 'probe23[0]' remains unconnected for this instance (VDB-1053) (C:/Users/Jing-XuanTan(i)/Downloads/evsoc-efinity-v2026.1.132/evsoc-efinity-v2026.1.132/cam_single/Ti60F225_dsi/work_dbg/debug_top.v:158)
[EFX-0200 WARNING] Removing redundant signal : compared_in[0]. (C:/Users/Jing-XuanTan(i)/Downloads/evsoc-efinity-v2026.1.132/evsoc-efinity-v2026.1.132/cam_single/Ti60F225_dsi/work_dbg/debug_top.v:5604)
[EFX-0200 WARNING] Removing redundant signal : mask_in[0]. (C:/Users/Jing-XuanTan(i)/Downloads/evsoc-efinity-v2026.1.132/evsoc-efinity-v2026.1.132/cam_single/Ti60F225_dsi/work_dbg/debug_top.v:5605)
[EFX-0200 WARNING] Removing redundant signal : trigger_in. (C:/Users/Jing-XuanTan(i)/Downloads/evsoc-efinity-v2026.1.132/evsoc-efinity-v2026.1.132/cam_single/Ti60F225_dsi/work_dbg/debug_top.v:5815)
[EFX-0200 WARNING] Removing redundant signal : clk. (C:/Users/Jing-XuanTan(i)/Downloads/evsoc-efinity-v2026.1.132/evsoc-efinity-v2026.1.132/cam_single/Ti60F225_dsi/work_dbg/debug_top.v:4638)
[EFX-0200 WARNING] Removing redundant signal : full. (C:/Users/Jing-XuanTan(i)/Downloads/evsoc-efinity-v2026.1.132/evsoc-efinity-v2026.1.132/cam_single/Ti60F225_dsi/work_dbg/debug_top.v:4692)
[EFX-0200 WARNING] Removing redundant signal : shift_i. (C:/Users/Jing-XuanTan(i)/Downloads/evsoc-efinity-v2026.1.132/evsoc-efinity-v2026.1.132/cam_single/Ti60F225_dsi/work_dbg/debug_top.v:4962)
[EFX-0200 WARNING] Removing redundant signal : trig_out. (C:/Users/Jing-XuanTan(i)/Downloads/evsoc-efinity-v2026.1.132/evsoc-efinity-v2026.1.132/cam_single/Ti60F225_dsi/work_dbg/debug_top.v:4979)
[EFX-0200 WARNING] Removing redundant signal : trig_out_ack. (C:/Users/Jing-XuanTan(i)/Downloads/evsoc-efinity-v2026.1.132/evsoc-efinity-v2026.1.132/cam_single/Ti60F225_dsi/work_dbg/debug_top.v:4980)
[EFX-0200 WARNING] Removing redundant signal : bscan_DRCK. (C:/Users/Jing-XuanTan(i)/Downloads/evsoc-efinity-v2026.1.132/evsoc-efinity-v2026.1.132/cam_single/Ti60F225_dsi/work_dbg/debug_top.v:1121)
[EFX-0200 WARNING] Removing redundant signal : bscan_RESET. (C:/Users/Jing-XuanTan(i)/Downloads/evsoc-efinity-v2026.1.132/evsoc-efinity-v2026.1.132/cam_single/Ti60F225_dsi/work_dbg/debug_top.v:1122)
[EFX-0200 WARNING] Removing redundant signal : bscan_RUNTEST. (C:/Users/Jing-XuanTan(i)/Downloads/evsoc-efinity-v2026.1.132/evsoc-efinity-v2026.1.132/cam_single/Ti60F225_dsi/work_dbg/debug_top.v:1123)
[EFX-0200 WARNING] Removing redundant signal : bscan_SEL. (C:/Users/Jing-XuanTan(i)/Downloads/evsoc-efinity-v2026.1.132/evsoc-efinity-v2026.1.132/cam_single/Ti60F225_dsi/work_dbg/debug_top.v:1124)
[EFX-0200 WARNING] Removing redundant signal : bscan_TMS. (C:/Users/Jing-XuanTan(i)/Downloads/evsoc-efinity-v2026.1.132/evsoc-efinity-v2026.1.132/cam_single/Ti60F225_dsi/work_dbg/debug_top.v:1128)
[EFX-0200 WARNING] Removing redundant signal : trig_in_ack. (C:/Users/Jing-XuanTan(i)/Downloads/evsoc-efinity-v2026.1.132/evsoc-efinity-v2026.1.132/cam_single/Ti60F225_dsi/work_dbg/debug_top.v:1140)
[EFX-0200 WARNING] Removing redundant signal : mux_capture_cmp[22:0]. (C:/Users/Jing-XuanTan(i)/Downloads/evsoc-efinity-v2026.1.132/evsoc-efinity-v2026.1.132/cam_single/Ti60F225_dsi/work_dbg/debug_top.v:3559)
[EFX-0200 WARNING] Removing redundant signal : bscan_CAPTURE. (C:/Users/Jing-XuanTan(i)/Downloads/evsoc-efinity-v2026.1.132/evsoc-efinity-v2026.1.132/cam_single/Ti60F225_dsi/work_dbg/debug_top.v:360)
[EFX-0200 WARNING] Removing redundant signal : bscan_DRCK. (C:/Users/Jing-XuanTan(i)/Downloads/evsoc-efinity-v2026.1.132/evsoc-efinity-v2026.1.132/cam_single/Ti60F225_dsi/work_dbg/debug_top.v:361)
[EFX-0200 WARNING] Removing redundant signal : bscan_RUNTEST. (C:/Users/Jing-XuanTan(i)/Downloads/evsoc-efinity-v2026.1.132/evsoc-efinity-v2026.1.132/cam_single/Ti60F225_dsi/work_dbg/debug_top.v:363)
[EFX-0200 WARNING] Removing redundant signal : bscan_TMS. (C:/Users/Jing-XuanTan(i)/Downloads/evsoc-efinity-v2026.1.132/evsoc-efinity-v2026.1.132/cam_single/Ti60F225_dsi/work_dbg/debug_top.v:368)
[EFX-0201 WARNING] Re-wiring to GND non-driven net/port 'probe23[0]' in module 'edb_la_top_fa057f12fb634a4c9838ea033b743904_renamed_due_excessive_length_1'. (C:/Users/Jing-XuanTan(i)/Downloads/evsoc-efinity-v2026.1.132/evsoc-efinity-v2026.1.132/cam_single/Ti60F225_dsi/work_dbg/debug_top.v:158)
[EFX-0201 WARNING] Re-wiring to GND non-driven net/port 'probe24[0]' in module 'edb_la_top_fa057f12fb634a4c9838ea033b743904_renamed_due_excessive_length_1'. (C:/Users/Jing-XuanTan(i)/Downloads/evsoc-efinity-v2026.1.132/evsoc-efinity-v2026.1.132/cam_single/Ti60F225_dsi/work_dbg/debug_top.v:158)
[EFX-0201 WARNING] Re-wiring to GND non-driven net/port 'probe25[0]' in module 'edb_la_top_fa057f12fb634a4c9838ea033b743904_renamed_due_excessive_length_1'. (C:/Users/Jing-XuanTan(i)/Downloads/evsoc-efinity-v2026.1.132/evsoc-efinity-v2026.1.132/cam_single/Ti60F225_dsi/work_dbg/debug_top.v:158)
[EFX-0201 WARNING] Re-wiring to GND non-driven net/port 'probe26[0]' in module 'edb_la_top_fa057f12fb634a4c9838ea033b743904_renamed_due_excessive_length_1'. (C:/Users/Jing-XuanTan(i)/Downloads/evsoc-efinity-v2026.1.132/evsoc-efinity-v2026.1.132/cam_single/Ti60F225_dsi/work_dbg/debug_top.v:158)
[EFX-0201 WARNING] Re-wiring to GND non-driven net/port 'probe27[0]' in module 'edb_la_top_fa057f12fb634a4c9838ea033b743904_renamed_due_excessive_length_1'. (C:/Users/Jing-XuanTan(i)/Downloads/evsoc-efinity-v2026.1.132/evsoc-efinity-v2026.1.132/cam_single/Ti60F225_dsi/work_dbg/debug_top.v:158)
[EFX-0201 WARNING] Re-wiring to GND non-driven net/port 'probe28[0]' in module 'edb_la_top_fa057f12fb634a4c9838ea033b743904_renamed_due_excessive_length_1'. (C:/Users/Jing-XuanTan(i)/Downloads/evsoc-efinity-v2026.1.132/evsoc-efinity-v2026.1.132/cam_single/Ti60F225_dsi/work_dbg/debug_top.v:158)
[EFX-0201 WARNING] Re-wiring to GND non-driven net/port 'probe29[0]' in module 'edb_la_top_fa057f12fb634a4c9838ea033b743904_renamed_due_excessive_length_1'. (C:/Users/Jing-XuanTan(i)/Downloads/evsoc-efinity-v2026.1.132/evsoc-efinity-v2026.1.132/cam_single/Ti60F225_dsi/work_dbg/debug_top.v:158)
[EFX-0201 WARNING] Re-wiring to GND non-driven net/port 'probe30[0]' in module 'edb_la_top_fa057f12fb634a4c9838ea033b743904_renamed_due_excessive_length_1'. (C:/Users/Jing-XuanTan(i)/Downloads/evsoc-efinity-v2026.1.132/evsoc-efinity-v2026.1.132/cam_single/Ti60F225_dsi/work_dbg/debug_top.v:158)
[EFX-0201 WARNING] Re-wiring to GND non-driven net/port 'probe31[0]' in module 'edb_la_top_fa057f12fb634a4c9838ea033b743904_renamed_due_excessive_length_1'. (C:/Users/Jing-XuanTan(i)/Downloads/evsoc-efinity-v2026.1.132/evsoc-efinity-v2026.1.132/cam_single/Ti60F225_dsi/work_dbg/debug_top.v:158)
[EFX-0201 WARNING] Re-wiring to GND non-driven net/port 'probe32[0]' in module 'edb_la_top_fa057f12fb634a4c9838ea033b743904_renamed_due_excessive_length_1'. (C:/Users/Jing-XuanTan(i)/Downloads/evsoc-efinity-v2026.1.132/evsoc-efinity-v2026.1.132/cam_single/Ti60F225_dsi/work_dbg/debug_top.v:158)
[EFX-0011 VERI-WARNING] Input/inout port bscan_DRCK is unconnected. Place and route may remove this unconnected port. (VDB-8003) (C:/Users/Jing-XuanTan(i)/Downloads/evsoc-efinity-v2026.1.132/evsoc-efinity-v2026.1.132/cam_single/Ti60F225_dsi/work_dbg/debug_top.v:17)
[EFX-0011 VERI-WARNING] Input/inout port bscan_RUNTEST is unconnected. Place and route may remove this unconnected port. (VDB-8003) (C:/Users/Jing-XuanTan(i)/Downloads/evsoc-efinity-v2026.1.132/evsoc-efinity-v2026.1.132/cam_single/Ti60F225_dsi/work_dbg/debug_top.v:19)
[EFX-0011 VERI-WARNING] Input/inout port bscan_TMS is unconnected. Place and route may remove this unconnected port. (VDB-8003) (C:/Users/Jing-XuanTan(i)/Downloads/evsoc-efinity-v2026.1.132/evsoc-efinity-v2026.1.132/cam_single/Ti60F225_dsi/work_dbg/debug_top.v:24)
[EFX-0011 VERI-WARNING] Found 3 warnings in the post-synthesis netlist. 

///////////////////////////////////
// Efinity Synthesis Started 
// Oct 08, 2026 18:54:29
///////////////////////////////////

[EFX-0200 WARNING] Removing redundant signal : Rx_HS_D_2[7:0]. (C:\Users\Jing-XuanTan(i)\Downloads\evsoc-efinity-v2026.1.132\evsoc-efinity-v2026.1.132\cam_single\Ti60F225_dsi\ip\csi2_rx_cam\csi2_rx_cam.sv:6307)
[EFX-0200 WARNING] Removing redundant signal : Rx_HS_D_3[7:0]. (C:\Users\Jing-XuanTan(i)\Downloads\evsoc-efinity-v2026.1.132\evsoc-efinity-v2026.1.132\cam_single\Ti60F225_dsi\ip\csi2_rx_cam\csi2_rx_cam.sv:6307)
[EFX-0200 WARNING] Removing redundant signal : Rx_HS_D_4[7:0]. (C:\Users\Jing-XuanTan(i)\Downloads\evsoc-efinity-v2026.1.132\evsoc-efinity-v2026.1.132\cam_single\Ti60F225_dsi\ip\csi2_rx_cam\csi2_rx_cam.sv:6307)
[EFX-0200 WARNING] Removing redundant signal : Rx_HS_D_5[7:0]. (C:\Users\Jing-XuanTan(i)\Downloads\evsoc-efinity-v2026.1.132\evsoc-efinity-v2026.1.132\cam_single\Ti60F225_dsi\ip\csi2_rx_cam\csi2_rx_cam.sv:6307)
[EFX-0200 WARNING] Removing redundant signal : Rx_HS_D_6[7:0]. (C:\Users\Jing-XuanTan(i)\Downloads\evsoc-efinity-v2026.1.132\evsoc-efinity-v2026.1.132\cam_single\Ti60F225_dsi\ip\csi2_rx_cam\csi2_rx_cam.sv:6307)
[EFX-0200 WARNING] Removing redundant signal : Rx_HS_D_7[7:0]. (C:\Users\Jing-XuanTan(i)\Downloads\evsoc-efinity-v2026.1.132\evsoc-efinity-v2026.1.132\cam_single\Ti60F225_dsi\ip\csi2_rx_cam\csi2_rx_cam.sv:6307)
[EFX-0200 WARNING] Removing redundant signal : u_dly_enable_D[1:0]. (C:\Users\Jing-XuanTan(i)\Downloads\evsoc-efinity-v2026.1.132\evsoc-efinity-v2026.1.132\cam_single\Ti60F225_dsi\ip\csi2_rx_cam\csi2_rx_cam.sv:6307)
[EFX-0200 WARNING] Removing redundant signal : u_dly_inc_D[1:0]. (C:\Users\Jing-XuanTan(i)\Downloads\evsoc-efinity-v2026.1.132\evsoc-efinity-v2026.1.132\cam_single\Ti60F225_dsi\ip\csi2_rx_cam\csi2_rx_cam.sv:6307)
[EFX-0200 WARNING] Removing redundant signal : axi_awaddr[1:0]. (C:\Users\Jing-XuanTan(i)\Downloads\evsoc-efinity-v2026.1.132\evsoc-efinity-v2026.1.132\cam_single\Ti60F225_dsi\ip\csi2_rx_cam\csi2_rx_cam.sv:5564)
[EFX-0200 WARNING] Removing redundant signal : axi_araddr[1:0]. (C:\Users\Jing-XuanTan(i)\Downloads\evsoc-efinity-v2026.1.132\evsoc-efinity-v2026.1.132\cam_single\Ti60F225_dsi\ip\csi2_rx_cam\csi2_rx_cam.sv:5564)
[EFX-0200 WARNING] Removing redundant signal : loc_rdata[31:0]. (C:\Users\Jing-XuanTan(i)\Downloads\evsoc-efinity-v2026.1.132\evsoc-efinity-v2026.1.132\cam_single\Ti60F225_dsi\ip\csi2_rx_cam\csi2_rx_cam.sv:5564)
[EFX-0200 WARNING] Removing redundant signal : nextCRC16_D16[15:0]. (C:\Users\Jing-XuanTan(i)\Downloads\evsoc-efinity-v2026.1.132\evsoc-efinity-v2026.1.132\cam_single\Ti60F225_dsi\ip\csi2_rx_cam\csi2_rx_cam.sv:1466)
[EFX-0200 WARNING] Removing redundant signal : nextCRC16_D16.Data[15:0]. (C:\Users\Jing-XuanTan(i)\Downloads\evsoc-efinity-v2026.1.132\evsoc-efinity-v2026.1.132\cam_single\Ti60F225_dsi\ip\csi2_rx_cam\csi2_rx_cam.sv:1466)
[EFX-0200 WARNING] Removing redundant signal : nextCRC16_D16.fcrc[15:0]. (C:\Users\Jing-XuanTan(i)\Downloads\evsoc-efinity-v2026.1.132\evsoc-efinity-v2026.1.132\cam_single\Ti60F225_dsi\ip\csi2_rx_cam\csi2_rx_cam.sv:1466)
[EFX-0200 WARNING] Removing redundant signal : nextCRC16_D16.d[15:0]. (C:\Users\Jing-XuanTan(i)\Downloads\evsoc-efinity-v2026.1.132\evsoc-efinity-v2026.1.132\cam_single\Ti60F225_dsi\ip\csi2_rx_cam\csi2_rx_cam.sv:1466)
[EFX-0200 WARNING] Removing redundant signal : nextCRC16_D16.c[15:0]. (C:\Users\Jing-XuanTan(i)\Downloads\evsoc-efinity-v2026.1.132\evsoc-efinity-v2026.1.132\cam_single\Ti60F225_dsi\ip\csi2_rx_cam\csi2_rx_cam.sv:1466)
[EFX-0200 WARNING] Removing redundant signal : nextCRC16_D16.newcrc[15:0]. (C:\Users\Jing-XuanTan(i)\Downloads\evsoc-efinity-v2026.1.132\evsoc-efinity-v2026.1.132\cam_single\Ti60F225_dsi\ip\csi2_rx_cam\csi2_rx_cam.sv:1466)
[EFX-0200 WARNING] Removing redundant signal : nextCRC16_D8[15:0]. (C:\Users\Jing-XuanTan(i)\Downloads\evsoc-efinity-v2026.1.132\evsoc-efinity-v2026.1.132\cam_single\Ti60F225_dsi\ip\csi2_rx_cam\csi2_rx_cam.sv:1466)
[EFX-0200 WARNING] Removing redundant signal : nextCRC16_D8.Data[7:0]. (C:\Users\Jing-XuanTan(i)\Downloads\evsoc-efinity-v2026.1.132\evsoc-efinity-v2026.1.132\cam_single\Ti60F225_dsi\ip\csi2_rx_cam\csi2_rx_cam.sv:1466)
[EFX-0200 WARNING] Removing redundant signal : nextCRC16_D8.fcrc[15:0]. (C:\Users\Jing-XuanTan(i)\Downloads\evsoc-efinity-v2026.1.132\evsoc-efinity-v2026.1.132\cam_single\Ti60F225_dsi\ip\csi2_rx_cam\csi2_rx_cam.sv:1466)
[EFX-0201 WARNING] Re-wiring to GND non-driven net/port 'a_wr_rst_i' in module 'efx_fifo_top_077823fa68f649b1a7074c944568f3e4(FAMILY="TITANIUM",SYNC_CLK=1,DATA_WIDTH=40,PIPELINE_REG=0,OUTPUT_REG=1,PROGRAMMABLE_FULL="NONE",PROG_FULL_ASSERT=510,PROG_FULL_NEGATE=510,PROGRAMMABLE_EMPTY="NONE",PROG_EMPTY_ASSERT=2,PROG_EMPTY_NEGATE=3)'. (C:\Users\Jing-XuanTan(i)\Downloads\evsoc-efinity-v2026.1.132\evsoc-efinity-v2026.1.132\cam_single\Ti60F225_dsi\ip\cam_pixel_remap_fifo\cam_pixel_remap_fifo.sv:92)
[EFX-0201 WARNING] Re-wiring to GND non-driven net/port 'a_rd_rst_i' in module 'efx_fifo_top_077823fa68f649b1a7074c944568f3e4(FAMILY="TITANIUM",SYNC_CLK=1,DATA_WIDTH=40,PIPELINE_REG=0,OUTPUT_REG=1,PROGRAMMABLE_FULL="NONE",PROG_FULL_ASSERT=510,PROG_FULL_NEGATE=510,PROGRAMMABLE_EMPTY="NONE",PROG_EMPTY_ASSERT=2,PROG_EMPTY_NEGATE=3)'. (C:\Users\Jing-XuanTan(i)\Downloads\evsoc-efinity-v2026.1.132\evsoc-efinity-v2026.1.132\cam_single\Ti60F225_dsi\ip\cam_pixel_remap_fifo\cam_pixel_remap_fifo.sv:92)
[EFX-0201 WARNING] Re-wiring to GND non-driven net/port 'wr_clk_i' in module 'efx_fifo_top_077823fa68f649b1a7074c944568f3e4(FAMILY="TITANIUM",SYNC_CLK=1,DATA_WIDTH=40,PIPELINE_REG=0,OUTPUT_REG=1,PROGRAMMABLE_FULL="NONE",PROG_FULL_ASSERT=510,PROG_FULL_NEGATE=510,PROGRAMMABLE_EMPTY="NONE",PROG_EMPTY_ASSERT=2,PROG_EMPTY_NEGATE=3)'. (C:\Users\Jing-XuanTan(i)\Downloads\evsoc-efinity-v2026.1.132\evsoc-efinity-v2026.1.132\cam_single\Ti60F225_dsi\ip\cam_pixel_remap_fifo\cam_pixel_remap_fifo.sv:92)
[EFX-0201 WARNING] Re-wiring to GND non-driven net/port 'rd_clk_i' in module 'efx_fifo_top_077823fa68f649b1a7074c944568f3e4(FAMILY="TITANIUM",SYNC_CLK=1,DATA_WIDTH=40,PIPELINE_REG=0,OUTPUT_REG=1,PROGRAMMABLE_FULL="NONE",PROG_FULL_ASSERT=510,PROG_FULL_NEGATE=510,PROGRAMMABLE_EMPTY="NONE",PROG_EMPTY_ASSERT=2,PROG_EMPTY_NEGATE=3)'. (C:\Users\Jing-XuanTan(i)\Downloads\evsoc-efinity-v2026.1.132\evsoc-efinity-v2026.1.132\cam_single\Ti60F225_dsi\ip\cam_pixel_remap_fifo\cam_pixel_remap_fifo.sv:92)
[EFX-0201 WARNING] Re-wiring to GND non-driven net/port 'r_registers[12][31]' in module 'axi_lite_register(S_AXI_WSTRB_WIDTH=4)'. (C:\Users\Jing-XuanTan(i)\Downloads\evsoc-efinity-v2026.1.132\evsoc-efinity-v2026.1.132\cam_single\Ti60F225_dsi\source/isp/axi_lite_register.sv:99)
[EFX-0201 WARNING] Re-wiring to GND non-driven net/port 'r_registers[12][30]' in module 'axi_lite_register(S_AXI_WSTRB_WIDTH=4)'. (C:\Users\Jing-XuanTan(i)\Downloads\evsoc-efinity-v2026.1.132\evsoc-efinity-v2026.1.132\cam_single\Ti60F225_dsi\source/isp/axi_lite_register.sv:99)
[EFX-0201 WARNING] Re-wiring to GND non-driven net/port 'r_registers[12][29]' in module 'axi_lite_register(S_AXI_WSTRB_WIDTH=4)'. (C:\Users\Jing-XuanTan(i)\Downloads\evsoc-efinity-v2026.1.132\evsoc-efinity-v2026.1.132\cam_single\Ti60F225_dsi\source/isp/axi_lite_register.sv:99)
[EFX-0201 WARNING] Re-wiring to GND non-driven net/port 'r_registers[12][28]' in module 'axi_lite_register(S_AXI_WSTRB_WIDTH=4)'. (C:\Users\Jing-XuanTan(i)\Downloads\evsoc-efinity-v2026.1.132\evsoc-efinity-v2026.1.132\cam_single\Ti60F225_dsi\source/isp/axi_lite_register.sv:99)
[EFX-0201 WARNING] Re-wiring to GND non-driven net/port 'r_registers[12][27]' in module 'axi_lite_register(S_AXI_WSTRB_WIDTH=4)'. (C:\Users\Jing-XuanTan(i)\Downloads\evsoc-efinity-v2026.1.132\evsoc-efinity-v2026.1.132\cam_single\Ti60F225_dsi\source/isp/axi_lite_register.sv:99)
[EFX-0201 WARNING] Re-wiring to GND non-driven net/port 'r_registers[12][26]' in module 'axi_lite_register(S_AXI_WSTRB_WIDTH=4)'. (C:\Users\Jing-XuanTan(i)\Downloads\evsoc-efinity-v2026.1.132\evsoc-efinity-v2026.1.132\cam_single\Ti60F225_dsi\source/isp/axi_lite_register.sv:99)
[EFX-0657 WARNING] Mapping into logic memory block 'pipe_0_center' (28 bits) (C:\Users\Jing-XuanTan(i)\Downloads\evsoc-efinity-v2026.1.132\evsoc-efinity-v2026.1.132\cam_single\Ti60F225_dsi\source/isp/demosaic.sv:68) because size is too small (<=64)
[EFX-0657 WARNING] Mapping into logic memory block 'pipe_0_outer_horizontal' (28 bits) (C:\Users\Jing-XuanTan(i)\Downloads\evsoc-efinity-v2026.1.132\evsoc-efinity-v2026.1.132\cam_single\Ti60F225_dsi\source/isp/demosaic.sv:69) because size is too small (<=64)
[EFX-0657 WARNING] Mapping into logic memory block 'pipe_0_outer_vertical' (28 bits) (C:\Users\Jing-XuanTan(i)\Downloads\evsoc-efinity-v2026.1.132\evsoc-efinity-v2026.1.132\cam_single\Ti60F225_dsi\source/isp/demosaic.sv:70) because size is too small (<=64)
[EFX-0657 WARNING] Mapping into logic memory block 'pipe_0_inner_horizontal' (28 bits) (C:\Users\Jing-XuanTan(i)\Downloads\evsoc-efinity-v2026.1.132\evsoc-efinity-v2026.1.132\cam_single\Ti60F225_dsi\source/isp/demosaic.sv:71) because size is too small (<=64)
[EFX-0657 WARNING] Mapping into logic memory block 'pipe_0_inner_vertical' (28 bits) (C:\Users\Jing-XuanTan(i)\Downloads\evsoc-efinity-v2026.1.132\evsoc-efinity-v2026.1.132\cam_single\Ti60F225_dsi\source/isp/demosaic.sv:72) because size is too small (<=64)
[EFX-0657 WARNING] Mapping into logic memory block 'pipe_0_inner_top' (28 bits) (C:\Users\Jing-XuanTan(i)\Downloads\evsoc-efinity-v2026.1.132\evsoc-efinity-v2026.1.132\cam_single\Ti60F225_dsi\source/isp/demosaic.sv:73) because size is too small (<=64)
[EFX-0657 WARNING] Mapping into logic memory block 'pipe_0_inner_bottom' (28 bits) (C:\Users\Jing-XuanTan(i)\Downloads\evsoc-efinity-v2026.1.132\evsoc-efinity-v2026.1.132\cam_single\Ti60F225_dsi\source/isp/demosaic.sv:74) because size is too small (<=64)
[EFX-0657 WARNING] Mapping into logic memory block 'pipe_1_center' (36 bits) (C:\Users\Jing-XuanTan(i)\Downloads\evsoc-efinity-v2026.1.132\evsoc-efinity-v2026.1.132\cam_single\Ti60F225_dsi\source/isp/demosaic.sv:80) because size is too small (<=64)
[EFX-0657 WARNING] Mapping into logic memory block 'pipe_1_center_x5' (36 bits) (C:\Users\Jing-XuanTan(i)\Downloads\evsoc-efinity-v2026.1.132\evsoc-efinity-v2026.1.132\cam_single\Ti60F225_dsi\source/isp/demosaic.sv:81) because size is too small (<=64)
[EFX-0657 WARNING] Mapping into logic memory block 'pipe_1_center_x6' (36 bits) (C:\Users\Jing-XuanTan(i)\Downloads\evsoc-efinity-v2026.1.132\evsoc-efinity-v2026.1.132\cam_single\Ti60F225_dsi\source/isp/demosaic.sv:82) because size is too small (<=64)
[EFX-0657 WARNING] Mapping into logic memory block 'pipe_1_outer_horizontal' (36 bits) (C:\Users\Jing-XuanTan(i)\Downloads\evsoc-efinity-v2026.1.132\evsoc-efinity-v2026.1.132\cam_single\Ti60F225_dsi\source/isp/demosaic.sv:83) because size is too small (<=64)
[EFX-0657 WARNING] Mapping into logic memory block 'pipe_1_outer_vertical' (36 bits) (C:\Users\Jing-XuanTan(i)\Downloads\evsoc-efinity-v2026.1.132\evsoc-efinity-v2026.1.132\cam_single\Ti60F225_dsi\source/isp/demosaic.sv:84) because size is too small (<=64)
[EFX-0657 WARNING] Mapping into logic memory block 'pipe_1_outer_cross' (36 bits) (C:\Users\Jing-XuanTan(i)\Downloads\evsoc-efinity-v2026.1.132\evsoc-efinity-v2026.1.132\cam_single\Ti60F225_dsi\source/isp/demosaic.sv:85) because size is too small (<=64)
[EFX-0657 WARNING] Mapping into logic memory block 'pipe_1_inner_h_outer_v_x2' (36 bits) (C:\Users\Jing-XuanTan(i)\Downloads\evsoc-efinity-v2026.1.132\evsoc-efinity-v2026.1.132\cam_single\Ti60F225_dsi\source/isp/demosaic.sv:86) because size is too small (<=64)
[EFX-0657 WARNING] Mapping into logic memory block 'pipe_1_inner_v_outer_h_x2' (36 bits) (C:\Users\Jing-XuanTan(i)\Downloads\evsoc-efinity-v2026.1.132\evsoc-efinity-v2026.1.132\cam_single\Ti60F225_dsi\source/isp/demosaic.sv:87) because size is too small (<=64)
[EFX-0657 WARNING] Mapping into logic memory block 'pipe_1_inner_corner' (36 bits) (C:\Users\Jing-XuanTan(i)\Downloads\evsoc-efinity-v2026.1.132\evsoc-efinity-v2026.1.132\cam_single\Ti60F225_dsi\source/isp/demosaic.sv:88) because size is too small (<=64)
[EFX-0657 WARNING] Mapping into logic memory block 'pipe_1_inner_cross' (36 bits) (C:\Users\Jing-XuanTan(i)\Downloads\evsoc-efinity-v2026.1.132\evsoc-efinity-v2026.1.132\cam_single\Ti60F225_dsi\source/isp/demosaic.sv:89) because size is too small (<=64)
[EFX-0657 WARNING] Mapping into logic memory block 'pipe_2_center' (44 bits) (C:\Users\Jing-XuanTan(i)\Downloads\evsoc-efinity-v2026.1.132\evsoc-efinity-v2026.1.132\cam_single\Ti60F225_dsi\source/isp/demosaic.sv:95) because size is too small (<=64)
[EFX-0657 WARNING] Mapping into logic memory block 'pipe_2_center_cross_x2' (44 bits) (C:\Users\Jing-XuanTan(i)\Downloads\evsoc-efinity-v2026.1.132\evsoc-efinity-v2026.1.132\cam_single\Ti60F225_dsi\source/isp/demosaic.sv:96) because size is too small (<=64)
[EFX-0657 WARNING] Mapping into logic memory block 'pipe_2_outer_cross_x2' (44 bits) (C:\Users\Jing-XuanTan(i)\Downloads\evsoc-efinity-v2026.1.132\evsoc-efinity-v2026.1.132\cam_single\Ti60F225_dsi\source/isp/demosaic.sv:97) because size is too small (<=64)
[EFX-0657 WARNING] Mapping into logic memory block 'pipe_2_outer_cross_x3' (44 bits) (C:\Users\Jing-XuanTan(i)\Downloads\evsoc-efinity-v2026.1.132\evsoc-efinity-v2026.1.132\cam_single\Ti60F225_dsi\source/isp/demosaic.sv:98) because size is too small (<=64)
[EFX-0657 WARNING] Mapping into logic memory block 'pipe_2_inner_c_outer_h_x2' (44 bits) (C:\Users\Jing-XuanTan(i)\Downloads\evsoc-efinity-v2026.1.132\evsoc-efinity-v2026.1.132\cam_single\Ti60F225_dsi\source/isp/demosaic.sv:99) because size is too small (<=64)
[EFX-0657 WARNING] Mapping into logic memory block 'pipe_2_inner_c_outer_v_x2' (44 bits) (C:\Users\Jing-XuanTan(i)\Downloads\evsoc-efinity-v2026.1.132\evsoc-efinity-v2026.1.132\cam_single\Ti60F225_dsi\source/isp/demosaic.sv:100) because size is too small (<=64)
[EFX-0657 WARNING] Mapping into logic memory block 'pipe_2_rb_at_g1_x2' (44 bits) (C:\Users\Jing-XuanTan(i)\Downloads\evsoc-efinity-v2026.1.132\evsoc-efinity-v2026.1.132\cam_single\Ti60F225_dsi\source/isp/demosaic.sv:101) because size is too small (<=64)
[EFX-0657 WARNING] Mapping into logic memory block 'pipe_2_rb_at_g2_x2' (44 bits) (C:\Users\Jing-XuanTan(i)\Downloads\evsoc-efinity-v2026.1.132\evsoc-efinity-v2026.1.132\cam_single\Ti60F225_dsi\source/isp/demosaic.sv:102) because size is too small (<=64)
[EFX-0657 WARNING] Mapping into logic memory block 'pipe_2_rb_at_rb_x2' (44 bits) (C:\Users\Jing-XuanTan(i)\Downloads\evsoc-efinity-v2026.1.132\evsoc-efinity-v2026.1.132\cam_single\Ti60F225_dsi\source/isp/demosaic.sv:103) because size is too small (<=64)
[EFX-0657 WARNING] Mapping into logic memory block 'logic_progbufX_mem' (64 bits) (C:\Users\Jing-XuanTan(i)\Downloads\evsoc-efinity-v2026.1.132\evsoc-efinity-v2026.1.132\cam_single\Ti60F225_dsi\ip\SapphireSoc\SapphireSoc.v:12001) because size is too small (<=64)
[EFX-0657 WARNING] Mapping into logic memory block 'logic_ram' (64 bits) (C:\Users\Jing-XuanTan(i)\Downloads\evsoc-efinity-v2026.1.132\evsoc-efinity-v2026.1.132\cam_single\Ti60F225_dsi\ip\SapphireSoc\SapphireSoc.v:20390) because size is too small (<=64)
[EFX-0657 WARNING] Mapping into logic memory block 'u_hw_accel_apb3/slaveReg' (96 bits) (C:\Users\Jing-XuanTan(i)\Downloads\evsoc-efinity-v2026.1.132\evsoc-efinity-v2026.1.132\cam_single\Ti60F225_dsi\source\hw_accel\hw_accel_apb3.v:37) because it has all constant reader/writer.
