
///////////////////////////////////
// Efinity Synthesis Started 
// Sep 25, 2026 14:39:12
///////////////////////////////////

[EFX-0012 VERI-INFO] default VHDL library search path is now "C:/Efinity/2026.1/sim_models/vhdl/packages/vhdl_2008" (VHDL-1504) 
[EFX-0011 VERI-WARNING] port 'probe6' remains unconnected for this instance (VERI-1927) (C:/Users/Jing-XuanTan(i)/Downloads/evsoc-efinity-v2026.1.132/evsoc-efinity-v2026.1.132/cam_single/Ti60F225_dsi/work_dbg/debug_top.v:134)
[EFX-0012 VERI-INFO] compiling module 'edb_top' (VERI-1018) (C:/Users/Jing-XuanTan(i)/Downloads/evsoc-efinity-v2026.1.132/evsoc-efinity-v2026.1.132/cam_single/Ti60F225_dsi/work_dbg/debug_top.v:14)
[EFX-0012 VERI-INFO] compiling module 'EFX_GBUFCE(CE_POLARITY=1'b1)' (VERI-1018) (../../vdb/src/efinix_maplib.v:48)
[EFX-0012 VERI-INFO] compiling module 'edb_la_top_f0a4b0e54f554dea932615fcc1e81062_renamed_due_excessive_length_1' (VERI-1018) (C:/Users/Jing-XuanTan(i)/Downloads/evsoc-efinity-v2026.1.132/evsoc-efinity-v2026.1.132/cam_single/Ti60F225_dsi/work_dbg/debug_top.v:520)
[EFX-0012 VERI-INFO] compiling module 'edb_adbg_crc32_f0a4b0e54f554dea932615fcc1e81062' (VERI-1018) (C:/Users/Jing-XuanTan(i)/Downloads/evsoc-efinity-v2026.1.132/evsoc-efinity-v2026.1.132/cam_single/Ti60F225_dsi/work_dbg/debug_top.v:209)
[EFX-0012 VERI-INFO] compiling module 'compare_unit_f0a4b0e54f554dea932615fcc1e81062(WIDTH=11'b01000000,PIPE=1)' (VERI-1018) (C:/Users/Jing-XuanTan(i)/Downloads/evsoc-efinity-v2026.1.132/evsoc-efinity-v2026.1.132/cam_single/Ti60F225_dsi/work_dbg/debug_top.v:5530)
[EFX-0012 VERI-INFO] compiling module 'trigger_unit_f0a4b0e54f554dea932615fcc1e81062(WIDTH=32'b0110,PIPE=1)' (VERI-1018) (C:/Users/Jing-XuanTan(i)/Downloads/evsoc-efinity-v2026.1.132/evsoc-efinity-v2026.1.132/cam_single/Ti60F225_dsi/work_dbg/debug_top.v:5735)
[EFX-0012 VERI-INFO] compiling module 'trigger_skipper_f0a4b0e54f554dea932615fcc1e81062' (VERI-1018) (C:/Users/Jing-XuanTan(i)/Downloads/evsoc-efinity-v2026.1.132/evsoc-efinity-v2026.1.132/cam_single/Ti60F225_dsi/work_dbg/debug_top.v:5860)
[EFX-0012 VERI-INFO] compiling module 'la_biu_f0a4b0e54f554dea932615fcc1e81062(CAPTURE_WIDTH=32'b0110000000,DATA_DEPTH=512)' (VERI-1018) (C:/Users/Jing-XuanTan(i)/Downloads/evsoc-efinity-v2026.1.132/evsoc-efinity-v2026.1.132/cam_single/Ti60F225_dsi/work_dbg/debug_top.v:4874)
[EFX-0012 VERI-INFO] compiling module 'fifo_with_read_f0a4b0e54f554dea932615fcc1e81062(DATA_WIDTH=32'b0110000001,ADDR_WIDTH=9,PIPE=0)' (VERI-1018) (C:/Users/Jing-XuanTan(i)/Downloads/evsoc-efinity-v2026.1.132/evsoc-efinity-v2026.1.132/cam_single/Ti60F225_dsi/work_dbg/debug_top.v:4614)
[EFX-0012 VERI-INFO] compiling module 'fifo_address_trancode_unit_f0a4b0e54f554dea932615fcc1e81062(TOTAL_ADDR_WIDTH=9,CELL_ADDR_WIDTH=10,PIPE=0)' (VERI-1018) (C:/Users/Jing-XuanTan(i)/Downloads/evsoc-efinity-v2026.1.132/evsoc-efinity-v2026.1.132/cam_single/Ti60F225_dsi/work_dbg/debug_top.v:4564)
[EFX-0012 VERI-INFO] compiling module 'edb_simple_dual_port_ram_f0a4b0e54f554dea932615fcc1e81062(DATA_WIDTH=32'b0110000001,RAM_INIT_FILE="")' (VERI-1018) (C:/Users/Jing-XuanTan(i)/Downloads/evsoc-efinity-v2026.1.132/evsoc-efinity-v2026.1.132/cam_single/Ti60F225_dsi/work_dbg/debug_top.v:430)
[EFX-0012 VERI-INFO] extracting RAM for identifier 'ram' (VERI-2571) (C:/Users/Jing-XuanTan(i)/Downloads/evsoc-efinity-v2026.1.132/evsoc-efinity-v2026.1.132/cam_single/Ti60F225_dsi/work_dbg/debug_top.v:445)
[EFX-0012 VERI-INFO] compiling module 'debug_hub_f0a4b0e54f554dea932615fcc1e81062' (VERI-1018) (C:/Users/Jing-XuanTan(i)/Downloads/evsoc-efinity-v2026.1.132/evsoc-efinity-v2026.1.132/cam_single/Ti60F225_dsi/work_dbg/debug_top.v:287)
[EFX-0011 VERI-WARNING] input port 'probe6[0]' remains unconnected for this instance (VDB-1053) (C:/Users/Jing-XuanTan(i)/Downloads/evsoc-efinity-v2026.1.132/evsoc-efinity-v2026.1.132/cam_single/Ti60F225_dsi/work_dbg/debug_top.v:107)
[EFX-0000 INFO] ... Setting Synthesis Option: mode=speed
[EFX-0000 INFO] ... Pre-synthesis checks begin
[EFX-0200 WARNING] Removing redundant signal : trigger_in. (C:/Users/Jing-XuanTan(i)/Downloads/evsoc-efinity-v2026.1.132/evsoc-efinity-v2026.1.132/cam_single/Ti60F225_dsi/work_dbg/debug_top.v:5747)
[EFX-0200 WARNING] Removing redundant signal : clk. (C:/Users/Jing-XuanTan(i)/Downloads/evsoc-efinity-v2026.1.132/evsoc-efinity-v2026.1.132/cam_single/Ti60F225_dsi/work_dbg/debug_top.v:4570)
[EFX-0677 INFO] ... Memory 'ram' is not initialized, assuming empty initial contents. (C:/Users/Jing-XuanTan(i)/Downloads/evsoc-efinity-v2026.1.132/evsoc-efinity-v2026.1.132/cam_single/Ti60F225_dsi/work_dbg/debug_top.v:445)
[EFX-0200 WARNING] Removing redundant signal : full. (C:/Users/Jing-XuanTan(i)/Downloads/evsoc-efinity-v2026.1.132/evsoc-efinity-v2026.1.132/cam_single/Ti60F225_dsi/work_dbg/debug_top.v:4624)
[EFX-0200 WARNING] Removing redundant signal : shift_i. (C:/Users/Jing-XuanTan(i)/Downloads/evsoc-efinity-v2026.1.132/evsoc-efinity-v2026.1.132/cam_single/Ti60F225_dsi/work_dbg/debug_top.v:4894)
[EFX-0200 WARNING] Removing redundant signal : trig_out. (C:/Users/Jing-XuanTan(i)/Downloads/evsoc-efinity-v2026.1.132/evsoc-efinity-v2026.1.132/cam_single/Ti60F225_dsi/work_dbg/debug_top.v:4911)
[EFX-0200 WARNING] Removing redundant signal : trig_out_ack. (C:/Users/Jing-XuanTan(i)/Downloads/evsoc-efinity-v2026.1.132/evsoc-efinity-v2026.1.132/cam_single/Ti60F225_dsi/work_dbg/debug_top.v:4912)
[EFX-0200 WARNING] Removing redundant signal : bscan_DRCK. (C:/Users/Jing-XuanTan(i)/Downloads/evsoc-efinity-v2026.1.132/evsoc-efinity-v2026.1.132/cam_single/Ti60F225_dsi/work_dbg/debug_top.v:1053)
[EFX-0200 WARNING] Removing redundant signal : bscan_RESET. (C:/Users/Jing-XuanTan(i)/Downloads/evsoc-efinity-v2026.1.132/evsoc-efinity-v2026.1.132/cam_single/Ti60F225_dsi/work_dbg/debug_top.v:1054)
[EFX-0200 WARNING] Removing redundant signal : bscan_RUNTEST. (C:/Users/Jing-XuanTan(i)/Downloads/evsoc-efinity-v2026.1.132/evsoc-efinity-v2026.1.132/cam_single/Ti60F225_dsi/work_dbg/debug_top.v:1055)
[EFX-0200 WARNING] Removing redundant signal : bscan_SEL. (C:/Users/Jing-XuanTan(i)/Downloads/evsoc-efinity-v2026.1.132/evsoc-efinity-v2026.1.132/cam_single/Ti60F225_dsi/work_dbg/debug_top.v:1056)
[EFX-0200 WARNING] Removing redundant signal : bscan_TMS. (C:/Users/Jing-XuanTan(i)/Downloads/evsoc-efinity-v2026.1.132/evsoc-efinity-v2026.1.132/cam_single/Ti60F225_dsi/work_dbg/debug_top.v:1060)
[EFX-0200 WARNING] Removing redundant signal : trig_in_ack. (C:/Users/Jing-XuanTan(i)/Downloads/evsoc-efinity-v2026.1.132/evsoc-efinity-v2026.1.132/cam_single/Ti60F225_dsi/work_dbg/debug_top.v:1072)
[EFX-0200 WARNING] Removing redundant signal : mux_capture_cmp[5:0]. (C:/Users/Jing-XuanTan(i)/Downloads/evsoc-efinity-v2026.1.132/evsoc-efinity-v2026.1.132/cam_single/Ti60F225_dsi/work_dbg/debug_top.v:3491)
[EFX-0200 WARNING] Removing redundant signal : bscan_CAPTURE. (C:/Users/Jing-XuanTan(i)/Downloads/evsoc-efinity-v2026.1.132/evsoc-efinity-v2026.1.132/cam_single/Ti60F225_dsi/work_dbg/debug_top.v:292)
[EFX-0200 WARNING] Removing redundant signal : bscan_DRCK. (C:/Users/Jing-XuanTan(i)/Downloads/evsoc-efinity-v2026.1.132/evsoc-efinity-v2026.1.132/cam_single/Ti60F225_dsi/work_dbg/debug_top.v:293)
[EFX-0200 WARNING] Removing redundant signal : bscan_RUNTEST. (C:/Users/Jing-XuanTan(i)/Downloads/evsoc-efinity-v2026.1.132/evsoc-efinity-v2026.1.132/cam_single/Ti60F225_dsi/work_dbg/debug_top.v:295)
[EFX-0200 WARNING] Removing redundant signal : bscan_TMS. (C:/Users/Jing-XuanTan(i)/Downloads/evsoc-efinity-v2026.1.132/evsoc-efinity-v2026.1.132/cam_single/Ti60F225_dsi/work_dbg/debug_top.v:300)
[EFX-0266 INFO] Module Instance 'la0' input pin 'trig_in' is tied to constant (=0).
[EFX-0266 INFO] Module Instance 'la0' input pin 'trig_out_ack' is tied to constant (=0).
[EFX-0201 WARNING] Re-wiring to GND non-driven net/port 'probe6[0]' in module 'edb_la_top_f0a4b0e54f554dea932615fcc1e81062_renamed_due_excessive_length_1'. (C:/Users/Jing-XuanTan(i)/Downloads/evsoc-efinity-v2026.1.132/evsoc-efinity-v2026.1.132/cam_single/Ti60F225_dsi/work_dbg/debug_top.v:107)
[EFX-0201 WARNING] Re-wiring to GND non-driven net/port 'probe7[0]' in module 'edb_la_top_f0a4b0e54f554dea932615fcc1e81062_renamed_due_excessive_length_1'. (C:/Users/Jing-XuanTan(i)/Downloads/evsoc-efinity-v2026.1.132/evsoc-efinity-v2026.1.132/cam_single/Ti60F225_dsi/work_dbg/debug_top.v:107)
[EFX-0201 WARNING] Re-wiring to GND non-driven net/port 'probe8[0]' in module 'edb_la_top_f0a4b0e54f554dea932615fcc1e81062_renamed_due_excessive_length_1'. (C:/Users/Jing-XuanTan(i)/Downloads/evsoc-efinity-v2026.1.132/evsoc-efinity-v2026.1.132/cam_single/Ti60F225_dsi/work_dbg/debug_top.v:107)
[EFX-0201 WARNING] Re-wiring to GND non-driven net/port 'probe9[0]' in module 'edb_la_top_f0a4b0e54f554dea932615fcc1e81062_renamed_due_excessive_length_1'. (C:/Users/Jing-XuanTan(i)/Downloads/evsoc-efinity-v2026.1.132/evsoc-efinity-v2026.1.132/cam_single/Ti60F225_dsi/work_dbg/debug_top.v:107)
[EFX-0201 WARNING] Re-wiring to GND non-driven net/port 'probe10[0]' in module 'edb_la_top_f0a4b0e54f554dea932615fcc1e81062_renamed_due_excessive_length_1'. (C:/Users/Jing-XuanTan(i)/Downloads/evsoc-efinity-v2026.1.132/evsoc-efinity-v2026.1.132/cam_single/Ti60F225_dsi/work_dbg/debug_top.v:107)
[EFX-0201 WARNING] Re-wiring to GND non-driven net/port 'probe11[0]' in module 'edb_la_top_f0a4b0e54f554dea932615fcc1e81062_renamed_due_excessive_length_1'. (C:/Users/Jing-XuanTan(i)/Downloads/evsoc-efinity-v2026.1.132/evsoc-efinity-v2026.1.132/cam_single/Ti60F225_dsi/work_dbg/debug_top.v:107)
[EFX-0201 WARNING] Re-wiring to GND non-driven net/port 'probe12[0]' in module 'edb_la_top_f0a4b0e54f554dea932615fcc1e81062_renamed_due_excessive_length_1'. (C:/Users/Jing-XuanTan(i)/Downloads/evsoc-efinity-v2026.1.132/evsoc-efinity-v2026.1.132/cam_single/Ti60F225_dsi/work_dbg/debug_top.v:107)
[EFX-0201 WARNING] Re-wiring to GND non-driven net/port 'probe13[0]' in module 'edb_la_top_f0a4b0e54f554dea932615fcc1e81062_renamed_due_excessive_length_1'. (C:/Users/Jing-XuanTan(i)/Downloads/evsoc-efinity-v2026.1.132/evsoc-efinity-v2026.1.132/cam_single/Ti60F225_dsi/work_dbg/debug_top.v:107)
[EFX-0201 WARNING] Re-wiring to GND non-driven net/port 'probe14[0]' in module 'edb_la_top_f0a4b0e54f554dea932615fcc1e81062_renamed_due_excessive_length_1'. (C:/Users/Jing-XuanTan(i)/Downloads/evsoc-efinity-v2026.1.132/evsoc-efinity-v2026.1.132/cam_single/Ti60F225_dsi/work_dbg/debug_top.v:107)
[EFX-0201 WARNING] Re-wiring to GND non-driven net/port 'probe15[0]' in module 'edb_la_top_f0a4b0e54f554dea932615fcc1e81062_renamed_due_excessive_length_1'. (C:/Users/Jing-XuanTan(i)/Downloads/evsoc-efinity-v2026.1.132/evsoc-efinity-v2026.1.132/cam_single/Ti60F225_dsi/work_dbg/debug_top.v:107)
[EFX-0000 INFO] ... Pre-synthesis checks end (Real time : 0s)
[EFX-0000 INFO] ... NameSpace init begin
[EFX-0000 INFO] ... NameSpace init end (Real time : 0s)
[EFX-0000 INFO] ... Mapping design "edb_top"
[EFX-0000 INFO] ... Hierarchical pre-synthesis "edb_adbg_crc32_f0a4b0e54f554dea932615fcc1e81062" begin
[EFX-0000 INFO] ... Hierarchical pre-synthesis "edb_adbg_crc32_f0a4b0e54f554dea932615fcc1e81062" end (Real time : 0s)
[EFX-0000 INFO] ... Hierarchical pre-synthesis "compare_unit_f0a4b0e54f554dea932615fcc1e81062(WIDTH=11'b01000000,PIPE=1)" begin
[EFX-0000 INFO] ... Hierarchical pre-synthesis "compare_unit_f0a4b0e54f554dea932615fcc1e81062(WIDTH=11'b01000000,PIPE=1)" end (Real time : 0s)
[EFX-0000 INFO] ... Hierarchical pre-synthesis "trigger_unit_f0a4b0e54f554dea932615fcc1e81062(WIDTH=32'b0110,PIPE=1)" begin
[EFX-0000 INFO] ... Hierarchical pre-synthesis "trigger_unit_f0a4b0e54f554dea932615fcc1e81062(WIDTH=32'b0110,PIPE=1)" end (Real time : 0s)
[EFX-0000 INFO] ... Hierarchical pre-synthesis "trigger_skipper_f0a4b0e54f554dea932615fcc1e81062" begin
[EFX-0000 INFO] ... Hierarchical pre-synthesis "trigger_skipper_f0a4b0e54f554dea932615fcc1e81062" end (Real time : 0s)
[EFX-0000 INFO] ... Hierarchical pre-synthesis "fifo_address_trancode_unit_f0a4b0e54f554dea932615fcc1e81062(TOTAL_ADDR_WIDTH=9,CELL_ADDR_WIDTH=10,PIPE=0)" begin
[EFX-0000 INFO] ... Hierarchical pre-synthesis "fifo_address_trancode_unit_f0a4b0e54f554dea932615fcc1e81062(TOTAL_ADDR_WIDTH=9,CELL_ADDR_WIDTH=10,PIPE=0)" end (Real time : 0s)
[EFX-0000 INFO] ... Hierarchical pre-synthesis "edb_simple_dual_port_ram_f0a4b0e54f554dea932615fcc1e81062(DATA_WIDTH=32'b0110000001,RAM_INIT_FILE="")" begin
[EFX-0000 INFO] ... Hierarchical pre-synthesis "edb_simple_dual_port_ram_f0a4b0e54f554dea932615fcc1e81062(DATA_WIDTH=32'b0110000001,RAM_INIT_FILE="")" end (Real time : 0s)
[EFX-0000 INFO] ... Hierarchical pre-synthesis "fifo_with_read_f0a4b0e54f554dea932615fcc1e81062(DATA_WIDTH=32'b0110000001,ADDR_WIDTH=9,PIPE=0)" begin
[EFX-0000 INFO] ... Hierarchical pre-synthesis "fifo_with_read_f0a4b0e54f554dea932615fcc1e81062(DATA_WIDTH=32'b0110000001,ADDR_WIDTH=9,PIPE=0)" end (Real time : 0s)
[EFX-0000 INFO] ... Hierarchical pre-synthesis "la_biu_f0a4b0e54f554dea932615fcc1e81062(CAPTURE_WIDTH=32'b0110000000,DATA_DEPTH=512)" begin
[EFX-0000 INFO] ... Hierarchical pre-synthesis "la_biu_f0a4b0e54f554dea932615fcc1e81062(CAPTURE_WIDTH=32'b0110000000,DATA_DEPTH=512)" end (Real time : 0s)
[EFX-0000 INFO] ... Hierarchical pre-synthesis "edb_la_top_f0a4b0e54f554dea932615fcc1e81062_renamed_due_excessive_length_1" begin
[EFX-0000 INFO] ... Hierarchical pre-synthesis "edb_la_top_f0a4b0e54f554dea932615fcc1e81062_renamed_due_excessive_length_1" end (Real time : 1s)
[EFX-0000 INFO] ... Hierarchical pre-synthesis "debug_hub_f0a4b0e54f554dea932615fcc1e81062" begin
[EFX-0000 INFO] ... Hierarchical pre-synthesis "debug_hub_f0a4b0e54f554dea932615fcc1e81062" end (Real time : 0s)
[EFX-0000 INFO] ... Hierarchical pre-synthesis "edb_top" begin
[EFX-0000 INFO] ... Clock Enable Synthesis Performed on 127 flops.
[EFX-0000 INFO] ... Hierarchical pre-synthesis "edb_top" end (Real time : 0s)
[EFX-0000 INFO] ... Flat optimizations begin
[EFX-0000 INFO] ... Flat optimizations end (Real time : 0s)
[EFX-0000 INFO] ... Flat synthesis begin
[EFX-0000 INFO] ... Flat synthesis end (Real time : 0s)
[EFX-0000 INFO] ... Flat optimizations begin
[EFX-0000 INFO] ... Flat optimizations end (Real time : 0s)
[EFX-0000 INFO] ... Check and break combinational loops begin
[EFX-0000 INFO] ... Check and break combinational loops end (Real time : 0s)
[EFX-0000 INFO] ... Setup for logic synthesis begin
[EFX-0000 INFO] ... Setup for logic synthesis end (Real time : 1s)
[EFX-0000 INFO] ... LUT mapping begin
[EFX-0000 INFO] ... LS, strategy: 3, nd: 3024, ed: 9686, lv: 7, pw: 5867.77
[EFX-0000 INFO] ... LUT mapping end (Real time : 13s)
[EFX-0000 INFO] ... Post-synthesis Verific netlist creation begin
[EFX-0000 INFO] ... Post-synthesis Verific netlist creation end (Real time : 0s)
[EFX-0011 VERI-WARNING] Input/inout port bscan_DRCK is unconnected. Place and route may remove this unconnected port. (VDB-8003) (C:/Users/Jing-XuanTan(i)/Downloads/evsoc-efinity-v2026.1.132/evsoc-efinity-v2026.1.132/cam_single/Ti60F225_dsi/work_dbg/debug_top.v:17)
[EFX-0011 VERI-WARNING] Input/inout port bscan_RUNTEST is unconnected. Place and route may remove this unconnected port. (VDB-8003) (C:/Users/Jing-XuanTan(i)/Downloads/evsoc-efinity-v2026.1.132/evsoc-efinity-v2026.1.132/cam_single/Ti60F225_dsi/work_dbg/debug_top.v:19)
[EFX-0011 VERI-WARNING] Input/inout port bscan_TMS is unconnected. Place and route may remove this unconnected port. (VDB-8003) (C:/Users/Jing-XuanTan(i)/Downloads/evsoc-efinity-v2026.1.132/evsoc-efinity-v2026.1.132/cam_single/Ti60F225_dsi/work_dbg/debug_top.v:24)
[EFX-0011 VERI-WARNING] Found 3 warnings in the post-synthesis netlist. 
[EFX-0000 INFO] Resource Summary 
[EFX-0000 INFO] ======================================= 
[EFX-0000 INFO] EFX_ADD                 : 	142
[EFX-0000 INFO] EFX_LUT4                : 	3389
[EFX-0000 INFO] EFX_FF                  : 	2592
[EFX-0000 INFO] EFX_SRL8                : 	384
[EFX-0000 INFO] EFX_RAM10               : 	20
[EFX-0000 INFO] EFX_GBUFCE              : 	1
[EFX-0000 INFO] ======================================= 

///////////////////////////////////
// Efinity Synthesis Started 
// Sep 25, 2026 14:39:29
///////////////////////////////////

[EFX-0000 INFO] ... Setting Synthesis Option: mode=speed
[EFX-0000 INFO] ... Pre-synthesis checks begin
[EFX-0200 WARNING] Removing redundant signal : Rx_HS_D_2[7:0]. (C:\Users\Jing-XuanTan(i)\Downloads\evsoc-efinity-v2026.1.132\evsoc-efinity-v2026.1.132\cam_single\Ti60F225_dsi\ip\csi2_rx_cam\csi2_rx_cam.sv:6307)
[EFX-0200 WARNING] Removing redundant signal : Rx_HS_D_3[7:0]. (C:\Users\Jing-XuanTan(i)\Downloads\evsoc-efinity-v2026.1.132\evsoc-efinity-v2026.1.132\cam_single\Ti60F225_dsi\ip\csi2_rx_cam\csi2_rx_cam.sv:6307)
[EFX-0200 WARNING] Removing redundant signal : Rx_HS_D_4[7:0]. (C:\Users\Jing-XuanTan(i)\Downloads\evsoc-efinity-v2026.1.132\evsoc-efinity-v2026.1.132\cam_single\Ti60F225_dsi\ip\csi2_rx_cam\csi2_rx_cam.sv:6307)
[EFX-0200 WARNING] Removing redundant signal : Rx_HS_D_5[7:0]. (C:\Users\Jing-XuanTan(i)\Downloads\evsoc-efinity-v2026.1.132\evsoc-efinity-v2026.1.132\cam_single\Ti60F225_dsi\ip\csi2_rx_cam\csi2_rx_cam.sv:6307)
[EFX-0200 WARNING] Removing redundant signal : Rx_HS_D_6[7:0]. (C:\Users\Jing-XuanTan(i)\Downloads\evsoc-efinity-v2026.1.132\evsoc-efinity-v2026.1.132\cam_single\Ti60F225_dsi\ip\csi2_rx_cam\csi2_rx_cam.sv:6307)
[EFX-0200 WARNING] Removing redundant signal : Rx_HS_D_7[7:0]. (C:\Users\Jing-XuanTan(i)\Downloads\evsoc-efinity-v2026.1.132\evsoc-efinity-v2026.1.132\cam_single\Ti60F225_dsi\ip\csi2_rx_cam\csi2_rx_cam.sv:6307)
[EFX-0200 WARNING] Removing redundant signal : u_dly_enable_D[1:0]. (C:\Users\Jing-XuanTan(i)\Downloads\evsoc-efinity-v2026.1.132\evsoc-efinity-v2026.1.132\cam_single\Ti60F225_dsi\ip\csi2_rx_cam\csi2_rx_cam.sv:6307)
[EFX-0200 WARNING] Removing redundant signal : u_dly_inc_D[1:0]. (C:\Users\Jing-XuanTan(i)\Downloads\evsoc-efinity-v2026.1.132\evsoc-efinity-v2026.1.132\cam_single\Ti60F225_dsi\ip\csi2_rx_cam\csi2_rx_cam.sv:6307)
[EFX-0200 WARNING] Removing redundant signal : axi_awaddr[1:0]. (C:\Users\Jing-XuanTan(i)\Downloads\evsoc-efinity-v2026.1.132\evsoc-efinity-v2026.1.132\cam_single\Ti60F225_dsi\ip\csi2_rx_cam\csi2_rx_cam.sv:5564)
[EFX-0200 WARNING] Removing redundant signal : axi_araddr[1:0]. (C:\Users\Jing-XuanTan(i)\Downloads\evsoc-efinity-v2026.1.132\evsoc-efinity-v2026.1.132\cam_single\Ti60F225_dsi\ip\csi2_rx_cam\csi2_rx_cam.sv:5564)
[EFX-0200 WARNING] Removing redundant signal : loc_rdata[31:0]. (C:\Users\Jing-XuanTan(i)\Downloads\evsoc-efinity-v2026.1.132\evsoc-efinity-v2026.1.132\cam_single\Ti60F225_dsi\ip\csi2_rx_cam\csi2_rx_cam.sv:5564)
[EFX-0200 WARNING] Removing redundant signal : nextCRC16_D16[15:0]. (C:\Users\Jing-XuanTan(i)\Downloads\evsoc-efinity-v2026.1.132\evsoc-efinity-v2026.1.132\cam_single\Ti60F225_dsi\ip\csi2_rx_cam\csi2_rx_cam.sv:1466)
[EFX-0200 WARNING] Removing redundant signal : nextCRC16_D16.Data[15:0]. (C:\Users\Jing-XuanTan(i)\Downloads\evsoc-efinity-v2026.1.132\evsoc-efinity-v2026.1.132\cam_single\Ti60F225_dsi\ip\csi2_rx_cam\csi2_rx_cam.sv:1466)
[EFX-0200 WARNING] Removing redundant signal : nextCRC16_D16.fcrc[15:0]. (C:\Users\Jing-XuanTan(i)\Downloads\evsoc-efinity-v2026.1.132\evsoc-efinity-v2026.1.132\cam_single\Ti60F225_dsi\ip\csi2_rx_cam\csi2_rx_cam.sv:1466)
[EFX-0200 WARNING] Removing redundant signal : nextCRC16_D16.d[15:0]. (C:\Users\Jing-XuanTan(i)\Downloads\evsoc-efinity-v2026.1.132\evsoc-efinity-v2026.1.132\cam_single\Ti60F225_dsi\ip\csi2_rx_cam\csi2_rx_cam.sv:1466)
[EFX-0200 WARNING] Removing redundant signal : nextCRC16_D16.c[15:0]. (C:\Users\Jing-XuanTan(i)\Downloads\evsoc-efinity-v2026.1.132\evsoc-efinity-v2026.1.132\cam_single\Ti60F225_dsi\ip\csi2_rx_cam\csi2_rx_cam.sv:1466)
[EFX-0200 WARNING] Removing redundant signal : nextCRC16_D16.newcrc[15:0]. (C:\Users\Jing-XuanTan(i)\Downloads\evsoc-efinity-v2026.1.132\evsoc-efinity-v2026.1.132\cam_single\Ti60F225_dsi\ip\csi2_rx_cam\csi2_rx_cam.sv:1466)
[EFX-0200 WARNING] Removing redundant signal : nextCRC16_D8[15:0]. (C:\Users\Jing-XuanTan(i)\Downloads\evsoc-efinity-v2026.1.132\evsoc-efinity-v2026.1.132\cam_single\Ti60F225_dsi\ip\csi2_rx_cam\csi2_rx_cam.sv:1466)
[EFX-0200 WARNING] Removing redundant signal : nextCRC16_D8.Data[7:0]. (C:\Users\Jing-XuanTan(i)\Downloads\evsoc-efinity-v2026.1.132\evsoc-efinity-v2026.1.132\cam_single\Ti60F225_dsi\ip\csi2_rx_cam\csi2_rx_cam.sv:1466)
[EFX-0200 WARNING] Removing redundant signal : nextCRC16_D8.fcrc[15:0]. (C:\Users\Jing-XuanTan(i)\Downloads\evsoc-efinity-v2026.1.132\evsoc-efinity-v2026.1.132\cam_single\Ti60F225_dsi\ip\csi2_rx_cam\csi2_rx_cam.sv:1466)
[EFX-0266 INFO] Module Instance 'genblk4.ecc_check_inst' input pin 'pkt_header[24]' is tied to constant (=0).
[EFX-0266 INFO] Module Instance 'genblk4.ecc_check_inst' input pin 'pkt_header[25]' is tied to constant (=0).
[EFX-0266 INFO] Module Instance 'active_high.efx_resetsync_active_high' input pin 'd_i[0]' is tied to constant (=0).
[EFX-0677 INFO] ... Memory 'ram' is not initialized, assuming empty initial contents. (C:\Users\Jing-XuanTan(i)\Downloads\evsoc-efinity-v2026.1.132\evsoc-efinity-v2026.1.132\cam_single\Ti60F225_dsi\ip\csi2_rx_cam\csi2_rx_cam.sv:7842)
[EFX-0266 INFO] Module Instance 'genblk1[0].u1_inst' input pin 'wr_clk_i' is tied to constant (=0).
[EFX-0266 INFO] Module Instance 'genblk1[0].u1_inst' input pin 'rd_clk_i' is tied to constant (=0).
[EFX-0266 INFO] Module Instance 'genblk1[0].u1_inst' input pin 'a_wr_rst_i' is tied to constant (=0).
[EFX-0266 INFO] Module Instance 'genblk1[0].u1_inst' input pin 'a_rd_rst_i' is tied to constant (=0).
[EFX-0266 INFO] Module Instance 'genblk1[1].u1_inst' input pin 'wr_clk_i' is tied to constant (=0).
[EFX-0266 INFO] Module Instance 'genblk1[1].u1_inst' input pin 'rd_clk_i' is tied to constant (=0).
[EFX-0266 INFO] Module Instance 'genblk1[1].u1_inst' input pin 'a_wr_rst_i' is tied to constant (=0).
[EFX-0266 INFO] Module Instance 'genblk1[1].u1_inst' input pin 'a_rd_rst_i' is tied to constant (=0).
[EFX-0677 INFO] ... Memory 'ram' is not initialized, assuming empty initial contents. (C:\Users\Jing-XuanTan(i)\Downloads\evsoc-efinity-v2026.1.132\evsoc-efinity-v2026.1.132\cam_single\Ti60F225_dsi\ip\csi2_rx_cam\csi2_rx_cam.sv:7842)
[EFX-0266 INFO] Module Instance 'u1_inst' input pin 'clk_i' is tied to constant (=0).
[EFX-0266 INFO] Module Instance 'u1_inst' input pin 'a_wr_rst_i' is tied to constant (=0).
[EFX-0266 INFO] Module Instance 'u1_inst' input pin 'a_rd_rst_i' is tied to constant (=0).
[EFX-0266 INFO] Module Instance 'csi2_rx_top_inst' input pin 'RxClkEsc[0]' is tied to constant (=0).
[EFX-0266 INFO] Module Instance 'csi2_rx_top_inst' input pin 'RxClkEsc[1]' is tied to constant (=0).
[EFX-0266 INFO] Module Instance 'active_high.efx_resetsync_active_high' input pin 'd_i[0]' is tied to constant (=0).
[EFX-0677 INFO] ... Memory 'ram' is not initialized, assuming empty initial contents. (C:\Users\Jing-XuanTan(i)\Downloads\evsoc-efinity-v2026.1.132\evsoc-efinity-v2026.1.132\cam_single\Ti60F225_dsi\ip\cam_pixel_remap_fifo\cam_pixel_remap_fifo.sv:667)
[EFX-0201 WARNING] Re-wiring to GND non-driven net/port 'a_wr_rst_i' in module 'efx_fifo_top_077823fa68f649b1a7074c944568f3e4(FAMILY="TITANIUM",SYNC_CLK=1,DATA_WIDTH=40,PIPELINE_REG=0,OUTPUT_REG=1,PROGRAMMABLE_FULL="NONE",PROG_FULL_ASSERT=510,PROG_FULL_NEGATE=510,PROGRAMMABLE_EMPTY="NONE",PROG_EMPTY_ASSERT=2,PROG_EMPTY_NEGATE=3)'. (C:\Users\Jing-XuanTan(i)\Downloads\evsoc-efinity-v2026.1.132\evsoc-efinity-v2026.1.132\cam_single\Ti60F225_dsi\ip\cam_pixel_remap_fifo\cam_pixel_remap_fifo.sv:92)
[EFX-0201 WARNING] Re-wiring to GND non-driven net/port 'a_rd_rst_i' in module 'efx_fifo_top_077823fa68f649b1a7074c944568f3e4(FAMILY="TITANIUM",SYNC_CLK=1,DATA_WIDTH=40,PIPELINE_REG=0,OUTPUT_REG=1,PROGRAMMABLE_FULL="NONE",PROG_FULL_ASSERT=510,PROG_FULL_NEGATE=510,PROGRAMMABLE_EMPTY="NONE",PROG_EMPTY_ASSERT=2,PROG_EMPTY_NEGATE=3)'. (C:\Users\Jing-XuanTan(i)\Downloads\evsoc-efinity-v2026.1.132\evsoc-efinity-v2026.1.132\cam_single\Ti60F225_dsi\ip\cam_pixel_remap_fifo\cam_pixel_remap_fifo.sv:92)
[EFX-0201 WARNING] Re-wiring to GND non-driven net/port 'wr_clk_i' in module 'efx_fifo_top_077823fa68f649b1a7074c944568f3e4(FAMILY="TITANIUM",SYNC_CLK=1,DATA_WIDTH=40,PIPELINE_REG=0,OUTPUT_REG=1,PROGRAMMABLE_FULL="NONE",PROG_FULL_ASSERT=510,PROG_FULL_NEGATE=510,PROGRAMMABLE_EMPTY="NONE",PROG_EMPTY_ASSERT=2,PROG_EMPTY_NEGATE=3)'. (C:\Users\Jing-XuanTan(i)\Downloads\evsoc-efinity-v2026.1.132\evsoc-efinity-v2026.1.132\cam_single\Ti60F225_dsi\ip\cam_pixel_remap_fifo\cam_pixel_remap_fifo.sv:92)
[EFX-0201 WARNING] Re-wiring to GND non-driven net/port 'rd_clk_i' in module 'efx_fifo_top_077823fa68f649b1a7074c944568f3e4(FAMILY="TITANIUM",SYNC_CLK=1,DATA_WIDTH=40,PIPELINE_REG=0,OUTPUT_REG=1,PROGRAMMABLE_FULL="NONE",PROG_FULL_ASSERT=510,PROG_FULL_NEGATE=510,PROGRAMMABLE_EMPTY="NONE",PROG_EMPTY_ASSERT=2,PROG_EMPTY_NEGATE=3)'. (C:\Users\Jing-XuanTan(i)\Downloads\evsoc-efinity-v2026.1.132\evsoc-efinity-v2026.1.132\cam_single\Ti60F225_dsi\ip\cam_pixel_remap_fifo\cam_pixel_remap_fifo.sv:92)
[EFX-0201 WARNING] Re-wiring to GND non-driven net/port 'r_registers[12][31]' in module 'axi_lite_register(S_AXI_WSTRB_WIDTH=4)'. (C:\Users\Jing-XuanTan(i)\Downloads\evsoc-efinity-v2026.1.132\evsoc-efinity-v2026.1.132\cam_single\Ti60F225_dsi\source/isp/axi_lite_register.sv:99)
[EFX-0201 WARNING] Re-wiring to GND non-driven net/port 'r_registers[12][30]' in module 'axi_lite_register(S_AXI_WSTRB_WIDTH=4)'. (C:\Users\Jing-XuanTan(i)\Downloads\evsoc-efinity-v2026.1.132\evsoc-efinity-v2026.1.132\cam_single\Ti60F225_dsi\source/isp/axi_lite_register.sv:99)
[EFX-0201 WARNING] Re-wiring to GND non-driven net/port 'r_registers[12][29]' in module 'axi_lite_register(S_AXI_WSTRB_WIDTH=4)'. (C:\Users\Jing-XuanTan(i)\Downloads\evsoc-efinity-v2026.1.132\evsoc-efinity-v2026.1.132\cam_single\Ti60F225_dsi\source/isp/axi_lite_register.sv:99)
[EFX-0201 WARNING] Re-wiring to GND non-driven net/port 'r_registers[12][28]' in module 'axi_lite_register(S_AXI_WSTRB_WIDTH=4)'. (C:\Users\Jing-XuanTan(i)\Downloads\evsoc-efinity-v2026.1.132\evsoc-efinity-v2026.1.132\cam_single\Ti60F225_dsi\source/isp/axi_lite_register.sv:99)
[EFX-0201 WARNING] Re-wiring to GND non-driven net/port 'r_registers[12][27]' in module 'axi_lite_register(S_AXI_WSTRB_WIDTH=4)'. (C:\Users\Jing-XuanTan(i)\Downloads\evsoc-efinity-v2026.1.132\evsoc-efinity-v2026.1.132\cam_single\Ti60F225_dsi\source/isp/axi_lite_register.sv:99)
[EFX-0201 WARNING] Re-wiring to GND non-driven net/port 'r_registers[12][26]' in module 'axi_lite_register(S_AXI_WSTRB_WIDTH=4)'. (C:\Users\Jing-XuanTan(i)\Downloads\evsoc-efinity-v2026.1.132\evsoc-efinity-v2026.1.132\cam_single\Ti60F225_dsi\source/isp/axi_lite_register.sv:99)
[EFX-0677 INFO] ... Memory 'ram' is not initialized, assuming empty initial contents. (C:\Users\Jing-XuanTan(i)\Downloads\evsoc-efinity-v2026.1.132\evsoc-efinity-v2026.1.132\cam_single\Ti60F225_dsi\source/isp/simple_dual_ported_ram.sv:23)
[EFX-0677 INFO] ... Memory 'pipe_0_center' is not initialized, assuming empty initial contents. (C:\Users\Jing-XuanTan(i)\Downloads\evsoc-efinity-v2026.1.132\evsoc-efinity-v2026.1.132\cam_single\Ti60F225_dsi\source/isp/demosaic.sv:68)
[EFX-0677 INFO] ... Memory 'pipe_0_outer_horizontal' is not initialized, assuming empty initial contents. (C:\Users\Jing-XuanTan(i)\Downloads\evsoc-efinity-v2026.1.132\evsoc-efinity-v2026.1.132\cam_single\Ti60F225_dsi\source/isp/demosaic.sv:69)
[EFX-0677 INFO] ... Memory 'pipe_0_outer_vertical' is not initialized, assuming empty initial contents. (C:\Users\Jing-XuanTan(i)\Downloads\evsoc-efinity-v2026.1.132\evsoc-efinity-v2026.1.132\cam_single\Ti60F225_dsi\source/isp/demosaic.sv:70)
[EFX-0677 INFO] ... Memory 'pipe_0_inner_horizontal' is not initialized, assuming empty initial contents. (C:\Users\Jing-XuanTan(i)\Downloads\evsoc-efinity-v2026.1.132\evsoc-efinity-v2026.1.132\cam_single\Ti60F225_dsi\source/isp/demosaic.sv:71)
[EFX-0677 INFO] ... Memory 'pipe_0_inner_vertical' is not initialized, assuming empty initial contents. (C:\Users\Jing-XuanTan(i)\Downloads\evsoc-efinity-v2026.1.132\evsoc-efinity-v2026.1.132\cam_single\Ti60F225_dsi\source/isp/demosaic.sv:72)
[EFX-0677 INFO] ... Memory 'pipe_0_inner_top' is not initialized, assuming empty initial contents. (C:\Users\Jing-XuanTan(i)\Downloads\evsoc-efinity-v2026.1.132\evsoc-efinity-v2026.1.132\cam_single\Ti60F225_dsi\source/isp/demosaic.sv:73)
[EFX-0677 INFO] ... Memory 'pipe_0_inner_bottom' is not initialized, assuming empty initial contents. (C:\Users\Jing-XuanTan(i)\Downloads\evsoc-efinity-v2026.1.132\evsoc-efinity-v2026.1.132\cam_single\Ti60F225_dsi\source/isp/demosaic.sv:74)
[EFX-0677 INFO] ... Memory 'pipe_1_center' is not initialized, assuming empty initial contents. (C:\Users\Jing-XuanTan(i)\Downloads\evsoc-efinity-v2026.1.132\evsoc-efinity-v2026.1.132\cam_single\Ti60F225_dsi\source/isp/demosaic.sv:80)
[EFX-0677 INFO] ... Memory 'pipe_1_center_x5' is not initialized, assuming empty initial contents. (C:\Users\Jing-XuanTan(i)\Downloads\evsoc-efinity-v2026.1.132\evsoc-efinity-v2026.1.132\cam_single\Ti60F225_dsi\source/isp/demosaic.sv:81)
[EFX-0677 INFO] ... Memory 'pipe_1_center_x6' is not initialized, assuming empty initial contents. (C:\Users\Jing-XuanTan(i)\Downloads\evsoc-efinity-v2026.1.132\evsoc-efinity-v2026.1.132\cam_single\Ti60F225_dsi\source/isp/demosaic.sv:82)
[EFX-0677 INFO] ... Memory 'pipe_1_outer_horizontal' is not initialized, assuming empty initial contents. (C:\Users\Jing-XuanTan(i)\Downloads\evsoc-efinity-v2026.1.132\evsoc-efinity-v2026.1.132\cam_single\Ti60F225_dsi\source/isp/demosaic.sv:83)
[EFX-0677 INFO] ... Memory 'pipe_1_outer_vertical' is not initialized, assuming empty initial contents. (C:\Users\Jing-XuanTan(i)\Downloads\evsoc-efinity-v2026.1.132\evsoc-efinity-v2026.1.132\cam_single\Ti60F225_dsi\source/isp/demosaic.sv:84)
[EFX-0677 INFO] ... Memory 'pipe_1_outer_cross' is not initialized, assuming empty initial contents. (C:\Users\Jing-XuanTan(i)\Downloads\evsoc-efinity-v2026.1.132\evsoc-efinity-v2026.1.132\cam_single\Ti60F225_dsi\source/isp/demosaic.sv:85)
[EFX-0677 INFO] ... Memory 'pipe_1_inner_h_outer_v_x2' is not initialized, assuming empty initial contents. (C:\Users\Jing-XuanTan(i)\Downloads\evsoc-efinity-v2026.1.132\evsoc-efinity-v2026.1.132\cam_single\Ti60F225_dsi\source/isp/demosaic.sv:86)
[EFX-0677 INFO] ... Memory 'pipe_1_inner_v_outer_h_x2' is not initialized, assuming empty initial contents. (C:\Users\Jing-XuanTan(i)\Downloads\evsoc-efinity-v2026.1.132\evsoc-efinity-v2026.1.132\cam_single\Ti60F225_dsi\source/isp/demosaic.sv:87)
[EFX-0677 INFO] ... Memory 'pipe_1_inner_corner' is not initialized, assuming empty initial contents. (C:\Users\Jing-XuanTan(i)\Downloads\evsoc-efinity-v2026.1.132\evsoc-efinity-v2026.1.132\cam_single\Ti60F225_dsi\source/isp/demosaic.sv:88)
[EFX-0677 INFO] ... Memory 'pipe_1_inner_cross' is not initialized, assuming empty initial contents. (C:\Users\Jing-XuanTan(i)\Downloads\evsoc-efinity-v2026.1.132\evsoc-efinity-v2026.1.132\cam_single\Ti60F225_dsi\source/isp/demosaic.sv:89)
[EFX-0677 INFO] ... Memory 'pipe_2_center' is not initialized, assuming empty initial contents. (C:\Users\Jing-XuanTan(i)\Downloads\evsoc-efinity-v2026.1.132\evsoc-efinity-v2026.1.132\cam_single\Ti60F225_dsi\source/isp/demosaic.sv:95)
[EFX-0677 INFO] ... Memory 'pipe_2_center_cross_x2' is not initialized, assuming empty initial contents. (C:\Users\Jing-XuanTan(i)\Downloads\evsoc-efinity-v2026.1.132\evsoc-efinity-v2026.1.132\cam_single\Ti60F225_dsi\source/isp/demosaic.sv:96)
[EFX-0677 INFO] ... Memory 'pipe_2_outer_cross_x2' is not initialized, assuming empty initial contents. (C:\Users\Jing-XuanTan(i)\Downloads\evsoc-efinity-v2026.1.132\evsoc-efinity-v2026.1.132\cam_single\Ti60F225_dsi\source/isp/demosaic.sv:97)
[EFX-0677 INFO] ... Memory 'pipe_2_outer_cross_x3' is not initialized, assuming empty initial contents. (C:\Users\Jing-XuanTan(i)\Downloads\evsoc-efinity-v2026.1.132\evsoc-efinity-v2026.1.132\cam_single\Ti60F225_dsi\source/isp/demosaic.sv:98)
[EFX-0677 INFO] ... Memory 'pipe_2_inner_c_outer_h_x2' is not initialized, assuming empty initial contents. (C:\Users\Jing-XuanTan(i)\Downloads\evsoc-efinity-v2026.1.132\evsoc-efinity-v2026.1.132\cam_single\Ti60F225_dsi\source/isp/demosaic.sv:99)
[EFX-0677 INFO] ... Memory 'pipe_2_inner_c_outer_v_x2' is not initialized, assuming empty initial contents. (C:\Users\Jing-XuanTan(i)\Downloads\evsoc-efinity-v2026.1.132\evsoc-efinity-v2026.1.132\cam_single\Ti60F225_dsi\source/isp/demosaic.sv:100)
[EFX-0677 INFO] ... Memory 'pipe_2_rb_at_g1_x2' is not initialized, assuming empty initial contents. (C:\Users\Jing-XuanTan(i)\Downloads\evsoc-efinity-v2026.1.132\evsoc-efinity-v2026.1.132\cam_single\Ti60F225_dsi\source/isp/demosaic.sv:101)
[EFX-0677 INFO] ... Memory 'pipe_2_rb_at_g2_x2' is not initialized, assuming empty initial contents. (C:\Users\Jing-XuanTan(i)\Downloads\evsoc-efinity-v2026.1.132\evsoc-efinity-v2026.1.132\cam_single\Ti60F225_dsi\source/isp/demosaic.sv:102)
[EFX-0677 INFO] ... Memory 'pipe_2_rb_at_rb_x2' is not initialized, assuming empty initial contents. (C:\Users\Jing-XuanTan(i)\Downloads\evsoc-efinity-v2026.1.132\evsoc-efinity-v2026.1.132\cam_single\Ti60F225_dsi\source/isp/demosaic.sv:103)
[EFX-0266 INFO] Module Instance 'ccm_inst' input pin 's_axis_tdata[1]' is tied to constant (=0).
[EFX-0266 INFO] Module Instance 'ccm_inst' input pin 's_axis_tdata[2]' is tied to constant (=0).
[EFX-0266 INFO] Module Instance 'ccm_inst' input pin 's_axis_tdata[3]' is tied to constant (=0).
[EFX-0266 INFO] Module Instance 'ccm_inst' input pin 's_axis_tdata[4]' is tied to constant (=0).
[EFX-0266 INFO] Module Instance 'ccm_inst' input pin 's_axis_tdata[5]' is tied to constant (=0).
[EFX-0266 INFO] Module Instance 'ccm_inst' input pin 's_axis_tdata[6]' is tied to constant (=0).
[EFX-0266 INFO] Module Instance 'ccm_inst' input pin 's_axis_tdata[7]' is tied to constant (=0).
[EFX-0266 INFO] Module Instance 'ccm_inst' input pin 's_axis_tdata[8]' is tied to constant (=0).
[EFX-0266 INFO] Module Instance 'ccm_inst' input pin 's_axis_tdata[9]' is tied to constant (=0).
[EFX-0266 INFO] Module Instance 'ccm_inst' input pin 's_axis_tdata[10]' is tied to constant (=0).
[EFX-0266 INFO] Module Instance 'ccm_inst' input pin 's_axis_tdata[11]' is tied to constant (=0).
[EFX-0266 INFO] Module Instance 'ccm_inst' input pin 's_axis_tdata[12]' is tied to constant (=0).
[EFX-0266 INFO] Module Instance 'ccm_inst' input pin 's_axis_tdata[13]' is tied to constant (=0).
[EFX-0266 INFO] Module Instance 'ccm_inst' input pin 's_axis_tdata[14]' is tied to constant (=0).
[EFX-0266 INFO] Module Instance 'ccm_inst' input pin 's_axis_tdata[15]' is tied to constant (=0).
[EFX-0266 INFO] Module Instance 'ccm_inst' input pin 's_axis_tdata[16]' is tied to constant (=0).
[EFX-0266 INFO] Module Instance 'ccm_inst' input pin 's_axis_tdata[17]' is tied to constant (=0).
[EFX-0266 INFO] Module Instance 'ccm_inst' input pin 's_axis_tdata[18]' is tied to constant (=0).
[EFX-0266 INFO] Module Instance 'ccm_inst' input pin 's_axis_tdata[19]' is tied to constant (=0).
[EFX-0266 INFO] Module Instance 'ccm_inst' input pin 's_axis_tdata[20]' is tied to constant (=0).
[EFX-0266 INFO] Module Instance 'ccm_inst' input pin 's_axis_tdata[21]' is tied to constant (=0).
[EFX-0266 INFO] Module Instance 'ccm_inst' input pin 's_axis_tdata[22]' is tied to constant (=0).
[EFX-0266 INFO] Module Instance 'ccm_inst' input pin 's_axis_tdata[23]' is tied to constant (=0).
[EFX-0266 INFO] Module Instance 'ccm_inst' input pin 's_axis_tdata[24]' is tied to constant (=0).
[EFX-0266 INFO] Module Instance 'ccm_inst' input pin 's_axis_tdata[25]' is tied to constant (=0).
[EFX-0266 INFO] Module Instance 'ccm_inst' input pin 's_axis_tdata[26]' is tied to constant (=0).
[EFX-0266 INFO] Module Instance 'ccm_inst' input pin 's_axis_tdata[27]' is tied to constant (=0).
[EFX-0266 INFO] Module Instance 'ccm_inst' input pin 's_axis_tdata[28]' is tied to constant (=0).
[EFX-0266 INFO] Module Instance 'ccm_inst' input pin 's_axis_tdata[29]' is tied to constant (=0).
[EFX-0266 INFO] Module Instance 'ccm_inst' input pin 's_axis_tdata[30]' is tied to constant (=0).
[EFX-0266 INFO] Module Instance 'ccm_inst' input pin 's_axis_tdata[31]' is tied to constant (=0).
[EFX-0266 INFO] Module Instance 'ccm_inst' input pin 's_axis_tdata[32]' is tied to constant (=0).
[EFX-0266 INFO] Module Instance 'ccm_inst' input pin 's_axis_tdata[33]' is tied to constant (=0).
[EFX-0266 INFO] Module Instance 'ccm_inst' input pin 's_axis_tdata[34]' is tied to constant (=0).
[EFX-0266 INFO] Module Instance 'ccm_inst' input pin 's_axis_tdata[35]' is tied to constant (=0).
[EFX-0266 INFO] Module Instance 'ccm_inst' input pin 's_axis_tdata[36]' is tied to constant (=0).
[EFX-0266 INFO] Module Instance 'ccm_inst' input pin 's_axis_tdata[37]' is tied to constant (=0).
[EFX-0266 INFO] Module Instance 'ccm_inst' input pin 's_axis_tdata[38]' is tied to constant (=0).
[EFX-0266 INFO] Module Instance 'ccm_inst' input pin 's_axis_tdata[39]' is tied to constant (=0).
[EFX-0266 INFO] Module Instance 'ccm_inst' input pin 's_axis_tdata[40]' is tied to constant (=0).
[EFX-0266 INFO] Module Instance 'ccm_inst' input pin 's_axis_tdata[41]' is tied to constant (=0).
[EFX-0266 INFO] Module Instance 'ccm_inst' input pin 's_axis_tdata[42]' is tied to constant (=0).
[EFX-0266 INFO] Module Instance 'ccm_inst' input pin 's_axis_tdata[43]' is tied to constant (=0).
[EFX-0266 INFO] Module Instance 'ccm_inst' input pin 's_axis_tdata[44]' is tied to constant (=0).
[EFX-0266 INFO] Module Instance 'ccm_inst' input pin 's_axis_tdata[45]' is tied to constant (=0).
[EFX-0266 INFO] Module Instance 'ccm_inst' input pin 's_axis_tdata[46]' is tied to constant (=0).
[EFX-0266 INFO] Module Instance 'ccm_inst' input pin 's_axis_tdata[47]' is tied to constant (=0).
[EFX-0266 INFO] Module Instance 'ccm_inst' input pin 's_axis_tdata[48]' is tied to constant (=0).
[EFX-0266 INFO] Module Instance 'ccm_inst' input pin 's_axis_tdata[49]' is tied to constant (=0).
[EFX-0266 INFO] Module Instance 'ccm_inst' input pin 's_axis_tdata[50]' is tied to constant (=0).
[EFX-0266 INFO] Module Instance 'ccm_inst' input pin 's_axis_tdata[51]' is tied to constant (=0).
[EFX-0266 INFO] Module Instance 'ccm_inst' input pin 's_axis_tdata[52]' is tied to constant (=0).
[EFX-0266 INFO] Module Instance 'ccm_inst' input pin 's_axis_tdata[53]' is tied to constant (=0).
[EFX-0266 INFO] Module Instance 'ccm_inst' input pin 's_axis_tdata[54]' is tied to constant (=0).
[EFX-0266 INFO] Module Instance 'ccm_inst' input pin 's_axis_tdata[55]' is tied to constant (=0).
[EFX-0266 INFO] Module Instance 'ccm_inst' input pin 's_axis_tdata[56]' is tied to constant (=0).
[EFX-0266 INFO] Module Instance 'ccm_inst' input pin 's_axis_tdata[57]' is tied to constant (=0).
[EFX-0266 INFO] Module Instance 'ccm_inst' input pin 's_axis_tdata[58]' is tied to constant (=0).
[EFX-0266 INFO] Module Instance 'ccm_inst' input pin 's_axis_tdata[59]' is tied to constant (=0).
[EFX-0266 INFO] Module Instance 'ccm_inst' input pin 's_axis_tdata[60]' is tied to constant (=0).
[EFX-0266 INFO] Module Instance 'ccm_inst' input pin 's_axis_tdata[61]' is tied to constant (=0).
[EFX-0266 INFO] Module Instance 'ccm_inst' input pin 's_axis_tdata[62]' is tied to constant (=0).
[EFX-0266 INFO] Module Instance 'ccm_inst' input pin 's_axis_tdata[63]' is tied to constant (=0).
[EFX-0266 INFO] Module Instance 'ccm_inst' input pin 's_axis_tdata[64]' is tied to constant (=0).
[EFX-0266 INFO] Module Instance 'ccm_inst' input pin 's_axis_tdata[65]' is tied to constant (=0).
[EFX-0266 INFO] Module Instance 'ccm_inst' input pin 's_axis_tdata[66]' is tied to constant (=0).
[EFX-0266 INFO] Module Instance 'ccm_inst' input pin 's_axis_tdata[67]' is tied to constant (=0).
[EFX-0266 INFO] Module Instance 'ccm_inst' input pin 's_axis_tdata[68]' is tied to constant (=0).
[EFX-0266 INFO] Module Instance 'ccm_inst' input pin 's_axis_tdata[69]' is tied to constant (=0).
[EFX-0266 INFO] Module Instance 'ccm_inst' input pin 's_axis_tdata[70]' is tied to constant (=0).
[EFX-0266 INFO] Module Instance 'ccm_inst' input pin 's_axis_tdata[71]' is tied to constant (=0).
[EFX-0266 INFO] Module Instance 'active_high.efx_resetsync_active_high' input pin 'd_i[0]' is tied to constant (=0).
[EFX-0677 INFO] ... Memory 'ram' is not initialized, assuming empty initial contents. (C:\Users\Jing-XuanTan(i)\Downloads\evsoc-efinity-v2026.1.132\evsoc-efinity-v2026.1.132\cam_single\Ti60F225_dsi\ip\cam_dma_fifo\cam_dma_fifo.sv:667)
[EFX-0266 INFO] Module Instance 'u_isp_top' input pin 'm_axis_tready' is tied to constant (=1).
[EFX-0266 INFO] Module Instance 'inst_piv2_reg' input pin 'we1' is tied to constant (=0).
[EFX-0266 INFO] Module Instance 'inst_piv2_reg' input pin 'din1[0]' is tied to constant (=0).
[EFX-0266 INFO] Module Instance 'inst_piv2_reg' input pin 'din1[1]' is tied to constant (=0).
[EFX-0266 INFO] Module Instance 'inst_piv2_reg' input pin 'din1[2]' is tied to constant (=0).
[EFX-0266 INFO] Module Instance 'inst_piv2_reg' input pin 'din1[3]' is tied to constant (=0).
[EFX-0266 INFO] Module Instance 'inst_piv2_reg' input pin 'din1[4]' is tied to constant (=0).
[EFX-0266 INFO] Module Instance 'inst_piv2_reg' input pin 'din1[5]' is tied to constant (=0).
[EFX-0266 INFO] Module Instance 'inst_piv2_reg' input pin 'din1[6]' is tied to constant (=0).
[EFX-0266 INFO] Module Instance 'inst_piv2_reg' input pin 'din1[7]' is tied to constant (=0).
[EFX-0266 INFO] Module Instance 'inst_piv2_reg' input pin 'din1[8]' is tied to constant (=0).
[EFX-0677 INFO] ... Memory 'ram' is not initialized, assuming empty initial contents. (C:\Users\Jing-XuanTan(i)\Downloads\evsoc-efinity-v2026.1.132\evsoc-efinity-v2026.1.132\cam_single\Ti60F225_dsi\source/common/common_simple_dual_port_ram.v:24)
[EFX-0677 INFO] ... Memory 'ram' is not initialized, assuming empty initial contents. (C:\Users\Jing-XuanTan(i)\Downloads\evsoc-efinity-v2026.1.132\evsoc-efinity-v2026.1.132\cam_single\Ti60F225_dsi\ip\display_dma_fifo\display_dma_fifo.sv:667)
[EFX-0677 INFO] ... Memory 'ram' is not initialized, assuming empty initial contents. (C:\Users\Jing-XuanTan(i)\Downloads\evsoc-efinity-v2026.1.132\evsoc-efinity-v2026.1.132\cam_single\Ti60F225_dsi\ip\dsi_tx_display\dsi_tx_display.sv:12549)
[EFX-0677 INFO] ... Memory 'ram' is not initialized, assuming empty initial contents. (C:\Users\Jing-XuanTan(i)\Downloads\evsoc-efinity-v2026.1.132\evsoc-efinity-v2026.1.132\cam_single\Ti60F225_dsi\ip\dsi_tx_display\dsi_tx_display.sv:12549)
[EFX-0677 INFO] ... Memory 'ram' is not initialized, assuming empty initial contents. (C:\Users\Jing-XuanTan(i)\Downloads\evsoc-efinity-v2026.1.132\evsoc-efinity-v2026.1.132\cam_single\Ti60F225_dsi\ip\dsi_tx_display\dsi_tx_display.sv:12549)
[EFX-0677 INFO] ... Memory 'ram' is not initialized, assuming empty initial contents. (C:\Users\Jing-XuanTan(i)\Downloads\evsoc-efinity-v2026.1.132\evsoc-efinity-v2026.1.132\cam_single\Ti60F225_dsi\ip\dsi_tx_display\dsi_tx_display.sv:12549)
[EFX-0677 INFO] ... Memory 'ram' is not initialized, assuming empty initial contents. (C:\Users\Jing-XuanTan(i)\Downloads\evsoc-efinity-v2026.1.132\evsoc-efinity-v2026.1.132\cam_single\Ti60F225_dsi\ip\dsi_tx_display\dsi_tx_display.sv:12549)
[EFX-0677 INFO] ... Memory 'ram' is not initialized, assuming empty initial contents. (C:\Users\Jing-XuanTan(i)\Downloads\evsoc-efinity-v2026.1.132\evsoc-efinity-v2026.1.132\cam_single\Ti60F225_dsi\ip\hbram\hbram.sv:6067)
[EFX-0677 INFO] ... Memory 'ram' is not initialized, assuming empty initial contents. (C:\Users\Jing-XuanTan(i)\Downloads\evsoc-efinity-v2026.1.132\evsoc-efinity-v2026.1.132\cam_single\Ti60F225_dsi\ip\hbram\hbram.sv:6067)
[EFX-0677 INFO] ... Memory 'ram' is not initialized, assuming empty initial contents. (C:\Users\Jing-XuanTan(i)\Downloads\evsoc-efinity-v2026.1.132\evsoc-efinity-v2026.1.132\cam_single\Ti60F225_dsi\ip\hbram\hbram.sv:6067)
[EFX-0677 INFO] ... Memory 'ram' is not initialized, assuming empty initial contents. (C:\Users\Jing-XuanTan(i)\Downloads\evsoc-efinity-v2026.1.132\evsoc-efinity-v2026.1.132\cam_single\Ti60F225_dsi\ip\hbram\hbram.sv:6067)
[EFX-0677 INFO] ... Memory 'ram' is not initialized, assuming empty initial contents. (C:\Users\Jing-XuanTan(i)\Downloads\evsoc-efinity-v2026.1.132\evsoc-efinity-v2026.1.132\cam_single\Ti60F225_dsi\ip\hbram\hbram.sv:6067)
[EFX-0677 INFO] ... Memory 'ram' is not initialized, assuming empty initial contents. (C:\Users\Jing-XuanTan(i)\Downloads\evsoc-efinity-v2026.1.132\evsoc-efinity-v2026.1.132\cam_single\Ti60F225_dsi\ip\hbram\hbram.sv:6067)
[EFX-0677 INFO] ... Memory 'ram' is not initialized, assuming empty initial contents. (C:\Users\Jing-XuanTan(i)\Downloads\evsoc-efinity-v2026.1.132\evsoc-efinity-v2026.1.132\cam_single\Ti60F225_dsi\ip\hbram\hbram.sv:6067)
[EFX-0677 INFO] ... Memory 'banks_0' is not initialized, assuming empty initial contents. (C:\Users\Jing-XuanTan(i)\Downloads\evsoc-efinity-v2026.1.132\evsoc-efinity-v2026.1.132\cam_single\Ti60F225_dsi\ip\SapphireSoc\SapphireSoc.v:22514)
[EFX-0677 INFO] ... Memory 'ways_0_tags' is not initialized, assuming empty initial contents. (C:\Users\Jing-XuanTan(i)\Downloads\evsoc-efinity-v2026.1.132\evsoc-efinity-v2026.1.132\cam_single\Ti60F225_dsi\ip\SapphireSoc\SapphireSoc.v:22515)
[EFX-0677 INFO] ... Memory 'ways_0_tags' is not initialized, assuming empty initial contents. (C:\Users\Jing-XuanTan(i)\Downloads\evsoc-efinity-v2026.1.132\evsoc-efinity-v2026.1.132\cam_single\Ti60F225_dsi\ip\SapphireSoc\SapphireSoc.v:21768)
[EFX-0677 INFO] ... Memory 'ways_0_data_symbol0' is not initialized, assuming empty initial contents. (C:\Users\Jing-XuanTan(i)\Downloads\evsoc-efinity-v2026.1.132\evsoc-efinity-v2026.1.132\cam_single\Ti60F225_dsi\ip\SapphireSoc\SapphireSoc.v:21769)
[EFX-0677 INFO] ... Memory 'ways_0_data_symbol1' is not initialized, assuming empty initial contents. (C:\Users\Jing-XuanTan(i)\Downloads\evsoc-efinity-v2026.1.132\evsoc-efinity-v2026.1.132\cam_single\Ti60F225_dsi\ip\SapphireSoc\SapphireSoc.v:21770)
[EFX-0677 INFO] ... Memory 'ways_0_data_symbol2' is not initialized, assuming empty initial contents. (C:\Users\Jing-XuanTan(i)\Downloads\evsoc-efinity-v2026.1.132\evsoc-efinity-v2026.1.132\cam_single\Ti60F225_dsi\ip\SapphireSoc\SapphireSoc.v:21771)
[EFX-0677 INFO] ... Memory 'ways_0_data_symbol3' is not initialized, assuming empty initial contents. (C:\Users\Jing-XuanTan(i)\Downloads\evsoc-efinity-v2026.1.132\evsoc-efinity-v2026.1.132\cam_single\Ti60F225_dsi\ip\SapphireSoc\SapphireSoc.v:21772)
[EFX-0677 INFO] ... Memory 'RegFilePlugin_regFile' is not initialized, assuming empty initial contents. (C:\Users\Jing-XuanTan(i)\Downloads\evsoc-efinity-v2026.1.132\evsoc-efinity-v2026.1.132\cam_single\Ti60F225_dsi\ip\SapphireSoc\SapphireSoc.v:14206)
[EFX-0677 INFO] ... Memory 'logic_progbufX_mem' is not initialized, assuming empty initial contents. (C:\Users\Jing-XuanTan(i)\Downloads\evsoc-efinity-v2026.1.132\evsoc-efinity-v2026.1.132\cam_single\Ti60F225_dsi\ip\SapphireSoc\SapphireSoc.v:12000)
[EFX-0677 INFO] ... Memory 'logic_ram' is not initialized, assuming empty initial contents. (C:\Users\Jing-XuanTan(i)\Downloads\evsoc-efinity-v2026.1.132\evsoc-efinity-v2026.1.132\cam_single\Ti60F225_dsi\ip\SapphireSoc\SapphireSoc.v:21169)
[EFX-0677 INFO] ... Memory 'ram' is not initialized, assuming empty initial contents. (C:\Users\Jing-XuanTan(i)\Downloads\evsoc-efinity-v2026.1.132\evsoc-efinity-v2026.1.132\cam_single\Ti60F225_dsi\ip\SapphireSoc\SapphireSoc.v:20951)
[EFX-0677 INFO] ... Memory 'ram' is not initialized, assuming empty initial contents. (C:\Users\Jing-XuanTan(i)\Downloads\evsoc-efinity-v2026.1.132\evsoc-efinity-v2026.1.132\cam_single\Ti60F225_dsi\ip\SapphireSoc\SapphireSoc.v:20700)
[EFX-0677 INFO] ... Memory 'logic_ram' is not initialized, assuming empty initial contents. (C:\Users\Jing-XuanTan(i)\Downloads\evsoc-efinity-v2026.1.132\evsoc-efinity-v2026.1.132\cam_single\Ti60F225_dsi\ip\SapphireSoc\SapphireSoc.v:20389)
[EFX-0677 INFO] ... Memory 'logic_ram' is not initialized, assuming empty initial contents. (C:\Users\Jing-XuanTan(i)\Downloads\evsoc-efinity-v2026.1.132\evsoc-efinity-v2026.1.132\cam_single\Ti60F225_dsi\ip\SapphireSoc\SapphireSoc.v:19774)
[EFX-0677 INFO] ... Memory 'logic_ram' is not initialized, assuming empty initial contents. (C:\Users\Jing-XuanTan(i)\Downloads\evsoc-efinity-v2026.1.132\evsoc-efinity-v2026.1.132\cam_single\Ti60F225_dsi\ip\SapphireSoc\SapphireSoc.v:18957)
[EFX-0677 INFO] ... Memory 'logic_ram' is not initialized, assuming empty initial contents. (C:\Users\Jing-XuanTan(i)\Downloads\evsoc-efinity-v2026.1.132\evsoc-efinity-v2026.1.132\cam_single\Ti60F225_dsi\ip\SapphireSoc\SapphireSoc.v:18786)
[EFX-0677 INFO] ... Memory 'slaveReg' is not initialized, assuming empty initial contents. (C:\Users\Jing-XuanTan(i)\Downloads\evsoc-efinity-v2026.1.132\evsoc-efinity-v2026.1.132\cam_single\Ti60F225_dsi\source\hw_accel\hw_accel_apb3.v:37)
[EFX-0677 INFO] ... Memory 'banks_0_ram' is not initialized, assuming empty initial contents. (C:\Users\Jing-XuanTan(i)\Downloads\evsoc-efinity-v2026.1.132\evsoc-efinity-v2026.1.132\cam_single\Ti60F225_dsi\ip\dma\dma.v:13408)
[EFX-0677 INFO] ... Memory 'banks_1_ram' is not initialized, assuming empty initial contents. (C:\Users\Jing-XuanTan(i)\Downloads\evsoc-efinity-v2026.1.132\evsoc-efinity-v2026.1.132\cam_single\Ti60F225_dsi\ip\dma\dma.v:13409)
[EFX-0677 INFO] ... Memory 'logic_ram' is not initialized, assuming empty initial contents. (C:\Users\Jing-XuanTan(i)\Downloads\evsoc-efinity-v2026.1.132\evsoc-efinity-v2026.1.132\cam_single\Ti60F225_dsi\ip\dma\dma.v:14476)
[EFX-0677 INFO] ... Memory 'logic_ram' is not initialized, assuming empty initial contents. (C:\Users\Jing-XuanTan(i)\Downloads\evsoc-efinity-v2026.1.132\evsoc-efinity-v2026.1.132\cam_single\Ti60F225_dsi\ip\dma\dma.v:3824)
[EFX-0677 INFO] ... Memory 'logic_ram' is not initialized, assuming empty initial contents. (C:\Users\Jing-XuanTan(i)\Downloads\evsoc-efinity-v2026.1.132\evsoc-efinity-v2026.1.132\cam_single\Ti60F225_dsi\ip\dma\dma.v:9175)
[EFX-0677 INFO] ... Memory 'logic_ram' is not initialized, assuming empty initial contents. (C:\Users\Jing-XuanTan(i)\Downloads\evsoc-efinity-v2026.1.132\evsoc-efinity-v2026.1.132\cam_single\Ti60F225_dsi\ip\dma\dma.v:14294)
[EFX-0677 INFO] ... Memory 'ram' is not initialized, assuming empty initial contents. (C:\Users\Jing-XuanTan(i)\Downloads\evsoc-efinity-v2026.1.132\evsoc-efinity-v2026.1.132\cam_single\Ti60F225_dsi\ip\dma\dma.v:3136)
[EFX-0677 INFO] ... Memory 'ram' is not initialized, assuming empty initial contents. (C:\Users\Jing-XuanTan(i)\Downloads\evsoc-efinity-v2026.1.132\evsoc-efinity-v2026.1.132\cam_single\Ti60F225_dsi\ip\dma\dma.v:2839)
[EFX-0677 INFO] ... Memory 'ram' is not initialized, assuming empty initial contents. (C:\Users\Jing-XuanTan(i)\Downloads\evsoc-efinity-v2026.1.132\evsoc-efinity-v2026.1.132\cam_single\Ti60F225_dsi\ip\dma\dma.v:2627)
[EFX-0677 INFO] ... Memory 'ram' is not initialized, assuming empty initial contents. (C:\Users\Jing-XuanTan(i)\Downloads\evsoc-efinity-v2026.1.132\evsoc-efinity-v2026.1.132\cam_single\Ti60F225_dsi\ip\dma\dma.v:2415)
[EFX-0677 INFO] ... Memory 'ram' is not initialized, assuming empty initial contents. (C:\Users\Jing-XuanTan(i)\Downloads\evsoc-efinity-v2026.1.132\evsoc-efinity-v2026.1.132\cam_single\Ti60F225_dsi\ip\dma\dma.v:2203)
[EFX-0000 INFO] ... Pre-synthesis checks end (Real time : 0s)
[EFX-0000 INFO] ... NameSpace init begin
[EFX-0000 INFO] ... NameSpace init end (Real time : 0s)
[EFX-0000 INFO] ... Mapping design "edge_vision_soc"
[EFX-0000 INFO] ... Hierarchical pre-synthesis "reset(OUT_RST_ACTIVE="LOW")" begin
[EFX-0000 INFO] ... Hierarchical pre-synthesis "reset(OUT_RST_ACTIVE="LOW")" end (Real time : 0s)
[EFX-0000 INFO] ... Hierarchical pre-synthesis "reset" begin
[EFX-0000 INFO] ... Hierarchical pre-synthesis "reset" end (Real time : 0s)
[EFX-0000 INFO] ... Hierarchical pre-synthesis "common_reset(NUM_RST=8,IN_RST_ACTIVE=8'b0,OUT_RST_ACTIVE=8'b0101010)" begin
[EFX-0000 INFO] ... Hierarchical pre-synthesis "common_reset(NUM_RST=8,IN_RST_ACTIVE=8'b0,OUT_RST_ACTIVE=8'b0101010)" end (Real time : 0s)
[EFX-0000 INFO] ... Hierarchical pre-synthesis "dphy_rx_clane_fsm_f123b49f0f574f64a9a2982368753f7b" begin
[EFX-0000 INFO] ... Hierarchical pre-synthesis "dphy_rx_clane_fsm_f123b49f0f574f64a9a2982368753f7b" end (Real time : 0s)
[EFX-0000 INFO] ... Hierarchical pre-synthesis "dphy_rx_dlane_fsm_f123b49f0f574f64a9a2982368753f7b(HS_BYTECLK_MHZ=113)" begin
[EFX-0000 INFO] ... Hierarchical pre-synthesis "dphy_rx_dlane_fsm_f123b49f0f574f64a9a2982368753f7b(HS_BYTECLK_MHZ=113)" end (Real time : 0s)
[EFX-0000 INFO] ... Hierarchical pre-synthesis "dphy_rx_dword_align_f123b49f0f574f64a9a2982368753f7b(HS_DATA_WIDTH=8)" begin
[EFX-0000 INFO] ... Hierarchical pre-synthesis "dphy_rx_dword_align_f123b49f0f574f64a9a2982368753f7b(HS_DATA_WIDTH=8)" end (Real time : 0s)
[EFX-0000 INFO] ... Hierarchical pre-synthesis "efx_asyncreg_f123b49f0f574f64a9a2982368753f7b(WIDTH=1)" begin
[EFX-0000 INFO] ... Hierarchical pre-synthesis "efx_asyncreg_f123b49f0f574f64a9a2982368753f7b(WIDTH=1)" end (Real time : 0s)
[EFX-0000 INFO] ... Hierarchical pre-synthesis "dphy_rx_deskew_cal_f123b49f0f574f64a9a2982368753f7b" begin
[EFX-0000 INFO] ... Hierarchical pre-synthesis "dphy_rx_deskew_cal_f123b49f0f574f64a9a2982368753f7b" end (Real time : 0s)
[EFX-0000 INFO] ... Hierarchical pre-synthesis "efx_dphy_rx_f123b49f0f574f64a9a2982368753f7b(HS_BYTECLK_MHZ=113,NUM_DATA_LANE=2,ENABLE_USER_DESKEWCAL=1'b0,DPHY_CLOCK_MODE="Discontinuous")" begin
[EFX-0000 INFO] ... Hierarchical pre-synthesis "efx_dphy_rx_f123b49f0f574f64a9a2982368753f7b(HS_BYTECLK_MHZ=113,NUM_DATA_LANE=2,ENABLE_USER_DESKEWCAL=1'b0,DPHY_CLOCK_MODE="Discontinuous")" end (Real time : 0s)
[EFX-0000 INFO] ... Hierarchical pre-synthesis "efx_asyncreg_f123b49f0f574f64a9a2982368753f7b(WIDTH=2)" begin
[EFX-0000 INFO] ... Hierarchical pre-synthesis "efx_asyncreg_f123b49f0f574f64a9a2982368753f7b(WIDTH=2)" end (Real time : 0s)
[EFX-0000 INFO] ... Hierarchical pre-synthesis "efx_asyncreg_f123b49f0f574f64a9a2982368753f7b" begin
[EFX-0000 INFO] ... Hierarchical pre-synthesis "efx_asyncreg_f123b49f0f574f64a9a2982368753f7b" end (Real time : 0s)
[EFX-0000 INFO] ... Hierarchical pre-synthesis "efx_csi2_rx_csr_f123b49f0f574f64a9a2982368753f7b(NUM_DATA_LANE=2)" begin
[EFX-0000 INFO] ... Hierarchical pre-synthesis "efx_csi2_rx_csr_f123b49f0f574f64a9a2982368753f7b(NUM_DATA_LANE=2)" end (Real time : 0s)
[EFX-0000 INFO] ... Hierarchical pre-synthesis "efx_csi2_ecc_check_f123b49f0f574f64a9a2982368753f7b" begin
[EFX-0000 INFO] ... Hierarchical pre-synthesis "efx_csi2_ecc_check_f123b49f0f574f64a9a2982368753f7b" end (Real time : 0s)
[EFX-0000 INFO] ... Hierarchical pre-synthesis "efx_csi2_crc16_d16_gen_f123b49f0f574f64a9a2982368753f7b" begin
[EFX-0000 INFO] ... Hierarchical pre-synthesis "efx_csi2_crc16_d16_gen_f123b49f0f574f64a9a2982368753f7b" end (Real time : 0s)
[EFX-0000 INFO] ... Hierarchical pre-synthesis "efx_csi2_depacketizer_f123b49f0f574f64a9a2982368753f7b(ENABLE_VCX=1'b0,NUM_DATA_LANE=2)" begin
[EFX-0000 INFO] ... Hierarchical pre-synthesis "efx_csi2_depacketizer_f123b49f0f574f64a9a2982368753f7b(ENABLE_VCX=1'b0,NUM_DATA_LANE=2)" end (Real time : 0s)
[EFX-0000 INFO] ... Hierarchical pre-synthesis "efx_asyncreg_f123b49f0f574f64a9a2982368753f7b(WIDTH=1,ACTIVE_LOW=0,RST_VALUE=1)" begin
[EFX-0000 INFO] ... Hierarchical pre-synthesis "efx_asyncreg_f123b49f0f574f64a9a2982368753f7b(WIDTH=1,ACTIVE_LOW=0,RST_VALUE=1)" end (Real time : 0s)
[EFX-0000 INFO] ... Hierarchical pre-synthesis "efx_resetsync_f123b49f0f574f64a9a2982368753f7b(ACTIVE_LOW=0)" begin
[EFX-0000 INFO] ... Hierarchical pre-synthesis "efx_resetsync_f123b49f0f574f64a9a2982368753f7b(ACTIVE_LOW=0)" end (Real time : 0s)
[EFX-0000 INFO] ... Hierarchical pre-synthesis "efx_fifo_ram_f123b49f0f574f64a9a2982368753f7b(WR_DEPTH=16,RD_DEPTH=16,WADDR_WIDTH=4,RADDR_WIDTH=4,OUTPUT_REG=0,RAM_MUX_RATIO=1)" begin
[EFX-0000 INFO] ... Hierarchical pre-synthesis "efx_fifo_ram_f123b49f0f574f64a9a2982368753f7b(WR_DEPTH=16,RD_DEPTH=16,WADDR_WIDTH=4,RADDR_WIDTH=4,OUTPUT_REG=0,RAM_MUX_RATIO=1)" end (Real time : 0s)
[EFX-0000 INFO] ... Hierarchical pre-synthesis "efx_fifo_ctl_f123b49f0f574f64a9a2982368753f7b(MODE="FWFT",WR_DEPTH=16,WADDR_WIDTH=4,RADDR_WIDTH=4,ALMOST_FLAG=0,PROG_FULL_ASSERT=16,PROG_FULL_NEGATE=16,HANDSHAKE_FLAG=0,OVERFLOW_PROTECT=1,UNDERFLOW_PROTECT=1)" begin
[EFX-0000 INFO] ... Hierarchical pre-synthesis "efx_fifo_ctl_f123b49f0f574f64a9a2982368753f7b(MODE="FWFT",WR_DEPTH=16,WADDR_WIDTH=4,RADDR_WIDTH=4,ALMOST_FLAG=0,PROG_FULL_ASSERT=16,PROG_FULL_NEGATE=16,HANDSHAKE_FLAG=0,OVERFLOW_PROTECT=1,UNDERFLOW_PROTECT=1)" end (Real time : 0s)
[EFX-0000 INFO] ... Hierarchical pre-synthesis "efx_fifo_top_f123b49f0f574f64a9a2982368753f7b(SYNC_CLK=1,MODE="FWFT",DEPTH=16,DATA_WIDTH=8,OPTIONAL_FLAGS=0,PROGRAMMABLE_FULL="NONE",PROG_FULL_ASSERT=16,PROG_FULL_NEGATE=16,PROGRAMMABLE_EMPTY="NONE",PROG_EMPTY_ASSERT=0,PROG_EMPTY_NEGATE=0)" begin
[EFX-0000 INFO] ... Hierarchical pre-synthesis "efx_fifo_top_f123b49f0f574f64a9a2982368753f7b(SYNC_CLK=1,MODE="FWFT",DEPTH=16,DATA_WIDTH=8,OPTIONAL_FLAGS=0,PROGRAMMABLE_FULL="NONE",PROG_FULL_ASSERT=16,PROG_FULL_NEGATE=16,PROGRAMMABLE_EMPTY="NONE",PROG_EMPTY_ASSERT=0,PROG_EMPTY_NEGATE=0)" end (Real time : 0s)
[EFX-0000 INFO] ... Hierarchical pre-synthesis "efx_csi2_lane_aligner_f123b49f0f574f64a9a2982368753f7b(NUM_DATA_LANE=2)" begin
[EFX-0000 INFO] ... Hierarchical pre-synthesis "efx_csi2_lane_aligner_f123b49f0f574f64a9a2982368753f7b(NUM_DATA_LANE=2)" end (Real time : 0s)
[EFX-0000 INFO] ... Hierarchical pre-synthesis "efx_asyncreg_f123b49f0f574f64a9a2982368753f7b(WIDTH=16)" begin
[EFX-0000 INFO] ... Hierarchical pre-synthesis "efx_asyncreg_f123b49f0f574f64a9a2982368753f7b(WIDTH=16)" end (Real time : 0s)
[EFX-0000 INFO] ... Hierarchical pre-synthesis "efx_csi2_depack40bit_f123b49f0f574f64a9a2982368753f7b" begin
[EFX-0000 INFO] ... Hierarchical pre-synthesis "efx_csi2_depack40bit_f123b49f0f574f64a9a2982368753f7b" end (Real time : 0s)
[EFX-0000 INFO] ... Hierarchical pre-synthesis "efx_csi2_depack48bit_f123b49f0f574f64a9a2982368753f7b" begin
[EFX-0000 INFO] ... Hierarchical pre-synthesis "efx_csi2_depack48bit_f123b49f0f574f64a9a2982368753f7b" end (Real time : 0s)
[EFX-0000 INFO] ... Hierarchical pre-synthesis "efx_csi2_depack56bit_f123b49f0f574f64a9a2982368753f7b" begin
[EFX-0000 INFO] ... Hierarchical pre-synthesis "efx_csi2_depack56bit_f123b49f0f574f64a9a2982368753f7b" end (Real time : 0s)
[EFX-0000 INFO] ... Hierarchical pre-synthesis "efx_csi2_depack64bit_f123b49f0f574f64a9a2982368753f7b" begin
[EFX-0000 INFO] ... Hierarchical pre-synthesis "efx_csi2_depack64bit_f123b49f0f574f64a9a2982368753f7b" end (Real time : 0s)
[EFX-0000 INFO] ... Hierarchical pre-synthesis "efx_fifo_ram_f123b49f0f574f64a9a2982368753f7b(WR_DEPTH=2048,RD_DEPTH=2048,WDATA_WIDTH=64,RDATA_WIDTH=64,WADDR_WIDTH=11,RADDR_WIDTH=11,OUTPUT_REG=0,RAM_MUX_RATIO=1)" begin
[EFX-0000 INFO] ... Hierarchical pre-synthesis "efx_fifo_ram_f123b49f0f574f64a9a2982368753f7b(WR_DEPTH=2048,RD_DEPTH=2048,WDATA_WIDTH=64,RDATA_WIDTH=64,WADDR_WIDTH=11,RADDR_WIDTH=11,OUTPUT_REG=0,RAM_MUX_RATIO=1)" end (Real time : 0s)
[EFX-0000 INFO] ... Hierarchical pre-synthesis "efx_fifo_bin2gray_f123b49f0f574f64a9a2982368753f7b(WIDTH=12)" begin
[EFX-0000 INFO] ... Hierarchical pre-synthesis "efx_fifo_bin2gray_f123b49f0f574f64a9a2982368753f7b(WIDTH=12)" end (Real time : 0s)
[EFX-0000 INFO] ... Hierarchical pre-synthesis "efx_asyncreg_f123b49f0f574f64a9a2982368753f7b(WIDTH=12,ACTIVE_LOW=0,OFF_ASSERTION=1)" begin
[EFX-0000 INFO] ... Hierarchical pre-synthesis "efx_asyncreg_f123b49f0f574f64a9a2982368753f7b(WIDTH=12,ACTIVE_LOW=0,OFF_ASSERTION=1)" end (Real time : 0s)
[EFX-0000 INFO] ... Hierarchical pre-synthesis "efx_fifo_gray2bin_f123b49f0f574f64a9a2982368753f7b(WIDTH=2)" begin
[EFX-0000 INFO] ... Hierarchical pre-synthesis "efx_fifo_gray2bin_f123b49f0f574f64a9a2982368753f7b(WIDTH=2)" end (Real time : 0s)
[EFX-0000 INFO] ... Hierarchical pre-synthesis "efx_fifo_gray2bin_f123b49f0f574f64a9a2982368753f7b(WIDTH=3)" begin
[EFX-0000 INFO] ... Hierarchical pre-synthesis "efx_fifo_gray2bin_f123b49f0f574f64a9a2982368753f7b(WIDTH=3)" end (Real time : 0s)
[EFX-0000 INFO] ... Hierarchical pre-synthesis "efx_fifo_gray2bin_f123b49f0f574f64a9a2982368753f7b(WIDTH=4)" begin
[EFX-0000 INFO] ... Hierarchical pre-synthesis "efx_fifo_gray2bin_f123b49f0f574f64a9a2982368753f7b(WIDTH=4)" end (Real time : 0s)
[EFX-0000 INFO] ... Hierarchical pre-synthesis "efx_fifo_gray2bin_f123b49f0f574f64a9a2982368753f7b" begin
[EFX-0000 INFO] ... Hierarchical pre-synthesis "efx_fifo_gray2bin_f123b49f0f574f64a9a2982368753f7b" end (Real time : 0s)
[EFX-0000 INFO] ... Hierarchical pre-synthesis "efx_fifo_gray2bin_f123b49f0f574f64a9a2982368753f7b(WIDTH=6)" begin
[EFX-0000 INFO] ... Hierarchical pre-synthesis "efx_fifo_gray2bin_f123b49f0f574f64a9a2982368753f7b(WIDTH=6)" end (Real time : 0s)
[EFX-0000 INFO] ... Hierarchical pre-synthesis "efx_fifo_gray2bin_f123b49f0f574f64a9a2982368753f7b(WIDTH=7)" begin
[EFX-0000 INFO] ... Hierarchical pre-synthesis "efx_fifo_gray2bin_f123b49f0f574f64a9a2982368753f7b(WIDTH=7)" end (Real time : 0s)
[EFX-0000 INFO] ... Hierarchical pre-synthesis "efx_fifo_gray2bin_f123b49f0f574f64a9a2982368753f7b(WIDTH=8)" begin
[EFX-0000 INFO] ... Hierarchical pre-synthesis "efx_fifo_gray2bin_f123b49f0f574f64a9a2982368753f7b(WIDTH=8)" end (Real time : 0s)
[EFX-0000 INFO] ... Hierarchical pre-synthesis "efx_fifo_gray2bin_f123b49f0f574f64a9a2982368753f7b(WIDTH=9)" begin
[EFX-0000 INFO] ... Hierarchical pre-synthesis "efx_fifo_gray2bin_f123b49f0f574f64a9a2982368753f7b(WIDTH=9)" end (Real time : 0s)
[EFX-0000 INFO] ... Hierarchical pre-synthesis "efx_fifo_gray2bin_f123b49f0f574f64a9a2982368753f7b(WIDTH=10)" begin
[EFX-0000 INFO] ... Hierarchical pre-synthesis "efx_fifo_gray2bin_f123b49f0f574f64a9a2982368753f7b(WIDTH=10)" end (Real time : 0s)
[EFX-0000 INFO] ... Hierarchical pre-synthesis "efx_fifo_gray2bin_f123b49f0f574f64a9a2982368753f7b(WIDTH=11)" begin
[EFX-0000 INFO] ... Hierarchical pre-synthesis "efx_fifo_gray2bin_f123b49f0f574f64a9a2982368753f7b(WIDTH=11)" end (Real time : 0s)
[EFX-0000 INFO] ... Hierarchical pre-synthesis "efx_fifo_gray2bin_f123b49f0f574f64a9a2982368753f7b(WIDTH=12)" begin
[EFX-0000 INFO] ... Hierarchical pre-synthesis "efx_fifo_gray2bin_f123b49f0f574f64a9a2982368753f7b(WIDTH=12)" end (Real time : 0s)
[EFX-0000 INFO] ... Hierarchical pre-synthesis "efx_fifo_ctl_f123b49f0f574f64a9a2982368753f7b(SYNC_CLK=0,MODE="FWFT",WR_DEPTH=2048,WADDR_WIDTH=11,RADDR_WIDTH=11,ALMOST_FLAG=0,PROG_FULL_ASSERT=2048,PROG_FULL_NEGATE=2048,PROGRAMMABLE_EMPTY="STATIC_DUAL",PROG_EMPTY_ASSERT=1,PROG_EMPTY_NEGATE=1,HANDSHAKE_FLAG=0,OVERFLOW_PROTECT=1,UNDERFLOW_PROTECT=1)" begin
[EFX-0000 INFO] ... Hierarchical pre-synthesis "efx_fifo_ctl_f123b49f0f574f64a9a2982368753f7b(SYNC_CLK=0,MODE="FWFT",WR_DEPTH=2048,WADDR_WIDTH=11,RADDR_WIDTH=11,ALMOST_FLAG=0,PROG_FULL_ASSERT=2048,PROG_FULL_NEGATE=2048,PROGRAMMABLE_EMPTY="STATIC_DUAL",PROG_EMPTY_ASSERT=1,PROG_EMPTY_NEGATE=1,HANDSHAKE_FLAG=0,OVERFLOW_PROTECT=1,UNDERFLOW_PROTECT=1)" end (Real time : 0s)
[EFX-0000 INFO] ... Hierarchical pre-synthesis "efx_fifo_top_f123b49f0f574f64a9a2982368753f7b(MODE="FWFT",DEPTH=2048,DATA_WIDTH=64,OPTIONAL_FLAGS=0,PROGRAMMABLE_FULL="NONE",PROG_FULL_ASSERT=2048,PROG_FULL_NEGATE=2048,PROG_EMPTY_ASSERT=1,PROG_EMPTY_NEGATE=1)" begin
[EFX-0000 INFO] ... Hierarchical pre-synthesis "efx_fifo_top_f123b49f0f574f64a9a2982368753f7b(MODE="FWFT",DEPTH=2048,DATA_WIDTH=64,OPTIONAL_FLAGS=0,PROGRAMMABLE_FULL="NONE",PROG_FULL_ASSERT=2048,PROG_FULL_NEGATE=2048,PROG_EMPTY_ASSERT=1,PROG_EMPTY_NEGATE=1)" end (Real time : 0s)
[EFX-0000 INFO] ... Hierarchical pre-synthesis "efx_csi2_byte2pixel_f123b49f0f574f64a9a2982368753f7b(PIXEL_FIFO_DEPTH=2048,ENABLE_VCX=1'b0,PACK_TYPE=15)" begin
[EFX-0000 INFO] ... Hierarchical pre-synthesis "efx_csi2_byte2pixel_f123b49f0f574f64a9a2982368753f7b(PIXEL_FIFO_DEPTH=2048,ENABLE_VCX=1'b0,PACK_TYPE=15)" end (Real time : 1s)
[EFX-0000 INFO] ... Hierarchical pre-synthesis "efx_csi2_rx_top_f123b49f0f574f64a9a2982368753f7b(HS_DATA_WIDTH=8,tINIT_NS=100000,NUM_DATA_LANE=2,PACK_TYPE=15,ENABLE_VCX=1'b0,PIXEL_FIFO_DEPTH=2048)" begin
[EFX-0000 INFO] ... Hierarchical pre-synthesis "efx_csi2_rx_top_f123b49f0f574f64a9a2982368753f7b(HS_DATA_WIDTH=8,tINIT_NS=100000,NUM_DATA_LANE=2,PACK_TYPE=15,ENABLE_VCX=1'b0,PIXEL_FIFO_DEPTH=2048)" end (Real time : 1s)
[EFX-0000 INFO] ... Hierarchical pre-synthesis "efx_csi2_rx_f123b49f0f574f64a9a2982368753f7b(NUM_DATA_LANE=2,HS_BYTECLK_MHZ=113,DPHY_CLOCK_MODE="Discontinuous",PIXEL_FIFO_DEPTH=2048,ENABLE_USER_DESKEWCAL=1'b0,ENABLE_VCX=1'b0,PACK_TYPE=15)" begin
[EFX-0000 INFO] ... Hierarchical pre-synthesis "efx_csi2_rx_f123b49f0f574f64a9a2982368753f7b(NUM_DATA_LANE=2,HS_BYTECLK_MHZ=113,DPHY_CLOCK_MODE="Discontinuous",PIXEL_FIFO_DEPTH=2048,ENABLE_USER_DESKEWCAL=1'b0,ENABLE_VCX=1'b0,PACK_TYPE=15)" end (Real time : 0s)
[EFX-0000 INFO] ... Hierarchical pre-synthesis "csi2_rx_cam" begin
[EFX-0000 INFO] ... Hierarchical pre-synthesis "csi2_rx_cam" end (Real time : 0s)
[EFX-0000 INFO] ... Hierarchical pre-synthesis "efx_asyncreg_077823fa68f649b1a7074c944568f3e4(WIDTH=1,ACTIVE_LOW=0,RST_VALUE=1)" begin
[EFX-0000 INFO] ... Hierarchical pre-synthesis "efx_asyncreg_077823fa68f649b1a7074c944568f3e4(WIDTH=1,ACTIVE_LOW=0,RST_VALUE=1)" end (Real time : 0s)
[EFX-0000 INFO] ... Hierarchical pre-synthesis "efx_resetsync_077823fa68f649b1a7074c944568f3e4(ACTIVE_LOW=0)" begin
[EFX-0000 INFO] ... Hierarchical pre-synthesis "efx_resetsync_077823fa68f649b1a7074c944568f3e4(ACTIVE_LOW=0)" end (Real time : 0s)
[EFX-0000 INFO] ... Hierarchical pre-synthesis "efx_fifo_ram_077823fa68f649b1a7074c944568f3e4(FAMILY="TITANIUM",WDATA_WIDTH=40,RDATA_WIDTH=40,RAM_MUX_RATIO=1)" begin
[EFX-0000 INFO] ... Hierarchical pre-synthesis "efx_fifo_ram_077823fa68f649b1a7074c944568f3e4(FAMILY="TITANIUM",WDATA_WIDTH=40,RDATA_WIDTH=40,RAM_MUX_RATIO=1)" end (Real time : 0s)
[EFX-0000 INFO] ... Hierarchical pre-synthesis "efx_fifo_ctl_077823fa68f649b1a7074c944568f3e4(PIPELINE_REG=0,PROG_FULL_ASSERT=510,PROG_FULL_NEGATE=510,PROG_EMPTY_ASSERT=2,PROG_EMPTY_NEGATE=3,OUTPUT_REG=1,OVERFLOW_PROTECT=1,UNDERFLOW_PROTECT=1)" begin
[EFX-0000 INFO] ... Hierarchical pre-synthesis "efx_fifo_ctl_077823fa68f649b1a7074c944568f3e4(PIPELINE_REG=0,PROG_FULL_ASSERT=510,PROG_FULL_NEGATE=510,PROG_EMPTY_ASSERT=2,PROG_EMPTY_NEGATE=3,OUTPUT_REG=1,OVERFLOW_PROTECT=1,UNDERFLOW_PROTECT=1)" end (Real time : 0s)
[EFX-0000 INFO] ... Hierarchical pre-synthesis "efx_fifo_top_077823fa68f649b1a7074c944568f3e4(FAMILY="TITANIUM",SYNC_CLK=1,DATA_WIDTH=40,PIPELINE_REG=0,OUTPUT_REG=1,PROGRAMMABLE_FULL="NONE",PROG_FULL_ASSERT=510,PROG_FULL_NEGATE=510,PROGRAMMABLE_EMPTY="NONE",PROG_EMPTY_ASSERT=2,PROG_EMPTY_NEGATE=3)" begin
[EFX-0000 INFO] ... Hierarchical pre-synthesis "efx_fifo_top_077823fa68f649b1a7074c944568f3e4(FAMILY="TITANIUM",SYNC_CLK=1,DATA_WIDTH=40,PIPELINE_REG=0,OUTPUT_REG=1,PROGRAMMABLE_FULL="NONE",PROG_FULL_ASSERT=510,PROG_FULL_NEGATE=510,PROGRAMMABLE_EMPTY="NONE",PROG_EMPTY_ASSERT=2,PROG_EMPTY_NEGATE=3)" end (Real time : 0s)
[EFX-0000 INFO] ... Hierarchical pre-synthesis "cam_pixel_remap_fifo" begin
[EFX-0000 INFO] ... Hierarchical pre-synthesis "cam_pixel_remap_fifo" end (Real time : 0s)
[EFX-0000 INFO] ... Hierarchical pre-synthesis "min_max_timer(TIMER_WIDTH=30)" begin
[EFX-0000 INFO] ... Hierarchical pre-synthesis "min_max_timer(TIMER_WIDTH=30)" end (Real time : 0s)
[EFX-0000 INFO] ... Hierarchical pre-synthesis "axi_lite_register(S_AXI_WSTRB_WIDTH=4)" begin
[EFX-0000 INFO] ... Hierarchical pre-synthesis "axi_lite_register(S_AXI_WSTRB_WIDTH=4)" end (Real time : 0s)
[EFX-0000 INFO] ... Hierarchical pre-synthesis "blc(PIXEL_PER_CYCLE=2,PIXEL_BIT_WIDTH=12)" begin
[EFX-0000 INFO] ... Hierarchical pre-synthesis "blc(PIXEL_PER_CYCLE=2,PIXEL_BIT_WIDTH=12)" end (Real time : 0s)
[EFX-0000 INFO] ... Hierarchical pre-synthesis "colorgain(PIXEL_PER_CYCLE=2,PIXEL_BIT_WIDTH=12)" begin
[EFX-0000 INFO] ... Hierarchical pre-synthesis "colorgain(PIXEL_PER_CYCLE=2,PIXEL_BIT_WIDTH=12)" end (Real time : 0s)
[EFX-0000 INFO] ... Hierarchical pre-synthesis "skidbuffer(DATA_WIDTH=24)" begin
[EFX-0000 INFO] ... Hierarchical pre-synthesis "skidbuffer(DATA_WIDTH=24)" end (Real time : 0s)
[EFX-0000 INFO] ... Hierarchical pre-synthesis "simple_dual_ported_ram(DATA_WIDTH=24)" begin
[EFX-0000 INFO] ... Hierarchical pre-synthesis "simple_dual_ported_ram(DATA_WIDTH=24)" end (Real time : 0s)
[EFX-0000 INFO] ... Hierarchical pre-synthesis "linebuffer(MAX_RESOLUTION=2048,PIXEL_PER_CYCLE=2,PIXEL_BIT_WIDTH=12)" begin
[EFX-0000 INFO] ... Hierarchical pre-synthesis "linebuffer(MAX_RESOLUTION=2048,PIXEL_PER_CYCLE=2,PIXEL_BIT_WIDTH=12)" end (Real time : 0s)
[EFX-0000 INFO] ... Hierarchical pre-synthesis "demosaic(MAX_RESOLUTION=2048,PIXEL_PER_CYCLE=2)" begin
[EFX-0657 WARNING] Mapping into logic memory block 'pipe_0_center' (28 bits) (C:\Users\Jing-XuanTan(i)\Downloads\evsoc-efinity-v2026.1.132\evsoc-efinity-v2026.1.132\cam_single\Ti60F225_dsi\source/isp/demosaic.sv:68) because size is too small (<=64)
[EFX-0657 WARNING] Mapping into logic memory block 'pipe_0_outer_horizontal' (28 bits) (C:\Users\Jing-XuanTan(i)\Downloads\evsoc-efinity-v2026.1.132\evsoc-efinity-v2026.1.132\cam_single\Ti60F225_dsi\source/isp/demosaic.sv:69) because size is too small (<=64)
[EFX-0657 WARNING] Mapping into logic memory block 'pipe_0_outer_vertical' (28 bits) (C:\Users\Jing-XuanTan(i)\Downloads\evsoc-efinity-v2026.1.132\evsoc-efinity-v2026.1.132\cam_single\Ti60F225_dsi\source/isp/demosaic.sv:70) because size is too small (<=64)
[EFX-0657 WARNING] Mapping into logic memory block 'pipe_0_inner_horizontal' (28 bits) (C:\Users\Jing-XuanTan(i)\Downloads\evsoc-efinity-v2026.1.132\evsoc-efinity-v2026.1.132\cam_single\Ti60F225_dsi\source/isp/demosaic.sv:71) because size is too small (<=64)
[EFX-0657 WARNING] Mapping into logic memory block 'pipe_0_inner_vertical' (28 bits) (C:\Users\Jing-XuanTan(i)\Downloads\evsoc-efinity-v2026.1.132\evsoc-efinity-v2026.1.132\cam_single\Ti60F225_dsi\source/isp/demosaic.sv:72) because size is too small (<=64)
[EFX-0657 WARNING] Mapping into logic memory block 'pipe_0_inner_top' (28 bits) (C:\Users\Jing-XuanTan(i)\Downloads\evsoc-efinity-v2026.1.132\evsoc-efinity-v2026.1.132\cam_single\Ti60F225_dsi\source/isp/demosaic.sv:73) because size is too small (<=64)
[EFX-0657 WARNING] Mapping into logic memory block 'pipe_0_inner_bottom' (28 bits) (C:\Users\Jing-XuanTan(i)\Downloads\evsoc-efinity-v2026.1.132\evsoc-efinity-v2026.1.132\cam_single\Ti60F225_dsi\source/isp/demosaic.sv:74) because size is too small (<=64)
[EFX-0657 WARNING] Mapping into logic memory block 'pipe_1_center' (36 bits) (C:\Users\Jing-XuanTan(i)\Downloads\evsoc-efinity-v2026.1.132\evsoc-efinity-v2026.1.132\cam_single\Ti60F225_dsi\source/isp/demosaic.sv:80) because size is too small (<=64)
[EFX-0657 WARNING] Mapping into logic memory block 'pipe_1_center_x5' (36 bits) (C:\Users\Jing-XuanTan(i)\Downloads\evsoc-efinity-v2026.1.132\evsoc-efinity-v2026.1.132\cam_single\Ti60F225_dsi\source/isp/demosaic.sv:81) because size is too small (<=64)
[EFX-0657 WARNING] Mapping into logic memory block 'pipe_1_center_x6' (36 bits) (C:\Users\Jing-XuanTan(i)\Downloads\evsoc-efinity-v2026.1.132\evsoc-efinity-v2026.1.132\cam_single\Ti60F225_dsi\source/isp/demosaic.sv:82) because size is too small (<=64)
[EFX-0657 WARNING] Mapping into logic memory block 'pipe_1_outer_horizontal' (36 bits) (C:\Users\Jing-XuanTan(i)\Downloads\evsoc-efinity-v2026.1.132\evsoc-efinity-v2026.1.132\cam_single\Ti60F225_dsi\source/isp/demosaic.sv:83) because size is too small (<=64)
[EFX-0657 WARNING] Mapping into logic memory block 'pipe_1_outer_vertical' (36 bits) (C:\Users\Jing-XuanTan(i)\Downloads\evsoc-efinity-v2026.1.132\evsoc-efinity-v2026.1.132\cam_single\Ti60F225_dsi\source/isp/demosaic.sv:84) because size is too small (<=64)
[EFX-0657 WARNING] Mapping into logic memory block 'pipe_1_outer_cross' (36 bits) (C:\Users\Jing-XuanTan(i)\Downloads\evsoc-efinity-v2026.1.132\evsoc-efinity-v2026.1.132\cam_single\Ti60F225_dsi\source/isp/demosaic.sv:85) because size is too small (<=64)
[EFX-0657 WARNING] Mapping into logic memory block 'pipe_1_inner_h_outer_v_x2' (36 bits) (C:\Users\Jing-XuanTan(i)\Downloads\evsoc-efinity-v2026.1.132\evsoc-efinity-v2026.1.132\cam_single\Ti60F225_dsi\source/isp/demosaic.sv:86) because size is too small (<=64)
[EFX-0657 WARNING] Mapping into logic memory block 'pipe_1_inner_v_outer_h_x2' (36 bits) (C:\Users\Jing-XuanTan(i)\Downloads\evsoc-efinity-v2026.1.132\evsoc-efinity-v2026.1.132\cam_single\Ti60F225_dsi\source/isp/demosaic.sv:87) because size is too small (<=64)
[EFX-0657 WARNING] Mapping into logic memory block 'pipe_1_inner_corner' (36 bits) (C:\Users\Jing-XuanTan(i)\Downloads\evsoc-efinity-v2026.1.132\evsoc-efinity-v2026.1.132\cam_single\Ti60F225_dsi\source/isp/demosaic.sv:88) because size is too small (<=64)
[EFX-0657 WARNING] Mapping into logic memory block 'pipe_1_inner_cross' (36 bits) (C:\Users\Jing-XuanTan(i)\Downloads\evsoc-efinity-v2026.1.132\evsoc-efinity-v2026.1.132\cam_single\Ti60F225_dsi\source/isp/demosaic.sv:89) because size is too small (<=64)
[EFX-0657 WARNING] Mapping into logic memory block 'pipe_2_center' (44 bits) (C:\Users\Jing-XuanTan(i)\Downloads\evsoc-efinity-v2026.1.132\evsoc-efinity-v2026.1.132\cam_single\Ti60F225_dsi\source/isp/demosaic.sv:95) because size is too small (<=64)
[EFX-0657 WARNING] Mapping into logic memory block 'pipe_2_center_cross_x2' (44 bits) (C:\Users\Jing-XuanTan(i)\Downloads\evsoc-efinity-v2026.1.132\evsoc-efinity-v2026.1.132\cam_single\Ti60F225_dsi\source/isp/demosaic.sv:96) because size is too small (<=64)
[EFX-0657 WARNING] Mapping into logic memory block 'pipe_2_outer_cross_x2' (44 bits) (C:\Users\Jing-XuanTan(i)\Downloads\evsoc-efinity-v2026.1.132\evsoc-efinity-v2026.1.132\cam_single\Ti60F225_dsi\source/isp/demosaic.sv:97) because size is too small (<=64)
[EFX-0657 WARNING] Mapping into logic memory block 'pipe_2_outer_cross_x3' (44 bits) (C:\Users\Jing-XuanTan(i)\Downloads\evsoc-efinity-v2026.1.132\evsoc-efinity-v2026.1.132\cam_single\Ti60F225_dsi\source/isp/demosaic.sv:98) because size is too small (<=64)
[EFX-0657 WARNING] Mapping into logic memory block 'pipe_2_inner_c_outer_h_x2' (44 bits) (C:\Users\Jing-XuanTan(i)\Downloads\evsoc-efinity-v2026.1.132\evsoc-efinity-v2026.1.132\cam_single\Ti60F225_dsi\source/isp/demosaic.sv:99) because size is too small (<=64)
[EFX-0657 WARNING] Mapping into logic memory block 'pipe_2_inner_c_outer_v_x2' (44 bits) (C:\Users\Jing-XuanTan(i)\Downloads\evsoc-efinity-v2026.1.132\evsoc-efinity-v2026.1.132\cam_single\Ti60F225_dsi\source/isp/demosaic.sv:100) because size is too small (<=64)
[EFX-0657 WARNING] Mapping into logic memory block 'pipe_2_rb_at_g1_x2' (44 bits) (C:\Users\Jing-XuanTan(i)\Downloads\evsoc-efinity-v2026.1.132\evsoc-efinity-v2026.1.132\cam_single\Ti60F225_dsi\source/isp/demosaic.sv:101) because size is too small (<=64)
[EFX-0657 WARNING] Mapping into logic memory block 'pipe_2_rb_at_g2_x2' (44 bits) (C:\Users\Jing-XuanTan(i)\Downloads\evsoc-efinity-v2026.1.132\evsoc-efinity-v2026.1.132\cam_single\Ti60F225_dsi\source/isp/demosaic.sv:102) because size is too small (<=64)
[EFX-0657 WARNING] Mapping into logic memory block 'pipe_2_rb_at_rb_x2' (44 bits) (C:\Users\Jing-XuanTan(i)\Downloads\evsoc-efinity-v2026.1.132\evsoc-efinity-v2026.1.132\cam_single\Ti60F225_dsi\source/isp/demosaic.sv:103) because size is too small (<=64)
[EFX-0000 INFO] ... Hierarchical pre-synthesis "demosaic(MAX_RESOLUTION=2048,PIXEL_PER_CYCLE=2)" end (Real time : 0s)
[EFX-0000 INFO] ... Hierarchical pre-synthesis "ccm(S_AXIS_DATA_WIDTH=72,M_AXIS_DATA_WIDTH=72)" begin
[EFX-0000 INFO] ... Hierarchical pre-synthesis "ccm(S_AXIS_DATA_WIDTH=72,M_AXIS_DATA_WIDTH=72)" end (Real time : 1s)
[EFX-0000 INFO] ... Hierarchical pre-synthesis "skidbuffer(DATA_WIDTH=72)" begin
[EFX-0000 INFO] ... Hierarchical pre-synthesis "skidbuffer(DATA_WIDTH=72)" end (Real time : 0s)
[EFX-0000 INFO] ... Hierarchical pre-synthesis "simple_dual_ported_rom(DATA_WIDTH=8,ADDR_WIDTH=12,MEM_FILE="lut.mem")" begin
[EFX-0000 INFO] ... Hierarchical pre-synthesis "simple_dual_ported_rom(DATA_WIDTH=8,ADDR_WIDTH=12,MEM_FILE="lut.mem")" end (Real time : 0s)
[EFX-0000 INFO] ... Hierarchical pre-synthesis "lut(PIXEL_PER_CYCLE=2,LUT_FILE="lut.mem")" begin
[EFX-0000 INFO] ... Hierarchical pre-synthesis "lut(PIXEL_PER_CYCLE=2,LUT_FILE="lut.mem")" end (Real time : 0s)
[EFX-0000 INFO] ... Hierarchical pre-synthesis "gamma(LUT_FILE="lut.mem")" begin
[EFX-0000 INFO] ... Hierarchical pre-synthesis "gamma(LUT_FILE="lut.mem")" end (Real time : 0s)
[EFX-0000 INFO] ... Hierarchical pre-synthesis "skidbuffer(DATA_WIDTH=48)" begin
[EFX-0000 INFO] ... Hierarchical pre-synthesis "skidbuffer(DATA_WIDTH=48)" end (Real time : 0s)
[EFX-0000 INFO] ... Hierarchical pre-synthesis "isp(PIXEL_BIT_WIDTH=12,S_AXI_WSTRB_WIDTH=4,S_AXIS_DATA_WIDTH=24,M_AXIS_DATA_WIDTH=48,TUSER_WIDTH=2,DECOMPANDING_XLUT_FILE="decompanding_xlut.mem",DECOMPANDING_YLUT_FILE="decompanding_ylut_12_bit.mem",DECOMPANDING_FLUT_FILE="decompanding_flut_12_bit.mem",GAMMA_LUT_FILE="lut.mem")" begin
[EFX-0000 INFO] ... Hierarchical pre-synthesis "isp(PIXEL_BIT_WIDTH=12,S_AXI_WSTRB_WIDTH=4,S_AXIS_DATA_WIDTH=24,M_AXIS_DATA_WIDTH=48,TUSER_WIDTH=2,DECOMPANDING_XLUT_FILE="decompanding_xlut.mem",DECOMPANDING_YLUT_FILE="decompanding_ylut_12_bit.mem",DECOMPANDING_FLUT_FILE="decompanding_flut_12_bit.mem",GAMMA_LUT_FILE="lut.mem")" end (Real time : 2s)
[EFX-0000 INFO] ... Hierarchical pre-synthesis "isp_top(PIXEL_PER_CYCLE=2,S_AXIS_DATA_WIDTH=24,M_AXIS_DATA_WIDTH=48,TUSER_WIDTH=2)" begin
[EFX-0000 INFO] ... Hierarchical pre-synthesis "isp_top(PIXEL_PER_CYCLE=2,S_AXIS_DATA_WIDTH=24,M_AXIS_DATA_WIDTH=48,TUSER_WIDTH=2)" end (Real time : 0s)
[EFX-0000 INFO] ... Hierarchical pre-synthesis "cam_crop(P_DEPTH=16,X_START=210,X_WIN=540,Y_WIN=1080)" begin
[EFX-0000 INFO] ... Hierarchical pre-synthesis "cam_crop(P_DEPTH=16,X_START=210,X_WIN=540,Y_WIN=1080)" end (Real time : 0s)
[EFX-0000 INFO] ... Hierarchical pre-synthesis "scale_down_2x_nn" begin
[EFX-0000 INFO] ... Hierarchical pre-synthesis "scale_down_2x_nn" end (Real time : 0s)
[EFX-0000 INFO] ... Hierarchical pre-synthesis "rgb2gray_1PPC(DATA_WIDTH=8)" begin
[EFX-0000 INFO] ... Hierarchical pre-synthesis "rgb2gray_1PPC(DATA_WIDTH=8)" end (Real time : 0s)
[EFX-0000 INFO] ... Hierarchical pre-synthesis "cam_rgb2gray(DATA_WIDTH=8)" begin
[EFX-0000 INFO] ... Hierarchical pre-synthesis "cam_rgb2gray(DATA_WIDTH=8)" end (Real time : 0s)
[EFX-0000 INFO] ... Hierarchical pre-synthesis "efx_asyncreg_b0792a13d328448586f08ea7d102f373(WIDTH=1,ACTIVE_LOW=0,RST_VALUE=1)" begin
[EFX-0000 INFO] ... Hierarchical pre-synthesis "efx_asyncreg_b0792a13d328448586f08ea7d102f373(WIDTH=1,ACTIVE_LOW=0,RST_VALUE=1)" end (Real time : 0s)
[EFX-0000 INFO] ... Hierarchical pre-synthesis "efx_resetsync_b0792a13d328448586f08ea7d102f373(ACTIVE_LOW=0)" begin
[EFX-0000 INFO] ... Hierarchical pre-synthesis "efx_resetsync_b0792a13d328448586f08ea7d102f373(ACTIVE_LOW=0)" end (Real time : 0s)
[EFX-0000 INFO] ... Hierarchical pre-synthesis "efx_fifo_ram_b0792a13d328448586f08ea7d102f373(FAMILY="",WR_DEPTH=1024,RD_DEPTH=1024,WDATA_WIDTH=48,RDATA_WIDTH=48,WADDR_WIDTH=10,RADDR_WIDTH=10,OUTPUT_REG=0,RAM_MUX_RATIO=1)" begin
[EFX-0000 INFO] ... Hierarchical pre-synthesis "efx_fifo_ram_b0792a13d328448586f08ea7d102f373(FAMILY="",WR_DEPTH=1024,RD_DEPTH=1024,WDATA_WIDTH=48,RDATA_WIDTH=48,WADDR_WIDTH=10,RADDR_WIDTH=10,OUTPUT_REG=0,RAM_MUX_RATIO=1)" end (Real time : 0s)
[EFX-0000 INFO] ... Hierarchical pre-synthesis "efx_fifo_ctl_b0792a13d328448586f08ea7d102f373(MODE="FWFT",WR_DEPTH=1024,WADDR_WIDTH=10,RADDR_WIDTH=10,PIPELINE_REG=0,PROG_FULL_ASSERT=512,PROG_FULL_NEGATE=512,PROG_EMPTY_ASSERT=2,PROG_EMPTY_NEGATE=3,OVERFLOW_PROTECT=1,UNDERFLOW_PROTECT=1)" begin
[EFX-0000 INFO] ... Hierarchical pre-synthesis "efx_fifo_ctl_b0792a13d328448586f08ea7d102f373(MODE="FWFT",WR_DEPTH=1024,WADDR_WIDTH=10,RADDR_WIDTH=10,PIPELINE_REG=0,PROG_FULL_ASSERT=512,PROG_FULL_NEGATE=512,PROG_EMPTY_ASSERT=2,PROG_EMPTY_NEGATE=3,OVERFLOW_PROTECT=1,UNDERFLOW_PROTECT=1)" end (Real time : 0s)
[EFX-0000 INFO] ... Hierarchical pre-synthesis "efx_fifo_top_b0792a13d328448586f08ea7d102f373(FAMILY="",SYNC_CLK=1,MODE="FWFT",DEPTH=1024,DATA_WIDTH=48,PIPELINE_REG=0,PROGRAMMABLE_FULL="NONE",PROG_FULL_ASSERT=512,PROG_FULL_NEGATE=512,PROGRAMMABLE_EMPTY="NONE",PROG_EMPTY_ASSERT=2,PROG_EMPTY_NEGATE=3)" begin
[EFX-0000 INFO] ... Hierarchical pre-synthesis "efx_fifo_top_b0792a13d328448586f08ea7d102f373(FAMILY="",SYNC_CLK=1,MODE="FWFT",DEPTH=1024,DATA_WIDTH=48,PIPELINE_REG=0,PROGRAMMABLE_FULL="NONE",PROG_FULL_ASSERT=512,PROG_FULL_NEGATE=512,PROGRAMMABLE_EMPTY="NONE",PROG_EMPTY_ASSERT=2,PROG_EMPTY_NEGATE=3)" end (Real time : 0s)
[EFX-0000 INFO] ... Hierarchical pre-synthesis "cam_dma_fifo" begin
[EFX-0000 INFO] ... Hierarchical pre-synthesis "cam_dma_fifo" end (Real time : 0s)
[EFX-0000 INFO] ... Hierarchical pre-synthesis "cam_picam_v2(MIPI_FRAME_WIDTH=1920,MIPI_FRAME_HEIGHT=1080,FRAME_WIDTH=540,FRAME_HEIGHT=540,DMA_TRANSFER_LENGTH=145800)" begin
[EFX-0000 INFO] ... Hierarchical pre-synthesis "cam_picam_v2(MIPI_FRAME_WIDTH=1920,MIPI_FRAME_HEIGHT=1080,FRAME_WIDTH=540,FRAME_HEIGHT=540,DMA_TRANSFER_LENGTH=145800)" end (Real time : 1s)
[EFX-0000 INFO] ... Hierarchical pre-synthesis "common_true_dual_port_ram(DATA_WIDTH=40,WRITE_MODE_1="WRITE_FIRST",WRITE_MODE_2="WRITE_FIRST",OUTPUT_REG_1="TRUE",OUTPUT_REG_2="TRUE",RAM_INIT_FILE="source/display/dsi/dsi_panel_1080p_reg.mem")" begin
[EFX-0000 INFO] ... Hierarchical pre-synthesis "common_true_dual_port_ram(DATA_WIDTH=40,WRITE_MODE_1="WRITE_FIRST",WRITE_MODE_2="WRITE_FIRST",OUTPUT_REG_1="TRUE",OUTPUT_REG_2="TRUE",RAM_INIT_FILE="source/display/dsi/dsi_panel_1080p_reg.mem")" end (Real time : 0s)
[EFX-0000 INFO] ... Hierarchical pre-synthesis "panel_config(INITIAL_CODE="source/display/dsi/dsi_panel_1080p_reg.mem")" begin
[EFX-0000 INFO] ... Hierarchical pre-synthesis "panel_config(INITIAL_CODE="source/display/dsi/dsi_panel_1080p_reg.mem")" end (Real time : 0s)
[EFX-0000 INFO] ... Hierarchical pre-synthesis "vga_gen(H_SyncPulse=32'b0110010,H_BackPorch=32'b0110010,H_ActivePix=32'b01000011100,H_FrontPorch=32'b01100100,V_SyncPulse=10'b011,V_BackPorch=10'b0101,V_ActivePix=12'b011110000000,V_FrontPorch=10'b0110)" begin
[EFX-0000 INFO] ... Hierarchical pre-synthesis "vga_gen(H_SyncPulse=32'b0110010,H_BackPorch=32'b0110010,H_ActivePix=32'b01000011100,H_FrontPorch=32'b01100100,V_SyncPulse=10'b011,V_BackPorch=10'b0101,V_ActivePix=12'b011110000000,V_FrontPorch=10'b0110)" end (Real time : 0s)
[EFX-0000 INFO] ... Hierarchical pre-synthesis "common_simple_dual_port_ram(DATA_WIDTH=48,OUTPUT_REG="FALSE")" begin
[EFX-0000 INFO] ... Hierarchical pre-synthesis "common_simple_dual_port_ram(DATA_WIDTH=48,OUTPUT_REG="FALSE")" end (Real time : 0s)
[EFX-0000 INFO] ... Hierarchical pre-synthesis "scale_up_2x_nn" begin
[EFX-0000 INFO] ... Hierarchical pre-synthesis "scale_up_2x_nn" end (Real time : 0s)
[EFX-0000 INFO] ... Hierarchical pre-synthesis "efx_asyncreg_0ebd061cc55a4cdb9867e4fd870758a2(WIDTH=1,ACTIVE_LOW=0,RST_VALUE=1)" begin
[EFX-0000 INFO] ... Hierarchical pre-synthesis "efx_asyncreg_0ebd061cc55a4cdb9867e4fd870758a2(WIDTH=1,ACTIVE_LOW=0,RST_VALUE=1)" end (Real time : 0s)
[EFX-0000 INFO] ... Hierarchical pre-synthesis "efx_resetsync_0ebd061cc55a4cdb9867e4fd870758a2(ACTIVE_LOW=0)" begin
[EFX-0000 INFO] ... Hierarchical pre-synthesis "efx_resetsync_0ebd061cc55a4cdb9867e4fd870758a2(ACTIVE_LOW=0)" end (Real time : 0s)
[EFX-0000 INFO] ... Hierarchical pre-synthesis "efx_fifo_ram_0ebd061cc55a4cdb9867e4fd870758a2(FAMILY="",WR_DEPTH=1024,RD_DEPTH=1024,WDATA_WIDTH=48,RDATA_WIDTH=48,WADDR_WIDTH=10,RADDR_WIDTH=10,RAM_MUX_RATIO=1)" begin
[EFX-0000 INFO] ... Hierarchical pre-synthesis "efx_fifo_ram_0ebd061cc55a4cdb9867e4fd870758a2(FAMILY="",WR_DEPTH=1024,RD_DEPTH=1024,WDATA_WIDTH=48,RDATA_WIDTH=48,WADDR_WIDTH=10,RADDR_WIDTH=10,RAM_MUX_RATIO=1)" end (Real time : 0s)
[EFX-0000 INFO] ... Hierarchical pre-synthesis "efx_fifo_ctl_0ebd061cc55a4cdb9867e4fd870758a2(WR_DEPTH=1024,WADDR_WIDTH=10,RADDR_WIDTH=10,PIPELINE_REG=0,PROG_FULL_ASSERT=512,PROG_FULL_NEGATE=512,PROG_EMPTY_ASSERT=2,PROG_EMPTY_NEGATE=3,OUTPUT_REG=1,OVERFLOW_PROTECT=1,UNDERFLOW_PROTECT=1)" begin
[EFX-0000 INFO] ... Hierarchical pre-synthesis "efx_fifo_ctl_0ebd061cc55a4cdb9867e4fd870758a2(WR_DEPTH=1024,WADDR_WIDTH=10,RADDR_WIDTH=10,PIPELINE_REG=0,PROG_FULL_ASSERT=512,PROG_FULL_NEGATE=512,PROG_EMPTY_ASSERT=2,PROG_EMPTY_NEGATE=3,OUTPUT_REG=1,OVERFLOW_PROTECT=1,UNDERFLOW_PROTECT=1)" end (Real time : 0s)
[EFX-0000 INFO] ... Hierarchical pre-synthesis "efx_fifo_top_0ebd061cc55a4cdb9867e4fd870758a2(FAMILY="",SYNC_CLK=1,DEPTH=1024,DATA_WIDTH=48,PIPELINE_REG=0,OUTPUT_REG=1,PROGRAMMABLE_FULL="NONE",PROG_FULL_ASSERT=512,PROG_FULL_NEGATE=512,PROGRAMMABLE_EMPTY="NONE",PROG_EMPTY_ASSERT=2,PROG_EMPTY_NEGATE=3)" begin
[EFX-0000 INFO] ... Hierarchical pre-synthesis "efx_fifo_top_0ebd061cc55a4cdb9867e4fd870758a2(FAMILY="",SYNC_CLK=1,DEPTH=1024,DATA_WIDTH=48,PIPELINE_REG=0,OUTPUT_REG=1,PROGRAMMABLE_FULL="NONE",PROG_FULL_ASSERT=512,PROG_FULL_NEGATE=512,PROGRAMMABLE_EMPTY="NONE",PROG_EMPTY_ASSERT=2,PROG_EMPTY_NEGATE=3)" end (Real time : 0s)
[EFX-0000 INFO] ... Hierarchical pre-synthesis "display_dma_fifo" begin
[EFX-0000 INFO] ... Hierarchical pre-synthesis "display_dma_fifo" end (Real time : 0s)
[EFX-0000 INFO] ... Hierarchical pre-synthesis "display_dsi(FRAME_WIDTH=540,FRAME_HEIGHT=540)" begin
[EFX-0000 INFO] ... Hierarchical pre-synthesis "display_dsi(FRAME_WIDTH=540,FRAME_HEIGHT=540)" end (Real time : 0s)
[EFX-0000 INFO] ... Hierarchical pre-synthesis "efx_asyncreg_98c52b03a74a4ce095debab75db1d287" begin
[EFX-0000 INFO] ... Hierarchical pre-synthesis "efx_asyncreg_98c52b03a74a4ce095debab75db1d287" end (Real time : 0s)
[EFX-0000 INFO] ... Hierarchical pre-synthesis "efx_asyncreg_98c52b03a74a4ce095debab75db1d287(WIDTH=1)" begin
[EFX-0000 INFO] ... Hierarchical pre-synthesis "efx_asyncreg_98c52b03a74a4ce095debab75db1d287(WIDTH=1)" end (Real time : 0s)
[EFX-0000 INFO] ... Hierarchical pre-synthesis "dphy_tx_hs_c_fsm_98c52b03a74a4ce095debab75db1d287(tCLK_ZERO_NS=280,tCLK_TRAIL_NS=100,tCLK_POST_NS=100,HS_BYTECLK_MHZ=125)" begin
[EFX-0000 INFO] ... Hierarchical pre-synthesis "dphy_tx_hs_c_fsm_98c52b03a74a4ce095debab75db1d287(tCLK_ZERO_NS=280,tCLK_TRAIL_NS=100,tCLK_POST_NS=100,HS_BYTECLK_MHZ=125)" end (Real time : 0s)
[EFX-0000 INFO] ... Hierarchical pre-synthesis "dphy_tx_clane_fsm_98c52b03a74a4ce095debab75db1d287(tLPX_NS=60,tCLK_ZERO_NS=280,tCLK_TRAIL_NS=100,tCLK_POST_NS=100,tCLK_PREPARE_NS=50,tHS_EXIT_NS=120,HS_BYTECLK_MHZ=125)" begin
[EFX-0000 INFO] ... Hierarchical pre-synthesis "dphy_tx_clane_fsm_98c52b03a74a4ce095debab75db1d287(tLPX_NS=60,tCLK_ZERO_NS=280,tCLK_TRAIL_NS=100,tCLK_POST_NS=100,tCLK_PREPARE_NS=50,tHS_EXIT_NS=120,HS_BYTECLK_MHZ=125)" end (Real time : 0s)
[EFX-0000 INFO] ... Hierarchical pre-synthesis "dphy_tx_hs_d_fsm_98c52b03a74a4ce095debab75db1d287(tHS_ZERO_NS=200,tHS_TRAIL_NS=65,HS_BYTECLK_MHZ=125)" begin
[EFX-0000 INFO] ... Hierarchical pre-synthesis "dphy_tx_hs_d_fsm_98c52b03a74a4ce095debab75db1d287(tHS_ZERO_NS=200,tHS_TRAIL_NS=65,HS_BYTECLK_MHZ=125)" end (Real time : 0s)
[EFX-0000 INFO] ... Hierarchical pre-synthesis "dphy_bidir_tx_dlane_fsm_98c52b03a74a4ce095debab75db1d287(tLPX_NS=60,tHS_PREPARE_NS=50,tHS_EXIT_NS=120,tHS_ZERO_NS=200,tHS_TRAIL_NS=65,HS_BYTECLK_MHZ=125)" begin
[EFX-0000 INFO] ... Hierarchical pre-synthesis "dphy_bidir_tx_dlane_fsm_98c52b03a74a4ce095debab75db1d287(tLPX_NS=60,tHS_PREPARE_NS=50,tHS_EXIT_NS=120,tHS_ZERO_NS=200,tHS_TRAIL_NS=65,HS_BYTECLK_MHZ=125)" end (Real time : 0s)
[EFX-0000 INFO] ... Hierarchical pre-synthesis "dphy_bidir_rx_dlane_fsm_98c52b03a74a4ce095debab75db1d287(tLPX_NS=60,HS_BYTECLK_MHZ=125)" begin
[EFX-0000 INFO] ... Hierarchical pre-synthesis "dphy_bidir_rx_dlane_fsm_98c52b03a74a4ce095debab75db1d287(tLPX_NS=60,HS_BYTECLK_MHZ=125)" end (Real time : 0s)
[EFX-0000 INFO] ... Hierarchical pre-synthesis "dphy_tx_hs_d_fsm_98c52b03a74a4ce095debab75db1d287(tHS_ZERO_NS=200,tHS_EXIT_NS=120,tHS_TRAIL_NS=65,HS_BYTECLK_MHZ=125)" begin
[EFX-0000 INFO] ... Hierarchical pre-synthesis "dphy_tx_hs_d_fsm_98c52b03a74a4ce095debab75db1d287(tHS_ZERO_NS=200,tHS_EXIT_NS=120,tHS_TRAIL_NS=65,HS_BYTECLK_MHZ=125)" end (Real time : 0s)
[EFX-0000 INFO] ... Hierarchical pre-synthesis "dphy_tx_dlane_fsm_98c52b03a74a4ce095debab75db1d287(tLPX_NS=60,tHS_PREPARE_NS=50,tHS_EXIT_NS=120,tHS_ZERO_NS=200,tHS_TRAIL_NS=65,HS_BYTECLK_MHZ=125)" begin
[EFX-0000 INFO] ... Hierarchical pre-synthesis "dphy_tx_dlane_fsm_98c52b03a74a4ce095debab75db1d287(tLPX_NS=60,tHS_PREPARE_NS=50,tHS_EXIT_NS=120,tHS_ZERO_NS=200,tHS_TRAIL_NS=65,HS_BYTECLK_MHZ=125)" end (Real time : 0s)
[EFX-0000 INFO] ... Hierarchical pre-synthesis "efx_dphy_bidir_tx_98c52b03a74a4ce095debab75db1d287(tLPX_NS=60,tCLK_ZERO_NS=280,tCLK_TRAIL_NS=100,tCLK_POST_NS=100,tCLK_PREPARE_NS=50,tHS_PREPARE_NS=50,tHS_EXIT_NS=120,tHS_ZERO_NS=200,tHS_TRAIL_NS=65,HS_BYTECLK_MHZ=125,ENABLE_BIDIR=1'b1)" begin
[EFX-0000 INFO] ... Hierarchical pre-synthesis "efx_dphy_bidir_tx_98c52b03a74a4ce095debab75db1d287(tLPX_NS=60,tCLK_ZERO_NS=280,tCLK_TRAIL_NS=100,tCLK_POST_NS=100,tCLK_PREPARE_NS=50,tHS_PREPARE_NS=50,tHS_EXIT_NS=120,tHS_ZERO_NS=200,tHS_TRAIL_NS=65,HS_BYTECLK_MHZ=125,ENABLE_BIDIR=1'b1)" end (Real time : 0s)
[EFX-0000 INFO] ... Hierarchical pre-synthesis "efx_asyncreg_98c52b03a74a4ce095debab75db1d287(WIDTH=32)" begin
[EFX-0000 INFO] ... Hierarchical pre-synthesis "efx_asyncreg_98c52b03a74a4ce095debab75db1d287(WIDTH=32)" end (Real time : 0s)
[EFX-0000 INFO] ... Hierarchical pre-synthesis "efx_asyncreg_98c52b03a74a4ce095debab75db1d287(WIDTH=8)" begin
[EFX-0000 INFO] ... Hierarchical pre-synthesis "efx_asyncreg_98c52b03a74a4ce095debab75db1d287(WIDTH=8)" end (Real time : 0s)
[EFX-0000 INFO] ... Hierarchical pre-synthesis "efx_asyncreg_98c52b03a74a4ce095debab75db1d287(WIDTH=16)" begin
[EFX-0000 INFO] ... Hierarchical pre-synthesis "efx_asyncreg_98c52b03a74a4ce095debab75db1d287(WIDTH=16)" end (Real time : 0s)
[EFX-0000 INFO] ... Hierarchical pre-synthesis "efx_dsi_ecc_gen_98c52b03a74a4ce095debab75db1d287" begin
[EFX-0000 INFO] ... Hierarchical pre-synthesis "efx_dsi_ecc_gen_98c52b03a74a4ce095debab75db1d287" end (Real time : 0s)
[EFX-0000 INFO] ... Hierarchical pre-synthesis "efx_dsi_crc16_d8_gen_98c52b03a74a4ce095debab75db1d287" begin
[EFX-0000 INFO] ... Hierarchical pre-synthesis "efx_dsi_crc16_d8_gen_98c52b03a74a4ce095debab75db1d287" end (Real time : 0s)
[EFX-0000 INFO] ... Hierarchical pre-synthesis "efx_dsi_cmd_driver_98c52b03a74a4ce095debab75db1d287(ENABLE_V_LPM_BTA=1'b0)" begin
[EFX-0000 INFO] ... Hierarchical pre-synthesis "efx_dsi_cmd_driver_98c52b03a74a4ce095debab75db1d287(ENABLE_V_LPM_BTA=1'b0)" end (Real time : 0s)
[EFX-0000 INFO] ... Hierarchical pre-synthesis "efx_asyncreg_98c52b03a74a4ce095debab75db1d287(WIDTH=1,ACTIVE_LOW=0,RST_VALUE=1)" begin
[EFX-0000 INFO] ... Hierarchical pre-synthesis "efx_asyncreg_98c52b03a74a4ce095debab75db1d287(WIDTH=1,ACTIVE_LOW=0,RST_VALUE=1)" end (Real time : 0s)
[EFX-0000 INFO] ... Hierarchical pre-synthesis "efx_resetsync_98c52b03a74a4ce095debab75db1d287(ACTIVE_LOW=0)" begin
[EFX-0000 INFO] ... Hierarchical pre-synthesis "efx_resetsync_98c52b03a74a4ce095debab75db1d287(ACTIVE_LOW=0)" end (Real time : 0s)
[EFX-0000 INFO] ... Hierarchical pre-synthesis "efx_fifo_ram_98c52b03a74a4ce095debab75db1d287(WR_DEPTH=2048,RD_DEPTH=2048,WADDR_WIDTH=11,RADDR_WIDTH=11,OUTPUT_REG=0,RAM_MUX_RATIO=1)" begin
[EFX-0000 INFO] ... Hierarchical pre-synthesis "efx_fifo_ram_98c52b03a74a4ce095debab75db1d287(WR_DEPTH=2048,RD_DEPTH=2048,WADDR_WIDTH=11,RADDR_WIDTH=11,OUTPUT_REG=0,RAM_MUX_RATIO=1)" end (Real time : 0s)
[EFX-0000 INFO] ... Hierarchical pre-synthesis "efx_fifo_bin2gray_98c52b03a74a4ce095debab75db1d287(WIDTH=12)" begin
[EFX-0000 INFO] ... Hierarchical pre-synthesis "efx_fifo_bin2gray_98c52b03a74a4ce095debab75db1d287(WIDTH=12)" end (Real time : 0s)
[EFX-0000 INFO] ... Hierarchical pre-synthesis "efx_asyncreg_98c52b03a74a4ce095debab75db1d287(WIDTH=12,ACTIVE_LOW=0,OFF_ASSERTION=1)" begin
[EFX-0000 INFO] ... Hierarchical pre-synthesis "efx_asyncreg_98c52b03a74a4ce095debab75db1d287(WIDTH=12,ACTIVE_LOW=0,OFF_ASSERTION=1)" end (Real time : 0s)
[EFX-0000 INFO] ... Hierarchical pre-synthesis "efx_fifo_gray2bin_98c52b03a74a4ce095debab75db1d287(WIDTH=2)" begin
[EFX-0000 INFO] ... Hierarchical pre-synthesis "efx_fifo_gray2bin_98c52b03a74a4ce095debab75db1d287(WIDTH=2)" end (Real time : 0s)
[EFX-0000 INFO] ... Hierarchical pre-synthesis "efx_fifo_gray2bin_98c52b03a74a4ce095debab75db1d287(WIDTH=3)" begin
[EFX-0000 INFO] ... Hierarchical pre-synthesis "efx_fifo_gray2bin_98c52b03a74a4ce095debab75db1d287(WIDTH=3)" end (Real time : 0s)
[EFX-0000 INFO] ... Hierarchical pre-synthesis "efx_fifo_gray2bin_98c52b03a74a4ce095debab75db1d287(WIDTH=4)" begin
[EFX-0000 INFO] ... Hierarchical pre-synthesis "efx_fifo_gray2bin_98c52b03a74a4ce095debab75db1d287(WIDTH=4)" end (Real time : 0s)
[EFX-0000 INFO] ... Hierarchical pre-synthesis "efx_fifo_gray2bin_98c52b03a74a4ce095debab75db1d287" begin
[EFX-0000 INFO] ... Hierarchical pre-synthesis "efx_fifo_gray2bin_98c52b03a74a4ce095debab75db1d287" end (Real time : 0s)
[EFX-0000 INFO] ... Hierarchical pre-synthesis "efx_fifo_gray2bin_98c52b03a74a4ce095debab75db1d287(WIDTH=6)" begin
[EFX-0000 INFO] ... Hierarchical pre-synthesis "efx_fifo_gray2bin_98c52b03a74a4ce095debab75db1d287(WIDTH=6)" end (Real time : 0s)
[EFX-0000 INFO] ... Hierarchical pre-synthesis "efx_fifo_gray2bin_98c52b03a74a4ce095debab75db1d287(WIDTH=7)" begin
[EFX-0000 INFO] ... Hierarchical pre-synthesis "efx_fifo_gray2bin_98c52b03a74a4ce095debab75db1d287(WIDTH=7)" end (Real time : 0s)
[EFX-0000 INFO] ... Hierarchical pre-synthesis "efx_fifo_gray2bin_98c52b03a74a4ce095debab75db1d287(WIDTH=8)" begin
[EFX-0000 INFO] ... Hierarchical pre-synthesis "efx_fifo_gray2bin_98c52b03a74a4ce095debab75db1d287(WIDTH=8)" end (Real time : 0s)
[EFX-0000 INFO] ... Hierarchical pre-synthesis "efx_fifo_gray2bin_98c52b03a74a4ce095debab75db1d287(WIDTH=9)" begin
[EFX-0000 INFO] ... Hierarchical pre-synthesis "efx_fifo_gray2bin_98c52b03a74a4ce095debab75db1d287(WIDTH=9)" end (Real time : 0s)
[EFX-0000 INFO] ... Hierarchical pre-synthesis "efx_fifo_gray2bin_98c52b03a74a4ce095debab75db1d287(WIDTH=10)" begin
[EFX-0000 INFO] ... Hierarchical pre-synthesis "efx_fifo_gray2bin_98c52b03a74a4ce095debab75db1d287(WIDTH=10)" end (Real time : 0s)
[EFX-0000 INFO] ... Hierarchical pre-synthesis "efx_fifo_gray2bin_98c52b03a74a4ce095debab75db1d287(WIDTH=11)" begin
[EFX-0000 INFO] ... Hierarchical pre-synthesis "efx_fifo_gray2bin_98c52b03a74a4ce095debab75db1d287(WIDTH=11)" end (Real time : 0s)
[EFX-0000 INFO] ... Hierarchical pre-synthesis "efx_fifo_gray2bin_98c52b03a74a4ce095debab75db1d287(WIDTH=12)" begin
[EFX-0000 INFO] ... Hierarchical pre-synthesis "efx_fifo_gray2bin_98c52b03a74a4ce095debab75db1d287(WIDTH=12)" end (Real time : 0s)
[EFX-0000 INFO] ... Hierarchical pre-synthesis "efx_fifo_ctl_98c52b03a74a4ce095debab75db1d287(SYNC_CLK=0,MODE="FWFT",WR_DEPTH=2048,WADDR_WIDTH=11,RADDR_WIDTH=11,ALMOST_FLAG=0,PROG_FULL_ASSERT=16,PROG_FULL_NEGATE=16,HANDSHAKE_FLAG=0,OVERFLOW_PROTECT=1,UNDERFLOW_PROTECT=1)" begin
[EFX-0000 INFO] ... Hierarchical pre-synthesis "efx_fifo_ctl_98c52b03a74a4ce095debab75db1d287(SYNC_CLK=0,MODE="FWFT",WR_DEPTH=2048,WADDR_WIDTH=11,RADDR_WIDTH=11,ALMOST_FLAG=0,PROG_FULL_ASSERT=16,PROG_FULL_NEGATE=16,HANDSHAKE_FLAG=0,OVERFLOW_PROTECT=1,UNDERFLOW_PROTECT=1)" end (Real time : 0s)
[EFX-0000 INFO] ... Hierarchical pre-synthesis "efx_fifo_top_98c52b03a74a4ce095debab75db1d287(MODE="FWFT",DEPTH=2048,DATA_WIDTH=8,OPTIONAL_FLAGS=0,PROGRAMMABLE_FULL="NONE",PROG_FULL_ASSERT=16,PROG_FULL_NEGATE=16,PROGRAMMABLE_EMPTY="NONE",PROG_EMPTY_ASSERT=0,PROG_EMPTY_NEGATE=0)" begin
[EFX-0000 INFO] ... Hierarchical pre-synthesis "efx_fifo_top_98c52b03a74a4ce095debab75db1d287(MODE="FWFT",DEPTH=2048,DATA_WIDTH=8,OPTIONAL_FLAGS=0,PROGRAMMABLE_FULL="NONE",PROG_FULL_ASSERT=16,PROG_FULL_NEGATE=16,PROGRAMMABLE_EMPTY="NONE",PROG_EMPTY_ASSERT=0,PROG_EMPTY_NEGATE=0)" end (Real time : 0s)
[EFX-0000 INFO] ... Hierarchical pre-synthesis "efx_fifo_ram_98c52b03a74a4ce095debab75db1d287(WDATA_WIDTH=32,RDATA_WIDTH=32,OUTPUT_REG=0,RAM_MUX_RATIO=1)" begin
[EFX-0000 INFO] ... Hierarchical pre-synthesis "efx_fifo_ram_98c52b03a74a4ce095debab75db1d287(WDATA_WIDTH=32,RDATA_WIDTH=32,OUTPUT_REG=0,RAM_MUX_RATIO=1)" end (Real time : 0s)
[EFX-0000 INFO] ... Hierarchical pre-synthesis "efx_fifo_bin2gray_98c52b03a74a4ce095debab75db1d287(WIDTH=10)" begin
[EFX-0000 INFO] ... Hierarchical pre-synthesis "efx_fifo_bin2gray_98c52b03a74a4ce095debab75db1d287(WIDTH=10)" end (Real time : 0s)
[EFX-0000 INFO] ... Hierarchical pre-synthesis "efx_asyncreg_98c52b03a74a4ce095debab75db1d287(WIDTH=10,ACTIVE_LOW=0,OFF_ASSERTION=1)" begin
[EFX-0000 INFO] ... Hierarchical pre-synthesis "efx_asyncreg_98c52b03a74a4ce095debab75db1d287(WIDTH=10,ACTIVE_LOW=0,OFF_ASSERTION=1)" end (Real time : 0s)
[EFX-0000 INFO] ... Hierarchical pre-synthesis "efx_fifo_ctl_98c52b03a74a4ce095debab75db1d287(SYNC_CLK=0,MODE="FWFT",ALMOST_FLAG=0,PROG_FULL_ASSERT=16,PROG_FULL_NEGATE=16,HANDSHAKE_FLAG=0,OVERFLOW_PROTECT=1,UNDERFLOW_PROTECT=1)" begin
[EFX-0000 INFO] ... Hierarchical pre-synthesis "efx_fifo_ctl_98c52b03a74a4ce095debab75db1d287(SYNC_CLK=0,MODE="FWFT",ALMOST_FLAG=0,PROG_FULL_ASSERT=16,PROG_FULL_NEGATE=16,HANDSHAKE_FLAG=0,OVERFLOW_PROTECT=1,UNDERFLOW_PROTECT=1)" end (Real time : 0s)
[EFX-0000 INFO] ... Hierarchical pre-synthesis "efx_fifo_top_98c52b03a74a4ce095debab75db1d287(MODE="FWFT",OPTIONAL_FLAGS=0,PROGRAMMABLE_FULL="NONE",PROG_FULL_ASSERT=16,PROG_FULL_NEGATE=16,PROGRAMMABLE_EMPTY="NONE",PROG_EMPTY_ASSERT=0,PROG_EMPTY_NEGATE=0)" begin
[EFX-0000 INFO] ... Hierarchical pre-synthesis "efx_fifo_top_98c52b03a74a4ce095debab75db1d287(MODE="FWFT",OPTIONAL_FLAGS=0,PROGRAMMABLE_FULL="NONE",PROG_FULL_ASSERT=16,PROG_FULL_NEGATE=16,PROGRAMMABLE_EMPTY="NONE",PROG_EMPTY_ASSERT=0,PROG_EMPTY_NEGATE=0)" end (Real time : 0s)
[EFX-0000 INFO] ... Hierarchical pre-synthesis "efx_dsi_tx_csr_98c52b03a74a4ce095debab75db1d287(HS_DATA_WIDTH=8,ENABLE_V_LPM_BTA=1'b0)" begin
[EFX-0000 INFO] ... Hierarchical pre-synthesis "efx_dsi_tx_csr_98c52b03a74a4ce095debab75db1d287(HS_DATA_WIDTH=8,ENABLE_V_LPM_BTA=1'b0)" end (Real time : 0s)
[EFX-0000 INFO] ... Hierarchical pre-synthesis "efx_dsi_pack48bto64b_98c52b03a74a4ce095debab75db1d287" begin
[EFX-0000 INFO] ... Hierarchical pre-synthesis "efx_dsi_pack48bto64b_98c52b03a74a4ce095debab75db1d287" end (Real time : 0s)
[EFX-0000 INFO] ... Hierarchical pre-synthesis "efx_fifo_ram_98c52b03a74a4ce095debab75db1d287(WR_DEPTH=2048,RD_DEPTH=2048,WDATA_WIDTH=64,RDATA_WIDTH=64,WADDR_WIDTH=11,RADDR_WIDTH=11,OUTPUT_REG=0,RAM_MUX_RATIO=1)" begin
[EFX-0000 INFO] ... Hierarchical pre-synthesis "efx_fifo_ram_98c52b03a74a4ce095debab75db1d287(WR_DEPTH=2048,RD_DEPTH=2048,WDATA_WIDTH=64,RDATA_WIDTH=64,WADDR_WIDTH=11,RADDR_WIDTH=11,OUTPUT_REG=0,RAM_MUX_RATIO=1)" end (Real time : 0s)
[EFX-0000 INFO] ... Hierarchical pre-synthesis "efx_fifo_ctl_98c52b03a74a4ce095debab75db1d287(SYNC_CLK=0,MODE="FWFT",WR_DEPTH=2048,WADDR_WIDTH=11,RADDR_WIDTH=11,ALMOST_FLAG=0,PROGRAMMABLE_FULL="STATIC_DUAL",PROG_FULL_ASSERT=404,PROG_FULL_NEGATE=404,HANDSHAKE_FLAG=0,OVERFLOW_PROTECT=1,UNDERFLOW_PROTECT=1)" begin
[EFX-0000 INFO] ... Hierarchical pre-synthesis "efx_fifo_ctl_98c52b03a74a4ce095debab75db1d287(SYNC_CLK=0,MODE="FWFT",WR_DEPTH=2048,WADDR_WIDTH=11,RADDR_WIDTH=11,ALMOST_FLAG=0,PROGRAMMABLE_FULL="STATIC_DUAL",PROG_FULL_ASSERT=404,PROG_FULL_NEGATE=404,HANDSHAKE_FLAG=0,OVERFLOW_PROTECT=1,UNDERFLOW_PROTECT=1)" end (Real time : 1s)
[EFX-0000 INFO] ... Hierarchical pre-synthesis "efx_fifo_top_98c52b03a74a4ce095debab75db1d287(MODE="FWFT",DEPTH=2048,DATA_WIDTH=64,OPTIONAL_FLAGS=0,PROG_FULL_ASSERT=404,PROG_FULL_NEGATE=404,PROGRAMMABLE_EMPTY="NONE",PROG_EMPTY_ASSERT=0,PROG_EMPTY_NEGATE=0)" begin
[EFX-0000 INFO] ... Hierarchical pre-synthesis "efx_fifo_top_98c52b03a74a4ce095debab75db1d287(MODE="FWFT",DEPTH=2048,DATA_WIDTH=64,OPTIONAL_FLAGS=0,PROG_FULL_ASSERT=404,PROG_FULL_NEGATE=404,PROGRAMMABLE_EMPTY="NONE",PROG_EMPTY_ASSERT=0,PROG_EMPTY_NEGATE=0)" end (Real time : 0s)
[EFX-0000 INFO] ... Hierarchical pre-synthesis "efx_dsi_pixel2byte_98c52b03a74a4ce095debab75db1d287(MAX_HRES=1080,PACK_TYPE=1,PIXEL_FIFO_DEPTH=2048)" begin
[EFX-0000 INFO] ... Hierarchical pre-synthesis "efx_dsi_pixel2byte_98c52b03a74a4ce095debab75db1d287(MAX_HRES=1080,PACK_TYPE=1,PIXEL_FIFO_DEPTH=2048)" end (Real time : 0s)
[EFX-0000 INFO] ... Hierarchical pre-synthesis "efx_asyncreg_98c52b03a74a4ce095debab75db1d287(WIDTH=2)" begin
[EFX-0000 INFO] ... Hierarchical pre-synthesis "efx_asyncreg_98c52b03a74a4ce095debab75db1d287(WIDTH=2)" end (Real time : 0s)
[EFX-0000 INFO] ... Hierarchical pre-synthesis "efx_asyncreg_98c52b03a74a4ce095debab75db1d287(WIDTH=6)" begin
[EFX-0000 INFO] ... Hierarchical pre-synthesis "efx_asyncreg_98c52b03a74a4ce095debab75db1d287(WIDTH=6)" end (Real time : 0s)
[EFX-0000 INFO] ... Hierarchical pre-synthesis "efx_fifo_ram_98c52b03a74a4ce095debab75db1d287(FAMILY="TITANIUM",WR_DEPTH=16384,RD_DEPTH=16384,WDATA_WIDTH=4,RDATA_WIDTH=4,WADDR_WIDTH=14,RADDR_WIDTH=14,OUTPUT_REG=0,RAM_MUX_RATIO=1,ENDIANESS=1)" begin
[EFX-0000 INFO] ... Hierarchical pre-synthesis "efx_fifo_ram_98c52b03a74a4ce095debab75db1d287(FAMILY="TITANIUM",WR_DEPTH=16384,RD_DEPTH=16384,WDATA_WIDTH=4,RDATA_WIDTH=4,WADDR_WIDTH=14,RADDR_WIDTH=14,OUTPUT_REG=0,RAM_MUX_RATIO=1,ENDIANESS=1)" end (Real time : 0s)
[EFX-0000 INFO] ... Hierarchical pre-synthesis "efx_fifo_ctl_98c52b03a74a4ce095debab75db1d287(WR_DEPTH=16384,WADDR_WIDTH=14,RADDR_WIDTH=14,ALMOST_FLAG=0,PROG_FULL_ASSERT=128,PROG_FULL_NEGATE=127,PROG_EMPTY_ASSERT=2,PROG_EMPTY_NEGATE=3,HANDSHAKE_FLAG=0,OVERFLOW_PROTECT=1,UNDERFLOW_PROTECT=1)" begin
[EFX-0000 INFO] ... Hierarchical pre-synthesis "efx_fifo_ctl_98c52b03a74a4ce095debab75db1d287(WR_DEPTH=16384,WADDR_WIDTH=14,RADDR_WIDTH=14,ALMOST_FLAG=0,PROG_FULL_ASSERT=128,PROG_FULL_NEGATE=127,PROG_EMPTY_ASSERT=2,PROG_EMPTY_NEGATE=3,HANDSHAKE_FLAG=0,OVERFLOW_PROTECT=1,UNDERFLOW_PROTECT=1)" end (Real time : 0s)
[EFX-0000 INFO] ... Hierarchical pre-synthesis "efx_fifo_top_98c52b03a74a4ce095debab75db1d287(FAMILY="TITANIUM",SYNC_CLK=1,DEPTH=16384,DATA_WIDTH=4,OPTIONAL_FLAGS=0,PROGRAMMABLE_FULL="NONE",PROG_FULL_ASSERT=128,PROG_FULL_NEGATE=127,PROGRAMMABLE_EMPTY="NONE",PROG_EMPTY_ASSERT=2,PROG_EMPTY_NEGATE=3,ENDIANESS=1)" begin
[EFX-0000 INFO] ... Hierarchical pre-synthesis "efx_fifo_top_98c52b03a74a4ce095debab75db1d287(FAMILY="TITANIUM",SYNC_CLK=1,DEPTH=16384,DATA_WIDTH=4,OPTIONAL_FLAGS=0,PROGRAMMABLE_FULL="NONE",PROG_FULL_ASSERT=128,PROG_FULL_NEGATE=127,PROGRAMMABLE_EMPTY="NONE",PROG_EMPTY_ASSERT=2,PROG_EMPTY_NEGATE=3,ENDIANESS=1)" end (Real time : 0s)
[EFX-0000 INFO] ... Hierarchical pre-synthesis "efx_dsi_delay_sync_98c52b03a74a4ce095debab75db1d287" begin
[EFX-0000 INFO] ... Hierarchical pre-synthesis "efx_dsi_delay_sync_98c52b03a74a4ce095debab75db1d287" end (Real time : 0s)
[EFX-0000 INFO] ... Hierarchical pre-synthesis "efx_dsi_video_iface_98c52b03a74a4ce095debab75db1d287(HS_DATA_WIDTH=8,PACKET_SEQUENCES=1)" begin
[EFX-0000 INFO] ... Hierarchical pre-synthesis "efx_dsi_video_iface_98c52b03a74a4ce095debab75db1d287(HS_DATA_WIDTH=8,PACKET_SEQUENCES=1)" end (Real time : 0s)
[EFX-0000 INFO] ... Hierarchical pre-synthesis "efx_dsi_crc16_d32_gen_98c52b03a74a4ce095debab75db1d287" begin
[EFX-0000 INFO] ... Hierarchical pre-synthesis "efx_dsi_crc16_d32_gen_98c52b03a74a4ce095debab75db1d287" end (Real time : 0s)
[EFX-0000 INFO] ... Hierarchical pre-synthesis "efx_fifo_ram_98c52b03a74a4ce095debab75db1d287(WDATA_WIDTH=36,RDATA_WIDTH=36,OUTPUT_REG=0,RAM_MUX_RATIO=1)" begin
[EFX-0000 INFO] ... Hierarchical pre-synthesis "efx_fifo_ram_98c52b03a74a4ce095debab75db1d287(WDATA_WIDTH=36,RDATA_WIDTH=36,OUTPUT_REG=0,RAM_MUX_RATIO=1)" end (Real time : 0s)
[EFX-0000 INFO] ... Hierarchical pre-synthesis "efx_fifo_ctl_98c52b03a74a4ce095debab75db1d287(SYNC_CLK=0,MODE="FWFT",ALMOST_FLAG=0,PROGRAMMABLE_FULL="NONE       ",PROG_FULL_ASSERT=16,PROG_FULL_NEGATE=16,HANDSHAKE_FLAG=0,OVERFLOW_PROTECT=1,UNDERFLOW_PROTECT=1)" begin
[EFX-0000 INFO] ... Hierarchical pre-synthesis "efx_fifo_ctl_98c52b03a74a4ce095debab75db1d287(SYNC_CLK=0,MODE="FWFT",ALMOST_FLAG=0,PROGRAMMABLE_FULL="NONE       ",PROG_FULL_ASSERT=16,PROG_FULL_NEGATE=16,HANDSHAKE_FLAG=0,OVERFLOW_PROTECT=1,UNDERFLOW_PROTECT=1)" end (Real time : 0s)
[EFX-0000 INFO] ... Hierarchical pre-synthesis "efx_fifo_top_98c52b03a74a4ce095debab75db1d287(MODE="FWFT",DATA_WIDTH=36,OPTIONAL_FLAGS=0,PROGRAMMABLE_FULL="NONE       ",PROG_FULL_ASSERT=16,PROG_FULL_NEGATE=16,PROGRAMMABLE_EMPTY="NONE",PROG_EMPTY_ASSERT=0,PROG_EMPTY_NEGATE=0)" begin
[EFX-0000 INFO] ... Hierarchical pre-synthesis "efx_fifo_top_98c52b03a74a4ce095debab75db1d287(MODE="FWFT",DATA_WIDTH=36,OPTIONAL_FLAGS=0,PROGRAMMABLE_FULL="NONE       ",PROG_FULL_ASSERT=16,PROG_FULL_NEGATE=16,PROGRAMMABLE_EMPTY="NONE",PROG_EMPTY_ASSERT=0,PROG_EMPTY_NEGATE=0)" end (Real time : 0s)
[EFX-0000 INFO] ... Hierarchical pre-synthesis "efx_dsi_64b_packetizer_4lane_98c52b03a74a4ce095debab75db1d287(ENABLE_EOTP=1'b0,HS_LANE_FIFO_DEPTH=512)" begin
[EFX-0000 INFO] ... Hierarchical pre-synthesis "efx_dsi_64b_packetizer_4lane_98c52b03a74a4ce095debab75db1d287(ENABLE_EOTP=1'b0,HS_LANE_FIFO_DEPTH=512)" end (Real time : 0s)
[EFX-0000 INFO] ... Hierarchical pre-synthesis "efx_dsi_tx_top_98c52b03a74a4ce095debab75db1d287(tINIT_NS=100000,ENABLE_INIT_SKEWCAL=0,ENABLE_EOTP=1'b0,HS_BYTECLK_MHZ=125,PACK_TYPE=1,ENABLE_V_LPM_BTA=1'b0,HS_CMD_WDATAFIFO_DEPTH=512,LP_CMD_WDATAFIFO_DEPTH=512,LP_CMD_RDATAFIFO_DEPTH=2048,HS_DATA_WIDTH=8)" begin
[EFX-0000 INFO] ... Hierarchical pre-synthesis "efx_dsi_tx_top_98c52b03a74a4ce095debab75db1d287(tINIT_NS=100000,ENABLE_INIT_SKEWCAL=0,ENABLE_EOTP=1'b0,HS_BYTECLK_MHZ=125,PACK_TYPE=1,ENABLE_V_LPM_BTA=1'b0,HS_CMD_WDATAFIFO_DEPTH=512,LP_CMD_WDATAFIFO_DEPTH=512,LP_CMD_RDATAFIFO_DEPTH=2048,HS_DATA_WIDTH=8)" end (Real time : 1s)
[EFX-0000 INFO] ... Hierarchical pre-synthesis "efx_dsi_tx_98c52b03a74a4ce095debab75db1d287(tLPX_NS=60,tCLK_ZERO_NS=280,tCLK_TRAIL_NS=100,tCLK_POST_NS=100,tCLK_PREPARE_NS=50,tHS_PREPARE_NS=50,tHS_EXIT_NS=120,tHS_ZERO_NS=200,tHS_TRAIL_NS=65,PACK_TYPE=1,ENABLE_V_LPM_BTA=1'b0,HS_CMD_WDATAFIFO_DEPTH=512,LP_CMD_WDATAFIFO_DEPTH=512,LP_CMD_RDATAFIFO_DEPTH=2048,ENABLE_BIDIR=1'b1,ENABLE_EOTP=1'b0)" begin
[EFX-0000 INFO] ... Hierarchical pre-synthesis "efx_dsi_tx_98c52b03a74a4ce095debab75db1d287(tLPX_NS=60,tCLK_ZERO_NS=280,tCLK_TRAIL_NS=100,tCLK_POST_NS=100,tCLK_PREPARE_NS=50,tHS_PREPARE_NS=50,tHS_EXIT_NS=120,tHS_ZERO_NS=200,tHS_TRAIL_NS=65,PACK_TYPE=1,ENABLE_V_LPM_BTA=1'b0,HS_CMD_WDATAFIFO_DEPTH=512,LP_CMD_WDATAFIFO_DEPTH=512,LP_CMD_RDATAFIFO_DEPTH=2048,ENABLE_BIDIR=1'b1,ENABLE_EOTP=1'b0)" end (Real time : 0s)
[EFX-0000 INFO] ... Hierarchical pre-synthesis "dsi_tx_display" begin
[EFX-0000 INFO] ... Hierarchical pre-synthesis "dsi_tx_display" end (Real time : 0s)
[EFX-0000 INFO] ... Hierarchical pre-synthesis "common_apb3(ADDR_WIDTH=16,NUM_REG=18)" begin
[EFX-0000 INFO] ... Hierarchical pre-synthesis "common_apb3(ADDR_WIDTH=16,NUM_REG=18)" end (Real time : 0s)
[EFX-0000 INFO] ... Hierarchical pre-synthesis "efx_asyncreg_b64bd53245f74d6a99e917bfa5663d9f(WIDTH=1)" begin
[EFX-0000 INFO] ... Hierarchical pre-synthesis "efx_asyncreg_b64bd53245f74d6a99e917bfa5663d9f(WIDTH=1)" end (Real time : 0s)
[EFX-0000 INFO] ... Hierarchical pre-synthesis "efx_resetsync_b64bd53245f74d6a99e917bfa5663d9f" begin
[EFX-0000 INFO] ... Hierarchical pre-synthesis "efx_resetsync_b64bd53245f74d6a99e917bfa5663d9f" end (Real time : 0s)
[EFX-0000 INFO] ... Hierarchical pre-synthesis "efx_asyncreg_b64bd53245f74d6a99e917bfa5663d9f(WIDTH=1,ACTIVE_LOW=0,RST_VALUE=1)" begin
[EFX-0000 INFO] ... Hierarchical pre-synthesis "efx_asyncreg_b64bd53245f74d6a99e917bfa5663d9f(WIDTH=1,ACTIVE_LOW=0,RST_VALUE=1)" end (Real time : 0s)
[EFX-0000 INFO] ... Hierarchical pre-synthesis "efx_resetsync_b64bd53245f74d6a99e917bfa5663d9f(ACTIVE_LOW=0)" begin
[EFX-0000 INFO] ... Hierarchical pre-synthesis "efx_resetsync_b64bd53245f74d6a99e917bfa5663d9f(ACTIVE_LOW=0)" end (Real time : 0s)
[EFX-0000 INFO] ... Hierarchical pre-synthesis "efx_fifo_ram_b64bd53245f74d6a99e917bfa5663d9f(FAMILY="TITANIUM",WR_DEPTH=16,RD_DEPTH=16,WDATA_WIDTH=54,RDATA_WIDTH=54,WADDR_WIDTH=4,RADDR_WIDTH=4,OUTPUT_REG=0,RAM_MUX_RATIO=1)" begin
[EFX-0000 INFO] ... Hierarchical pre-synthesis "efx_fifo_ram_b64bd53245f74d6a99e917bfa5663d9f(FAMILY="TITANIUM",WR_DEPTH=16,RD_DEPTH=16,WDATA_WIDTH=54,RDATA_WIDTH=54,WADDR_WIDTH=4,RADDR_WIDTH=4,OUTPUT_REG=0,RAM_MUX_RATIO=1)" end (Real time : 0s)
[EFX-0000 INFO] ... Hierarchical pre-synthesis "efx_fifo_bin2gray_b64bd53245f74d6a99e917bfa5663d9f" begin
[EFX-0000 INFO] ... Hierarchical pre-synthesis "efx_fifo_bin2gray_b64bd53245f74d6a99e917bfa5663d9f" end (Real time : 0s)
[EFX-0000 INFO] ... Hierarchical pre-synthesis "efx_asyncreg_b64bd53245f74d6a99e917bfa5663d9f(WIDTH=5,ACTIVE_LOW=0,OFF_ASSERTION=1)" begin
[EFX-0000 INFO] ... Hierarchical pre-synthesis "efx_asyncreg_b64bd53245f74d6a99e917bfa5663d9f(WIDTH=5,ACTIVE_LOW=0,OFF_ASSERTION=1)" end (Real time : 0s)
[EFX-0000 INFO] ... Hierarchical pre-synthesis "efx_fifo_gray2bin_b64bd53245f74d6a99e917bfa5663d9f(WIDTH=2)" begin
[EFX-0000 INFO] ... Hierarchical pre-synthesis "efx_fifo_gray2bin_b64bd53245f74d6a99e917bfa5663d9f(WIDTH=2)" end (Real time : 0s)
[EFX-0000 INFO] ... Hierarchical pre-synthesis "efx_fifo_gray2bin_b64bd53245f74d6a99e917bfa5663d9f(WIDTH=3)" begin
[EFX-0000 INFO] ... Hierarchical pre-synthesis "efx_fifo_gray2bin_b64bd53245f74d6a99e917bfa5663d9f(WIDTH=3)" end (Real time : 0s)
[EFX-0000 INFO] ... Hierarchical pre-synthesis "efx_fifo_gray2bin_b64bd53245f74d6a99e917bfa5663d9f(WIDTH=4)" begin
[EFX-0000 INFO] ... Hierarchical pre-synthesis "efx_fifo_gray2bin_b64bd53245f74d6a99e917bfa5663d9f(WIDTH=4)" end (Real time : 0s)
[EFX-0000 INFO] ... Hierarchical pre-synthesis "efx_fifo_gray2bin_b64bd53245f74d6a99e917bfa5663d9f" begin
[EFX-0000 INFO] ... Hierarchical pre-synthesis "efx_fifo_gray2bin_b64bd53245f74d6a99e917bfa5663d9f" end (Real time : 0s)
[EFX-0000 INFO] ... Hierarchical pre-synthesis "efx_fifo_ctl_b64bd53245f74d6a99e917bfa5663d9f(SYNC_CLK=0,WR_DEPTH=16,WADDR_WIDTH=4,RADDR_WIDTH=4,PROG_FULL_ASSERT=27,PROG_FULL_NEGATE=23,PROG_EMPTY_ASSERT=5,PROG_EMPTY_NEGATE=7,OVERFLOW_PROTECT=1,UNDERFLOW_PROTECT=1)" begin
[EFX-0000 INFO] ... Hierarchical pre-synthesis "efx_fifo_ctl_b64bd53245f74d6a99e917bfa5663d9f(SYNC_CLK=0,WR_DEPTH=16,WADDR_WIDTH=4,RADDR_WIDTH=4,PROG_FULL_ASSERT=27,PROG_FULL_NEGATE=23,PROG_EMPTY_ASSERT=5,PROG_EMPTY_NEGATE=7,OVERFLOW_PROTECT=1,UNDERFLOW_PROTECT=1)" end (Real time : 0s)
[EFX-0000 INFO] ... Hierarchical pre-synthesis "efx_fifo_top_b64bd53245f74d6a99e917bfa5663d9f(FAMILY="TITANIUM",DEPTH=16,DATA_WIDTH=54,PROGRAMMABLE_FULL="NONE",PROGRAMMABLE_EMPTY="NONE")" begin
[EFX-0000 INFO] ... Hierarchical pre-synthesis "efx_fifo_top_b64bd53245f74d6a99e917bfa5663d9f(FAMILY="TITANIUM",DEPTH=16,DATA_WIDTH=54,PROGRAMMABLE_FULL="NONE",PROGRAMMABLE_EMPTY="NONE")" end (Real time : 0s)
[EFX-0000 INFO] ... Hierarchical pre-synthesis "efx_fifo_ram_b64bd53245f74d6a99e917bfa5663d9f(FAMILY="TITANIUM",WR_DEPTH=256,RD_DEPTH=1024,WDATA_WIDTH=160,RDATA_WIDTH=40,WADDR_WIDTH=8,RADDR_WIDTH=10,OUTPUT_REG=0)" begin
[EFX-0000 INFO] ... Hierarchical pre-synthesis "efx_fifo_ram_b64bd53245f74d6a99e917bfa5663d9f(FAMILY="TITANIUM",WR_DEPTH=256,RD_DEPTH=1024,WDATA_WIDTH=160,RDATA_WIDTH=40,WADDR_WIDTH=8,RADDR_WIDTH=10,OUTPUT_REG=0)" end (Real time : 0s)
[EFX-0000 INFO] ... Hierarchical pre-synthesis "efx_fifo_bin2gray_b64bd53245f74d6a99e917bfa5663d9f(WIDTH=11)" begin
[EFX-0000 INFO] ... Hierarchical pre-synthesis "efx_fifo_bin2gray_b64bd53245f74d6a99e917bfa5663d9f(WIDTH=11)" end (Real time : 0s)
[EFX-0000 INFO] ... Hierarchical pre-synthesis "efx_asyncreg_b64bd53245f74d6a99e917bfa5663d9f(WIDTH=11,ACTIVE_LOW=0,OFF_ASSERTION=1)" begin
[EFX-0000 INFO] ... Hierarchical pre-synthesis "efx_asyncreg_b64bd53245f74d6a99e917bfa5663d9f(WIDTH=11,ACTIVE_LOW=0,OFF_ASSERTION=1)" end (Real time : 0s)
[EFX-0000 INFO] ... Hierarchical pre-synthesis "efx_fifo_gray2bin_b64bd53245f74d6a99e917bfa5663d9f(WIDTH=6)" begin
[EFX-0000 INFO] ... Hierarchical pre-synthesis "efx_fifo_gray2bin_b64bd53245f74d6a99e917bfa5663d9f(WIDTH=6)" end (Real time : 0s)
[EFX-0000 INFO] ... Hierarchical pre-synthesis "efx_fifo_gray2bin_b64bd53245f74d6a99e917bfa5663d9f(WIDTH=7)" begin
[EFX-0000 INFO] ... Hierarchical pre-synthesis "efx_fifo_gray2bin_b64bd53245f74d6a99e917bfa5663d9f(WIDTH=7)" end (Real time : 0s)
[EFX-0000 INFO] ... Hierarchical pre-synthesis "efx_fifo_gray2bin_b64bd53245f74d6a99e917bfa5663d9f(WIDTH=8)" begin
[EFX-0000 INFO] ... Hierarchical pre-synthesis "efx_fifo_gray2bin_b64bd53245f74d6a99e917bfa5663d9f(WIDTH=8)" end (Real time : 0s)
[EFX-0000 INFO] ... Hierarchical pre-synthesis "efx_fifo_gray2bin_b64bd53245f74d6a99e917bfa5663d9f(WIDTH=9)" begin
[EFX-0000 INFO] ... Hierarchical pre-synthesis "efx_fifo_gray2bin_b64bd53245f74d6a99e917bfa5663d9f(WIDTH=9)" end (Real time : 0s)
[EFX-0000 INFO] ... Hierarchical pre-synthesis "efx_fifo_gray2bin_b64bd53245f74d6a99e917bfa5663d9f(WIDTH=10)" begin
[EFX-0000 INFO] ... Hierarchical pre-synthesis "efx_fifo_gray2bin_b64bd53245f74d6a99e917bfa5663d9f(WIDTH=10)" end (Real time : 0s)
[EFX-0000 INFO] ... Hierarchical pre-synthesis "efx_fifo_gray2bin_b64bd53245f74d6a99e917bfa5663d9f(WIDTH=11)" begin
[EFX-0000 INFO] ... Hierarchical pre-synthesis "efx_fifo_gray2bin_b64bd53245f74d6a99e917bfa5663d9f(WIDTH=11)" end (Real time : 0s)
[EFX-0000 INFO] ... Hierarchical pre-synthesis "efx_fifo_bin2gray_b64bd53245f74d6a99e917bfa5663d9f(WIDTH=9)" begin
[EFX-0000 INFO] ... Hierarchical pre-synthesis "efx_fifo_bin2gray_b64bd53245f74d6a99e917bfa5663d9f(WIDTH=9)" end (Real time : 0s)
[EFX-0000 INFO] ... Hierarchical pre-synthesis "efx_asyncreg_b64bd53245f74d6a99e917bfa5663d9f(WIDTH=9,ACTIVE_LOW=0,OFF_ASSERTION=1)" begin
[EFX-0000 INFO] ... Hierarchical pre-synthesis "efx_asyncreg_b64bd53245f74d6a99e917bfa5663d9f(WIDTH=9,ACTIVE_LOW=0,OFF_ASSERTION=1)" end (Real time : 0s)
[EFX-0000 INFO] ... Hierarchical pre-synthesis "efx_fifo_ctl_b64bd53245f74d6a99e917bfa5663d9f(SYNC_CLK=0,WR_DEPTH=256,WADDR_WIDTH=8,RADDR_WIDTH=10,ASYM_WIDTH_RATIO=2,RAM_MUX_RATIO=4,PROG_FULL_ASSERT=27,PROG_FULL_NEGATE=23,PROG_EMPTY_ASSERT=5,PROG_EMPTY_NEGATE=7,OVERFLOW_PROTECT=1,UNDERFLOW_PROTECT=1)" begin
[EFX-0000 INFO] ... Hierarchical pre-synthesis "efx_fifo_ctl_b64bd53245f74d6a99e917bfa5663d9f(SYNC_CLK=0,WR_DEPTH=256,WADDR_WIDTH=8,RADDR_WIDTH=10,ASYM_WIDTH_RATIO=2,RAM_MUX_RATIO=4,PROG_FULL_ASSERT=27,PROG_FULL_NEGATE=23,PROG_EMPTY_ASSERT=5,PROG_EMPTY_NEGATE=7,OVERFLOW_PROTECT=1,UNDERFLOW_PROTECT=1)" end (Real time : 0s)
[EFX-0000 INFO] ... Hierarchical pre-synthesis "efx_fifo_top_b64bd53245f74d6a99e917bfa5663d9f(FAMILY="TITANIUM",DEPTH=256,DATA_WIDTH=160,PROGRAMMABLE_FULL="NONE",PROGRAMMABLE_EMPTY="NONE",ASYM_WIDTH_RATIO=2)" begin
[EFX-0000 INFO] ... Hierarchical pre-synthesis "efx_fifo_top_b64bd53245f74d6a99e917bfa5663d9f(FAMILY="TITANIUM",DEPTH=256,DATA_WIDTH=160,PROGRAMMABLE_FULL="NONE",PROGRAMMABLE_EMPTY="NONE",ASYM_WIDTH_RATIO=2)" end (Real time : 0s)
[EFX-0000 INFO] ... Hierarchical pre-synthesis "efx_fifo_ram_b64bd53245f74d6a99e917bfa5663d9f(FAMILY="TITANIUM",WR_DEPTH=16,RD_DEPTH=16,WDATA_WIDTH=5,RDATA_WIDTH=5,WADDR_WIDTH=4,RADDR_WIDTH=4,OUTPUT_REG=0,RAM_MUX_RATIO=1)" begin
[EFX-0000 INFO] ... Hierarchical pre-synthesis "efx_fifo_ram_b64bd53245f74d6a99e917bfa5663d9f(FAMILY="TITANIUM",WR_DEPTH=16,RD_DEPTH=16,WDATA_WIDTH=5,RDATA_WIDTH=5,WADDR_WIDTH=4,RADDR_WIDTH=4,OUTPUT_REG=0,RAM_MUX_RATIO=1)" end (Real time : 0s)
[EFX-0000 INFO] ... Hierarchical pre-synthesis "efx_fifo_ctl_b64bd53245f74d6a99e917bfa5663d9f(SYNC_CLK=0,WR_DEPTH=16,WADDR_WIDTH=4,RADDR_WIDTH=4,PROG_FULL_ASSERT=27,PROG_FULL_NEGATE=23,PROG_EMPTY_ASSERT=5,PROG_EMPTY_NEGATE=7,OVERFLOW_PROTECT=1)" begin
[EFX-0000 INFO] ... Hierarchical pre-synthesis "efx_fifo_ctl_b64bd53245f74d6a99e917bfa5663d9f(SYNC_CLK=0,WR_DEPTH=16,WADDR_WIDTH=4,RADDR_WIDTH=4,PROG_FULL_ASSERT=27,PROG_FULL_NEGATE=23,PROG_EMPTY_ASSERT=5,PROG_EMPTY_NEGATE=7,OVERFLOW_PROTECT=1)" end (Real time : 0s)
[EFX-0000 INFO] ... Hierarchical pre-synthesis "efx_fifo_top_b64bd53245f74d6a99e917bfa5663d9f(FAMILY="TITANIUM",DEPTH=16,DATA_WIDTH=5,PROGRAMMABLE_FULL="NONE",PROGRAMMABLE_EMPTY="NONE",UNDERFLOW_PROTECT=0)" begin
[EFX-0000 INFO] ... Hierarchical pre-synthesis "efx_fifo_top_b64bd53245f74d6a99e917bfa5663d9f(FAMILY="TITANIUM",DEPTH=16,DATA_WIDTH=5,PROGRAMMABLE_FULL="NONE",PROGRAMMABLE_EMPTY="NONE",UNDERFLOW_PROTECT=0)" end (Real time : 0s)
[EFX-0000 INFO] ... Hierarchical pre-synthesis "efx_fifo_ram_b64bd53245f74d6a99e917bfa5663d9f(FAMILY="TITANIUM",WR_DEPTH=8,RD_DEPTH=8,WDATA_WIDTH=5,RDATA_WIDTH=5,WADDR_WIDTH=3,RADDR_WIDTH=3,OUTPUT_REG=0,RAM_MUX_RATIO=1)" begin
[EFX-0000 INFO] ... Hierarchical pre-synthesis "efx_fifo_ram_b64bd53245f74d6a99e917bfa5663d9f(FAMILY="TITANIUM",WR_DEPTH=8,RD_DEPTH=8,WDATA_WIDTH=5,RDATA_WIDTH=5,WADDR_WIDTH=3,RADDR_WIDTH=3,OUTPUT_REG=0,RAM_MUX_RATIO=1)" end (Real time : 0s)
[EFX-0000 INFO] ... Hierarchical pre-synthesis "efx_fifo_bin2gray_b64bd53245f74d6a99e917bfa5663d9f(WIDTH=4)" begin
[EFX-0000 INFO] ... Hierarchical pre-synthesis "efx_fifo_bin2gray_b64bd53245f74d6a99e917bfa5663d9f(WIDTH=4)" end (Real time : 0s)
[EFX-0000 INFO] ... Hierarchical pre-synthesis "efx_asyncreg_b64bd53245f74d6a99e917bfa5663d9f(ACTIVE_LOW=0,OFF_ASSERTION=1)" begin
[EFX-0000 INFO] ... Hierarchical pre-synthesis "efx_asyncreg_b64bd53245f74d6a99e917bfa5663d9f(ACTIVE_LOW=0,OFF_ASSERTION=1)" end (Real time : 0s)
[EFX-0000 INFO] ... Hierarchical pre-synthesis "efx_fifo_ctl_b64bd53245f74d6a99e917bfa5663d9f(SYNC_CLK=0,WR_DEPTH=8,WADDR_WIDTH=3,RADDR_WIDTH=3,ALMOST_FLAG=0,PROG_FULL_ASSERT=27,PROG_FULL_NEGATE=23,PROG_EMPTY_ASSERT=5,PROG_EMPTY_NEGATE=7,HANDSHAKE_FLAG=0)" begin
[EFX-0000 INFO] ... Hierarchical pre-synthesis "efx_fifo_ctl_b64bd53245f74d6a99e917bfa5663d9f(SYNC_CLK=0,WR_DEPTH=8,WADDR_WIDTH=3,RADDR_WIDTH=3,ALMOST_FLAG=0,PROG_FULL_ASSERT=27,PROG_FULL_NEGATE=23,PROG_EMPTY_ASSERT=5,PROG_EMPTY_NEGATE=7,HANDSHAKE_FLAG=0)" end (Real time : 0s)
[EFX-0000 INFO] ... Hierarchical pre-synthesis "efx_fifo_top_b64bd53245f74d6a99e917bfa5663d9f(FAMILY="TITANIUM",DEPTH=8,DATA_WIDTH=5,OPTIONAL_FLAGS=0,PROGRAMMABLE_FULL="NONE",PROGRAMMABLE_EMPTY="NONE",OVERFLOW_PROTECT=0,UNDERFLOW_PROTECT=0)" begin
[EFX-0000 INFO] ... Hierarchical pre-synthesis "efx_fifo_top_b64bd53245f74d6a99e917bfa5663d9f(FAMILY="TITANIUM",DEPTH=8,DATA_WIDTH=5,OPTIONAL_FLAGS=0,PROGRAMMABLE_FULL="NONE",PROGRAMMABLE_EMPTY="NONE",OVERFLOW_PROTECT=0,UNDERFLOW_PROTECT=0)" end (Real time : 0s)
[EFX-0000 INFO] ... Hierarchical pre-synthesis "efx_fifo_ram_b64bd53245f74d6a99e917bfa5663d9f(FAMILY="TITANIUM",WR_DEPTH=4,RD_DEPTH=4,WDATA_WIDTH=11,RDATA_WIDTH=11,WADDR_WIDTH=2,RADDR_WIDTH=2,OUTPUT_REG=0,RAM_MUX_RATIO=1)" begin
[EFX-0000 INFO] ... Hierarchical pre-synthesis "efx_fifo_ram_b64bd53245f74d6a99e917bfa5663d9f(FAMILY="TITANIUM",WR_DEPTH=4,RD_DEPTH=4,WDATA_WIDTH=11,RDATA_WIDTH=11,WADDR_WIDTH=2,RADDR_WIDTH=2,OUTPUT_REG=0,RAM_MUX_RATIO=1)" end (Real time : 0s)
[EFX-0000 INFO] ... Hierarchical pre-synthesis "efx_fifo_bin2gray_b64bd53245f74d6a99e917bfa5663d9f(WIDTH=3)" begin
[EFX-0000 INFO] ... Hierarchical pre-synthesis "efx_fifo_bin2gray_b64bd53245f74d6a99e917bfa5663d9f(WIDTH=3)" end (Real time : 0s)
[EFX-0000 INFO] ... Hierarchical pre-synthesis "efx_asyncreg_b64bd53245f74d6a99e917bfa5663d9f(WIDTH=3,ACTIVE_LOW=0,OFF_ASSERTION=1)" begin
[EFX-0000 INFO] ... Hierarchical pre-synthesis "efx_asyncreg_b64bd53245f74d6a99e917bfa5663d9f(WIDTH=3,ACTIVE_LOW=0,OFF_ASSERTION=1)" end (Real time : 0s)
[EFX-0000 INFO] ... Hierarchical pre-synthesis "efx_fifo_ctl_b64bd53245f74d6a99e917bfa5663d9f(SYNC_CLK=0,WR_DEPTH=4,WADDR_WIDTH=2,RADDR_WIDTH=2,PROG_FULL_ASSERT=27,PROG_FULL_NEGATE=23,PROG_EMPTY_ASSERT=5,PROG_EMPTY_NEGATE=7,OVERFLOW_PROTECT=1)" begin
[EFX-0000 INFO] ... Hierarchical pre-synthesis "efx_fifo_ctl_b64bd53245f74d6a99e917bfa5663d9f(SYNC_CLK=0,WR_DEPTH=4,WADDR_WIDTH=2,RADDR_WIDTH=2,PROG_FULL_ASSERT=27,PROG_FULL_NEGATE=23,PROG_EMPTY_ASSERT=5,PROG_EMPTY_NEGATE=7,OVERFLOW_PROTECT=1)" end (Real time : 0s)
[EFX-0000 INFO] ... Hierarchical pre-synthesis "efx_fifo_top_b64bd53245f74d6a99e917bfa5663d9f(FAMILY="TITANIUM",DEPTH=4,DATA_WIDTH=11,PROGRAMMABLE_FULL="NONE",PROGRAMMABLE_EMPTY="NONE",UNDERFLOW_PROTECT=0)" begin
[EFX-0000 INFO] ... Hierarchical pre-synthesis "efx_fifo_top_b64bd53245f74d6a99e917bfa5663d9f(FAMILY="TITANIUM",DEPTH=4,DATA_WIDTH=11,PROGRAMMABLE_FULL="NONE",PROGRAMMABLE_EMPTY="NONE",UNDERFLOW_PROTECT=0)" end (Real time : 0s)
[EFX-0000 INFO] ... Hierarchical pre-synthesis "efx_fifo_ram_b64bd53245f74d6a99e917bfa5663d9f(FAMILY="TITANIUM",WR_DEPTH=1024,RD_DEPTH=256,WDATA_WIDTH=35,RDATA_WIDTH=140,WADDR_WIDTH=10,RADDR_WIDTH=8,OUTPUT_REG=0)" begin
[EFX-0000 INFO] ... Hierarchical pre-synthesis "efx_fifo_ram_b64bd53245f74d6a99e917bfa5663d9f(FAMILY="TITANIUM",WR_DEPTH=1024,RD_DEPTH=256,WDATA_WIDTH=35,RDATA_WIDTH=140,WADDR_WIDTH=10,RADDR_WIDTH=8,OUTPUT_REG=0)" end (Real time : 0s)
[EFX-0000 INFO] ... Hierarchical pre-synthesis "efx_fifo_ctl_b64bd53245f74d6a99e917bfa5663d9f(SYNC_CLK=0,MODE="FWFT",WR_DEPTH=1024,WADDR_WIDTH=10,RADDR_WIDTH=8,ASYM_WIDTH_RATIO=6,RAM_MUX_RATIO=4,PROGRAMMABLE_FULL="STATIC_SINGLE",PROG_FULL_ASSERT=512,PROG_FULL_NEGATE=23,PROG_EMPTY_ASSERT=5,PROG_EMPTY_NEGATE=7,OVERFLOW_PROTECT=1,UNDERFLOW_PROTECT=1)" begin
[EFX-0000 INFO] ... Hierarchical pre-synthesis "efx_fifo_ctl_b64bd53245f74d6a99e917bfa5663d9f(SYNC_CLK=0,MODE="FWFT",WR_DEPTH=1024,WADDR_WIDTH=10,RADDR_WIDTH=8,ASYM_WIDTH_RATIO=6,RAM_MUX_RATIO=4,PROGRAMMABLE_FULL="STATIC_SINGLE",PROG_FULL_ASSERT=512,PROG_FULL_NEGATE=23,PROG_EMPTY_ASSERT=5,PROG_EMPTY_NEGATE=7,OVERFLOW_PROTECT=1,UNDERFLOW_PROTECT=1)" end (Real time : 0s)
[EFX-0000 INFO] ... Hierarchical pre-synthesis "efx_fifo_top_b64bd53245f74d6a99e917bfa5663d9f(FAMILY="TITANIUM",MODE="FWFT",DEPTH=1024,DATA_WIDTH=35,PROGRAMMABLE_FULL="STATIC_SINGLE",PROG_FULL_ASSERT=512,PROGRAMMABLE_EMPTY="NONE",ASYM_WIDTH_RATIO=6)" begin
[EFX-0000 INFO] ... Hierarchical pre-synthesis "efx_fifo_top_b64bd53245f74d6a99e917bfa5663d9f(FAMILY="TITANIUM",MODE="FWFT",DEPTH=1024,DATA_WIDTH=35,PROGRAMMABLE_FULL="STATIC_SINGLE",PROG_FULL_ASSERT=512,PROGRAMMABLE_EMPTY="NONE",ASYM_WIDTH_RATIO=6)" end (Real time : 0s)
[EFX-0000 INFO] ... Hierarchical pre-synthesis "efx_axi_amux_top_b64bd53245f74d6a99e917bfa5663d9f(CTRL_DBW=32,AXI_DBW=128,AXI_SBW=16,DUAL_RAM=0)" begin
[EFX-0000 INFO] ... Hierarchical pre-synthesis "efx_axi_amux_top_b64bd53245f74d6a99e917bfa5663d9f(CTRL_DBW=32,AXI_DBW=128,AXI_SBW=16,DUAL_RAM=0)" end (Real time : 1s)
[EFX-0000 INFO] ... Hierarchical pre-synthesis "hbram_user_if_b64bd53245f74d6a99e917bfa5663d9f(AXI_DBW=128,DUAL_RAM=0,RAM_2DBW=32,RAM_DMW=4)" begin
[EFX-0000 INFO] ... Hierarchical pre-synthesis "hbram_user_if_b64bd53245f74d6a99e917bfa5663d9f(AXI_DBW=128,DUAL_RAM=0,RAM_2DBW=32,RAM_DMW=4)" end (Real time : 0s)
[EFX-0000 INFO] ... Hierarchical pre-synthesis "hbram_axi_wrapper_b64bd53245f74d6a99e917bfa5663d9f(RAM_DBW=16,RAM_ABW=25,AXI_DBW=128,DUAL_RAM=0)" begin
[EFX-0000 INFO] ... Hierarchical pre-synthesis "hbram_axi_wrapper_b64bd53245f74d6a99e917bfa5663d9f(RAM_DBW=16,RAM_ABW=25,AXI_DBW=128,DUAL_RAM=0)" end (Real time : 0s)
[EFX-0000 INFO] ... Hierarchical pre-synthesis "efx_asyncreg_b64bd53245f74d6a99e917bfa5663d9f(ASYNC_STAGE=8,WIDTH=1)" begin
[EFX-0000 INFO] ... Hierarchical pre-synthesis "efx_asyncreg_b64bd53245f74d6a99e917bfa5663d9f(ASYNC_STAGE=8,WIDTH=1)" end (Real time : 0s)
[EFX-0000 INFO] ... Hierarchical pre-synthesis "efx_fifo_ram_b64bd53245f74d6a99e917bfa5663d9f(WR_DEPTH=16,RD_DEPTH=16,WDATA_WIDTH=32,RDATA_WIDTH=32,WADDR_WIDTH=4,RADDR_WIDTH=4,OUTPUT_REG=0,RAM_MUX_RATIO=1)" begin
[EFX-0000 INFO] ... Hierarchical pre-synthesis "efx_fifo_ram_b64bd53245f74d6a99e917bfa5663d9f(WR_DEPTH=16,RD_DEPTH=16,WDATA_WIDTH=32,RDATA_WIDTH=32,WADDR_WIDTH=4,RADDR_WIDTH=4,OUTPUT_REG=0,RAM_MUX_RATIO=1)" end (Real time : 0s)
[EFX-0000 INFO] ... Hierarchical pre-synthesis "efx_fifo_top_b64bd53245f74d6a99e917bfa5663d9f(DEPTH=16,PROGRAMMABLE_FULL="NONE",PROGRAMMABLE_EMPTY="NONE",UNDERFLOW_PROTECT=0)" begin
[EFX-0000 INFO] ... Hierarchical pre-synthesis "efx_fifo_top_b64bd53245f74d6a99e917bfa5663d9f(DEPTH=16,PROGRAMMABLE_FULL="NONE",PROGRAMMABLE_EMPTY="NONE",UNDERFLOW_PROTECT=0)" end (Real time : 0s)
[EFX-0000 INFO] ... Hierarchical pre-synthesis "hbram_cal_ctrl_b64bd53245f74d6a99e917bfa5663d9f(CAL_MODE=2,RAM_DBW=16,RAM_ABW=25,CFG_CR0=16'b1000111100101111,CFG_CR1=16'b1111111111000001,CR0W_CA=48'b010000000001100000,CR1W_CA=48'b010000000000000000000000010000000001100000,TCYC=5000,DUAL_RAM=0,INDIVI_DUAL_CAL=0)" begin
[EFX-0000 INFO] ... Hierarchical pre-synthesis "hbram_cal_ctrl_b64bd53245f74d6a99e917bfa5663d9f(CAL_MODE=2,RAM_DBW=16,RAM_ABW=25,CFG_CR0=16'b1000111100101111,CFG_CR1=16'b1111111111000001,CR0W_CA=48'b010000000001100000,CR1W_CA=48'b010000000000000000000000010000000001100000,TCYC=5000,DUAL_RAM=0,INDIVI_DUAL_CAL=0)" end (Real time : 0s)
[EFX-0000 INFO] ... Hierarchical pre-synthesis "hbram_cal_mst_b64bd53245f74d6a99e917bfa5663d9f(RAM_DBW=16,ONE_SEC=200000000,ONE_DAY=24,RECAL_DAYS=7,CAL_BYTES=100,DUAL_RAM=0)" begin
[EFX-0000 INFO] ... Hierarchical pre-synthesis "hbram_cal_mst_b64bd53245f74d6a99e917bfa5663d9f(RAM_DBW=16,ONE_SEC=200000000,ONE_DAY=24,RECAL_DAYS=7,CAL_BYTES=100,DUAL_RAM=0)" end (Real time : 0s)
[EFX-0000 INFO] ... Hierarchical pre-synthesis "hbram_cal_slv_b64bd53245f74d6a99e917bfa5663d9f(CAL_BYTES=100,RAM_DBW=16,RAM_ABW=25,DUAL_RAM=0,INDIVI_DUAL_CAL=0)" begin
[EFX-0000 INFO] ... Hierarchical pre-synthesis "hbram_cal_slv_b64bd53245f74d6a99e917bfa5663d9f(CAL_BYTES=100,RAM_DBW=16,RAM_ABW=25,DUAL_RAM=0,INDIVI_DUAL_CAL=0)" end (Real time : 0s)
[EFX-0000 INFO] ... Hierarchical pre-synthesis "hbram_cal_controller_top_b64bd53245f74d6a99e917bfa5663d9f(CAL_MODE=2,CAL_BYTES=100,RAM_DBW=16,RAM_ABW=25,CFG_CR0=16'b1000111100101111,CFG_CR1=16'b1111111111000001,CR0W_CA=48'b010000000001100000,CR1W_CA=48'b010000000000000000000000010000000001100000,DQIN_MODE="RESYNC",TCYC=5000,DUAL_RAM=0,INDIVI_DUAL_CAL=0,ONE_SEC=200000000,RECAL_DAYS=7)" begin
[EFX-0000 INFO] ... Hierarchical pre-synthesis "hbram_cal_controller_top_b64bd53245f74d6a99e917bfa5663d9f(CAL_MODE=2,CAL_BYTES=100,RAM_DBW=16,RAM_ABW=25,CFG_CR0=16'b1000111100101111,CFG_CR1=16'b1111111111000001,CR0W_CA=48'b010000000001100000,CR1W_CA=48'b010000000000000000000000010000000001100000,DQIN_MODE="RESYNC",TCYC=5000,DUAL_RAM=0,INDIVI_DUAL_CAL=0,ONE_SEC=200000000,RECAL_DAYS=7)" end (Real time : 0s)
[EFX-0000 INFO] ... Hierarchical pre-synthesis "hbram_cal_axi_top_b64bd53245f74d6a99e917bfa5663d9f(RAM_DBW=16,RAM_ABW=25,CFG_CR0=16'b1000111100101111,CR0_ILC=4'b010,CFG_CR1=16'b1111111111000001,AXI_IF=1'b1,AXI_DBW=128,DQIN_MODE="RESYNC",CAL_CLK_CH=5'b0100,CAL_BYTES=100,TCYC=5000,DUAL_RAM=0,INDIVI_DUAL_CAL=0,CAL_CLK_CH_LO=5'b0100,CAL_CLK_CH_HI=5'b01000,ONE_SEC=200000000,RECAL_DAYS=7)" begin
[EFX-0000 INFO] ... Hierarchical pre-synthesis "hbram_cal_axi_top_b64bd53245f74d6a99e917bfa5663d9f(RAM_DBW=16,RAM_ABW=25,CFG_CR0=16'b1000111100101111,CR0_ILC=4'b010,CFG_CR1=16'b1111111111000001,AXI_IF=1'b1,AXI_DBW=128,DQIN_MODE="RESYNC",CAL_CLK_CH=5'b0100,CAL_BYTES=100,TCYC=5000,DUAL_RAM=0,INDIVI_DUAL_CAL=0,CAL_CLK_CH_LO=5'b0100,CAL_CLK_CH_HI=5'b01000,ONE_SEC=200000000,RECAL_DAYS=7)" end (Real time : 0s)
[EFX-0000 INFO] ... Hierarchical pre-synthesis "hbram_top_b64bd53245f74d6a99e917bfa5663d9f(RAM_ABW=25,CR0_ODS=0,CR0_ILC=2,CR0_WBL=3,CR1_HSE=1'b0,CR1_PAR=0,AXI_IF=1'b1,AXI_SBW=16,DDIN_MODE=1'b0,CAL_CLK_CH=4,CAL_CLK_CH_LO=4,CAL_CLK_CH_HI=8,CAL_BYTES=100,RECAL_DAYS=7)" begin
[EFX-0000 INFO] ... Hierarchical pre-synthesis "hbram_top_b64bd53245f74d6a99e917bfa5663d9f(RAM_ABW=25,CR0_ODS=0,CR0_ILC=2,CR0_WBL=3,CR1_HSE=1'b0,CR1_PAR=0,AXI_IF=1'b1,AXI_SBW=16,DDIN_MODE=1'b0,CAL_CLK_CH=4,CAL_CLK_CH_LO=4,CAL_CLK_CH_HI=8,CAL_BYTES=100,RECAL_DAYS=7)" end (Real time : 0s)
[EFX-0000 INFO] ... Hierarchical pre-synthesis "hbram" begin
[EFX-0000 INFO] ... Hierarchical pre-synthesis "hbram" end (Real time : 0s)
[EFX-0000 INFO] ... Hierarchical pre-synthesis "InstructionCache_2c15f6f801f0432490dd1015460eb67f" begin
[EFX-0000 INFO] ... Hierarchical pre-synthesis "InstructionCache_2c15f6f801f0432490dd1015460eb67f" end (Real time : 0s)
[EFX-0000 INFO] ... Hierarchical pre-synthesis "DataCache_2c15f6f801f0432490dd1015460eb67f" begin
[EFX-0000 INFO] ... Hierarchical pre-synthesis "DataCache_2c15f6f801f0432490dd1015460eb67f" end (Real time : 0s)
[EFX-0000 INFO] ... Hierarchical pre-synthesis "BufferCC_2c15f6f801f0432490dd1015460eb67f" begin
[EFX-0000 INFO] ... Hierarchical pre-synthesis "BufferCC_2c15f6f801f0432490dd1015460eb67f" end (Real time : 0s)
[EFX-0000 INFO] ... Hierarchical pre-synthesis "EfxCPUSp1_2c15f6f801f0432490dd1015460eb67f" begin
[EFX-0000 INFO] ... Hierarchical pre-synthesis "EfxCPUSp1_2c15f6f801f0432490dd1015460eb67f" end (Real time : 0s)
[EFX-0000 INFO] ... Hierarchical pre-synthesis "EfxCPUSp2_2c15f6f801f0432490dd1015460eb67f" begin
[EFX-0000 INFO] ... Hierarchical pre-synthesis "EfxCPUSp2_2c15f6f801f0432490dd1015460eb67f" end (Real time : 0s)
[EFX-0000 INFO] ... Hierarchical pre-synthesis "VexRiscv_2c15f6f801f0432490dd1015460eb67f" begin
[EFX-0000 INFO] ... Hierarchical pre-synthesis "VexRiscv_2c15f6f801f0432490dd1015460eb67f" end (Real time : 1s)
[EFX-0000 INFO] ... Hierarchical pre-synthesis "DebugModule_2c15f6f801f0432490dd1015460eb67f" begin
[EFX-0657 WARNING] Mapping into logic memory block 'logic_progbufX_mem' (64 bits) (C:\Users\Jing-XuanTan(i)\Downloads\evsoc-efinity-v2026.1.132\evsoc-efinity-v2026.1.132\cam_single\Ti60F225_dsi\ip\SapphireSoc\SapphireSoc.v:12000) because size is too small (<=64)
[EFX-0000 INFO] ... Hierarchical pre-synthesis "DebugModule_2c15f6f801f0432490dd1015460eb67f" end (Real time : 0s)
[EFX-0000 INFO] ... Hierarchical pre-synthesis "BufferCC_21_2c15f6f801f0432490dd1015460eb67f" begin
[EFX-0000 INFO] ... Hierarchical pre-synthesis "BufferCC_21_2c15f6f801f0432490dd1015460eb67f" end (Real time : 0s)
[EFX-0000 INFO] ... Hierarchical pre-synthesis "BufferCC_22_2c15f6f801f0432490dd1015460eb67f" begin
[EFX-0000 INFO] ... Hierarchical pre-synthesis "BufferCC_22_2c15f6f801f0432490dd1015460eb67f" end (Real time : 0s)
[EFX-0000 INFO] ... Hierarchical pre-synthesis "BufferCC_14_2c15f6f801f0432490dd1015460eb67f" begin
[EFX-0000 INFO] ... Hierarchical pre-synthesis "BufferCC_14_2c15f6f801f0432490dd1015460eb67f" end (Real time : 0s)
[EFX-0000 INFO] ... Hierarchical pre-synthesis "BufferCC_24_2c15f6f801f0432490dd1015460eb67f" begin
[EFX-0000 INFO] ... Hierarchical pre-synthesis "BufferCC_24_2c15f6f801f0432490dd1015460eb67f" end (Real time : 0s)
[EFX-0000 INFO] ... Hierarchical pre-synthesis "BufferCC_25_2c15f6f801f0432490dd1015460eb67f" begin
[EFX-0000 INFO] ... Hierarchical pre-synthesis "BufferCC_25_2c15f6f801f0432490dd1015460eb67f" end (Real time : 0s)
[EFX-0000 INFO] ... Hierarchical pre-synthesis "BufferCC_27_2c15f6f801f0432490dd1015460eb67f" begin
[EFX-0000 INFO] ... Hierarchical pre-synthesis "BufferCC_27_2c15f6f801f0432490dd1015460eb67f" end (Real time : 0s)
[EFX-0000 INFO] ... Hierarchical pre-synthesis "BufferCC_1_2c15f6f801f0432490dd1015460eb67f" begin
[EFX-0000 INFO] ... Hierarchical pre-synthesis "BufferCC_1_2c15f6f801f0432490dd1015460eb67f" end (Real time : 0s)
[EFX-0000 INFO] ... Hierarchical pre-synthesis "FlowCCByToggle_2c15f6f801f0432490dd1015460eb67f" begin
[EFX-0000 INFO] ... Hierarchical pre-synthesis "FlowCCByToggle_2c15f6f801f0432490dd1015460eb67f" end (Real time : 0s)
[EFX-0000 INFO] ... Hierarchical pre-synthesis "BufferCC_2_2c15f6f801f0432490dd1015460eb67f" begin
[EFX-0000 INFO] ... Hierarchical pre-synthesis "BufferCC_2_2c15f6f801f0432490dd1015460eb67f" end (Real time : 0s)
[EFX-0000 INFO] ... Hierarchical pre-synthesis "BufferCC_3_2c15f6f801f0432490dd1015460eb67f" begin
[EFX-0000 INFO] ... Hierarchical pre-synthesis "BufferCC_3_2c15f6f801f0432490dd1015460eb67f" end (Real time : 0s)
[EFX-0000 INFO] ... Hierarchical pre-synthesis "FlowCCByToggle_1_2c15f6f801f0432490dd1015460eb67f" begin
[EFX-0000 INFO] ... Hierarchical pre-synthesis "FlowCCByToggle_1_2c15f6f801f0432490dd1015460eb67f" end (Real time : 0s)
[EFX-0000 INFO] ... Hierarchical pre-synthesis "DebugTransportModuleTunneled_2c15f6f801f0432490dd1015460eb67f" begin
[EFX-0000 INFO] ... Hierarchical pre-synthesis "DebugTransportModuleTunneled_2c15f6f801f0432490dd1015460eb67f" end (Real time : 0s)
[EFX-0000 INFO] ... Hierarchical pre-synthesis "BmbDecoder_2c15f6f801f0432490dd1015460eb67f" begin
[EFX-0000 INFO] ... Hierarchical pre-synthesis "BmbDecoder_2c15f6f801f0432490dd1015460eb67f" end (Real time : 0s)
[EFX-0000 INFO] ... Hierarchical pre-synthesis "StreamArbiter_2c15f6f801f0432490dd1015460eb67f" begin
[EFX-0000 INFO] ... Hierarchical pre-synthesis "StreamArbiter_2c15f6f801f0432490dd1015460eb67f" end (Real time : 0s)
[EFX-0000 INFO] ... Hierarchical pre-synthesis "BmbArbiter_2c15f6f801f0432490dd1015460eb67f" begin
[EFX-0000 INFO] ... Hierarchical pre-synthesis "BmbArbiter_2c15f6f801f0432490dd1015460eb67f" end (Real time : 0s)
[EFX-0000 INFO] ... Hierarchical pre-synthesis "StreamFifo_2c15f6f801f0432490dd1015460eb67f" begin
[EFX-0000 INFO] ... Hierarchical pre-synthesis "StreamFifo_2c15f6f801f0432490dd1015460eb67f" end (Real time : 0s)
[EFX-0000 INFO] ... Hierarchical pre-synthesis "BmbToAxi4SharedBridge_2c15f6f801f0432490dd1015460eb67f" begin
[EFX-0000 INFO] ... Hierarchical pre-synthesis "BmbToAxi4SharedBridge_2c15f6f801f0432490dd1015460eb67f" end (Real time : 0s)
[EFX-0000 INFO] ... Hierarchical pre-synthesis "BufferCC_4_2c15f6f801f0432490dd1015460eb67f" begin
[EFX-0000 INFO] ... Hierarchical pre-synthesis "BufferCC_4_2c15f6f801f0432490dd1015460eb67f" end (Real time : 0s)
[EFX-0000 INFO] ... Hierarchical pre-synthesis "BufferCC_5_2c15f6f801f0432490dd1015460eb67f" begin
[EFX-0000 INFO] ... Hierarchical pre-synthesis "BufferCC_5_2c15f6f801f0432490dd1015460eb67f" end (Real time : 0s)
[EFX-0000 INFO] ... Hierarchical pre-synthesis "BufferCC_6_2c15f6f801f0432490dd1015460eb67f" begin
[EFX-0000 INFO] ... Hierarchical pre-synthesis "BufferCC_6_2c15f6f801f0432490dd1015460eb67f" end (Real time : 0s)
[EFX-0000 INFO] ... Hierarchical pre-synthesis "StreamFifoCC_2c15f6f801f0432490dd1015460eb67f" begin
[EFX-0000 INFO] ... Hierarchical pre-synthesis "StreamFifoCC_2c15f6f801f0432490dd1015460eb67f" end (Real time : 0s)
[EFX-0000 INFO] ... Hierarchical pre-synthesis "BufferCC_7_2c15f6f801f0432490dd1015460eb67f" begin
[EFX-0000 INFO] ... Hierarchical pre-synthesis "BufferCC_7_2c15f6f801f0432490dd1015460eb67f" end (Real time : 0s)
[EFX-0000 INFO] ... Hierarchical pre-synthesis "BufferCC_8_2c15f6f801f0432490dd1015460eb67f" begin
[EFX-0000 INFO] ... Hierarchical pre-synthesis "BufferCC_8_2c15f6f801f0432490dd1015460eb67f" end (Real time : 0s)
[EFX-0000 INFO] ... Hierarchical pre-synthesis "BufferCC_9_2c15f6f801f0432490dd1015460eb67f" begin
[EFX-0000 INFO] ... Hierarchical pre-synthesis "BufferCC_9_2c15f6f801f0432490dd1015460eb67f" end (Real time : 0s)
[EFX-0000 INFO] ... Hierarchical pre-synthesis "StreamFifoCC_1_2c15f6f801f0432490dd1015460eb67f" begin
[EFX-0000 INFO] ... Hierarchical pre-synthesis "StreamFifoCC_1_2c15f6f801f0432490dd1015460eb67f" end (Real time : 0s)
[EFX-0000 INFO] ... Hierarchical pre-synthesis "BmbCcFifo_2c15f6f801f0432490dd1015460eb67f" begin
[EFX-0000 INFO] ... Hierarchical pre-synthesis "BmbCcFifo_2c15f6f801f0432490dd1015460eb67f" end (Real time : 0s)
[EFX-0000 INFO] ... Hierarchical pre-synthesis "StreamArbiter_1_2c15f6f801f0432490dd1015460eb67f" begin
[EFX-0000 INFO] ... Hierarchical pre-synthesis "StreamArbiter_1_2c15f6f801f0432490dd1015460eb67f" end (Real time : 0s)
[EFX-0000 INFO] ... Hierarchical pre-synthesis "StreamFifo_2_2c15f6f801f0432490dd1015460eb67f" begin
[EFX-0000 INFO] ... Hierarchical pre-synthesis "StreamFifo_2_2c15f6f801f0432490dd1015460eb67f" end (Real time : 0s)
[EFX-0000 INFO] ... Hierarchical pre-synthesis "StreamFifoLowLatency_2c15f6f801f0432490dd1015460eb67f" begin
[EFX-0000 INFO] ... Hierarchical pre-synthesis "StreamFifoLowLatency_2c15f6f801f0432490dd1015460eb67f" end (Real time : 0s)
[EFX-0000 INFO] ... Hierarchical pre-synthesis "Axi4SharedArbiter_2c15f6f801f0432490dd1015460eb67f" begin
[EFX-0000 INFO] ... Hierarchical pre-synthesis "Axi4SharedArbiter_2c15f6f801f0432490dd1015460eb67f" end (Real time : 0s)
[EFX-0000 INFO] ... Hierarchical pre-synthesis "StreamFifo_3_2c15f6f801f0432490dd1015460eb67f" begin
[EFX-0657 WARNING] Mapping into logic memory block 'logic_ram' (64 bits) (C:\Users\Jing-XuanTan(i)\Downloads\evsoc-efinity-v2026.1.132\evsoc-efinity-v2026.1.132\cam_single\Ti60F225_dsi\ip\SapphireSoc\SapphireSoc.v:20389) because size is too small (<=64)
[EFX-0000 INFO] ... Hierarchical pre-synthesis "StreamFifo_3_2c15f6f801f0432490dd1015460eb67f" end (Real time : 0s)
[EFX-0000 INFO] ... Hierarchical pre-synthesis "StreamFifoLowLatency_1_2c15f6f801f0432490dd1015460eb67f" begin
[EFX-0000 INFO] ... Hierarchical pre-synthesis "StreamFifoLowLatency_1_2c15f6f801f0432490dd1015460eb67f" end (Real time : 0s)
[EFX-0000 INFO] ... Hierarchical pre-synthesis "BmbDecoder_1_2c15f6f801f0432490dd1015460eb67f" begin
[EFX-0000 INFO] ... Hierarchical pre-synthesis "BmbDecoder_1_2c15f6f801f0432490dd1015460eb67f" end (Real time : 0s)
[EFX-0000 INFO] ... Hierarchical pre-synthesis "BmbUpSizerBridge_2c15f6f801f0432490dd1015460eb67f" begin
[EFX-0000 INFO] ... Hierarchical pre-synthesis "BmbUpSizerBridge_2c15f6f801f0432490dd1015460eb67f" end (Real time : 0s)
[EFX-0000 INFO] ... Hierarchical pre-synthesis "BmbOnChipRam_2c15f6f801f0432490dd1015460eb67f" begin
[EFX-0000 INFO] ... Hierarchical pre-synthesis "BmbOnChipRam_2c15f6f801f0432490dd1015460eb67f" end (Real time : 0s)
[EFX-0000 INFO] ... Hierarchical pre-synthesis "BmbUnburstify_2c15f6f801f0432490dd1015460eb67f" begin
[EFX-0000 INFO] ... Hierarchical pre-synthesis "BmbUnburstify_2c15f6f801f0432490dd1015460eb67f" end (Real time : 0s)
[EFX-0000 INFO] ... Hierarchical pre-synthesis "BufferCC_10_2c15f6f801f0432490dd1015460eb67f" begin
[EFX-0000 INFO] ... Hierarchical pre-synthesis "BufferCC_10_2c15f6f801f0432490dd1015460eb67f" end (Real time : 0s)
[EFX-0000 INFO] ... Hierarchical pre-synthesis "BufferCC_11_2c15f6f801f0432490dd1015460eb67f" begin
[EFX-0000 INFO] ... Hierarchical pre-synthesis "BufferCC_11_2c15f6f801f0432490dd1015460eb67f" end (Real time : 0s)
[EFX-0000 INFO] ... Hierarchical pre-synthesis "BufferCC_12_2c15f6f801f0432490dd1015460eb67f" begin
[EFX-0000 INFO] ... Hierarchical pre-synthesis "BufferCC_12_2c15f6f801f0432490dd1015460eb67f" end (Real time : 0s)
[EFX-0000 INFO] ... Hierarchical pre-synthesis "StreamCCByToggle_2c15f6f801f0432490dd1015460eb67f" begin
[EFX-0000 INFO] ... Hierarchical pre-synthesis "StreamCCByToggle_2c15f6f801f0432490dd1015460eb67f" end (Real time : 0s)
[EFX-0000 INFO] ... Hierarchical pre-synthesis "BufferCC_16_2c15f6f801f0432490dd1015460eb67f" begin
[EFX-0000 INFO] ... Hierarchical pre-synthesis "BufferCC_16_2c15f6f801f0432490dd1015460eb67f" end (Real time : 0s)
[EFX-0000 INFO] ... Hierarchical pre-synthesis "BufferCC_15_2c15f6f801f0432490dd1015460eb67f" begin
[EFX-0000 INFO] ... Hierarchical pre-synthesis "BufferCC_15_2c15f6f801f0432490dd1015460eb67f" end (Real time : 0s)
[EFX-0000 INFO] ... Hierarchical pre-synthesis "StreamCCByToggle_1_2c15f6f801f0432490dd1015460eb67f" begin
[EFX-0000 INFO] ... Hierarchical pre-synthesis "StreamCCByToggle_1_2c15f6f801f0432490dd1015460eb67f" end (Real time : 0s)
[EFX-0000 INFO] ... Hierarchical pre-synthesis "BmbCcToggle_2c15f6f801f0432490dd1015460eb67f" begin
[EFX-0000 INFO] ... Hierarchical pre-synthesis "BmbCcToggle_2c15f6f801f0432490dd1015460eb67f" end (Real time : 0s)
[EFX-0000 INFO] ... Hierarchical pre-synthesis "BmbDecoder_2_2c15f6f801f0432490dd1015460eb67f" begin
[EFX-0000 INFO] ... Hierarchical pre-synthesis "BmbDecoder_2_2c15f6f801f0432490dd1015460eb67f" end (Real time : 0s)
[EFX-0000 INFO] ... Hierarchical pre-synthesis "BmbClint_2c15f6f801f0432490dd1015460eb67f" begin
[EFX-0000 INFO] ... Hierarchical pre-synthesis "BmbClint_2c15f6f801f0432490dd1015460eb67f" end (Real time : 0s)
[EFX-0000 INFO] ... Hierarchical pre-synthesis "UartCtrlTx_2c15f6f801f0432490dd1015460eb67f" begin
[EFX-0000 INFO] ... Hierarchical pre-synthesis "UartCtrlTx_2c15f6f801f0432490dd1015460eb67f" end (Real time : 0s)
[EFX-0000 INFO] ... Hierarchical pre-synthesis "UartCtrlRx_2c15f6f801f0432490dd1015460eb67f" begin
[EFX-0000 INFO] ... Hierarchical pre-synthesis "UartCtrlRx_2c15f6f801f0432490dd1015460eb67f" end (Real time : 0s)
[EFX-0000 INFO] ... Hierarchical pre-synthesis "UartCtrl_2c15f6f801f0432490dd1015460eb67f" begin
[EFX-0000 INFO] ... Hierarchical pre-synthesis "UartCtrl_2c15f6f801f0432490dd1015460eb67f" end (Real time : 0s)
[EFX-0000 INFO] ... Hierarchical pre-synthesis "StreamFifo_4_2c15f6f801f0432490dd1015460eb67f" begin
[EFX-0000 INFO] ... Hierarchical pre-synthesis "StreamFifo_4_2c15f6f801f0432490dd1015460eb67f" end (Real time : 0s)
[EFX-0000 INFO] ... Hierarchical pre-synthesis "BmbUartCtrl_2c15f6f801f0432490dd1015460eb67f" begin
[EFX-0000 INFO] ... Hierarchical pre-synthesis "BmbUartCtrl_2c15f6f801f0432490dd1015460eb67f" end (Real time : 0s)
[EFX-0000 INFO] ... Hierarchical pre-synthesis "TopLevel_2c15f6f801f0432490dd1015460eb67f" begin
[EFX-0000 INFO] ... Hierarchical pre-synthesis "TopLevel_2c15f6f801f0432490dd1015460eb67f" end (Real time : 0s)
[EFX-0000 INFO] ... Hierarchical pre-synthesis "StreamFifo_6_2c15f6f801f0432490dd1015460eb67f" begin
[EFX-0000 INFO] ... Hierarchical pre-synthesis "StreamFifo_6_2c15f6f801f0432490dd1015460eb67f" end (Real time : 0s)
[EFX-0000 INFO] ... Hierarchical pre-synthesis "StreamFifo_7_2c15f6f801f0432490dd1015460eb67f" begin
[EFX-0000 INFO] ... Hierarchical pre-synthesis "StreamFifo_7_2c15f6f801f0432490dd1015460eb67f" end (Real time : 0s)
[EFX-0000 INFO] ... Hierarchical pre-synthesis "BmbSpiXdrMasterCtrl_2c15f6f801f0432490dd1015460eb67f" begin
[EFX-0000 INFO] ... Hierarchical pre-synthesis "BmbSpiXdrMasterCtrl_2c15f6f801f0432490dd1015460eb67f" end (Real time : 0s)
[EFX-0000 INFO] ... Hierarchical pre-synthesis "BufferCC_17_2c15f6f801f0432490dd1015460eb67f" begin
[EFX-0000 INFO] ... Hierarchical pre-synthesis "BufferCC_17_2c15f6f801f0432490dd1015460eb67f" end (Real time : 0s)
[EFX-0000 INFO] ... Hierarchical pre-synthesis "I2cSlave_2c15f6f801f0432490dd1015460eb67f" begin
[EFX-0000 INFO] ... Hierarchical pre-synthesis "I2cSlave_2c15f6f801f0432490dd1015460eb67f" end (Real time : 0s)
[EFX-0000 INFO] ... Hierarchical pre-synthesis "BmbI2cCtrl_2c15f6f801f0432490dd1015460eb67f" begin
[EFX-0000 INFO] ... Wide MUX mapping to ram-net, output: 'bridge_masterLogic_fsm_stateReg_string' select size : 4 output width: 56
[EFX-0000 INFO] ... Wide MUX mapping to ram-net, output: 'bridge_masterLogic_fsm_stateNext_string' select size : 4 output width: 56
[EFX-0000 INFO] ... Hierarchical pre-synthesis "BmbI2cCtrl_2c15f6f801f0432490dd1015460eb67f" end (Real time : 0s)
[EFX-0000 INFO] ... Hierarchical pre-synthesis "BmbToApb3Bridge_2c15f6f801f0432490dd1015460eb67f" begin
[EFX-0000 INFO] ... Hierarchical pre-synthesis "BmbToApb3Bridge_2c15f6f801f0432490dd1015460eb67f" end (Real time : 0s)
[EFX-0000 INFO] ... Hierarchical pre-synthesis "BufferCC_20_2c15f6f801f0432490dd1015460eb67f" begin
[EFX-0000 INFO] ... Hierarchical pre-synthesis "BufferCC_20_2c15f6f801f0432490dd1015460eb67f" end (Real time : 0s)
[EFX-0000 INFO] ... Hierarchical pre-synthesis "StreamCCByToggle_2_2c15f6f801f0432490dd1015460eb67f" begin
[EFX-0000 INFO] ... Hierarchical pre-synthesis "StreamCCByToggle_2_2c15f6f801f0432490dd1015460eb67f" end (Real time : 0s)
[EFX-0000 INFO] ... Hierarchical pre-synthesis "EfxSapphireSoc_2c15f6f801f0432490dd1015460eb67f" begin
[EFX-0000 INFO] ... Hierarchical pre-synthesis "EfxSapphireSoc_2c15f6f801f0432490dd1015460eb67f" end (Real time : 2s)
[EFX-0000 INFO] ... Hierarchical pre-synthesis "SapphireSoc" begin
[EFX-0000 INFO] ... Hierarchical pre-synthesis "SapphireSoc" end (Real time : 0s)
[EFX-0000 INFO] ... Hierarchical pre-synthesis "hw_accel_apb3" begin
[EFX-0000 INFO] ... Hierarchical pre-synthesis "hw_accel_apb3" end (Real time : 0s)
[EFX-0000 INFO] ... Hierarchical pre-synthesis "EfxDMA_DmaMemoryCore_cc29c573cb9d40e5a33bb62586944fa9" begin
[EFX-0000 INFO] ... Hierarchical pre-synthesis "EfxDMA_DmaMemoryCore_cc29c573cb9d40e5a33bb62586944fa9" end (Real time : 0s)
[EFX-0000 INFO] ... Hierarchical pre-synthesis "EfxDMA_Aggregator_cc29c573cb9d40e5a33bb62586944fa9" begin
[EFX-0000 INFO] ... Hierarchical pre-synthesis "EfxDMA_Aggregator_cc29c573cb9d40e5a33bb62586944fa9" end (Real time : 1s)
[EFX-0000 INFO] ... Hierarchical pre-synthesis "EfxDMA_Core_cc29c573cb9d40e5a33bb62586944fa9" begin
[EFX-0000 INFO] ... Hierarchical pre-synthesis "EfxDMA_Core_cc29c573cb9d40e5a33bb62586944fa9" end (Real time : 1s)
[EFX-0000 INFO] ... Hierarchical pre-synthesis "EfxDMA_BufferCC_cc29c573cb9d40e5a33bb62586944fa9" begin
[EFX-0000 INFO] ... Hierarchical pre-synthesis "EfxDMA_BufferCC_cc29c573cb9d40e5a33bb62586944fa9" end (Real time : 0s)
[EFX-0000 INFO] ... Hierarchical pre-synthesis "EfxDMA_FlowCCUnsafeByToggle_cc29c573cb9d40e5a33bb62586944fa9" begin
[EFX-0000 INFO] ... Hierarchical pre-synthesis "EfxDMA_FlowCCUnsafeByToggle_cc29c573cb9d40e5a33bb62586944fa9" end (Real time : 0s)
[EFX-0000 INFO] ... Hierarchical pre-synthesis "EfxDMA_BufferCC_1_cc29c573cb9d40e5a33bb62586944fa9" begin
[EFX-0000 INFO] ... Hierarchical pre-synthesis "EfxDMA_BufferCC_1_cc29c573cb9d40e5a33bb62586944fa9" end (Real time : 0s)
[EFX-0000 INFO] ... Hierarchical pre-synthesis "EfxDMA_FlowCCUnsafeByToggle_1_cc29c573cb9d40e5a33bb62586944fa9" begin
[EFX-0000 INFO] ... Hierarchical pre-synthesis "EfxDMA_FlowCCUnsafeByToggle_1_cc29c573cb9d40e5a33bb62586944fa9" end (Real time : 0s)
[EFX-0000 INFO] ... Hierarchical pre-synthesis "EfxDMA_Apb3CC_cc29c573cb9d40e5a33bb62586944fa9" begin
[EFX-0000 INFO] ... Hierarchical pre-synthesis "EfxDMA_Apb3CC_cc29c573cb9d40e5a33bb62586944fa9" end (Real time : 0s)
[EFX-0000 INFO] ... Hierarchical pre-synthesis "EfxDMA_BufferCC_12_cc29c573cb9d40e5a33bb62586944fa9" begin
[EFX-0000 INFO] ... Hierarchical pre-synthesis "EfxDMA_BufferCC_12_cc29c573cb9d40e5a33bb62586944fa9" end (Real time : 0s)
[EFX-0000 INFO] ... Hierarchical pre-synthesis "EfxDMA_BmbSourceRemover_cc29c573cb9d40e5a33bb62586944fa9" begin
[EFX-0000 INFO] ... Hierarchical pre-synthesis "EfxDMA_BmbSourceRemover_cc29c573cb9d40e5a33bb62586944fa9" end (Real time : 0s)
[EFX-0000 INFO] ... Hierarchical pre-synthesis "EfxDMA_StreamFifo_cc29c573cb9d40e5a33bb62586944fa9" begin
[EFX-0000 INFO] ... Hierarchical pre-synthesis "EfxDMA_StreamFifo_cc29c573cb9d40e5a33bb62586944fa9" end (Real time : 0s)
[EFX-0000 INFO] ... Hierarchical pre-synthesis "EfxDMA_BmbContextRemover_cc29c573cb9d40e5a33bb62586944fa9" begin
[EFX-0000 INFO] ... Hierarchical pre-synthesis "EfxDMA_BmbContextRemover_cc29c573cb9d40e5a33bb62586944fa9" end (Real time : 0s)
[EFX-0000 INFO] ... Hierarchical pre-synthesis "EfxDMA_BmbToAxi4ReadOnlyBridge_cc29c573cb9d40e5a33bb62586944fa9" begin
[EFX-0000 INFO] ... Hierarchical pre-synthesis "EfxDMA_BmbToAxi4ReadOnlyBridge_cc29c573cb9d40e5a33bb62586944fa9" end (Real time : 0s)
[EFX-0000 INFO] ... Hierarchical pre-synthesis "EfxDMA_StreamFifo_3_cc29c573cb9d40e5a33bb62586944fa9" begin
[EFX-0000 INFO] ... Hierarchical pre-synthesis "EfxDMA_StreamFifo_3_cc29c573cb9d40e5a33bb62586944fa9" end (Real time : 0s)
[EFX-0000 INFO] ... Hierarchical pre-synthesis "EfxDMA_BmbSourceRemover_1_cc29c573cb9d40e5a33bb62586944fa9" begin
[EFX-0000 INFO] ... Hierarchical pre-synthesis "EfxDMA_BmbSourceRemover_1_cc29c573cb9d40e5a33bb62586944fa9" end (Real time : 0s)
[EFX-0000 INFO] ... Hierarchical pre-synthesis "EfxDMA_StreamFifo_1_cc29c573cb9d40e5a33bb62586944fa9" begin
[EFX-0000 INFO] ... Hierarchical pre-synthesis "EfxDMA_StreamFifo_1_cc29c573cb9d40e5a33bb62586944fa9" end (Real time : 0s)
[EFX-0000 INFO] ... Hierarchical pre-synthesis "EfxDMA_BmbWriteRetainer_cc29c573cb9d40e5a33bb62586944fa9" begin
[EFX-0000 INFO] ... Hierarchical pre-synthesis "EfxDMA_BmbWriteRetainer_cc29c573cb9d40e5a33bb62586944fa9" end (Real time : 0s)
[EFX-0000 INFO] ... Hierarchical pre-synthesis "EfxDMA_StreamFifo_2_cc29c573cb9d40e5a33bb62586944fa9" begin
[EFX-0000 INFO] ... Hierarchical pre-synthesis "EfxDMA_StreamFifo_2_cc29c573cb9d40e5a33bb62586944fa9" end (Real time : 0s)
[EFX-0000 INFO] ... Hierarchical pre-synthesis "EfxDMA_BmbContextRemover_1_cc29c573cb9d40e5a33bb62586944fa9" begin
[EFX-0000 INFO] ... Hierarchical pre-synthesis "EfxDMA_BmbContextRemover_1_cc29c573cb9d40e5a33bb62586944fa9" end (Real time : 0s)
[EFX-0000 INFO] ... Hierarchical pre-synthesis "EfxDMA_BmbToAxi4WriteOnlyBridge_cc29c573cb9d40e5a33bb62586944fa9" begin
[EFX-0000 INFO] ... Hierarchical pre-synthesis "EfxDMA_BmbToAxi4WriteOnlyBridge_cc29c573cb9d40e5a33bb62586944fa9" end (Real time : 0s)
[EFX-0000 INFO] ... Hierarchical pre-synthesis "EfxDMA_BufferCC_2_cc29c573cb9d40e5a33bb62586944fa9" begin
[EFX-0000 INFO] ... Hierarchical pre-synthesis "EfxDMA_BufferCC_2_cc29c573cb9d40e5a33bb62586944fa9" end (Real time : 0s)
[EFX-0000 INFO] ... Hierarchical pre-synthesis "EfxDMA_BufferCC_3_cc29c573cb9d40e5a33bb62586944fa9" begin
[EFX-0000 INFO] ... Hierarchical pre-synthesis "EfxDMA_BufferCC_3_cc29c573cb9d40e5a33bb62586944fa9" end (Real time : 0s)
[EFX-0000 INFO] ... Hierarchical pre-synthesis "EfxDMA_StreamFifoCC_cc29c573cb9d40e5a33bb62586944fa9" begin
[EFX-0000 INFO] ... Hierarchical pre-synthesis "EfxDMA_StreamFifoCC_cc29c573cb9d40e5a33bb62586944fa9" end (Real time : 0s)
[EFX-0000 INFO] ... Hierarchical pre-synthesis "EfxDMA_BsbUpSizerDense_cc29c573cb9d40e5a33bb62586944fa9" begin
[EFX-0000 INFO] ... Hierarchical pre-synthesis "EfxDMA_BsbUpSizerDense_cc29c573cb9d40e5a33bb62586944fa9" end (Real time : 0s)
[EFX-0000 INFO] ... Hierarchical pre-synthesis "EfxDMA_BufferCC_4_cc29c573cb9d40e5a33bb62586944fa9" begin
[EFX-0000 INFO] ... Hierarchical pre-synthesis "EfxDMA_BufferCC_4_cc29c573cb9d40e5a33bb62586944fa9" end (Real time : 0s)
[EFX-0000 INFO] ... Hierarchical pre-synthesis "EfxDMA_StreamFifoCC_1_cc29c573cb9d40e5a33bb62586944fa9" begin
[EFX-0000 INFO] ... Hierarchical pre-synthesis "EfxDMA_StreamFifoCC_1_cc29c573cb9d40e5a33bb62586944fa9" end (Real time : 0s)
[EFX-0000 INFO] ... Hierarchical pre-synthesis "EfxDMA_BufferCC_7_cc29c573cb9d40e5a33bb62586944fa9" begin
[EFX-0000 INFO] ... Hierarchical pre-synthesis "EfxDMA_BufferCC_7_cc29c573cb9d40e5a33bb62586944fa9" end (Real time : 0s)
[EFX-0000 INFO] ... Hierarchical pre-synthesis "EfxDMA_StreamFifoCC_2_cc29c573cb9d40e5a33bb62586944fa9" begin
[EFX-0000 INFO] ... Hierarchical pre-synthesis "EfxDMA_StreamFifoCC_2_cc29c573cb9d40e5a33bb62586944fa9" end (Real time : 0s)
[EFX-0000 INFO] ... Hierarchical pre-synthesis "EfxDMA_BufferCC_9_cc29c573cb9d40e5a33bb62586944fa9" begin
[EFX-0000 INFO] ... Hierarchical pre-synthesis "EfxDMA_BufferCC_9_cc29c573cb9d40e5a33bb62586944fa9" end (Real time : 0s)
[EFX-0000 INFO] ... Hierarchical pre-synthesis "EfxDMA_StreamFifoCC_3_cc29c573cb9d40e5a33bb62586944fa9" begin
[EFX-0000 INFO] ... Hierarchical pre-synthesis "EfxDMA_StreamFifoCC_3_cc29c573cb9d40e5a33bb62586944fa9" end (Real time : 0s)
[EFX-0000 INFO] ... Hierarchical pre-synthesis "EfxDMA_BufferCC_11_cc29c573cb9d40e5a33bb62586944fa9" begin
[EFX-0000 INFO] ... Hierarchical pre-synthesis "EfxDMA_BufferCC_11_cc29c573cb9d40e5a33bb62586944fa9" end (Real time : 0s)
[EFX-0000 INFO] ... Hierarchical pre-synthesis "EfxDMA_StreamFifoCC_4_cc29c573cb9d40e5a33bb62586944fa9" begin
[EFX-0000 INFO] ... Hierarchical pre-synthesis "EfxDMA_StreamFifoCC_4_cc29c573cb9d40e5a33bb62586944fa9" end (Real time : 0s)
[EFX-0000 INFO] ... Hierarchical pre-synthesis "EfxDMA_BsbDownSizerSparse_cc29c573cb9d40e5a33bb62586944fa9" begin
[EFX-0000 INFO] ... Hierarchical pre-synthesis "EfxDMA_BsbDownSizerSparse_cc29c573cb9d40e5a33bb62586944fa9" end (Real time : 0s)
[EFX-0000 INFO] ... Hierarchical pre-synthesis "EfxDMA_cc29c573cb9d40e5a33bb62586944fa9" begin
[EFX-0000 INFO] ... Hierarchical pre-synthesis "EfxDMA_cc29c573cb9d40e5a33bb62586944fa9" end (Real time : 2s)
[EFX-0000 INFO] ... Hierarchical pre-synthesis "dma" begin
[EFX-0000 INFO] ... Hierarchical pre-synthesis "dma" end (Real time : 0s)
[EFX-0000 INFO] ... Hierarchical pre-synthesis "priority_encoder(WIDTH=2,LSB_PRIORITY="HIGH")" begin
[EFX-0000 INFO] ... Hierarchical pre-synthesis "priority_encoder(WIDTH=2,LSB_PRIORITY="HIGH")" end (Real time : 0s)
[EFX-0000 INFO] ... Hierarchical pre-synthesis "priority_encoder(LSB_PRIORITY="HIGH")" begin
[EFX-0000 INFO] ... Hierarchical pre-synthesis "priority_encoder(LSB_PRIORITY="HIGH")" end (Real time : 0s)
[EFX-0000 INFO] ... Hierarchical pre-synthesis "arbiter(TYPE="ROUND_ROBIN",BLOCK="ACKNOWLEDGE",LSB_PRIORITY="HIGH")" begin
[EFX-0000 INFO] ... Hierarchical pre-synthesis "arbiter(TYPE="ROUND_ROBIN",BLOCK="ACKNOWLEDGE",LSB_PRIORITY="HIGH")" end (Real time : 0s)
[EFX-0000 INFO] ... Hierarchical pre-synthesis "axi_interconnect(S_COUNT=2,DATA_WIDTH=128)" begin
[EFX-0000 INFO] ... Hierarchical pre-synthesis "axi_interconnect(S_COUNT=2,DATA_WIDTH=128)" end (Real time : 0s)
[EFX-0000 INFO] ... Hierarchical pre-synthesis "axi_full_to_half_duplex(DATA_WIDTH=128)" begin
[EFX-0000 INFO] ... Hierarchical pre-synthesis "axi_full_to_half_duplex(DATA_WIDTH=128)" end (Real time : 0s)
[EFX-0000 INFO] ... Hierarchical pre-synthesis "edb_top" begin
[EFX-0000 INFO] ... Hierarchical pre-synthesis "edb_top" end (Real time : 0s)
[EFX-0000 INFO] ... Hierarchical pre-synthesis "edge_vision_soc" begin
[EFX-0000 INFO] ... Clock Enable Synthesis Performed on 2528 flops.
[EFX-0000 INFO] ... Hierarchical pre-synthesis "edge_vision_soc" end (Real time : 26s)
[EFX-0000 INFO] ... Flat optimizations begin
[EFX-0656 WARNING] Optimizing into logic zero initialized read-only memory block 'u_dma/u_EfxDMA/inputsAdapter_1_crossclock_fifo/ram__D$c1'. (C:\Users\Jing-XuanTan(i)\Downloads\evsoc-efinity-v2026.1.132\evsoc-efinity-v2026.1.132\cam_single\Ti60F225_dsi\ip\dma\dma.v:2839)
[EFX-0656 WARNING] Optimizing into logic zero initialized read-only memory block 'u_dma/u_EfxDMA/inputsAdapter_1_crossclock_fifo/ram__D$b12'. (C:\Users\Jing-XuanTan(i)\Downloads\evsoc-efinity-v2026.1.132\evsoc-efinity-v2026.1.132\cam_single\Ti60F225_dsi\ip\dma\dma.v:2839)
[EFX-0656 WARNING] Optimizing into logic zero initialized read-only memory block 'u_cam/u_cam_dma_fifo/u_efx_fifo_top/xefx_fifo_ram/ram__D$c12'. (C:\Users\Jing-XuanTan(i)\Downloads\evsoc-efinity-v2026.1.132\evsoc-efinity-v2026.1.132\cam_single\Ti60F225_dsi\ip\cam_dma_fifo\cam_dma_fifo.sv:667)
[EFX-0656 WARNING] Optimizing into logic zero initialized read-only memory block 'u_cam/u_cam_dma_fifo/u_efx_fifo_top/xefx_fifo_ram/ram__D$d1'. (C:\Users\Jing-XuanTan(i)\Downloads\evsoc-efinity-v2026.1.132\evsoc-efinity-v2026.1.132\cam_single\Ti60F225_dsi\ip\cam_dma_fifo\cam_dma_fifo.sv:667)
[EFX-0656 WARNING] Optimizing into logic zero initialized read-only memory block 'u_dma/u_EfxDMA/inputsAdapter_1_crossclock_fifo/ram__D$12'. (C:\Users\Jing-XuanTan(i)\Downloads\evsoc-efinity-v2026.1.132\evsoc-efinity-v2026.1.132\cam_single\Ti60F225_dsi\ip\dma\dma.v:2839)
[EFX-0656 WARNING] Optimizing into logic zero initialized read-only memory block 'u_cam/u_cam_dma_fifo/u_efx_fifo_top/xefx_fifo_ram/ram__D$b12'. (C:\Users\Jing-XuanTan(i)\Downloads\evsoc-efinity-v2026.1.132\evsoc-efinity-v2026.1.132\cam_single\Ti60F225_dsi\ip\cam_dma_fifo\cam_dma_fifo.sv:667)
[EFX-0656 WARNING] Optimizing into logic zero initialized read-only memory block 'u_dma/u_EfxDMA/inputsAdapter_1_crossclock_fifo/ram__D$2'. (C:\Users\Jing-XuanTan(i)\Downloads\evsoc-efinity-v2026.1.132\evsoc-efinity-v2026.1.132\cam_single\Ti60F225_dsi\ip\dma\dma.v:2839)
[EFX-0656 WARNING] Optimizing into logic zero initialized read-only memory block 'u_cam/u_cam_dma_fifo/u_efx_fifo_top/xefx_fifo_ram/ram__D$2'. (C:\Users\Jing-XuanTan(i)\Downloads\evsoc-efinity-v2026.1.132\evsoc-efinity-v2026.1.132\cam_single\Ti60F225_dsi\ip\cam_dma_fifo\cam_dma_fifo.sv:667)
[EFX-0656 WARNING] Optimizing into logic zero initialized read-only memory block 'u_cam/u_cam_dma_fifo/u_efx_fifo_top/xefx_fifo_ram/ram__D$12'. (C:\Users\Jing-XuanTan(i)\Downloads\evsoc-efinity-v2026.1.132\evsoc-efinity-v2026.1.132\cam_single\Ti60F225_dsi\ip\cam_dma_fifo\cam_dma_fifo.sv:667)
[EFX-0000 INFO] ... Flat optimizations end (Real time : 0s)
[EFX-0000 INFO] ... Flat synthesis begin
[EFX-0000 INFO] ... Flat synthesis end (Real time : 0s)
[EFX-0000 INFO] ... Flat optimizations begin
[EFX-0000 INFO] ... Flat optimizations end (Real time : 0s)
[EFX-0000 INFO] ... Check and break combinational loops begin
[EFX-0000 INFO] ... Check and break combinational loops end (Real time : 0s)
[EFX-0000 INFO] ... Setup for logic synthesis begin
[EFX-0000 INFO] ... Setup for logic synthesis end (Real time : 0s)
[EFX-0000 INFO] ... LUT mapping begin
[EFX-0000 INFO] ... LS, strategy: 3, nd: 18868, ed: 61072, lv: 10, pw: 42430.14
[EFX-0000 INFO] ... LUT mapping end (Real time : 49s)
[EFX-0000 INFO] ... Post-synthesis Verific netlist creation begin
[EFX-0000 INFO] ... Post-synthesis Verific netlist creation end (Real time : 1s)
[EFX-0000 INFO] Resource Summary 
[EFX-0000 INFO] ======================================= 
[EFX-0000 INFO] EFX_ADD                 : 	3061
[EFX-0000 INFO] EFX_LUT4                : 	22004
[EFX-0000 INFO] EFX_DSP48               : 	4
[EFX-0000 INFO] EFX_FF                  : 	19941
[EFX-0000 INFO] EFX_SRL8                : 	394
[EFX-0000 INFO] EFX_RAM10               : 	173
[EFX-0000 INFO] EFX_GBUFCE              : 	1
[EFX-0000 INFO] ======================================= 
[EFX-0000 INFO] ... Post-Map Verilog Writer begin
[EFX-0000 INFO] ... Post-Map Verilog Writer end (Real time : 0s)

///////////////////////////////////
// Efinity Synthesis Started 
// Sep 25, 2026 14:42:30
///////////////////////////////////

[EFX-0012 VERI-INFO] default VHDL library search path is now "C:/Efinity/2026.1/sim_models/vhdl/packages/vhdl_2008" (VHDL-1504) 
[EFX-0011 VERI-WARNING] port 'probe6' remains unconnected for this instance (VERI-1927) (C:/Users/Jing-XuanTan(i)/Downloads/evsoc-efinity-v2026.1.132/evsoc-efinity-v2026.1.132/cam_single/Ti60F225_dsi/work_dbg/debug_top.v:134)
[EFX-0012 VERI-INFO] compiling module 'edb_top' (VERI-1018) (C:/Users/Jing-XuanTan(i)/Downloads/evsoc-efinity-v2026.1.132/evsoc-efinity-v2026.1.132/cam_single/Ti60F225_dsi/work_dbg/debug_top.v:14)
[EFX-0012 VERI-INFO] compiling module 'EFX_GBUFCE(CE_POLARITY=1'b1)' (VERI-1018) (../../vdb/src/efinix_maplib.v:48)
[EFX-0012 VERI-INFO] compiling module 'edb_la_top_94fe7ec51dee4de0ad56aa7fb7bdee19_renamed_due_excessive_length_1' (VERI-1018) (C:/Users/Jing-XuanTan(i)/Downloads/evsoc-efinity-v2026.1.132/evsoc-efinity-v2026.1.132/cam_single/Ti60F225_dsi/work_dbg/debug_top.v:520)
[EFX-0012 VERI-INFO] compiling module 'edb_adbg_crc32_94fe7ec51dee4de0ad56aa7fb7bdee19' (VERI-1018) (C:/Users/Jing-XuanTan(i)/Downloads/evsoc-efinity-v2026.1.132/evsoc-efinity-v2026.1.132/cam_single/Ti60F225_dsi/work_dbg/debug_top.v:209)
[EFX-0012 VERI-INFO] compiling module 'compare_unit_94fe7ec51dee4de0ad56aa7fb7bdee19(WIDTH=11'b01000000,PIPE=1)' (VERI-1018) (C:/Users/Jing-XuanTan(i)/Downloads/evsoc-efinity-v2026.1.132/evsoc-efinity-v2026.1.132/cam_single/Ti60F225_dsi/work_dbg/debug_top.v:5530)
[EFX-0012 VERI-INFO] compiling module 'trigger_unit_94fe7ec51dee4de0ad56aa7fb7bdee19(WIDTH=32'b0110,PIPE=1)' (VERI-1018) (C:/Users/Jing-XuanTan(i)/Downloads/evsoc-efinity-v2026.1.132/evsoc-efinity-v2026.1.132/cam_single/Ti60F225_dsi/work_dbg/debug_top.v:5735)
[EFX-0012 VERI-INFO] compiling module 'trigger_skipper_94fe7ec51dee4de0ad56aa7fb7bdee19' (VERI-1018) (C:/Users/Jing-XuanTan(i)/Downloads/evsoc-efinity-v2026.1.132/evsoc-efinity-v2026.1.132/cam_single/Ti60F225_dsi/work_dbg/debug_top.v:5860)
[EFX-0012 VERI-INFO] compiling module 'la_biu_94fe7ec51dee4de0ad56aa7fb7bdee19(CAPTURE_WIDTH=32'b0110000000,DATA_DEPTH=512)' (VERI-1018) (C:/Users/Jing-XuanTan(i)/Downloads/evsoc-efinity-v2026.1.132/evsoc-efinity-v2026.1.132/cam_single/Ti60F225_dsi/work_dbg/debug_top.v:4874)
[EFX-0012 VERI-INFO] compiling module 'fifo_with_read_94fe7ec51dee4de0ad56aa7fb7bdee19(DATA_WIDTH=32'b0110000001,ADDR_WIDTH=9,PIPE=0)' (VERI-1018) (C:/Users/Jing-XuanTan(i)/Downloads/evsoc-efinity-v2026.1.132/evsoc-efinity-v2026.1.132/cam_single/Ti60F225_dsi/work_dbg/debug_top.v:4614)
[EFX-0012 VERI-INFO] compiling module 'fifo_address_trancode_unit_94fe7ec51dee4de0ad56aa7fb7bdee19(TOTAL_ADDR_WIDTH=9,CELL_ADDR_WIDTH=10,PIPE=0)' (VERI-1018) (C:/Users/Jing-XuanTan(i)/Downloads/evsoc-efinity-v2026.1.132/evsoc-efinity-v2026.1.132/cam_single/Ti60F225_dsi/work_dbg/debug_top.v:4564)
[EFX-0012 VERI-INFO] compiling module 'edb_simple_dual_port_ram_94fe7ec51dee4de0ad56aa7fb7bdee19(DATA_WIDTH=32'b0110000001,RAM_INIT_FILE="")' (VERI-1018) (C:/Users/Jing-XuanTan(i)/Downloads/evsoc-efinity-v2026.1.132/evsoc-efinity-v2026.1.132/cam_single/Ti60F225_dsi/work_dbg/debug_top.v:430)
[EFX-0012 VERI-INFO] extracting RAM for identifier 'ram' (VERI-2571) (C:/Users/Jing-XuanTan(i)/Downloads/evsoc-efinity-v2026.1.132/evsoc-efinity-v2026.1.132/cam_single/Ti60F225_dsi/work_dbg/debug_top.v:445)
[EFX-0012 VERI-INFO] compiling module 'debug_hub_94fe7ec51dee4de0ad56aa7fb7bdee19' (VERI-1018) (C:/Users/Jing-XuanTan(i)/Downloads/evsoc-efinity-v2026.1.132/evsoc-efinity-v2026.1.132/cam_single/Ti60F225_dsi/work_dbg/debug_top.v:287)
[EFX-0011 VERI-WARNING] input port 'probe6[0]' remains unconnected for this instance (VDB-1053) (C:/Users/Jing-XuanTan(i)/Downloads/evsoc-efinity-v2026.1.132/evsoc-efinity-v2026.1.132/cam_single/Ti60F225_dsi/work_dbg/debug_top.v:107)
[EFX-0000 INFO] ... Setting Synthesis Option: mode=speed
[EFX-0000 INFO] ... Pre-synthesis checks begin
[EFX-0200 WARNING] Removing redundant signal : trigger_in. (C:/Users/Jing-XuanTan(i)/Downloads/evsoc-efinity-v2026.1.132/evsoc-efinity-v2026.1.132/cam_single/Ti60F225_dsi/work_dbg/debug_top.v:5747)
[EFX-0200 WARNING] Removing redundant signal : clk. (C:/Users/Jing-XuanTan(i)/Downloads/evsoc-efinity-v2026.1.132/evsoc-efinity-v2026.1.132/cam_single/Ti60F225_dsi/work_dbg/debug_top.v:4570)
[EFX-0677 INFO] ... Memory 'ram' is not initialized, assuming empty initial contents. (C:/Users/Jing-XuanTan(i)/Downloads/evsoc-efinity-v2026.1.132/evsoc-efinity-v2026.1.132/cam_single/Ti60F225_dsi/work_dbg/debug_top.v:445)
[EFX-0200 WARNING] Removing redundant signal : full. (C:/Users/Jing-XuanTan(i)/Downloads/evsoc-efinity-v2026.1.132/evsoc-efinity-v2026.1.132/cam_single/Ti60F225_dsi/work_dbg/debug_top.v:4624)
[EFX-0200 WARNING] Removing redundant signal : shift_i. (C:/Users/Jing-XuanTan(i)/Downloads/evsoc-efinity-v2026.1.132/evsoc-efinity-v2026.1.132/cam_single/Ti60F225_dsi/work_dbg/debug_top.v:4894)
[EFX-0200 WARNING] Removing redundant signal : trig_out. (C:/Users/Jing-XuanTan(i)/Downloads/evsoc-efinity-v2026.1.132/evsoc-efinity-v2026.1.132/cam_single/Ti60F225_dsi/work_dbg/debug_top.v:4911)
[EFX-0200 WARNING] Removing redundant signal : trig_out_ack. (C:/Users/Jing-XuanTan(i)/Downloads/evsoc-efinity-v2026.1.132/evsoc-efinity-v2026.1.132/cam_single/Ti60F225_dsi/work_dbg/debug_top.v:4912)
[EFX-0200 WARNING] Removing redundant signal : bscan_DRCK. (C:/Users/Jing-XuanTan(i)/Downloads/evsoc-efinity-v2026.1.132/evsoc-efinity-v2026.1.132/cam_single/Ti60F225_dsi/work_dbg/debug_top.v:1053)
[EFX-0200 WARNING] Removing redundant signal : bscan_RESET. (C:/Users/Jing-XuanTan(i)/Downloads/evsoc-efinity-v2026.1.132/evsoc-efinity-v2026.1.132/cam_single/Ti60F225_dsi/work_dbg/debug_top.v:1054)
[EFX-0200 WARNING] Removing redundant signal : bscan_RUNTEST. (C:/Users/Jing-XuanTan(i)/Downloads/evsoc-efinity-v2026.1.132/evsoc-efinity-v2026.1.132/cam_single/Ti60F225_dsi/work_dbg/debug_top.v:1055)
[EFX-0200 WARNING] Removing redundant signal : bscan_SEL. (C:/Users/Jing-XuanTan(i)/Downloads/evsoc-efinity-v2026.1.132/evsoc-efinity-v2026.1.132/cam_single/Ti60F225_dsi/work_dbg/debug_top.v:1056)
[EFX-0200 WARNING] Removing redundant signal : bscan_TMS. (C:/Users/Jing-XuanTan(i)/Downloads/evsoc-efinity-v2026.1.132/evsoc-efinity-v2026.1.132/cam_single/Ti60F225_dsi/work_dbg/debug_top.v:1060)
[EFX-0200 WARNING] Removing redundant signal : trig_in_ack. (C:/Users/Jing-XuanTan(i)/Downloads/evsoc-efinity-v2026.1.132/evsoc-efinity-v2026.1.132/cam_single/Ti60F225_dsi/work_dbg/debug_top.v:1072)
[EFX-0200 WARNING] Removing redundant signal : mux_capture_cmp[5:0]. (C:/Users/Jing-XuanTan(i)/Downloads/evsoc-efinity-v2026.1.132/evsoc-efinity-v2026.1.132/cam_single/Ti60F225_dsi/work_dbg/debug_top.v:3491)
[EFX-0200 WARNING] Removing redundant signal : bscan_CAPTURE. (C:/Users/Jing-XuanTan(i)/Downloads/evsoc-efinity-v2026.1.132/evsoc-efinity-v2026.1.132/cam_single/Ti60F225_dsi/work_dbg/debug_top.v:292)
[EFX-0200 WARNING] Removing redundant signal : bscan_DRCK. (C:/Users/Jing-XuanTan(i)/Downloads/evsoc-efinity-v2026.1.132/evsoc-efinity-v2026.1.132/cam_single/Ti60F225_dsi/work_dbg/debug_top.v:293)
[EFX-0200 WARNING] Removing redundant signal : bscan_RUNTEST. (C:/Users/Jing-XuanTan(i)/Downloads/evsoc-efinity-v2026.1.132/evsoc-efinity-v2026.1.132/cam_single/Ti60F225_dsi/work_dbg/debug_top.v:295)
[EFX-0200 WARNING] Removing redundant signal : bscan_TMS. (C:/Users/Jing-XuanTan(i)/Downloads/evsoc-efinity-v2026.1.132/evsoc-efinity-v2026.1.132/cam_single/Ti60F225_dsi/work_dbg/debug_top.v:300)
[EFX-0266 INFO] Module Instance 'la0' input pin 'trig_in' is tied to constant (=0).
[EFX-0266 INFO] Module Instance 'la0' input pin 'trig_out_ack' is tied to constant (=0).
[EFX-0201 WARNING] Re-wiring to GND non-driven net/port 'probe6[0]' in module 'edb_la_top_94fe7ec51dee4de0ad56aa7fb7bdee19_renamed_due_excessive_length_1'. (C:/Users/Jing-XuanTan(i)/Downloads/evsoc-efinity-v2026.1.132/evsoc-efinity-v2026.1.132/cam_single/Ti60F225_dsi/work_dbg/debug_top.v:107)
[EFX-0201 WARNING] Re-wiring to GND non-driven net/port 'probe7[0]' in module 'edb_la_top_94fe7ec51dee4de0ad56aa7fb7bdee19_renamed_due_excessive_length_1'. (C:/Users/Jing-XuanTan(i)/Downloads/evsoc-efinity-v2026.1.132/evsoc-efinity-v2026.1.132/cam_single/Ti60F225_dsi/work_dbg/debug_top.v:107)
[EFX-0201 WARNING] Re-wiring to GND non-driven net/port 'probe8[0]' in module 'edb_la_top_94fe7ec51dee4de0ad56aa7fb7bdee19_renamed_due_excessive_length_1'. (C:/Users/Jing-XuanTan(i)/Downloads/evsoc-efinity-v2026.1.132/evsoc-efinity-v2026.1.132/cam_single/Ti60F225_dsi/work_dbg/debug_top.v:107)
[EFX-0201 WARNING] Re-wiring to GND non-driven net/port 'probe9[0]' in module 'edb_la_top_94fe7ec51dee4de0ad56aa7fb7bdee19_renamed_due_excessive_length_1'. (C:/Users/Jing-XuanTan(i)/Downloads/evsoc-efinity-v2026.1.132/evsoc-efinity-v2026.1.132/cam_single/Ti60F225_dsi/work_dbg/debug_top.v:107)
[EFX-0201 WARNING] Re-wiring to GND non-driven net/port 'probe10[0]' in module 'edb_la_top_94fe7ec51dee4de0ad56aa7fb7bdee19_renamed_due_excessive_length_1'. (C:/Users/Jing-XuanTan(i)/Downloads/evsoc-efinity-v2026.1.132/evsoc-efinity-v2026.1.132/cam_single/Ti60F225_dsi/work_dbg/debug_top.v:107)
[EFX-0201 WARNING] Re-wiring to GND non-driven net/port 'probe11[0]' in module 'edb_la_top_94fe7ec51dee4de0ad56aa7fb7bdee19_renamed_due_excessive_length_1'. (C:/Users/Jing-XuanTan(i)/Downloads/evsoc-efinity-v2026.1.132/evsoc-efinity-v2026.1.132/cam_single/Ti60F225_dsi/work_dbg/debug_top.v:107)
[EFX-0201 WARNING] Re-wiring to GND non-driven net/port 'probe12[0]' in module 'edb_la_top_94fe7ec51dee4de0ad56aa7fb7bdee19_renamed_due_excessive_length_1'. (C:/Users/Jing-XuanTan(i)/Downloads/evsoc-efinity-v2026.1.132/evsoc-efinity-v2026.1.132/cam_single/Ti60F225_dsi/work_dbg/debug_top.v:107)
[EFX-0201 WARNING] Re-wiring to GND non-driven net/port 'probe13[0]' in module 'edb_la_top_94fe7ec51dee4de0ad56aa7fb7bdee19_renamed_due_excessive_length_1'. (C:/Users/Jing-XuanTan(i)/Downloads/evsoc-efinity-v2026.1.132/evsoc-efinity-v2026.1.132/cam_single/Ti60F225_dsi/work_dbg/debug_top.v:107)
[EFX-0201 WARNING] Re-wiring to GND non-driven net/port 'probe14[0]' in module 'edb_la_top_94fe7ec51dee4de0ad56aa7fb7bdee19_renamed_due_excessive_length_1'. (C:/Users/Jing-XuanTan(i)/Downloads/evsoc-efinity-v2026.1.132/evsoc-efinity-v2026.1.132/cam_single/Ti60F225_dsi/work_dbg/debug_top.v:107)
[EFX-0201 WARNING] Re-wiring to GND non-driven net/port 'probe15[0]' in module 'edb_la_top_94fe7ec51dee4de0ad56aa7fb7bdee19_renamed_due_excessive_length_1'. (C:/Users/Jing-XuanTan(i)/Downloads/evsoc-efinity-v2026.1.132/evsoc-efinity-v2026.1.132/cam_single/Ti60F225_dsi/work_dbg/debug_top.v:107)
[EFX-0000 INFO] ... Pre-synthesis checks end (Real time : 0s)
[EFX-0000 INFO] ... NameSpace init begin
[EFX-0000 INFO] ... NameSpace init end (Real time : 0s)
[EFX-0000 INFO] ... Mapping design "edb_top"
[EFX-0000 INFO] ... Hierarchical pre-synthesis "edb_adbg_crc32_94fe7ec51dee4de0ad56aa7fb7bdee19" begin
[EFX-0000 INFO] ... Hierarchical pre-synthesis "edb_adbg_crc32_94fe7ec51dee4de0ad56aa7fb7bdee19" end (Real time : 0s)
[EFX-0000 INFO] ... Hierarchical pre-synthesis "compare_unit_94fe7ec51dee4de0ad56aa7fb7bdee19(WIDTH=11'b01000000,PIPE=1)" begin
[EFX-0000 INFO] ... Hierarchical pre-synthesis "compare_unit_94fe7ec51dee4de0ad56aa7fb7bdee19(WIDTH=11'b01000000,PIPE=1)" end (Real time : 0s)
[EFX-0000 INFO] ... Hierarchical pre-synthesis "trigger_unit_94fe7ec51dee4de0ad56aa7fb7bdee19(WIDTH=32'b0110,PIPE=1)" begin
[EFX-0000 INFO] ... Hierarchical pre-synthesis "trigger_unit_94fe7ec51dee4de0ad56aa7fb7bdee19(WIDTH=32'b0110,PIPE=1)" end (Real time : 0s)
[EFX-0000 INFO] ... Hierarchical pre-synthesis "trigger_skipper_94fe7ec51dee4de0ad56aa7fb7bdee19" begin
[EFX-0000 INFO] ... Hierarchical pre-synthesis "trigger_skipper_94fe7ec51dee4de0ad56aa7fb7bdee19" end (Real time : 0s)
[EFX-0000 INFO] ... Hierarchical pre-synthesis "fifo_address_trancode_unit_94fe7ec51dee4de0ad56aa7fb7bdee19(TOTAL_ADDR_WIDTH=9,CELL_ADDR_WIDTH=10,PIPE=0)" begin
[EFX-0000 INFO] ... Hierarchical pre-synthesis "fifo_address_trancode_unit_94fe7ec51dee4de0ad56aa7fb7bdee19(TOTAL_ADDR_WIDTH=9,CELL_ADDR_WIDTH=10,PIPE=0)" end (Real time : 0s)
[EFX-0000 INFO] ... Hierarchical pre-synthesis "edb_simple_dual_port_ram_94fe7ec51dee4de0ad56aa7fb7bdee19(DATA_WIDTH=32'b0110000001,RAM_INIT_FILE="")" begin
[EFX-0000 INFO] ... Hierarchical pre-synthesis "edb_simple_dual_port_ram_94fe7ec51dee4de0ad56aa7fb7bdee19(DATA_WIDTH=32'b0110000001,RAM_INIT_FILE="")" end (Real time : 1s)
[EFX-0000 INFO] ... Hierarchical pre-synthesis "fifo_with_read_94fe7ec51dee4de0ad56aa7fb7bdee19(DATA_WIDTH=32'b0110000001,ADDR_WIDTH=9,PIPE=0)" begin
[EFX-0000 INFO] ... Hierarchical pre-synthesis "fifo_with_read_94fe7ec51dee4de0ad56aa7fb7bdee19(DATA_WIDTH=32'b0110000001,ADDR_WIDTH=9,PIPE=0)" end (Real time : 0s)
[EFX-0000 INFO] ... Hierarchical pre-synthesis "la_biu_94fe7ec51dee4de0ad56aa7fb7bdee19(CAPTURE_WIDTH=32'b0110000000,DATA_DEPTH=512)" begin
[EFX-0000 INFO] ... Hierarchical pre-synthesis "la_biu_94fe7ec51dee4de0ad56aa7fb7bdee19(CAPTURE_WIDTH=32'b0110000000,DATA_DEPTH=512)" end (Real time : 0s)
[EFX-0000 INFO] ... Hierarchical pre-synthesis "edb_la_top_94fe7ec51dee4de0ad56aa7fb7bdee19_renamed_due_excessive_length_1" begin
[EFX-0000 INFO] ... Hierarchical pre-synthesis "edb_la_top_94fe7ec51dee4de0ad56aa7fb7bdee19_renamed_due_excessive_length_1" end (Real time : 0s)
[EFX-0000 INFO] ... Hierarchical pre-synthesis "debug_hub_94fe7ec51dee4de0ad56aa7fb7bdee19" begin
[EFX-0000 INFO] ... Hierarchical pre-synthesis "debug_hub_94fe7ec51dee4de0ad56aa7fb7bdee19" end (Real time : 0s)
[EFX-0000 INFO] ... Hierarchical pre-synthesis "edb_top" begin
[EFX-0000 INFO] ... Clock Enable Synthesis Performed on 127 flops.
[EFX-0000 INFO] ... Hierarchical pre-synthesis "edb_top" end (Real time : 1s)
[EFX-0000 INFO] ... Flat optimizations begin
[EFX-0000 INFO] ... Flat optimizations end (Real time : 0s)
[EFX-0000 INFO] ... Flat synthesis begin
[EFX-0000 INFO] ... Flat synthesis end (Real time : 0s)
[EFX-0000 INFO] ... Flat optimizations begin
[EFX-0000 INFO] ... Flat optimizations end (Real time : 0s)
[EFX-0000 INFO] ... Check and break combinational loops begin
[EFX-0000 INFO] ... Check and break combinational loops end (Real time : 0s)
[EFX-0000 INFO] ... Setup for logic synthesis begin
[EFX-0000 INFO] ... Setup for logic synthesis end (Real time : 0s)
[EFX-0000 INFO] ... LUT mapping begin
[EFX-0000 INFO] ... LS, strategy: 3, nd: 3021, ed: 9668, lv: 7, pw: 5863.43
[EFX-0000 INFO] ... LUT mapping end (Real time : 12s)
[EFX-0000 INFO] ... Post-synthesis Verific netlist creation begin
[EFX-0000 INFO] ... Post-synthesis Verific netlist creation end (Real time : 0s)
[EFX-0011 VERI-WARNING] Input/inout port bscan_DRCK is unconnected. Place and route may remove this unconnected port. (VDB-8003) (C:/Users/Jing-XuanTan(i)/Downloads/evsoc-efinity-v2026.1.132/evsoc-efinity-v2026.1.132/cam_single/Ti60F225_dsi/work_dbg/debug_top.v:17)
[EFX-0011 VERI-WARNING] Input/inout port bscan_RUNTEST is unconnected. Place and route may remove this unconnected port. (VDB-8003) (C:/Users/Jing-XuanTan(i)/Downloads/evsoc-efinity-v2026.1.132/evsoc-efinity-v2026.1.132/cam_single/Ti60F225_dsi/work_dbg/debug_top.v:19)
[EFX-0011 VERI-WARNING] Input/inout port bscan_TMS is unconnected. Place and route may remove this unconnected port. (VDB-8003) (C:/Users/Jing-XuanTan(i)/Downloads/evsoc-efinity-v2026.1.132/evsoc-efinity-v2026.1.132/cam_single/Ti60F225_dsi/work_dbg/debug_top.v:24)
[EFX-0011 VERI-WARNING] Found 3 warnings in the post-synthesis netlist. 
[EFX-0000 INFO] Resource Summary 
[EFX-0000 INFO] ======================================= 
[EFX-0000 INFO] EFX_ADD                 : 	142
[EFX-0000 INFO] EFX_LUT4                : 	3389
[EFX-0000 INFO] EFX_FF                  : 	2592
[EFX-0000 INFO] EFX_SRL8                : 	384
[EFX-0000 INFO] EFX_RAM10               : 	20
[EFX-0000 INFO] EFX_GBUFCE              : 	1
[EFX-0000 INFO] ======================================= 

///////////////////////////////////
// Efinity Synthesis Started 
// Sep 25, 2026 14:42:45
///////////////////////////////////

[EFX-0000 INFO] ... Setting Synthesis Option: mode=speed
[EFX-0000 INFO] ... Pre-synthesis checks begin
[EFX-0200 WARNING] Removing redundant signal : Rx_HS_D_2[7:0]. (C:\Users\Jing-XuanTan(i)\Downloads\evsoc-efinity-v2026.1.132\evsoc-efinity-v2026.1.132\cam_single\Ti60F225_dsi\ip\csi2_rx_cam\csi2_rx_cam.sv:6307)
[EFX-0200 WARNING] Removing redundant signal : Rx_HS_D_3[7:0]. (C:\Users\Jing-XuanTan(i)\Downloads\evsoc-efinity-v2026.1.132\evsoc-efinity-v2026.1.132\cam_single\Ti60F225_dsi\ip\csi2_rx_cam\csi2_rx_cam.sv:6307)
[EFX-0200 WARNING] Removing redundant signal : Rx_HS_D_4[7:0]. (C:\Users\Jing-XuanTan(i)\Downloads\evsoc-efinity-v2026.1.132\evsoc-efinity-v2026.1.132\cam_single\Ti60F225_dsi\ip\csi2_rx_cam\csi2_rx_cam.sv:6307)
[EFX-0200 WARNING] Removing redundant signal : Rx_HS_D_5[7:0]. (C:\Users\Jing-XuanTan(i)\Downloads\evsoc-efinity-v2026.1.132\evsoc-efinity-v2026.1.132\cam_single\Ti60F225_dsi\ip\csi2_rx_cam\csi2_rx_cam.sv:6307)
[EFX-0200 WARNING] Removing redundant signal : Rx_HS_D_6[7:0]. (C:\Users\Jing-XuanTan(i)\Downloads\evsoc-efinity-v2026.1.132\evsoc-efinity-v2026.1.132\cam_single\Ti60F225_dsi\ip\csi2_rx_cam\csi2_rx_cam.sv:6307)
[EFX-0200 WARNING] Removing redundant signal : Rx_HS_D_7[7:0]. (C:\Users\Jing-XuanTan(i)\Downloads\evsoc-efinity-v2026.1.132\evsoc-efinity-v2026.1.132\cam_single\Ti60F225_dsi\ip\csi2_rx_cam\csi2_rx_cam.sv:6307)
[EFX-0200 WARNING] Removing redundant signal : u_dly_enable_D[1:0]. (C:\Users\Jing-XuanTan(i)\Downloads\evsoc-efinity-v2026.1.132\evsoc-efinity-v2026.1.132\cam_single\Ti60F225_dsi\ip\csi2_rx_cam\csi2_rx_cam.sv:6307)
[EFX-0200 WARNING] Removing redundant signal : u_dly_inc_D[1:0]. (C:\Users\Jing-XuanTan(i)\Downloads\evsoc-efinity-v2026.1.132\evsoc-efinity-v2026.1.132\cam_single\Ti60F225_dsi\ip\csi2_rx_cam\csi2_rx_cam.sv:6307)
[EFX-0200 WARNING] Removing redundant signal : axi_awaddr[1:0]. (C:\Users\Jing-XuanTan(i)\Downloads\evsoc-efinity-v2026.1.132\evsoc-efinity-v2026.1.132\cam_single\Ti60F225_dsi\ip\csi2_rx_cam\csi2_rx_cam.sv:5564)
[EFX-0200 WARNING] Removing redundant signal : axi_araddr[1:0]. (C:\Users\Jing-XuanTan(i)\Downloads\evsoc-efinity-v2026.1.132\evsoc-efinity-v2026.1.132\cam_single\Ti60F225_dsi\ip\csi2_rx_cam\csi2_rx_cam.sv:5564)
[EFX-0200 WARNING] Removing redundant signal : loc_rdata[31:0]. (C:\Users\Jing-XuanTan(i)\Downloads\evsoc-efinity-v2026.1.132\evsoc-efinity-v2026.1.132\cam_single\Ti60F225_dsi\ip\csi2_rx_cam\csi2_rx_cam.sv:5564)
[EFX-0200 WARNING] Removing redundant signal : nextCRC16_D16[15:0]. (C:\Users\Jing-XuanTan(i)\Downloads\evsoc-efinity-v2026.1.132\evsoc-efinity-v2026.1.132\cam_single\Ti60F225_dsi\ip\csi2_rx_cam\csi2_rx_cam.sv:1466)
[EFX-0200 WARNING] Removing redundant signal : nextCRC16_D16.Data[15:0]. (C:\Users\Jing-XuanTan(i)\Downloads\evsoc-efinity-v2026.1.132\evsoc-efinity-v2026.1.132\cam_single\Ti60F225_dsi\ip\csi2_rx_cam\csi2_rx_cam.sv:1466)
[EFX-0200 WARNING] Removing redundant signal : nextCRC16_D16.fcrc[15:0]. (C:\Users\Jing-XuanTan(i)\Downloads\evsoc-efinity-v2026.1.132\evsoc-efinity-v2026.1.132\cam_single\Ti60F225_dsi\ip\csi2_rx_cam\csi2_rx_cam.sv:1466)
[EFX-0200 WARNING] Removing redundant signal : nextCRC16_D16.d[15:0]. (C:\Users\Jing-XuanTan(i)\Downloads\evsoc-efinity-v2026.1.132\evsoc-efinity-v2026.1.132\cam_single\Ti60F225_dsi\ip\csi2_rx_cam\csi2_rx_cam.sv:1466)
[EFX-0200 WARNING] Removing redundant signal : nextCRC16_D16.c[15:0]. (C:\Users\Jing-XuanTan(i)\Downloads\evsoc-efinity-v2026.1.132\evsoc-efinity-v2026.1.132\cam_single\Ti60F225_dsi\ip\csi2_rx_cam\csi2_rx_cam.sv:1466)
[EFX-0200 WARNING] Removing redundant signal : nextCRC16_D16.newcrc[15:0]. (C:\Users\Jing-XuanTan(i)\Downloads\evsoc-efinity-v2026.1.132\evsoc-efinity-v2026.1.132\cam_single\Ti60F225_dsi\ip\csi2_rx_cam\csi2_rx_cam.sv:1466)
[EFX-0200 WARNING] Removing redundant signal : nextCRC16_D8[15:0]. (C:\Users\Jing-XuanTan(i)\Downloads\evsoc-efinity-v2026.1.132\evsoc-efinity-v2026.1.132\cam_single\Ti60F225_dsi\ip\csi2_rx_cam\csi2_rx_cam.sv:1466)
[EFX-0200 WARNING] Removing redundant signal : nextCRC16_D8.Data[7:0]. (C:\Users\Jing-XuanTan(i)\Downloads\evsoc-efinity-v2026.1.132\evsoc-efinity-v2026.1.132\cam_single\Ti60F225_dsi\ip\csi2_rx_cam\csi2_rx_cam.sv:1466)
[EFX-0200 WARNING] Removing redundant signal : nextCRC16_D8.fcrc[15:0]. (C:\Users\Jing-XuanTan(i)\Downloads\evsoc-efinity-v2026.1.132\evsoc-efinity-v2026.1.132\cam_single\Ti60F225_dsi\ip\csi2_rx_cam\csi2_rx_cam.sv:1466)
[EFX-0266 INFO] Module Instance 'genblk4.ecc_check_inst' input pin 'pkt_header[24]' is tied to constant (=0).
[EFX-0266 INFO] Module Instance 'genblk4.ecc_check_inst' input pin 'pkt_header[25]' is tied to constant (=0).
[EFX-0266 INFO] Module Instance 'active_high.efx_resetsync_active_high' input pin 'd_i[0]' is tied to constant (=0).
[EFX-0677 INFO] ... Memory 'ram' is not initialized, assuming empty initial contents. (C:\Users\Jing-XuanTan(i)\Downloads\evsoc-efinity-v2026.1.132\evsoc-efinity-v2026.1.132\cam_single\Ti60F225_dsi\ip\csi2_rx_cam\csi2_rx_cam.sv:7842)
[EFX-0266 INFO] Module Instance 'genblk1[0].u1_inst' input pin 'wr_clk_i' is tied to constant (=0).
[EFX-0266 INFO] Module Instance 'genblk1[0].u1_inst' input pin 'rd_clk_i' is tied to constant (=0).
[EFX-0266 INFO] Module Instance 'genblk1[0].u1_inst' input pin 'a_wr_rst_i' is tied to constant (=0).
[EFX-0266 INFO] Module Instance 'genblk1[0].u1_inst' input pin 'a_rd_rst_i' is tied to constant (=0).
[EFX-0266 INFO] Module Instance 'genblk1[1].u1_inst' input pin 'wr_clk_i' is tied to constant (=0).
[EFX-0266 INFO] Module Instance 'genblk1[1].u1_inst' input pin 'rd_clk_i' is tied to constant (=0).
[EFX-0266 INFO] Module Instance 'genblk1[1].u1_inst' input pin 'a_wr_rst_i' is tied to constant (=0).
[EFX-0266 INFO] Module Instance 'genblk1[1].u1_inst' input pin 'a_rd_rst_i' is tied to constant (=0).
[EFX-0677 INFO] ... Memory 'ram' is not initialized, assuming empty initial contents. (C:\Users\Jing-XuanTan(i)\Downloads\evsoc-efinity-v2026.1.132\evsoc-efinity-v2026.1.132\cam_single\Ti60F225_dsi\ip\csi2_rx_cam\csi2_rx_cam.sv:7842)
[EFX-0266 INFO] Module Instance 'u1_inst' input pin 'clk_i' is tied to constant (=0).
[EFX-0266 INFO] Module Instance 'u1_inst' input pin 'a_wr_rst_i' is tied to constant (=0).
[EFX-0266 INFO] Module Instance 'u1_inst' input pin 'a_rd_rst_i' is tied to constant (=0).
[EFX-0266 INFO] Module Instance 'csi2_rx_top_inst' input pin 'RxClkEsc[0]' is tied to constant (=0).
[EFX-0266 INFO] Module Instance 'csi2_rx_top_inst' input pin 'RxClkEsc[1]' is tied to constant (=0).
[EFX-0266 INFO] Module Instance 'active_high.efx_resetsync_active_high' input pin 'd_i[0]' is tied to constant (=0).
[EFX-0677 INFO] ... Memory 'ram' is not initialized, assuming empty initial contents. (C:\Users\Jing-XuanTan(i)\Downloads\evsoc-efinity-v2026.1.132\evsoc-efinity-v2026.1.132\cam_single\Ti60F225_dsi\ip\cam_pixel_remap_fifo\cam_pixel_remap_fifo.sv:667)
[EFX-0201 WARNING] Re-wiring to GND non-driven net/port 'a_wr_rst_i' in module 'efx_fifo_top_077823fa68f649b1a7074c944568f3e4(FAMILY="TITANIUM",SYNC_CLK=1,DATA_WIDTH=40,PIPELINE_REG=0,OUTPUT_REG=1,PROGRAMMABLE_FULL="NONE",PROG_FULL_ASSERT=510,PROG_FULL_NEGATE=510,PROGRAMMABLE_EMPTY="NONE",PROG_EMPTY_ASSERT=2,PROG_EMPTY_NEGATE=3)'. (C:\Users\Jing-XuanTan(i)\Downloads\evsoc-efinity-v2026.1.132\evsoc-efinity-v2026.1.132\cam_single\Ti60F225_dsi\ip\cam_pixel_remap_fifo\cam_pixel_remap_fifo.sv:92)
[EFX-0201 WARNING] Re-wiring to GND non-driven net/port 'a_rd_rst_i' in module 'efx_fifo_top_077823fa68f649b1a7074c944568f3e4(FAMILY="TITANIUM",SYNC_CLK=1,DATA_WIDTH=40,PIPELINE_REG=0,OUTPUT_REG=1,PROGRAMMABLE_FULL="NONE",PROG_FULL_ASSERT=510,PROG_FULL_NEGATE=510,PROGRAMMABLE_EMPTY="NONE",PROG_EMPTY_ASSERT=2,PROG_EMPTY_NEGATE=3)'. (C:\Users\Jing-XuanTan(i)\Downloads\evsoc-efinity-v2026.1.132\evsoc-efinity-v2026.1.132\cam_single\Ti60F225_dsi\ip\cam_pixel_remap_fifo\cam_pixel_remap_fifo.sv:92)
[EFX-0201 WARNING] Re-wiring to GND non-driven net/port 'wr_clk_i' in module 'efx_fifo_top_077823fa68f649b1a7074c944568f3e4(FAMILY="TITANIUM",SYNC_CLK=1,DATA_WIDTH=40,PIPELINE_REG=0,OUTPUT_REG=1,PROGRAMMABLE_FULL="NONE",PROG_FULL_ASSERT=510,PROG_FULL_NEGATE=510,PROGRAMMABLE_EMPTY="NONE",PROG_EMPTY_ASSERT=2,PROG_EMPTY_NEGATE=3)'. (C:\Users\Jing-XuanTan(i)\Downloads\evsoc-efinity-v2026.1.132\evsoc-efinity-v2026.1.132\cam_single\Ti60F225_dsi\ip\cam_pixel_remap_fifo\cam_pixel_remap_fifo.sv:92)
[EFX-0201 WARNING] Re-wiring to GND non-driven net/port 'rd_clk_i' in module 'efx_fifo_top_077823fa68f649b1a7074c944568f3e4(FAMILY="TITANIUM",SYNC_CLK=1,DATA_WIDTH=40,PIPELINE_REG=0,OUTPUT_REG=1,PROGRAMMABLE_FULL="NONE",PROG_FULL_ASSERT=510,PROG_FULL_NEGATE=510,PROGRAMMABLE_EMPTY="NONE",PROG_EMPTY_ASSERT=2,PROG_EMPTY_NEGATE=3)'. (C:\Users\Jing-XuanTan(i)\Downloads\evsoc-efinity-v2026.1.132\evsoc-efinity-v2026.1.132\cam_single\Ti60F225_dsi\ip\cam_pixel_remap_fifo\cam_pixel_remap_fifo.sv:92)
[EFX-0201 WARNING] Re-wiring to GND non-driven net/port 'r_registers[12][31]' in module 'axi_lite_register(S_AXI_WSTRB_WIDTH=4)'. (C:\Users\Jing-XuanTan(i)\Downloads\evsoc-efinity-v2026.1.132\evsoc-efinity-v2026.1.132\cam_single\Ti60F225_dsi\source/isp/axi_lite_register.sv:99)
[EFX-0201 WARNING] Re-wiring to GND non-driven net/port 'r_registers[12][30]' in module 'axi_lite_register(S_AXI_WSTRB_WIDTH=4)'. (C:\Users\Jing-XuanTan(i)\Downloads\evsoc-efinity-v2026.1.132\evsoc-efinity-v2026.1.132\cam_single\Ti60F225_dsi\source/isp/axi_lite_register.sv:99)
[EFX-0201 WARNING] Re-wiring to GND non-driven net/port 'r_registers[12][29]' in module 'axi_lite_register(S_AXI_WSTRB_WIDTH=4)'. (C:\Users\Jing-XuanTan(i)\Downloads\evsoc-efinity-v2026.1.132\evsoc-efinity-v2026.1.132\cam_single\Ti60F225_dsi\source/isp/axi_lite_register.sv:99)
[EFX-0201 WARNING] Re-wiring to GND non-driven net/port 'r_registers[12][28]' in module 'axi_lite_register(S_AXI_WSTRB_WIDTH=4)'. (C:\Users\Jing-XuanTan(i)\Downloads\evsoc-efinity-v2026.1.132\evsoc-efinity-v2026.1.132\cam_single\Ti60F225_dsi\source/isp/axi_lite_register.sv:99)
[EFX-0201 WARNING] Re-wiring to GND non-driven net/port 'r_registers[12][27]' in module 'axi_lite_register(S_AXI_WSTRB_WIDTH=4)'. (C:\Users\Jing-XuanTan(i)\Downloads\evsoc-efinity-v2026.1.132\evsoc-efinity-v2026.1.132\cam_single\Ti60F225_dsi\source/isp/axi_lite_register.sv:99)
[EFX-0201 WARNING] Re-wiring to GND non-driven net/port 'r_registers[12][26]' in module 'axi_lite_register(S_AXI_WSTRB_WIDTH=4)'. (C:\Users\Jing-XuanTan(i)\Downloads\evsoc-efinity-v2026.1.132\evsoc-efinity-v2026.1.132\cam_single\Ti60F225_dsi\source/isp/axi_lite_register.sv:99)
[EFX-0677 INFO] ... Memory 'ram' is not initialized, assuming empty initial contents. (C:\Users\Jing-XuanTan(i)\Downloads\evsoc-efinity-v2026.1.132\evsoc-efinity-v2026.1.132\cam_single\Ti60F225_dsi\source/isp/simple_dual_ported_ram.sv:23)
[EFX-0677 INFO] ... Memory 'pipe_0_center' is not initialized, assuming empty initial contents. (C:\Users\Jing-XuanTan(i)\Downloads\evsoc-efinity-v2026.1.132\evsoc-efinity-v2026.1.132\cam_single\Ti60F225_dsi\source/isp/demosaic.sv:68)
[EFX-0677 INFO] ... Memory 'pipe_0_outer_horizontal' is not initialized, assuming empty initial contents. (C:\Users\Jing-XuanTan(i)\Downloads\evsoc-efinity-v2026.1.132\evsoc-efinity-v2026.1.132\cam_single\Ti60F225_dsi\source/isp/demosaic.sv:69)
[EFX-0677 INFO] ... Memory 'pipe_0_outer_vertical' is not initialized, assuming empty initial contents. (C:\Users\Jing-XuanTan(i)\Downloads\evsoc-efinity-v2026.1.132\evsoc-efinity-v2026.1.132\cam_single\Ti60F225_dsi\source/isp/demosaic.sv:70)
[EFX-0677 INFO] ... Memory 'pipe_0_inner_horizontal' is not initialized, assuming empty initial contents. (C:\Users\Jing-XuanTan(i)\Downloads\evsoc-efinity-v2026.1.132\evsoc-efinity-v2026.1.132\cam_single\Ti60F225_dsi\source/isp/demosaic.sv:71)
[EFX-0677 INFO] ... Memory 'pipe_0_inner_vertical' is not initialized, assuming empty initial contents. (C:\Users\Jing-XuanTan(i)\Downloads\evsoc-efinity-v2026.1.132\evsoc-efinity-v2026.1.132\cam_single\Ti60F225_dsi\source/isp/demosaic.sv:72)
[EFX-0677 INFO] ... Memory 'pipe_0_inner_top' is not initialized, assuming empty initial contents. (C:\Users\Jing-XuanTan(i)\Downloads\evsoc-efinity-v2026.1.132\evsoc-efinity-v2026.1.132\cam_single\Ti60F225_dsi\source/isp/demosaic.sv:73)
[EFX-0677 INFO] ... Memory 'pipe_0_inner_bottom' is not initialized, assuming empty initial contents. (C:\Users\Jing-XuanTan(i)\Downloads\evsoc-efinity-v2026.1.132\evsoc-efinity-v2026.1.132\cam_single\Ti60F225_dsi\source/isp/demosaic.sv:74)
[EFX-0677 INFO] ... Memory 'pipe_1_center' is not initialized, assuming empty initial contents. (C:\Users\Jing-XuanTan(i)\Downloads\evsoc-efinity-v2026.1.132\evsoc-efinity-v2026.1.132\cam_single\Ti60F225_dsi\source/isp/demosaic.sv:80)
[EFX-0677 INFO] ... Memory 'pipe_1_center_x5' is not initialized, assuming empty initial contents. (C:\Users\Jing-XuanTan(i)\Downloads\evsoc-efinity-v2026.1.132\evsoc-efinity-v2026.1.132\cam_single\Ti60F225_dsi\source/isp/demosaic.sv:81)
[EFX-0677 INFO] ... Memory 'pipe_1_center_x6' is not initialized, assuming empty initial contents. (C:\Users\Jing-XuanTan(i)\Downloads\evsoc-efinity-v2026.1.132\evsoc-efinity-v2026.1.132\cam_single\Ti60F225_dsi\source/isp/demosaic.sv:82)
[EFX-0677 INFO] ... Memory 'pipe_1_outer_horizontal' is not initialized, assuming empty initial contents. (C:\Users\Jing-XuanTan(i)\Downloads\evsoc-efinity-v2026.1.132\evsoc-efinity-v2026.1.132\cam_single\Ti60F225_dsi\source/isp/demosaic.sv:83)
[EFX-0677 INFO] ... Memory 'pipe_1_outer_vertical' is not initialized, assuming empty initial contents. (C:\Users\Jing-XuanTan(i)\Downloads\evsoc-efinity-v2026.1.132\evsoc-efinity-v2026.1.132\cam_single\Ti60F225_dsi\source/isp/demosaic.sv:84)
[EFX-0677 INFO] ... Memory 'pipe_1_outer_cross' is not initialized, assuming empty initial contents. (C:\Users\Jing-XuanTan(i)\Downloads\evsoc-efinity-v2026.1.132\evsoc-efinity-v2026.1.132\cam_single\Ti60F225_dsi\source/isp/demosaic.sv:85)
[EFX-0677 INFO] ... Memory 'pipe_1_inner_h_outer_v_x2' is not initialized, assuming empty initial contents. (C:\Users\Jing-XuanTan(i)\Downloads\evsoc-efinity-v2026.1.132\evsoc-efinity-v2026.1.132\cam_single\Ti60F225_dsi\source/isp/demosaic.sv:86)
[EFX-0677 INFO] ... Memory 'pipe_1_inner_v_outer_h_x2' is not initialized, assuming empty initial contents. (C:\Users\Jing-XuanTan(i)\Downloads\evsoc-efinity-v2026.1.132\evsoc-efinity-v2026.1.132\cam_single\Ti60F225_dsi\source/isp/demosaic.sv:87)
[EFX-0677 INFO] ... Memory 'pipe_1_inner_corner' is not initialized, assuming empty initial contents. (C:\Users\Jing-XuanTan(i)\Downloads\evsoc-efinity-v2026.1.132\evsoc-efinity-v2026.1.132\cam_single\Ti60F225_dsi\source/isp/demosaic.sv:88)
[EFX-0677 INFO] ... Memory 'pipe_1_inner_cross' is not initialized, assuming empty initial contents. (C:\Users\Jing-XuanTan(i)\Downloads\evsoc-efinity-v2026.1.132\evsoc-efinity-v2026.1.132\cam_single\Ti60F225_dsi\source/isp/demosaic.sv:89)
[EFX-0677 INFO] ... Memory 'pipe_2_center' is not initialized, assuming empty initial contents. (C:\Users\Jing-XuanTan(i)\Downloads\evsoc-efinity-v2026.1.132\evsoc-efinity-v2026.1.132\cam_single\Ti60F225_dsi\source/isp/demosaic.sv:95)
[EFX-0677 INFO] ... Memory 'pipe_2_center_cross_x2' is not initialized, assuming empty initial contents. (C:\Users\Jing-XuanTan(i)\Downloads\evsoc-efinity-v2026.1.132\evsoc-efinity-v2026.1.132\cam_single\Ti60F225_dsi\source/isp/demosaic.sv:96)
[EFX-0677 INFO] ... Memory 'pipe_2_outer_cross_x2' is not initialized, assuming empty initial contents. (C:\Users\Jing-XuanTan(i)\Downloads\evsoc-efinity-v2026.1.132\evsoc-efinity-v2026.1.132\cam_single\Ti60F225_dsi\source/isp/demosaic.sv:97)
[EFX-0677 INFO] ... Memory 'pipe_2_outer_cross_x3' is not initialized, assuming empty initial contents. (C:\Users\Jing-XuanTan(i)\Downloads\evsoc-efinity-v2026.1.132\evsoc-efinity-v2026.1.132\cam_single\Ti60F225_dsi\source/isp/demosaic.sv:98)
[EFX-0677 INFO] ... Memory 'pipe_2_inner_c_outer_h_x2' is not initialized, assuming empty initial contents. (C:\Users\Jing-XuanTan(i)\Downloads\evsoc-efinity-v2026.1.132\evsoc-efinity-v2026.1.132\cam_single\Ti60F225_dsi\source/isp/demosaic.sv:99)
[EFX-0677 INFO] ... Memory 'pipe_2_inner_c_outer_v_x2' is not initialized, assuming empty initial contents. (C:\Users\Jing-XuanTan(i)\Downloads\evsoc-efinity-v2026.1.132\evsoc-efinity-v2026.1.132\cam_single\Ti60F225_dsi\source/isp/demosaic.sv:100)
[EFX-0677 INFO] ... Memory 'pipe_2_rb_at_g1_x2' is not initialized, assuming empty initial contents. (C:\Users\Jing-XuanTan(i)\Downloads\evsoc-efinity-v2026.1.132\evsoc-efinity-v2026.1.132\cam_single\Ti60F225_dsi\source/isp/demosaic.sv:101)
[EFX-0677 INFO] ... Memory 'pipe_2_rb_at_g2_x2' is not initialized, assuming empty initial contents. (C:\Users\Jing-XuanTan(i)\Downloads\evsoc-efinity-v2026.1.132\evsoc-efinity-v2026.1.132\cam_single\Ti60F225_dsi\source/isp/demosaic.sv:102)
[EFX-0677 INFO] ... Memory 'pipe_2_rb_at_rb_x2' is not initialized, assuming empty initial contents. (C:\Users\Jing-XuanTan(i)\Downloads\evsoc-efinity-v2026.1.132\evsoc-efinity-v2026.1.132\cam_single\Ti60F225_dsi\source/isp/demosaic.sv:103)
[EFX-0266 INFO] Module Instance 'ccm_inst' input pin 's_axis_tdata[1]' is tied to constant (=0).
[EFX-0266 INFO] Module Instance 'ccm_inst' input pin 's_axis_tdata[2]' is tied to constant (=0).
[EFX-0266 INFO] Module Instance 'ccm_inst' input pin 's_axis_tdata[3]' is tied to constant (=0).
[EFX-0266 INFO] Module Instance 'ccm_inst' input pin 's_axis_tdata[4]' is tied to constant (=0).
[EFX-0266 INFO] Module Instance 'ccm_inst' input pin 's_axis_tdata[5]' is tied to constant (=0).
[EFX-0266 INFO] Module Instance 'ccm_inst' input pin 's_axis_tdata[6]' is tied to constant (=0).
[EFX-0266 INFO] Module Instance 'ccm_inst' input pin 's_axis_tdata[7]' is tied to constant (=0).
[EFX-0266 INFO] Module Instance 'ccm_inst' input pin 's_axis_tdata[8]' is tied to constant (=0).
[EFX-0266 INFO] Module Instance 'ccm_inst' input pin 's_axis_tdata[9]' is tied to constant (=0).
[EFX-0266 INFO] Module Instance 'ccm_inst' input pin 's_axis_tdata[10]' is tied to constant (=0).
[EFX-0266 INFO] Module Instance 'ccm_inst' input pin 's_axis_tdata[11]' is tied to constant (=0).
[EFX-0266 INFO] Module Instance 'ccm_inst' input pin 's_axis_tdata[12]' is tied to constant (=0).
[EFX-0266 INFO] Module Instance 'ccm_inst' input pin 's_axis_tdata[13]' is tied to constant (=0).
[EFX-0266 INFO] Module Instance 'ccm_inst' input pin 's_axis_tdata[14]' is tied to constant (=0).
[EFX-0266 INFO] Module Instance 'ccm_inst' input pin 's_axis_tdata[15]' is tied to constant (=0).
[EFX-0266 INFO] Module Instance 'ccm_inst' input pin 's_axis_tdata[16]' is tied to constant (=0).
[EFX-0266 INFO] Module Instance 'ccm_inst' input pin 's_axis_tdata[17]' is tied to constant (=0).
[EFX-0266 INFO] Module Instance 'ccm_inst' input pin 's_axis_tdata[18]' is tied to constant (=0).
[EFX-0266 INFO] Module Instance 'ccm_inst' input pin 's_axis_tdata[19]' is tied to constant (=0).
[EFX-0266 INFO] Module Instance 'ccm_inst' input pin 's_axis_tdata[20]' is tied to constant (=0).
[EFX-0266 INFO] Module Instance 'ccm_inst' input pin 's_axis_tdata[21]' is tied to constant (=0).
[EFX-0266 INFO] Module Instance 'ccm_inst' input pin 's_axis_tdata[22]' is tied to constant (=0).
[EFX-0266 INFO] Module Instance 'ccm_inst' input pin 's_axis_tdata[23]' is tied to constant (=0).
[EFX-0266 INFO] Module Instance 'ccm_inst' input pin 's_axis_tdata[24]' is tied to constant (=0).
[EFX-0266 INFO] Module Instance 'ccm_inst' input pin 's_axis_tdata[25]' is tied to constant (=0).
[EFX-0266 INFO] Module Instance 'ccm_inst' input pin 's_axis_tdata[26]' is tied to constant (=0).
[EFX-0266 INFO] Module Instance 'ccm_inst' input pin 's_axis_tdata[27]' is tied to constant (=0).
[EFX-0266 INFO] Module Instance 'ccm_inst' input pin 's_axis_tdata[28]' is tied to constant (=0).
[EFX-0266 INFO] Module Instance 'ccm_inst' input pin 's_axis_tdata[29]' is tied to constant (=0).
[EFX-0266 INFO] Module Instance 'ccm_inst' input pin 's_axis_tdata[30]' is tied to constant (=0).
[EFX-0266 INFO] Module Instance 'ccm_inst' input pin 's_axis_tdata[31]' is tied to constant (=0).
[EFX-0266 INFO] Module Instance 'ccm_inst' input pin 's_axis_tdata[32]' is tied to constant (=0).
[EFX-0266 INFO] Module Instance 'ccm_inst' input pin 's_axis_tdata[33]' is tied to constant (=0).
[EFX-0266 INFO] Module Instance 'ccm_inst' input pin 's_axis_tdata[34]' is tied to constant (=0).
[EFX-0266 INFO] Module Instance 'ccm_inst' input pin 's_axis_tdata[35]' is tied to constant (=0).
[EFX-0266 INFO] Module Instance 'ccm_inst' input pin 's_axis_tdata[36]' is tied to constant (=0).
[EFX-0266 INFO] Module Instance 'ccm_inst' input pin 's_axis_tdata[37]' is tied to constant (=0).
[EFX-0266 INFO] Module Instance 'ccm_inst' input pin 's_axis_tdata[38]' is tied to constant (=0).
[EFX-0266 INFO] Module Instance 'ccm_inst' input pin 's_axis_tdata[39]' is tied to constant (=0).
[EFX-0266 INFO] Module Instance 'ccm_inst' input pin 's_axis_tdata[40]' is tied to constant (=0).
[EFX-0266 INFO] Module Instance 'ccm_inst' input pin 's_axis_tdata[41]' is tied to constant (=0).
[EFX-0266 INFO] Module Instance 'ccm_inst' input pin 's_axis_tdata[42]' is tied to constant (=0).
[EFX-0266 INFO] Module Instance 'ccm_inst' input pin 's_axis_tdata[43]' is tied to constant (=0).
[EFX-0266 INFO] Module Instance 'ccm_inst' input pin 's_axis_tdata[44]' is tied to constant (=0).
[EFX-0266 INFO] Module Instance 'ccm_inst' input pin 's_axis_tdata[45]' is tied to constant (=0).
[EFX-0266 INFO] Module Instance 'ccm_inst' input pin 's_axis_tdata[46]' is tied to constant (=0).
[EFX-0266 INFO] Module Instance 'ccm_inst' input pin 's_axis_tdata[47]' is tied to constant (=0).
[EFX-0266 INFO] Module Instance 'ccm_inst' input pin 's_axis_tdata[48]' is tied to constant (=0).
[EFX-0266 INFO] Module Instance 'ccm_inst' input pin 's_axis_tdata[49]' is tied to constant (=0).
[EFX-0266 INFO] Module Instance 'ccm_inst' input pin 's_axis_tdata[50]' is tied to constant (=0).
[EFX-0266 INFO] Module Instance 'ccm_inst' input pin 's_axis_tdata[51]' is tied to constant (=0).
[EFX-0266 INFO] Module Instance 'ccm_inst' input pin 's_axis_tdata[52]' is tied to constant (=0).
[EFX-0266 INFO] Module Instance 'ccm_inst' input pin 's_axis_tdata[53]' is tied to constant (=0).
[EFX-0266 INFO] Module Instance 'ccm_inst' input pin 's_axis_tdata[54]' is tied to constant (=0).
[EFX-0266 INFO] Module Instance 'ccm_inst' input pin 's_axis_tdata[55]' is tied to constant (=0).
[EFX-0266 INFO] Module Instance 'ccm_inst' input pin 's_axis_tdata[56]' is tied to constant (=0).
[EFX-0266 INFO] Module Instance 'ccm_inst' input pin 's_axis_tdata[57]' is tied to constant (=0).
[EFX-0266 INFO] Module Instance 'ccm_inst' input pin 's_axis_tdata[58]' is tied to constant (=0).
[EFX-0266 INFO] Module Instance 'ccm_inst' input pin 's_axis_tdata[59]' is tied to constant (=0).
[EFX-0266 INFO] Module Instance 'ccm_inst' input pin 's_axis_tdata[60]' is tied to constant (=0).
[EFX-0266 INFO] Module Instance 'ccm_inst' input pin 's_axis_tdata[61]' is tied to constant (=0).
[EFX-0266 INFO] Module Instance 'ccm_inst' input pin 's_axis_tdata[62]' is tied to constant (=0).
[EFX-0266 INFO] Module Instance 'ccm_inst' input pin 's_axis_tdata[63]' is tied to constant (=0).
[EFX-0266 INFO] Module Instance 'ccm_inst' input pin 's_axis_tdata[64]' is tied to constant (=0).
[EFX-0266 INFO] Module Instance 'ccm_inst' input pin 's_axis_tdata[65]' is tied to constant (=0).
[EFX-0266 INFO] Module Instance 'ccm_inst' input pin 's_axis_tdata[66]' is tied to constant (=0).
[EFX-0266 INFO] Module Instance 'ccm_inst' input pin 's_axis_tdata[67]' is tied to constant (=0).
[EFX-0266 INFO] Module Instance 'ccm_inst' input pin 's_axis_tdata[68]' is tied to constant (=0).
[EFX-0266 INFO] Module Instance 'ccm_inst' input pin 's_axis_tdata[69]' is tied to constant (=0).
[EFX-0266 INFO] Module Instance 'ccm_inst' input pin 's_axis_tdata[70]' is tied to constant (=0).
[EFX-0266 INFO] Module Instance 'ccm_inst' input pin 's_axis_tdata[71]' is tied to constant (=0).
[EFX-0266 INFO] Module Instance 'active_high.efx_resetsync_active_high' input pin 'd_i[0]' is tied to constant (=0).
[EFX-0677 INFO] ... Memory 'ram' is not initialized, assuming empty initial contents. (C:\Users\Jing-XuanTan(i)\Downloads\evsoc-efinity-v2026.1.132\evsoc-efinity-v2026.1.132\cam_single\Ti60F225_dsi\ip\cam_dma_fifo\cam_dma_fifo.sv:667)
[EFX-0266 INFO] Module Instance 'u_isp_top' input pin 'm_axis_tready' is tied to constant (=1).
[EFX-0266 INFO] Module Instance 'inst_piv2_reg' input pin 'we1' is tied to constant (=0).
[EFX-0266 INFO] Module Instance 'inst_piv2_reg' input pin 'din1[0]' is tied to constant (=0).
[EFX-0266 INFO] Module Instance 'inst_piv2_reg' input pin 'din1[1]' is tied to constant (=0).
[EFX-0266 INFO] Module Instance 'inst_piv2_reg' input pin 'din1[2]' is tied to constant (=0).
[EFX-0266 INFO] Module Instance 'inst_piv2_reg' input pin 'din1[3]' is tied to constant (=0).
[EFX-0266 INFO] Module Instance 'inst_piv2_reg' input pin 'din1[4]' is tied to constant (=0).
[EFX-0266 INFO] Module Instance 'inst_piv2_reg' input pin 'din1[5]' is tied to constant (=0).
[EFX-0266 INFO] Module Instance 'inst_piv2_reg' input pin 'din1[6]' is tied to constant (=0).
[EFX-0266 INFO] Module Instance 'inst_piv2_reg' input pin 'din1[7]' is tied to constant (=0).
[EFX-0266 INFO] Module Instance 'inst_piv2_reg' input pin 'din1[8]' is tied to constant (=0).
[EFX-0677 INFO] ... Memory 'ram' is not initialized, assuming empty initial contents. (C:\Users\Jing-XuanTan(i)\Downloads\evsoc-efinity-v2026.1.132\evsoc-efinity-v2026.1.132\cam_single\Ti60F225_dsi\source/common/common_simple_dual_port_ram.v:24)
[EFX-0677 INFO] ... Memory 'ram' is not initialized, assuming empty initial contents. (C:\Users\Jing-XuanTan(i)\Downloads\evsoc-efinity-v2026.1.132\evsoc-efinity-v2026.1.132\cam_single\Ti60F225_dsi\ip\display_dma_fifo\display_dma_fifo.sv:667)
[EFX-0677 INFO] ... Memory 'ram' is not initialized, assuming empty initial contents. (C:\Users\Jing-XuanTan(i)\Downloads\evsoc-efinity-v2026.1.132\evsoc-efinity-v2026.1.132\cam_single\Ti60F225_dsi\ip\dsi_tx_display\dsi_tx_display.sv:12549)
[EFX-0677 INFO] ... Memory 'ram' is not initialized, assuming empty initial contents. (C:\Users\Jing-XuanTan(i)\Downloads\evsoc-efinity-v2026.1.132\evsoc-efinity-v2026.1.132\cam_single\Ti60F225_dsi\ip\dsi_tx_display\dsi_tx_display.sv:12549)
[EFX-0677 INFO] ... Memory 'ram' is not initialized, assuming empty initial contents. (C:\Users\Jing-XuanTan(i)\Downloads\evsoc-efinity-v2026.1.132\evsoc-efinity-v2026.1.132\cam_single\Ti60F225_dsi\ip\dsi_tx_display\dsi_tx_display.sv:12549)
[EFX-0677 INFO] ... Memory 'ram' is not initialized, assuming empty initial contents. (C:\Users\Jing-XuanTan(i)\Downloads\evsoc-efinity-v2026.1.132\evsoc-efinity-v2026.1.132\cam_single\Ti60F225_dsi\ip\dsi_tx_display\dsi_tx_display.sv:12549)
[EFX-0677 INFO] ... Memory 'ram' is not initialized, assuming empty initial contents. (C:\Users\Jing-XuanTan(i)\Downloads\evsoc-efinity-v2026.1.132\evsoc-efinity-v2026.1.132\cam_single\Ti60F225_dsi\ip\dsi_tx_display\dsi_tx_display.sv:12549)
[EFX-0677 INFO] ... Memory 'ram' is not initialized, assuming empty initial contents. (C:\Users\Jing-XuanTan(i)\Downloads\evsoc-efinity-v2026.1.132\evsoc-efinity-v2026.1.132\cam_single\Ti60F225_dsi\ip\hbram\hbram.sv:6067)
[EFX-0677 INFO] ... Memory 'ram' is not initialized, assuming empty initial contents. (C:\Users\Jing-XuanTan(i)\Downloads\evsoc-efinity-v2026.1.132\evsoc-efinity-v2026.1.132\cam_single\Ti60F225_dsi\ip\hbram\hbram.sv:6067)
[EFX-0677 INFO] ... Memory 'ram' is not initialized, assuming empty initial contents. (C:\Users\Jing-XuanTan(i)\Downloads\evsoc-efinity-v2026.1.132\evsoc-efinity-v2026.1.132\cam_single\Ti60F225_dsi\ip\hbram\hbram.sv:6067)
[EFX-0677 INFO] ... Memory 'ram' is not initialized, assuming empty initial contents. (C:\Users\Jing-XuanTan(i)\Downloads\evsoc-efinity-v2026.1.132\evsoc-efinity-v2026.1.132\cam_single\Ti60F225_dsi\ip\hbram\hbram.sv:6067)
[EFX-0677 INFO] ... Memory 'ram' is not initialized, assuming empty initial contents. (C:\Users\Jing-XuanTan(i)\Downloads\evsoc-efinity-v2026.1.132\evsoc-efinity-v2026.1.132\cam_single\Ti60F225_dsi\ip\hbram\hbram.sv:6067)
[EFX-0677 INFO] ... Memory 'ram' is not initialized, assuming empty initial contents. (C:\Users\Jing-XuanTan(i)\Downloads\evsoc-efinity-v2026.1.132\evsoc-efinity-v2026.1.132\cam_single\Ti60F225_dsi\ip\hbram\hbram.sv:6067)
[EFX-0677 INFO] ... Memory 'ram' is not initialized, assuming empty initial contents. (C:\Users\Jing-XuanTan(i)\Downloads\evsoc-efinity-v2026.1.132\evsoc-efinity-v2026.1.132\cam_single\Ti60F225_dsi\ip\hbram\hbram.sv:6067)
[EFX-0677 INFO] ... Memory 'banks_0' is not initialized, assuming empty initial contents. (C:\Users\Jing-XuanTan(i)\Downloads\evsoc-efinity-v2026.1.132\evsoc-efinity-v2026.1.132\cam_single\Ti60F225_dsi\ip\SapphireSoc\SapphireSoc.v:22514)
[EFX-0677 INFO] ... Memory 'ways_0_tags' is not initialized, assuming empty initial contents. (C:\Users\Jing-XuanTan(i)\Downloads\evsoc-efinity-v2026.1.132\evsoc-efinity-v2026.1.132\cam_single\Ti60F225_dsi\ip\SapphireSoc\SapphireSoc.v:22515)
[EFX-0677 INFO] ... Memory 'ways_0_tags' is not initialized, assuming empty initial contents. (C:\Users\Jing-XuanTan(i)\Downloads\evsoc-efinity-v2026.1.132\evsoc-efinity-v2026.1.132\cam_single\Ti60F225_dsi\ip\SapphireSoc\SapphireSoc.v:21768)
[EFX-0677 INFO] ... Memory 'ways_0_data_symbol0' is not initialized, assuming empty initial contents. (C:\Users\Jing-XuanTan(i)\Downloads\evsoc-efinity-v2026.1.132\evsoc-efinity-v2026.1.132\cam_single\Ti60F225_dsi\ip\SapphireSoc\SapphireSoc.v:21769)
[EFX-0677 INFO] ... Memory 'ways_0_data_symbol1' is not initialized, assuming empty initial contents. (C:\Users\Jing-XuanTan(i)\Downloads\evsoc-efinity-v2026.1.132\evsoc-efinity-v2026.1.132\cam_single\Ti60F225_dsi\ip\SapphireSoc\SapphireSoc.v:21770)
[EFX-0677 INFO] ... Memory 'ways_0_data_symbol2' is not initialized, assuming empty initial contents. (C:\Users\Jing-XuanTan(i)\Downloads\evsoc-efinity-v2026.1.132\evsoc-efinity-v2026.1.132\cam_single\Ti60F225_dsi\ip\SapphireSoc\SapphireSoc.v:21771)
[EFX-0677 INFO] ... Memory 'ways_0_data_symbol3' is not initialized, assuming empty initial contents. (C:\Users\Jing-XuanTan(i)\Downloads\evsoc-efinity-v2026.1.132\evsoc-efinity-v2026.1.132\cam_single\Ti60F225_dsi\ip\SapphireSoc\SapphireSoc.v:21772)
[EFX-0677 INFO] ... Memory 'RegFilePlugin_regFile' is not initialized, assuming empty initial contents. (C:\Users\Jing-XuanTan(i)\Downloads\evsoc-efinity-v2026.1.132\evsoc-efinity-v2026.1.132\cam_single\Ti60F225_dsi\ip\SapphireSoc\SapphireSoc.v:14206)
[EFX-0677 INFO] ... Memory 'logic_progbufX_mem' is not initialized, assuming empty initial contents. (C:\Users\Jing-XuanTan(i)\Downloads\evsoc-efinity-v2026.1.132\evsoc-efinity-v2026.1.132\cam_single\Ti60F225_dsi\ip\SapphireSoc\SapphireSoc.v:12000)
[EFX-0677 INFO] ... Memory 'logic_ram' is not initialized, assuming empty initial contents. (C:\Users\Jing-XuanTan(i)\Downloads\evsoc-efinity-v2026.1.132\evsoc-efinity-v2026.1.132\cam_single\Ti60F225_dsi\ip\SapphireSoc\SapphireSoc.v:21169)
[EFX-0677 INFO] ... Memory 'ram' is not initialized, assuming empty initial contents. (C:\Users\Jing-XuanTan(i)\Downloads\evsoc-efinity-v2026.1.132\evsoc-efinity-v2026.1.132\cam_single\Ti60F225_dsi\ip\SapphireSoc\SapphireSoc.v:20951)
[EFX-0677 INFO] ... Memory 'ram' is not initialized, assuming empty initial contents. (C:\Users\Jing-XuanTan(i)\Downloads\evsoc-efinity-v2026.1.132\evsoc-efinity-v2026.1.132\cam_single\Ti60F225_dsi\ip\SapphireSoc\SapphireSoc.v:20700)
[EFX-0677 INFO] ... Memory 'logic_ram' is not initialized, assuming empty initial contents. (C:\Users\Jing-XuanTan(i)\Downloads\evsoc-efinity-v2026.1.132\evsoc-efinity-v2026.1.132\cam_single\Ti60F225_dsi\ip\SapphireSoc\SapphireSoc.v:20389)
[EFX-0677 INFO] ... Memory 'logic_ram' is not initialized, assuming empty initial contents. (C:\Users\Jing-XuanTan(i)\Downloads\evsoc-efinity-v2026.1.132\evsoc-efinity-v2026.1.132\cam_single\Ti60F225_dsi\ip\SapphireSoc\SapphireSoc.v:19774)
[EFX-0677 INFO] ... Memory 'logic_ram' is not initialized, assuming empty initial contents. (C:\Users\Jing-XuanTan(i)\Downloads\evsoc-efinity-v2026.1.132\evsoc-efinity-v2026.1.132\cam_single\Ti60F225_dsi\ip\SapphireSoc\SapphireSoc.v:18957)
[EFX-0677 INFO] ... Memory 'logic_ram' is not initialized, assuming empty initial contents. (C:\Users\Jing-XuanTan(i)\Downloads\evsoc-efinity-v2026.1.132\evsoc-efinity-v2026.1.132\cam_single\Ti60F225_dsi\ip\SapphireSoc\SapphireSoc.v:18786)
[EFX-0677 INFO] ... Memory 'slaveReg' is not initialized, assuming empty initial contents. (C:\Users\Jing-XuanTan(i)\Downloads\evsoc-efinity-v2026.1.132\evsoc-efinity-v2026.1.132\cam_single\Ti60F225_dsi\source\hw_accel\hw_accel_apb3.v:37)
[EFX-0677 INFO] ... Memory 'banks_0_ram' is not initialized, assuming empty initial contents. (C:\Users\Jing-XuanTan(i)\Downloads\evsoc-efinity-v2026.1.132\evsoc-efinity-v2026.1.132\cam_single\Ti60F225_dsi\ip\dma\dma.v:13408)
[EFX-0677 INFO] ... Memory 'banks_1_ram' is not initialized, assuming empty initial contents. (C:\Users\Jing-XuanTan(i)\Downloads\evsoc-efinity-v2026.1.132\evsoc-efinity-v2026.1.132\cam_single\Ti60F225_dsi\ip\dma\dma.v:13409)
[EFX-0677 INFO] ... Memory 'logic_ram' is not initialized, assuming empty initial contents. (C:\Users\Jing-XuanTan(i)\Downloads\evsoc-efinity-v2026.1.132\evsoc-efinity-v2026.1.132\cam_single\Ti60F225_dsi\ip\dma\dma.v:14476)
[EFX-0677 INFO] ... Memory 'logic_ram' is not initialized, assuming empty initial contents. (C:\Users\Jing-XuanTan(i)\Downloads\evsoc-efinity-v2026.1.132\evsoc-efinity-v2026.1.132\cam_single\Ti60F225_dsi\ip\dma\dma.v:3824)
[EFX-0677 INFO] ... Memory 'logic_ram' is not initialized, assuming empty initial contents. (C:\Users\Jing-XuanTan(i)\Downloads\evsoc-efinity-v2026.1.132\evsoc-efinity-v2026.1.132\cam_single\Ti60F225_dsi\ip\dma\dma.v:9175)
[EFX-0677 INFO] ... Memory 'logic_ram' is not initialized, assuming empty initial contents. (C:\Users\Jing-XuanTan(i)\Downloads\evsoc-efinity-v2026.1.132\evsoc-efinity-v2026.1.132\cam_single\Ti60F225_dsi\ip\dma\dma.v:14294)
[EFX-0677 INFO] ... Memory 'ram' is not initialized, assuming empty initial contents. (C:\Users\Jing-XuanTan(i)\Downloads\evsoc-efinity-v2026.1.132\evsoc-efinity-v2026.1.132\cam_single\Ti60F225_dsi\ip\dma\dma.v:3136)
[EFX-0677 INFO] ... Memory 'ram' is not initialized, assuming empty initial contents. (C:\Users\Jing-XuanTan(i)\Downloads\evsoc-efinity-v2026.1.132\evsoc-efinity-v2026.1.132\cam_single\Ti60F225_dsi\ip\dma\dma.v:2839)
[EFX-0677 INFO] ... Memory 'ram' is not initialized, assuming empty initial contents. (C:\Users\Jing-XuanTan(i)\Downloads\evsoc-efinity-v2026.1.132\evsoc-efinity-v2026.1.132\cam_single\Ti60F225_dsi\ip\dma\dma.v:2627)
[EFX-0677 INFO] ... Memory 'ram' is not initialized, assuming empty initial contents. (C:\Users\Jing-XuanTan(i)\Downloads\evsoc-efinity-v2026.1.132\evsoc-efinity-v2026.1.132\cam_single\Ti60F225_dsi\ip\dma\dma.v:2415)
[EFX-0677 INFO] ... Memory 'ram' is not initialized, assuming empty initial contents. (C:\Users\Jing-XuanTan(i)\Downloads\evsoc-efinity-v2026.1.132\evsoc-efinity-v2026.1.132\cam_single\Ti60F225_dsi\ip\dma\dma.v:2203)
[EFX-0000 INFO] ... Pre-synthesis checks end (Real time : 0s)
[EFX-0000 INFO] ... NameSpace init begin
[EFX-0000 INFO] ... NameSpace init end (Real time : 0s)
[EFX-0000 INFO] ... Mapping design "edge_vision_soc"
[EFX-0000 INFO] ... Hierarchical pre-synthesis "reset(OUT_RST_ACTIVE="LOW")" begin
[EFX-0000 INFO] ... Hierarchical pre-synthesis "reset(OUT_RST_ACTIVE="LOW")" end (Real time : 0s)
[EFX-0000 INFO] ... Hierarchical pre-synthesis "reset" begin
[EFX-0000 INFO] ... Hierarchical pre-synthesis "reset" end (Real time : 0s)
[EFX-0000 INFO] ... Hierarchical pre-synthesis "common_reset(NUM_RST=8,IN_RST_ACTIVE=8'b0,OUT_RST_ACTIVE=8'b0101010)" begin
[EFX-0000 INFO] ... Hierarchical pre-synthesis "common_reset(NUM_RST=8,IN_RST_ACTIVE=8'b0,OUT_RST_ACTIVE=8'b0101010)" end (Real time : 0s)
[EFX-0000 INFO] ... Hierarchical pre-synthesis "dphy_rx_clane_fsm_f123b49f0f574f64a9a2982368753f7b" begin
[EFX-0000 INFO] ... Hierarchical pre-synthesis "dphy_rx_clane_fsm_f123b49f0f574f64a9a2982368753f7b" end (Real time : 0s)
[EFX-0000 INFO] ... Hierarchical pre-synthesis "dphy_rx_dlane_fsm_f123b49f0f574f64a9a2982368753f7b(HS_BYTECLK_MHZ=113)" begin
[EFX-0000 INFO] ... Hierarchical pre-synthesis "dphy_rx_dlane_fsm_f123b49f0f574f64a9a2982368753f7b(HS_BYTECLK_MHZ=113)" end (Real time : 0s)
[EFX-0000 INFO] ... Hierarchical pre-synthesis "dphy_rx_dword_align_f123b49f0f574f64a9a2982368753f7b(HS_DATA_WIDTH=8)" begin
[EFX-0000 INFO] ... Hierarchical pre-synthesis "dphy_rx_dword_align_f123b49f0f574f64a9a2982368753f7b(HS_DATA_WIDTH=8)" end (Real time : 0s)
[EFX-0000 INFO] ... Hierarchical pre-synthesis "efx_asyncreg_f123b49f0f574f64a9a2982368753f7b(WIDTH=1)" begin
[EFX-0000 INFO] ... Hierarchical pre-synthesis "efx_asyncreg_f123b49f0f574f64a9a2982368753f7b(WIDTH=1)" end (Real time : 0s)
[EFX-0000 INFO] ... Hierarchical pre-synthesis "dphy_rx_deskew_cal_f123b49f0f574f64a9a2982368753f7b" begin
[EFX-0000 INFO] ... Hierarchical pre-synthesis "dphy_rx_deskew_cal_f123b49f0f574f64a9a2982368753f7b" end (Real time : 0s)
[EFX-0000 INFO] ... Hierarchical pre-synthesis "efx_dphy_rx_f123b49f0f574f64a9a2982368753f7b(HS_BYTECLK_MHZ=113,NUM_DATA_LANE=2,ENABLE_USER_DESKEWCAL=1'b0,DPHY_CLOCK_MODE="Discontinuous")" begin
[EFX-0000 INFO] ... Hierarchical pre-synthesis "efx_dphy_rx_f123b49f0f574f64a9a2982368753f7b(HS_BYTECLK_MHZ=113,NUM_DATA_LANE=2,ENABLE_USER_DESKEWCAL=1'b0,DPHY_CLOCK_MODE="Discontinuous")" end (Real time : 0s)
[EFX-0000 INFO] ... Hierarchical pre-synthesis "efx_asyncreg_f123b49f0f574f64a9a2982368753f7b(WIDTH=2)" begin
[EFX-0000 INFO] ... Hierarchical pre-synthesis "efx_asyncreg_f123b49f0f574f64a9a2982368753f7b(WIDTH=2)" end (Real time : 0s)
[EFX-0000 INFO] ... Hierarchical pre-synthesis "efx_asyncreg_f123b49f0f574f64a9a2982368753f7b" begin
[EFX-0000 INFO] ... Hierarchical pre-synthesis "efx_asyncreg_f123b49f0f574f64a9a2982368753f7b" end (Real time : 0s)
[EFX-0000 INFO] ... Hierarchical pre-synthesis "efx_csi2_rx_csr_f123b49f0f574f64a9a2982368753f7b(NUM_DATA_LANE=2)" begin
[EFX-0000 INFO] ... Hierarchical pre-synthesis "efx_csi2_rx_csr_f123b49f0f574f64a9a2982368753f7b(NUM_DATA_LANE=2)" end (Real time : 0s)
[EFX-0000 INFO] ... Hierarchical pre-synthesis "efx_csi2_ecc_check_f123b49f0f574f64a9a2982368753f7b" begin
[EFX-0000 INFO] ... Hierarchical pre-synthesis "efx_csi2_ecc_check_f123b49f0f574f64a9a2982368753f7b" end (Real time : 0s)
[EFX-0000 INFO] ... Hierarchical pre-synthesis "efx_csi2_crc16_d16_gen_f123b49f0f574f64a9a2982368753f7b" begin
[EFX-0000 INFO] ... Hierarchical pre-synthesis "efx_csi2_crc16_d16_gen_f123b49f0f574f64a9a2982368753f7b" end (Real time : 0s)
[EFX-0000 INFO] ... Hierarchical pre-synthesis "efx_csi2_depacketizer_f123b49f0f574f64a9a2982368753f7b(ENABLE_VCX=1'b0,NUM_DATA_LANE=2)" begin
[EFX-0000 INFO] ... Hierarchical pre-synthesis "efx_csi2_depacketizer_f123b49f0f574f64a9a2982368753f7b(ENABLE_VCX=1'b0,NUM_DATA_LANE=2)" end (Real time : 1s)
[EFX-0000 INFO] ... Hierarchical pre-synthesis "efx_asyncreg_f123b49f0f574f64a9a2982368753f7b(WIDTH=1,ACTIVE_LOW=0,RST_VALUE=1)" begin
[EFX-0000 INFO] ... Hierarchical pre-synthesis "efx_asyncreg_f123b49f0f574f64a9a2982368753f7b(WIDTH=1,ACTIVE_LOW=0,RST_VALUE=1)" end (Real time : 0s)
[EFX-0000 INFO] ... Hierarchical pre-synthesis "efx_resetsync_f123b49f0f574f64a9a2982368753f7b(ACTIVE_LOW=0)" begin
[EFX-0000 INFO] ... Hierarchical pre-synthesis "efx_resetsync_f123b49f0f574f64a9a2982368753f7b(ACTIVE_LOW=0)" end (Real time : 0s)
[EFX-0000 INFO] ... Hierarchical pre-synthesis "efx_fifo_ram_f123b49f0f574f64a9a2982368753f7b(WR_DEPTH=16,RD_DEPTH=16,WADDR_WIDTH=4,RADDR_WIDTH=4,OUTPUT_REG=0,RAM_MUX_RATIO=1)" begin
[EFX-0000 INFO] ... Hierarchical pre-synthesis "efx_fifo_ram_f123b49f0f574f64a9a2982368753f7b(WR_DEPTH=16,RD_DEPTH=16,WADDR_WIDTH=4,RADDR_WIDTH=4,OUTPUT_REG=0,RAM_MUX_RATIO=1)" end (Real time : 0s)
[EFX-0000 INFO] ... Hierarchical pre-synthesis "efx_fifo_ctl_f123b49f0f574f64a9a2982368753f7b(MODE="FWFT",WR_DEPTH=16,WADDR_WIDTH=4,RADDR_WIDTH=4,ALMOST_FLAG=0,PROG_FULL_ASSERT=16,PROG_FULL_NEGATE=16,HANDSHAKE_FLAG=0,OVERFLOW_PROTECT=1,UNDERFLOW_PROTECT=1)" begin
[EFX-0000 INFO] ... Hierarchical pre-synthesis "efx_fifo_ctl_f123b49f0f574f64a9a2982368753f7b(MODE="FWFT",WR_DEPTH=16,WADDR_WIDTH=4,RADDR_WIDTH=4,ALMOST_FLAG=0,PROG_FULL_ASSERT=16,PROG_FULL_NEGATE=16,HANDSHAKE_FLAG=0,OVERFLOW_PROTECT=1,UNDERFLOW_PROTECT=1)" end (Real time : 0s)
[EFX-0000 INFO] ... Hierarchical pre-synthesis "efx_fifo_top_f123b49f0f574f64a9a2982368753f7b(SYNC_CLK=1,MODE="FWFT",DEPTH=16,DATA_WIDTH=8,OPTIONAL_FLAGS=0,PROGRAMMABLE_FULL="NONE",PROG_FULL_ASSERT=16,PROG_FULL_NEGATE=16,PROGRAMMABLE_EMPTY="NONE",PROG_EMPTY_ASSERT=0,PROG_EMPTY_NEGATE=0)" begin
[EFX-0000 INFO] ... Hierarchical pre-synthesis "efx_fifo_top_f123b49f0f574f64a9a2982368753f7b(SYNC_CLK=1,MODE="FWFT",DEPTH=16,DATA_WIDTH=8,OPTIONAL_FLAGS=0,PROGRAMMABLE_FULL="NONE",PROG_FULL_ASSERT=16,PROG_FULL_NEGATE=16,PROGRAMMABLE_EMPTY="NONE",PROG_EMPTY_ASSERT=0,PROG_EMPTY_NEGATE=0)" end (Real time : 0s)
[EFX-0000 INFO] ... Hierarchical pre-synthesis "efx_csi2_lane_aligner_f123b49f0f574f64a9a2982368753f7b(NUM_DATA_LANE=2)" begin
[EFX-0000 INFO] ... Hierarchical pre-synthesis "efx_csi2_lane_aligner_f123b49f0f574f64a9a2982368753f7b(NUM_DATA_LANE=2)" end (Real time : 0s)
[EFX-0000 INFO] ... Hierarchical pre-synthesis "efx_asyncreg_f123b49f0f574f64a9a2982368753f7b(WIDTH=16)" begin
[EFX-0000 INFO] ... Hierarchical pre-synthesis "efx_asyncreg_f123b49f0f574f64a9a2982368753f7b(WIDTH=16)" end (Real time : 0s)
[EFX-0000 INFO] ... Hierarchical pre-synthesis "efx_csi2_depack40bit_f123b49f0f574f64a9a2982368753f7b" begin
[EFX-0000 INFO] ... Hierarchical pre-synthesis "efx_csi2_depack40bit_f123b49f0f574f64a9a2982368753f7b" end (Real time : 0s)
[EFX-0000 INFO] ... Hierarchical pre-synthesis "efx_csi2_depack48bit_f123b49f0f574f64a9a2982368753f7b" begin
[EFX-0000 INFO] ... Hierarchical pre-synthesis "efx_csi2_depack48bit_f123b49f0f574f64a9a2982368753f7b" end (Real time : 0s)
[EFX-0000 INFO] ... Hierarchical pre-synthesis "efx_csi2_depack56bit_f123b49f0f574f64a9a2982368753f7b" begin
[EFX-0000 INFO] ... Hierarchical pre-synthesis "efx_csi2_depack56bit_f123b49f0f574f64a9a2982368753f7b" end (Real time : 0s)
[EFX-0000 INFO] ... Hierarchical pre-synthesis "efx_csi2_depack64bit_f123b49f0f574f64a9a2982368753f7b" begin
[EFX-0000 INFO] ... Hierarchical pre-synthesis "efx_csi2_depack64bit_f123b49f0f574f64a9a2982368753f7b" end (Real time : 0s)
[EFX-0000 INFO] ... Hierarchical pre-synthesis "efx_fifo_ram_f123b49f0f574f64a9a2982368753f7b(WR_DEPTH=2048,RD_DEPTH=2048,WDATA_WIDTH=64,RDATA_WIDTH=64,WADDR_WIDTH=11,RADDR_WIDTH=11,OUTPUT_REG=0,RAM_MUX_RATIO=1)" begin
[EFX-0000 INFO] ... Hierarchical pre-synthesis "efx_fifo_ram_f123b49f0f574f64a9a2982368753f7b(WR_DEPTH=2048,RD_DEPTH=2048,WDATA_WIDTH=64,RDATA_WIDTH=64,WADDR_WIDTH=11,RADDR_WIDTH=11,OUTPUT_REG=0,RAM_MUX_RATIO=1)" end (Real time : 0s)
[EFX-0000 INFO] ... Hierarchical pre-synthesis "efx_fifo_bin2gray_f123b49f0f574f64a9a2982368753f7b(WIDTH=12)" begin
[EFX-0000 INFO] ... Hierarchical pre-synthesis "efx_fifo_bin2gray_f123b49f0f574f64a9a2982368753f7b(WIDTH=12)" end (Real time : 0s)
[EFX-0000 INFO] ... Hierarchical pre-synthesis "efx_asyncreg_f123b49f0f574f64a9a2982368753f7b(WIDTH=12,ACTIVE_LOW=0,OFF_ASSERTION=1)" begin
[EFX-0000 INFO] ... Hierarchical pre-synthesis "efx_asyncreg_f123b49f0f574f64a9a2982368753f7b(WIDTH=12,ACTIVE_LOW=0,OFF_ASSERTION=1)" end (Real time : 0s)
[EFX-0000 INFO] ... Hierarchical pre-synthesis "efx_fifo_gray2bin_f123b49f0f574f64a9a2982368753f7b(WIDTH=2)" begin
[EFX-0000 INFO] ... Hierarchical pre-synthesis "efx_fifo_gray2bin_f123b49f0f574f64a9a2982368753f7b(WIDTH=2)" end (Real time : 0s)
[EFX-0000 INFO] ... Hierarchical pre-synthesis "efx_fifo_gray2bin_f123b49f0f574f64a9a2982368753f7b(WIDTH=3)" begin
[EFX-0000 INFO] ... Hierarchical pre-synthesis "efx_fifo_gray2bin_f123b49f0f574f64a9a2982368753f7b(WIDTH=3)" end (Real time : 0s)
[EFX-0000 INFO] ... Hierarchical pre-synthesis "efx_fifo_gray2bin_f123b49f0f574f64a9a2982368753f7b(WIDTH=4)" begin
[EFX-0000 INFO] ... Hierarchical pre-synthesis "efx_fifo_gray2bin_f123b49f0f574f64a9a2982368753f7b(WIDTH=4)" end (Real time : 0s)
[EFX-0000 INFO] ... Hierarchical pre-synthesis "efx_fifo_gray2bin_f123b49f0f574f64a9a2982368753f7b" begin
[EFX-0000 INFO] ... Hierarchical pre-synthesis "efx_fifo_gray2bin_f123b49f0f574f64a9a2982368753f7b" end (Real time : 0s)
[EFX-0000 INFO] ... Hierarchical pre-synthesis "efx_fifo_gray2bin_f123b49f0f574f64a9a2982368753f7b(WIDTH=6)" begin
[EFX-0000 INFO] ... Hierarchical pre-synthesis "efx_fifo_gray2bin_f123b49f0f574f64a9a2982368753f7b(WIDTH=6)" end (Real time : 0s)
[EFX-0000 INFO] ... Hierarchical pre-synthesis "efx_fifo_gray2bin_f123b49f0f574f64a9a2982368753f7b(WIDTH=7)" begin
[EFX-0000 INFO] ... Hierarchical pre-synthesis "efx_fifo_gray2bin_f123b49f0f574f64a9a2982368753f7b(WIDTH=7)" end (Real time : 0s)
[EFX-0000 INFO] ... Hierarchical pre-synthesis "efx_fifo_gray2bin_f123b49f0f574f64a9a2982368753f7b(WIDTH=8)" begin
[EFX-0000 INFO] ... Hierarchical pre-synthesis "efx_fifo_gray2bin_f123b49f0f574f64a9a2982368753f7b(WIDTH=8)" end (Real time : 0s)
[EFX-0000 INFO] ... Hierarchical pre-synthesis "efx_fifo_gray2bin_f123b49f0f574f64a9a2982368753f7b(WIDTH=9)" begin
[EFX-0000 INFO] ... Hierarchical pre-synthesis "efx_fifo_gray2bin_f123b49f0f574f64a9a2982368753f7b(WIDTH=9)" end (Real time : 0s)
[EFX-0000 INFO] ... Hierarchical pre-synthesis "efx_fifo_gray2bin_f123b49f0f574f64a9a2982368753f7b(WIDTH=10)" begin
[EFX-0000 INFO] ... Hierarchical pre-synthesis "efx_fifo_gray2bin_f123b49f0f574f64a9a2982368753f7b(WIDTH=10)" end (Real time : 0s)
[EFX-0000 INFO] ... Hierarchical pre-synthesis "efx_fifo_gray2bin_f123b49f0f574f64a9a2982368753f7b(WIDTH=11)" begin
[EFX-0000 INFO] ... Hierarchical pre-synthesis "efx_fifo_gray2bin_f123b49f0f574f64a9a2982368753f7b(WIDTH=11)" end (Real time : 0s)
[EFX-0000 INFO] ... Hierarchical pre-synthesis "efx_fifo_gray2bin_f123b49f0f574f64a9a2982368753f7b(WIDTH=12)" begin
[EFX-0000 INFO] ... Hierarchical pre-synthesis "efx_fifo_gray2bin_f123b49f0f574f64a9a2982368753f7b(WIDTH=12)" end (Real time : 0s)
[EFX-0000 INFO] ... Hierarchical pre-synthesis "efx_fifo_ctl_f123b49f0f574f64a9a2982368753f7b(SYNC_CLK=0,MODE="FWFT",WR_DEPTH=2048,WADDR_WIDTH=11,RADDR_WIDTH=11,ALMOST_FLAG=0,PROG_FULL_ASSERT=2048,PROG_FULL_NEGATE=2048,PROGRAMMABLE_EMPTY="STATIC_DUAL",PROG_EMPTY_ASSERT=1,PROG_EMPTY_NEGATE=1,HANDSHAKE_FLAG=0,OVERFLOW_PROTECT=1,UNDERFLOW_PROTECT=1)" begin
[EFX-0000 INFO] ... Hierarchical pre-synthesis "efx_fifo_ctl_f123b49f0f574f64a9a2982368753f7b(SYNC_CLK=0,MODE="FWFT",WR_DEPTH=2048,WADDR_WIDTH=11,RADDR_WIDTH=11,ALMOST_FLAG=0,PROG_FULL_ASSERT=2048,PROG_FULL_NEGATE=2048,PROGRAMMABLE_EMPTY="STATIC_DUAL",PROG_EMPTY_ASSERT=1,PROG_EMPTY_NEGATE=1,HANDSHAKE_FLAG=0,OVERFLOW_PROTECT=1,UNDERFLOW_PROTECT=1)" end (Real time : 0s)
[EFX-0000 INFO] ... Hierarchical pre-synthesis "efx_fifo_top_f123b49f0f574f64a9a2982368753f7b(MODE="FWFT",DEPTH=2048,DATA_WIDTH=64,OPTIONAL_FLAGS=0,PROGRAMMABLE_FULL="NONE",PROG_FULL_ASSERT=2048,PROG_FULL_NEGATE=2048,PROG_EMPTY_ASSERT=1,PROG_EMPTY_NEGATE=1)" begin
[EFX-0000 INFO] ... Hierarchical pre-synthesis "efx_fifo_top_f123b49f0f574f64a9a2982368753f7b(MODE="FWFT",DEPTH=2048,DATA_WIDTH=64,OPTIONAL_FLAGS=0,PROGRAMMABLE_FULL="NONE",PROG_FULL_ASSERT=2048,PROG_FULL_NEGATE=2048,PROG_EMPTY_ASSERT=1,PROG_EMPTY_NEGATE=1)" end (Real time : 0s)
[EFX-0000 INFO] ... Hierarchical pre-synthesis "efx_csi2_byte2pixel_f123b49f0f574f64a9a2982368753f7b(PIXEL_FIFO_DEPTH=2048,ENABLE_VCX=1'b0,PACK_TYPE=15)" begin
[EFX-0000 INFO] ... Hierarchical pre-synthesis "efx_csi2_byte2pixel_f123b49f0f574f64a9a2982368753f7b(PIXEL_FIFO_DEPTH=2048,ENABLE_VCX=1'b0,PACK_TYPE=15)" end (Real time : 1s)
[EFX-0000 INFO] ... Hierarchical pre-synthesis "efx_csi2_rx_top_f123b49f0f574f64a9a2982368753f7b(HS_DATA_WIDTH=8,tINIT_NS=100000,NUM_DATA_LANE=2,PACK_TYPE=15,ENABLE_VCX=1'b0,PIXEL_FIFO_DEPTH=2048)" begin
[EFX-0000 INFO] ... Hierarchical pre-synthesis "efx_csi2_rx_top_f123b49f0f574f64a9a2982368753f7b(HS_DATA_WIDTH=8,tINIT_NS=100000,NUM_DATA_LANE=2,PACK_TYPE=15,ENABLE_VCX=1'b0,PIXEL_FIFO_DEPTH=2048)" end (Real time : 0s)
[EFX-0000 INFO] ... Hierarchical pre-synthesis "efx_csi2_rx_f123b49f0f574f64a9a2982368753f7b(NUM_DATA_LANE=2,HS_BYTECLK_MHZ=113,DPHY_CLOCK_MODE="Discontinuous",PIXEL_FIFO_DEPTH=2048,ENABLE_USER_DESKEWCAL=1'b0,ENABLE_VCX=1'b0,PACK_TYPE=15)" begin
[EFX-0000 INFO] ... Hierarchical pre-synthesis "efx_csi2_rx_f123b49f0f574f64a9a2982368753f7b(NUM_DATA_LANE=2,HS_BYTECLK_MHZ=113,DPHY_CLOCK_MODE="Discontinuous",PIXEL_FIFO_DEPTH=2048,ENABLE_USER_DESKEWCAL=1'b0,ENABLE_VCX=1'b0,PACK_TYPE=15)" end (Real time : 0s)
[EFX-0000 INFO] ... Hierarchical pre-synthesis "csi2_rx_cam" begin
[EFX-0000 INFO] ... Hierarchical pre-synthesis "csi2_rx_cam" end (Real time : 0s)
[EFX-0000 INFO] ... Hierarchical pre-synthesis "efx_asyncreg_077823fa68f649b1a7074c944568f3e4(WIDTH=1,ACTIVE_LOW=0,RST_VALUE=1)" begin
[EFX-0000 INFO] ... Hierarchical pre-synthesis "efx_asyncreg_077823fa68f649b1a7074c944568f3e4(WIDTH=1,ACTIVE_LOW=0,RST_VALUE=1)" end (Real time : 0s)
[EFX-0000 INFO] ... Hierarchical pre-synthesis "efx_resetsync_077823fa68f649b1a7074c944568f3e4(ACTIVE_LOW=0)" begin
[EFX-0000 INFO] ... Hierarchical pre-synthesis "efx_resetsync_077823fa68f649b1a7074c944568f3e4(ACTIVE_LOW=0)" end (Real time : 0s)
[EFX-0000 INFO] ... Hierarchical pre-synthesis "efx_fifo_ram_077823fa68f649b1a7074c944568f3e4(FAMILY="TITANIUM",WDATA_WIDTH=40,RDATA_WIDTH=40,RAM_MUX_RATIO=1)" begin
[EFX-0000 INFO] ... Hierarchical pre-synthesis "efx_fifo_ram_077823fa68f649b1a7074c944568f3e4(FAMILY="TITANIUM",WDATA_WIDTH=40,RDATA_WIDTH=40,RAM_MUX_RATIO=1)" end (Real time : 0s)
[EFX-0000 INFO] ... Hierarchical pre-synthesis "efx_fifo_ctl_077823fa68f649b1a7074c944568f3e4(PIPELINE_REG=0,PROG_FULL_ASSERT=510,PROG_FULL_NEGATE=510,PROG_EMPTY_ASSERT=2,PROG_EMPTY_NEGATE=3,OUTPUT_REG=1,OVERFLOW_PROTECT=1,UNDERFLOW_PROTECT=1)" begin
[EFX-0000 INFO] ... Hierarchical pre-synthesis "efx_fifo_ctl_077823fa68f649b1a7074c944568f3e4(PIPELINE_REG=0,PROG_FULL_ASSERT=510,PROG_FULL_NEGATE=510,PROG_EMPTY_ASSERT=2,PROG_EMPTY_NEGATE=3,OUTPUT_REG=1,OVERFLOW_PROTECT=1,UNDERFLOW_PROTECT=1)" end (Real time : 0s)
[EFX-0000 INFO] ... Hierarchical pre-synthesis "efx_fifo_top_077823fa68f649b1a7074c944568f3e4(FAMILY="TITANIUM",SYNC_CLK=1,DATA_WIDTH=40,PIPELINE_REG=0,OUTPUT_REG=1,PROGRAMMABLE_FULL="NONE",PROG_FULL_ASSERT=510,PROG_FULL_NEGATE=510,PROGRAMMABLE_EMPTY="NONE",PROG_EMPTY_ASSERT=2,PROG_EMPTY_NEGATE=3)" begin
[EFX-0000 INFO] ... Hierarchical pre-synthesis "efx_fifo_top_077823fa68f649b1a7074c944568f3e4(FAMILY="TITANIUM",SYNC_CLK=1,DATA_WIDTH=40,PIPELINE_REG=0,OUTPUT_REG=1,PROGRAMMABLE_FULL="NONE",PROG_FULL_ASSERT=510,PROG_FULL_NEGATE=510,PROGRAMMABLE_EMPTY="NONE",PROG_EMPTY_ASSERT=2,PROG_EMPTY_NEGATE=3)" end (Real time : 0s)
[EFX-0000 INFO] ... Hierarchical pre-synthesis "cam_pixel_remap_fifo" begin
[EFX-0000 INFO] ... Hierarchical pre-synthesis "cam_pixel_remap_fifo" end (Real time : 0s)
[EFX-0000 INFO] ... Hierarchical pre-synthesis "min_max_timer(TIMER_WIDTH=30)" begin
[EFX-0000 INFO] ... Hierarchical pre-synthesis "min_max_timer(TIMER_WIDTH=30)" end (Real time : 0s)
[EFX-0000 INFO] ... Hierarchical pre-synthesis "axi_lite_register(S_AXI_WSTRB_WIDTH=4)" begin
[EFX-0000 INFO] ... Hierarchical pre-synthesis "axi_lite_register(S_AXI_WSTRB_WIDTH=4)" end (Real time : 1s)
[EFX-0000 INFO] ... Hierarchical pre-synthesis "blc(PIXEL_PER_CYCLE=2,PIXEL_BIT_WIDTH=12)" begin
[EFX-0000 INFO] ... Hierarchical pre-synthesis "blc(PIXEL_PER_CYCLE=2,PIXEL_BIT_WIDTH=12)" end (Real time : 0s)
[EFX-0000 INFO] ... Hierarchical pre-synthesis "colorgain(PIXEL_PER_CYCLE=2,PIXEL_BIT_WIDTH=12)" begin
[EFX-0000 INFO] ... Hierarchical pre-synthesis "colorgain(PIXEL_PER_CYCLE=2,PIXEL_BIT_WIDTH=12)" end (Real time : 0s)
[EFX-0000 INFO] ... Hierarchical pre-synthesis "skidbuffer(DATA_WIDTH=24)" begin
[EFX-0000 INFO] ... Hierarchical pre-synthesis "skidbuffer(DATA_WIDTH=24)" end (Real time : 0s)
[EFX-0000 INFO] ... Hierarchical pre-synthesis "simple_dual_ported_ram(DATA_WIDTH=24)" begin
[EFX-0000 INFO] ... Hierarchical pre-synthesis "simple_dual_ported_ram(DATA_WIDTH=24)" end (Real time : 0s)
[EFX-0000 INFO] ... Hierarchical pre-synthesis "linebuffer(MAX_RESOLUTION=2048,PIXEL_PER_CYCLE=2,PIXEL_BIT_WIDTH=12)" begin
[EFX-0000 INFO] ... Hierarchical pre-synthesis "linebuffer(MAX_RESOLUTION=2048,PIXEL_PER_CYCLE=2,PIXEL_BIT_WIDTH=12)" end (Real time : 0s)
[EFX-0000 INFO] ... Hierarchical pre-synthesis "demosaic(MAX_RESOLUTION=2048,PIXEL_PER_CYCLE=2)" begin
[EFX-0657 WARNING] Mapping into logic memory block 'pipe_0_center' (28 bits) (C:\Users\Jing-XuanTan(i)\Downloads\evsoc-efinity-v2026.1.132\evsoc-efinity-v2026.1.132\cam_single\Ti60F225_dsi\source/isp/demosaic.sv:68) because size is too small (<=64)
[EFX-0657 WARNING] Mapping into logic memory block 'pipe_0_outer_horizontal' (28 bits) (C:\Users\Jing-XuanTan(i)\Downloads\evsoc-efinity-v2026.1.132\evsoc-efinity-v2026.1.132\cam_single\Ti60F225_dsi\source/isp/demosaic.sv:69) because size is too small (<=64)
[EFX-0657 WARNING] Mapping into logic memory block 'pipe_0_outer_vertical' (28 bits) (C:\Users\Jing-XuanTan(i)\Downloads\evsoc-efinity-v2026.1.132\evsoc-efinity-v2026.1.132\cam_single\Ti60F225_dsi\source/isp/demosaic.sv:70) because size is too small (<=64)
[EFX-0657 WARNING] Mapping into logic memory block 'pipe_0_inner_horizontal' (28 bits) (C:\Users\Jing-XuanTan(i)\Downloads\evsoc-efinity-v2026.1.132\evsoc-efinity-v2026.1.132\cam_single\Ti60F225_dsi\source/isp/demosaic.sv:71) because size is too small (<=64)
[EFX-0657 WARNING] Mapping into logic memory block 'pipe_0_inner_vertical' (28 bits) (C:\Users\Jing-XuanTan(i)\Downloads\evsoc-efinity-v2026.1.132\evsoc-efinity-v2026.1.132\cam_single\Ti60F225_dsi\source/isp/demosaic.sv:72) because size is too small (<=64)
[EFX-0657 WARNING] Mapping into logic memory block 'pipe_0_inner_top' (28 bits) (C:\Users\Jing-XuanTan(i)\Downloads\evsoc-efinity-v2026.1.132\evsoc-efinity-v2026.1.132\cam_single\Ti60F225_dsi\source/isp/demosaic.sv:73) because size is too small (<=64)
[EFX-0657 WARNING] Mapping into logic memory block 'pipe_0_inner_bottom' (28 bits) (C:\Users\Jing-XuanTan(i)\Downloads\evsoc-efinity-v2026.1.132\evsoc-efinity-v2026.1.132\cam_single\Ti60F225_dsi\source/isp/demosaic.sv:74) because size is too small (<=64)
[EFX-0657 WARNING] Mapping into logic memory block 'pipe_1_center' (36 bits) (C:\Users\Jing-XuanTan(i)\Downloads\evsoc-efinity-v2026.1.132\evsoc-efinity-v2026.1.132\cam_single\Ti60F225_dsi\source/isp/demosaic.sv:80) because size is too small (<=64)
[EFX-0657 WARNING] Mapping into logic memory block 'pipe_1_center_x5' (36 bits) (C:\Users\Jing-XuanTan(i)\Downloads\evsoc-efinity-v2026.1.132\evsoc-efinity-v2026.1.132\cam_single\Ti60F225_dsi\source/isp/demosaic.sv:81) because size is too small (<=64)
[EFX-0657 WARNING] Mapping into logic memory block 'pipe_1_center_x6' (36 bits) (C:\Users\Jing-XuanTan(i)\Downloads\evsoc-efinity-v2026.1.132\evsoc-efinity-v2026.1.132\cam_single\Ti60F225_dsi\source/isp/demosaic.sv:82) because size is too small (<=64)
[EFX-0657 WARNING] Mapping into logic memory block 'pipe_1_outer_horizontal' (36 bits) (C:\Users\Jing-XuanTan(i)\Downloads\evsoc-efinity-v2026.1.132\evsoc-efinity-v2026.1.132\cam_single\Ti60F225_dsi\source/isp/demosaic.sv:83) because size is too small (<=64)
[EFX-0657 WARNING] Mapping into logic memory block 'pipe_1_outer_vertical' (36 bits) (C:\Users\Jing-XuanTan(i)\Downloads\evsoc-efinity-v2026.1.132\evsoc-efinity-v2026.1.132\cam_single\Ti60F225_dsi\source/isp/demosaic.sv:84) because size is too small (<=64)
[EFX-0657 WARNING] Mapping into logic memory block 'pipe_1_outer_cross' (36 bits) (C:\Users\Jing-XuanTan(i)\Downloads\evsoc-efinity-v2026.1.132\evsoc-efinity-v2026.1.132\cam_single\Ti60F225_dsi\source/isp/demosaic.sv:85) because size is too small (<=64)
[EFX-0657 WARNING] Mapping into logic memory block 'pipe_1_inner_h_outer_v_x2' (36 bits) (C:\Users\Jing-XuanTan(i)\Downloads\evsoc-efinity-v2026.1.132\evsoc-efinity-v2026.1.132\cam_single\Ti60F225_dsi\source/isp/demosaic.sv:86) because size is too small (<=64)
[EFX-0657 WARNING] Mapping into logic memory block 'pipe_1_inner_v_outer_h_x2' (36 bits) (C:\Users\Jing-XuanTan(i)\Downloads\evsoc-efinity-v2026.1.132\evsoc-efinity-v2026.1.132\cam_single\Ti60F225_dsi\source/isp/demosaic.sv:87) because size is too small (<=64)
[EFX-0657 WARNING] Mapping into logic memory block 'pipe_1_inner_corner' (36 bits) (C:\Users\Jing-XuanTan(i)\Downloads\evsoc-efinity-v2026.1.132\evsoc-efinity-v2026.1.132\cam_single\Ti60F225_dsi\source/isp/demosaic.sv:88) because size is too small (<=64)
[EFX-0657 WARNING] Mapping into logic memory block 'pipe_1_inner_cross' (36 bits) (C:\Users\Jing-XuanTan(i)\Downloads\evsoc-efinity-v2026.1.132\evsoc-efinity-v2026.1.132\cam_single\Ti60F225_dsi\source/isp/demosaic.sv:89) because size is too small (<=64)
[EFX-0657 WARNING] Mapping into logic memory block 'pipe_2_center' (44 bits) (C:\Users\Jing-XuanTan(i)\Downloads\evsoc-efinity-v2026.1.132\evsoc-efinity-v2026.1.132\cam_single\Ti60F225_dsi\source/isp/demosaic.sv:95) because size is too small (<=64)
[EFX-0657 WARNING] Mapping into logic memory block 'pipe_2_center_cross_x2' (44 bits) (C:\Users\Jing-XuanTan(i)\Downloads\evsoc-efinity-v2026.1.132\evsoc-efinity-v2026.1.132\cam_single\Ti60F225_dsi\source/isp/demosaic.sv:96) because size is too small (<=64)
[EFX-0657 WARNING] Mapping into logic memory block 'pipe_2_outer_cross_x2' (44 bits) (C:\Users\Jing-XuanTan(i)\Downloads\evsoc-efinity-v2026.1.132\evsoc-efinity-v2026.1.132\cam_single\Ti60F225_dsi\source/isp/demosaic.sv:97) because size is too small (<=64)
[EFX-0657 WARNING] Mapping into logic memory block 'pipe_2_outer_cross_x3' (44 bits) (C:\Users\Jing-XuanTan(i)\Downloads\evsoc-efinity-v2026.1.132\evsoc-efinity-v2026.1.132\cam_single\Ti60F225_dsi\source/isp/demosaic.sv:98) because size is too small (<=64)
[EFX-0657 WARNING] Mapping into logic memory block 'pipe_2_inner_c_outer_h_x2' (44 bits) (C:\Users\Jing-XuanTan(i)\Downloads\evsoc-efinity-v2026.1.132\evsoc-efinity-v2026.1.132\cam_single\Ti60F225_dsi\source/isp/demosaic.sv:99) because size is too small (<=64)
[EFX-0657 WARNING] Mapping into logic memory block 'pipe_2_inner_c_outer_v_x2' (44 bits) (C:\Users\Jing-XuanTan(i)\Downloads\evsoc-efinity-v2026.1.132\evsoc-efinity-v2026.1.132\cam_single\Ti60F225_dsi\source/isp/demosaic.sv:100) because size is too small (<=64)
[EFX-0657 WARNING] Mapping into logic memory block 'pipe_2_rb_at_g1_x2' (44 bits) (C:\Users\Jing-XuanTan(i)\Downloads\evsoc-efinity-v2026.1.132\evsoc-efinity-v2026.1.132\cam_single\Ti60F225_dsi\source/isp/demosaic.sv:101) because size is too small (<=64)
[EFX-0657 WARNING] Mapping into logic memory block 'pipe_2_rb_at_g2_x2' (44 bits) (C:\Users\Jing-XuanTan(i)\Downloads\evsoc-efinity-v2026.1.132\evsoc-efinity-v2026.1.132\cam_single\Ti60F225_dsi\source/isp/demosaic.sv:102) because size is too small (<=64)
[EFX-0657 WARNING] Mapping into logic memory block 'pipe_2_rb_at_rb_x2' (44 bits) (C:\Users\Jing-XuanTan(i)\Downloads\evsoc-efinity-v2026.1.132\evsoc-efinity-v2026.1.132\cam_single\Ti60F225_dsi\source/isp/demosaic.sv:103) because size is too small (<=64)
[EFX-0000 INFO] ... Hierarchical pre-synthesis "demosaic(MAX_RESOLUTION=2048,PIXEL_PER_CYCLE=2)" end (Real time : 0s)
[EFX-0000 INFO] ... Hierarchical pre-synthesis "ccm(S_AXIS_DATA_WIDTH=72,M_AXIS_DATA_WIDTH=72)" begin
[EFX-0000 INFO] ... Hierarchical pre-synthesis "ccm(S_AXIS_DATA_WIDTH=72,M_AXIS_DATA_WIDTH=72)" end (Real time : 0s)
[EFX-0000 INFO] ... Hierarchical pre-synthesis "skidbuffer(DATA_WIDTH=72)" begin
[EFX-0000 INFO] ... Hierarchical pre-synthesis "skidbuffer(DATA_WIDTH=72)" end (Real time : 0s)
[EFX-0000 INFO] ... Hierarchical pre-synthesis "simple_dual_ported_rom(DATA_WIDTH=8,ADDR_WIDTH=12,MEM_FILE="lut.mem")" begin
[EFX-0000 INFO] ... Hierarchical pre-synthesis "simple_dual_ported_rom(DATA_WIDTH=8,ADDR_WIDTH=12,MEM_FILE="lut.mem")" end (Real time : 0s)
[EFX-0000 INFO] ... Hierarchical pre-synthesis "lut(PIXEL_PER_CYCLE=2,LUT_FILE="lut.mem")" begin
[EFX-0000 INFO] ... Hierarchical pre-synthesis "lut(PIXEL_PER_CYCLE=2,LUT_FILE="lut.mem")" end (Real time : 0s)
[EFX-0000 INFO] ... Hierarchical pre-synthesis "gamma(LUT_FILE="lut.mem")" begin
[EFX-0000 INFO] ... Hierarchical pre-synthesis "gamma(LUT_FILE="lut.mem")" end (Real time : 0s)
[EFX-0000 INFO] ... Hierarchical pre-synthesis "skidbuffer(DATA_WIDTH=48)" begin
[EFX-0000 INFO] ... Hierarchical pre-synthesis "skidbuffer(DATA_WIDTH=48)" end (Real time : 0s)
[EFX-0000 INFO] ... Hierarchical pre-synthesis "isp(PIXEL_BIT_WIDTH=12,S_AXI_WSTRB_WIDTH=4,S_AXIS_DATA_WIDTH=24,M_AXIS_DATA_WIDTH=48,TUSER_WIDTH=2,DECOMPANDING_XLUT_FILE="decompanding_xlut.mem",DECOMPANDING_YLUT_FILE="decompanding_ylut_12_bit.mem",DECOMPANDING_FLUT_FILE="decompanding_flut_12_bit.mem",GAMMA_LUT_FILE="lut.mem")" begin
[EFX-0000 INFO] ... Hierarchical pre-synthesis "isp(PIXEL_BIT_WIDTH=12,S_AXI_WSTRB_WIDTH=4,S_AXIS_DATA_WIDTH=24,M_AXIS_DATA_WIDTH=48,TUSER_WIDTH=2,DECOMPANDING_XLUT_FILE="decompanding_xlut.mem",DECOMPANDING_YLUT_FILE="decompanding_ylut_12_bit.mem",DECOMPANDING_FLUT_FILE="decompanding_flut_12_bit.mem",GAMMA_LUT_FILE="lut.mem")" end (Real time : 2s)
[EFX-0000 INFO] ... Hierarchical pre-synthesis "isp_top(PIXEL_PER_CYCLE=2,S_AXIS_DATA_WIDTH=24,M_AXIS_DATA_WIDTH=48,TUSER_WIDTH=2)" begin
[EFX-0000 INFO] ... Hierarchical pre-synthesis "isp_top(PIXEL_PER_CYCLE=2,S_AXIS_DATA_WIDTH=24,M_AXIS_DATA_WIDTH=48,TUSER_WIDTH=2)" end (Real time : 0s)
[EFX-0000 INFO] ... Hierarchical pre-synthesis "cam_crop(P_DEPTH=16,X_START=210,X_WIN=540,Y_WIN=1080)" begin
[EFX-0000 INFO] ... Hierarchical pre-synthesis "cam_crop(P_DEPTH=16,X_START=210,X_WIN=540,Y_WIN=1080)" end (Real time : 0s)
[EFX-0000 INFO] ... Hierarchical pre-synthesis "scale_down_2x_nn" begin
[EFX-0000 INFO] ... Hierarchical pre-synthesis "scale_down_2x_nn" end (Real time : 0s)
[EFX-0000 INFO] ... Hierarchical pre-synthesis "rgb2gray_1PPC(DATA_WIDTH=8)" begin
[EFX-0000 INFO] ... Hierarchical pre-synthesis "rgb2gray_1PPC(DATA_WIDTH=8)" end (Real time : 0s)
[EFX-0000 INFO] ... Hierarchical pre-synthesis "cam_rgb2gray(DATA_WIDTH=8)" begin
[EFX-0000 INFO] ... Hierarchical pre-synthesis "cam_rgb2gray(DATA_WIDTH=8)" end (Real time : 0s)
[EFX-0000 INFO] ... Hierarchical pre-synthesis "efx_asyncreg_b0792a13d328448586f08ea7d102f373(WIDTH=1,ACTIVE_LOW=0,RST_VALUE=1)" begin
[EFX-0000 INFO] ... Hierarchical pre-synthesis "efx_asyncreg_b0792a13d328448586f08ea7d102f373(WIDTH=1,ACTIVE_LOW=0,RST_VALUE=1)" end (Real time : 0s)
[EFX-0000 INFO] ... Hierarchical pre-synthesis "efx_resetsync_b0792a13d328448586f08ea7d102f373(ACTIVE_LOW=0)" begin
[EFX-0000 INFO] ... Hierarchical pre-synthesis "efx_resetsync_b0792a13d328448586f08ea7d102f373(ACTIVE_LOW=0)" end (Real time : 0s)
[EFX-0000 INFO] ... Hierarchical pre-synthesis "efx_fifo_ram_b0792a13d328448586f08ea7d102f373(FAMILY="",WR_DEPTH=1024,RD_DEPTH=1024,WDATA_WIDTH=48,RDATA_WIDTH=48,WADDR_WIDTH=10,RADDR_WIDTH=10,OUTPUT_REG=0,RAM_MUX_RATIO=1)" begin
[EFX-0000 INFO] ... Hierarchical pre-synthesis "efx_fifo_ram_b0792a13d328448586f08ea7d102f373(FAMILY="",WR_DEPTH=1024,RD_DEPTH=1024,WDATA_WIDTH=48,RDATA_WIDTH=48,WADDR_WIDTH=10,RADDR_WIDTH=10,OUTPUT_REG=0,RAM_MUX_RATIO=1)" end (Real time : 0s)
[EFX-0000 INFO] ... Hierarchical pre-synthesis "efx_fifo_ctl_b0792a13d328448586f08ea7d102f373(MODE="FWFT",WR_DEPTH=1024,WADDR_WIDTH=10,RADDR_WIDTH=10,PIPELINE_REG=0,PROG_FULL_ASSERT=512,PROG_FULL_NEGATE=512,PROG_EMPTY_ASSERT=2,PROG_EMPTY_NEGATE=3,OVERFLOW_PROTECT=1,UNDERFLOW_PROTECT=1)" begin
[EFX-0000 INFO] ... Hierarchical pre-synthesis "efx_fifo_ctl_b0792a13d328448586f08ea7d102f373(MODE="FWFT",WR_DEPTH=1024,WADDR_WIDTH=10,RADDR_WIDTH=10,PIPELINE_REG=0,PROG_FULL_ASSERT=512,PROG_FULL_NEGATE=512,PROG_EMPTY_ASSERT=2,PROG_EMPTY_NEGATE=3,OVERFLOW_PROTECT=1,UNDERFLOW_PROTECT=1)" end (Real time : 0s)
[EFX-0000 INFO] ... Hierarchical pre-synthesis "efx_fifo_top_b0792a13d328448586f08ea7d102f373(FAMILY="",SYNC_CLK=1,MODE="FWFT",DEPTH=1024,DATA_WIDTH=48,PIPELINE_REG=0,PROGRAMMABLE_FULL="NONE",PROG_FULL_ASSERT=512,PROG_FULL_NEGATE=512,PROGRAMMABLE_EMPTY="NONE",PROG_EMPTY_ASSERT=2,PROG_EMPTY_NEGATE=3)" begin
[EFX-0000 INFO] ... Hierarchical pre-synthesis "efx_fifo_top_b0792a13d328448586f08ea7d102f373(FAMILY="",SYNC_CLK=1,MODE="FWFT",DEPTH=1024,DATA_WIDTH=48,PIPELINE_REG=0,PROGRAMMABLE_FULL="NONE",PROG_FULL_ASSERT=512,PROG_FULL_NEGATE=512,PROGRAMMABLE_EMPTY="NONE",PROG_EMPTY_ASSERT=2,PROG_EMPTY_NEGATE=3)" end (Real time : 0s)
[EFX-0000 INFO] ... Hierarchical pre-synthesis "cam_dma_fifo" begin
[EFX-0000 INFO] ... Hierarchical pre-synthesis "cam_dma_fifo" end (Real time : 0s)
[EFX-0000 INFO] ... Hierarchical pre-synthesis "cam_picam_v2(MIPI_FRAME_WIDTH=1920,MIPI_FRAME_HEIGHT=1080,FRAME_WIDTH=540,FRAME_HEIGHT=540,DMA_TRANSFER_LENGTH=145800)" begin
[EFX-0000 INFO] ... Hierarchical pre-synthesis "cam_picam_v2(MIPI_FRAME_WIDTH=1920,MIPI_FRAME_HEIGHT=1080,FRAME_WIDTH=540,FRAME_HEIGHT=540,DMA_TRANSFER_LENGTH=145800)" end (Real time : 1s)
[EFX-0000 INFO] ... Hierarchical pre-synthesis "common_true_dual_port_ram(DATA_WIDTH=40,WRITE_MODE_1="WRITE_FIRST",WRITE_MODE_2="WRITE_FIRST",OUTPUT_REG_1="TRUE",OUTPUT_REG_2="TRUE",RAM_INIT_FILE="source/display/dsi/dsi_panel_1080p_reg.mem")" begin
[EFX-0000 INFO] ... Hierarchical pre-synthesis "common_true_dual_port_ram(DATA_WIDTH=40,WRITE_MODE_1="WRITE_FIRST",WRITE_MODE_2="WRITE_FIRST",OUTPUT_REG_1="TRUE",OUTPUT_REG_2="TRUE",RAM_INIT_FILE="source/display/dsi/dsi_panel_1080p_reg.mem")" end (Real time : 0s)
[EFX-0000 INFO] ... Hierarchical pre-synthesis "panel_config(INITIAL_CODE="source/display/dsi/dsi_panel_1080p_reg.mem")" begin
[EFX-0000 INFO] ... Hierarchical pre-synthesis "panel_config(INITIAL_CODE="source/display/dsi/dsi_panel_1080p_reg.mem")" end (Real time : 0s)
[EFX-0000 INFO] ... Hierarchical pre-synthesis "vga_gen(H_SyncPulse=32'b0110010,H_BackPorch=32'b0110010,H_ActivePix=32'b01000011100,H_FrontPorch=32'b01100100,V_SyncPulse=10'b011,V_BackPorch=10'b0101,V_ActivePix=12'b011110000000,V_FrontPorch=10'b0110)" begin
[EFX-0000 INFO] ... Hierarchical pre-synthesis "vga_gen(H_SyncPulse=32'b0110010,H_BackPorch=32'b0110010,H_ActivePix=32'b01000011100,H_FrontPorch=32'b01100100,V_SyncPulse=10'b011,V_BackPorch=10'b0101,V_ActivePix=12'b011110000000,V_FrontPorch=10'b0110)" end (Real time : 0s)
[EFX-0000 INFO] ... Hierarchical pre-synthesis "common_simple_dual_port_ram(DATA_WIDTH=48,OUTPUT_REG="FALSE")" begin
[EFX-0000 INFO] ... Hierarchical pre-synthesis "common_simple_dual_port_ram(DATA_WIDTH=48,OUTPUT_REG="FALSE")" end (Real time : 0s)
[EFX-0000 INFO] ... Hierarchical pre-synthesis "scale_up_2x_nn" begin
[EFX-0000 INFO] ... Hierarchical pre-synthesis "scale_up_2x_nn" end (Real time : 0s)
[EFX-0000 INFO] ... Hierarchical pre-synthesis "efx_asyncreg_0ebd061cc55a4cdb9867e4fd870758a2(WIDTH=1,ACTIVE_LOW=0,RST_VALUE=1)" begin
[EFX-0000 INFO] ... Hierarchical pre-synthesis "efx_asyncreg_0ebd061cc55a4cdb9867e4fd870758a2(WIDTH=1,ACTIVE_LOW=0,RST_VALUE=1)" end (Real time : 0s)
[EFX-0000 INFO] ... Hierarchical pre-synthesis "efx_resetsync_0ebd061cc55a4cdb9867e4fd870758a2(ACTIVE_LOW=0)" begin
[EFX-0000 INFO] ... Hierarchical pre-synthesis "efx_resetsync_0ebd061cc55a4cdb9867e4fd870758a2(ACTIVE_LOW=0)" end (Real time : 0s)
[EFX-0000 INFO] ... Hierarchical pre-synthesis "efx_fifo_ram_0ebd061cc55a4cdb9867e4fd870758a2(FAMILY="",WR_DEPTH=1024,RD_DEPTH=1024,WDATA_WIDTH=48,RDATA_WIDTH=48,WADDR_WIDTH=10,RADDR_WIDTH=10,RAM_MUX_RATIO=1)" begin
[EFX-0000 INFO] ... Hierarchical pre-synthesis "efx_fifo_ram_0ebd061cc55a4cdb9867e4fd870758a2(FAMILY="",WR_DEPTH=1024,RD_DEPTH=1024,WDATA_WIDTH=48,RDATA_WIDTH=48,WADDR_WIDTH=10,RADDR_WIDTH=10,RAM_MUX_RATIO=1)" end (Real time : 0s)
[EFX-0000 INFO] ... Hierarchical pre-synthesis "efx_fifo_ctl_0ebd061cc55a4cdb9867e4fd870758a2(WR_DEPTH=1024,WADDR_WIDTH=10,RADDR_WIDTH=10,PIPELINE_REG=0,PROG_FULL_ASSERT=512,PROG_FULL_NEGATE=512,PROG_EMPTY_ASSERT=2,PROG_EMPTY_NEGATE=3,OUTPUT_REG=1,OVERFLOW_PROTECT=1,UNDERFLOW_PROTECT=1)" begin
[EFX-0000 INFO] ... Hierarchical pre-synthesis "efx_fifo_ctl_0ebd061cc55a4cdb9867e4fd870758a2(WR_DEPTH=1024,WADDR_WIDTH=10,RADDR_WIDTH=10,PIPELINE_REG=0,PROG_FULL_ASSERT=512,PROG_FULL_NEGATE=512,PROG_EMPTY_ASSERT=2,PROG_EMPTY_NEGATE=3,OUTPUT_REG=1,OVERFLOW_PROTECT=1,UNDERFLOW_PROTECT=1)" end (Real time : 0s)
[EFX-0000 INFO] ... Hierarchical pre-synthesis "efx_fifo_top_0ebd061cc55a4cdb9867e4fd870758a2(FAMILY="",SYNC_CLK=1,DEPTH=1024,DATA_WIDTH=48,PIPELINE_REG=0,OUTPUT_REG=1,PROGRAMMABLE_FULL="NONE",PROG_FULL_ASSERT=512,PROG_FULL_NEGATE=512,PROGRAMMABLE_EMPTY="NONE",PROG_EMPTY_ASSERT=2,PROG_EMPTY_NEGATE=3)" begin
[EFX-0000 INFO] ... Hierarchical pre-synthesis "efx_fifo_top_0ebd061cc55a4cdb9867e4fd870758a2(FAMILY="",SYNC_CLK=1,DEPTH=1024,DATA_WIDTH=48,PIPELINE_REG=0,OUTPUT_REG=1,PROGRAMMABLE_FULL="NONE",PROG_FULL_ASSERT=512,PROG_FULL_NEGATE=512,PROGRAMMABLE_EMPTY="NONE",PROG_EMPTY_ASSERT=2,PROG_EMPTY_NEGATE=3)" end (Real time : 0s)
[EFX-0000 INFO] ... Hierarchical pre-synthesis "display_dma_fifo" begin
[EFX-0000 INFO] ... Hierarchical pre-synthesis "display_dma_fifo" end (Real time : 0s)
[EFX-0000 INFO] ... Hierarchical pre-synthesis "display_dsi(FRAME_WIDTH=540,FRAME_HEIGHT=540)" begin
[EFX-0000 INFO] ... Hierarchical pre-synthesis "display_dsi(FRAME_WIDTH=540,FRAME_HEIGHT=540)" end (Real time : 0s)
[EFX-0000 INFO] ... Hierarchical pre-synthesis "efx_asyncreg_98c52b03a74a4ce095debab75db1d287" begin
[EFX-0000 INFO] ... Hierarchical pre-synthesis "efx_asyncreg_98c52b03a74a4ce095debab75db1d287" end (Real time : 0s)
[EFX-0000 INFO] ... Hierarchical pre-synthesis "efx_asyncreg_98c52b03a74a4ce095debab75db1d287(WIDTH=1)" begin
[EFX-0000 INFO] ... Hierarchical pre-synthesis "efx_asyncreg_98c52b03a74a4ce095debab75db1d287(WIDTH=1)" end (Real time : 0s)
[EFX-0000 INFO] ... Hierarchical pre-synthesis "dphy_tx_hs_c_fsm_98c52b03a74a4ce095debab75db1d287(tCLK_ZERO_NS=280,tCLK_TRAIL_NS=100,tCLK_POST_NS=100,HS_BYTECLK_MHZ=125)" begin
[EFX-0000 INFO] ... Hierarchical pre-synthesis "dphy_tx_hs_c_fsm_98c52b03a74a4ce095debab75db1d287(tCLK_ZERO_NS=280,tCLK_TRAIL_NS=100,tCLK_POST_NS=100,HS_BYTECLK_MHZ=125)" end (Real time : 0s)
[EFX-0000 INFO] ... Hierarchical pre-synthesis "dphy_tx_clane_fsm_98c52b03a74a4ce095debab75db1d287(tLPX_NS=60,tCLK_ZERO_NS=280,tCLK_TRAIL_NS=100,tCLK_POST_NS=100,tCLK_PREPARE_NS=50,tHS_EXIT_NS=120,HS_BYTECLK_MHZ=125)" begin
[EFX-0000 INFO] ... Hierarchical pre-synthesis "dphy_tx_clane_fsm_98c52b03a74a4ce095debab75db1d287(tLPX_NS=60,tCLK_ZERO_NS=280,tCLK_TRAIL_NS=100,tCLK_POST_NS=100,tCLK_PREPARE_NS=50,tHS_EXIT_NS=120,HS_BYTECLK_MHZ=125)" end (Real time : 0s)
[EFX-0000 INFO] ... Hierarchical pre-synthesis "dphy_tx_hs_d_fsm_98c52b03a74a4ce095debab75db1d287(tHS_ZERO_NS=200,tHS_TRAIL_NS=65,HS_BYTECLK_MHZ=125)" begin
[EFX-0000 INFO] ... Hierarchical pre-synthesis "dphy_tx_hs_d_fsm_98c52b03a74a4ce095debab75db1d287(tHS_ZERO_NS=200,tHS_TRAIL_NS=65,HS_BYTECLK_MHZ=125)" end (Real time : 0s)
[EFX-0000 INFO] ... Hierarchical pre-synthesis "dphy_bidir_tx_dlane_fsm_98c52b03a74a4ce095debab75db1d287(tLPX_NS=60,tHS_PREPARE_NS=50,tHS_EXIT_NS=120,tHS_ZERO_NS=200,tHS_TRAIL_NS=65,HS_BYTECLK_MHZ=125)" begin
[EFX-0000 INFO] ... Hierarchical pre-synthesis "dphy_bidir_tx_dlane_fsm_98c52b03a74a4ce095debab75db1d287(tLPX_NS=60,tHS_PREPARE_NS=50,tHS_EXIT_NS=120,tHS_ZERO_NS=200,tHS_TRAIL_NS=65,HS_BYTECLK_MHZ=125)" end (Real time : 0s)
[EFX-0000 INFO] ... Hierarchical pre-synthesis "dphy_bidir_rx_dlane_fsm_98c52b03a74a4ce095debab75db1d287(tLPX_NS=60,HS_BYTECLK_MHZ=125)" begin
[EFX-0000 INFO] ... Hierarchical pre-synthesis "dphy_bidir_rx_dlane_fsm_98c52b03a74a4ce095debab75db1d287(tLPX_NS=60,HS_BYTECLK_MHZ=125)" end (Real time : 1s)
[EFX-0000 INFO] ... Hierarchical pre-synthesis "dphy_tx_hs_d_fsm_98c52b03a74a4ce095debab75db1d287(tHS_ZERO_NS=200,tHS_EXIT_NS=120,tHS_TRAIL_NS=65,HS_BYTECLK_MHZ=125)" begin
[EFX-0000 INFO] ... Hierarchical pre-synthesis "dphy_tx_hs_d_fsm_98c52b03a74a4ce095debab75db1d287(tHS_ZERO_NS=200,tHS_EXIT_NS=120,tHS_TRAIL_NS=65,HS_BYTECLK_MHZ=125)" end (Real time : 0s)
[EFX-0000 INFO] ... Hierarchical pre-synthesis "dphy_tx_dlane_fsm_98c52b03a74a4ce095debab75db1d287(tLPX_NS=60,tHS_PREPARE_NS=50,tHS_EXIT_NS=120,tHS_ZERO_NS=200,tHS_TRAIL_NS=65,HS_BYTECLK_MHZ=125)" begin
[EFX-0000 INFO] ... Hierarchical pre-synthesis "dphy_tx_dlane_fsm_98c52b03a74a4ce095debab75db1d287(tLPX_NS=60,tHS_PREPARE_NS=50,tHS_EXIT_NS=120,tHS_ZERO_NS=200,tHS_TRAIL_NS=65,HS_BYTECLK_MHZ=125)" end (Real time : 0s)
[EFX-0000 INFO] ... Hierarchical pre-synthesis "efx_dphy_bidir_tx_98c52b03a74a4ce095debab75db1d287(tLPX_NS=60,tCLK_ZERO_NS=280,tCLK_TRAIL_NS=100,tCLK_POST_NS=100,tCLK_PREPARE_NS=50,tHS_PREPARE_NS=50,tHS_EXIT_NS=120,tHS_ZERO_NS=200,tHS_TRAIL_NS=65,HS_BYTECLK_MHZ=125,ENABLE_BIDIR=1'b1)" begin
[EFX-0000 INFO] ... Hierarchical pre-synthesis "efx_dphy_bidir_tx_98c52b03a74a4ce095debab75db1d287(tLPX_NS=60,tCLK_ZERO_NS=280,tCLK_TRAIL_NS=100,tCLK_POST_NS=100,tCLK_PREPARE_NS=50,tHS_PREPARE_NS=50,tHS_EXIT_NS=120,tHS_ZERO_NS=200,tHS_TRAIL_NS=65,HS_BYTECLK_MHZ=125,ENABLE_BIDIR=1'b1)" end (Real time : 0s)
[EFX-0000 INFO] ... Hierarchical pre-synthesis "efx_asyncreg_98c52b03a74a4ce095debab75db1d287(WIDTH=32)" begin
[EFX-0000 INFO] ... Hierarchical pre-synthesis "efx_asyncreg_98c52b03a74a4ce095debab75db1d287(WIDTH=32)" end (Real time : 0s)
[EFX-0000 INFO] ... Hierarchical pre-synthesis "efx_asyncreg_98c52b03a74a4ce095debab75db1d287(WIDTH=8)" begin
[EFX-0000 INFO] ... Hierarchical pre-synthesis "efx_asyncreg_98c52b03a74a4ce095debab75db1d287(WIDTH=8)" end (Real time : 0s)
[EFX-0000 INFO] ... Hierarchical pre-synthesis "efx_asyncreg_98c52b03a74a4ce095debab75db1d287(WIDTH=16)" begin
[EFX-0000 INFO] ... Hierarchical pre-synthesis "efx_asyncreg_98c52b03a74a4ce095debab75db1d287(WIDTH=16)" end (Real time : 0s)
[EFX-0000 INFO] ... Hierarchical pre-synthesis "efx_dsi_ecc_gen_98c52b03a74a4ce095debab75db1d287" begin
[EFX-0000 INFO] ... Hierarchical pre-synthesis "efx_dsi_ecc_gen_98c52b03a74a4ce095debab75db1d287" end (Real time : 0s)
[EFX-0000 INFO] ... Hierarchical pre-synthesis "efx_dsi_crc16_d8_gen_98c52b03a74a4ce095debab75db1d287" begin
[EFX-0000 INFO] ... Hierarchical pre-synthesis "efx_dsi_crc16_d8_gen_98c52b03a74a4ce095debab75db1d287" end (Real time : 0s)
[EFX-0000 INFO] ... Hierarchical pre-synthesis "efx_dsi_cmd_driver_98c52b03a74a4ce095debab75db1d287(ENABLE_V_LPM_BTA=1'b0)" begin
[EFX-0000 INFO] ... Hierarchical pre-synthesis "efx_dsi_cmd_driver_98c52b03a74a4ce095debab75db1d287(ENABLE_V_LPM_BTA=1'b0)" end (Real time : 0s)
[EFX-0000 INFO] ... Hierarchical pre-synthesis "efx_asyncreg_98c52b03a74a4ce095debab75db1d287(WIDTH=1,ACTIVE_LOW=0,RST_VALUE=1)" begin
[EFX-0000 INFO] ... Hierarchical pre-synthesis "efx_asyncreg_98c52b03a74a4ce095debab75db1d287(WIDTH=1,ACTIVE_LOW=0,RST_VALUE=1)" end (Real time : 0s)
[EFX-0000 INFO] ... Hierarchical pre-synthesis "efx_resetsync_98c52b03a74a4ce095debab75db1d287(ACTIVE_LOW=0)" begin
[EFX-0000 INFO] ... Hierarchical pre-synthesis "efx_resetsync_98c52b03a74a4ce095debab75db1d287(ACTIVE_LOW=0)" end (Real time : 0s)
[EFX-0000 INFO] ... Hierarchical pre-synthesis "efx_fifo_ram_98c52b03a74a4ce095debab75db1d287(WR_DEPTH=2048,RD_DEPTH=2048,WADDR_WIDTH=11,RADDR_WIDTH=11,OUTPUT_REG=0,RAM_MUX_RATIO=1)" begin
[EFX-0000 INFO] ... Hierarchical pre-synthesis "efx_fifo_ram_98c52b03a74a4ce095debab75db1d287(WR_DEPTH=2048,RD_DEPTH=2048,WADDR_WIDTH=11,RADDR_WIDTH=11,OUTPUT_REG=0,RAM_MUX_RATIO=1)" end (Real time : 0s)
[EFX-0000 INFO] ... Hierarchical pre-synthesis "efx_fifo_bin2gray_98c52b03a74a4ce095debab75db1d287(WIDTH=12)" begin
[EFX-0000 INFO] ... Hierarchical pre-synthesis "efx_fifo_bin2gray_98c52b03a74a4ce095debab75db1d287(WIDTH=12)" end (Real time : 0s)
[EFX-0000 INFO] ... Hierarchical pre-synthesis "efx_asyncreg_98c52b03a74a4ce095debab75db1d287(WIDTH=12,ACTIVE_LOW=0,OFF_ASSERTION=1)" begin
[EFX-0000 INFO] ... Hierarchical pre-synthesis "efx_asyncreg_98c52b03a74a4ce095debab75db1d287(WIDTH=12,ACTIVE_LOW=0,OFF_ASSERTION=1)" end (Real time : 0s)
[EFX-0000 INFO] ... Hierarchical pre-synthesis "efx_fifo_gray2bin_98c52b03a74a4ce095debab75db1d287(WIDTH=2)" begin
[EFX-0000 INFO] ... Hierarchical pre-synthesis "efx_fifo_gray2bin_98c52b03a74a4ce095debab75db1d287(WIDTH=2)" end (Real time : 0s)
[EFX-0000 INFO] ... Hierarchical pre-synthesis "efx_fifo_gray2bin_98c52b03a74a4ce095debab75db1d287(WIDTH=3)" begin
[EFX-0000 INFO] ... Hierarchical pre-synthesis "efx_fifo_gray2bin_98c52b03a74a4ce095debab75db1d287(WIDTH=3)" end (Real time : 0s)
[EFX-0000 INFO] ... Hierarchical pre-synthesis "efx_fifo_gray2bin_98c52b03a74a4ce095debab75db1d287(WIDTH=4)" begin
[EFX-0000 INFO] ... Hierarchical pre-synthesis "efx_fifo_gray2bin_98c52b03a74a4ce095debab75db1d287(WIDTH=4)" end (Real time : 0s)
[EFX-0000 INFO] ... Hierarchical pre-synthesis "efx_fifo_gray2bin_98c52b03a74a4ce095debab75db1d287" begin
[EFX-0000 INFO] ... Hierarchical pre-synthesis "efx_fifo_gray2bin_98c52b03a74a4ce095debab75db1d287" end (Real time : 0s)
[EFX-0000 INFO] ... Hierarchical pre-synthesis "efx_fifo_gray2bin_98c52b03a74a4ce095debab75db1d287(WIDTH=6)" begin
[EFX-0000 INFO] ... Hierarchical pre-synthesis "efx_fifo_gray2bin_98c52b03a74a4ce095debab75db1d287(WIDTH=6)" end (Real time : 0s)
[EFX-0000 INFO] ... Hierarchical pre-synthesis "efx_fifo_gray2bin_98c52b03a74a4ce095debab75db1d287(WIDTH=7)" begin
[EFX-0000 INFO] ... Hierarchical pre-synthesis "efx_fifo_gray2bin_98c52b03a74a4ce095debab75db1d287(WIDTH=7)" end (Real time : 0s)
[EFX-0000 INFO] ... Hierarchical pre-synthesis "efx_fifo_gray2bin_98c52b03a74a4ce095debab75db1d287(WIDTH=8)" begin
[EFX-0000 INFO] ... Hierarchical pre-synthesis "efx_fifo_gray2bin_98c52b03a74a4ce095debab75db1d287(WIDTH=8)" end (Real time : 0s)
[EFX-0000 INFO] ... Hierarchical pre-synthesis "efx_fifo_gray2bin_98c52b03a74a4ce095debab75db1d287(WIDTH=9)" begin
[EFX-0000 INFO] ... Hierarchical pre-synthesis "efx_fifo_gray2bin_98c52b03a74a4ce095debab75db1d287(WIDTH=9)" end (Real time : 0s)
[EFX-0000 INFO] ... Hierarchical pre-synthesis "efx_fifo_gray2bin_98c52b03a74a4ce095debab75db1d287(WIDTH=10)" begin
[EFX-0000 INFO] ... Hierarchical pre-synthesis "efx_fifo_gray2bin_98c52b03a74a4ce095debab75db1d287(WIDTH=10)" end (Real time : 0s)
[EFX-0000 INFO] ... Hierarchical pre-synthesis "efx_fifo_gray2bin_98c52b03a74a4ce095debab75db1d287(WIDTH=11)" begin
[EFX-0000 INFO] ... Hierarchical pre-synthesis "efx_fifo_gray2bin_98c52b03a74a4ce095debab75db1d287(WIDTH=11)" end (Real time : 0s)
[EFX-0000 INFO] ... Hierarchical pre-synthesis "efx_fifo_gray2bin_98c52b03a74a4ce095debab75db1d287(WIDTH=12)" begin
[EFX-0000 INFO] ... Hierarchical pre-synthesis "efx_fifo_gray2bin_98c52b03a74a4ce095debab75db1d287(WIDTH=12)" end (Real time : 0s)
[EFX-0000 INFO] ... Hierarchical pre-synthesis "efx_fifo_ctl_98c52b03a74a4ce095debab75db1d287(SYNC_CLK=0,MODE="FWFT",WR_DEPTH=2048,WADDR_WIDTH=11,RADDR_WIDTH=11,ALMOST_FLAG=0,PROG_FULL_ASSERT=16,PROG_FULL_NEGATE=16,HANDSHAKE_FLAG=0,OVERFLOW_PROTECT=1,UNDERFLOW_PROTECT=1)" begin
[EFX-0000 INFO] ... Hierarchical pre-synthesis "efx_fifo_ctl_98c52b03a74a4ce095debab75db1d287(SYNC_CLK=0,MODE="FWFT",WR_DEPTH=2048,WADDR_WIDTH=11,RADDR_WIDTH=11,ALMOST_FLAG=0,PROG_FULL_ASSERT=16,PROG_FULL_NEGATE=16,HANDSHAKE_FLAG=0,OVERFLOW_PROTECT=1,UNDERFLOW_PROTECT=1)" end (Real time : 0s)
[EFX-0000 INFO] ... Hierarchical pre-synthesis "efx_fifo_top_98c52b03a74a4ce095debab75db1d287(MODE="FWFT",DEPTH=2048,DATA_WIDTH=8,OPTIONAL_FLAGS=0,PROGRAMMABLE_FULL="NONE",PROG_FULL_ASSERT=16,PROG_FULL_NEGATE=16,PROGRAMMABLE_EMPTY="NONE",PROG_EMPTY_ASSERT=0,PROG_EMPTY_NEGATE=0)" begin
[EFX-0000 INFO] ... Hierarchical pre-synthesis "efx_fifo_top_98c52b03a74a4ce095debab75db1d287(MODE="FWFT",DEPTH=2048,DATA_WIDTH=8,OPTIONAL_FLAGS=0,PROGRAMMABLE_FULL="NONE",PROG_FULL_ASSERT=16,PROG_FULL_NEGATE=16,PROGRAMMABLE_EMPTY="NONE",PROG_EMPTY_ASSERT=0,PROG_EMPTY_NEGATE=0)" end (Real time : 0s)
[EFX-0000 INFO] ... Hierarchical pre-synthesis "efx_fifo_ram_98c52b03a74a4ce095debab75db1d287(WDATA_WIDTH=32,RDATA_WIDTH=32,OUTPUT_REG=0,RAM_MUX_RATIO=1)" begin
[EFX-0000 INFO] ... Hierarchical pre-synthesis "efx_fifo_ram_98c52b03a74a4ce095debab75db1d287(WDATA_WIDTH=32,RDATA_WIDTH=32,OUTPUT_REG=0,RAM_MUX_RATIO=1)" end (Real time : 0s)
[EFX-0000 INFO] ... Hierarchical pre-synthesis "efx_fifo_bin2gray_98c52b03a74a4ce095debab75db1d287(WIDTH=10)" begin
[EFX-0000 INFO] ... Hierarchical pre-synthesis "efx_fifo_bin2gray_98c52b03a74a4ce095debab75db1d287(WIDTH=10)" end (Real time : 0s)
[EFX-0000 INFO] ... Hierarchical pre-synthesis "efx_asyncreg_98c52b03a74a4ce095debab75db1d287(WIDTH=10,ACTIVE_LOW=0,OFF_ASSERTION=1)" begin
[EFX-0000 INFO] ... Hierarchical pre-synthesis "efx_asyncreg_98c52b03a74a4ce095debab75db1d287(WIDTH=10,ACTIVE_LOW=0,OFF_ASSERTION=1)" end (Real time : 0s)
[EFX-0000 INFO] ... Hierarchical pre-synthesis "efx_fifo_ctl_98c52b03a74a4ce095debab75db1d287(SYNC_CLK=0,MODE="FWFT",ALMOST_FLAG=0,PROG_FULL_ASSERT=16,PROG_FULL_NEGATE=16,HANDSHAKE_FLAG=0,OVERFLOW_PROTECT=1,UNDERFLOW_PROTECT=1)" begin
[EFX-0000 INFO] ... Hierarchical pre-synthesis "efx_fifo_ctl_98c52b03a74a4ce095debab75db1d287(SYNC_CLK=0,MODE="FWFT",ALMOST_FLAG=0,PROG_FULL_ASSERT=16,PROG_FULL_NEGATE=16,HANDSHAKE_FLAG=0,OVERFLOW_PROTECT=1,UNDERFLOW_PROTECT=1)" end (Real time : 0s)
[EFX-0000 INFO] ... Hierarchical pre-synthesis "efx_fifo_top_98c52b03a74a4ce095debab75db1d287(MODE="FWFT",OPTIONAL_FLAGS=0,PROGRAMMABLE_FULL="NONE",PROG_FULL_ASSERT=16,PROG_FULL_NEGATE=16,PROGRAMMABLE_EMPTY="NONE",PROG_EMPTY_ASSERT=0,PROG_EMPTY_NEGATE=0)" begin
[EFX-0000 INFO] ... Hierarchical pre-synthesis "efx_fifo_top_98c52b03a74a4ce095debab75db1d287(MODE="FWFT",OPTIONAL_FLAGS=0,PROGRAMMABLE_FULL="NONE",PROG_FULL_ASSERT=16,PROG_FULL_NEGATE=16,PROGRAMMABLE_EMPTY="NONE",PROG_EMPTY_ASSERT=0,PROG_EMPTY_NEGATE=0)" end (Real time : 0s)
[EFX-0000 INFO] ... Hierarchical pre-synthesis "efx_dsi_tx_csr_98c52b03a74a4ce095debab75db1d287(HS_DATA_WIDTH=8,ENABLE_V_LPM_BTA=1'b0)" begin
[EFX-0000 INFO] ... Hierarchical pre-synthesis "efx_dsi_tx_csr_98c52b03a74a4ce095debab75db1d287(HS_DATA_WIDTH=8,ENABLE_V_LPM_BTA=1'b0)" end (Real time : 0s)
[EFX-0000 INFO] ... Hierarchical pre-synthesis "efx_dsi_pack48bto64b_98c52b03a74a4ce095debab75db1d287" begin
[EFX-0000 INFO] ... Hierarchical pre-synthesis "efx_dsi_pack48bto64b_98c52b03a74a4ce095debab75db1d287" end (Real time : 0s)
[EFX-0000 INFO] ... Hierarchical pre-synthesis "efx_fifo_ram_98c52b03a74a4ce095debab75db1d287(WR_DEPTH=2048,RD_DEPTH=2048,WDATA_WIDTH=64,RDATA_WIDTH=64,WADDR_WIDTH=11,RADDR_WIDTH=11,OUTPUT_REG=0,RAM_MUX_RATIO=1)" begin
[EFX-0000 INFO] ... Hierarchical pre-synthesis "efx_fifo_ram_98c52b03a74a4ce095debab75db1d287(WR_DEPTH=2048,RD_DEPTH=2048,WDATA_WIDTH=64,RDATA_WIDTH=64,WADDR_WIDTH=11,RADDR_WIDTH=11,OUTPUT_REG=0,RAM_MUX_RATIO=1)" end (Real time : 0s)
[EFX-0000 INFO] ... Hierarchical pre-synthesis "efx_fifo_ctl_98c52b03a74a4ce095debab75db1d287(SYNC_CLK=0,MODE="FWFT",WR_DEPTH=2048,WADDR_WIDTH=11,RADDR_WIDTH=11,ALMOST_FLAG=0,PROGRAMMABLE_FULL="STATIC_DUAL",PROG_FULL_ASSERT=404,PROG_FULL_NEGATE=404,HANDSHAKE_FLAG=0,OVERFLOW_PROTECT=1,UNDERFLOW_PROTECT=1)" begin
[EFX-0000 INFO] ... Hierarchical pre-synthesis "efx_fifo_ctl_98c52b03a74a4ce095debab75db1d287(SYNC_CLK=0,MODE="FWFT",WR_DEPTH=2048,WADDR_WIDTH=11,RADDR_WIDTH=11,ALMOST_FLAG=0,PROGRAMMABLE_FULL="STATIC_DUAL",PROG_FULL_ASSERT=404,PROG_FULL_NEGATE=404,HANDSHAKE_FLAG=0,OVERFLOW_PROTECT=1,UNDERFLOW_PROTECT=1)" end (Real time : 0s)
[EFX-0000 INFO] ... Hierarchical pre-synthesis "efx_fifo_top_98c52b03a74a4ce095debab75db1d287(MODE="FWFT",DEPTH=2048,DATA_WIDTH=64,OPTIONAL_FLAGS=0,PROG_FULL_ASSERT=404,PROG_FULL_NEGATE=404,PROGRAMMABLE_EMPTY="NONE",PROG_EMPTY_ASSERT=0,PROG_EMPTY_NEGATE=0)" begin
[EFX-0000 INFO] ... Hierarchical pre-synthesis "efx_fifo_top_98c52b03a74a4ce095debab75db1d287(MODE="FWFT",DEPTH=2048,DATA_WIDTH=64,OPTIONAL_FLAGS=0,PROG_FULL_ASSERT=404,PROG_FULL_NEGATE=404,PROGRAMMABLE_EMPTY="NONE",PROG_EMPTY_ASSERT=0,PROG_EMPTY_NEGATE=0)" end (Real time : 0s)
[EFX-0000 INFO] ... Hierarchical pre-synthesis "efx_dsi_pixel2byte_98c52b03a74a4ce095debab75db1d287(MAX_HRES=1080,PACK_TYPE=1,PIXEL_FIFO_DEPTH=2048)" begin
[EFX-0000 INFO] ... Hierarchical pre-synthesis "efx_dsi_pixel2byte_98c52b03a74a4ce095debab75db1d287(MAX_HRES=1080,PACK_TYPE=1,PIXEL_FIFO_DEPTH=2048)" end (Real time : 0s)
[EFX-0000 INFO] ... Hierarchical pre-synthesis "efx_asyncreg_98c52b03a74a4ce095debab75db1d287(WIDTH=2)" begin
[EFX-0000 INFO] ... Hierarchical pre-synthesis "efx_asyncreg_98c52b03a74a4ce095debab75db1d287(WIDTH=2)" end (Real time : 0s)
[EFX-0000 INFO] ... Hierarchical pre-synthesis "efx_asyncreg_98c52b03a74a4ce095debab75db1d287(WIDTH=6)" begin
[EFX-0000 INFO] ... Hierarchical pre-synthesis "efx_asyncreg_98c52b03a74a4ce095debab75db1d287(WIDTH=6)" end (Real time : 0s)
[EFX-0000 INFO] ... Hierarchical pre-synthesis "efx_fifo_ram_98c52b03a74a4ce095debab75db1d287(FAMILY="TITANIUM",WR_DEPTH=16384,RD_DEPTH=16384,WDATA_WIDTH=4,RDATA_WIDTH=4,WADDR_WIDTH=14,RADDR_WIDTH=14,OUTPUT_REG=0,RAM_MUX_RATIO=1,ENDIANESS=1)" begin
[EFX-0000 INFO] ... Hierarchical pre-synthesis "efx_fifo_ram_98c52b03a74a4ce095debab75db1d287(FAMILY="TITANIUM",WR_DEPTH=16384,RD_DEPTH=16384,WDATA_WIDTH=4,RDATA_WIDTH=4,WADDR_WIDTH=14,RADDR_WIDTH=14,OUTPUT_REG=0,RAM_MUX_RATIO=1,ENDIANESS=1)" end (Real time : 0s)
[EFX-0000 INFO] ... Hierarchical pre-synthesis "efx_fifo_ctl_98c52b03a74a4ce095debab75db1d287(WR_DEPTH=16384,WADDR_WIDTH=14,RADDR_WIDTH=14,ALMOST_FLAG=0,PROG_FULL_ASSERT=128,PROG_FULL_NEGATE=127,PROG_EMPTY_ASSERT=2,PROG_EMPTY_NEGATE=3,HANDSHAKE_FLAG=0,OVERFLOW_PROTECT=1,UNDERFLOW_PROTECT=1)" begin
[EFX-0000 INFO] ... Hierarchical pre-synthesis "efx_fifo_ctl_98c52b03a74a4ce095debab75db1d287(WR_DEPTH=16384,WADDR_WIDTH=14,RADDR_WIDTH=14,ALMOST_FLAG=0,PROG_FULL_ASSERT=128,PROG_FULL_NEGATE=127,PROG_EMPTY_ASSERT=2,PROG_EMPTY_NEGATE=3,HANDSHAKE_FLAG=0,OVERFLOW_PROTECT=1,UNDERFLOW_PROTECT=1)" end (Real time : 0s)
[EFX-0000 INFO] ... Hierarchical pre-synthesis "efx_fifo_top_98c52b03a74a4ce095debab75db1d287(FAMILY="TITANIUM",SYNC_CLK=1,DEPTH=16384,DATA_WIDTH=4,OPTIONAL_FLAGS=0,PROGRAMMABLE_FULL="NONE",PROG_FULL_ASSERT=128,PROG_FULL_NEGATE=127,PROGRAMMABLE_EMPTY="NONE",PROG_EMPTY_ASSERT=2,PROG_EMPTY_NEGATE=3,ENDIANESS=1)" begin
[EFX-0000 INFO] ... Hierarchical pre-synthesis "efx_fifo_top_98c52b03a74a4ce095debab75db1d287(FAMILY="TITANIUM",SYNC_CLK=1,DEPTH=16384,DATA_WIDTH=4,OPTIONAL_FLAGS=0,PROGRAMMABLE_FULL="NONE",PROG_FULL_ASSERT=128,PROG_FULL_NEGATE=127,PROGRAMMABLE_EMPTY="NONE",PROG_EMPTY_ASSERT=2,PROG_EMPTY_NEGATE=3,ENDIANESS=1)" end (Real time : 0s)
[EFX-0000 INFO] ... Hierarchical pre-synthesis "efx_dsi_delay_sync_98c52b03a74a4ce095debab75db1d287" begin
[EFX-0000 INFO] ... Hierarchical pre-synthesis "efx_dsi_delay_sync_98c52b03a74a4ce095debab75db1d287" end (Real time : 0s)
[EFX-0000 INFO] ... Hierarchical pre-synthesis "efx_dsi_video_iface_98c52b03a74a4ce095debab75db1d287(HS_DATA_WIDTH=8,PACKET_SEQUENCES=1)" begin
[EFX-0000 INFO] ... Hierarchical pre-synthesis "efx_dsi_video_iface_98c52b03a74a4ce095debab75db1d287(HS_DATA_WIDTH=8,PACKET_SEQUENCES=1)" end (Real time : 0s)
[EFX-0000 INFO] ... Hierarchical pre-synthesis "efx_dsi_crc16_d32_gen_98c52b03a74a4ce095debab75db1d287" begin
[EFX-0000 INFO] ... Hierarchical pre-synthesis "efx_dsi_crc16_d32_gen_98c52b03a74a4ce095debab75db1d287" end (Real time : 0s)
[EFX-0000 INFO] ... Hierarchical pre-synthesis "efx_fifo_ram_98c52b03a74a4ce095debab75db1d287(WDATA_WIDTH=36,RDATA_WIDTH=36,OUTPUT_REG=0,RAM_MUX_RATIO=1)" begin
[EFX-0000 INFO] ... Hierarchical pre-synthesis "efx_fifo_ram_98c52b03a74a4ce095debab75db1d287(WDATA_WIDTH=36,RDATA_WIDTH=36,OUTPUT_REG=0,RAM_MUX_RATIO=1)" end (Real time : 0s)
[EFX-0000 INFO] ... Hierarchical pre-synthesis "efx_fifo_ctl_98c52b03a74a4ce095debab75db1d287(SYNC_CLK=0,MODE="FWFT",ALMOST_FLAG=0,PROGRAMMABLE_FULL="NONE       ",PROG_FULL_ASSERT=16,PROG_FULL_NEGATE=16,HANDSHAKE_FLAG=0,OVERFLOW_PROTECT=1,UNDERFLOW_PROTECT=1)" begin
[EFX-0000 INFO] ... Hierarchical pre-synthesis "efx_fifo_ctl_98c52b03a74a4ce095debab75db1d287(SYNC_CLK=0,MODE="FWFT",ALMOST_FLAG=0,PROGRAMMABLE_FULL="NONE       ",PROG_FULL_ASSERT=16,PROG_FULL_NEGATE=16,HANDSHAKE_FLAG=0,OVERFLOW_PROTECT=1,UNDERFLOW_PROTECT=1)" end (Real time : 0s)
[EFX-0000 INFO] ... Hierarchical pre-synthesis "efx_fifo_top_98c52b03a74a4ce095debab75db1d287(MODE="FWFT",DATA_WIDTH=36,OPTIONAL_FLAGS=0,PROGRAMMABLE_FULL="NONE       ",PROG_FULL_ASSERT=16,PROG_FULL_NEGATE=16,PROGRAMMABLE_EMPTY="NONE",PROG_EMPTY_ASSERT=0,PROG_EMPTY_NEGATE=0)" begin
[EFX-0000 INFO] ... Hierarchical pre-synthesis "efx_fifo_top_98c52b03a74a4ce095debab75db1d287(MODE="FWFT",DATA_WIDTH=36,OPTIONAL_FLAGS=0,PROGRAMMABLE_FULL="NONE       ",PROG_FULL_ASSERT=16,PROG_FULL_NEGATE=16,PROGRAMMABLE_EMPTY="NONE",PROG_EMPTY_ASSERT=0,PROG_EMPTY_NEGATE=0)" end (Real time : 0s)
[EFX-0000 INFO] ... Hierarchical pre-synthesis "efx_dsi_64b_packetizer_4lane_98c52b03a74a4ce095debab75db1d287(ENABLE_EOTP=1'b0,HS_LANE_FIFO_DEPTH=512)" begin
[EFX-0000 INFO] ... Hierarchical pre-synthesis "efx_dsi_64b_packetizer_4lane_98c52b03a74a4ce095debab75db1d287(ENABLE_EOTP=1'b0,HS_LANE_FIFO_DEPTH=512)" end (Real time : 0s)
[EFX-0000 INFO] ... Hierarchical pre-synthesis "efx_dsi_tx_top_98c52b03a74a4ce095debab75db1d287(tINIT_NS=100000,ENABLE_INIT_SKEWCAL=0,ENABLE_EOTP=1'b0,HS_BYTECLK_MHZ=125,PACK_TYPE=1,ENABLE_V_LPM_BTA=1'b0,HS_CMD_WDATAFIFO_DEPTH=512,LP_CMD_WDATAFIFO_DEPTH=512,LP_CMD_RDATAFIFO_DEPTH=2048,HS_DATA_WIDTH=8)" begin
[EFX-0000 INFO] ... Hierarchical pre-synthesis "efx_dsi_tx_top_98c52b03a74a4ce095debab75db1d287(tINIT_NS=100000,ENABLE_INIT_SKEWCAL=0,ENABLE_EOTP=1'b0,HS_BYTECLK_MHZ=125,PACK_TYPE=1,ENABLE_V_LPM_BTA=1'b0,HS_CMD_WDATAFIFO_DEPTH=512,LP_CMD_WDATAFIFO_DEPTH=512,LP_CMD_RDATAFIFO_DEPTH=2048,HS_DATA_WIDTH=8)" end (Real time : 1s)
[EFX-0000 INFO] ... Hierarchical pre-synthesis "efx_dsi_tx_98c52b03a74a4ce095debab75db1d287(tLPX_NS=60,tCLK_ZERO_NS=280,tCLK_TRAIL_NS=100,tCLK_POST_NS=100,tCLK_PREPARE_NS=50,tHS_PREPARE_NS=50,tHS_EXIT_NS=120,tHS_ZERO_NS=200,tHS_TRAIL_NS=65,PACK_TYPE=1,ENABLE_V_LPM_BTA=1'b0,HS_CMD_WDATAFIFO_DEPTH=512,LP_CMD_WDATAFIFO_DEPTH=512,LP_CMD_RDATAFIFO_DEPTH=2048,ENABLE_BIDIR=1'b1,ENABLE_EOTP=1'b0)" begin
[EFX-0000 INFO] ... Hierarchical pre-synthesis "efx_dsi_tx_98c52b03a74a4ce095debab75db1d287(tLPX_NS=60,tCLK_ZERO_NS=280,tCLK_TRAIL_NS=100,tCLK_POST_NS=100,tCLK_PREPARE_NS=50,tHS_PREPARE_NS=50,tHS_EXIT_NS=120,tHS_ZERO_NS=200,tHS_TRAIL_NS=65,PACK_TYPE=1,ENABLE_V_LPM_BTA=1'b0,HS_CMD_WDATAFIFO_DEPTH=512,LP_CMD_WDATAFIFO_DEPTH=512,LP_CMD_RDATAFIFO_DEPTH=2048,ENABLE_BIDIR=1'b1,ENABLE_EOTP=1'b0)" end (Real time : 0s)
[EFX-0000 INFO] ... Hierarchical pre-synthesis "dsi_tx_display" begin
[EFX-0000 INFO] ... Hierarchical pre-synthesis "dsi_tx_display" end (Real time : 1s)
[EFX-0000 INFO] ... Hierarchical pre-synthesis "common_apb3(ADDR_WIDTH=16,NUM_REG=18)" begin
[EFX-0000 INFO] ... Hierarchical pre-synthesis "common_apb3(ADDR_WIDTH=16,NUM_REG=18)" end (Real time : 0s)
[EFX-0000 INFO] ... Hierarchical pre-synthesis "efx_asyncreg_b64bd53245f74d6a99e917bfa5663d9f(WIDTH=1)" begin
[EFX-0000 INFO] ... Hierarchical pre-synthesis "efx_asyncreg_b64bd53245f74d6a99e917bfa5663d9f(WIDTH=1)" end (Real time : 0s)
[EFX-0000 INFO] ... Hierarchical pre-synthesis "efx_resetsync_b64bd53245f74d6a99e917bfa5663d9f" begin
[EFX-0000 INFO] ... Hierarchical pre-synthesis "efx_resetsync_b64bd53245f74d6a99e917bfa5663d9f" end (Real time : 0s)
[EFX-0000 INFO] ... Hierarchical pre-synthesis "efx_asyncreg_b64bd53245f74d6a99e917bfa5663d9f(WIDTH=1,ACTIVE_LOW=0,RST_VALUE=1)" begin
[EFX-0000 INFO] ... Hierarchical pre-synthesis "efx_asyncreg_b64bd53245f74d6a99e917bfa5663d9f(WIDTH=1,ACTIVE_LOW=0,RST_VALUE=1)" end (Real time : 0s)
[EFX-0000 INFO] ... Hierarchical pre-synthesis "efx_resetsync_b64bd53245f74d6a99e917bfa5663d9f(ACTIVE_LOW=0)" begin
[EFX-0000 INFO] ... Hierarchical pre-synthesis "efx_resetsync_b64bd53245f74d6a99e917bfa5663d9f(ACTIVE_LOW=0)" end (Real time : 0s)
[EFX-0000 INFO] ... Hierarchical pre-synthesis "efx_fifo_ram_b64bd53245f74d6a99e917bfa5663d9f(FAMILY="TITANIUM",WR_DEPTH=16,RD_DEPTH=16,WDATA_WIDTH=54,RDATA_WIDTH=54,WADDR_WIDTH=4,RADDR_WIDTH=4,OUTPUT_REG=0,RAM_MUX_RATIO=1)" begin
[EFX-0000 INFO] ... Hierarchical pre-synthesis "efx_fifo_ram_b64bd53245f74d6a99e917bfa5663d9f(FAMILY="TITANIUM",WR_DEPTH=16,RD_DEPTH=16,WDATA_WIDTH=54,RDATA_WIDTH=54,WADDR_WIDTH=4,RADDR_WIDTH=4,OUTPUT_REG=0,RAM_MUX_RATIO=1)" end (Real time : 0s)
[EFX-0000 INFO] ... Hierarchical pre-synthesis "efx_fifo_bin2gray_b64bd53245f74d6a99e917bfa5663d9f" begin
[EFX-0000 INFO] ... Hierarchical pre-synthesis "efx_fifo_bin2gray_b64bd53245f74d6a99e917bfa5663d9f" end (Real time : 0s)
[EFX-0000 INFO] ... Hierarchical pre-synthesis "efx_asyncreg_b64bd53245f74d6a99e917bfa5663d9f(WIDTH=5,ACTIVE_LOW=0,OFF_ASSERTION=1)" begin
[EFX-0000 INFO] ... Hierarchical pre-synthesis "efx_asyncreg_b64bd53245f74d6a99e917bfa5663d9f(WIDTH=5,ACTIVE_LOW=0,OFF_ASSERTION=1)" end (Real time : 0s)
[EFX-0000 INFO] ... Hierarchical pre-synthesis "efx_fifo_gray2bin_b64bd53245f74d6a99e917bfa5663d9f(WIDTH=2)" begin
[EFX-0000 INFO] ... Hierarchical pre-synthesis "efx_fifo_gray2bin_b64bd53245f74d6a99e917bfa5663d9f(WIDTH=2)" end (Real time : 0s)
[EFX-0000 INFO] ... Hierarchical pre-synthesis "efx_fifo_gray2bin_b64bd53245f74d6a99e917bfa5663d9f(WIDTH=3)" begin
[EFX-0000 INFO] ... Hierarchical pre-synthesis "efx_fifo_gray2bin_b64bd53245f74d6a99e917bfa5663d9f(WIDTH=3)" end (Real time : 0s)
[EFX-0000 INFO] ... Hierarchical pre-synthesis "efx_fifo_gray2bin_b64bd53245f74d6a99e917bfa5663d9f(WIDTH=4)" begin
[EFX-0000 INFO] ... Hierarchical pre-synthesis "efx_fifo_gray2bin_b64bd53245f74d6a99e917bfa5663d9f(WIDTH=4)" end (Real time : 0s)
[EFX-0000 INFO] ... Hierarchical pre-synthesis "efx_fifo_gray2bin_b64bd53245f74d6a99e917bfa5663d9f" begin
[EFX-0000 INFO] ... Hierarchical pre-synthesis "efx_fifo_gray2bin_b64bd53245f74d6a99e917bfa5663d9f" end (Real time : 0s)
[EFX-0000 INFO] ... Hierarchical pre-synthesis "efx_fifo_ctl_b64bd53245f74d6a99e917bfa5663d9f(SYNC_CLK=0,WR_DEPTH=16,WADDR_WIDTH=4,RADDR_WIDTH=4,PROG_FULL_ASSERT=27,PROG_FULL_NEGATE=23,PROG_EMPTY_ASSERT=5,PROG_EMPTY_NEGATE=7,OVERFLOW_PROTECT=1,UNDERFLOW_PROTECT=1)" begin
[EFX-0000 INFO] ... Hierarchical pre-synthesis "efx_fifo_ctl_b64bd53245f74d6a99e917bfa5663d9f(SYNC_CLK=0,WR_DEPTH=16,WADDR_WIDTH=4,RADDR_WIDTH=4,PROG_FULL_ASSERT=27,PROG_FULL_NEGATE=23,PROG_EMPTY_ASSERT=5,PROG_EMPTY_NEGATE=7,OVERFLOW_PROTECT=1,UNDERFLOW_PROTECT=1)" end (Real time : 0s)
[EFX-0000 INFO] ... Hierarchical pre-synthesis "efx_fifo_top_b64bd53245f74d6a99e917bfa5663d9f(FAMILY="TITANIUM",DEPTH=16,DATA_WIDTH=54,PROGRAMMABLE_FULL="NONE",PROGRAMMABLE_EMPTY="NONE")" begin
[EFX-0000 INFO] ... Hierarchical pre-synthesis "efx_fifo_top_b64bd53245f74d6a99e917bfa5663d9f(FAMILY="TITANIUM",DEPTH=16,DATA_WIDTH=54,PROGRAMMABLE_FULL="NONE",PROGRAMMABLE_EMPTY="NONE")" end (Real time : 0s)
[EFX-0000 INFO] ... Hierarchical pre-synthesis "efx_fifo_ram_b64bd53245f74d6a99e917bfa5663d9f(FAMILY="TITANIUM",WR_DEPTH=256,RD_DEPTH=1024,WDATA_WIDTH=160,RDATA_WIDTH=40,WADDR_WIDTH=8,RADDR_WIDTH=10,OUTPUT_REG=0)" begin
[EFX-0000 INFO] ... Hierarchical pre-synthesis "efx_fifo_ram_b64bd53245f74d6a99e917bfa5663d9f(FAMILY="TITANIUM",WR_DEPTH=256,RD_DEPTH=1024,WDATA_WIDTH=160,RDATA_WIDTH=40,WADDR_WIDTH=8,RADDR_WIDTH=10,OUTPUT_REG=0)" end (Real time : 0s)
[EFX-0000 INFO] ... Hierarchical pre-synthesis "efx_fifo_bin2gray_b64bd53245f74d6a99e917bfa5663d9f(WIDTH=11)" begin
[EFX-0000 INFO] ... Hierarchical pre-synthesis "efx_fifo_bin2gray_b64bd53245f74d6a99e917bfa5663d9f(WIDTH=11)" end (Real time : 0s)
[EFX-0000 INFO] ... Hierarchical pre-synthesis "efx_asyncreg_b64bd53245f74d6a99e917bfa5663d9f(WIDTH=11,ACTIVE_LOW=0,OFF_ASSERTION=1)" begin
[EFX-0000 INFO] ... Hierarchical pre-synthesis "efx_asyncreg_b64bd53245f74d6a99e917bfa5663d9f(WIDTH=11,ACTIVE_LOW=0,OFF_ASSERTION=1)" end (Real time : 0s)
[EFX-0000 INFO] ... Hierarchical pre-synthesis "efx_fifo_gray2bin_b64bd53245f74d6a99e917bfa5663d9f(WIDTH=6)" begin
[EFX-0000 INFO] ... Hierarchical pre-synthesis "efx_fifo_gray2bin_b64bd53245f74d6a99e917bfa5663d9f(WIDTH=6)" end (Real time : 0s)
[EFX-0000 INFO] ... Hierarchical pre-synthesis "efx_fifo_gray2bin_b64bd53245f74d6a99e917bfa5663d9f(WIDTH=7)" begin
[EFX-0000 INFO] ... Hierarchical pre-synthesis "efx_fifo_gray2bin_b64bd53245f74d6a99e917bfa5663d9f(WIDTH=7)" end (Real time : 0s)
[EFX-0000 INFO] ... Hierarchical pre-synthesis "efx_fifo_gray2bin_b64bd53245f74d6a99e917bfa5663d9f(WIDTH=8)" begin
[EFX-0000 INFO] ... Hierarchical pre-synthesis "efx_fifo_gray2bin_b64bd53245f74d6a99e917bfa5663d9f(WIDTH=8)" end (Real time : 0s)
[EFX-0000 INFO] ... Hierarchical pre-synthesis "efx_fifo_gray2bin_b64bd53245f74d6a99e917bfa5663d9f(WIDTH=9)" begin
[EFX-0000 INFO] ... Hierarchical pre-synthesis "efx_fifo_gray2bin_b64bd53245f74d6a99e917bfa5663d9f(WIDTH=9)" end (Real time : 0s)
[EFX-0000 INFO] ... Hierarchical pre-synthesis "efx_fifo_gray2bin_b64bd53245f74d6a99e917bfa5663d9f(WIDTH=10)" begin
[EFX-0000 INFO] ... Hierarchical pre-synthesis "efx_fifo_gray2bin_b64bd53245f74d6a99e917bfa5663d9f(WIDTH=10)" end (Real time : 0s)
[EFX-0000 INFO] ... Hierarchical pre-synthesis "efx_fifo_gray2bin_b64bd53245f74d6a99e917bfa5663d9f(WIDTH=11)" begin
[EFX-0000 INFO] ... Hierarchical pre-synthesis "efx_fifo_gray2bin_b64bd53245f74d6a99e917bfa5663d9f(WIDTH=11)" end (Real time : 0s)
[EFX-0000 INFO] ... Hierarchical pre-synthesis "efx_fifo_bin2gray_b64bd53245f74d6a99e917bfa5663d9f(WIDTH=9)" begin
[EFX-0000 INFO] ... Hierarchical pre-synthesis "efx_fifo_bin2gray_b64bd53245f74d6a99e917bfa5663d9f(WIDTH=9)" end (Real time : 0s)
[EFX-0000 INFO] ... Hierarchical pre-synthesis "efx_asyncreg_b64bd53245f74d6a99e917bfa5663d9f(WIDTH=9,ACTIVE_LOW=0,OFF_ASSERTION=1)" begin
[EFX-0000 INFO] ... Hierarchical pre-synthesis "efx_asyncreg_b64bd53245f74d6a99e917bfa5663d9f(WIDTH=9,ACTIVE_LOW=0,OFF_ASSERTION=1)" end (Real time : 0s)
[EFX-0000 INFO] ... Hierarchical pre-synthesis "efx_fifo_ctl_b64bd53245f74d6a99e917bfa5663d9f(SYNC_CLK=0,WR_DEPTH=256,WADDR_WIDTH=8,RADDR_WIDTH=10,ASYM_WIDTH_RATIO=2,RAM_MUX_RATIO=4,PROG_FULL_ASSERT=27,PROG_FULL_NEGATE=23,PROG_EMPTY_ASSERT=5,PROG_EMPTY_NEGATE=7,OVERFLOW_PROTECT=1,UNDERFLOW_PROTECT=1)" begin
[EFX-0000 INFO] ... Hierarchical pre-synthesis "efx_fifo_ctl_b64bd53245f74d6a99e917bfa5663d9f(SYNC_CLK=0,WR_DEPTH=256,WADDR_WIDTH=8,RADDR_WIDTH=10,ASYM_WIDTH_RATIO=2,RAM_MUX_RATIO=4,PROG_FULL_ASSERT=27,PROG_FULL_NEGATE=23,PROG_EMPTY_ASSERT=5,PROG_EMPTY_NEGATE=7,OVERFLOW_PROTECT=1,UNDERFLOW_PROTECT=1)" end (Real time : 0s)
[EFX-0000 INFO] ... Hierarchical pre-synthesis "efx_fifo_top_b64bd53245f74d6a99e917bfa5663d9f(FAMILY="TITANIUM",DEPTH=256,DATA_WIDTH=160,PROGRAMMABLE_FULL="NONE",PROGRAMMABLE_EMPTY="NONE",ASYM_WIDTH_RATIO=2)" begin
[EFX-0000 INFO] ... Hierarchical pre-synthesis "efx_fifo_top_b64bd53245f74d6a99e917bfa5663d9f(FAMILY="TITANIUM",DEPTH=256,DATA_WIDTH=160,PROGRAMMABLE_FULL="NONE",PROGRAMMABLE_EMPTY="NONE",ASYM_WIDTH_RATIO=2)" end (Real time : 0s)
[EFX-0000 INFO] ... Hierarchical pre-synthesis "efx_fifo_ram_b64bd53245f74d6a99e917bfa5663d9f(FAMILY="TITANIUM",WR_DEPTH=16,RD_DEPTH=16,WDATA_WIDTH=5,RDATA_WIDTH=5,WADDR_WIDTH=4,RADDR_WIDTH=4,OUTPUT_REG=0,RAM_MUX_RATIO=1)" begin
[EFX-0000 INFO] ... Hierarchical pre-synthesis "efx_fifo_ram_b64bd53245f74d6a99e917bfa5663d9f(FAMILY="TITANIUM",WR_DEPTH=16,RD_DEPTH=16,WDATA_WIDTH=5,RDATA_WIDTH=5,WADDR_WIDTH=4,RADDR_WIDTH=4,OUTPUT_REG=0,RAM_MUX_RATIO=1)" end (Real time : 0s)
[EFX-0000 INFO] ... Hierarchical pre-synthesis "efx_fifo_ctl_b64bd53245f74d6a99e917bfa5663d9f(SYNC_CLK=0,WR_DEPTH=16,WADDR_WIDTH=4,RADDR_WIDTH=4,PROG_FULL_ASSERT=27,PROG_FULL_NEGATE=23,PROG_EMPTY_ASSERT=5,PROG_EMPTY_NEGATE=7,OVERFLOW_PROTECT=1)" begin
[EFX-0000 INFO] ... Hierarchical pre-synthesis "efx_fifo_ctl_b64bd53245f74d6a99e917bfa5663d9f(SYNC_CLK=0,WR_DEPTH=16,WADDR_WIDTH=4,RADDR_WIDTH=4,PROG_FULL_ASSERT=27,PROG_FULL_NEGATE=23,PROG_EMPTY_ASSERT=5,PROG_EMPTY_NEGATE=7,OVERFLOW_PROTECT=1)" end (Real time : 0s)
[EFX-0000 INFO] ... Hierarchical pre-synthesis "efx_fifo_top_b64bd53245f74d6a99e917bfa5663d9f(FAMILY="TITANIUM",DEPTH=16,DATA_WIDTH=5,PROGRAMMABLE_FULL="NONE",PROGRAMMABLE_EMPTY="NONE",UNDERFLOW_PROTECT=0)" begin
[EFX-0000 INFO] ... Hierarchical pre-synthesis "efx_fifo_top_b64bd53245f74d6a99e917bfa5663d9f(FAMILY="TITANIUM",DEPTH=16,DATA_WIDTH=5,PROGRAMMABLE_FULL="NONE",PROGRAMMABLE_EMPTY="NONE",UNDERFLOW_PROTECT=0)" end (Real time : 0s)
[EFX-0000 INFO] ... Hierarchical pre-synthesis "efx_fifo_ram_b64bd53245f74d6a99e917bfa5663d9f(FAMILY="TITANIUM",WR_DEPTH=8,RD_DEPTH=8,WDATA_WIDTH=5,RDATA_WIDTH=5,WADDR_WIDTH=3,RADDR_WIDTH=3,OUTPUT_REG=0,RAM_MUX_RATIO=1)" begin
[EFX-0000 INFO] ... Hierarchical pre-synthesis "efx_fifo_ram_b64bd53245f74d6a99e917bfa5663d9f(FAMILY="TITANIUM",WR_DEPTH=8,RD_DEPTH=8,WDATA_WIDTH=5,RDATA_WIDTH=5,WADDR_WIDTH=3,RADDR_WIDTH=3,OUTPUT_REG=0,RAM_MUX_RATIO=1)" end (Real time : 0s)
[EFX-0000 INFO] ... Hierarchical pre-synthesis "efx_fifo_bin2gray_b64bd53245f74d6a99e917bfa5663d9f(WIDTH=4)" begin
[EFX-0000 INFO] ... Hierarchical pre-synthesis "efx_fifo_bin2gray_b64bd53245f74d6a99e917bfa5663d9f(WIDTH=4)" end (Real time : 0s)
[EFX-0000 INFO] ... Hierarchical pre-synthesis "efx_asyncreg_b64bd53245f74d6a99e917bfa5663d9f(ACTIVE_LOW=0,OFF_ASSERTION=1)" begin
[EFX-0000 INFO] ... Hierarchical pre-synthesis "efx_asyncreg_b64bd53245f74d6a99e917bfa5663d9f(ACTIVE_LOW=0,OFF_ASSERTION=1)" end (Real time : 0s)
[EFX-0000 INFO] ... Hierarchical pre-synthesis "efx_fifo_ctl_b64bd53245f74d6a99e917bfa5663d9f(SYNC_CLK=0,WR_DEPTH=8,WADDR_WIDTH=3,RADDR_WIDTH=3,ALMOST_FLAG=0,PROG_FULL_ASSERT=27,PROG_FULL_NEGATE=23,PROG_EMPTY_ASSERT=5,PROG_EMPTY_NEGATE=7,HANDSHAKE_FLAG=0)" begin
[EFX-0000 INFO] ... Hierarchical pre-synthesis "efx_fifo_ctl_b64bd53245f74d6a99e917bfa5663d9f(SYNC_CLK=0,WR_DEPTH=8,WADDR_WIDTH=3,RADDR_WIDTH=3,ALMOST_FLAG=0,PROG_FULL_ASSERT=27,PROG_FULL_NEGATE=23,PROG_EMPTY_ASSERT=5,PROG_EMPTY_NEGATE=7,HANDSHAKE_FLAG=0)" end (Real time : 0s)
[EFX-0000 INFO] ... Hierarchical pre-synthesis "efx_fifo_top_b64bd53245f74d6a99e917bfa5663d9f(FAMILY="TITANIUM",DEPTH=8,DATA_WIDTH=5,OPTIONAL_FLAGS=0,PROGRAMMABLE_FULL="NONE",PROGRAMMABLE_EMPTY="NONE",OVERFLOW_PROTECT=0,UNDERFLOW_PROTECT=0)" begin
[EFX-0000 INFO] ... Hierarchical pre-synthesis "efx_fifo_top_b64bd53245f74d6a99e917bfa5663d9f(FAMILY="TITANIUM",DEPTH=8,DATA_WIDTH=5,OPTIONAL_FLAGS=0,PROGRAMMABLE_FULL="NONE",PROGRAMMABLE_EMPTY="NONE",OVERFLOW_PROTECT=0,UNDERFLOW_PROTECT=0)" end (Real time : 0s)
[EFX-0000 INFO] ... Hierarchical pre-synthesis "efx_fifo_ram_b64bd53245f74d6a99e917bfa5663d9f(FAMILY="TITANIUM",WR_DEPTH=4,RD_DEPTH=4,WDATA_WIDTH=11,RDATA_WIDTH=11,WADDR_WIDTH=2,RADDR_WIDTH=2,OUTPUT_REG=0,RAM_MUX_RATIO=1)" begin
[EFX-0000 INFO] ... Hierarchical pre-synthesis "efx_fifo_ram_b64bd53245f74d6a99e917bfa5663d9f(FAMILY="TITANIUM",WR_DEPTH=4,RD_DEPTH=4,WDATA_WIDTH=11,RDATA_WIDTH=11,WADDR_WIDTH=2,RADDR_WIDTH=2,OUTPUT_REG=0,RAM_MUX_RATIO=1)" end (Real time : 0s)
[EFX-0000 INFO] ... Hierarchical pre-synthesis "efx_fifo_bin2gray_b64bd53245f74d6a99e917bfa5663d9f(WIDTH=3)" begin
[EFX-0000 INFO] ... Hierarchical pre-synthesis "efx_fifo_bin2gray_b64bd53245f74d6a99e917bfa5663d9f(WIDTH=3)" end (Real time : 0s)
[EFX-0000 INFO] ... Hierarchical pre-synthesis "efx_asyncreg_b64bd53245f74d6a99e917bfa5663d9f(WIDTH=3,ACTIVE_LOW=0,OFF_ASSERTION=1)" begin
[EFX-0000 INFO] ... Hierarchical pre-synthesis "efx_asyncreg_b64bd53245f74d6a99e917bfa5663d9f(WIDTH=3,ACTIVE_LOW=0,OFF_ASSERTION=1)" end (Real time : 0s)
[EFX-0000 INFO] ... Hierarchical pre-synthesis "efx_fifo_ctl_b64bd53245f74d6a99e917bfa5663d9f(SYNC_CLK=0,WR_DEPTH=4,WADDR_WIDTH=2,RADDR_WIDTH=2,PROG_FULL_ASSERT=27,PROG_FULL_NEGATE=23,PROG_EMPTY_ASSERT=5,PROG_EMPTY_NEGATE=7,OVERFLOW_PROTECT=1)" begin
[EFX-0000 INFO] ... Hierarchical pre-synthesis "efx_fifo_ctl_b64bd53245f74d6a99e917bfa5663d9f(SYNC_CLK=0,WR_DEPTH=4,WADDR_WIDTH=2,RADDR_WIDTH=2,PROG_FULL_ASSERT=27,PROG_FULL_NEGATE=23,PROG_EMPTY_ASSERT=5,PROG_EMPTY_NEGATE=7,OVERFLOW_PROTECT=1)" end (Real time : 0s)
[EFX-0000 INFO] ... Hierarchical pre-synthesis "efx_fifo_top_b64bd53245f74d6a99e917bfa5663d9f(FAMILY="TITANIUM",DEPTH=4,DATA_WIDTH=11,PROGRAMMABLE_FULL="NONE",PROGRAMMABLE_EMPTY="NONE",UNDERFLOW_PROTECT=0)" begin
[EFX-0000 INFO] ... Hierarchical pre-synthesis "efx_fifo_top_b64bd53245f74d6a99e917bfa5663d9f(FAMILY="TITANIUM",DEPTH=4,DATA_WIDTH=11,PROGRAMMABLE_FULL="NONE",PROGRAMMABLE_EMPTY="NONE",UNDERFLOW_PROTECT=0)" end (Real time : 0s)
[EFX-0000 INFO] ... Hierarchical pre-synthesis "efx_fifo_ram_b64bd53245f74d6a99e917bfa5663d9f(FAMILY="TITANIUM",WR_DEPTH=1024,RD_DEPTH=256,WDATA_WIDTH=35,RDATA_WIDTH=140,WADDR_WIDTH=10,RADDR_WIDTH=8,OUTPUT_REG=0)" begin
[EFX-0000 INFO] ... Hierarchical pre-synthesis "efx_fifo_ram_b64bd53245f74d6a99e917bfa5663d9f(FAMILY="TITANIUM",WR_DEPTH=1024,RD_DEPTH=256,WDATA_WIDTH=35,RDATA_WIDTH=140,WADDR_WIDTH=10,RADDR_WIDTH=8,OUTPUT_REG=0)" end (Real time : 0s)
[EFX-0000 INFO] ... Hierarchical pre-synthesis "efx_fifo_ctl_b64bd53245f74d6a99e917bfa5663d9f(SYNC_CLK=0,MODE="FWFT",WR_DEPTH=1024,WADDR_WIDTH=10,RADDR_WIDTH=8,ASYM_WIDTH_RATIO=6,RAM_MUX_RATIO=4,PROGRAMMABLE_FULL="STATIC_SINGLE",PROG_FULL_ASSERT=512,PROG_FULL_NEGATE=23,PROG_EMPTY_ASSERT=5,PROG_EMPTY_NEGATE=7,OVERFLOW_PROTECT=1,UNDERFLOW_PROTECT=1)" begin
[EFX-0000 INFO] ... Hierarchical pre-synthesis "efx_fifo_ctl_b64bd53245f74d6a99e917bfa5663d9f(SYNC_CLK=0,MODE="FWFT",WR_DEPTH=1024,WADDR_WIDTH=10,RADDR_WIDTH=8,ASYM_WIDTH_RATIO=6,RAM_MUX_RATIO=4,PROGRAMMABLE_FULL="STATIC_SINGLE",PROG_FULL_ASSERT=512,PROG_FULL_NEGATE=23,PROG_EMPTY_ASSERT=5,PROG_EMPTY_NEGATE=7,OVERFLOW_PROTECT=1,UNDERFLOW_PROTECT=1)" end (Real time : 0s)
[EFX-0000 INFO] ... Hierarchical pre-synthesis "efx_fifo_top_b64bd53245f74d6a99e917bfa5663d9f(FAMILY="TITANIUM",MODE="FWFT",DEPTH=1024,DATA_WIDTH=35,PROGRAMMABLE_FULL="STATIC_SINGLE",PROG_FULL_ASSERT=512,PROGRAMMABLE_EMPTY="NONE",ASYM_WIDTH_RATIO=6)" begin
[EFX-0000 INFO] ... Hierarchical pre-synthesis "efx_fifo_top_b64bd53245f74d6a99e917bfa5663d9f(FAMILY="TITANIUM",MODE="FWFT",DEPTH=1024,DATA_WIDTH=35,PROGRAMMABLE_FULL="STATIC_SINGLE",PROG_FULL_ASSERT=512,PROGRAMMABLE_EMPTY="NONE",ASYM_WIDTH_RATIO=6)" end (Real time : 0s)
[EFX-0000 INFO] ... Hierarchical pre-synthesis "efx_axi_amux_top_b64bd53245f74d6a99e917bfa5663d9f(CTRL_DBW=32,AXI_DBW=128,AXI_SBW=16,DUAL_RAM=0)" begin
[EFX-0000 INFO] ... Hierarchical pre-synthesis "efx_axi_amux_top_b64bd53245f74d6a99e917bfa5663d9f(CTRL_DBW=32,AXI_DBW=128,AXI_SBW=16,DUAL_RAM=0)" end (Real time : 0s)
[EFX-0000 INFO] ... Hierarchical pre-synthesis "hbram_user_if_b64bd53245f74d6a99e917bfa5663d9f(AXI_DBW=128,DUAL_RAM=0,RAM_2DBW=32,RAM_DMW=4)" begin
[EFX-0000 INFO] ... Hierarchical pre-synthesis "hbram_user_if_b64bd53245f74d6a99e917bfa5663d9f(AXI_DBW=128,DUAL_RAM=0,RAM_2DBW=32,RAM_DMW=4)" end (Real time : 0s)
[EFX-0000 INFO] ... Hierarchical pre-synthesis "hbram_axi_wrapper_b64bd53245f74d6a99e917bfa5663d9f(RAM_DBW=16,RAM_ABW=25,AXI_DBW=128,DUAL_RAM=0)" begin
[EFX-0000 INFO] ... Hierarchical pre-synthesis "hbram_axi_wrapper_b64bd53245f74d6a99e917bfa5663d9f(RAM_DBW=16,RAM_ABW=25,AXI_DBW=128,DUAL_RAM=0)" end (Real time : 0s)
[EFX-0000 INFO] ... Hierarchical pre-synthesis "efx_asyncreg_b64bd53245f74d6a99e917bfa5663d9f(ASYNC_STAGE=8,WIDTH=1)" begin
[EFX-0000 INFO] ... Hierarchical pre-synthesis "efx_asyncreg_b64bd53245f74d6a99e917bfa5663d9f(ASYNC_STAGE=8,WIDTH=1)" end (Real time : 0s)
[EFX-0000 INFO] ... Hierarchical pre-synthesis "efx_fifo_ram_b64bd53245f74d6a99e917bfa5663d9f(WR_DEPTH=16,RD_DEPTH=16,WDATA_WIDTH=32,RDATA_WIDTH=32,WADDR_WIDTH=4,RADDR_WIDTH=4,OUTPUT_REG=0,RAM_MUX_RATIO=1)" begin
[EFX-0000 INFO] ... Hierarchical pre-synthesis "efx_fifo_ram_b64bd53245f74d6a99e917bfa5663d9f(WR_DEPTH=16,RD_DEPTH=16,WDATA_WIDTH=32,RDATA_WIDTH=32,WADDR_WIDTH=4,RADDR_WIDTH=4,OUTPUT_REG=0,RAM_MUX_RATIO=1)" end (Real time : 0s)
[EFX-0000 INFO] ... Hierarchical pre-synthesis "efx_fifo_top_b64bd53245f74d6a99e917bfa5663d9f(DEPTH=16,PROGRAMMABLE_FULL="NONE",PROGRAMMABLE_EMPTY="NONE",UNDERFLOW_PROTECT=0)" begin
[EFX-0000 INFO] ... Hierarchical pre-synthesis "efx_fifo_top_b64bd53245f74d6a99e917bfa5663d9f(DEPTH=16,PROGRAMMABLE_FULL="NONE",PROGRAMMABLE_EMPTY="NONE",UNDERFLOW_PROTECT=0)" end (Real time : 0s)
[EFX-0000 INFO] ... Hierarchical pre-synthesis "hbram_cal_ctrl_b64bd53245f74d6a99e917bfa5663d9f(CAL_MODE=2,RAM_DBW=16,RAM_ABW=25,CFG_CR0=16'b1000111100101111,CFG_CR1=16'b1111111111000001,CR0W_CA=48'b010000000001100000,CR1W_CA=48'b010000000000000000000000010000000001100000,TCYC=5000,DUAL_RAM=0,INDIVI_DUAL_CAL=0)" begin
[EFX-0000 INFO] ... Hierarchical pre-synthesis "hbram_cal_ctrl_b64bd53245f74d6a99e917bfa5663d9f(CAL_MODE=2,RAM_DBW=16,RAM_ABW=25,CFG_CR0=16'b1000111100101111,CFG_CR1=16'b1111111111000001,CR0W_CA=48'b010000000001100000,CR1W_CA=48'b010000000000000000000000010000000001100000,TCYC=5000,DUAL_RAM=0,INDIVI_DUAL_CAL=0)" end (Real time : 0s)
[EFX-0000 INFO] ... Hierarchical pre-synthesis "hbram_cal_mst_b64bd53245f74d6a99e917bfa5663d9f(RAM_DBW=16,ONE_SEC=200000000,ONE_DAY=24,RECAL_DAYS=7,CAL_BYTES=100,DUAL_RAM=0)" begin
[EFX-0000 INFO] ... Hierarchical pre-synthesis "hbram_cal_mst_b64bd53245f74d6a99e917bfa5663d9f(RAM_DBW=16,ONE_SEC=200000000,ONE_DAY=24,RECAL_DAYS=7,CAL_BYTES=100,DUAL_RAM=0)" end (Real time : 0s)
[EFX-0000 INFO] ... Hierarchical pre-synthesis "hbram_cal_slv_b64bd53245f74d6a99e917bfa5663d9f(CAL_BYTES=100,RAM_DBW=16,RAM_ABW=25,DUAL_RAM=0,INDIVI_DUAL_CAL=0)" begin
[EFX-0000 INFO] ... Hierarchical pre-synthesis "hbram_cal_slv_b64bd53245f74d6a99e917bfa5663d9f(CAL_BYTES=100,RAM_DBW=16,RAM_ABW=25,DUAL_RAM=0,INDIVI_DUAL_CAL=0)" end (Real time : 0s)
[EFX-0000 INFO] ... Hierarchical pre-synthesis "hbram_cal_controller_top_b64bd53245f74d6a99e917bfa5663d9f(CAL_MODE=2,CAL_BYTES=100,RAM_DBW=16,RAM_ABW=25,CFG_CR0=16'b1000111100101111,CFG_CR1=16'b1111111111000001,CR0W_CA=48'b010000000001100000,CR1W_CA=48'b010000000000000000000000010000000001100000,DQIN_MODE="RESYNC",TCYC=5000,DUAL_RAM=0,INDIVI_DUAL_CAL=0,ONE_SEC=200000000,RECAL_DAYS=7)" begin
[EFX-0000 INFO] ... Hierarchical pre-synthesis "hbram_cal_controller_top_b64bd53245f74d6a99e917bfa5663d9f(CAL_MODE=2,CAL_BYTES=100,RAM_DBW=16,RAM_ABW=25,CFG_CR0=16'b1000111100101111,CFG_CR1=16'b1111111111000001,CR0W_CA=48'b010000000001100000,CR1W_CA=48'b010000000000000000000000010000000001100000,DQIN_MODE="RESYNC",TCYC=5000,DUAL_RAM=0,INDIVI_DUAL_CAL=0,ONE_SEC=200000000,RECAL_DAYS=7)" end (Real time : 0s)
[EFX-0000 INFO] ... Hierarchical pre-synthesis "hbram_cal_axi_top_b64bd53245f74d6a99e917bfa5663d9f(RAM_DBW=16,RAM_ABW=25,CFG_CR0=16'b1000111100101111,CR0_ILC=4'b010,CFG_CR1=16'b1111111111000001,AXI_IF=1'b1,AXI_DBW=128,DQIN_MODE="RESYNC",CAL_CLK_CH=5'b0100,CAL_BYTES=100,TCYC=5000,DUAL_RAM=0,INDIVI_DUAL_CAL=0,CAL_CLK_CH_LO=5'b0100,CAL_CLK_CH_HI=5'b01000,ONE_SEC=200000000,RECAL_DAYS=7)" begin
[EFX-0000 INFO] ... Hierarchical pre-synthesis "hbram_cal_axi_top_b64bd53245f74d6a99e917bfa5663d9f(RAM_DBW=16,RAM_ABW=25,CFG_CR0=16'b1000111100101111,CR0_ILC=4'b010,CFG_CR1=16'b1111111111000001,AXI_IF=1'b1,AXI_DBW=128,DQIN_MODE="RESYNC",CAL_CLK_CH=5'b0100,CAL_BYTES=100,TCYC=5000,DUAL_RAM=0,INDIVI_DUAL_CAL=0,CAL_CLK_CH_LO=5'b0100,CAL_CLK_CH_HI=5'b01000,ONE_SEC=200000000,RECAL_DAYS=7)" end (Real time : 0s)
[EFX-0000 INFO] ... Hierarchical pre-synthesis "hbram_top_b64bd53245f74d6a99e917bfa5663d9f(RAM_ABW=25,CR0_ODS=0,CR0_ILC=2,CR0_WBL=3,CR1_HSE=1'b0,CR1_PAR=0,AXI_IF=1'b1,AXI_SBW=16,DDIN_MODE=1'b0,CAL_CLK_CH=4,CAL_CLK_CH_LO=4,CAL_CLK_CH_HI=8,CAL_BYTES=100,RECAL_DAYS=7)" begin
[EFX-0000 INFO] ... Hierarchical pre-synthesis "hbram_top_b64bd53245f74d6a99e917bfa5663d9f(RAM_ABW=25,CR0_ODS=0,CR0_ILC=2,CR0_WBL=3,CR1_HSE=1'b0,CR1_PAR=0,AXI_IF=1'b1,AXI_SBW=16,DDIN_MODE=1'b0,CAL_CLK_CH=4,CAL_CLK_CH_LO=4,CAL_CLK_CH_HI=8,CAL_BYTES=100,RECAL_DAYS=7)" end (Real time : 0s)
[EFX-0000 INFO] ... Hierarchical pre-synthesis "hbram" begin
[EFX-0000 INFO] ... Hierarchical pre-synthesis "hbram" end (Real time : 1s)
[EFX-0000 INFO] ... Hierarchical pre-synthesis "InstructionCache_2c15f6f801f0432490dd1015460eb67f" begin
[EFX-0000 INFO] ... Hierarchical pre-synthesis "InstructionCache_2c15f6f801f0432490dd1015460eb67f" end (Real time : 0s)
[EFX-0000 INFO] ... Hierarchical pre-synthesis "DataCache_2c15f6f801f0432490dd1015460eb67f" begin
[EFX-0000 INFO] ... Hierarchical pre-synthesis "DataCache_2c15f6f801f0432490dd1015460eb67f" end (Real time : 0s)
[EFX-0000 INFO] ... Hierarchical pre-synthesis "BufferCC_2c15f6f801f0432490dd1015460eb67f" begin
[EFX-0000 INFO] ... Hierarchical pre-synthesis "BufferCC_2c15f6f801f0432490dd1015460eb67f" end (Real time : 0s)
[EFX-0000 INFO] ... Hierarchical pre-synthesis "EfxCPUSp1_2c15f6f801f0432490dd1015460eb67f" begin
[EFX-0000 INFO] ... Hierarchical pre-synthesis "EfxCPUSp1_2c15f6f801f0432490dd1015460eb67f" end (Real time : 0s)
[EFX-0000 INFO] ... Hierarchical pre-synthesis "EfxCPUSp2_2c15f6f801f0432490dd1015460eb67f" begin
[EFX-0000 INFO] ... Hierarchical pre-synthesis "EfxCPUSp2_2c15f6f801f0432490dd1015460eb67f" end (Real time : 0s)
[EFX-0000 INFO] ... Hierarchical pre-synthesis "VexRiscv_2c15f6f801f0432490dd1015460eb67f" begin
[EFX-0000 INFO] ... Hierarchical pre-synthesis "VexRiscv_2c15f6f801f0432490dd1015460eb67f" end (Real time : 0s)
[EFX-0000 INFO] ... Hierarchical pre-synthesis "DebugModule_2c15f6f801f0432490dd1015460eb67f" begin
[EFX-0657 WARNING] Mapping into logic memory block 'logic_progbufX_mem' (64 bits) (C:\Users\Jing-XuanTan(i)\Downloads\evsoc-efinity-v2026.1.132\evsoc-efinity-v2026.1.132\cam_single\Ti60F225_dsi\ip\SapphireSoc\SapphireSoc.v:12000) because size is too small (<=64)
[EFX-0000 INFO] ... Hierarchical pre-synthesis "DebugModule_2c15f6f801f0432490dd1015460eb67f" end (Real time : 0s)
[EFX-0000 INFO] ... Hierarchical pre-synthesis "BufferCC_21_2c15f6f801f0432490dd1015460eb67f" begin
[EFX-0000 INFO] ... Hierarchical pre-synthesis "BufferCC_21_2c15f6f801f0432490dd1015460eb67f" end (Real time : 0s)
[EFX-0000 INFO] ... Hierarchical pre-synthesis "BufferCC_22_2c15f6f801f0432490dd1015460eb67f" begin
[EFX-0000 INFO] ... Hierarchical pre-synthesis "BufferCC_22_2c15f6f801f0432490dd1015460eb67f" end (Real time : 0s)
[EFX-0000 INFO] ... Hierarchical pre-synthesis "BufferCC_14_2c15f6f801f0432490dd1015460eb67f" begin
[EFX-0000 INFO] ... Hierarchical pre-synthesis "BufferCC_14_2c15f6f801f0432490dd1015460eb67f" end (Real time : 0s)
[EFX-0000 INFO] ... Hierarchical pre-synthesis "BufferCC_24_2c15f6f801f0432490dd1015460eb67f" begin
[EFX-0000 INFO] ... Hierarchical pre-synthesis "BufferCC_24_2c15f6f801f0432490dd1015460eb67f" end (Real time : 0s)
[EFX-0000 INFO] ... Hierarchical pre-synthesis "BufferCC_25_2c15f6f801f0432490dd1015460eb67f" begin
[EFX-0000 INFO] ... Hierarchical pre-synthesis "BufferCC_25_2c15f6f801f0432490dd1015460eb67f" end (Real time : 0s)
[EFX-0000 INFO] ... Hierarchical pre-synthesis "BufferCC_27_2c15f6f801f0432490dd1015460eb67f" begin
[EFX-0000 INFO] ... Hierarchical pre-synthesis "BufferCC_27_2c15f6f801f0432490dd1015460eb67f" end (Real time : 0s)
[EFX-0000 INFO] ... Hierarchical pre-synthesis "BufferCC_1_2c15f6f801f0432490dd1015460eb67f" begin
[EFX-0000 INFO] ... Hierarchical pre-synthesis "BufferCC_1_2c15f6f801f0432490dd1015460eb67f" end (Real time : 0s)
[EFX-0000 INFO] ... Hierarchical pre-synthesis "FlowCCByToggle_2c15f6f801f0432490dd1015460eb67f" begin
[EFX-0000 INFO] ... Hierarchical pre-synthesis "FlowCCByToggle_2c15f6f801f0432490dd1015460eb67f" end (Real time : 0s)
[EFX-0000 INFO] ... Hierarchical pre-synthesis "BufferCC_2_2c15f6f801f0432490dd1015460eb67f" begin
[EFX-0000 INFO] ... Hierarchical pre-synthesis "BufferCC_2_2c15f6f801f0432490dd1015460eb67f" end (Real time : 0s)
[EFX-0000 INFO] ... Hierarchical pre-synthesis "BufferCC_3_2c15f6f801f0432490dd1015460eb67f" begin
[EFX-0000 INFO] ... Hierarchical pre-synthesis "BufferCC_3_2c15f6f801f0432490dd1015460eb67f" end (Real time : 0s)
[EFX-0000 INFO] ... Hierarchical pre-synthesis "FlowCCByToggle_1_2c15f6f801f0432490dd1015460eb67f" begin
[EFX-0000 INFO] ... Hierarchical pre-synthesis "FlowCCByToggle_1_2c15f6f801f0432490dd1015460eb67f" end (Real time : 0s)
[EFX-0000 INFO] ... Hierarchical pre-synthesis "DebugTransportModuleTunneled_2c15f6f801f0432490dd1015460eb67f" begin
[EFX-0000 INFO] ... Hierarchical pre-synthesis "DebugTransportModuleTunneled_2c15f6f801f0432490dd1015460eb67f" end (Real time : 0s)
[EFX-0000 INFO] ... Hierarchical pre-synthesis "BmbDecoder_2c15f6f801f0432490dd1015460eb67f" begin
[EFX-0000 INFO] ... Hierarchical pre-synthesis "BmbDecoder_2c15f6f801f0432490dd1015460eb67f" end (Real time : 0s)
[EFX-0000 INFO] ... Hierarchical pre-synthesis "StreamArbiter_2c15f6f801f0432490dd1015460eb67f" begin
[EFX-0000 INFO] ... Hierarchical pre-synthesis "StreamArbiter_2c15f6f801f0432490dd1015460eb67f" end (Real time : 0s)
[EFX-0000 INFO] ... Hierarchical pre-synthesis "BmbArbiter_2c15f6f801f0432490dd1015460eb67f" begin
[EFX-0000 INFO] ... Hierarchical pre-synthesis "BmbArbiter_2c15f6f801f0432490dd1015460eb67f" end (Real time : 0s)
[EFX-0000 INFO] ... Hierarchical pre-synthesis "StreamFifo_2c15f6f801f0432490dd1015460eb67f" begin
[EFX-0000 INFO] ... Hierarchical pre-synthesis "StreamFifo_2c15f6f801f0432490dd1015460eb67f" end (Real time : 0s)
[EFX-0000 INFO] ... Hierarchical pre-synthesis "BmbToAxi4SharedBridge_2c15f6f801f0432490dd1015460eb67f" begin
[EFX-0000 INFO] ... Hierarchical pre-synthesis "BmbToAxi4SharedBridge_2c15f6f801f0432490dd1015460eb67f" end (Real time : 0s)
[EFX-0000 INFO] ... Hierarchical pre-synthesis "BufferCC_4_2c15f6f801f0432490dd1015460eb67f" begin
[EFX-0000 INFO] ... Hierarchical pre-synthesis "BufferCC_4_2c15f6f801f0432490dd1015460eb67f" end (Real time : 0s)
[EFX-0000 INFO] ... Hierarchical pre-synthesis "BufferCC_5_2c15f6f801f0432490dd1015460eb67f" begin
[EFX-0000 INFO] ... Hierarchical pre-synthesis "BufferCC_5_2c15f6f801f0432490dd1015460eb67f" end (Real time : 0s)
[EFX-0000 INFO] ... Hierarchical pre-synthesis "BufferCC_6_2c15f6f801f0432490dd1015460eb67f" begin
[EFX-0000 INFO] ... Hierarchical pre-synthesis "BufferCC_6_2c15f6f801f0432490dd1015460eb67f" end (Real time : 0s)
[EFX-0000 INFO] ... Hierarchical pre-synthesis "StreamFifoCC_2c15f6f801f0432490dd1015460eb67f" begin
[EFX-0000 INFO] ... Hierarchical pre-synthesis "StreamFifoCC_2c15f6f801f0432490dd1015460eb67f" end (Real time : 0s)
[EFX-0000 INFO] ... Hierarchical pre-synthesis "BufferCC_7_2c15f6f801f0432490dd1015460eb67f" begin
[EFX-0000 INFO] ... Hierarchical pre-synthesis "BufferCC_7_2c15f6f801f0432490dd1015460eb67f" end (Real time : 0s)
[EFX-0000 INFO] ... Hierarchical pre-synthesis "BufferCC_8_2c15f6f801f0432490dd1015460eb67f" begin
[EFX-0000 INFO] ... Hierarchical pre-synthesis "BufferCC_8_2c15f6f801f0432490dd1015460eb67f" end (Real time : 0s)
[EFX-0000 INFO] ... Hierarchical pre-synthesis "BufferCC_9_2c15f6f801f0432490dd1015460eb67f" begin
[EFX-0000 INFO] ... Hierarchical pre-synthesis "BufferCC_9_2c15f6f801f0432490dd1015460eb67f" end (Real time : 0s)
[EFX-0000 INFO] ... Hierarchical pre-synthesis "StreamFifoCC_1_2c15f6f801f0432490dd1015460eb67f" begin
[EFX-0000 INFO] ... Hierarchical pre-synthesis "StreamFifoCC_1_2c15f6f801f0432490dd1015460eb67f" end (Real time : 0s)
[EFX-0000 INFO] ... Hierarchical pre-synthesis "BmbCcFifo_2c15f6f801f0432490dd1015460eb67f" begin
[EFX-0000 INFO] ... Hierarchical pre-synthesis "BmbCcFifo_2c15f6f801f0432490dd1015460eb67f" end (Real time : 0s)
[EFX-0000 INFO] ... Hierarchical pre-synthesis "StreamArbiter_1_2c15f6f801f0432490dd1015460eb67f" begin
[EFX-0000 INFO] ... Hierarchical pre-synthesis "StreamArbiter_1_2c15f6f801f0432490dd1015460eb67f" end (Real time : 0s)
[EFX-0000 INFO] ... Hierarchical pre-synthesis "StreamFifo_2_2c15f6f801f0432490dd1015460eb67f" begin
[EFX-0000 INFO] ... Hierarchical pre-synthesis "StreamFifo_2_2c15f6f801f0432490dd1015460eb67f" end (Real time : 0s)
[EFX-0000 INFO] ... Hierarchical pre-synthesis "StreamFifoLowLatency_2c15f6f801f0432490dd1015460eb67f" begin
[EFX-0000 INFO] ... Hierarchical pre-synthesis "StreamFifoLowLatency_2c15f6f801f0432490dd1015460eb67f" end (Real time : 0s)
[EFX-0000 INFO] ... Hierarchical pre-synthesis "Axi4SharedArbiter_2c15f6f801f0432490dd1015460eb67f" begin
[EFX-0000 INFO] ... Hierarchical pre-synthesis "Axi4SharedArbiter_2c15f6f801f0432490dd1015460eb67f" end (Real time : 0s)
[EFX-0000 INFO] ... Hierarchical pre-synthesis "StreamFifo_3_2c15f6f801f0432490dd1015460eb67f" begin
[EFX-0657 WARNING] Mapping into logic memory block 'logic_ram' (64 bits) (C:\Users\Jing-XuanTan(i)\Downloads\evsoc-efinity-v2026.1.132\evsoc-efinity-v2026.1.132\cam_single\Ti60F225_dsi\ip\SapphireSoc\SapphireSoc.v:20389) because size is too small (<=64)
[EFX-0000 INFO] ... Hierarchical pre-synthesis "StreamFifo_3_2c15f6f801f0432490dd1015460eb67f" end (Real time : 0s)
[EFX-0000 INFO] ... Hierarchical pre-synthesis "StreamFifoLowLatency_1_2c15f6f801f0432490dd1015460eb67f" begin
[EFX-0000 INFO] ... Hierarchical pre-synthesis "StreamFifoLowLatency_1_2c15f6f801f0432490dd1015460eb67f" end (Real time : 0s)
[EFX-0000 INFO] ... Hierarchical pre-synthesis "BmbDecoder_1_2c15f6f801f0432490dd1015460eb67f" begin
[EFX-0000 INFO] ... Hierarchical pre-synthesis "BmbDecoder_1_2c15f6f801f0432490dd1015460eb67f" end (Real time : 0s)
[EFX-0000 INFO] ... Hierarchical pre-synthesis "BmbUpSizerBridge_2c15f6f801f0432490dd1015460eb67f" begin
[EFX-0000 INFO] ... Hierarchical pre-synthesis "BmbUpSizerBridge_2c15f6f801f0432490dd1015460eb67f" end (Real time : 0s)
[EFX-0000 INFO] ... Hierarchical pre-synthesis "BmbOnChipRam_2c15f6f801f0432490dd1015460eb67f" begin
[EFX-0000 INFO] ... Hierarchical pre-synthesis "BmbOnChipRam_2c15f6f801f0432490dd1015460eb67f" end (Real time : 0s)
[EFX-0000 INFO] ... Hierarchical pre-synthesis "BmbUnburstify_2c15f6f801f0432490dd1015460eb67f" begin
[EFX-0000 INFO] ... Hierarchical pre-synthesis "BmbUnburstify_2c15f6f801f0432490dd1015460eb67f" end (Real time : 0s)
[EFX-0000 INFO] ... Hierarchical pre-synthesis "BufferCC_10_2c15f6f801f0432490dd1015460eb67f" begin
[EFX-0000 INFO] ... Hierarchical pre-synthesis "BufferCC_10_2c15f6f801f0432490dd1015460eb67f" end (Real time : 0s)
[EFX-0000 INFO] ... Hierarchical pre-synthesis "BufferCC_11_2c15f6f801f0432490dd1015460eb67f" begin
[EFX-0000 INFO] ... Hierarchical pre-synthesis "BufferCC_11_2c15f6f801f0432490dd1015460eb67f" end (Real time : 0s)
[EFX-0000 INFO] ... Hierarchical pre-synthesis "BufferCC_12_2c15f6f801f0432490dd1015460eb67f" begin
[EFX-0000 INFO] ... Hierarchical pre-synthesis "BufferCC_12_2c15f6f801f0432490dd1015460eb67f" end (Real time : 0s)
[EFX-0000 INFO] ... Hierarchical pre-synthesis "StreamCCByToggle_2c15f6f801f0432490dd1015460eb67f" begin
[EFX-0000 INFO] ... Hierarchical pre-synthesis "StreamCCByToggle_2c15f6f801f0432490dd1015460eb67f" end (Real time : 0s)
[EFX-0000 INFO] ... Hierarchical pre-synthesis "BufferCC_16_2c15f6f801f0432490dd1015460eb67f" begin
[EFX-0000 INFO] ... Hierarchical pre-synthesis "BufferCC_16_2c15f6f801f0432490dd1015460eb67f" end (Real time : 0s)
[EFX-0000 INFO] ... Hierarchical pre-synthesis "BufferCC_15_2c15f6f801f0432490dd1015460eb67f" begin
[EFX-0000 INFO] ... Hierarchical pre-synthesis "BufferCC_15_2c15f6f801f0432490dd1015460eb67f" end (Real time : 0s)
[EFX-0000 INFO] ... Hierarchical pre-synthesis "StreamCCByToggle_1_2c15f6f801f0432490dd1015460eb67f" begin
[EFX-0000 INFO] ... Hierarchical pre-synthesis "StreamCCByToggle_1_2c15f6f801f0432490dd1015460eb67f" end (Real time : 0s)
[EFX-0000 INFO] ... Hierarchical pre-synthesis "BmbCcToggle_2c15f6f801f0432490dd1015460eb67f" begin
[EFX-0000 INFO] ... Hierarchical pre-synthesis "BmbCcToggle_2c15f6f801f0432490dd1015460eb67f" end (Real time : 0s)
[EFX-0000 INFO] ... Hierarchical pre-synthesis "BmbDecoder_2_2c15f6f801f0432490dd1015460eb67f" begin
[EFX-0000 INFO] ... Hierarchical pre-synthesis "BmbDecoder_2_2c15f6f801f0432490dd1015460eb67f" end (Real time : 0s)
[EFX-0000 INFO] ... Hierarchical pre-synthesis "BmbClint_2c15f6f801f0432490dd1015460eb67f" begin
[EFX-0000 INFO] ... Hierarchical pre-synthesis "BmbClint_2c15f6f801f0432490dd1015460eb67f" end (Real time : 0s)
[EFX-0000 INFO] ... Hierarchical pre-synthesis "UartCtrlTx_2c15f6f801f0432490dd1015460eb67f" begin
[EFX-0000 INFO] ... Hierarchical pre-synthesis "UartCtrlTx_2c15f6f801f0432490dd1015460eb67f" end (Real time : 0s)
[EFX-0000 INFO] ... Hierarchical pre-synthesis "UartCtrlRx_2c15f6f801f0432490dd1015460eb67f" begin
[EFX-0000 INFO] ... Hierarchical pre-synthesis "UartCtrlRx_2c15f6f801f0432490dd1015460eb67f" end (Real time : 1s)
[EFX-0000 INFO] ... Hierarchical pre-synthesis "UartCtrl_2c15f6f801f0432490dd1015460eb67f" begin
[EFX-0000 INFO] ... Hierarchical pre-synthesis "UartCtrl_2c15f6f801f0432490dd1015460eb67f" end (Real time : 0s)
[EFX-0000 INFO] ... Hierarchical pre-synthesis "StreamFifo_4_2c15f6f801f0432490dd1015460eb67f" begin
[EFX-0000 INFO] ... Hierarchical pre-synthesis "StreamFifo_4_2c15f6f801f0432490dd1015460eb67f" end (Real time : 0s)
[EFX-0000 INFO] ... Hierarchical pre-synthesis "BmbUartCtrl_2c15f6f801f0432490dd1015460eb67f" begin
[EFX-0000 INFO] ... Hierarchical pre-synthesis "BmbUartCtrl_2c15f6f801f0432490dd1015460eb67f" end (Real time : 0s)
[EFX-0000 INFO] ... Hierarchical pre-synthesis "TopLevel_2c15f6f801f0432490dd1015460eb67f" begin
[EFX-0000 INFO] ... Hierarchical pre-synthesis "TopLevel_2c15f6f801f0432490dd1015460eb67f" end (Real time : 0s)
[EFX-0000 INFO] ... Hierarchical pre-synthesis "StreamFifo_6_2c15f6f801f0432490dd1015460eb67f" begin
[EFX-0000 INFO] ... Hierarchical pre-synthesis "StreamFifo_6_2c15f6f801f0432490dd1015460eb67f" end (Real time : 0s)
[EFX-0000 INFO] ... Hierarchical pre-synthesis "StreamFifo_7_2c15f6f801f0432490dd1015460eb67f" begin
[EFX-0000 INFO] ... Hierarchical pre-synthesis "StreamFifo_7_2c15f6f801f0432490dd1015460eb67f" end (Real time : 0s)
[EFX-0000 INFO] ... Hierarchical pre-synthesis "BmbSpiXdrMasterCtrl_2c15f6f801f0432490dd1015460eb67f" begin
[EFX-0000 INFO] ... Hierarchical pre-synthesis "BmbSpiXdrMasterCtrl_2c15f6f801f0432490dd1015460eb67f" end (Real time : 0s)
[EFX-0000 INFO] ... Hierarchical pre-synthesis "BufferCC_17_2c15f6f801f0432490dd1015460eb67f" begin
[EFX-0000 INFO] ... Hierarchical pre-synthesis "BufferCC_17_2c15f6f801f0432490dd1015460eb67f" end (Real time : 0s)
[EFX-0000 INFO] ... Hierarchical pre-synthesis "I2cSlave_2c15f6f801f0432490dd1015460eb67f" begin
[EFX-0000 INFO] ... Hierarchical pre-synthesis "I2cSlave_2c15f6f801f0432490dd1015460eb67f" end (Real time : 0s)
[EFX-0000 INFO] ... Hierarchical pre-synthesis "BmbI2cCtrl_2c15f6f801f0432490dd1015460eb67f" begin
[EFX-0000 INFO] ... Wide MUX mapping to ram-net, output: 'bridge_masterLogic_fsm_stateReg_string' select size : 4 output width: 56
[EFX-0000 INFO] ... Wide MUX mapping to ram-net, output: 'bridge_masterLogic_fsm_stateNext_string' select size : 4 output width: 56
[EFX-0000 INFO] ... Hierarchical pre-synthesis "BmbI2cCtrl_2c15f6f801f0432490dd1015460eb67f" end (Real time : 0s)
[EFX-0000 INFO] ... Hierarchical pre-synthesis "BmbToApb3Bridge_2c15f6f801f0432490dd1015460eb67f" begin
[EFX-0000 INFO] ... Hierarchical pre-synthesis "BmbToApb3Bridge_2c15f6f801f0432490dd1015460eb67f" end (Real time : 0s)
[EFX-0000 INFO] ... Hierarchical pre-synthesis "BufferCC_20_2c15f6f801f0432490dd1015460eb67f" begin
[EFX-0000 INFO] ... Hierarchical pre-synthesis "BufferCC_20_2c15f6f801f0432490dd1015460eb67f" end (Real time : 0s)
[EFX-0000 INFO] ... Hierarchical pre-synthesis "StreamCCByToggle_2_2c15f6f801f0432490dd1015460eb67f" begin
[EFX-0000 INFO] ... Hierarchical pre-synthesis "StreamCCByToggle_2_2c15f6f801f0432490dd1015460eb67f" end (Real time : 0s)
[EFX-0000 INFO] ... Hierarchical pre-synthesis "EfxSapphireSoc_2c15f6f801f0432490dd1015460eb67f" begin
[EFX-0000 INFO] ... Hierarchical pre-synthesis "EfxSapphireSoc_2c15f6f801f0432490dd1015460eb67f" end (Real time : 1s)
[EFX-0000 INFO] ... Hierarchical pre-synthesis "SapphireSoc" begin
[EFX-0000 INFO] ... Hierarchical pre-synthesis "SapphireSoc" end (Real time : 1s)
[EFX-0000 INFO] ... Hierarchical pre-synthesis "hw_accel_apb3" begin
[EFX-0000 INFO] ... Hierarchical pre-synthesis "hw_accel_apb3" end (Real time : 0s)
[EFX-0000 INFO] ... Hierarchical pre-synthesis "EfxDMA_DmaMemoryCore_cc29c573cb9d40e5a33bb62586944fa9" begin
[EFX-0000 INFO] ... Hierarchical pre-synthesis "EfxDMA_DmaMemoryCore_cc29c573cb9d40e5a33bb62586944fa9" end (Real time : 0s)
[EFX-0000 INFO] ... Hierarchical pre-synthesis "EfxDMA_Aggregator_cc29c573cb9d40e5a33bb62586944fa9" begin
[EFX-0000 INFO] ... Hierarchical pre-synthesis "EfxDMA_Aggregator_cc29c573cb9d40e5a33bb62586944fa9" end (Real time : 0s)
[EFX-0000 INFO] ... Hierarchical pre-synthesis "EfxDMA_Core_cc29c573cb9d40e5a33bb62586944fa9" begin
[EFX-0000 INFO] ... Hierarchical pre-synthesis "EfxDMA_Core_cc29c573cb9d40e5a33bb62586944fa9" end (Real time : 1s)
[EFX-0000 INFO] ... Hierarchical pre-synthesis "EfxDMA_BufferCC_cc29c573cb9d40e5a33bb62586944fa9" begin
[EFX-0000 INFO] ... Hierarchical pre-synthesis "EfxDMA_BufferCC_cc29c573cb9d40e5a33bb62586944fa9" end (Real time : 0s)
[EFX-0000 INFO] ... Hierarchical pre-synthesis "EfxDMA_FlowCCUnsafeByToggle_cc29c573cb9d40e5a33bb62586944fa9" begin
[EFX-0000 INFO] ... Hierarchical pre-synthesis "EfxDMA_FlowCCUnsafeByToggle_cc29c573cb9d40e5a33bb62586944fa9" end (Real time : 0s)
[EFX-0000 INFO] ... Hierarchical pre-synthesis "EfxDMA_BufferCC_1_cc29c573cb9d40e5a33bb62586944fa9" begin
[EFX-0000 INFO] ... Hierarchical pre-synthesis "EfxDMA_BufferCC_1_cc29c573cb9d40e5a33bb62586944fa9" end (Real time : 0s)
[EFX-0000 INFO] ... Hierarchical pre-synthesis "EfxDMA_FlowCCUnsafeByToggle_1_cc29c573cb9d40e5a33bb62586944fa9" begin
[EFX-0000 INFO] ... Hierarchical pre-synthesis "EfxDMA_FlowCCUnsafeByToggle_1_cc29c573cb9d40e5a33bb62586944fa9" end (Real time : 0s)
[EFX-0000 INFO] ... Hierarchical pre-synthesis "EfxDMA_Apb3CC_cc29c573cb9d40e5a33bb62586944fa9" begin
[EFX-0000 INFO] ... Hierarchical pre-synthesis "EfxDMA_Apb3CC_cc29c573cb9d40e5a33bb62586944fa9" end (Real time : 0s)
[EFX-0000 INFO] ... Hierarchical pre-synthesis "EfxDMA_BufferCC_12_cc29c573cb9d40e5a33bb62586944fa9" begin
[EFX-0000 INFO] ... Hierarchical pre-synthesis "EfxDMA_BufferCC_12_cc29c573cb9d40e5a33bb62586944fa9" end (Real time : 0s)
[EFX-0000 INFO] ... Hierarchical pre-synthesis "EfxDMA_BmbSourceRemover_cc29c573cb9d40e5a33bb62586944fa9" begin
[EFX-0000 INFO] ... Hierarchical pre-synthesis "EfxDMA_BmbSourceRemover_cc29c573cb9d40e5a33bb62586944fa9" end (Real time : 0s)
[EFX-0000 INFO] ... Hierarchical pre-synthesis "EfxDMA_StreamFifo_cc29c573cb9d40e5a33bb62586944fa9" begin
[EFX-0000 INFO] ... Hierarchical pre-synthesis "EfxDMA_StreamFifo_cc29c573cb9d40e5a33bb62586944fa9" end (Real time : 0s)
[EFX-0000 INFO] ... Hierarchical pre-synthesis "EfxDMA_BmbContextRemover_cc29c573cb9d40e5a33bb62586944fa9" begin
[EFX-0000 INFO] ... Hierarchical pre-synthesis "EfxDMA_BmbContextRemover_cc29c573cb9d40e5a33bb62586944fa9" end (Real time : 0s)
[EFX-0000 INFO] ... Hierarchical pre-synthesis "EfxDMA_BmbToAxi4ReadOnlyBridge_cc29c573cb9d40e5a33bb62586944fa9" begin
[EFX-0000 INFO] ... Hierarchical pre-synthesis "EfxDMA_BmbToAxi4ReadOnlyBridge_cc29c573cb9d40e5a33bb62586944fa9" end (Real time : 0s)
[EFX-0000 INFO] ... Hierarchical pre-synthesis "EfxDMA_StreamFifo_3_cc29c573cb9d40e5a33bb62586944fa9" begin
[EFX-0000 INFO] ... Hierarchical pre-synthesis "EfxDMA_StreamFifo_3_cc29c573cb9d40e5a33bb62586944fa9" end (Real time : 0s)
[EFX-0000 INFO] ... Hierarchical pre-synthesis "EfxDMA_BmbSourceRemover_1_cc29c573cb9d40e5a33bb62586944fa9" begin
[EFX-0000 INFO] ... Hierarchical pre-synthesis "EfxDMA_BmbSourceRemover_1_cc29c573cb9d40e5a33bb62586944fa9" end (Real time : 0s)
[EFX-0000 INFO] ... Hierarchical pre-synthesis "EfxDMA_StreamFifo_1_cc29c573cb9d40e5a33bb62586944fa9" begin
[EFX-0000 INFO] ... Hierarchical pre-synthesis "EfxDMA_StreamFifo_1_cc29c573cb9d40e5a33bb62586944fa9" end (Real time : 1s)
[EFX-0000 INFO] ... Hierarchical pre-synthesis "EfxDMA_BmbWriteRetainer_cc29c573cb9d40e5a33bb62586944fa9" begin
[EFX-0000 INFO] ... Hierarchical pre-synthesis "EfxDMA_BmbWriteRetainer_cc29c573cb9d40e5a33bb62586944fa9" end (Real time : 0s)
[EFX-0000 INFO] ... Hierarchical pre-synthesis "EfxDMA_StreamFifo_2_cc29c573cb9d40e5a33bb62586944fa9" begin
[EFX-0000 INFO] ... Hierarchical pre-synthesis "EfxDMA_StreamFifo_2_cc29c573cb9d40e5a33bb62586944fa9" end (Real time : 0s)
[EFX-0000 INFO] ... Hierarchical pre-synthesis "EfxDMA_BmbContextRemover_1_cc29c573cb9d40e5a33bb62586944fa9" begin
[EFX-0000 INFO] ... Hierarchical pre-synthesis "EfxDMA_BmbContextRemover_1_cc29c573cb9d40e5a33bb62586944fa9" end (Real time : 0s)
[EFX-0000 INFO] ... Hierarchical pre-synthesis "EfxDMA_BmbToAxi4WriteOnlyBridge_cc29c573cb9d40e5a33bb62586944fa9" begin
[EFX-0000 INFO] ... Hierarchical pre-synthesis "EfxDMA_BmbToAxi4WriteOnlyBridge_cc29c573cb9d40e5a33bb62586944fa9" end (Real time : 0s)
[EFX-0000 INFO] ... Hierarchical pre-synthesis "EfxDMA_BufferCC_2_cc29c573cb9d40e5a33bb62586944fa9" begin
[EFX-0000 INFO] ... Hierarchical pre-synthesis "EfxDMA_BufferCC_2_cc29c573cb9d40e5a33bb62586944fa9" end (Real time : 0s)
[EFX-0000 INFO] ... Hierarchical pre-synthesis "EfxDMA_BufferCC_3_cc29c573cb9d40e5a33bb62586944fa9" begin
[EFX-0000 INFO] ... Hierarchical pre-synthesis "EfxDMA_BufferCC_3_cc29c573cb9d40e5a33bb62586944fa9" end (Real time : 0s)
[EFX-0000 INFO] ... Hierarchical pre-synthesis "EfxDMA_StreamFifoCC_cc29c573cb9d40e5a33bb62586944fa9" begin
[EFX-0000 INFO] ... Hierarchical pre-synthesis "EfxDMA_StreamFifoCC_cc29c573cb9d40e5a33bb62586944fa9" end (Real time : 0s)
[EFX-0000 INFO] ... Hierarchical pre-synthesis "EfxDMA_BsbUpSizerDense_cc29c573cb9d40e5a33bb62586944fa9" begin
[EFX-0000 INFO] ... Hierarchical pre-synthesis "EfxDMA_BsbUpSizerDense_cc29c573cb9d40e5a33bb62586944fa9" end (Real time : 0s)
[EFX-0000 INFO] ... Hierarchical pre-synthesis "EfxDMA_BufferCC_4_cc29c573cb9d40e5a33bb62586944fa9" begin
[EFX-0000 INFO] ... Hierarchical pre-synthesis "EfxDMA_BufferCC_4_cc29c573cb9d40e5a33bb62586944fa9" end (Real time : 0s)
[EFX-0000 INFO] ... Hierarchical pre-synthesis "EfxDMA_StreamFifoCC_1_cc29c573cb9d40e5a33bb62586944fa9" begin
[EFX-0000 INFO] ... Hierarchical pre-synthesis "EfxDMA_StreamFifoCC_1_cc29c573cb9d40e5a33bb62586944fa9" end (Real time : 0s)
[EFX-0000 INFO] ... Hierarchical pre-synthesis "EfxDMA_BufferCC_7_cc29c573cb9d40e5a33bb62586944fa9" begin
[EFX-0000 INFO] ... Hierarchical pre-synthesis "EfxDMA_BufferCC_7_cc29c573cb9d40e5a33bb62586944fa9" end (Real time : 0s)
[EFX-0000 INFO] ... Hierarchical pre-synthesis "EfxDMA_StreamFifoCC_2_cc29c573cb9d40e5a33bb62586944fa9" begin
[EFX-0000 INFO] ... Hierarchical pre-synthesis "EfxDMA_StreamFifoCC_2_cc29c573cb9d40e5a33bb62586944fa9" end (Real time : 0s)
[EFX-0000 INFO] ... Hierarchical pre-synthesis "EfxDMA_BufferCC_9_cc29c573cb9d40e5a33bb62586944fa9" begin
[EFX-0000 INFO] ... Hierarchical pre-synthesis "EfxDMA_BufferCC_9_cc29c573cb9d40e5a33bb62586944fa9" end (Real time : 0s)
[EFX-0000 INFO] ... Hierarchical pre-synthesis "EfxDMA_StreamFifoCC_3_cc29c573cb9d40e5a33bb62586944fa9" begin
[EFX-0000 INFO] ... Hierarchical pre-synthesis "EfxDMA_StreamFifoCC_3_cc29c573cb9d40e5a33bb62586944fa9" end (Real time : 0s)
[EFX-0000 INFO] ... Hierarchical pre-synthesis "EfxDMA_BufferCC_11_cc29c573cb9d40e5a33bb62586944fa9" begin
[EFX-0000 INFO] ... Hierarchical pre-synthesis "EfxDMA_BufferCC_11_cc29c573cb9d40e5a33bb62586944fa9" end (Real time : 0s)
[EFX-0000 INFO] ... Hierarchical pre-synthesis "EfxDMA_StreamFifoCC_4_cc29c573cb9d40e5a33bb62586944fa9" begin
[EFX-0000 INFO] ... Hierarchical pre-synthesis "EfxDMA_StreamFifoCC_4_cc29c573cb9d40e5a33bb62586944fa9" end (Real time : 0s)
[EFX-0000 INFO] ... Hierarchical pre-synthesis "EfxDMA_BsbDownSizerSparse_cc29c573cb9d40e5a33bb62586944fa9" begin
[EFX-0000 INFO] ... Hierarchical pre-synthesis "EfxDMA_BsbDownSizerSparse_cc29c573cb9d40e5a33bb62586944fa9" end (Real time : 0s)
[EFX-0000 INFO] ... Hierarchical pre-synthesis "EfxDMA_cc29c573cb9d40e5a33bb62586944fa9" begin
[EFX-0000 INFO] ... Hierarchical pre-synthesis "EfxDMA_cc29c573cb9d40e5a33bb62586944fa9" end (Real time : 1s)
[EFX-0000 INFO] ... Hierarchical pre-synthesis "dma" begin
[EFX-0000 INFO] ... Hierarchical pre-synthesis "dma" end (Real time : 0s)
[EFX-0000 INFO] ... Hierarchical pre-synthesis "priority_encoder(WIDTH=2,LSB_PRIORITY="HIGH")" begin
[EFX-0000 INFO] ... Hierarchical pre-synthesis "priority_encoder(WIDTH=2,LSB_PRIORITY="HIGH")" end (Real time : 0s)
[EFX-0000 INFO] ... Hierarchical pre-synthesis "priority_encoder(LSB_PRIORITY="HIGH")" begin
[EFX-0000 INFO] ... Hierarchical pre-synthesis "priority_encoder(LSB_PRIORITY="HIGH")" end (Real time : 0s)
[EFX-0000 INFO] ... Hierarchical pre-synthesis "arbiter(TYPE="ROUND_ROBIN",BLOCK="ACKNOWLEDGE",LSB_PRIORITY="HIGH")" begin
[EFX-0000 INFO] ... Hierarchical pre-synthesis "arbiter(TYPE="ROUND_ROBIN",BLOCK="ACKNOWLEDGE",LSB_PRIORITY="HIGH")" end (Real time : 0s)
[EFX-0000 INFO] ... Hierarchical pre-synthesis "axi_interconnect(S_COUNT=2,DATA_WIDTH=128)" begin
[EFX-0000 INFO] ... Hierarchical pre-synthesis "axi_interconnect(S_COUNT=2,DATA_WIDTH=128)" end (Real time : 1s)
[EFX-0000 INFO] ... Hierarchical pre-synthesis "axi_full_to_half_duplex(DATA_WIDTH=128)" begin
[EFX-0000 INFO] ... Hierarchical pre-synthesis "axi_full_to_half_duplex(DATA_WIDTH=128)" end (Real time : 0s)
[EFX-0000 INFO] ... Hierarchical pre-synthesis "edb_top" begin
[EFX-0000 INFO] ... Hierarchical pre-synthesis "edb_top" end (Real time : 0s)
[EFX-0000 INFO] ... Hierarchical pre-synthesis "edge_vision_soc" begin
[EFX-0000 INFO] ... Clock Enable Synthesis Performed on 2528 flops.
[EFX-0000 INFO] ... Hierarchical pre-synthesis "edge_vision_soc" end (Real time : 17s)
[EFX-0000 INFO] ... Flat optimizations begin
[EFX-0656 WARNING] Optimizing into logic zero initialized read-only memory block 'u_dma/u_EfxDMA/inputsAdapter_1_crossclock_fifo/ram__D$c1'. (C:\Users\Jing-XuanTan(i)\Downloads\evsoc-efinity-v2026.1.132\evsoc-efinity-v2026.1.132\cam_single\Ti60F225_dsi\ip\dma\dma.v:2839)
[EFX-0656 WARNING] Optimizing into logic zero initialized read-only memory block 'u_dma/u_EfxDMA/inputsAdapter_1_crossclock_fifo/ram__D$b12'. (C:\Users\Jing-XuanTan(i)\Downloads\evsoc-efinity-v2026.1.132\evsoc-efinity-v2026.1.132\cam_single\Ti60F225_dsi\ip\dma\dma.v:2839)
[EFX-0656 WARNING] Optimizing into logic zero initialized read-only memory block 'u_cam/u_cam_dma_fifo/u_efx_fifo_top/xefx_fifo_ram/ram__D$c12'. (C:\Users\Jing-XuanTan(i)\Downloads\evsoc-efinity-v2026.1.132\evsoc-efinity-v2026.1.132\cam_single\Ti60F225_dsi\ip\cam_dma_fifo\cam_dma_fifo.sv:667)
[EFX-0656 WARNING] Optimizing into logic zero initialized read-only memory block 'u_cam/u_cam_dma_fifo/u_efx_fifo_top/xefx_fifo_ram/ram__D$d1'. (C:\Users\Jing-XuanTan(i)\Downloads\evsoc-efinity-v2026.1.132\evsoc-efinity-v2026.1.132\cam_single\Ti60F225_dsi\ip\cam_dma_fifo\cam_dma_fifo.sv:667)
[EFX-0656 WARNING] Optimizing into logic zero initialized read-only memory block 'u_dma/u_EfxDMA/inputsAdapter_1_crossclock_fifo/ram__D$12'. (C:\Users\Jing-XuanTan(i)\Downloads\evsoc-efinity-v2026.1.132\evsoc-efinity-v2026.1.132\cam_single\Ti60F225_dsi\ip\dma\dma.v:2839)
[EFX-0656 WARNING] Optimizing into logic zero initialized read-only memory block 'u_cam/u_cam_dma_fifo/u_efx_fifo_top/xefx_fifo_ram/ram__D$b12'. (C:\Users\Jing-XuanTan(i)\Downloads\evsoc-efinity-v2026.1.132\evsoc-efinity-v2026.1.132\cam_single\Ti60F225_dsi\ip\cam_dma_fifo\cam_dma_fifo.sv:667)
[EFX-0656 WARNING] Optimizing into logic zero initialized read-only memory block 'u_dma/u_EfxDMA/inputsAdapter_1_crossclock_fifo/ram__D$2'. (C:\Users\Jing-XuanTan(i)\Downloads\evsoc-efinity-v2026.1.132\evsoc-efinity-v2026.1.132\cam_single\Ti60F225_dsi\ip\dma\dma.v:2839)
[EFX-0656 WARNING] Optimizing into logic zero initialized read-only memory block 'u_cam/u_cam_dma_fifo/u_efx_fifo_top/xefx_fifo_ram/ram__D$2'. (C:\Users\Jing-XuanTan(i)\Downloads\evsoc-efinity-v2026.1.132\evsoc-efinity-v2026.1.132\cam_single\Ti60F225_dsi\ip\cam_dma_fifo\cam_dma_fifo.sv:667)
[EFX-0656 WARNING] Optimizing into logic zero initialized read-only memory block 'u_cam/u_cam_dma_fifo/u_efx_fifo_top/xefx_fifo_ram/ram__D$12'. (C:\Users\Jing-XuanTan(i)\Downloads\evsoc-efinity-v2026.1.132\evsoc-efinity-v2026.1.132\cam_single\Ti60F225_dsi\ip\cam_dma_fifo\cam_dma_fifo.sv:667)
[EFX-0000 INFO] ... Flat optimizations end (Real time : 0s)
[EFX-0000 INFO] ... Flat synthesis begin
[EFX-0000 INFO] ... Flat synthesis end (Real time : 0s)
[EFX-0000 INFO] ... Flat optimizations begin
[EFX-0000 INFO] ... Flat optimizations end (Real time : 0s)
[EFX-0000 INFO] ... Check and break combinational loops begin
[EFX-0000 INFO] ... Check and break combinational loops end (Real time : 1s)
[EFX-0000 INFO] ... Setup for logic synthesis begin
[EFX-0000 INFO] ... Setup for logic synthesis end (Real time : 1s)
[EFX-0000 INFO] ... LUT mapping begin
[EFX-0000 INFO] ... LS, strategy: 3, nd: 18868, ed: 61072, lv: 10, pw: 42430.14
[EFX-0000 INFO] ... LUT mapping end (Real time : 48s)
[EFX-0000 INFO] ... Post-synthesis Verific netlist creation begin
[EFX-0000 INFO] ... Post-synthesis Verific netlist creation end (Real time : 1s)
[EFX-0000 INFO] Resource Summary 
[EFX-0000 INFO] ======================================= 
[EFX-0000 INFO] EFX_ADD                 : 	3061
[EFX-0000 INFO] EFX_LUT4                : 	22004
[EFX-0000 INFO] EFX_DSP48               : 	4
[EFX-0000 INFO] EFX_FF                  : 	19941
[EFX-0000 INFO] EFX_SRL8                : 	394
[EFX-0000 INFO] EFX_RAM10               : 	173
[EFX-0000 INFO] EFX_GBUFCE              : 	1
[EFX-0000 INFO] ======================================= 
[EFX-0000 INFO] ... Post-Map Verilog Writer begin
[EFX-0000 INFO] ... Post-Map Verilog Writer end (Real time : 1s)

///////////////////////////////////
// Efinity Synthesis Started 
// Sep 25, 2026 15:01:22
///////////////////////////////////

[EFX-0012 VERI-INFO] default VHDL library search path is now "C:/Efinity/2026.1/sim_models/vhdl/packages/vhdl_2008" (VHDL-1504) 
[EFX-0011 VERI-WARNING] port 'probe6' remains unconnected for this instance (VERI-1927) (C:/Users/Jing-XuanTan(i)/Downloads/evsoc-efinity-v2026.1.132/evsoc-efinity-v2026.1.132/cam_single/Ti60F225_dsi/work_dbg/debug_top.v:134)
[EFX-0012 VERI-INFO] compiling module 'edb_top' (VERI-1018) (C:/Users/Jing-XuanTan(i)/Downloads/evsoc-efinity-v2026.1.132/evsoc-efinity-v2026.1.132/cam_single/Ti60F225_dsi/work_dbg/debug_top.v:14)
[EFX-0012 VERI-INFO] compiling module 'EFX_GBUFCE(CE_POLARITY=1'b1)' (VERI-1018) (../../vdb/src/efinix_maplib.v:48)
[EFX-0012 VERI-INFO] compiling module 'edb_la_top_1db2daa1f3c94ac88d392c3e9cb89f62_renamed_due_excessive_length_1' (VERI-1018) (C:/Users/Jing-XuanTan(i)/Downloads/evsoc-efinity-v2026.1.132/evsoc-efinity-v2026.1.132/cam_single/Ti60F225_dsi/work_dbg/debug_top.v:520)
[EFX-0012 VERI-INFO] compiling module 'edb_adbg_crc32_1db2daa1f3c94ac88d392c3e9cb89f62' (VERI-1018) (C:/Users/Jing-XuanTan(i)/Downloads/evsoc-efinity-v2026.1.132/evsoc-efinity-v2026.1.132/cam_single/Ti60F225_dsi/work_dbg/debug_top.v:209)
[EFX-0012 VERI-INFO] compiling module 'compare_unit_1db2daa1f3c94ac88d392c3e9cb89f62(WIDTH=11'b01000000,PIPE=1)' (VERI-1018) (C:/Users/Jing-XuanTan(i)/Downloads/evsoc-efinity-v2026.1.132/evsoc-efinity-v2026.1.132/cam_single/Ti60F225_dsi/work_dbg/debug_top.v:5530)
[EFX-0012 VERI-INFO] compiling module 'trigger_unit_1db2daa1f3c94ac88d392c3e9cb89f62(WIDTH=32'b0110,PIPE=1)' (VERI-1018) (C:/Users/Jing-XuanTan(i)/Downloads/evsoc-efinity-v2026.1.132/evsoc-efinity-v2026.1.132/cam_single/Ti60F225_dsi/work_dbg/debug_top.v:5735)
[EFX-0012 VERI-INFO] compiling module 'trigger_skipper_1db2daa1f3c94ac88d392c3e9cb89f62' (VERI-1018) (C:/Users/Jing-XuanTan(i)/Downloads/evsoc-efinity-v2026.1.132/evsoc-efinity-v2026.1.132/cam_single/Ti60F225_dsi/work_dbg/debug_top.v:5860)
[EFX-0012 VERI-INFO] compiling module 'la_biu_1db2daa1f3c94ac88d392c3e9cb89f62(CAPTURE_WIDTH=32'b0110000000,DATA_DEPTH=512)' (VERI-1018) (C:/Users/Jing-XuanTan(i)/Downloads/evsoc-efinity-v2026.1.132/evsoc-efinity-v2026.1.132/cam_single/Ti60F225_dsi/work_dbg/debug_top.v:4874)
[EFX-0012 VERI-INFO] compiling module 'fifo_with_read_1db2daa1f3c94ac88d392c3e9cb89f62(DATA_WIDTH=32'b0110000001,ADDR_WIDTH=9,PIPE=0)' (VERI-1018) (C:/Users/Jing-XuanTan(i)/Downloads/evsoc-efinity-v2026.1.132/evsoc-efinity-v2026.1.132/cam_single/Ti60F225_dsi/work_dbg/debug_top.v:4614)
[EFX-0012 VERI-INFO] compiling module 'fifo_address_trancode_unit_1db2daa1f3c94ac88d392c3e9cb89f62(TOTAL_ADDR_WIDTH=9,CELL_ADDR_WIDTH=10,PIPE=0)' (VERI-1018) (C:/Users/Jing-XuanTan(i)/Downloads/evsoc-efinity-v2026.1.132/evsoc-efinity-v2026.1.132/cam_single/Ti60F225_dsi/work_dbg/debug_top.v:4564)
[EFX-0012 VERI-INFO] compiling module 'edb_simple_dual_port_ram_1db2daa1f3c94ac88d392c3e9cb89f62(DATA_WIDTH=32'b0110000001,RAM_INIT_FILE="")' (VERI-1018) (C:/Users/Jing-XuanTan(i)/Downloads/evsoc-efinity-v2026.1.132/evsoc-efinity-v2026.1.132/cam_single/Ti60F225_dsi/work_dbg/debug_top.v:430)
[EFX-0012 VERI-INFO] extracting RAM for identifier 'ram' (VERI-2571) (C:/Users/Jing-XuanTan(i)/Downloads/evsoc-efinity-v2026.1.132/evsoc-efinity-v2026.1.132/cam_single/Ti60F225_dsi/work_dbg/debug_top.v:445)
[EFX-0012 VERI-INFO] compiling module 'debug_hub_1db2daa1f3c94ac88d392c3e9cb89f62' (VERI-1018) (C:/Users/Jing-XuanTan(i)/Downloads/evsoc-efinity-v2026.1.132/evsoc-efinity-v2026.1.132/cam_single/Ti60F225_dsi/work_dbg/debug_top.v:287)
[EFX-0011 VERI-WARNING] input port 'probe6[0]' remains unconnected for this instance (VDB-1053) (C:/Users/Jing-XuanTan(i)/Downloads/evsoc-efinity-v2026.1.132/evsoc-efinity-v2026.1.132/cam_single/Ti60F225_dsi/work_dbg/debug_top.v:107)
[EFX-0000 INFO] ... Setting Synthesis Option: mode=speed
[EFX-0000 INFO] ... Pre-synthesis checks begin
[EFX-0200 WARNING] Removing redundant signal : trigger_in. (C:/Users/Jing-XuanTan(i)/Downloads/evsoc-efinity-v2026.1.132/evsoc-efinity-v2026.1.132/cam_single/Ti60F225_dsi/work_dbg/debug_top.v:5747)
[EFX-0200 WARNING] Removing redundant signal : clk. (C:/Users/Jing-XuanTan(i)/Downloads/evsoc-efinity-v2026.1.132/evsoc-efinity-v2026.1.132/cam_single/Ti60F225_dsi/work_dbg/debug_top.v:4570)
[EFX-0677 INFO] ... Memory 'ram' is not initialized, assuming empty initial contents. (C:/Users/Jing-XuanTan(i)/Downloads/evsoc-efinity-v2026.1.132/evsoc-efinity-v2026.1.132/cam_single/Ti60F225_dsi/work_dbg/debug_top.v:445)
[EFX-0200 WARNING] Removing redundant signal : full. (C:/Users/Jing-XuanTan(i)/Downloads/evsoc-efinity-v2026.1.132/evsoc-efinity-v2026.1.132/cam_single/Ti60F225_dsi/work_dbg/debug_top.v:4624)
[EFX-0200 WARNING] Removing redundant signal : shift_i. (C:/Users/Jing-XuanTan(i)/Downloads/evsoc-efinity-v2026.1.132/evsoc-efinity-v2026.1.132/cam_single/Ti60F225_dsi/work_dbg/debug_top.v:4894)
[EFX-0200 WARNING] Removing redundant signal : trig_out. (C:/Users/Jing-XuanTan(i)/Downloads/evsoc-efinity-v2026.1.132/evsoc-efinity-v2026.1.132/cam_single/Ti60F225_dsi/work_dbg/debug_top.v:4911)
[EFX-0200 WARNING] Removing redundant signal : trig_out_ack. (C:/Users/Jing-XuanTan(i)/Downloads/evsoc-efinity-v2026.1.132/evsoc-efinity-v2026.1.132/cam_single/Ti60F225_dsi/work_dbg/debug_top.v:4912)
[EFX-0200 WARNING] Removing redundant signal : bscan_DRCK. (C:/Users/Jing-XuanTan(i)/Downloads/evsoc-efinity-v2026.1.132/evsoc-efinity-v2026.1.132/cam_single/Ti60F225_dsi/work_dbg/debug_top.v:1053)
[EFX-0200 WARNING] Removing redundant signal : bscan_RESET. (C:/Users/Jing-XuanTan(i)/Downloads/evsoc-efinity-v2026.1.132/evsoc-efinity-v2026.1.132/cam_single/Ti60F225_dsi/work_dbg/debug_top.v:1054)
[EFX-0200 WARNING] Removing redundant signal : bscan_RUNTEST. (C:/Users/Jing-XuanTan(i)/Downloads/evsoc-efinity-v2026.1.132/evsoc-efinity-v2026.1.132/cam_single/Ti60F225_dsi/work_dbg/debug_top.v:1055)
[EFX-0200 WARNING] Removing redundant signal : bscan_SEL. (C:/Users/Jing-XuanTan(i)/Downloads/evsoc-efinity-v2026.1.132/evsoc-efinity-v2026.1.132/cam_single/Ti60F225_dsi/work_dbg/debug_top.v:1056)
[EFX-0200 WARNING] Removing redundant signal : bscan_TMS. (C:/Users/Jing-XuanTan(i)/Downloads/evsoc-efinity-v2026.1.132/evsoc-efinity-v2026.1.132/cam_single/Ti60F225_dsi/work_dbg/debug_top.v:1060)
[EFX-0200 WARNING] Removing redundant signal : trig_in_ack. (C:/Users/Jing-XuanTan(i)/Downloads/evsoc-efinity-v2026.1.132/evsoc-efinity-v2026.1.132/cam_single/Ti60F225_dsi/work_dbg/debug_top.v:1072)
[EFX-0200 WARNING] Removing redundant signal : mux_capture_cmp[5:0]. (C:/Users/Jing-XuanTan(i)/Downloads/evsoc-efinity-v2026.1.132/evsoc-efinity-v2026.1.132/cam_single/Ti60F225_dsi/work_dbg/debug_top.v:3491)
[EFX-0200 WARNING] Removing redundant signal : bscan_CAPTURE. (C:/Users/Jing-XuanTan(i)/Downloads/evsoc-efinity-v2026.1.132/evsoc-efinity-v2026.1.132/cam_single/Ti60F225_dsi/work_dbg/debug_top.v:292)
[EFX-0200 WARNING] Removing redundant signal : bscan_DRCK. (C:/Users/Jing-XuanTan(i)/Downloads/evsoc-efinity-v2026.1.132/evsoc-efinity-v2026.1.132/cam_single/Ti60F225_dsi/work_dbg/debug_top.v:293)
[EFX-0200 WARNING] Removing redundant signal : bscan_RUNTEST. (C:/Users/Jing-XuanTan(i)/Downloads/evsoc-efinity-v2026.1.132/evsoc-efinity-v2026.1.132/cam_single/Ti60F225_dsi/work_dbg/debug_top.v:295)
[EFX-0200 WARNING] Removing redundant signal : bscan_TMS. (C:/Users/Jing-XuanTan(i)/Downloads/evsoc-efinity-v2026.1.132/evsoc-efinity-v2026.1.132/cam_single/Ti60F225_dsi/work_dbg/debug_top.v:300)
[EFX-0266 INFO] Module Instance 'la0' input pin 'trig_in' is tied to constant (=0).
[EFX-0266 INFO] Module Instance 'la0' input pin 'trig_out_ack' is tied to constant (=0).
[EFX-0201 WARNING] Re-wiring to GND non-driven net/port 'probe6[0]' in module 'edb_la_top_1db2daa1f3c94ac88d392c3e9cb89f62_renamed_due_excessive_length_1'. (C:/Users/Jing-XuanTan(i)/Downloads/evsoc-efinity-v2026.1.132/evsoc-efinity-v2026.1.132/cam_single/Ti60F225_dsi/work_dbg/debug_top.v:107)
[EFX-0201 WARNING] Re-wiring to GND non-driven net/port 'probe7[0]' in module 'edb_la_top_1db2daa1f3c94ac88d392c3e9cb89f62_renamed_due_excessive_length_1'. (C:/Users/Jing-XuanTan(i)/Downloads/evsoc-efinity-v2026.1.132/evsoc-efinity-v2026.1.132/cam_single/Ti60F225_dsi/work_dbg/debug_top.v:107)
[EFX-0201 WARNING] Re-wiring to GND non-driven net/port 'probe8[0]' in module 'edb_la_top_1db2daa1f3c94ac88d392c3e9cb89f62_renamed_due_excessive_length_1'. (C:/Users/Jing-XuanTan(i)/Downloads/evsoc-efinity-v2026.1.132/evsoc-efinity-v2026.1.132/cam_single/Ti60F225_dsi/work_dbg/debug_top.v:107)
[EFX-0201 WARNING] Re-wiring to GND non-driven net/port 'probe9[0]' in module 'edb_la_top_1db2daa1f3c94ac88d392c3e9cb89f62_renamed_due_excessive_length_1'. (C:/Users/Jing-XuanTan(i)/Downloads/evsoc-efinity-v2026.1.132/evsoc-efinity-v2026.1.132/cam_single/Ti60F225_dsi/work_dbg/debug_top.v:107)
[EFX-0201 WARNING] Re-wiring to GND non-driven net/port 'probe10[0]' in module 'edb_la_top_1db2daa1f3c94ac88d392c3e9cb89f62_renamed_due_excessive_length_1'. (C:/Users/Jing-XuanTan(i)/Downloads/evsoc-efinity-v2026.1.132/evsoc-efinity-v2026.1.132/cam_single/Ti60F225_dsi/work_dbg/debug_top.v:107)
[EFX-0201 WARNING] Re-wiring to GND non-driven net/port 'probe11[0]' in module 'edb_la_top_1db2daa1f3c94ac88d392c3e9cb89f62_renamed_due_excessive_length_1'. (C:/Users/Jing-XuanTan(i)/Downloads/evsoc-efinity-v2026.1.132/evsoc-efinity-v2026.1.132/cam_single/Ti60F225_dsi/work_dbg/debug_top.v:107)
[EFX-0201 WARNING] Re-wiring to GND non-driven net/port 'probe12[0]' in module 'edb_la_top_1db2daa1f3c94ac88d392c3e9cb89f62_renamed_due_excessive_length_1'. (C:/Users/Jing-XuanTan(i)/Downloads/evsoc-efinity-v2026.1.132/evsoc-efinity-v2026.1.132/cam_single/Ti60F225_dsi/work_dbg/debug_top.v:107)
[EFX-0201 WARNING] Re-wiring to GND non-driven net/port 'probe13[0]' in module 'edb_la_top_1db2daa1f3c94ac88d392c3e9cb89f62_renamed_due_excessive_length_1'. (C:/Users/Jing-XuanTan(i)/Downloads/evsoc-efinity-v2026.1.132/evsoc-efinity-v2026.1.132/cam_single/Ti60F225_dsi/work_dbg/debug_top.v:107)
[EFX-0201 WARNING] Re-wiring to GND non-driven net/port 'probe14[0]' in module 'edb_la_top_1db2daa1f3c94ac88d392c3e9cb89f62_renamed_due_excessive_length_1'. (C:/Users/Jing-XuanTan(i)/Downloads/evsoc-efinity-v2026.1.132/evsoc-efinity-v2026.1.132/cam_single/Ti60F225_dsi/work_dbg/debug_top.v:107)
[EFX-0201 WARNING] Re-wiring to GND non-driven net/port 'probe15[0]' in module 'edb_la_top_1db2daa1f3c94ac88d392c3e9cb89f62_renamed_due_excessive_length_1'. (C:/Users/Jing-XuanTan(i)/Downloads/evsoc-efinity-v2026.1.132/evsoc-efinity-v2026.1.132/cam_single/Ti60F225_dsi/work_dbg/debug_top.v:107)
[EFX-0000 INFO] ... Pre-synthesis checks end (Real time : 0s)
[EFX-0000 INFO] ... NameSpace init begin
[EFX-0000 INFO] ... NameSpace init end (Real time : 0s)
[EFX-0000 INFO] ... Mapping design "edb_top"
[EFX-0000 INFO] ... Hierarchical pre-synthesis "edb_adbg_crc32_1db2daa1f3c94ac88d392c3e9cb89f62" begin
[EFX-0000 INFO] ... Hierarchical pre-synthesis "edb_adbg_crc32_1db2daa1f3c94ac88d392c3e9cb89f62" end (Real time : 0s)
[EFX-0000 INFO] ... Hierarchical pre-synthesis "compare_unit_1db2daa1f3c94ac88d392c3e9cb89f62(WIDTH=11'b01000000,PIPE=1)" begin
[EFX-0000 INFO] ... Hierarchical pre-synthesis "compare_unit_1db2daa1f3c94ac88d392c3e9cb89f62(WIDTH=11'b01000000,PIPE=1)" end (Real time : 0s)
[EFX-0000 INFO] ... Hierarchical pre-synthesis "trigger_unit_1db2daa1f3c94ac88d392c3e9cb89f62(WIDTH=32'b0110,PIPE=1)" begin
[EFX-0000 INFO] ... Hierarchical pre-synthesis "trigger_unit_1db2daa1f3c94ac88d392c3e9cb89f62(WIDTH=32'b0110,PIPE=1)" end (Real time : 0s)
[EFX-0000 INFO] ... Hierarchical pre-synthesis "trigger_skipper_1db2daa1f3c94ac88d392c3e9cb89f62" begin
[EFX-0000 INFO] ... Hierarchical pre-synthesis "trigger_skipper_1db2daa1f3c94ac88d392c3e9cb89f62" end (Real time : 0s)
[EFX-0000 INFO] ... Hierarchical pre-synthesis "fifo_address_trancode_unit_1db2daa1f3c94ac88d392c3e9cb89f62(TOTAL_ADDR_WIDTH=9,CELL_ADDR_WIDTH=10,PIPE=0)" begin
[EFX-0000 INFO] ... Hierarchical pre-synthesis "fifo_address_trancode_unit_1db2daa1f3c94ac88d392c3e9cb89f62(TOTAL_ADDR_WIDTH=9,CELL_ADDR_WIDTH=10,PIPE=0)" end (Real time : 0s)
[EFX-0000 INFO] ... Hierarchical pre-synthesis "edb_simple_dual_port_ram_1db2daa1f3c94ac88d392c3e9cb89f62(DATA_WIDTH=32'b0110000001,RAM_INIT_FILE="")" begin
[EFX-0000 INFO] ... Hierarchical pre-synthesis "edb_simple_dual_port_ram_1db2daa1f3c94ac88d392c3e9cb89f62(DATA_WIDTH=32'b0110000001,RAM_INIT_FILE="")" end (Real time : 0s)
[EFX-0000 INFO] ... Hierarchical pre-synthesis "fifo_with_read_1db2daa1f3c94ac88d392c3e9cb89f62(DATA_WIDTH=32'b0110000001,ADDR_WIDTH=9,PIPE=0)" begin
[EFX-0000 INFO] ... Hierarchical pre-synthesis "fifo_with_read_1db2daa1f3c94ac88d392c3e9cb89f62(DATA_WIDTH=32'b0110000001,ADDR_WIDTH=9,PIPE=0)" end (Real time : 0s)
[EFX-0000 INFO] ... Hierarchical pre-synthesis "la_biu_1db2daa1f3c94ac88d392c3e9cb89f62(CAPTURE_WIDTH=32'b0110000000,DATA_DEPTH=512)" begin
[EFX-0000 INFO] ... Hierarchical pre-synthesis "la_biu_1db2daa1f3c94ac88d392c3e9cb89f62(CAPTURE_WIDTH=32'b0110000000,DATA_DEPTH=512)" end (Real time : 0s)
[EFX-0000 INFO] ... Hierarchical pre-synthesis "edb_la_top_1db2daa1f3c94ac88d392c3e9cb89f62_renamed_due_excessive_length_1" begin
[EFX-0000 INFO] ... Hierarchical pre-synthesis "edb_la_top_1db2daa1f3c94ac88d392c3e9cb89f62_renamed_due_excessive_length_1" end (Real time : 1s)
[EFX-0000 INFO] ... Hierarchical pre-synthesis "debug_hub_1db2daa1f3c94ac88d392c3e9cb89f62" begin
[EFX-0000 INFO] ... Hierarchical pre-synthesis "debug_hub_1db2daa1f3c94ac88d392c3e9cb89f62" end (Real time : 0s)
[EFX-0000 INFO] ... Hierarchical pre-synthesis "edb_top" begin
[EFX-0000 INFO] ... Clock Enable Synthesis Performed on 127 flops.
[EFX-0000 INFO] ... Hierarchical pre-synthesis "edb_top" end (Real time : 1s)
[EFX-0000 INFO] ... Flat optimizations begin
[EFX-0000 INFO] ... Flat optimizations end (Real time : 0s)
[EFX-0000 INFO] ... Flat synthesis begin
[EFX-0000 INFO] ... Flat synthesis end (Real time : 0s)
[EFX-0000 INFO] ... Flat optimizations begin
[EFX-0000 INFO] ... Flat optimizations end (Real time : 0s)
[EFX-0000 INFO] ... Check and break combinational loops begin
[EFX-0000 INFO] ... Check and break combinational loops end (Real time : 0s)
[EFX-0000 INFO] ... Setup for logic synthesis begin
[EFX-0000 INFO] ... Setup for logic synthesis end (Real time : 0s)
[EFX-0000 INFO] ... LUT mapping begin
[EFX-0000 INFO] ... LS, strategy: 3, nd: 3013, ed: 9631, lv: 7, pw: 5825.26
[EFX-0000 INFO] ... LUT mapping end (Real time : 14s)
[EFX-0000 INFO] ... Post-synthesis Verific netlist creation begin
[EFX-0000 INFO] ... Post-synthesis Verific netlist creation end (Real time : 0s)
[EFX-0011 VERI-WARNING] Input/inout port bscan_DRCK is unconnected. Place and route may remove this unconnected port. (VDB-8003) (C:/Users/Jing-XuanTan(i)/Downloads/evsoc-efinity-v2026.1.132/evsoc-efinity-v2026.1.132/cam_single/Ti60F225_dsi/work_dbg/debug_top.v:17)
[EFX-0011 VERI-WARNING] Input/inout port bscan_RUNTEST is unconnected. Place and route may remove this unconnected port. (VDB-8003) (C:/Users/Jing-XuanTan(i)/Downloads/evsoc-efinity-v2026.1.132/evsoc-efinity-v2026.1.132/cam_single/Ti60F225_dsi/work_dbg/debug_top.v:19)
[EFX-0011 VERI-WARNING] Input/inout port bscan_TMS is unconnected. Place and route may remove this unconnected port. (VDB-8003) (C:/Users/Jing-XuanTan(i)/Downloads/evsoc-efinity-v2026.1.132/evsoc-efinity-v2026.1.132/cam_single/Ti60F225_dsi/work_dbg/debug_top.v:24)
[EFX-0011 VERI-WARNING] Found 3 warnings in the post-synthesis netlist. 
[EFX-0000 INFO] Resource Summary 
[EFX-0000 INFO] ======================================= 
[EFX-0000 INFO] EFX_ADD                 : 	142
[EFX-0000 INFO] EFX_LUT4                : 	3379
[EFX-0000 INFO] EFX_FF                  : 	2592
[EFX-0000 INFO] EFX_SRL8                : 	384
[EFX-0000 INFO] EFX_RAM10               : 	20
[EFX-0000 INFO] EFX_GBUFCE              : 	1
[EFX-0000 INFO] ======================================= 

///////////////////////////////////
// Efinity Synthesis Started 
// Sep 25, 2026 15:01:39
///////////////////////////////////

[EFX-0000 INFO] ... Setting Synthesis Option: mode=speed
[EFX-0000 INFO] ... Pre-synthesis checks begin
[EFX-0200 WARNING] Removing redundant signal : Rx_HS_D_2[7:0]. (C:\Users\Jing-XuanTan(i)\Downloads\evsoc-efinity-v2026.1.132\evsoc-efinity-v2026.1.132\cam_single\Ti60F225_dsi\ip\csi2_rx_cam\csi2_rx_cam.sv:6307)
[EFX-0200 WARNING] Removing redundant signal : Rx_HS_D_3[7:0]. (C:\Users\Jing-XuanTan(i)\Downloads\evsoc-efinity-v2026.1.132\evsoc-efinity-v2026.1.132\cam_single\Ti60F225_dsi\ip\csi2_rx_cam\csi2_rx_cam.sv:6307)
[EFX-0200 WARNING] Removing redundant signal : Rx_HS_D_4[7:0]. (C:\Users\Jing-XuanTan(i)\Downloads\evsoc-efinity-v2026.1.132\evsoc-efinity-v2026.1.132\cam_single\Ti60F225_dsi\ip\csi2_rx_cam\csi2_rx_cam.sv:6307)
[EFX-0200 WARNING] Removing redundant signal : Rx_HS_D_5[7:0]. (C:\Users\Jing-XuanTan(i)\Downloads\evsoc-efinity-v2026.1.132\evsoc-efinity-v2026.1.132\cam_single\Ti60F225_dsi\ip\csi2_rx_cam\csi2_rx_cam.sv:6307)
[EFX-0200 WARNING] Removing redundant signal : Rx_HS_D_6[7:0]. (C:\Users\Jing-XuanTan(i)\Downloads\evsoc-efinity-v2026.1.132\evsoc-efinity-v2026.1.132\cam_single\Ti60F225_dsi\ip\csi2_rx_cam\csi2_rx_cam.sv:6307)
[EFX-0200 WARNING] Removing redundant signal : Rx_HS_D_7[7:0]. (C:\Users\Jing-XuanTan(i)\Downloads\evsoc-efinity-v2026.1.132\evsoc-efinity-v2026.1.132\cam_single\Ti60F225_dsi\ip\csi2_rx_cam\csi2_rx_cam.sv:6307)
[EFX-0200 WARNING] Removing redundant signal : u_dly_enable_D[1:0]. (C:\Users\Jing-XuanTan(i)\Downloads\evsoc-efinity-v2026.1.132\evsoc-efinity-v2026.1.132\cam_single\Ti60F225_dsi\ip\csi2_rx_cam\csi2_rx_cam.sv:6307)
[EFX-0200 WARNING] Removing redundant signal : u_dly_inc_D[1:0]. (C:\Users\Jing-XuanTan(i)\Downloads\evsoc-efinity-v2026.1.132\evsoc-efinity-v2026.1.132\cam_single\Ti60F225_dsi\ip\csi2_rx_cam\csi2_rx_cam.sv:6307)
[EFX-0200 WARNING] Removing redundant signal : axi_awaddr[1:0]. (C:\Users\Jing-XuanTan(i)\Downloads\evsoc-efinity-v2026.1.132\evsoc-efinity-v2026.1.132\cam_single\Ti60F225_dsi\ip\csi2_rx_cam\csi2_rx_cam.sv:5564)
[EFX-0200 WARNING] Removing redundant signal : axi_araddr[1:0]. (C:\Users\Jing-XuanTan(i)\Downloads\evsoc-efinity-v2026.1.132\evsoc-efinity-v2026.1.132\cam_single\Ti60F225_dsi\ip\csi2_rx_cam\csi2_rx_cam.sv:5564)
[EFX-0200 WARNING] Removing redundant signal : loc_rdata[31:0]. (C:\Users\Jing-XuanTan(i)\Downloads\evsoc-efinity-v2026.1.132\evsoc-efinity-v2026.1.132\cam_single\Ti60F225_dsi\ip\csi2_rx_cam\csi2_rx_cam.sv:5564)
[EFX-0200 WARNING] Removing redundant signal : nextCRC16_D16[15:0]. (C:\Users\Jing-XuanTan(i)\Downloads\evsoc-efinity-v2026.1.132\evsoc-efinity-v2026.1.132\cam_single\Ti60F225_dsi\ip\csi2_rx_cam\csi2_rx_cam.sv:1466)
[EFX-0200 WARNING] Removing redundant signal : nextCRC16_D16.Data[15:0]. (C:\Users\Jing-XuanTan(i)\Downloads\evsoc-efinity-v2026.1.132\evsoc-efinity-v2026.1.132\cam_single\Ti60F225_dsi\ip\csi2_rx_cam\csi2_rx_cam.sv:1466)
[EFX-0200 WARNING] Removing redundant signal : nextCRC16_D16.fcrc[15:0]. (C:\Users\Jing-XuanTan(i)\Downloads\evsoc-efinity-v2026.1.132\evsoc-efinity-v2026.1.132\cam_single\Ti60F225_dsi\ip\csi2_rx_cam\csi2_rx_cam.sv:1466)
[EFX-0200 WARNING] Removing redundant signal : nextCRC16_D16.d[15:0]. (C:\Users\Jing-XuanTan(i)\Downloads\evsoc-efinity-v2026.1.132\evsoc-efinity-v2026.1.132\cam_single\Ti60F225_dsi\ip\csi2_rx_cam\csi2_rx_cam.sv:1466)
[EFX-0200 WARNING] Removing redundant signal : nextCRC16_D16.c[15:0]. (C:\Users\Jing-XuanTan(i)\Downloads\evsoc-efinity-v2026.1.132\evsoc-efinity-v2026.1.132\cam_single\Ti60F225_dsi\ip\csi2_rx_cam\csi2_rx_cam.sv:1466)
[EFX-0200 WARNING] Removing redundant signal : nextCRC16_D16.newcrc[15:0]. (C:\Users\Jing-XuanTan(i)\Downloads\evsoc-efinity-v2026.1.132\evsoc-efinity-v2026.1.132\cam_single\Ti60F225_dsi\ip\csi2_rx_cam\csi2_rx_cam.sv:1466)
[EFX-0200 WARNING] Removing redundant signal : nextCRC16_D8[15:0]. (C:\Users\Jing-XuanTan(i)\Downloads\evsoc-efinity-v2026.1.132\evsoc-efinity-v2026.1.132\cam_single\Ti60F225_dsi\ip\csi2_rx_cam\csi2_rx_cam.sv:1466)
[EFX-0200 WARNING] Removing redundant signal : nextCRC16_D8.Data[7:0]. (C:\Users\Jing-XuanTan(i)\Downloads\evsoc-efinity-v2026.1.132\evsoc-efinity-v2026.1.132\cam_single\Ti60F225_dsi\ip\csi2_rx_cam\csi2_rx_cam.sv:1466)
[EFX-0200 WARNING] Removing redundant signal : nextCRC16_D8.fcrc[15:0]. (C:\Users\Jing-XuanTan(i)\Downloads\evsoc-efinity-v2026.1.132\evsoc-efinity-v2026.1.132\cam_single\Ti60F225_dsi\ip\csi2_rx_cam\csi2_rx_cam.sv:1466)
[EFX-0266 INFO] Module Instance 'genblk4.ecc_check_inst' input pin 'pkt_header[24]' is tied to constant (=0).
[EFX-0266 INFO] Module Instance 'genblk4.ecc_check_inst' input pin 'pkt_header[25]' is tied to constant (=0).
[EFX-0266 INFO] Module Instance 'active_high.efx_resetsync_active_high' input pin 'd_i[0]' is tied to constant (=0).
[EFX-0677 INFO] ... Memory 'ram' is not initialized, assuming empty initial contents. (C:\Users\Jing-XuanTan(i)\Downloads\evsoc-efinity-v2026.1.132\evsoc-efinity-v2026.1.132\cam_single\Ti60F225_dsi\ip\csi2_rx_cam\csi2_rx_cam.sv:7842)
[EFX-0266 INFO] Module Instance 'genblk1[0].u1_inst' input pin 'wr_clk_i' is tied to constant (=0).
[EFX-0266 INFO] Module Instance 'genblk1[0].u1_inst' input pin 'rd_clk_i' is tied to constant (=0).
[EFX-0266 INFO] Module Instance 'genblk1[0].u1_inst' input pin 'a_wr_rst_i' is tied to constant (=0).
[EFX-0266 INFO] Module Instance 'genblk1[0].u1_inst' input pin 'a_rd_rst_i' is tied to constant (=0).
[EFX-0266 INFO] Module Instance 'genblk1[1].u1_inst' input pin 'wr_clk_i' is tied to constant (=0).
[EFX-0266 INFO] Module Instance 'genblk1[1].u1_inst' input pin 'rd_clk_i' is tied to constant (=0).
[EFX-0266 INFO] Module Instance 'genblk1[1].u1_inst' input pin 'a_wr_rst_i' is tied to constant (=0).
[EFX-0266 INFO] Module Instance 'genblk1[1].u1_inst' input pin 'a_rd_rst_i' is tied to constant (=0).
[EFX-0677 INFO] ... Memory 'ram' is not initialized, assuming empty initial contents. (C:\Users\Jing-XuanTan(i)\Downloads\evsoc-efinity-v2026.1.132\evsoc-efinity-v2026.1.132\cam_single\Ti60F225_dsi\ip\csi2_rx_cam\csi2_rx_cam.sv:7842)
[EFX-0266 INFO] Module Instance 'u1_inst' input pin 'clk_i' is tied to constant (=0).
[EFX-0266 INFO] Module Instance 'u1_inst' input pin 'a_wr_rst_i' is tied to constant (=0).
[EFX-0266 INFO] Module Instance 'u1_inst' input pin 'a_rd_rst_i' is tied to constant (=0).
[EFX-0266 INFO] Module Instance 'csi2_rx_top_inst' input pin 'RxClkEsc[0]' is tied to constant (=0).
[EFX-0266 INFO] Module Instance 'csi2_rx_top_inst' input pin 'RxClkEsc[1]' is tied to constant (=0).
[EFX-0266 INFO] Module Instance 'active_high.efx_resetsync_active_high' input pin 'd_i[0]' is tied to constant (=0).
[EFX-0677 INFO] ... Memory 'ram' is not initialized, assuming empty initial contents. (C:\Users\Jing-XuanTan(i)\Downloads\evsoc-efinity-v2026.1.132\evsoc-efinity-v2026.1.132\cam_single\Ti60F225_dsi\ip\cam_pixel_remap_fifo\cam_pixel_remap_fifo.sv:667)
[EFX-0201 WARNING] Re-wiring to GND non-driven net/port 'a_wr_rst_i' in module 'efx_fifo_top_077823fa68f649b1a7074c944568f3e4(FAMILY="TITANIUM",SYNC_CLK=1,DATA_WIDTH=40,PIPELINE_REG=0,OUTPUT_REG=1,PROGRAMMABLE_FULL="NONE",PROG_FULL_ASSERT=510,PROG_FULL_NEGATE=510,PROGRAMMABLE_EMPTY="NONE",PROG_EMPTY_ASSERT=2,PROG_EMPTY_NEGATE=3)'. (C:\Users\Jing-XuanTan(i)\Downloads\evsoc-efinity-v2026.1.132\evsoc-efinity-v2026.1.132\cam_single\Ti60F225_dsi\ip\cam_pixel_remap_fifo\cam_pixel_remap_fifo.sv:92)
[EFX-0201 WARNING] Re-wiring to GND non-driven net/port 'a_rd_rst_i' in module 'efx_fifo_top_077823fa68f649b1a7074c944568f3e4(FAMILY="TITANIUM",SYNC_CLK=1,DATA_WIDTH=40,PIPELINE_REG=0,OUTPUT_REG=1,PROGRAMMABLE_FULL="NONE",PROG_FULL_ASSERT=510,PROG_FULL_NEGATE=510,PROGRAMMABLE_EMPTY="NONE",PROG_EMPTY_ASSERT=2,PROG_EMPTY_NEGATE=3)'. (C:\Users\Jing-XuanTan(i)\Downloads\evsoc-efinity-v2026.1.132\evsoc-efinity-v2026.1.132\cam_single\Ti60F225_dsi\ip\cam_pixel_remap_fifo\cam_pixel_remap_fifo.sv:92)
[EFX-0201 WARNING] Re-wiring to GND non-driven net/port 'wr_clk_i' in module 'efx_fifo_top_077823fa68f649b1a7074c944568f3e4(FAMILY="TITANIUM",SYNC_CLK=1,DATA_WIDTH=40,PIPELINE_REG=0,OUTPUT_REG=1,PROGRAMMABLE_FULL="NONE",PROG_FULL_ASSERT=510,PROG_FULL_NEGATE=510,PROGRAMMABLE_EMPTY="NONE",PROG_EMPTY_ASSERT=2,PROG_EMPTY_NEGATE=3)'. (C:\Users\Jing-XuanTan(i)\Downloads\evsoc-efinity-v2026.1.132\evsoc-efinity-v2026.1.132\cam_single\Ti60F225_dsi\ip\cam_pixel_remap_fifo\cam_pixel_remap_fifo.sv:92)
[EFX-0201 WARNING] Re-wiring to GND non-driven net/port 'rd_clk_i' in module 'efx_fifo_top_077823fa68f649b1a7074c944568f3e4(FAMILY="TITANIUM",SYNC_CLK=1,DATA_WIDTH=40,PIPELINE_REG=0,OUTPUT_REG=1,PROGRAMMABLE_FULL="NONE",PROG_FULL_ASSERT=510,PROG_FULL_NEGATE=510,PROGRAMMABLE_EMPTY="NONE",PROG_EMPTY_ASSERT=2,PROG_EMPTY_NEGATE=3)'. (C:\Users\Jing-XuanTan(i)\Downloads\evsoc-efinity-v2026.1.132\evsoc-efinity-v2026.1.132\cam_single\Ti60F225_dsi\ip\cam_pixel_remap_fifo\cam_pixel_remap_fifo.sv:92)
[EFX-0201 WARNING] Re-wiring to GND non-driven net/port 'r_registers[12][31]' in module 'axi_lite_register(S_AXI_WSTRB_WIDTH=4)'. (C:\Users\Jing-XuanTan(i)\Downloads\evsoc-efinity-v2026.1.132\evsoc-efinity-v2026.1.132\cam_single\Ti60F225_dsi\source/isp/axi_lite_register.sv:99)
[EFX-0201 WARNING] Re-wiring to GND non-driven net/port 'r_registers[12][30]' in module 'axi_lite_register(S_AXI_WSTRB_WIDTH=4)'. (C:\Users\Jing-XuanTan(i)\Downloads\evsoc-efinity-v2026.1.132\evsoc-efinity-v2026.1.132\cam_single\Ti60F225_dsi\source/isp/axi_lite_register.sv:99)
[EFX-0201 WARNING] Re-wiring to GND non-driven net/port 'r_registers[12][29]' in module 'axi_lite_register(S_AXI_WSTRB_WIDTH=4)'. (C:\Users\Jing-XuanTan(i)\Downloads\evsoc-efinity-v2026.1.132\evsoc-efinity-v2026.1.132\cam_single\Ti60F225_dsi\source/isp/axi_lite_register.sv:99)
[EFX-0201 WARNING] Re-wiring to GND non-driven net/port 'r_registers[12][28]' in module 'axi_lite_register(S_AXI_WSTRB_WIDTH=4)'. (C:\Users\Jing-XuanTan(i)\Downloads\evsoc-efinity-v2026.1.132\evsoc-efinity-v2026.1.132\cam_single\Ti60F225_dsi\source/isp/axi_lite_register.sv:99)
[EFX-0201 WARNING] Re-wiring to GND non-driven net/port 'r_registers[12][27]' in module 'axi_lite_register(S_AXI_WSTRB_WIDTH=4)'. (C:\Users\Jing-XuanTan(i)\Downloads\evsoc-efinity-v2026.1.132\evsoc-efinity-v2026.1.132\cam_single\Ti60F225_dsi\source/isp/axi_lite_register.sv:99)
[EFX-0201 WARNING] Re-wiring to GND non-driven net/port 'r_registers[12][26]' in module 'axi_lite_register(S_AXI_WSTRB_WIDTH=4)'. (C:\Users\Jing-XuanTan(i)\Downloads\evsoc-efinity-v2026.1.132\evsoc-efinity-v2026.1.132\cam_single\Ti60F225_dsi\source/isp/axi_lite_register.sv:99)
[EFX-0677 INFO] ... Memory 'ram' is not initialized, assuming empty initial contents. (C:\Users\Jing-XuanTan(i)\Downloads\evsoc-efinity-v2026.1.132\evsoc-efinity-v2026.1.132\cam_single\Ti60F225_dsi\source/isp/simple_dual_ported_ram.sv:23)
[EFX-0677 INFO] ... Memory 'pipe_0_center' is not initialized, assuming empty initial contents. (C:\Users\Jing-XuanTan(i)\Downloads\evsoc-efinity-v2026.1.132\evsoc-efinity-v2026.1.132\cam_single\Ti60F225_dsi\source/isp/demosaic.sv:68)
[EFX-0677 INFO] ... Memory 'pipe_0_outer_horizontal' is not initialized, assuming empty initial contents. (C:\Users\Jing-XuanTan(i)\Downloads\evsoc-efinity-v2026.1.132\evsoc-efinity-v2026.1.132\cam_single\Ti60F225_dsi\source/isp/demosaic.sv:69)
[EFX-0677 INFO] ... Memory 'pipe_0_outer_vertical' is not initialized, assuming empty initial contents. (C:\Users\Jing-XuanTan(i)\Downloads\evsoc-efinity-v2026.1.132\evsoc-efinity-v2026.1.132\cam_single\Ti60F225_dsi\source/isp/demosaic.sv:70)
[EFX-0677 INFO] ... Memory 'pipe_0_inner_horizontal' is not initialized, assuming empty initial contents. (C:\Users\Jing-XuanTan(i)\Downloads\evsoc-efinity-v2026.1.132\evsoc-efinity-v2026.1.132\cam_single\Ti60F225_dsi\source/isp/demosaic.sv:71)
[EFX-0677 INFO] ... Memory 'pipe_0_inner_vertical' is not initialized, assuming empty initial contents. (C:\Users\Jing-XuanTan(i)\Downloads\evsoc-efinity-v2026.1.132\evsoc-efinity-v2026.1.132\cam_single\Ti60F225_dsi\source/isp/demosaic.sv:72)
[EFX-0677 INFO] ... Memory 'pipe_0_inner_top' is not initialized, assuming empty initial contents. (C:\Users\Jing-XuanTan(i)\Downloads\evsoc-efinity-v2026.1.132\evsoc-efinity-v2026.1.132\cam_single\Ti60F225_dsi\source/isp/demosaic.sv:73)
[EFX-0677 INFO] ... Memory 'pipe_0_inner_bottom' is not initialized, assuming empty initial contents. (C:\Users\Jing-XuanTan(i)\Downloads\evsoc-efinity-v2026.1.132\evsoc-efinity-v2026.1.132\cam_single\Ti60F225_dsi\source/isp/demosaic.sv:74)
[EFX-0677 INFO] ... Memory 'pipe_1_center' is not initialized, assuming empty initial contents. (C:\Users\Jing-XuanTan(i)\Downloads\evsoc-efinity-v2026.1.132\evsoc-efinity-v2026.1.132\cam_single\Ti60F225_dsi\source/isp/demosaic.sv:80)
[EFX-0677 INFO] ... Memory 'pipe_1_center_x5' is not initialized, assuming empty initial contents. (C:\Users\Jing-XuanTan(i)\Downloads\evsoc-efinity-v2026.1.132\evsoc-efinity-v2026.1.132\cam_single\Ti60F225_dsi\source/isp/demosaic.sv:81)
[EFX-0677 INFO] ... Memory 'pipe_1_center_x6' is not initialized, assuming empty initial contents. (C:\Users\Jing-XuanTan(i)\Downloads\evsoc-efinity-v2026.1.132\evsoc-efinity-v2026.1.132\cam_single\Ti60F225_dsi\source/isp/demosaic.sv:82)
[EFX-0677 INFO] ... Memory 'pipe_1_outer_horizontal' is not initialized, assuming empty initial contents. (C:\Users\Jing-XuanTan(i)\Downloads\evsoc-efinity-v2026.1.132\evsoc-efinity-v2026.1.132\cam_single\Ti60F225_dsi\source/isp/demosaic.sv:83)
[EFX-0677 INFO] ... Memory 'pipe_1_outer_vertical' is not initialized, assuming empty initial contents. (C:\Users\Jing-XuanTan(i)\Downloads\evsoc-efinity-v2026.1.132\evsoc-efinity-v2026.1.132\cam_single\Ti60F225_dsi\source/isp/demosaic.sv:84)
[EFX-0677 INFO] ... Memory 'pipe_1_outer_cross' is not initialized, assuming empty initial contents. (C:\Users\Jing-XuanTan(i)\Downloads\evsoc-efinity-v2026.1.132\evsoc-efinity-v2026.1.132\cam_single\Ti60F225_dsi\source/isp/demosaic.sv:85)
[EFX-0677 INFO] ... Memory 'pipe_1_inner_h_outer_v_x2' is not initialized, assuming empty initial contents. (C:\Users\Jing-XuanTan(i)\Downloads\evsoc-efinity-v2026.1.132\evsoc-efinity-v2026.1.132\cam_single\Ti60F225_dsi\source/isp/demosaic.sv:86)
[EFX-0677 INFO] ... Memory 'pipe_1_inner_v_outer_h_x2' is not initialized, assuming empty initial contents. (C:\Users\Jing-XuanTan(i)\Downloads\evsoc-efinity-v2026.1.132\evsoc-efinity-v2026.1.132\cam_single\Ti60F225_dsi\source/isp/demosaic.sv:87)
[EFX-0677 INFO] ... Memory 'pipe_1_inner_corner' is not initialized, assuming empty initial contents. (C:\Users\Jing-XuanTan(i)\Downloads\evsoc-efinity-v2026.1.132\evsoc-efinity-v2026.1.132\cam_single\Ti60F225_dsi\source/isp/demosaic.sv:88)
[EFX-0677 INFO] ... Memory 'pipe_1_inner_cross' is not initialized, assuming empty initial contents. (C:\Users\Jing-XuanTan(i)\Downloads\evsoc-efinity-v2026.1.132\evsoc-efinity-v2026.1.132\cam_single\Ti60F225_dsi\source/isp/demosaic.sv:89)
[EFX-0677 INFO] ... Memory 'pipe_2_center' is not initialized, assuming empty initial contents. (C:\Users\Jing-XuanTan(i)\Downloads\evsoc-efinity-v2026.1.132\evsoc-efinity-v2026.1.132\cam_single\Ti60F225_dsi\source/isp/demosaic.sv:95)
[EFX-0677 INFO] ... Memory 'pipe_2_center_cross_x2' is not initialized, assuming empty initial contents. (C:\Users\Jing-XuanTan(i)\Downloads\evsoc-efinity-v2026.1.132\evsoc-efinity-v2026.1.132\cam_single\Ti60F225_dsi\source/isp/demosaic.sv:96)
[EFX-0677 INFO] ... Memory 'pipe_2_outer_cross_x2' is not initialized, assuming empty initial contents. (C:\Users\Jing-XuanTan(i)\Downloads\evsoc-efinity-v2026.1.132\evsoc-efinity-v2026.1.132\cam_single\Ti60F225_dsi\source/isp/demosaic.sv:97)
[EFX-0677 INFO] ... Memory 'pipe_2_outer_cross_x3' is not initialized, assuming empty initial contents. (C:\Users\Jing-XuanTan(i)\Downloads\evsoc-efinity-v2026.1.132\evsoc-efinity-v2026.1.132\cam_single\Ti60F225_dsi\source/isp/demosaic.sv:98)
[EFX-0677 INFO] ... Memory 'pipe_2_inner_c_outer_h_x2' is not initialized, assuming empty initial contents. (C:\Users\Jing-XuanTan(i)\Downloads\evsoc-efinity-v2026.1.132\evsoc-efinity-v2026.1.132\cam_single\Ti60F225_dsi\source/isp/demosaic.sv:99)
[EFX-0677 INFO] ... Memory 'pipe_2_inner_c_outer_v_x2' is not initialized, assuming empty initial contents. (C:\Users\Jing-XuanTan(i)\Downloads\evsoc-efinity-v2026.1.132\evsoc-efinity-v2026.1.132\cam_single\Ti60F225_dsi\source/isp/demosaic.sv:100)
[EFX-0677 INFO] ... Memory 'pipe_2_rb_at_g1_x2' is not initialized, assuming empty initial contents. (C:\Users\Jing-XuanTan(i)\Downloads\evsoc-efinity-v2026.1.132\evsoc-efinity-v2026.1.132\cam_single\Ti60F225_dsi\source/isp/demosaic.sv:101)
[EFX-0677 INFO] ... Memory 'pipe_2_rb_at_g2_x2' is not initialized, assuming empty initial contents. (C:\Users\Jing-XuanTan(i)\Downloads\evsoc-efinity-v2026.1.132\evsoc-efinity-v2026.1.132\cam_single\Ti60F225_dsi\source/isp/demosaic.sv:102)
[EFX-0677 INFO] ... Memory 'pipe_2_rb_at_rb_x2' is not initialized, assuming empty initial contents. (C:\Users\Jing-XuanTan(i)\Downloads\evsoc-efinity-v2026.1.132\evsoc-efinity-v2026.1.132\cam_single\Ti60F225_dsi\source/isp/demosaic.sv:103)
[EFX-0266 INFO] Module Instance 'ccm_inst' input pin 's_axis_tdata[1]' is tied to constant (=0).
[EFX-0266 INFO] Module Instance 'ccm_inst' input pin 's_axis_tdata[2]' is tied to constant (=0).
[EFX-0266 INFO] Module Instance 'ccm_inst' input pin 's_axis_tdata[3]' is tied to constant (=0).
[EFX-0266 INFO] Module Instance 'ccm_inst' input pin 's_axis_tdata[4]' is tied to constant (=0).
[EFX-0266 INFO] Module Instance 'ccm_inst' input pin 's_axis_tdata[5]' is tied to constant (=0).
[EFX-0266 INFO] Module Instance 'ccm_inst' input pin 's_axis_tdata[6]' is tied to constant (=0).
[EFX-0266 INFO] Module Instance 'ccm_inst' input pin 's_axis_tdata[7]' is tied to constant (=0).
[EFX-0266 INFO] Module Instance 'ccm_inst' input pin 's_axis_tdata[8]' is tied to constant (=0).
[EFX-0266 INFO] Module Instance 'ccm_inst' input pin 's_axis_tdata[9]' is tied to constant (=0).
[EFX-0266 INFO] Module Instance 'ccm_inst' input pin 's_axis_tdata[10]' is tied to constant (=0).
[EFX-0266 INFO] Module Instance 'ccm_inst' input pin 's_axis_tdata[11]' is tied to constant (=0).
[EFX-0266 INFO] Module Instance 'ccm_inst' input pin 's_axis_tdata[12]' is tied to constant (=0).
[EFX-0266 INFO] Module Instance 'ccm_inst' input pin 's_axis_tdata[13]' is tied to constant (=0).
[EFX-0266 INFO] Module Instance 'ccm_inst' input pin 's_axis_tdata[14]' is tied to constant (=0).
[EFX-0266 INFO] Module Instance 'ccm_inst' input pin 's_axis_tdata[15]' is tied to constant (=0).
[EFX-0266 INFO] Module Instance 'ccm_inst' input pin 's_axis_tdata[16]' is tied to constant (=0).
[EFX-0266 INFO] Module Instance 'ccm_inst' input pin 's_axis_tdata[17]' is tied to constant (=0).
[EFX-0266 INFO] Module Instance 'ccm_inst' input pin 's_axis_tdata[18]' is tied to constant (=0).
[EFX-0266 INFO] Module Instance 'ccm_inst' input pin 's_axis_tdata[19]' is tied to constant (=0).
[EFX-0266 INFO] Module Instance 'ccm_inst' input pin 's_axis_tdata[20]' is tied to constant (=0).
[EFX-0266 INFO] Module Instance 'ccm_inst' input pin 's_axis_tdata[21]' is tied to constant (=0).
[EFX-0266 INFO] Module Instance 'ccm_inst' input pin 's_axis_tdata[22]' is tied to constant (=0).
[EFX-0266 INFO] Module Instance 'ccm_inst' input pin 's_axis_tdata[23]' is tied to constant (=0).
[EFX-0266 INFO] Module Instance 'ccm_inst' input pin 's_axis_tdata[24]' is tied to constant (=0).
[EFX-0266 INFO] Module Instance 'ccm_inst' input pin 's_axis_tdata[25]' is tied to constant (=0).
[EFX-0266 INFO] Module Instance 'ccm_inst' input pin 's_axis_tdata[26]' is tied to constant (=0).
[EFX-0266 INFO] Module Instance 'ccm_inst' input pin 's_axis_tdata[27]' is tied to constant (=0).
[EFX-0266 INFO] Module Instance 'ccm_inst' input pin 's_axis_tdata[28]' is tied to constant (=0).
[EFX-0266 INFO] Module Instance 'ccm_inst' input pin 's_axis_tdata[29]' is tied to constant (=0).
[EFX-0266 INFO] Module Instance 'ccm_inst' input pin 's_axis_tdata[30]' is tied to constant (=0).
[EFX-0266 INFO] Module Instance 'ccm_inst' input pin 's_axis_tdata[31]' is tied to constant (=0).
[EFX-0266 INFO] Module Instance 'ccm_inst' input pin 's_axis_tdata[32]' is tied to constant (=0).
[EFX-0266 INFO] Module Instance 'ccm_inst' input pin 's_axis_tdata[33]' is tied to constant (=0).
[EFX-0266 INFO] Module Instance 'ccm_inst' input pin 's_axis_tdata[34]' is tied to constant (=0).
[EFX-0266 INFO] Module Instance 'ccm_inst' input pin 's_axis_tdata[35]' is tied to constant (=0).
[EFX-0266 INFO] Module Instance 'ccm_inst' input pin 's_axis_tdata[36]' is tied to constant (=0).
[EFX-0266 INFO] Module Instance 'ccm_inst' input pin 's_axis_tdata[37]' is tied to constant (=0).
[EFX-0266 INFO] Module Instance 'ccm_inst' input pin 's_axis_tdata[38]' is tied to constant (=0).
[EFX-0266 INFO] Module Instance 'ccm_inst' input pin 's_axis_tdata[39]' is tied to constant (=0).
[EFX-0266 INFO] Module Instance 'ccm_inst' input pin 's_axis_tdata[40]' is tied to constant (=0).
[EFX-0266 INFO] Module Instance 'ccm_inst' input pin 's_axis_tdata[41]' is tied to constant (=0).
[EFX-0266 INFO] Module Instance 'ccm_inst' input pin 's_axis_tdata[42]' is tied to constant (=0).
[EFX-0266 INFO] Module Instance 'ccm_inst' input pin 's_axis_tdata[43]' is tied to constant (=0).
[EFX-0266 INFO] Module Instance 'ccm_inst' input pin 's_axis_tdata[44]' is tied to constant (=0).
[EFX-0266 INFO] Module Instance 'ccm_inst' input pin 's_axis_tdata[45]' is tied to constant (=0).
[EFX-0266 INFO] Module Instance 'ccm_inst' input pin 's_axis_tdata[46]' is tied to constant (=0).
[EFX-0266 INFO] Module Instance 'ccm_inst' input pin 's_axis_tdata[47]' is tied to constant (=0).
[EFX-0266 INFO] Module Instance 'ccm_inst' input pin 's_axis_tdata[48]' is tied to constant (=0).
[EFX-0266 INFO] Module Instance 'ccm_inst' input pin 's_axis_tdata[49]' is tied to constant (=0).
[EFX-0266 INFO] Module Instance 'ccm_inst' input pin 's_axis_tdata[50]' is tied to constant (=0).
[EFX-0266 INFO] Module Instance 'ccm_inst' input pin 's_axis_tdata[51]' is tied to constant (=0).
[EFX-0266 INFO] Module Instance 'ccm_inst' input pin 's_axis_tdata[52]' is tied to constant (=0).
[EFX-0266 INFO] Module Instance 'ccm_inst' input pin 's_axis_tdata[53]' is tied to constant (=0).
[EFX-0266 INFO] Module Instance 'ccm_inst' input pin 's_axis_tdata[54]' is tied to constant (=0).
[EFX-0266 INFO] Module Instance 'ccm_inst' input pin 's_axis_tdata[55]' is tied to constant (=0).
[EFX-0266 INFO] Module Instance 'ccm_inst' input pin 's_axis_tdata[56]' is tied to constant (=0).
[EFX-0266 INFO] Module Instance 'ccm_inst' input pin 's_axis_tdata[57]' is tied to constant (=0).
[EFX-0266 INFO] Module Instance 'ccm_inst' input pin 's_axis_tdata[58]' is tied to constant (=0).
[EFX-0266 INFO] Module Instance 'ccm_inst' input pin 's_axis_tdata[59]' is tied to constant (=0).
[EFX-0266 INFO] Module Instance 'ccm_inst' input pin 's_axis_tdata[60]' is tied to constant (=0).
[EFX-0266 INFO] Module Instance 'ccm_inst' input pin 's_axis_tdata[61]' is tied to constant (=0).
[EFX-0266 INFO] Module Instance 'ccm_inst' input pin 's_axis_tdata[62]' is tied to constant (=0).
[EFX-0266 INFO] Module Instance 'ccm_inst' input pin 's_axis_tdata[63]' is tied to constant (=0).
[EFX-0266 INFO] Module Instance 'ccm_inst' input pin 's_axis_tdata[64]' is tied to constant (=0).
[EFX-0266 INFO] Module Instance 'ccm_inst' input pin 's_axis_tdata[65]' is tied to constant (=0).
[EFX-0266 INFO] Module Instance 'ccm_inst' input pin 's_axis_tdata[66]' is tied to constant (=0).
[EFX-0266 INFO] Module Instance 'ccm_inst' input pin 's_axis_tdata[67]' is tied to constant (=0).
[EFX-0266 INFO] Module Instance 'ccm_inst' input pin 's_axis_tdata[68]' is tied to constant (=0).
[EFX-0266 INFO] Module Instance 'ccm_inst' input pin 's_axis_tdata[69]' is tied to constant (=0).
[EFX-0266 INFO] Module Instance 'ccm_inst' input pin 's_axis_tdata[70]' is tied to constant (=0).
[EFX-0266 INFO] Module Instance 'ccm_inst' input pin 's_axis_tdata[71]' is tied to constant (=0).
[EFX-0266 INFO] Module Instance 'active_high.efx_resetsync_active_high' input pin 'd_i[0]' is tied to constant (=0).
[EFX-0677 INFO] ... Memory 'ram' is not initialized, assuming empty initial contents. (C:\Users\Jing-XuanTan(i)\Downloads\evsoc-efinity-v2026.1.132\evsoc-efinity-v2026.1.132\cam_single\Ti60F225_dsi\ip\cam_dma_fifo\cam_dma_fifo.sv:667)
[EFX-0266 INFO] Module Instance 'u_isp_top' input pin 'm_axis_tready' is tied to constant (=1).
[EFX-0266 INFO] Module Instance 'inst_piv2_reg' input pin 'we1' is tied to constant (=0).
[EFX-0266 INFO] Module Instance 'inst_piv2_reg' input pin 'din1[0]' is tied to constant (=0).
[EFX-0266 INFO] Module Instance 'inst_piv2_reg' input pin 'din1[1]' is tied to constant (=0).
[EFX-0266 INFO] Module Instance 'inst_piv2_reg' input pin 'din1[2]' is tied to constant (=0).
[EFX-0266 INFO] Module Instance 'inst_piv2_reg' input pin 'din1[3]' is tied to constant (=0).
[EFX-0266 INFO] Module Instance 'inst_piv2_reg' input pin 'din1[4]' is tied to constant (=0).
[EFX-0266 INFO] Module Instance 'inst_piv2_reg' input pin 'din1[5]' is tied to constant (=0).
[EFX-0266 INFO] Module Instance 'inst_piv2_reg' input pin 'din1[6]' is tied to constant (=0).
[EFX-0266 INFO] Module Instance 'inst_piv2_reg' input pin 'din1[7]' is tied to constant (=0).
[EFX-0266 INFO] Module Instance 'inst_piv2_reg' input pin 'din1[8]' is tied to constant (=0).
[EFX-0677 INFO] ... Memory 'ram' is not initialized, assuming empty initial contents. (C:\Users\Jing-XuanTan(i)\Downloads\evsoc-efinity-v2026.1.132\evsoc-efinity-v2026.1.132\cam_single\Ti60F225_dsi\source/common/common_simple_dual_port_ram.v:24)
[EFX-0677 INFO] ... Memory 'ram' is not initialized, assuming empty initial contents. (C:\Users\Jing-XuanTan(i)\Downloads\evsoc-efinity-v2026.1.132\evsoc-efinity-v2026.1.132\cam_single\Ti60F225_dsi\ip\display_dma_fifo\display_dma_fifo.sv:667)
[EFX-0677 INFO] ... Memory 'ram' is not initialized, assuming empty initial contents. (C:\Users\Jing-XuanTan(i)\Downloads\evsoc-efinity-v2026.1.132\evsoc-efinity-v2026.1.132\cam_single\Ti60F225_dsi\ip\dsi_tx_display\dsi_tx_display.sv:12549)
[EFX-0677 INFO] ... Memory 'ram' is not initialized, assuming empty initial contents. (C:\Users\Jing-XuanTan(i)\Downloads\evsoc-efinity-v2026.1.132\evsoc-efinity-v2026.1.132\cam_single\Ti60F225_dsi\ip\dsi_tx_display\dsi_tx_display.sv:12549)
[EFX-0677 INFO] ... Memory 'ram' is not initialized, assuming empty initial contents. (C:\Users\Jing-XuanTan(i)\Downloads\evsoc-efinity-v2026.1.132\evsoc-efinity-v2026.1.132\cam_single\Ti60F225_dsi\ip\dsi_tx_display\dsi_tx_display.sv:12549)
[EFX-0677 INFO] ... Memory 'ram' is not initialized, assuming empty initial contents. (C:\Users\Jing-XuanTan(i)\Downloads\evsoc-efinity-v2026.1.132\evsoc-efinity-v2026.1.132\cam_single\Ti60F225_dsi\ip\dsi_tx_display\dsi_tx_display.sv:12549)
[EFX-0677 INFO] ... Memory 'ram' is not initialized, assuming empty initial contents. (C:\Users\Jing-XuanTan(i)\Downloads\evsoc-efinity-v2026.1.132\evsoc-efinity-v2026.1.132\cam_single\Ti60F225_dsi\ip\dsi_tx_display\dsi_tx_display.sv:12549)
[EFX-0677 INFO] ... Memory 'ram' is not initialized, assuming empty initial contents. (C:\Users\Jing-XuanTan(i)\Downloads\evsoc-efinity-v2026.1.132\evsoc-efinity-v2026.1.132\cam_single\Ti60F225_dsi\ip\hbram\hbram.sv:6067)
[EFX-0677 INFO] ... Memory 'ram' is not initialized, assuming empty initial contents. (C:\Users\Jing-XuanTan(i)\Downloads\evsoc-efinity-v2026.1.132\evsoc-efinity-v2026.1.132\cam_single\Ti60F225_dsi\ip\hbram\hbram.sv:6067)
[EFX-0677 INFO] ... Memory 'ram' is not initialized, assuming empty initial contents. (C:\Users\Jing-XuanTan(i)\Downloads\evsoc-efinity-v2026.1.132\evsoc-efinity-v2026.1.132\cam_single\Ti60F225_dsi\ip\hbram\hbram.sv:6067)
[EFX-0677 INFO] ... Memory 'ram' is not initialized, assuming empty initial contents. (C:\Users\Jing-XuanTan(i)\Downloads\evsoc-efinity-v2026.1.132\evsoc-efinity-v2026.1.132\cam_single\Ti60F225_dsi\ip\hbram\hbram.sv:6067)
[EFX-0677 INFO] ... Memory 'ram' is not initialized, assuming empty initial contents. (C:\Users\Jing-XuanTan(i)\Downloads\evsoc-efinity-v2026.1.132\evsoc-efinity-v2026.1.132\cam_single\Ti60F225_dsi\ip\hbram\hbram.sv:6067)
[EFX-0677 INFO] ... Memory 'ram' is not initialized, assuming empty initial contents. (C:\Users\Jing-XuanTan(i)\Downloads\evsoc-efinity-v2026.1.132\evsoc-efinity-v2026.1.132\cam_single\Ti60F225_dsi\ip\hbram\hbram.sv:6067)
[EFX-0677 INFO] ... Memory 'ram' is not initialized, assuming empty initial contents. (C:\Users\Jing-XuanTan(i)\Downloads\evsoc-efinity-v2026.1.132\evsoc-efinity-v2026.1.132\cam_single\Ti60F225_dsi\ip\hbram\hbram.sv:6067)
[EFX-0677 INFO] ... Memory 'banks_0' is not initialized, assuming empty initial contents. (C:\Users\Jing-XuanTan(i)\Downloads\evsoc-efinity-v2026.1.132\evsoc-efinity-v2026.1.132\cam_single\Ti60F225_dsi\ip\SapphireSoc\SapphireSoc.v:22515)
[EFX-0677 INFO] ... Memory 'ways_0_tags' is not initialized, assuming empty initial contents. (C:\Users\Jing-XuanTan(i)\Downloads\evsoc-efinity-v2026.1.132\evsoc-efinity-v2026.1.132\cam_single\Ti60F225_dsi\ip\SapphireSoc\SapphireSoc.v:22516)
[EFX-0677 INFO] ... Memory 'ways_0_tags' is not initialized, assuming empty initial contents. (C:\Users\Jing-XuanTan(i)\Downloads\evsoc-efinity-v2026.1.132\evsoc-efinity-v2026.1.132\cam_single\Ti60F225_dsi\ip\SapphireSoc\SapphireSoc.v:21769)
[EFX-0677 INFO] ... Memory 'ways_0_data_symbol0' is not initialized, assuming empty initial contents. (C:\Users\Jing-XuanTan(i)\Downloads\evsoc-efinity-v2026.1.132\evsoc-efinity-v2026.1.132\cam_single\Ti60F225_dsi\ip\SapphireSoc\SapphireSoc.v:21770)
[EFX-0677 INFO] ... Memory 'ways_0_data_symbol1' is not initialized, assuming empty initial contents. (C:\Users\Jing-XuanTan(i)\Downloads\evsoc-efinity-v2026.1.132\evsoc-efinity-v2026.1.132\cam_single\Ti60F225_dsi\ip\SapphireSoc\SapphireSoc.v:21771)
[EFX-0677 INFO] ... Memory 'ways_0_data_symbol2' is not initialized, assuming empty initial contents. (C:\Users\Jing-XuanTan(i)\Downloads\evsoc-efinity-v2026.1.132\evsoc-efinity-v2026.1.132\cam_single\Ti60F225_dsi\ip\SapphireSoc\SapphireSoc.v:21772)
[EFX-0677 INFO] ... Memory 'ways_0_data_symbol3' is not initialized, assuming empty initial contents. (C:\Users\Jing-XuanTan(i)\Downloads\evsoc-efinity-v2026.1.132\evsoc-efinity-v2026.1.132\cam_single\Ti60F225_dsi\ip\SapphireSoc\SapphireSoc.v:21773)
[EFX-0677 INFO] ... Memory 'RegFilePlugin_regFile' is not initialized, assuming empty initial contents. (C:\Users\Jing-XuanTan(i)\Downloads\evsoc-efinity-v2026.1.132\evsoc-efinity-v2026.1.132\cam_single\Ti60F225_dsi\ip\SapphireSoc\SapphireSoc.v:14207)
[EFX-0677 INFO] ... Memory 'logic_progbufX_mem' is not initialized, assuming empty initial contents. (C:\Users\Jing-XuanTan(i)\Downloads\evsoc-efinity-v2026.1.132\evsoc-efinity-v2026.1.132\cam_single\Ti60F225_dsi\ip\SapphireSoc\SapphireSoc.v:12001)
[EFX-0677 INFO] ... Memory 'logic_ram' is not initialized, assuming empty initial contents. (C:\Users\Jing-XuanTan(i)\Downloads\evsoc-efinity-v2026.1.132\evsoc-efinity-v2026.1.132\cam_single\Ti60F225_dsi\ip\SapphireSoc\SapphireSoc.v:21170)
[EFX-0677 INFO] ... Memory 'ram' is not initialized, assuming empty initial contents. (C:\Users\Jing-XuanTan(i)\Downloads\evsoc-efinity-v2026.1.132\evsoc-efinity-v2026.1.132\cam_single\Ti60F225_dsi\ip\SapphireSoc\SapphireSoc.v:20952)
[EFX-0677 INFO] ... Memory 'ram' is not initialized, assuming empty initial contents. (C:\Users\Jing-XuanTan(i)\Downloads\evsoc-efinity-v2026.1.132\evsoc-efinity-v2026.1.132\cam_single\Ti60F225_dsi\ip\SapphireSoc\SapphireSoc.v:20701)
[EFX-0677 INFO] ... Memory 'logic_ram' is not initialized, assuming empty initial contents. (C:\Users\Jing-XuanTan(i)\Downloads\evsoc-efinity-v2026.1.132\evsoc-efinity-v2026.1.132\cam_single\Ti60F225_dsi\ip\SapphireSoc\SapphireSoc.v:20390)
[EFX-0677 INFO] ... Memory 'logic_ram' is not initialized, assuming empty initial contents. (C:\Users\Jing-XuanTan(i)\Downloads\evsoc-efinity-v2026.1.132\evsoc-efinity-v2026.1.132\cam_single\Ti60F225_dsi\ip\SapphireSoc\SapphireSoc.v:19775)
[EFX-0677 INFO] ... Memory 'logic_ram' is not initialized, assuming empty initial contents. (C:\Users\Jing-XuanTan(i)\Downloads\evsoc-efinity-v2026.1.132\evsoc-efinity-v2026.1.132\cam_single\Ti60F225_dsi\ip\SapphireSoc\SapphireSoc.v:18958)
[EFX-0677 INFO] ... Memory 'logic_ram' is not initialized, assuming empty initial contents. (C:\Users\Jing-XuanTan(i)\Downloads\evsoc-efinity-v2026.1.132\evsoc-efinity-v2026.1.132\cam_single\Ti60F225_dsi\ip\SapphireSoc\SapphireSoc.v:18787)
[EFX-0677 INFO] ... Memory 'slaveReg' is not initialized, assuming empty initial contents. (C:\Users\Jing-XuanTan(i)\Downloads\evsoc-efinity-v2026.1.132\evsoc-efinity-v2026.1.132\cam_single\Ti60F225_dsi\source\hw_accel\hw_accel_apb3.v:37)
[EFX-0677 INFO] ... Memory 'banks_0_ram' is not initialized, assuming empty initial contents. (C:\Users\Jing-XuanTan(i)\Downloads\evsoc-efinity-v2026.1.132\evsoc-efinity-v2026.1.132\cam_single\Ti60F225_dsi\ip\dma\dma.v:13408)
[EFX-0677 INFO] ... Memory 'banks_1_ram' is not initialized, assuming empty initial contents. (C:\Users\Jing-XuanTan(i)\Downloads\evsoc-efinity-v2026.1.132\evsoc-efinity-v2026.1.132\cam_single\Ti60F225_dsi\ip\dma\dma.v:13409)
[EFX-0677 INFO] ... Memory 'logic_ram' is not initialized, assuming empty initial contents. (C:\Users\Jing-XuanTan(i)\Downloads\evsoc-efinity-v2026.1.132\evsoc-efinity-v2026.1.132\cam_single\Ti60F225_dsi\ip\dma\dma.v:14476)
[EFX-0677 INFO] ... Memory 'logic_ram' is not initialized, assuming empty initial contents. (C:\Users\Jing-XuanTan(i)\Downloads\evsoc-efinity-v2026.1.132\evsoc-efinity-v2026.1.132\cam_single\Ti60F225_dsi\ip\dma\dma.v:3824)
[EFX-0677 INFO] ... Memory 'logic_ram' is not initialized, assuming empty initial contents. (C:\Users\Jing-XuanTan(i)\Downloads\evsoc-efinity-v2026.1.132\evsoc-efinity-v2026.1.132\cam_single\Ti60F225_dsi\ip\dma\dma.v:9175)
[EFX-0677 INFO] ... Memory 'logic_ram' is not initialized, assuming empty initial contents. (C:\Users\Jing-XuanTan(i)\Downloads\evsoc-efinity-v2026.1.132\evsoc-efinity-v2026.1.132\cam_single\Ti60F225_dsi\ip\dma\dma.v:14294)
[EFX-0677 INFO] ... Memory 'ram' is not initialized, assuming empty initial contents. (C:\Users\Jing-XuanTan(i)\Downloads\evsoc-efinity-v2026.1.132\evsoc-efinity-v2026.1.132\cam_single\Ti60F225_dsi\ip\dma\dma.v:3136)
[EFX-0677 INFO] ... Memory 'ram' is not initialized, assuming empty initial contents. (C:\Users\Jing-XuanTan(i)\Downloads\evsoc-efinity-v2026.1.132\evsoc-efinity-v2026.1.132\cam_single\Ti60F225_dsi\ip\dma\dma.v:2839)
[EFX-0677 INFO] ... Memory 'ram' is not initialized, assuming empty initial contents. (C:\Users\Jing-XuanTan(i)\Downloads\evsoc-efinity-v2026.1.132\evsoc-efinity-v2026.1.132\cam_single\Ti60F225_dsi\ip\dma\dma.v:2627)
[EFX-0677 INFO] ... Memory 'ram' is not initialized, assuming empty initial contents. (C:\Users\Jing-XuanTan(i)\Downloads\evsoc-efinity-v2026.1.132\evsoc-efinity-v2026.1.132\cam_single\Ti60F225_dsi\ip\dma\dma.v:2415)
[EFX-0677 INFO] ... Memory 'ram' is not initialized, assuming empty initial contents. (C:\Users\Jing-XuanTan(i)\Downloads\evsoc-efinity-v2026.1.132\evsoc-efinity-v2026.1.132\cam_single\Ti60F225_dsi\ip\dma\dma.v:2203)
[EFX-0000 INFO] ... Pre-synthesis checks end (Real time : 0s)
[EFX-0000 INFO] ... NameSpace init begin
[EFX-0000 INFO] ... NameSpace init end (Real time : 0s)
[EFX-0000 INFO] ... Mapping design "edge_vision_soc"
[EFX-0000 INFO] ... Hierarchical pre-synthesis "reset(OUT_RST_ACTIVE="LOW")" begin
[EFX-0000 INFO] ... Hierarchical pre-synthesis "reset(OUT_RST_ACTIVE="LOW")" end (Real time : 0s)
[EFX-0000 INFO] ... Hierarchical pre-synthesis "reset" begin
[EFX-0000 INFO] ... Hierarchical pre-synthesis "reset" end (Real time : 0s)
[EFX-0000 INFO] ... Hierarchical pre-synthesis "common_reset(NUM_RST=8,IN_RST_ACTIVE=8'b0,OUT_RST_ACTIVE=8'b0101010)" begin
[EFX-0000 INFO] ... Hierarchical pre-synthesis "common_reset(NUM_RST=8,IN_RST_ACTIVE=8'b0,OUT_RST_ACTIVE=8'b0101010)" end (Real time : 0s)
[EFX-0000 INFO] ... Hierarchical pre-synthesis "dphy_rx_clane_fsm_f123b49f0f574f64a9a2982368753f7b" begin
[EFX-0000 INFO] ... Hierarchical pre-synthesis "dphy_rx_clane_fsm_f123b49f0f574f64a9a2982368753f7b" end (Real time : 0s)
[EFX-0000 INFO] ... Hierarchical pre-synthesis "dphy_rx_dlane_fsm_f123b49f0f574f64a9a2982368753f7b(HS_BYTECLK_MHZ=113)" begin
[EFX-0000 INFO] ... Hierarchical pre-synthesis "dphy_rx_dlane_fsm_f123b49f0f574f64a9a2982368753f7b(HS_BYTECLK_MHZ=113)" end (Real time : 0s)
[EFX-0000 INFO] ... Hierarchical pre-synthesis "dphy_rx_dword_align_f123b49f0f574f64a9a2982368753f7b(HS_DATA_WIDTH=8)" begin
[EFX-0000 INFO] ... Hierarchical pre-synthesis "dphy_rx_dword_align_f123b49f0f574f64a9a2982368753f7b(HS_DATA_WIDTH=8)" end (Real time : 0s)
[EFX-0000 INFO] ... Hierarchical pre-synthesis "efx_asyncreg_f123b49f0f574f64a9a2982368753f7b(WIDTH=1)" begin
[EFX-0000 INFO] ... Hierarchical pre-synthesis "efx_asyncreg_f123b49f0f574f64a9a2982368753f7b(WIDTH=1)" end (Real time : 0s)
[EFX-0000 INFO] ... Hierarchical pre-synthesis "dphy_rx_deskew_cal_f123b49f0f574f64a9a2982368753f7b" begin
[EFX-0000 INFO] ... Hierarchical pre-synthesis "dphy_rx_deskew_cal_f123b49f0f574f64a9a2982368753f7b" end (Real time : 0s)
[EFX-0000 INFO] ... Hierarchical pre-synthesis "efx_dphy_rx_f123b49f0f574f64a9a2982368753f7b(HS_BYTECLK_MHZ=113,NUM_DATA_LANE=2,ENABLE_USER_DESKEWCAL=1'b0,DPHY_CLOCK_MODE="Discontinuous")" begin
[EFX-0000 INFO] ... Hierarchical pre-synthesis "efx_dphy_rx_f123b49f0f574f64a9a2982368753f7b(HS_BYTECLK_MHZ=113,NUM_DATA_LANE=2,ENABLE_USER_DESKEWCAL=1'b0,DPHY_CLOCK_MODE="Discontinuous")" end (Real time : 1s)
[EFX-0000 INFO] ... Hierarchical pre-synthesis "efx_asyncreg_f123b49f0f574f64a9a2982368753f7b(WIDTH=2)" begin
[EFX-0000 INFO] ... Hierarchical pre-synthesis "efx_asyncreg_f123b49f0f574f64a9a2982368753f7b(WIDTH=2)" end (Real time : 0s)
[EFX-0000 INFO] ... Hierarchical pre-synthesis "efx_asyncreg_f123b49f0f574f64a9a2982368753f7b" begin
[EFX-0000 INFO] ... Hierarchical pre-synthesis "efx_asyncreg_f123b49f0f574f64a9a2982368753f7b" end (Real time : 0s)
[EFX-0000 INFO] ... Hierarchical pre-synthesis "efx_csi2_rx_csr_f123b49f0f574f64a9a2982368753f7b(NUM_DATA_LANE=2)" begin
[EFX-0000 INFO] ... Hierarchical pre-synthesis "efx_csi2_rx_csr_f123b49f0f574f64a9a2982368753f7b(NUM_DATA_LANE=2)" end (Real time : 0s)
[EFX-0000 INFO] ... Hierarchical pre-synthesis "efx_csi2_ecc_check_f123b49f0f574f64a9a2982368753f7b" begin
[EFX-0000 INFO] ... Hierarchical pre-synthesis "efx_csi2_ecc_check_f123b49f0f574f64a9a2982368753f7b" end (Real time : 0s)
[EFX-0000 INFO] ... Hierarchical pre-synthesis "efx_csi2_crc16_d16_gen_f123b49f0f574f64a9a2982368753f7b" begin
[EFX-0000 INFO] ... Hierarchical pre-synthesis "efx_csi2_crc16_d16_gen_f123b49f0f574f64a9a2982368753f7b" end (Real time : 0s)
[EFX-0000 INFO] ... Hierarchical pre-synthesis "efx_csi2_depacketizer_f123b49f0f574f64a9a2982368753f7b(ENABLE_VCX=1'b0,NUM_DATA_LANE=2)" begin
[EFX-0000 INFO] ... Hierarchical pre-synthesis "efx_csi2_depacketizer_f123b49f0f574f64a9a2982368753f7b(ENABLE_VCX=1'b0,NUM_DATA_LANE=2)" end (Real time : 0s)
[EFX-0000 INFO] ... Hierarchical pre-synthesis "efx_asyncreg_f123b49f0f574f64a9a2982368753f7b(WIDTH=1,ACTIVE_LOW=0,RST_VALUE=1)" begin
[EFX-0000 INFO] ... Hierarchical pre-synthesis "efx_asyncreg_f123b49f0f574f64a9a2982368753f7b(WIDTH=1,ACTIVE_LOW=0,RST_VALUE=1)" end (Real time : 0s)
[EFX-0000 INFO] ... Hierarchical pre-synthesis "efx_resetsync_f123b49f0f574f64a9a2982368753f7b(ACTIVE_LOW=0)" begin
[EFX-0000 INFO] ... Hierarchical pre-synthesis "efx_resetsync_f123b49f0f574f64a9a2982368753f7b(ACTIVE_LOW=0)" end (Real time : 0s)
[EFX-0000 INFO] ... Hierarchical pre-synthesis "efx_fifo_ram_f123b49f0f574f64a9a2982368753f7b(WR_DEPTH=16,RD_DEPTH=16,WADDR_WIDTH=4,RADDR_WIDTH=4,OUTPUT_REG=0,RAM_MUX_RATIO=1)" begin
[EFX-0000 INFO] ... Hierarchical pre-synthesis "efx_fifo_ram_f123b49f0f574f64a9a2982368753f7b(WR_DEPTH=16,RD_DEPTH=16,WADDR_WIDTH=4,RADDR_WIDTH=4,OUTPUT_REG=0,RAM_MUX_RATIO=1)" end (Real time : 0s)
[EFX-0000 INFO] ... Hierarchical pre-synthesis "efx_fifo_ctl_f123b49f0f574f64a9a2982368753f7b(MODE="FWFT",WR_DEPTH=16,WADDR_WIDTH=4,RADDR_WIDTH=4,ALMOST_FLAG=0,PROG_FULL_ASSERT=16,PROG_FULL_NEGATE=16,HANDSHAKE_FLAG=0,OVERFLOW_PROTECT=1,UNDERFLOW_PROTECT=1)" begin
[EFX-0000 INFO] ... Hierarchical pre-synthesis "efx_fifo_ctl_f123b49f0f574f64a9a2982368753f7b(MODE="FWFT",WR_DEPTH=16,WADDR_WIDTH=4,RADDR_WIDTH=4,ALMOST_FLAG=0,PROG_FULL_ASSERT=16,PROG_FULL_NEGATE=16,HANDSHAKE_FLAG=0,OVERFLOW_PROTECT=1,UNDERFLOW_PROTECT=1)" end (Real time : 0s)
[EFX-0000 INFO] ... Hierarchical pre-synthesis "efx_fifo_top_f123b49f0f574f64a9a2982368753f7b(SYNC_CLK=1,MODE="FWFT",DEPTH=16,DATA_WIDTH=8,OPTIONAL_FLAGS=0,PROGRAMMABLE_FULL="NONE",PROG_FULL_ASSERT=16,PROG_FULL_NEGATE=16,PROGRAMMABLE_EMPTY="NONE",PROG_EMPTY_ASSERT=0,PROG_EMPTY_NEGATE=0)" begin
[EFX-0000 INFO] ... Hierarchical pre-synthesis "efx_fifo_top_f123b49f0f574f64a9a2982368753f7b(SYNC_CLK=1,MODE="FWFT",DEPTH=16,DATA_WIDTH=8,OPTIONAL_FLAGS=0,PROGRAMMABLE_FULL="NONE",PROG_FULL_ASSERT=16,PROG_FULL_NEGATE=16,PROGRAMMABLE_EMPTY="NONE",PROG_EMPTY_ASSERT=0,PROG_EMPTY_NEGATE=0)" end (Real time : 0s)
[EFX-0000 INFO] ... Hierarchical pre-synthesis "efx_csi2_lane_aligner_f123b49f0f574f64a9a2982368753f7b(NUM_DATA_LANE=2)" begin
[EFX-0000 INFO] ... Hierarchical pre-synthesis "efx_csi2_lane_aligner_f123b49f0f574f64a9a2982368753f7b(NUM_DATA_LANE=2)" end (Real time : 0s)
[EFX-0000 INFO] ... Hierarchical pre-synthesis "efx_asyncreg_f123b49f0f574f64a9a2982368753f7b(WIDTH=16)" begin
[EFX-0000 INFO] ... Hierarchical pre-synthesis "efx_asyncreg_f123b49f0f574f64a9a2982368753f7b(WIDTH=16)" end (Real time : 0s)
[EFX-0000 INFO] ... Hierarchical pre-synthesis "efx_csi2_depack40bit_f123b49f0f574f64a9a2982368753f7b" begin
[EFX-0000 INFO] ... Hierarchical pre-synthesis "efx_csi2_depack40bit_f123b49f0f574f64a9a2982368753f7b" end (Real time : 0s)
[EFX-0000 INFO] ... Hierarchical pre-synthesis "efx_csi2_depack48bit_f123b49f0f574f64a9a2982368753f7b" begin
[EFX-0000 INFO] ... Hierarchical pre-synthesis "efx_csi2_depack48bit_f123b49f0f574f64a9a2982368753f7b" end (Real time : 0s)
[EFX-0000 INFO] ... Hierarchical pre-synthesis "efx_csi2_depack56bit_f123b49f0f574f64a9a2982368753f7b" begin
[EFX-0000 INFO] ... Hierarchical pre-synthesis "efx_csi2_depack56bit_f123b49f0f574f64a9a2982368753f7b" end (Real time : 0s)
[EFX-0000 INFO] ... Hierarchical pre-synthesis "efx_csi2_depack64bit_f123b49f0f574f64a9a2982368753f7b" begin
[EFX-0000 INFO] ... Hierarchical pre-synthesis "efx_csi2_depack64bit_f123b49f0f574f64a9a2982368753f7b" end (Real time : 0s)
[EFX-0000 INFO] ... Hierarchical pre-synthesis "efx_fifo_ram_f123b49f0f574f64a9a2982368753f7b(WR_DEPTH=2048,RD_DEPTH=2048,WDATA_WIDTH=64,RDATA_WIDTH=64,WADDR_WIDTH=11,RADDR_WIDTH=11,OUTPUT_REG=0,RAM_MUX_RATIO=1)" begin
[EFX-0000 INFO] ... Hierarchical pre-synthesis "efx_fifo_ram_f123b49f0f574f64a9a2982368753f7b(WR_DEPTH=2048,RD_DEPTH=2048,WDATA_WIDTH=64,RDATA_WIDTH=64,WADDR_WIDTH=11,RADDR_WIDTH=11,OUTPUT_REG=0,RAM_MUX_RATIO=1)" end (Real time : 0s)
[EFX-0000 INFO] ... Hierarchical pre-synthesis "efx_fifo_bin2gray_f123b49f0f574f64a9a2982368753f7b(WIDTH=12)" begin
[EFX-0000 INFO] ... Hierarchical pre-synthesis "efx_fifo_bin2gray_f123b49f0f574f64a9a2982368753f7b(WIDTH=12)" end (Real time : 0s)
[EFX-0000 INFO] ... Hierarchical pre-synthesis "efx_asyncreg_f123b49f0f574f64a9a2982368753f7b(WIDTH=12,ACTIVE_LOW=0,OFF_ASSERTION=1)" begin
[EFX-0000 INFO] ... Hierarchical pre-synthesis "efx_asyncreg_f123b49f0f574f64a9a2982368753f7b(WIDTH=12,ACTIVE_LOW=0,OFF_ASSERTION=1)" end (Real time : 0s)
[EFX-0000 INFO] ... Hierarchical pre-synthesis "efx_fifo_gray2bin_f123b49f0f574f64a9a2982368753f7b(WIDTH=2)" begin
[EFX-0000 INFO] ... Hierarchical pre-synthesis "efx_fifo_gray2bin_f123b49f0f574f64a9a2982368753f7b(WIDTH=2)" end (Real time : 0s)
[EFX-0000 INFO] ... Hierarchical pre-synthesis "efx_fifo_gray2bin_f123b49f0f574f64a9a2982368753f7b(WIDTH=3)" begin
[EFX-0000 INFO] ... Hierarchical pre-synthesis "efx_fifo_gray2bin_f123b49f0f574f64a9a2982368753f7b(WIDTH=3)" end (Real time : 0s)
[EFX-0000 INFO] ... Hierarchical pre-synthesis "efx_fifo_gray2bin_f123b49f0f574f64a9a2982368753f7b(WIDTH=4)" begin
[EFX-0000 INFO] ... Hierarchical pre-synthesis "efx_fifo_gray2bin_f123b49f0f574f64a9a2982368753f7b(WIDTH=4)" end (Real time : 0s)
[EFX-0000 INFO] ... Hierarchical pre-synthesis "efx_fifo_gray2bin_f123b49f0f574f64a9a2982368753f7b" begin
[EFX-0000 INFO] ... Hierarchical pre-synthesis "efx_fifo_gray2bin_f123b49f0f574f64a9a2982368753f7b" end (Real time : 0s)
[EFX-0000 INFO] ... Hierarchical pre-synthesis "efx_fifo_gray2bin_f123b49f0f574f64a9a2982368753f7b(WIDTH=6)" begin
[EFX-0000 INFO] ... Hierarchical pre-synthesis "efx_fifo_gray2bin_f123b49f0f574f64a9a2982368753f7b(WIDTH=6)" end (Real time : 0s)
[EFX-0000 INFO] ... Hierarchical pre-synthesis "efx_fifo_gray2bin_f123b49f0f574f64a9a2982368753f7b(WIDTH=7)" begin
[EFX-0000 INFO] ... Hierarchical pre-synthesis "efx_fifo_gray2bin_f123b49f0f574f64a9a2982368753f7b(WIDTH=7)" end (Real time : 0s)
[EFX-0000 INFO] ... Hierarchical pre-synthesis "efx_fifo_gray2bin_f123b49f0f574f64a9a2982368753f7b(WIDTH=8)" begin
[EFX-0000 INFO] ... Hierarchical pre-synthesis "efx_fifo_gray2bin_f123b49f0f574f64a9a2982368753f7b(WIDTH=8)" end (Real time : 0s)
[EFX-0000 INFO] ... Hierarchical pre-synthesis "efx_fifo_gray2bin_f123b49f0f574f64a9a2982368753f7b(WIDTH=9)" begin
[EFX-0000 INFO] ... Hierarchical pre-synthesis "efx_fifo_gray2bin_f123b49f0f574f64a9a2982368753f7b(WIDTH=9)" end (Real time : 0s)
[EFX-0000 INFO] ... Hierarchical pre-synthesis "efx_fifo_gray2bin_f123b49f0f574f64a9a2982368753f7b(WIDTH=10)" begin
[EFX-0000 INFO] ... Hierarchical pre-synthesis "efx_fifo_gray2bin_f123b49f0f574f64a9a2982368753f7b(WIDTH=10)" end (Real time : 0s)
[EFX-0000 INFO] ... Hierarchical pre-synthesis "efx_fifo_gray2bin_f123b49f0f574f64a9a2982368753f7b(WIDTH=11)" begin
[EFX-0000 INFO] ... Hierarchical pre-synthesis "efx_fifo_gray2bin_f123b49f0f574f64a9a2982368753f7b(WIDTH=11)" end (Real time : 0s)
[EFX-0000 INFO] ... Hierarchical pre-synthesis "efx_fifo_gray2bin_f123b49f0f574f64a9a2982368753f7b(WIDTH=12)" begin
[EFX-0000 INFO] ... Hierarchical pre-synthesis "efx_fifo_gray2bin_f123b49f0f574f64a9a2982368753f7b(WIDTH=12)" end (Real time : 0s)
[EFX-0000 INFO] ... Hierarchical pre-synthesis "efx_fifo_ctl_f123b49f0f574f64a9a2982368753f7b(SYNC_CLK=0,MODE="FWFT",WR_DEPTH=2048,WADDR_WIDTH=11,RADDR_WIDTH=11,ALMOST_FLAG=0,PROG_FULL_ASSERT=2048,PROG_FULL_NEGATE=2048,PROGRAMMABLE_EMPTY="STATIC_DUAL",PROG_EMPTY_ASSERT=1,PROG_EMPTY_NEGATE=1,HANDSHAKE_FLAG=0,OVERFLOW_PROTECT=1,UNDERFLOW_PROTECT=1)" begin
[EFX-0000 INFO] ... Hierarchical pre-synthesis "efx_fifo_ctl_f123b49f0f574f64a9a2982368753f7b(SYNC_CLK=0,MODE="FWFT",WR_DEPTH=2048,WADDR_WIDTH=11,RADDR_WIDTH=11,ALMOST_FLAG=0,PROG_FULL_ASSERT=2048,PROG_FULL_NEGATE=2048,PROGRAMMABLE_EMPTY="STATIC_DUAL",PROG_EMPTY_ASSERT=1,PROG_EMPTY_NEGATE=1,HANDSHAKE_FLAG=0,OVERFLOW_PROTECT=1,UNDERFLOW_PROTECT=1)" end (Real time : 0s)
[EFX-0000 INFO] ... Hierarchical pre-synthesis "efx_fifo_top_f123b49f0f574f64a9a2982368753f7b(MODE="FWFT",DEPTH=2048,DATA_WIDTH=64,OPTIONAL_FLAGS=0,PROGRAMMABLE_FULL="NONE",PROG_FULL_ASSERT=2048,PROG_FULL_NEGATE=2048,PROG_EMPTY_ASSERT=1,PROG_EMPTY_NEGATE=1)" begin
[EFX-0000 INFO] ... Hierarchical pre-synthesis "efx_fifo_top_f123b49f0f574f64a9a2982368753f7b(MODE="FWFT",DEPTH=2048,DATA_WIDTH=64,OPTIONAL_FLAGS=0,PROGRAMMABLE_FULL="NONE",PROG_FULL_ASSERT=2048,PROG_FULL_NEGATE=2048,PROG_EMPTY_ASSERT=1,PROG_EMPTY_NEGATE=1)" end (Real time : 0s)
[EFX-0000 INFO] ... Hierarchical pre-synthesis "efx_csi2_byte2pixel_f123b49f0f574f64a9a2982368753f7b(PIXEL_FIFO_DEPTH=2048,ENABLE_VCX=1'b0,PACK_TYPE=15)" begin
[EFX-0000 INFO] ... Hierarchical pre-synthesis "efx_csi2_byte2pixel_f123b49f0f574f64a9a2982368753f7b(PIXEL_FIFO_DEPTH=2048,ENABLE_VCX=1'b0,PACK_TYPE=15)" end (Real time : 1s)
[EFX-0000 INFO] ... Hierarchical pre-synthesis "efx_csi2_rx_top_f123b49f0f574f64a9a2982368753f7b(HS_DATA_WIDTH=8,tINIT_NS=100000,NUM_DATA_LANE=2,PACK_TYPE=15,ENABLE_VCX=1'b0,PIXEL_FIFO_DEPTH=2048)" begin
[EFX-0000 INFO] ... Hierarchical pre-synthesis "efx_csi2_rx_top_f123b49f0f574f64a9a2982368753f7b(HS_DATA_WIDTH=8,tINIT_NS=100000,NUM_DATA_LANE=2,PACK_TYPE=15,ENABLE_VCX=1'b0,PIXEL_FIFO_DEPTH=2048)" end (Real time : 0s)
[EFX-0000 INFO] ... Hierarchical pre-synthesis "efx_csi2_rx_f123b49f0f574f64a9a2982368753f7b(NUM_DATA_LANE=2,HS_BYTECLK_MHZ=113,DPHY_CLOCK_MODE="Discontinuous",PIXEL_FIFO_DEPTH=2048,ENABLE_USER_DESKEWCAL=1'b0,ENABLE_VCX=1'b0,PACK_TYPE=15)" begin
[EFX-0000 INFO] ... Hierarchical pre-synthesis "efx_csi2_rx_f123b49f0f574f64a9a2982368753f7b(NUM_DATA_LANE=2,HS_BYTECLK_MHZ=113,DPHY_CLOCK_MODE="Discontinuous",PIXEL_FIFO_DEPTH=2048,ENABLE_USER_DESKEWCAL=1'b0,ENABLE_VCX=1'b0,PACK_TYPE=15)" end (Real time : 1s)
[EFX-0000 INFO] ... Hierarchical pre-synthesis "csi2_rx_cam" begin
[EFX-0000 INFO] ... Hierarchical pre-synthesis "csi2_rx_cam" end (Real time : 0s)
[EFX-0000 INFO] ... Hierarchical pre-synthesis "efx_asyncreg_077823fa68f649b1a7074c944568f3e4(WIDTH=1,ACTIVE_LOW=0,RST_VALUE=1)" begin
[EFX-0000 INFO] ... Hierarchical pre-synthesis "efx_asyncreg_077823fa68f649b1a7074c944568f3e4(WIDTH=1,ACTIVE_LOW=0,RST_VALUE=1)" end (Real time : 0s)
[EFX-0000 INFO] ... Hierarchical pre-synthesis "efx_resetsync_077823fa68f649b1a7074c944568f3e4(ACTIVE_LOW=0)" begin
[EFX-0000 INFO] ... Hierarchical pre-synthesis "efx_resetsync_077823fa68f649b1a7074c944568f3e4(ACTIVE_LOW=0)" end (Real time : 0s)
[EFX-0000 INFO] ... Hierarchical pre-synthesis "efx_fifo_ram_077823fa68f649b1a7074c944568f3e4(FAMILY="TITANIUM",WDATA_WIDTH=40,RDATA_WIDTH=40,RAM_MUX_RATIO=1)" begin
[EFX-0000 INFO] ... Hierarchical pre-synthesis "efx_fifo_ram_077823fa68f649b1a7074c944568f3e4(FAMILY="TITANIUM",WDATA_WIDTH=40,RDATA_WIDTH=40,RAM_MUX_RATIO=1)" end (Real time : 0s)
[EFX-0000 INFO] ... Hierarchical pre-synthesis "efx_fifo_ctl_077823fa68f649b1a7074c944568f3e4(PIPELINE_REG=0,PROG_FULL_ASSERT=510,PROG_FULL_NEGATE=510,PROG_EMPTY_ASSERT=2,PROG_EMPTY_NEGATE=3,OUTPUT_REG=1,OVERFLOW_PROTECT=1,UNDERFLOW_PROTECT=1)" begin
[EFX-0000 INFO] ... Hierarchical pre-synthesis "efx_fifo_ctl_077823fa68f649b1a7074c944568f3e4(PIPELINE_REG=0,PROG_FULL_ASSERT=510,PROG_FULL_NEGATE=510,PROG_EMPTY_ASSERT=2,PROG_EMPTY_NEGATE=3,OUTPUT_REG=1,OVERFLOW_PROTECT=1,UNDERFLOW_PROTECT=1)" end (Real time : 0s)
[EFX-0000 INFO] ... Hierarchical pre-synthesis "efx_fifo_top_077823fa68f649b1a7074c944568f3e4(FAMILY="TITANIUM",SYNC_CLK=1,DATA_WIDTH=40,PIPELINE_REG=0,OUTPUT_REG=1,PROGRAMMABLE_FULL="NONE",PROG_FULL_ASSERT=510,PROG_FULL_NEGATE=510,PROGRAMMABLE_EMPTY="NONE",PROG_EMPTY_ASSERT=2,PROG_EMPTY_NEGATE=3)" begin
[EFX-0000 INFO] ... Hierarchical pre-synthesis "efx_fifo_top_077823fa68f649b1a7074c944568f3e4(FAMILY="TITANIUM",SYNC_CLK=1,DATA_WIDTH=40,PIPELINE_REG=0,OUTPUT_REG=1,PROGRAMMABLE_FULL="NONE",PROG_FULL_ASSERT=510,PROG_FULL_NEGATE=510,PROGRAMMABLE_EMPTY="NONE",PROG_EMPTY_ASSERT=2,PROG_EMPTY_NEGATE=3)" end (Real time : 0s)
[EFX-0000 INFO] ... Hierarchical pre-synthesis "cam_pixel_remap_fifo" begin
[EFX-0000 INFO] ... Hierarchical pre-synthesis "cam_pixel_remap_fifo" end (Real time : 0s)
[EFX-0000 INFO] ... Hierarchical pre-synthesis "min_max_timer(TIMER_WIDTH=30)" begin
[EFX-0000 INFO] ... Hierarchical pre-synthesis "min_max_timer(TIMER_WIDTH=30)" end (Real time : 0s)
[EFX-0000 INFO] ... Hierarchical pre-synthesis "axi_lite_register(S_AXI_WSTRB_WIDTH=4)" begin
[EFX-0000 INFO] ... Hierarchical pre-synthesis "axi_lite_register(S_AXI_WSTRB_WIDTH=4)" end (Real time : 0s)
[EFX-0000 INFO] ... Hierarchical pre-synthesis "blc(PIXEL_PER_CYCLE=2,PIXEL_BIT_WIDTH=12)" begin
[EFX-0000 INFO] ... Hierarchical pre-synthesis "blc(PIXEL_PER_CYCLE=2,PIXEL_BIT_WIDTH=12)" end (Real time : 0s)
[EFX-0000 INFO] ... Hierarchical pre-synthesis "colorgain(PIXEL_PER_CYCLE=2,PIXEL_BIT_WIDTH=12)" begin
[EFX-0000 INFO] ... Hierarchical pre-synthesis "colorgain(PIXEL_PER_CYCLE=2,PIXEL_BIT_WIDTH=12)" end (Real time : 0s)
[EFX-0000 INFO] ... Hierarchical pre-synthesis "skidbuffer(DATA_WIDTH=24)" begin
[EFX-0000 INFO] ... Hierarchical pre-synthesis "skidbuffer(DATA_WIDTH=24)" end (Real time : 0s)
[EFX-0000 INFO] ... Hierarchical pre-synthesis "simple_dual_ported_ram(DATA_WIDTH=24)" begin
[EFX-0000 INFO] ... Hierarchical pre-synthesis "simple_dual_ported_ram(DATA_WIDTH=24)" end (Real time : 0s)
[EFX-0000 INFO] ... Hierarchical pre-synthesis "linebuffer(MAX_RESOLUTION=2048,PIXEL_PER_CYCLE=2,PIXEL_BIT_WIDTH=12)" begin
[EFX-0000 INFO] ... Hierarchical pre-synthesis "linebuffer(MAX_RESOLUTION=2048,PIXEL_PER_CYCLE=2,PIXEL_BIT_WIDTH=12)" end (Real time : 0s)
[EFX-0000 INFO] ... Hierarchical pre-synthesis "demosaic(MAX_RESOLUTION=2048,PIXEL_PER_CYCLE=2)" begin
[EFX-0657 WARNING] Mapping into logic memory block 'pipe_0_center' (28 bits) (C:\Users\Jing-XuanTan(i)\Downloads\evsoc-efinity-v2026.1.132\evsoc-efinity-v2026.1.132\cam_single\Ti60F225_dsi\source/isp/demosaic.sv:68) because size is too small (<=64)
[EFX-0657 WARNING] Mapping into logic memory block 'pipe_0_outer_horizontal' (28 bits) (C:\Users\Jing-XuanTan(i)\Downloads\evsoc-efinity-v2026.1.132\evsoc-efinity-v2026.1.132\cam_single\Ti60F225_dsi\source/isp/demosaic.sv:69) because size is too small (<=64)
[EFX-0657 WARNING] Mapping into logic memory block 'pipe_0_outer_vertical' (28 bits) (C:\Users\Jing-XuanTan(i)\Downloads\evsoc-efinity-v2026.1.132\evsoc-efinity-v2026.1.132\cam_single\Ti60F225_dsi\source/isp/demosaic.sv:70) because size is too small (<=64)
[EFX-0657 WARNING] Mapping into logic memory block 'pipe_0_inner_horizontal' (28 bits) (C:\Users\Jing-XuanTan(i)\Downloads\evsoc-efinity-v2026.1.132\evsoc-efinity-v2026.1.132\cam_single\Ti60F225_dsi\source/isp/demosaic.sv:71) because size is too small (<=64)
[EFX-0657 WARNING] Mapping into logic memory block 'pipe_0_inner_vertical' (28 bits) (C:\Users\Jing-XuanTan(i)\Downloads\evsoc-efinity-v2026.1.132\evsoc-efinity-v2026.1.132\cam_single\Ti60F225_dsi\source/isp/demosaic.sv:72) because size is too small (<=64)
[EFX-0657 WARNING] Mapping into logic memory block 'pipe_0_inner_top' (28 bits) (C:\Users\Jing-XuanTan(i)\Downloads\evsoc-efinity-v2026.1.132\evsoc-efinity-v2026.1.132\cam_single\Ti60F225_dsi\source/isp/demosaic.sv:73) because size is too small (<=64)
[EFX-0657 WARNING] Mapping into logic memory block 'pipe_0_inner_bottom' (28 bits) (C:\Users\Jing-XuanTan(i)\Downloads\evsoc-efinity-v2026.1.132\evsoc-efinity-v2026.1.132\cam_single\Ti60F225_dsi\source/isp/demosaic.sv:74) because size is too small (<=64)
[EFX-0657 WARNING] Mapping into logic memory block 'pipe_1_center' (36 bits) (C:\Users\Jing-XuanTan(i)\Downloads\evsoc-efinity-v2026.1.132\evsoc-efinity-v2026.1.132\cam_single\Ti60F225_dsi\source/isp/demosaic.sv:80) because size is too small (<=64)
[EFX-0657 WARNING] Mapping into logic memory block 'pipe_1_center_x5' (36 bits) (C:\Users\Jing-XuanTan(i)\Downloads\evsoc-efinity-v2026.1.132\evsoc-efinity-v2026.1.132\cam_single\Ti60F225_dsi\source/isp/demosaic.sv:81) because size is too small (<=64)
[EFX-0657 WARNING] Mapping into logic memory block 'pipe_1_center_x6' (36 bits) (C:\Users\Jing-XuanTan(i)\Downloads\evsoc-efinity-v2026.1.132\evsoc-efinity-v2026.1.132\cam_single\Ti60F225_dsi\source/isp/demosaic.sv:82) because size is too small (<=64)
[EFX-0657 WARNING] Mapping into logic memory block 'pipe_1_outer_horizontal' (36 bits) (C:\Users\Jing-XuanTan(i)\Downloads\evsoc-efinity-v2026.1.132\evsoc-efinity-v2026.1.132\cam_single\Ti60F225_dsi\source/isp/demosaic.sv:83) because size is too small (<=64)
[EFX-0657 WARNING] Mapping into logic memory block 'pipe_1_outer_vertical' (36 bits) (C:\Users\Jing-XuanTan(i)\Downloads\evsoc-efinity-v2026.1.132\evsoc-efinity-v2026.1.132\cam_single\Ti60F225_dsi\source/isp/demosaic.sv:84) because size is too small (<=64)
[EFX-0657 WARNING] Mapping into logic memory block 'pipe_1_outer_cross' (36 bits) (C:\Users\Jing-XuanTan(i)\Downloads\evsoc-efinity-v2026.1.132\evsoc-efinity-v2026.1.132\cam_single\Ti60F225_dsi\source/isp/demosaic.sv:85) because size is too small (<=64)
[EFX-0657 WARNING] Mapping into logic memory block 'pipe_1_inner_h_outer_v_x2' (36 bits) (C:\Users\Jing-XuanTan(i)\Downloads\evsoc-efinity-v2026.1.132\evsoc-efinity-v2026.1.132\cam_single\Ti60F225_dsi\source/isp/demosaic.sv:86) because size is too small (<=64)
[EFX-0657 WARNING] Mapping into logic memory block 'pipe_1_inner_v_outer_h_x2' (36 bits) (C:\Users\Jing-XuanTan(i)\Downloads\evsoc-efinity-v2026.1.132\evsoc-efinity-v2026.1.132\cam_single\Ti60F225_dsi\source/isp/demosaic.sv:87) because size is too small (<=64)
[EFX-0657 WARNING] Mapping into logic memory block 'pipe_1_inner_corner' (36 bits) (C:\Users\Jing-XuanTan(i)\Downloads\evsoc-efinity-v2026.1.132\evsoc-efinity-v2026.1.132\cam_single\Ti60F225_dsi\source/isp/demosaic.sv:88) because size is too small (<=64)
[EFX-0657 WARNING] Mapping into logic memory block 'pipe_1_inner_cross' (36 bits) (C:\Users\Jing-XuanTan(i)\Downloads\evsoc-efinity-v2026.1.132\evsoc-efinity-v2026.1.132\cam_single\Ti60F225_dsi\source/isp/demosaic.sv:89) because size is too small (<=64)
[EFX-0657 WARNING] Mapping into logic memory block 'pipe_2_center' (44 bits) (C:\Users\Jing-XuanTan(i)\Downloads\evsoc-efinity-v2026.1.132\evsoc-efinity-v2026.1.132\cam_single\Ti60F225_dsi\source/isp/demosaic.sv:95) because size is too small (<=64)
[EFX-0657 WARNING] Mapping into logic memory block 'pipe_2_center_cross_x2' (44 bits) (C:\Users\Jing-XuanTan(i)\Downloads\evsoc-efinity-v2026.1.132\evsoc-efinity-v2026.1.132\cam_single\Ti60F225_dsi\source/isp/demosaic.sv:96) because size is too small (<=64)
[EFX-0657 WARNING] Mapping into logic memory block 'pipe_2_outer_cross_x2' (44 bits) (C:\Users\Jing-XuanTan(i)\Downloads\evsoc-efinity-v2026.1.132\evsoc-efinity-v2026.1.132\cam_single\Ti60F225_dsi\source/isp/demosaic.sv:97) because size is too small (<=64)
[EFX-0657 WARNING] Mapping into logic memory block 'pipe_2_outer_cross_x3' (44 bits) (C:\Users\Jing-XuanTan(i)\Downloads\evsoc-efinity-v2026.1.132\evsoc-efinity-v2026.1.132\cam_single\Ti60F225_dsi\source/isp/demosaic.sv:98) because size is too small (<=64)
[EFX-0657 WARNING] Mapping into logic memory block 'pipe_2_inner_c_outer_h_x2' (44 bits) (C:\Users\Jing-XuanTan(i)\Downloads\evsoc-efinity-v2026.1.132\evsoc-efinity-v2026.1.132\cam_single\Ti60F225_dsi\source/isp/demosaic.sv:99) because size is too small (<=64)
[EFX-0657 WARNING] Mapping into logic memory block 'pipe_2_inner_c_outer_v_x2' (44 bits) (C:\Users\Jing-XuanTan(i)\Downloads\evsoc-efinity-v2026.1.132\evsoc-efinity-v2026.1.132\cam_single\Ti60F225_dsi\source/isp/demosaic.sv:100) because size is too small (<=64)
[EFX-0657 WARNING] Mapping into logic memory block 'pipe_2_rb_at_g1_x2' (44 bits) (C:\Users\Jing-XuanTan(i)\Downloads\evsoc-efinity-v2026.1.132\evsoc-efinity-v2026.1.132\cam_single\Ti60F225_dsi\source/isp/demosaic.sv:101) because size is too small (<=64)
[EFX-0657 WARNING] Mapping into logic memory block 'pipe_2_rb_at_g2_x2' (44 bits) (C:\Users\Jing-XuanTan(i)\Downloads\evsoc-efinity-v2026.1.132\evsoc-efinity-v2026.1.132\cam_single\Ti60F225_dsi\source/isp/demosaic.sv:102) because size is too small (<=64)
[EFX-0657 WARNING] Mapping into logic memory block 'pipe_2_rb_at_rb_x2' (44 bits) (C:\Users\Jing-XuanTan(i)\Downloads\evsoc-efinity-v2026.1.132\evsoc-efinity-v2026.1.132\cam_single\Ti60F225_dsi\source/isp/demosaic.sv:103) because size is too small (<=64)
[EFX-0000 INFO] ... Hierarchical pre-synthesis "demosaic(MAX_RESOLUTION=2048,PIXEL_PER_CYCLE=2)" end (Real time : 0s)
[EFX-0000 INFO] ... Hierarchical pre-synthesis "ccm(S_AXIS_DATA_WIDTH=72,M_AXIS_DATA_WIDTH=72)" begin
[EFX-0000 INFO] ... Hierarchical pre-synthesis "ccm(S_AXIS_DATA_WIDTH=72,M_AXIS_DATA_WIDTH=72)" end (Real time : 0s)
[EFX-0000 INFO] ... Hierarchical pre-synthesis "skidbuffer(DATA_WIDTH=72)" begin
[EFX-0000 INFO] ... Hierarchical pre-synthesis "skidbuffer(DATA_WIDTH=72)" end (Real time : 0s)
[EFX-0000 INFO] ... Hierarchical pre-synthesis "simple_dual_ported_rom(DATA_WIDTH=8,ADDR_WIDTH=12,MEM_FILE="lut.mem")" begin
[EFX-0000 INFO] ... Hierarchical pre-synthesis "simple_dual_ported_rom(DATA_WIDTH=8,ADDR_WIDTH=12,MEM_FILE="lut.mem")" end (Real time : 0s)
[EFX-0000 INFO] ... Hierarchical pre-synthesis "lut(PIXEL_PER_CYCLE=2,LUT_FILE="lut.mem")" begin
[EFX-0000 INFO] ... Hierarchical pre-synthesis "lut(PIXEL_PER_CYCLE=2,LUT_FILE="lut.mem")" end (Real time : 0s)
[EFX-0000 INFO] ... Hierarchical pre-synthesis "gamma(LUT_FILE="lut.mem")" begin
[EFX-0000 INFO] ... Hierarchical pre-synthesis "gamma(LUT_FILE="lut.mem")" end (Real time : 0s)
[EFX-0000 INFO] ... Hierarchical pre-synthesis "skidbuffer(DATA_WIDTH=48)" begin
[EFX-0000 INFO] ... Hierarchical pre-synthesis "skidbuffer(DATA_WIDTH=48)" end (Real time : 0s)
[EFX-0000 INFO] ... Hierarchical pre-synthesis "isp(PIXEL_BIT_WIDTH=12,S_AXI_WSTRB_WIDTH=4,S_AXIS_DATA_WIDTH=24,M_AXIS_DATA_WIDTH=48,TUSER_WIDTH=2,DECOMPANDING_XLUT_FILE="decompanding_xlut.mem",DECOMPANDING_YLUT_FILE="decompanding_ylut_12_bit.mem",DECOMPANDING_FLUT_FILE="decompanding_flut_12_bit.mem",GAMMA_LUT_FILE="lut.mem")" begin
[EFX-0000 INFO] ... Hierarchical pre-synthesis "isp(PIXEL_BIT_WIDTH=12,S_AXI_WSTRB_WIDTH=4,S_AXIS_DATA_WIDTH=24,M_AXIS_DATA_WIDTH=48,TUSER_WIDTH=2,DECOMPANDING_XLUT_FILE="decompanding_xlut.mem",DECOMPANDING_YLUT_FILE="decompanding_ylut_12_bit.mem",DECOMPANDING_FLUT_FILE="decompanding_flut_12_bit.mem",GAMMA_LUT_FILE="lut.mem")" end (Real time : 3s)
[EFX-0000 INFO] ... Hierarchical pre-synthesis "isp_top(PIXEL_PER_CYCLE=2,S_AXIS_DATA_WIDTH=24,M_AXIS_DATA_WIDTH=48,TUSER_WIDTH=2)" begin
[EFX-0000 INFO] ... Hierarchical pre-synthesis "isp_top(PIXEL_PER_CYCLE=2,S_AXIS_DATA_WIDTH=24,M_AXIS_DATA_WIDTH=48,TUSER_WIDTH=2)" end (Real time : 0s)
[EFX-0000 INFO] ... Hierarchical pre-synthesis "cam_crop(P_DEPTH=16,X_START=210,X_WIN=540,Y_WIN=1080)" begin
[EFX-0000 INFO] ... Hierarchical pre-synthesis "cam_crop(P_DEPTH=16,X_START=210,X_WIN=540,Y_WIN=1080)" end (Real time : 0s)
[EFX-0000 INFO] ... Hierarchical pre-synthesis "scale_down_2x_nn" begin
[EFX-0000 INFO] ... Hierarchical pre-synthesis "scale_down_2x_nn" end (Real time : 0s)
[EFX-0000 INFO] ... Hierarchical pre-synthesis "rgb2gray_1PPC(DATA_WIDTH=8)" begin
[EFX-0000 INFO] ... Hierarchical pre-synthesis "rgb2gray_1PPC(DATA_WIDTH=8)" end (Real time : 0s)
[EFX-0000 INFO] ... Hierarchical pre-synthesis "cam_rgb2gray(DATA_WIDTH=8)" begin
[EFX-0000 INFO] ... Hierarchical pre-synthesis "cam_rgb2gray(DATA_WIDTH=8)" end (Real time : 0s)
[EFX-0000 INFO] ... Hierarchical pre-synthesis "efx_asyncreg_b0792a13d328448586f08ea7d102f373(WIDTH=1,ACTIVE_LOW=0,RST_VALUE=1)" begin
[EFX-0000 INFO] ... Hierarchical pre-synthesis "efx_asyncreg_b0792a13d328448586f08ea7d102f373(WIDTH=1,ACTIVE_LOW=0,RST_VALUE=1)" end (Real time : 0s)
[EFX-0000 INFO] ... Hierarchical pre-synthesis "efx_resetsync_b0792a13d328448586f08ea7d102f373(ACTIVE_LOW=0)" begin
[EFX-0000 INFO] ... Hierarchical pre-synthesis "efx_resetsync_b0792a13d328448586f08ea7d102f373(ACTIVE_LOW=0)" end (Real time : 0s)
[EFX-0000 INFO] ... Hierarchical pre-synthesis "efx_fifo_ram_b0792a13d328448586f08ea7d102f373(FAMILY="",WR_DEPTH=1024,RD_DEPTH=1024,WDATA_WIDTH=48,RDATA_WIDTH=48,WADDR_WIDTH=10,RADDR_WIDTH=10,OUTPUT_REG=0,RAM_MUX_RATIO=1)" begin
[EFX-0000 INFO] ... Hierarchical pre-synthesis "efx_fifo_ram_b0792a13d328448586f08ea7d102f373(FAMILY="",WR_DEPTH=1024,RD_DEPTH=1024,WDATA_WIDTH=48,RDATA_WIDTH=48,WADDR_WIDTH=10,RADDR_WIDTH=10,OUTPUT_REG=0,RAM_MUX_RATIO=1)" end (Real time : 0s)
[EFX-0000 INFO] ... Hierarchical pre-synthesis "efx_fifo_ctl_b0792a13d328448586f08ea7d102f373(MODE="FWFT",WR_DEPTH=1024,WADDR_WIDTH=10,RADDR_WIDTH=10,PIPELINE_REG=0,PROG_FULL_ASSERT=512,PROG_FULL_NEGATE=512,PROG_EMPTY_ASSERT=2,PROG_EMPTY_NEGATE=3,OVERFLOW_PROTECT=1,UNDERFLOW_PROTECT=1)" begin
[EFX-0000 INFO] ... Hierarchical pre-synthesis "efx_fifo_ctl_b0792a13d328448586f08ea7d102f373(MODE="FWFT",WR_DEPTH=1024,WADDR_WIDTH=10,RADDR_WIDTH=10,PIPELINE_REG=0,PROG_FULL_ASSERT=512,PROG_FULL_NEGATE=512,PROG_EMPTY_ASSERT=2,PROG_EMPTY_NEGATE=3,OVERFLOW_PROTECT=1,UNDERFLOW_PROTECT=1)" end (Real time : 0s)
[EFX-0000 INFO] ... Hierarchical pre-synthesis "efx_fifo_top_b0792a13d328448586f08ea7d102f373(FAMILY="",SYNC_CLK=1,MODE="FWFT",DEPTH=1024,DATA_WIDTH=48,PIPELINE_REG=0,PROGRAMMABLE_FULL="NONE",PROG_FULL_ASSERT=512,PROG_FULL_NEGATE=512,PROGRAMMABLE_EMPTY="NONE",PROG_EMPTY_ASSERT=2,PROG_EMPTY_NEGATE=3)" begin
[EFX-0000 INFO] ... Hierarchical pre-synthesis "efx_fifo_top_b0792a13d328448586f08ea7d102f373(FAMILY="",SYNC_CLK=1,MODE="FWFT",DEPTH=1024,DATA_WIDTH=48,PIPELINE_REG=0,PROGRAMMABLE_FULL="NONE",PROG_FULL_ASSERT=512,PROG_FULL_NEGATE=512,PROGRAMMABLE_EMPTY="NONE",PROG_EMPTY_ASSERT=2,PROG_EMPTY_NEGATE=3)" end (Real time : 0s)
[EFX-0000 INFO] ... Hierarchical pre-synthesis "cam_dma_fifo" begin
[EFX-0000 INFO] ... Hierarchical pre-synthesis "cam_dma_fifo" end (Real time : 0s)
[EFX-0000 INFO] ... Hierarchical pre-synthesis "cam_picam_v2(MIPI_FRAME_WIDTH=1920,MIPI_FRAME_HEIGHT=1080,FRAME_WIDTH=540,FRAME_HEIGHT=540,DMA_TRANSFER_LENGTH=145800)" begin
[EFX-0000 INFO] ... Hierarchical pre-synthesis "cam_picam_v2(MIPI_FRAME_WIDTH=1920,MIPI_FRAME_HEIGHT=1080,FRAME_WIDTH=540,FRAME_HEIGHT=540,DMA_TRANSFER_LENGTH=145800)" end (Real time : 1s)
[EFX-0000 INFO] ... Hierarchical pre-synthesis "common_true_dual_port_ram(DATA_WIDTH=40,WRITE_MODE_1="WRITE_FIRST",WRITE_MODE_2="WRITE_FIRST",OUTPUT_REG_1="TRUE",OUTPUT_REG_2="TRUE",RAM_INIT_FILE="source/display/dsi/dsi_panel_1080p_reg.mem")" begin
[EFX-0000 INFO] ... Hierarchical pre-synthesis "common_true_dual_port_ram(DATA_WIDTH=40,WRITE_MODE_1="WRITE_FIRST",WRITE_MODE_2="WRITE_FIRST",OUTPUT_REG_1="TRUE",OUTPUT_REG_2="TRUE",RAM_INIT_FILE="source/display/dsi/dsi_panel_1080p_reg.mem")" end (Real time : 0s)
[EFX-0000 INFO] ... Hierarchical pre-synthesis "panel_config(INITIAL_CODE="source/display/dsi/dsi_panel_1080p_reg.mem")" begin
[EFX-0000 INFO] ... Hierarchical pre-synthesis "panel_config(INITIAL_CODE="source/display/dsi/dsi_panel_1080p_reg.mem")" end (Real time : 0s)
[EFX-0000 INFO] ... Hierarchical pre-synthesis "vga_gen(H_SyncPulse=32'b0110010,H_BackPorch=32'b0110010,H_ActivePix=32'b01000011100,H_FrontPorch=32'b01100100,V_SyncPulse=10'b011,V_BackPorch=10'b0101,V_ActivePix=12'b011110000000,V_FrontPorch=10'b0110)" begin
[EFX-0000 INFO] ... Hierarchical pre-synthesis "vga_gen(H_SyncPulse=32'b0110010,H_BackPorch=32'b0110010,H_ActivePix=32'b01000011100,H_FrontPorch=32'b01100100,V_SyncPulse=10'b011,V_BackPorch=10'b0101,V_ActivePix=12'b011110000000,V_FrontPorch=10'b0110)" end (Real time : 1s)
[EFX-0000 INFO] ... Hierarchical pre-synthesis "common_simple_dual_port_ram(DATA_WIDTH=48,OUTPUT_REG="FALSE")" begin
[EFX-0000 INFO] ... Hierarchical pre-synthesis "common_simple_dual_port_ram(DATA_WIDTH=48,OUTPUT_REG="FALSE")" end (Real time : 0s)
[EFX-0000 INFO] ... Hierarchical pre-synthesis "scale_up_2x_nn" begin
[EFX-0000 INFO] ... Hierarchical pre-synthesis "scale_up_2x_nn" end (Real time : 0s)
[EFX-0000 INFO] ... Hierarchical pre-synthesis "efx_asyncreg_0ebd061cc55a4cdb9867e4fd870758a2(WIDTH=1,ACTIVE_LOW=0,RST_VALUE=1)" begin
[EFX-0000 INFO] ... Hierarchical pre-synthesis "efx_asyncreg_0ebd061cc55a4cdb9867e4fd870758a2(WIDTH=1,ACTIVE_LOW=0,RST_VALUE=1)" end (Real time : 0s)
[EFX-0000 INFO] ... Hierarchical pre-synthesis "efx_resetsync_0ebd061cc55a4cdb9867e4fd870758a2(ACTIVE_LOW=0)" begin
[EFX-0000 INFO] ... Hierarchical pre-synthesis "efx_resetsync_0ebd061cc55a4cdb9867e4fd870758a2(ACTIVE_LOW=0)" end (Real time : 0s)
[EFX-0000 INFO] ... Hierarchical pre-synthesis "efx_fifo_ram_0ebd061cc55a4cdb9867e4fd870758a2(FAMILY="",WR_DEPTH=1024,RD_DEPTH=1024,WDATA_WIDTH=48,RDATA_WIDTH=48,WADDR_WIDTH=10,RADDR_WIDTH=10,RAM_MUX_RATIO=1)" begin
[EFX-0000 INFO] ... Hierarchical pre-synthesis "efx_fifo_ram_0ebd061cc55a4cdb9867e4fd870758a2(FAMILY="",WR_DEPTH=1024,RD_DEPTH=1024,WDATA_WIDTH=48,RDATA_WIDTH=48,WADDR_WIDTH=10,RADDR_WIDTH=10,RAM_MUX_RATIO=1)" end (Real time : 0s)
[EFX-0000 INFO] ... Hierarchical pre-synthesis "efx_fifo_ctl_0ebd061cc55a4cdb9867e4fd870758a2(WR_DEPTH=1024,WADDR_WIDTH=10,RADDR_WIDTH=10,PIPELINE_REG=0,PROG_FULL_ASSERT=512,PROG_FULL_NEGATE=512,PROG_EMPTY_ASSERT=2,PROG_EMPTY_NEGATE=3,OUTPUT_REG=1,OVERFLOW_PROTECT=1,UNDERFLOW_PROTECT=1)" begin
[EFX-0000 INFO] ... Hierarchical pre-synthesis "efx_fifo_ctl_0ebd061cc55a4cdb9867e4fd870758a2(WR_DEPTH=1024,WADDR_WIDTH=10,RADDR_WIDTH=10,PIPELINE_REG=0,PROG_FULL_ASSERT=512,PROG_FULL_NEGATE=512,PROG_EMPTY_ASSERT=2,PROG_EMPTY_NEGATE=3,OUTPUT_REG=1,OVERFLOW_PROTECT=1,UNDERFLOW_PROTECT=1)" end (Real time : 0s)
[EFX-0000 INFO] ... Hierarchical pre-synthesis "efx_fifo_top_0ebd061cc55a4cdb9867e4fd870758a2(FAMILY="",SYNC_CLK=1,DEPTH=1024,DATA_WIDTH=48,PIPELINE_REG=0,OUTPUT_REG=1,PROGRAMMABLE_FULL="NONE",PROG_FULL_ASSERT=512,PROG_FULL_NEGATE=512,PROGRAMMABLE_EMPTY="NONE",PROG_EMPTY_ASSERT=2,PROG_EMPTY_NEGATE=3)" begin
[EFX-0000 INFO] ... Hierarchical pre-synthesis "efx_fifo_top_0ebd061cc55a4cdb9867e4fd870758a2(FAMILY="",SYNC_CLK=1,DEPTH=1024,DATA_WIDTH=48,PIPELINE_REG=0,OUTPUT_REG=1,PROGRAMMABLE_FULL="NONE",PROG_FULL_ASSERT=512,PROG_FULL_NEGATE=512,PROGRAMMABLE_EMPTY="NONE",PROG_EMPTY_ASSERT=2,PROG_EMPTY_NEGATE=3)" end (Real time : 0s)
[EFX-0000 INFO] ... Hierarchical pre-synthesis "display_dma_fifo" begin
[EFX-0000 INFO] ... Hierarchical pre-synthesis "display_dma_fifo" end (Real time : 0s)
[EFX-0000 INFO] ... Hierarchical pre-synthesis "display_dsi(FRAME_WIDTH=540,FRAME_HEIGHT=540)" begin
[EFX-0000 INFO] ... Hierarchical pre-synthesis "display_dsi(FRAME_WIDTH=540,FRAME_HEIGHT=540)" end (Real time : 0s)
[EFX-0000 INFO] ... Hierarchical pre-synthesis "efx_asyncreg_98c52b03a74a4ce095debab75db1d287" begin
[EFX-0000 INFO] ... Hierarchical pre-synthesis "efx_asyncreg_98c52b03a74a4ce095debab75db1d287" end (Real time : 0s)
[EFX-0000 INFO] ... Hierarchical pre-synthesis "efx_asyncreg_98c52b03a74a4ce095debab75db1d287(WIDTH=1)" begin
[EFX-0000 INFO] ... Hierarchical pre-synthesis "efx_asyncreg_98c52b03a74a4ce095debab75db1d287(WIDTH=1)" end (Real time : 0s)
[EFX-0000 INFO] ... Hierarchical pre-synthesis "dphy_tx_hs_c_fsm_98c52b03a74a4ce095debab75db1d287(tCLK_ZERO_NS=280,tCLK_TRAIL_NS=100,tCLK_POST_NS=100,HS_BYTECLK_MHZ=125)" begin
[EFX-0000 INFO] ... Hierarchical pre-synthesis "dphy_tx_hs_c_fsm_98c52b03a74a4ce095debab75db1d287(tCLK_ZERO_NS=280,tCLK_TRAIL_NS=100,tCLK_POST_NS=100,HS_BYTECLK_MHZ=125)" end (Real time : 0s)
[EFX-0000 INFO] ... Hierarchical pre-synthesis "dphy_tx_clane_fsm_98c52b03a74a4ce095debab75db1d287(tLPX_NS=60,tCLK_ZERO_NS=280,tCLK_TRAIL_NS=100,tCLK_POST_NS=100,tCLK_PREPARE_NS=50,tHS_EXIT_NS=120,HS_BYTECLK_MHZ=125)" begin
[EFX-0000 INFO] ... Hierarchical pre-synthesis "dphy_tx_clane_fsm_98c52b03a74a4ce095debab75db1d287(tLPX_NS=60,tCLK_ZERO_NS=280,tCLK_TRAIL_NS=100,tCLK_POST_NS=100,tCLK_PREPARE_NS=50,tHS_EXIT_NS=120,HS_BYTECLK_MHZ=125)" end (Real time : 0s)
[EFX-0000 INFO] ... Hierarchical pre-synthesis "dphy_tx_hs_d_fsm_98c52b03a74a4ce095debab75db1d287(tHS_ZERO_NS=200,tHS_TRAIL_NS=65,HS_BYTECLK_MHZ=125)" begin
[EFX-0000 INFO] ... Hierarchical pre-synthesis "dphy_tx_hs_d_fsm_98c52b03a74a4ce095debab75db1d287(tHS_ZERO_NS=200,tHS_TRAIL_NS=65,HS_BYTECLK_MHZ=125)" end (Real time : 0s)
[EFX-0000 INFO] ... Hierarchical pre-synthesis "dphy_bidir_tx_dlane_fsm_98c52b03a74a4ce095debab75db1d287(tLPX_NS=60,tHS_PREPARE_NS=50,tHS_EXIT_NS=120,tHS_ZERO_NS=200,tHS_TRAIL_NS=65,HS_BYTECLK_MHZ=125)" begin
[EFX-0000 INFO] ... Hierarchical pre-synthesis "dphy_bidir_tx_dlane_fsm_98c52b03a74a4ce095debab75db1d287(tLPX_NS=60,tHS_PREPARE_NS=50,tHS_EXIT_NS=120,tHS_ZERO_NS=200,tHS_TRAIL_NS=65,HS_BYTECLK_MHZ=125)" end (Real time : 0s)
[EFX-0000 INFO] ... Hierarchical pre-synthesis "dphy_bidir_rx_dlane_fsm_98c52b03a74a4ce095debab75db1d287(tLPX_NS=60,HS_BYTECLK_MHZ=125)" begin
[EFX-0000 INFO] ... Hierarchical pre-synthesis "dphy_bidir_rx_dlane_fsm_98c52b03a74a4ce095debab75db1d287(tLPX_NS=60,HS_BYTECLK_MHZ=125)" end (Real time : 0s)
[EFX-0000 INFO] ... Hierarchical pre-synthesis "dphy_tx_hs_d_fsm_98c52b03a74a4ce095debab75db1d287(tHS_ZERO_NS=200,tHS_EXIT_NS=120,tHS_TRAIL_NS=65,HS_BYTECLK_MHZ=125)" begin
[EFX-0000 INFO] ... Hierarchical pre-synthesis "dphy_tx_hs_d_fsm_98c52b03a74a4ce095debab75db1d287(tHS_ZERO_NS=200,tHS_EXIT_NS=120,tHS_TRAIL_NS=65,HS_BYTECLK_MHZ=125)" end (Real time : 0s)
[EFX-0000 INFO] ... Hierarchical pre-synthesis "dphy_tx_dlane_fsm_98c52b03a74a4ce095debab75db1d287(tLPX_NS=60,tHS_PREPARE_NS=50,tHS_EXIT_NS=120,tHS_ZERO_NS=200,tHS_TRAIL_NS=65,HS_BYTECLK_MHZ=125)" begin
[EFX-0000 INFO] ... Hierarchical pre-synthesis "dphy_tx_dlane_fsm_98c52b03a74a4ce095debab75db1d287(tLPX_NS=60,tHS_PREPARE_NS=50,tHS_EXIT_NS=120,tHS_ZERO_NS=200,tHS_TRAIL_NS=65,HS_BYTECLK_MHZ=125)" end (Real time : 0s)
[EFX-0000 INFO] ... Hierarchical pre-synthesis "efx_dphy_bidir_tx_98c52b03a74a4ce095debab75db1d287(tLPX_NS=60,tCLK_ZERO_NS=280,tCLK_TRAIL_NS=100,tCLK_POST_NS=100,tCLK_PREPARE_NS=50,tHS_PREPARE_NS=50,tHS_EXIT_NS=120,tHS_ZERO_NS=200,tHS_TRAIL_NS=65,HS_BYTECLK_MHZ=125,ENABLE_BIDIR=1'b1)" begin
[EFX-0000 INFO] ... Hierarchical pre-synthesis "efx_dphy_bidir_tx_98c52b03a74a4ce095debab75db1d287(tLPX_NS=60,tCLK_ZERO_NS=280,tCLK_TRAIL_NS=100,tCLK_POST_NS=100,tCLK_PREPARE_NS=50,tHS_PREPARE_NS=50,tHS_EXIT_NS=120,tHS_ZERO_NS=200,tHS_TRAIL_NS=65,HS_BYTECLK_MHZ=125,ENABLE_BIDIR=1'b1)" end (Real time : 0s)
[EFX-0000 INFO] ... Hierarchical pre-synthesis "efx_asyncreg_98c52b03a74a4ce095debab75db1d287(WIDTH=32)" begin
[EFX-0000 INFO] ... Hierarchical pre-synthesis "efx_asyncreg_98c52b03a74a4ce095debab75db1d287(WIDTH=32)" end (Real time : 0s)
[EFX-0000 INFO] ... Hierarchical pre-synthesis "efx_asyncreg_98c52b03a74a4ce095debab75db1d287(WIDTH=8)" begin
[EFX-0000 INFO] ... Hierarchical pre-synthesis "efx_asyncreg_98c52b03a74a4ce095debab75db1d287(WIDTH=8)" end (Real time : 0s)
[EFX-0000 INFO] ... Hierarchical pre-synthesis "efx_asyncreg_98c52b03a74a4ce095debab75db1d287(WIDTH=16)" begin
[EFX-0000 INFO] ... Hierarchical pre-synthesis "efx_asyncreg_98c52b03a74a4ce095debab75db1d287(WIDTH=16)" end (Real time : 0s)
[EFX-0000 INFO] ... Hierarchical pre-synthesis "efx_dsi_ecc_gen_98c52b03a74a4ce095debab75db1d287" begin
[EFX-0000 INFO] ... Hierarchical pre-synthesis "efx_dsi_ecc_gen_98c52b03a74a4ce095debab75db1d287" end (Real time : 0s)
[EFX-0000 INFO] ... Hierarchical pre-synthesis "efx_dsi_crc16_d8_gen_98c52b03a74a4ce095debab75db1d287" begin
[EFX-0000 INFO] ... Hierarchical pre-synthesis "efx_dsi_crc16_d8_gen_98c52b03a74a4ce095debab75db1d287" end (Real time : 0s)
[EFX-0000 INFO] ... Hierarchical pre-synthesis "efx_dsi_cmd_driver_98c52b03a74a4ce095debab75db1d287(ENABLE_V_LPM_BTA=1'b0)" begin
[EFX-0000 INFO] ... Hierarchical pre-synthesis "efx_dsi_cmd_driver_98c52b03a74a4ce095debab75db1d287(ENABLE_V_LPM_BTA=1'b0)" end (Real time : 0s)
[EFX-0000 INFO] ... Hierarchical pre-synthesis "efx_asyncreg_98c52b03a74a4ce095debab75db1d287(WIDTH=1,ACTIVE_LOW=0,RST_VALUE=1)" begin
[EFX-0000 INFO] ... Hierarchical pre-synthesis "efx_asyncreg_98c52b03a74a4ce095debab75db1d287(WIDTH=1,ACTIVE_LOW=0,RST_VALUE=1)" end (Real time : 0s)
[EFX-0000 INFO] ... Hierarchical pre-synthesis "efx_resetsync_98c52b03a74a4ce095debab75db1d287(ACTIVE_LOW=0)" begin
[EFX-0000 INFO] ... Hierarchical pre-synthesis "efx_resetsync_98c52b03a74a4ce095debab75db1d287(ACTIVE_LOW=0)" end (Real time : 0s)
[EFX-0000 INFO] ... Hierarchical pre-synthesis "efx_fifo_ram_98c52b03a74a4ce095debab75db1d287(WR_DEPTH=2048,RD_DEPTH=2048,WADDR_WIDTH=11,RADDR_WIDTH=11,OUTPUT_REG=0,RAM_MUX_RATIO=1)" begin
[EFX-0000 INFO] ... Hierarchical pre-synthesis "efx_fifo_ram_98c52b03a74a4ce095debab75db1d287(WR_DEPTH=2048,RD_DEPTH=2048,WADDR_WIDTH=11,RADDR_WIDTH=11,OUTPUT_REG=0,RAM_MUX_RATIO=1)" end (Real time : 0s)
[EFX-0000 INFO] ... Hierarchical pre-synthesis "efx_fifo_bin2gray_98c52b03a74a4ce095debab75db1d287(WIDTH=12)" begin
[EFX-0000 INFO] ... Hierarchical pre-synthesis "efx_fifo_bin2gray_98c52b03a74a4ce095debab75db1d287(WIDTH=12)" end (Real time : 0s)
[EFX-0000 INFO] ... Hierarchical pre-synthesis "efx_asyncreg_98c52b03a74a4ce095debab75db1d287(WIDTH=12,ACTIVE_LOW=0,OFF_ASSERTION=1)" begin
[EFX-0000 INFO] ... Hierarchical pre-synthesis "efx_asyncreg_98c52b03a74a4ce095debab75db1d287(WIDTH=12,ACTIVE_LOW=0,OFF_ASSERTION=1)" end (Real time : 0s)
[EFX-0000 INFO] ... Hierarchical pre-synthesis "efx_fifo_gray2bin_98c52b03a74a4ce095debab75db1d287(WIDTH=2)" begin
[EFX-0000 INFO] ... Hierarchical pre-synthesis "efx_fifo_gray2bin_98c52b03a74a4ce095debab75db1d287(WIDTH=2)" end (Real time : 0s)
[EFX-0000 INFO] ... Hierarchical pre-synthesis "efx_fifo_gray2bin_98c52b03a74a4ce095debab75db1d287(WIDTH=3)" begin
[EFX-0000 INFO] ... Hierarchical pre-synthesis "efx_fifo_gray2bin_98c52b03a74a4ce095debab75db1d287(WIDTH=3)" end (Real time : 0s)
[EFX-0000 INFO] ... Hierarchical pre-synthesis "efx_fifo_gray2bin_98c52b03a74a4ce095debab75db1d287(WIDTH=4)" begin
[EFX-0000 INFO] ... Hierarchical pre-synthesis "efx_fifo_gray2bin_98c52b03a74a4ce095debab75db1d287(WIDTH=4)" end (Real time : 0s)
[EFX-0000 INFO] ... Hierarchical pre-synthesis "efx_fifo_gray2bin_98c52b03a74a4ce095debab75db1d287" begin
[EFX-0000 INFO] ... Hierarchical pre-synthesis "efx_fifo_gray2bin_98c52b03a74a4ce095debab75db1d287" end (Real time : 0s)
[EFX-0000 INFO] ... Hierarchical pre-synthesis "efx_fifo_gray2bin_98c52b03a74a4ce095debab75db1d287(WIDTH=6)" begin
[EFX-0000 INFO] ... Hierarchical pre-synthesis "efx_fifo_gray2bin_98c52b03a74a4ce095debab75db1d287(WIDTH=6)" end (Real time : 0s)
[EFX-0000 INFO] ... Hierarchical pre-synthesis "efx_fifo_gray2bin_98c52b03a74a4ce095debab75db1d287(WIDTH=7)" begin
[EFX-0000 INFO] ... Hierarchical pre-synthesis "efx_fifo_gray2bin_98c52b03a74a4ce095debab75db1d287(WIDTH=7)" end (Real time : 0s)
[EFX-0000 INFO] ... Hierarchical pre-synthesis "efx_fifo_gray2bin_98c52b03a74a4ce095debab75db1d287(WIDTH=8)" begin
[EFX-0000 INFO] ... Hierarchical pre-synthesis "efx_fifo_gray2bin_98c52b03a74a4ce095debab75db1d287(WIDTH=8)" end (Real time : 0s)
[EFX-0000 INFO] ... Hierarchical pre-synthesis "efx_fifo_gray2bin_98c52b03a74a4ce095debab75db1d287(WIDTH=9)" begin
[EFX-0000 INFO] ... Hierarchical pre-synthesis "efx_fifo_gray2bin_98c52b03a74a4ce095debab75db1d287(WIDTH=9)" end (Real time : 0s)
[EFX-0000 INFO] ... Hierarchical pre-synthesis "efx_fifo_gray2bin_98c52b03a74a4ce095debab75db1d287(WIDTH=10)" begin
[EFX-0000 INFO] ... Hierarchical pre-synthesis "efx_fifo_gray2bin_98c52b03a74a4ce095debab75db1d287(WIDTH=10)" end (Real time : 0s)
[EFX-0000 INFO] ... Hierarchical pre-synthesis "efx_fifo_gray2bin_98c52b03a74a4ce095debab75db1d287(WIDTH=11)" begin
[EFX-0000 INFO] ... Hierarchical pre-synthesis "efx_fifo_gray2bin_98c52b03a74a4ce095debab75db1d287(WIDTH=11)" end (Real time : 0s)
[EFX-0000 INFO] ... Hierarchical pre-synthesis "efx_fifo_gray2bin_98c52b03a74a4ce095debab75db1d287(WIDTH=12)" begin
[EFX-0000 INFO] ... Hierarchical pre-synthesis "efx_fifo_gray2bin_98c52b03a74a4ce095debab75db1d287(WIDTH=12)" end (Real time : 0s)
[EFX-0000 INFO] ... Hierarchical pre-synthesis "efx_fifo_ctl_98c52b03a74a4ce095debab75db1d287(SYNC_CLK=0,MODE="FWFT",WR_DEPTH=2048,WADDR_WIDTH=11,RADDR_WIDTH=11,ALMOST_FLAG=0,PROG_FULL_ASSERT=16,PROG_FULL_NEGATE=16,HANDSHAKE_FLAG=0,OVERFLOW_PROTECT=1,UNDERFLOW_PROTECT=1)" begin
[EFX-0000 INFO] ... Hierarchical pre-synthesis "efx_fifo_ctl_98c52b03a74a4ce095debab75db1d287(SYNC_CLK=0,MODE="FWFT",WR_DEPTH=2048,WADDR_WIDTH=11,RADDR_WIDTH=11,ALMOST_FLAG=0,PROG_FULL_ASSERT=16,PROG_FULL_NEGATE=16,HANDSHAKE_FLAG=0,OVERFLOW_PROTECT=1,UNDERFLOW_PROTECT=1)" end (Real time : 0s)
[EFX-0000 INFO] ... Hierarchical pre-synthesis "efx_fifo_top_98c52b03a74a4ce095debab75db1d287(MODE="FWFT",DEPTH=2048,DATA_WIDTH=8,OPTIONAL_FLAGS=0,PROGRAMMABLE_FULL="NONE",PROG_FULL_ASSERT=16,PROG_FULL_NEGATE=16,PROGRAMMABLE_EMPTY="NONE",PROG_EMPTY_ASSERT=0,PROG_EMPTY_NEGATE=0)" begin
[EFX-0000 INFO] ... Hierarchical pre-synthesis "efx_fifo_top_98c52b03a74a4ce095debab75db1d287(MODE="FWFT",DEPTH=2048,DATA_WIDTH=8,OPTIONAL_FLAGS=0,PROGRAMMABLE_FULL="NONE",PROG_FULL_ASSERT=16,PROG_FULL_NEGATE=16,PROGRAMMABLE_EMPTY="NONE",PROG_EMPTY_ASSERT=0,PROG_EMPTY_NEGATE=0)" end (Real time : 0s)
[EFX-0000 INFO] ... Hierarchical pre-synthesis "efx_fifo_ram_98c52b03a74a4ce095debab75db1d287(WDATA_WIDTH=32,RDATA_WIDTH=32,OUTPUT_REG=0,RAM_MUX_RATIO=1)" begin
[EFX-0000 INFO] ... Hierarchical pre-synthesis "efx_fifo_ram_98c52b03a74a4ce095debab75db1d287(WDATA_WIDTH=32,RDATA_WIDTH=32,OUTPUT_REG=0,RAM_MUX_RATIO=1)" end (Real time : 0s)
[EFX-0000 INFO] ... Hierarchical pre-synthesis "efx_fifo_bin2gray_98c52b03a74a4ce095debab75db1d287(WIDTH=10)" begin
[EFX-0000 INFO] ... Hierarchical pre-synthesis "efx_fifo_bin2gray_98c52b03a74a4ce095debab75db1d287(WIDTH=10)" end (Real time : 0s)
[EFX-0000 INFO] ... Hierarchical pre-synthesis "efx_asyncreg_98c52b03a74a4ce095debab75db1d287(WIDTH=10,ACTIVE_LOW=0,OFF_ASSERTION=1)" begin
[EFX-0000 INFO] ... Hierarchical pre-synthesis "efx_asyncreg_98c52b03a74a4ce095debab75db1d287(WIDTH=10,ACTIVE_LOW=0,OFF_ASSERTION=1)" end (Real time : 0s)
[EFX-0000 INFO] ... Hierarchical pre-synthesis "efx_fifo_ctl_98c52b03a74a4ce095debab75db1d287(SYNC_CLK=0,MODE="FWFT",ALMOST_FLAG=0,PROG_FULL_ASSERT=16,PROG_FULL_NEGATE=16,HANDSHAKE_FLAG=0,OVERFLOW_PROTECT=1,UNDERFLOW_PROTECT=1)" begin
[EFX-0000 INFO] ... Hierarchical pre-synthesis "efx_fifo_ctl_98c52b03a74a4ce095debab75db1d287(SYNC_CLK=0,MODE="FWFT",ALMOST_FLAG=0,PROG_FULL_ASSERT=16,PROG_FULL_NEGATE=16,HANDSHAKE_FLAG=0,OVERFLOW_PROTECT=1,UNDERFLOW_PROTECT=1)" end (Real time : 0s)
[EFX-0000 INFO] ... Hierarchical pre-synthesis "efx_fifo_top_98c52b03a74a4ce095debab75db1d287(MODE="FWFT",OPTIONAL_FLAGS=0,PROGRAMMABLE_FULL="NONE",PROG_FULL_ASSERT=16,PROG_FULL_NEGATE=16,PROGRAMMABLE_EMPTY="NONE",PROG_EMPTY_ASSERT=0,PROG_EMPTY_NEGATE=0)" begin
[EFX-0000 INFO] ... Hierarchical pre-synthesis "efx_fifo_top_98c52b03a74a4ce095debab75db1d287(MODE="FWFT",OPTIONAL_FLAGS=0,PROGRAMMABLE_FULL="NONE",PROG_FULL_ASSERT=16,PROG_FULL_NEGATE=16,PROGRAMMABLE_EMPTY="NONE",PROG_EMPTY_ASSERT=0,PROG_EMPTY_NEGATE=0)" end (Real time : 0s)
[EFX-0000 INFO] ... Hierarchical pre-synthesis "efx_dsi_tx_csr_98c52b03a74a4ce095debab75db1d287(HS_DATA_WIDTH=8,ENABLE_V_LPM_BTA=1'b0)" begin
[EFX-0000 INFO] ... Hierarchical pre-synthesis "efx_dsi_tx_csr_98c52b03a74a4ce095debab75db1d287(HS_DATA_WIDTH=8,ENABLE_V_LPM_BTA=1'b0)" end (Real time : 0s)
[EFX-0000 INFO] ... Hierarchical pre-synthesis "efx_dsi_pack48bto64b_98c52b03a74a4ce095debab75db1d287" begin
[EFX-0000 INFO] ... Hierarchical pre-synthesis "efx_dsi_pack48bto64b_98c52b03a74a4ce095debab75db1d287" end (Real time : 0s)
[EFX-0000 INFO] ... Hierarchical pre-synthesis "efx_fifo_ram_98c52b03a74a4ce095debab75db1d287(WR_DEPTH=2048,RD_DEPTH=2048,WDATA_WIDTH=64,RDATA_WIDTH=64,WADDR_WIDTH=11,RADDR_WIDTH=11,OUTPUT_REG=0,RAM_MUX_RATIO=1)" begin
[EFX-0000 INFO] ... Hierarchical pre-synthesis "efx_fifo_ram_98c52b03a74a4ce095debab75db1d287(WR_DEPTH=2048,RD_DEPTH=2048,WDATA_WIDTH=64,RDATA_WIDTH=64,WADDR_WIDTH=11,RADDR_WIDTH=11,OUTPUT_REG=0,RAM_MUX_RATIO=1)" end (Real time : 0s)
[EFX-0000 INFO] ... Hierarchical pre-synthesis "efx_fifo_ctl_98c52b03a74a4ce095debab75db1d287(SYNC_CLK=0,MODE="FWFT",WR_DEPTH=2048,WADDR_WIDTH=11,RADDR_WIDTH=11,ALMOST_FLAG=0,PROGRAMMABLE_FULL="STATIC_DUAL",PROG_FULL_ASSERT=404,PROG_FULL_NEGATE=404,HANDSHAKE_FLAG=0,OVERFLOW_PROTECT=1,UNDERFLOW_PROTECT=1)" begin
[EFX-0000 INFO] ... Hierarchical pre-synthesis "efx_fifo_ctl_98c52b03a74a4ce095debab75db1d287(SYNC_CLK=0,MODE="FWFT",WR_DEPTH=2048,WADDR_WIDTH=11,RADDR_WIDTH=11,ALMOST_FLAG=0,PROGRAMMABLE_FULL="STATIC_DUAL",PROG_FULL_ASSERT=404,PROG_FULL_NEGATE=404,HANDSHAKE_FLAG=0,OVERFLOW_PROTECT=1,UNDERFLOW_PROTECT=1)" end (Real time : 0s)
[EFX-0000 INFO] ... Hierarchical pre-synthesis "efx_fifo_top_98c52b03a74a4ce095debab75db1d287(MODE="FWFT",DEPTH=2048,DATA_WIDTH=64,OPTIONAL_FLAGS=0,PROG_FULL_ASSERT=404,PROG_FULL_NEGATE=404,PROGRAMMABLE_EMPTY="NONE",PROG_EMPTY_ASSERT=0,PROG_EMPTY_NEGATE=0)" begin
[EFX-0000 INFO] ... Hierarchical pre-synthesis "efx_fifo_top_98c52b03a74a4ce095debab75db1d287(MODE="FWFT",DEPTH=2048,DATA_WIDTH=64,OPTIONAL_FLAGS=0,PROG_FULL_ASSERT=404,PROG_FULL_NEGATE=404,PROGRAMMABLE_EMPTY="NONE",PROG_EMPTY_ASSERT=0,PROG_EMPTY_NEGATE=0)" end (Real time : 0s)
[EFX-0000 INFO] ... Hierarchical pre-synthesis "efx_dsi_pixel2byte_98c52b03a74a4ce095debab75db1d287(MAX_HRES=1080,PACK_TYPE=1,PIXEL_FIFO_DEPTH=2048)" begin
[EFX-0000 INFO] ... Hierarchical pre-synthesis "efx_dsi_pixel2byte_98c52b03a74a4ce095debab75db1d287(MAX_HRES=1080,PACK_TYPE=1,PIXEL_FIFO_DEPTH=2048)" end (Real time : 0s)
[EFX-0000 INFO] ... Hierarchical pre-synthesis "efx_asyncreg_98c52b03a74a4ce095debab75db1d287(WIDTH=2)" begin
[EFX-0000 INFO] ... Hierarchical pre-synthesis "efx_asyncreg_98c52b03a74a4ce095debab75db1d287(WIDTH=2)" end (Real time : 0s)
[EFX-0000 INFO] ... Hierarchical pre-synthesis "efx_asyncreg_98c52b03a74a4ce095debab75db1d287(WIDTH=6)" begin
[EFX-0000 INFO] ... Hierarchical pre-synthesis "efx_asyncreg_98c52b03a74a4ce095debab75db1d287(WIDTH=6)" end (Real time : 0s)
[EFX-0000 INFO] ... Hierarchical pre-synthesis "efx_fifo_ram_98c52b03a74a4ce095debab75db1d287(FAMILY="TITANIUM",WR_DEPTH=16384,RD_DEPTH=16384,WDATA_WIDTH=4,RDATA_WIDTH=4,WADDR_WIDTH=14,RADDR_WIDTH=14,OUTPUT_REG=0,RAM_MUX_RATIO=1,ENDIANESS=1)" begin
[EFX-0000 INFO] ... Hierarchical pre-synthesis "efx_fifo_ram_98c52b03a74a4ce095debab75db1d287(FAMILY="TITANIUM",WR_DEPTH=16384,RD_DEPTH=16384,WDATA_WIDTH=4,RDATA_WIDTH=4,WADDR_WIDTH=14,RADDR_WIDTH=14,OUTPUT_REG=0,RAM_MUX_RATIO=1,ENDIANESS=1)" end (Real time : 0s)
[EFX-0000 INFO] ... Hierarchical pre-synthesis "efx_fifo_ctl_98c52b03a74a4ce095debab75db1d287(WR_DEPTH=16384,WADDR_WIDTH=14,RADDR_WIDTH=14,ALMOST_FLAG=0,PROG_FULL_ASSERT=128,PROG_FULL_NEGATE=127,PROG_EMPTY_ASSERT=2,PROG_EMPTY_NEGATE=3,HANDSHAKE_FLAG=0,OVERFLOW_PROTECT=1,UNDERFLOW_PROTECT=1)" begin
[EFX-0000 INFO] ... Hierarchical pre-synthesis "efx_fifo_ctl_98c52b03a74a4ce095debab75db1d287(WR_DEPTH=16384,WADDR_WIDTH=14,RADDR_WIDTH=14,ALMOST_FLAG=0,PROG_FULL_ASSERT=128,PROG_FULL_NEGATE=127,PROG_EMPTY_ASSERT=2,PROG_EMPTY_NEGATE=3,HANDSHAKE_FLAG=0,OVERFLOW_PROTECT=1,UNDERFLOW_PROTECT=1)" end (Real time : 0s)
[EFX-0000 INFO] ... Hierarchical pre-synthesis "efx_fifo_top_98c52b03a74a4ce095debab75db1d287(FAMILY="TITANIUM",SYNC_CLK=1,DEPTH=16384,DATA_WIDTH=4,OPTIONAL_FLAGS=0,PROGRAMMABLE_FULL="NONE",PROG_FULL_ASSERT=128,PROG_FULL_NEGATE=127,PROGRAMMABLE_EMPTY="NONE",PROG_EMPTY_ASSERT=2,PROG_EMPTY_NEGATE=3,ENDIANESS=1)" begin
[EFX-0000 INFO] ... Hierarchical pre-synthesis "efx_fifo_top_98c52b03a74a4ce095debab75db1d287(FAMILY="TITANIUM",SYNC_CLK=1,DEPTH=16384,DATA_WIDTH=4,OPTIONAL_FLAGS=0,PROGRAMMABLE_FULL="NONE",PROG_FULL_ASSERT=128,PROG_FULL_NEGATE=127,PROGRAMMABLE_EMPTY="NONE",PROG_EMPTY_ASSERT=2,PROG_EMPTY_NEGATE=3,ENDIANESS=1)" end (Real time : 0s)
[EFX-0000 INFO] ... Hierarchical pre-synthesis "efx_dsi_delay_sync_98c52b03a74a4ce095debab75db1d287" begin
[EFX-0000 INFO] ... Hierarchical pre-synthesis "efx_dsi_delay_sync_98c52b03a74a4ce095debab75db1d287" end (Real time : 0s)
[EFX-0000 INFO] ... Hierarchical pre-synthesis "efx_dsi_video_iface_98c52b03a74a4ce095debab75db1d287(HS_DATA_WIDTH=8,PACKET_SEQUENCES=1)" begin
[EFX-0000 INFO] ... Hierarchical pre-synthesis "efx_dsi_video_iface_98c52b03a74a4ce095debab75db1d287(HS_DATA_WIDTH=8,PACKET_SEQUENCES=1)" end (Real time : 0s)
[EFX-0000 INFO] ... Hierarchical pre-synthesis "efx_dsi_crc16_d32_gen_98c52b03a74a4ce095debab75db1d287" begin
[EFX-0000 INFO] ... Hierarchical pre-synthesis "efx_dsi_crc16_d32_gen_98c52b03a74a4ce095debab75db1d287" end (Real time : 0s)
[EFX-0000 INFO] ... Hierarchical pre-synthesis "efx_fifo_ram_98c52b03a74a4ce095debab75db1d287(WDATA_WIDTH=36,RDATA_WIDTH=36,OUTPUT_REG=0,RAM_MUX_RATIO=1)" begin
[EFX-0000 INFO] ... Hierarchical pre-synthesis "efx_fifo_ram_98c52b03a74a4ce095debab75db1d287(WDATA_WIDTH=36,RDATA_WIDTH=36,OUTPUT_REG=0,RAM_MUX_RATIO=1)" end (Real time : 0s)
[EFX-0000 INFO] ... Hierarchical pre-synthesis "efx_fifo_ctl_98c52b03a74a4ce095debab75db1d287(SYNC_CLK=0,MODE="FWFT",ALMOST_FLAG=0,PROGRAMMABLE_FULL="NONE       ",PROG_FULL_ASSERT=16,PROG_FULL_NEGATE=16,HANDSHAKE_FLAG=0,OVERFLOW_PROTECT=1,UNDERFLOW_PROTECT=1)" begin
[EFX-0000 INFO] ... Hierarchical pre-synthesis "efx_fifo_ctl_98c52b03a74a4ce095debab75db1d287(SYNC_CLK=0,MODE="FWFT",ALMOST_FLAG=0,PROGRAMMABLE_FULL="NONE       ",PROG_FULL_ASSERT=16,PROG_FULL_NEGATE=16,HANDSHAKE_FLAG=0,OVERFLOW_PROTECT=1,UNDERFLOW_PROTECT=1)" end (Real time : 0s)
[EFX-0000 INFO] ... Hierarchical pre-synthesis "efx_fifo_top_98c52b03a74a4ce095debab75db1d287(MODE="FWFT",DATA_WIDTH=36,OPTIONAL_FLAGS=0,PROGRAMMABLE_FULL="NONE       ",PROG_FULL_ASSERT=16,PROG_FULL_NEGATE=16,PROGRAMMABLE_EMPTY="NONE",PROG_EMPTY_ASSERT=0,PROG_EMPTY_NEGATE=0)" begin
[EFX-0000 INFO] ... Hierarchical pre-synthesis "efx_fifo_top_98c52b03a74a4ce095debab75db1d287(MODE="FWFT",DATA_WIDTH=36,OPTIONAL_FLAGS=0,PROGRAMMABLE_FULL="NONE       ",PROG_FULL_ASSERT=16,PROG_FULL_NEGATE=16,PROGRAMMABLE_EMPTY="NONE",PROG_EMPTY_ASSERT=0,PROG_EMPTY_NEGATE=0)" end (Real time : 0s)
[EFX-0000 INFO] ... Hierarchical pre-synthesis "efx_dsi_64b_packetizer_4lane_98c52b03a74a4ce095debab75db1d287(ENABLE_EOTP=1'b0,HS_LANE_FIFO_DEPTH=512)" begin
[EFX-0000 INFO] ... Hierarchical pre-synthesis "efx_dsi_64b_packetizer_4lane_98c52b03a74a4ce095debab75db1d287(ENABLE_EOTP=1'b0,HS_LANE_FIFO_DEPTH=512)" end (Real time : 1s)
[EFX-0000 INFO] ... Hierarchical pre-synthesis "efx_dsi_tx_top_98c52b03a74a4ce095debab75db1d287(tINIT_NS=100000,ENABLE_INIT_SKEWCAL=0,ENABLE_EOTP=1'b0,HS_BYTECLK_MHZ=125,PACK_TYPE=1,ENABLE_V_LPM_BTA=1'b0,HS_CMD_WDATAFIFO_DEPTH=512,LP_CMD_WDATAFIFO_DEPTH=512,LP_CMD_RDATAFIFO_DEPTH=2048,HS_DATA_WIDTH=8)" begin
[EFX-0000 INFO] ... Hierarchical pre-synthesis "efx_dsi_tx_top_98c52b03a74a4ce095debab75db1d287(tINIT_NS=100000,ENABLE_INIT_SKEWCAL=0,ENABLE_EOTP=1'b0,HS_BYTECLK_MHZ=125,PACK_TYPE=1,ENABLE_V_LPM_BTA=1'b0,HS_CMD_WDATAFIFO_DEPTH=512,LP_CMD_WDATAFIFO_DEPTH=512,LP_CMD_RDATAFIFO_DEPTH=2048,HS_DATA_WIDTH=8)" end (Real time : 1s)
[EFX-0000 INFO] ... Hierarchical pre-synthesis "efx_dsi_tx_98c52b03a74a4ce095debab75db1d287(tLPX_NS=60,tCLK_ZERO_NS=280,tCLK_TRAIL_NS=100,tCLK_POST_NS=100,tCLK_PREPARE_NS=50,tHS_PREPARE_NS=50,tHS_EXIT_NS=120,tHS_ZERO_NS=200,tHS_TRAIL_NS=65,PACK_TYPE=1,ENABLE_V_LPM_BTA=1'b0,HS_CMD_WDATAFIFO_DEPTH=512,LP_CMD_WDATAFIFO_DEPTH=512,LP_CMD_RDATAFIFO_DEPTH=2048,ENABLE_BIDIR=1'b1,ENABLE_EOTP=1'b0)" begin
[EFX-0000 INFO] ... Hierarchical pre-synthesis "efx_dsi_tx_98c52b03a74a4ce095debab75db1d287(tLPX_NS=60,tCLK_ZERO_NS=280,tCLK_TRAIL_NS=100,tCLK_POST_NS=100,tCLK_PREPARE_NS=50,tHS_PREPARE_NS=50,tHS_EXIT_NS=120,tHS_ZERO_NS=200,tHS_TRAIL_NS=65,PACK_TYPE=1,ENABLE_V_LPM_BTA=1'b0,HS_CMD_WDATAFIFO_DEPTH=512,LP_CMD_WDATAFIFO_DEPTH=512,LP_CMD_RDATAFIFO_DEPTH=2048,ENABLE_BIDIR=1'b1,ENABLE_EOTP=1'b0)" end (Real time : 0s)
[EFX-0000 INFO] ... Hierarchical pre-synthesis "dsi_tx_display" begin
[EFX-0000 INFO] ... Hierarchical pre-synthesis "dsi_tx_display" end (Real time : 0s)
[EFX-0000 INFO] ... Hierarchical pre-synthesis "common_apb3(ADDR_WIDTH=16,NUM_REG=18)" begin
[EFX-0000 INFO] ... Hierarchical pre-synthesis "common_apb3(ADDR_WIDTH=16,NUM_REG=18)" end (Real time : 0s)
[EFX-0000 INFO] ... Hierarchical pre-synthesis "efx_asyncreg_b64bd53245f74d6a99e917bfa5663d9f(WIDTH=1)" begin
[EFX-0000 INFO] ... Hierarchical pre-synthesis "efx_asyncreg_b64bd53245f74d6a99e917bfa5663d9f(WIDTH=1)" end (Real time : 0s)
[EFX-0000 INFO] ... Hierarchical pre-synthesis "efx_resetsync_b64bd53245f74d6a99e917bfa5663d9f" begin
[EFX-0000 INFO] ... Hierarchical pre-synthesis "efx_resetsync_b64bd53245f74d6a99e917bfa5663d9f" end (Real time : 0s)
[EFX-0000 INFO] ... Hierarchical pre-synthesis "efx_asyncreg_b64bd53245f74d6a99e917bfa5663d9f(WIDTH=1,ACTIVE_LOW=0,RST_VALUE=1)" begin
[EFX-0000 INFO] ... Hierarchical pre-synthesis "efx_asyncreg_b64bd53245f74d6a99e917bfa5663d9f(WIDTH=1,ACTIVE_LOW=0,RST_VALUE=1)" end (Real time : 0s)
[EFX-0000 INFO] ... Hierarchical pre-synthesis "efx_resetsync_b64bd53245f74d6a99e917bfa5663d9f(ACTIVE_LOW=0)" begin
[EFX-0000 INFO] ... Hierarchical pre-synthesis "efx_resetsync_b64bd53245f74d6a99e917bfa5663d9f(ACTIVE_LOW=0)" end (Real time : 0s)
[EFX-0000 INFO] ... Hierarchical pre-synthesis "efx_fifo_ram_b64bd53245f74d6a99e917bfa5663d9f(FAMILY="TITANIUM",WR_DEPTH=16,RD_DEPTH=16,WDATA_WIDTH=54,RDATA_WIDTH=54,WADDR_WIDTH=4,RADDR_WIDTH=4,OUTPUT_REG=0,RAM_MUX_RATIO=1)" begin
[EFX-0000 INFO] ... Hierarchical pre-synthesis "efx_fifo_ram_b64bd53245f74d6a99e917bfa5663d9f(FAMILY="TITANIUM",WR_DEPTH=16,RD_DEPTH=16,WDATA_WIDTH=54,RDATA_WIDTH=54,WADDR_WIDTH=4,RADDR_WIDTH=4,OUTPUT_REG=0,RAM_MUX_RATIO=1)" end (Real time : 0s)
[EFX-0000 INFO] ... Hierarchical pre-synthesis "efx_fifo_bin2gray_b64bd53245f74d6a99e917bfa5663d9f" begin
[EFX-0000 INFO] ... Hierarchical pre-synthesis "efx_fifo_bin2gray_b64bd53245f74d6a99e917bfa5663d9f" end (Real time : 0s)
[EFX-0000 INFO] ... Hierarchical pre-synthesis "efx_asyncreg_b64bd53245f74d6a99e917bfa5663d9f(WIDTH=5,ACTIVE_LOW=0,OFF_ASSERTION=1)" begin
[EFX-0000 INFO] ... Hierarchical pre-synthesis "efx_asyncreg_b64bd53245f74d6a99e917bfa5663d9f(WIDTH=5,ACTIVE_LOW=0,OFF_ASSERTION=1)" end (Real time : 0s)
[EFX-0000 INFO] ... Hierarchical pre-synthesis "efx_fifo_gray2bin_b64bd53245f74d6a99e917bfa5663d9f(WIDTH=2)" begin
[EFX-0000 INFO] ... Hierarchical pre-synthesis "efx_fifo_gray2bin_b64bd53245f74d6a99e917bfa5663d9f(WIDTH=2)" end (Real time : 0s)
[EFX-0000 INFO] ... Hierarchical pre-synthesis "efx_fifo_gray2bin_b64bd53245f74d6a99e917bfa5663d9f(WIDTH=3)" begin
[EFX-0000 INFO] ... Hierarchical pre-synthesis "efx_fifo_gray2bin_b64bd53245f74d6a99e917bfa5663d9f(WIDTH=3)" end (Real time : 0s)
[EFX-0000 INFO] ... Hierarchical pre-synthesis "efx_fifo_gray2bin_b64bd53245f74d6a99e917bfa5663d9f(WIDTH=4)" begin
[EFX-0000 INFO] ... Hierarchical pre-synthesis "efx_fifo_gray2bin_b64bd53245f74d6a99e917bfa5663d9f(WIDTH=4)" end (Real time : 0s)
[EFX-0000 INFO] ... Hierarchical pre-synthesis "efx_fifo_gray2bin_b64bd53245f74d6a99e917bfa5663d9f" begin
[EFX-0000 INFO] ... Hierarchical pre-synthesis "efx_fifo_gray2bin_b64bd53245f74d6a99e917bfa5663d9f" end (Real time : 0s)
[EFX-0000 INFO] ... Hierarchical pre-synthesis "efx_fifo_ctl_b64bd53245f74d6a99e917bfa5663d9f(SYNC_CLK=0,WR_DEPTH=16,WADDR_WIDTH=4,RADDR_WIDTH=4,PROG_FULL_ASSERT=27,PROG_FULL_NEGATE=23,PROG_EMPTY_ASSERT=5,PROG_EMPTY_NEGATE=7,OVERFLOW_PROTECT=1,UNDERFLOW_PROTECT=1)" begin
[EFX-0000 INFO] ... Hierarchical pre-synthesis "efx_fifo_ctl_b64bd53245f74d6a99e917bfa5663d9f(SYNC_CLK=0,WR_DEPTH=16,WADDR_WIDTH=4,RADDR_WIDTH=4,PROG_FULL_ASSERT=27,PROG_FULL_NEGATE=23,PROG_EMPTY_ASSERT=5,PROG_EMPTY_NEGATE=7,OVERFLOW_PROTECT=1,UNDERFLOW_PROTECT=1)" end (Real time : 0s)
[EFX-0000 INFO] ... Hierarchical pre-synthesis "efx_fifo_top_b64bd53245f74d6a99e917bfa5663d9f(FAMILY="TITANIUM",DEPTH=16,DATA_WIDTH=54,PROGRAMMABLE_FULL="NONE",PROGRAMMABLE_EMPTY="NONE")" begin
[EFX-0000 INFO] ... Hierarchical pre-synthesis "efx_fifo_top_b64bd53245f74d6a99e917bfa5663d9f(FAMILY="TITANIUM",DEPTH=16,DATA_WIDTH=54,PROGRAMMABLE_FULL="NONE",PROGRAMMABLE_EMPTY="NONE")" end (Real time : 0s)
[EFX-0000 INFO] ... Hierarchical pre-synthesis "efx_fifo_ram_b64bd53245f74d6a99e917bfa5663d9f(FAMILY="TITANIUM",WR_DEPTH=256,RD_DEPTH=1024,WDATA_WIDTH=160,RDATA_WIDTH=40,WADDR_WIDTH=8,RADDR_WIDTH=10,OUTPUT_REG=0)" begin
[EFX-0000 INFO] ... Hierarchical pre-synthesis "efx_fifo_ram_b64bd53245f74d6a99e917bfa5663d9f(FAMILY="TITANIUM",WR_DEPTH=256,RD_DEPTH=1024,WDATA_WIDTH=160,RDATA_WIDTH=40,WADDR_WIDTH=8,RADDR_WIDTH=10,OUTPUT_REG=0)" end (Real time : 0s)
[EFX-0000 INFO] ... Hierarchical pre-synthesis "efx_fifo_bin2gray_b64bd53245f74d6a99e917bfa5663d9f(WIDTH=11)" begin
[EFX-0000 INFO] ... Hierarchical pre-synthesis "efx_fifo_bin2gray_b64bd53245f74d6a99e917bfa5663d9f(WIDTH=11)" end (Real time : 0s)
[EFX-0000 INFO] ... Hierarchical pre-synthesis "efx_asyncreg_b64bd53245f74d6a99e917bfa5663d9f(WIDTH=11,ACTIVE_LOW=0,OFF_ASSERTION=1)" begin
[EFX-0000 INFO] ... Hierarchical pre-synthesis "efx_asyncreg_b64bd53245f74d6a99e917bfa5663d9f(WIDTH=11,ACTIVE_LOW=0,OFF_ASSERTION=1)" end (Real time : 0s)
[EFX-0000 INFO] ... Hierarchical pre-synthesis "efx_fifo_gray2bin_b64bd53245f74d6a99e917bfa5663d9f(WIDTH=6)" begin
[EFX-0000 INFO] ... Hierarchical pre-synthesis "efx_fifo_gray2bin_b64bd53245f74d6a99e917bfa5663d9f(WIDTH=6)" end (Real time : 0s)
[EFX-0000 INFO] ... Hierarchical pre-synthesis "efx_fifo_gray2bin_b64bd53245f74d6a99e917bfa5663d9f(WIDTH=7)" begin
[EFX-0000 INFO] ... Hierarchical pre-synthesis "efx_fifo_gray2bin_b64bd53245f74d6a99e917bfa5663d9f(WIDTH=7)" end (Real time : 0s)
[EFX-0000 INFO] ... Hierarchical pre-synthesis "efx_fifo_gray2bin_b64bd53245f74d6a99e917bfa5663d9f(WIDTH=8)" begin
[EFX-0000 INFO] ... Hierarchical pre-synthesis "efx_fifo_gray2bin_b64bd53245f74d6a99e917bfa5663d9f(WIDTH=8)" end (Real time : 0s)
[EFX-0000 INFO] ... Hierarchical pre-synthesis "efx_fifo_gray2bin_b64bd53245f74d6a99e917bfa5663d9f(WIDTH=9)" begin
[EFX-0000 INFO] ... Hierarchical pre-synthesis "efx_fifo_gray2bin_b64bd53245f74d6a99e917bfa5663d9f(WIDTH=9)" end (Real time : 0s)
[EFX-0000 INFO] ... Hierarchical pre-synthesis "efx_fifo_gray2bin_b64bd53245f74d6a99e917bfa5663d9f(WIDTH=10)" begin
[EFX-0000 INFO] ... Hierarchical pre-synthesis "efx_fifo_gray2bin_b64bd53245f74d6a99e917bfa5663d9f(WIDTH=10)" end (Real time : 0s)
[EFX-0000 INFO] ... Hierarchical pre-synthesis "efx_fifo_gray2bin_b64bd53245f74d6a99e917bfa5663d9f(WIDTH=11)" begin
[EFX-0000 INFO] ... Hierarchical pre-synthesis "efx_fifo_gray2bin_b64bd53245f74d6a99e917bfa5663d9f(WIDTH=11)" end (Real time : 0s)
[EFX-0000 INFO] ... Hierarchical pre-synthesis "efx_fifo_bin2gray_b64bd53245f74d6a99e917bfa5663d9f(WIDTH=9)" begin
[EFX-0000 INFO] ... Hierarchical pre-synthesis "efx_fifo_bin2gray_b64bd53245f74d6a99e917bfa5663d9f(WIDTH=9)" end (Real time : 0s)
[EFX-0000 INFO] ... Hierarchical pre-synthesis "efx_asyncreg_b64bd53245f74d6a99e917bfa5663d9f(WIDTH=9,ACTIVE_LOW=0,OFF_ASSERTION=1)" begin
[EFX-0000 INFO] ... Hierarchical pre-synthesis "efx_asyncreg_b64bd53245f74d6a99e917bfa5663d9f(WIDTH=9,ACTIVE_LOW=0,OFF_ASSERTION=1)" end (Real time : 0s)
[EFX-0000 INFO] ... Hierarchical pre-synthesis "efx_fifo_ctl_b64bd53245f74d6a99e917bfa5663d9f(SYNC_CLK=0,WR_DEPTH=256,WADDR_WIDTH=8,RADDR_WIDTH=10,ASYM_WIDTH_RATIO=2,RAM_MUX_RATIO=4,PROG_FULL_ASSERT=27,PROG_FULL_NEGATE=23,PROG_EMPTY_ASSERT=5,PROG_EMPTY_NEGATE=7,OVERFLOW_PROTECT=1,UNDERFLOW_PROTECT=1)" begin
[EFX-0000 INFO] ... Hierarchical pre-synthesis "efx_fifo_ctl_b64bd53245f74d6a99e917bfa5663d9f(SYNC_CLK=0,WR_DEPTH=256,WADDR_WIDTH=8,RADDR_WIDTH=10,ASYM_WIDTH_RATIO=2,RAM_MUX_RATIO=4,PROG_FULL_ASSERT=27,PROG_FULL_NEGATE=23,PROG_EMPTY_ASSERT=5,PROG_EMPTY_NEGATE=7,OVERFLOW_PROTECT=1,UNDERFLOW_PROTECT=1)" end (Real time : 0s)
[EFX-0000 INFO] ... Hierarchical pre-synthesis "efx_fifo_top_b64bd53245f74d6a99e917bfa5663d9f(FAMILY="TITANIUM",DEPTH=256,DATA_WIDTH=160,PROGRAMMABLE_FULL="NONE",PROGRAMMABLE_EMPTY="NONE",ASYM_WIDTH_RATIO=2)" begin
[EFX-0000 INFO] ... Hierarchical pre-synthesis "efx_fifo_top_b64bd53245f74d6a99e917bfa5663d9f(FAMILY="TITANIUM",DEPTH=256,DATA_WIDTH=160,PROGRAMMABLE_FULL="NONE",PROGRAMMABLE_EMPTY="NONE",ASYM_WIDTH_RATIO=2)" end (Real time : 0s)
[EFX-0000 INFO] ... Hierarchical pre-synthesis "efx_fifo_ram_b64bd53245f74d6a99e917bfa5663d9f(FAMILY="TITANIUM",WR_DEPTH=16,RD_DEPTH=16,WDATA_WIDTH=5,RDATA_WIDTH=5,WADDR_WIDTH=4,RADDR_WIDTH=4,OUTPUT_REG=0,RAM_MUX_RATIO=1)" begin
[EFX-0000 INFO] ... Hierarchical pre-synthesis "efx_fifo_ram_b64bd53245f74d6a99e917bfa5663d9f(FAMILY="TITANIUM",WR_DEPTH=16,RD_DEPTH=16,WDATA_WIDTH=5,RDATA_WIDTH=5,WADDR_WIDTH=4,RADDR_WIDTH=4,OUTPUT_REG=0,RAM_MUX_RATIO=1)" end (Real time : 0s)
[EFX-0000 INFO] ... Hierarchical pre-synthesis "efx_fifo_ctl_b64bd53245f74d6a99e917bfa5663d9f(SYNC_CLK=0,WR_DEPTH=16,WADDR_WIDTH=4,RADDR_WIDTH=4,PROG_FULL_ASSERT=27,PROG_FULL_NEGATE=23,PROG_EMPTY_ASSERT=5,PROG_EMPTY_NEGATE=7,OVERFLOW_PROTECT=1)" begin
[EFX-0000 INFO] ... Hierarchical pre-synthesis "efx_fifo_ctl_b64bd53245f74d6a99e917bfa5663d9f(SYNC_CLK=0,WR_DEPTH=16,WADDR_WIDTH=4,RADDR_WIDTH=4,PROG_FULL_ASSERT=27,PROG_FULL_NEGATE=23,PROG_EMPTY_ASSERT=5,PROG_EMPTY_NEGATE=7,OVERFLOW_PROTECT=1)" end (Real time : 0s)
[EFX-0000 INFO] ... Hierarchical pre-synthesis "efx_fifo_top_b64bd53245f74d6a99e917bfa5663d9f(FAMILY="TITANIUM",DEPTH=16,DATA_WIDTH=5,PROGRAMMABLE_FULL="NONE",PROGRAMMABLE_EMPTY="NONE",UNDERFLOW_PROTECT=0)" begin
[EFX-0000 INFO] ... Hierarchical pre-synthesis "efx_fifo_top_b64bd53245f74d6a99e917bfa5663d9f(FAMILY="TITANIUM",DEPTH=16,DATA_WIDTH=5,PROGRAMMABLE_FULL="NONE",PROGRAMMABLE_EMPTY="NONE",UNDERFLOW_PROTECT=0)" end (Real time : 0s)
[EFX-0000 INFO] ... Hierarchical pre-synthesis "efx_fifo_ram_b64bd53245f74d6a99e917bfa5663d9f(FAMILY="TITANIUM",WR_DEPTH=8,RD_DEPTH=8,WDATA_WIDTH=5,RDATA_WIDTH=5,WADDR_WIDTH=3,RADDR_WIDTH=3,OUTPUT_REG=0,RAM_MUX_RATIO=1)" begin
[EFX-0000 INFO] ... Hierarchical pre-synthesis "efx_fifo_ram_b64bd53245f74d6a99e917bfa5663d9f(FAMILY="TITANIUM",WR_DEPTH=8,RD_DEPTH=8,WDATA_WIDTH=5,RDATA_WIDTH=5,WADDR_WIDTH=3,RADDR_WIDTH=3,OUTPUT_REG=0,RAM_MUX_RATIO=1)" end (Real time : 0s)
[EFX-0000 INFO] ... Hierarchical pre-synthesis "efx_fifo_bin2gray_b64bd53245f74d6a99e917bfa5663d9f(WIDTH=4)" begin
[EFX-0000 INFO] ... Hierarchical pre-synthesis "efx_fifo_bin2gray_b64bd53245f74d6a99e917bfa5663d9f(WIDTH=4)" end (Real time : 0s)
[EFX-0000 INFO] ... Hierarchical pre-synthesis "efx_asyncreg_b64bd53245f74d6a99e917bfa5663d9f(ACTIVE_LOW=0,OFF_ASSERTION=1)" begin
[EFX-0000 INFO] ... Hierarchical pre-synthesis "efx_asyncreg_b64bd53245f74d6a99e917bfa5663d9f(ACTIVE_LOW=0,OFF_ASSERTION=1)" end (Real time : 0s)
[EFX-0000 INFO] ... Hierarchical pre-synthesis "efx_fifo_ctl_b64bd53245f74d6a99e917bfa5663d9f(SYNC_CLK=0,WR_DEPTH=8,WADDR_WIDTH=3,RADDR_WIDTH=3,ALMOST_FLAG=0,PROG_FULL_ASSERT=27,PROG_FULL_NEGATE=23,PROG_EMPTY_ASSERT=5,PROG_EMPTY_NEGATE=7,HANDSHAKE_FLAG=0)" begin
[EFX-0000 INFO] ... Hierarchical pre-synthesis "efx_fifo_ctl_b64bd53245f74d6a99e917bfa5663d9f(SYNC_CLK=0,WR_DEPTH=8,WADDR_WIDTH=3,RADDR_WIDTH=3,ALMOST_FLAG=0,PROG_FULL_ASSERT=27,PROG_FULL_NEGATE=23,PROG_EMPTY_ASSERT=5,PROG_EMPTY_NEGATE=7,HANDSHAKE_FLAG=0)" end (Real time : 0s)
[EFX-0000 INFO] ... Hierarchical pre-synthesis "efx_fifo_top_b64bd53245f74d6a99e917bfa5663d9f(FAMILY="TITANIUM",DEPTH=8,DATA_WIDTH=5,OPTIONAL_FLAGS=0,PROGRAMMABLE_FULL="NONE",PROGRAMMABLE_EMPTY="NONE",OVERFLOW_PROTECT=0,UNDERFLOW_PROTECT=0)" begin
[EFX-0000 INFO] ... Hierarchical pre-synthesis "efx_fifo_top_b64bd53245f74d6a99e917bfa5663d9f(FAMILY="TITANIUM",DEPTH=8,DATA_WIDTH=5,OPTIONAL_FLAGS=0,PROGRAMMABLE_FULL="NONE",PROGRAMMABLE_EMPTY="NONE",OVERFLOW_PROTECT=0,UNDERFLOW_PROTECT=0)" end (Real time : 0s)
[EFX-0000 INFO] ... Hierarchical pre-synthesis "efx_fifo_ram_b64bd53245f74d6a99e917bfa5663d9f(FAMILY="TITANIUM",WR_DEPTH=4,RD_DEPTH=4,WDATA_WIDTH=11,RDATA_WIDTH=11,WADDR_WIDTH=2,RADDR_WIDTH=2,OUTPUT_REG=0,RAM_MUX_RATIO=1)" begin
[EFX-0000 INFO] ... Hierarchical pre-synthesis "efx_fifo_ram_b64bd53245f74d6a99e917bfa5663d9f(FAMILY="TITANIUM",WR_DEPTH=4,RD_DEPTH=4,WDATA_WIDTH=11,RDATA_WIDTH=11,WADDR_WIDTH=2,RADDR_WIDTH=2,OUTPUT_REG=0,RAM_MUX_RATIO=1)" end (Real time : 0s)
[EFX-0000 INFO] ... Hierarchical pre-synthesis "efx_fifo_bin2gray_b64bd53245f74d6a99e917bfa5663d9f(WIDTH=3)" begin
[EFX-0000 INFO] ... Hierarchical pre-synthesis "efx_fifo_bin2gray_b64bd53245f74d6a99e917bfa5663d9f(WIDTH=3)" end (Real time : 0s)
[EFX-0000 INFO] ... Hierarchical pre-synthesis "efx_asyncreg_b64bd53245f74d6a99e917bfa5663d9f(WIDTH=3,ACTIVE_LOW=0,OFF_ASSERTION=1)" begin
[EFX-0000 INFO] ... Hierarchical pre-synthesis "efx_asyncreg_b64bd53245f74d6a99e917bfa5663d9f(WIDTH=3,ACTIVE_LOW=0,OFF_ASSERTION=1)" end (Real time : 0s)
[EFX-0000 INFO] ... Hierarchical pre-synthesis "efx_fifo_ctl_b64bd53245f74d6a99e917bfa5663d9f(SYNC_CLK=0,WR_DEPTH=4,WADDR_WIDTH=2,RADDR_WIDTH=2,PROG_FULL_ASSERT=27,PROG_FULL_NEGATE=23,PROG_EMPTY_ASSERT=5,PROG_EMPTY_NEGATE=7,OVERFLOW_PROTECT=1)" begin
[EFX-0000 INFO] ... Hierarchical pre-synthesis "efx_fifo_ctl_b64bd53245f74d6a99e917bfa5663d9f(SYNC_CLK=0,WR_DEPTH=4,WADDR_WIDTH=2,RADDR_WIDTH=2,PROG_FULL_ASSERT=27,PROG_FULL_NEGATE=23,PROG_EMPTY_ASSERT=5,PROG_EMPTY_NEGATE=7,OVERFLOW_PROTECT=1)" end (Real time : 0s)
[EFX-0000 INFO] ... Hierarchical pre-synthesis "efx_fifo_top_b64bd53245f74d6a99e917bfa5663d9f(FAMILY="TITANIUM",DEPTH=4,DATA_WIDTH=11,PROGRAMMABLE_FULL="NONE",PROGRAMMABLE_EMPTY="NONE",UNDERFLOW_PROTECT=0)" begin
[EFX-0000 INFO] ... Hierarchical pre-synthesis "efx_fifo_top_b64bd53245f74d6a99e917bfa5663d9f(FAMILY="TITANIUM",DEPTH=4,DATA_WIDTH=11,PROGRAMMABLE_FULL="NONE",PROGRAMMABLE_EMPTY="NONE",UNDERFLOW_PROTECT=0)" end (Real time : 0s)
[EFX-0000 INFO] ... Hierarchical pre-synthesis "efx_fifo_ram_b64bd53245f74d6a99e917bfa5663d9f(FAMILY="TITANIUM",WR_DEPTH=1024,RD_DEPTH=256,WDATA_WIDTH=35,RDATA_WIDTH=140,WADDR_WIDTH=10,RADDR_WIDTH=8,OUTPUT_REG=0)" begin
[EFX-0000 INFO] ... Hierarchical pre-synthesis "efx_fifo_ram_b64bd53245f74d6a99e917bfa5663d9f(FAMILY="TITANIUM",WR_DEPTH=1024,RD_DEPTH=256,WDATA_WIDTH=35,RDATA_WIDTH=140,WADDR_WIDTH=10,RADDR_WIDTH=8,OUTPUT_REG=0)" end (Real time : 0s)
[EFX-0000 INFO] ... Hierarchical pre-synthesis "efx_fifo_ctl_b64bd53245f74d6a99e917bfa5663d9f(SYNC_CLK=0,MODE="FWFT",WR_DEPTH=1024,WADDR_WIDTH=10,RADDR_WIDTH=8,ASYM_WIDTH_RATIO=6,RAM_MUX_RATIO=4,PROGRAMMABLE_FULL="STATIC_SINGLE",PROG_FULL_ASSERT=512,PROG_FULL_NEGATE=23,PROG_EMPTY_ASSERT=5,PROG_EMPTY_NEGATE=7,OVERFLOW_PROTECT=1,UNDERFLOW_PROTECT=1)" begin
[EFX-0000 INFO] ... Hierarchical pre-synthesis "efx_fifo_ctl_b64bd53245f74d6a99e917bfa5663d9f(SYNC_CLK=0,MODE="FWFT",WR_DEPTH=1024,WADDR_WIDTH=10,RADDR_WIDTH=8,ASYM_WIDTH_RATIO=6,RAM_MUX_RATIO=4,PROGRAMMABLE_FULL="STATIC_SINGLE",PROG_FULL_ASSERT=512,PROG_FULL_NEGATE=23,PROG_EMPTY_ASSERT=5,PROG_EMPTY_NEGATE=7,OVERFLOW_PROTECT=1,UNDERFLOW_PROTECT=1)" end (Real time : 0s)
[EFX-0000 INFO] ... Hierarchical pre-synthesis "efx_fifo_top_b64bd53245f74d6a99e917bfa5663d9f(FAMILY="TITANIUM",MODE="FWFT",DEPTH=1024,DATA_WIDTH=35,PROGRAMMABLE_FULL="STATIC_SINGLE",PROG_FULL_ASSERT=512,PROGRAMMABLE_EMPTY="NONE",ASYM_WIDTH_RATIO=6)" begin
[EFX-0000 INFO] ... Hierarchical pre-synthesis "efx_fifo_top_b64bd53245f74d6a99e917bfa5663d9f(FAMILY="TITANIUM",MODE="FWFT",DEPTH=1024,DATA_WIDTH=35,PROGRAMMABLE_FULL="STATIC_SINGLE",PROG_FULL_ASSERT=512,PROGRAMMABLE_EMPTY="NONE",ASYM_WIDTH_RATIO=6)" end (Real time : 0s)
[EFX-0000 INFO] ... Hierarchical pre-synthesis "efx_axi_amux_top_b64bd53245f74d6a99e917bfa5663d9f(CTRL_DBW=32,AXI_DBW=128,AXI_SBW=16,DUAL_RAM=0)" begin
[EFX-0000 INFO] ... Hierarchical pre-synthesis "efx_axi_amux_top_b64bd53245f74d6a99e917bfa5663d9f(CTRL_DBW=32,AXI_DBW=128,AXI_SBW=16,DUAL_RAM=0)" end (Real time : 1s)
[EFX-0000 INFO] ... Hierarchical pre-synthesis "hbram_user_if_b64bd53245f74d6a99e917bfa5663d9f(AXI_DBW=128,DUAL_RAM=0,RAM_2DBW=32,RAM_DMW=4)" begin
[EFX-0000 INFO] ... Hierarchical pre-synthesis "hbram_user_if_b64bd53245f74d6a99e917bfa5663d9f(AXI_DBW=128,DUAL_RAM=0,RAM_2DBW=32,RAM_DMW=4)" end (Real time : 0s)
[EFX-0000 INFO] ... Hierarchical pre-synthesis "hbram_axi_wrapper_b64bd53245f74d6a99e917bfa5663d9f(RAM_DBW=16,RAM_ABW=25,AXI_DBW=128,DUAL_RAM=0)" begin
[EFX-0000 INFO] ... Hierarchical pre-synthesis "hbram_axi_wrapper_b64bd53245f74d6a99e917bfa5663d9f(RAM_DBW=16,RAM_ABW=25,AXI_DBW=128,DUAL_RAM=0)" end (Real time : 0s)
[EFX-0000 INFO] ... Hierarchical pre-synthesis "efx_asyncreg_b64bd53245f74d6a99e917bfa5663d9f(ASYNC_STAGE=8,WIDTH=1)" begin
[EFX-0000 INFO] ... Hierarchical pre-synthesis "efx_asyncreg_b64bd53245f74d6a99e917bfa5663d9f(ASYNC_STAGE=8,WIDTH=1)" end (Real time : 0s)
[EFX-0000 INFO] ... Hierarchical pre-synthesis "efx_fifo_ram_b64bd53245f74d6a99e917bfa5663d9f(WR_DEPTH=16,RD_DEPTH=16,WDATA_WIDTH=32,RDATA_WIDTH=32,WADDR_WIDTH=4,RADDR_WIDTH=4,OUTPUT_REG=0,RAM_MUX_RATIO=1)" begin
[EFX-0000 INFO] ... Hierarchical pre-synthesis "efx_fifo_ram_b64bd53245f74d6a99e917bfa5663d9f(WR_DEPTH=16,RD_DEPTH=16,WDATA_WIDTH=32,RDATA_WIDTH=32,WADDR_WIDTH=4,RADDR_WIDTH=4,OUTPUT_REG=0,RAM_MUX_RATIO=1)" end (Real time : 0s)
[EFX-0000 INFO] ... Hierarchical pre-synthesis "efx_fifo_top_b64bd53245f74d6a99e917bfa5663d9f(DEPTH=16,PROGRAMMABLE_FULL="NONE",PROGRAMMABLE_EMPTY="NONE",UNDERFLOW_PROTECT=0)" begin
[EFX-0000 INFO] ... Hierarchical pre-synthesis "efx_fifo_top_b64bd53245f74d6a99e917bfa5663d9f(DEPTH=16,PROGRAMMABLE_FULL="NONE",PROGRAMMABLE_EMPTY="NONE",UNDERFLOW_PROTECT=0)" end (Real time : 0s)
[EFX-0000 INFO] ... Hierarchical pre-synthesis "hbram_cal_ctrl_b64bd53245f74d6a99e917bfa5663d9f(CAL_MODE=2,RAM_DBW=16,RAM_ABW=25,CFG_CR0=16'b1000111100101111,CFG_CR1=16'b1111111111000001,CR0W_CA=48'b010000000001100000,CR1W_CA=48'b010000000000000000000000010000000001100000,TCYC=5000,DUAL_RAM=0,INDIVI_DUAL_CAL=0)" begin
[EFX-0000 INFO] ... Hierarchical pre-synthesis "hbram_cal_ctrl_b64bd53245f74d6a99e917bfa5663d9f(CAL_MODE=2,RAM_DBW=16,RAM_ABW=25,CFG_CR0=16'b1000111100101111,CFG_CR1=16'b1111111111000001,CR0W_CA=48'b010000000001100000,CR1W_CA=48'b010000000000000000000000010000000001100000,TCYC=5000,DUAL_RAM=0,INDIVI_DUAL_CAL=0)" end (Real time : 0s)
[EFX-0000 INFO] ... Hierarchical pre-synthesis "hbram_cal_mst_b64bd53245f74d6a99e917bfa5663d9f(RAM_DBW=16,ONE_SEC=200000000,ONE_DAY=24,RECAL_DAYS=7,CAL_BYTES=100,DUAL_RAM=0)" begin
[EFX-0000 INFO] ... Hierarchical pre-synthesis "hbram_cal_mst_b64bd53245f74d6a99e917bfa5663d9f(RAM_DBW=16,ONE_SEC=200000000,ONE_DAY=24,RECAL_DAYS=7,CAL_BYTES=100,DUAL_RAM=0)" end (Real time : 0s)
[EFX-0000 INFO] ... Hierarchical pre-synthesis "hbram_cal_slv_b64bd53245f74d6a99e917bfa5663d9f(CAL_BYTES=100,RAM_DBW=16,RAM_ABW=25,DUAL_RAM=0,INDIVI_DUAL_CAL=0)" begin
[EFX-0000 INFO] ... Hierarchical pre-synthesis "hbram_cal_slv_b64bd53245f74d6a99e917bfa5663d9f(CAL_BYTES=100,RAM_DBW=16,RAM_ABW=25,DUAL_RAM=0,INDIVI_DUAL_CAL=0)" end (Real time : 0s)
[EFX-0000 INFO] ... Hierarchical pre-synthesis "hbram_cal_controller_top_b64bd53245f74d6a99e917bfa5663d9f(CAL_MODE=2,CAL_BYTES=100,RAM_DBW=16,RAM_ABW=25,CFG_CR0=16'b1000111100101111,CFG_CR1=16'b1111111111000001,CR0W_CA=48'b010000000001100000,CR1W_CA=48'b010000000000000000000000010000000001100000,DQIN_MODE="RESYNC",TCYC=5000,DUAL_RAM=0,INDIVI_DUAL_CAL=0,ONE_SEC=200000000,RECAL_DAYS=7)" begin
[EFX-0000 INFO] ... Hierarchical pre-synthesis "hbram_cal_controller_top_b64bd53245f74d6a99e917bfa5663d9f(CAL_MODE=2,CAL_BYTES=100,RAM_DBW=16,RAM_ABW=25,CFG_CR0=16'b1000111100101111,CFG_CR1=16'b1111111111000001,CR0W_CA=48'b010000000001100000,CR1W_CA=48'b010000000000000000000000010000000001100000,DQIN_MODE="RESYNC",TCYC=5000,DUAL_RAM=0,INDIVI_DUAL_CAL=0,ONE_SEC=200000000,RECAL_DAYS=7)" end (Real time : 0s)
[EFX-0000 INFO] ... Hierarchical pre-synthesis "hbram_cal_axi_top_b64bd53245f74d6a99e917bfa5663d9f(RAM_DBW=16,RAM_ABW=25,CFG_CR0=16'b1000111100101111,CR0_ILC=4'b010,CFG_CR1=16'b1111111111000001,AXI_IF=1'b1,AXI_DBW=128,DQIN_MODE="RESYNC",CAL_CLK_CH=5'b0100,CAL_BYTES=100,TCYC=5000,DUAL_RAM=0,INDIVI_DUAL_CAL=0,CAL_CLK_CH_LO=5'b0100,CAL_CLK_CH_HI=5'b01000,ONE_SEC=200000000,RECAL_DAYS=7)" begin
[EFX-0000 INFO] ... Hierarchical pre-synthesis "hbram_cal_axi_top_b64bd53245f74d6a99e917bfa5663d9f(RAM_DBW=16,RAM_ABW=25,CFG_CR0=16'b1000111100101111,CR0_ILC=4'b010,CFG_CR1=16'b1111111111000001,AXI_IF=1'b1,AXI_DBW=128,DQIN_MODE="RESYNC",CAL_CLK_CH=5'b0100,CAL_BYTES=100,TCYC=5000,DUAL_RAM=0,INDIVI_DUAL_CAL=0,CAL_CLK_CH_LO=5'b0100,CAL_CLK_CH_HI=5'b01000,ONE_SEC=200000000,RECAL_DAYS=7)" end (Real time : 0s)
[EFX-0000 INFO] ... Hierarchical pre-synthesis "hbram_top_b64bd53245f74d6a99e917bfa5663d9f(RAM_ABW=25,CR0_ODS=0,CR0_ILC=2,CR0_WBL=3,CR1_HSE=1'b0,CR1_PAR=0,AXI_IF=1'b1,AXI_SBW=16,DDIN_MODE=1'b0,CAL_CLK_CH=4,CAL_CLK_CH_LO=4,CAL_CLK_CH_HI=8,CAL_BYTES=100,RECAL_DAYS=7)" begin
[EFX-0000 INFO] ... Hierarchical pre-synthesis "hbram_top_b64bd53245f74d6a99e917bfa5663d9f(RAM_ABW=25,CR0_ODS=0,CR0_ILC=2,CR0_WBL=3,CR1_HSE=1'b0,CR1_PAR=0,AXI_IF=1'b1,AXI_SBW=16,DDIN_MODE=1'b0,CAL_CLK_CH=4,CAL_CLK_CH_LO=4,CAL_CLK_CH_HI=8,CAL_BYTES=100,RECAL_DAYS=7)" end (Real time : 0s)
[EFX-0000 INFO] ... Hierarchical pre-synthesis "hbram" begin
[EFX-0000 INFO] ... Hierarchical pre-synthesis "hbram" end (Real time : 0s)
[EFX-0000 INFO] ... Hierarchical pre-synthesis "InstructionCache_6efbde20b50d413e80bcbb518a5e14d9" begin
[EFX-0000 INFO] ... Hierarchical pre-synthesis "InstructionCache_6efbde20b50d413e80bcbb518a5e14d9" end (Real time : 0s)
[EFX-0000 INFO] ... Hierarchical pre-synthesis "DataCache_6efbde20b50d413e80bcbb518a5e14d9" begin
[EFX-0000 INFO] ... Hierarchical pre-synthesis "DataCache_6efbde20b50d413e80bcbb518a5e14d9" end (Real time : 0s)
[EFX-0000 INFO] ... Hierarchical pre-synthesis "BufferCC_6efbde20b50d413e80bcbb518a5e14d9" begin
[EFX-0000 INFO] ... Hierarchical pre-synthesis "BufferCC_6efbde20b50d413e80bcbb518a5e14d9" end (Real time : 0s)
[EFX-0000 INFO] ... Hierarchical pre-synthesis "EfxCPUSp1_6efbde20b50d413e80bcbb518a5e14d9" begin
[EFX-0000 INFO] ... Hierarchical pre-synthesis "EfxCPUSp1_6efbde20b50d413e80bcbb518a5e14d9" end (Real time : 1s)
[EFX-0000 INFO] ... Hierarchical pre-synthesis "EfxCPUSp2_6efbde20b50d413e80bcbb518a5e14d9" begin
[EFX-0000 INFO] ... Hierarchical pre-synthesis "EfxCPUSp2_6efbde20b50d413e80bcbb518a5e14d9" end (Real time : 0s)
[EFX-0000 INFO] ... Hierarchical pre-synthesis "VexRiscv_6efbde20b50d413e80bcbb518a5e14d9" begin
[EFX-0000 INFO] ... Hierarchical pre-synthesis "VexRiscv_6efbde20b50d413e80bcbb518a5e14d9" end (Real time : 0s)
[EFX-0000 INFO] ... Hierarchical pre-synthesis "DebugModule_6efbde20b50d413e80bcbb518a5e14d9" begin
[EFX-0657 WARNING] Mapping into logic memory block 'logic_progbufX_mem' (64 bits) (C:\Users\Jing-XuanTan(i)\Downloads\evsoc-efinity-v2026.1.132\evsoc-efinity-v2026.1.132\cam_single\Ti60F225_dsi\ip\SapphireSoc\SapphireSoc.v:12001) because size is too small (<=64)
[EFX-0000 INFO] ... Hierarchical pre-synthesis "DebugModule_6efbde20b50d413e80bcbb518a5e14d9" end (Real time : 0s)
[EFX-0000 INFO] ... Hierarchical pre-synthesis "BufferCC_21_6efbde20b50d413e80bcbb518a5e14d9" begin
[EFX-0000 INFO] ... Hierarchical pre-synthesis "BufferCC_21_6efbde20b50d413e80bcbb518a5e14d9" end (Real time : 0s)
[EFX-0000 INFO] ... Hierarchical pre-synthesis "BufferCC_22_6efbde20b50d413e80bcbb518a5e14d9" begin
[EFX-0000 INFO] ... Hierarchical pre-synthesis "BufferCC_22_6efbde20b50d413e80bcbb518a5e14d9" end (Real time : 0s)
[EFX-0000 INFO] ... Hierarchical pre-synthesis "BufferCC_14_6efbde20b50d413e80bcbb518a5e14d9" begin
[EFX-0000 INFO] ... Hierarchical pre-synthesis "BufferCC_14_6efbde20b50d413e80bcbb518a5e14d9" end (Real time : 0s)
[EFX-0000 INFO] ... Hierarchical pre-synthesis "BufferCC_24_6efbde20b50d413e80bcbb518a5e14d9" begin
[EFX-0000 INFO] ... Hierarchical pre-synthesis "BufferCC_24_6efbde20b50d413e80bcbb518a5e14d9" end (Real time : 0s)
[EFX-0000 INFO] ... Hierarchical pre-synthesis "BufferCC_25_6efbde20b50d413e80bcbb518a5e14d9" begin
[EFX-0000 INFO] ... Hierarchical pre-synthesis "BufferCC_25_6efbde20b50d413e80bcbb518a5e14d9" end (Real time : 0s)
[EFX-0000 INFO] ... Hierarchical pre-synthesis "BufferCC_27_6efbde20b50d413e80bcbb518a5e14d9" begin
[EFX-0000 INFO] ... Hierarchical pre-synthesis "BufferCC_27_6efbde20b50d413e80bcbb518a5e14d9" end (Real time : 0s)
[EFX-0000 INFO] ... Hierarchical pre-synthesis "BufferCC_1_6efbde20b50d413e80bcbb518a5e14d9" begin
[EFX-0000 INFO] ... Hierarchical pre-synthesis "BufferCC_1_6efbde20b50d413e80bcbb518a5e14d9" end (Real time : 0s)
[EFX-0000 INFO] ... Hierarchical pre-synthesis "FlowCCByToggle_6efbde20b50d413e80bcbb518a5e14d9" begin
[EFX-0000 INFO] ... Hierarchical pre-synthesis "FlowCCByToggle_6efbde20b50d413e80bcbb518a5e14d9" end (Real time : 0s)
[EFX-0000 INFO] ... Hierarchical pre-synthesis "BufferCC_2_6efbde20b50d413e80bcbb518a5e14d9" begin
[EFX-0000 INFO] ... Hierarchical pre-synthesis "BufferCC_2_6efbde20b50d413e80bcbb518a5e14d9" end (Real time : 0s)
[EFX-0000 INFO] ... Hierarchical pre-synthesis "BufferCC_3_6efbde20b50d413e80bcbb518a5e14d9" begin
[EFX-0000 INFO] ... Hierarchical pre-synthesis "BufferCC_3_6efbde20b50d413e80bcbb518a5e14d9" end (Real time : 0s)
[EFX-0000 INFO] ... Hierarchical pre-synthesis "FlowCCByToggle_1_6efbde20b50d413e80bcbb518a5e14d9" begin
[EFX-0000 INFO] ... Hierarchical pre-synthesis "FlowCCByToggle_1_6efbde20b50d413e80bcbb518a5e14d9" end (Real time : 0s)
[EFX-0000 INFO] ... Hierarchical pre-synthesis "DebugTransportModuleTunneled_6efbde20b50d413e80bcbb518a5e14d9" begin
[EFX-0000 INFO] ... Hierarchical pre-synthesis "DebugTransportModuleTunneled_6efbde20b50d413e80bcbb518a5e14d9" end (Real time : 0s)
[EFX-0000 INFO] ... Hierarchical pre-synthesis "BmbDecoder_6efbde20b50d413e80bcbb518a5e14d9" begin
[EFX-0000 INFO] ... Hierarchical pre-synthesis "BmbDecoder_6efbde20b50d413e80bcbb518a5e14d9" end (Real time : 0s)
[EFX-0000 INFO] ... Hierarchical pre-synthesis "StreamArbiter_6efbde20b50d413e80bcbb518a5e14d9" begin
[EFX-0000 INFO] ... Hierarchical pre-synthesis "StreamArbiter_6efbde20b50d413e80bcbb518a5e14d9" end (Real time : 0s)
[EFX-0000 INFO] ... Hierarchical pre-synthesis "BmbArbiter_6efbde20b50d413e80bcbb518a5e14d9" begin
[EFX-0000 INFO] ... Hierarchical pre-synthesis "BmbArbiter_6efbde20b50d413e80bcbb518a5e14d9" end (Real time : 0s)
[EFX-0000 INFO] ... Hierarchical pre-synthesis "StreamFifo_6efbde20b50d413e80bcbb518a5e14d9" begin
[EFX-0000 INFO] ... Hierarchical pre-synthesis "StreamFifo_6efbde20b50d413e80bcbb518a5e14d9" end (Real time : 0s)
[EFX-0000 INFO] ... Hierarchical pre-synthesis "BmbToAxi4SharedBridge_6efbde20b50d413e80bcbb518a5e14d9" begin
[EFX-0000 INFO] ... Hierarchical pre-synthesis "BmbToAxi4SharedBridge_6efbde20b50d413e80bcbb518a5e14d9" end (Real time : 0s)
[EFX-0000 INFO] ... Hierarchical pre-synthesis "BufferCC_4_6efbde20b50d413e80bcbb518a5e14d9" begin
[EFX-0000 INFO] ... Hierarchical pre-synthesis "BufferCC_4_6efbde20b50d413e80bcbb518a5e14d9" end (Real time : 0s)
[EFX-0000 INFO] ... Hierarchical pre-synthesis "BufferCC_5_6efbde20b50d413e80bcbb518a5e14d9" begin
[EFX-0000 INFO] ... Hierarchical pre-synthesis "BufferCC_5_6efbde20b50d413e80bcbb518a5e14d9" end (Real time : 0s)
[EFX-0000 INFO] ... Hierarchical pre-synthesis "BufferCC_6_6efbde20b50d413e80bcbb518a5e14d9" begin
[EFX-0000 INFO] ... Hierarchical pre-synthesis "BufferCC_6_6efbde20b50d413e80bcbb518a5e14d9" end (Real time : 0s)
[EFX-0000 INFO] ... Hierarchical pre-synthesis "StreamFifoCC_6efbde20b50d413e80bcbb518a5e14d9" begin
[EFX-0000 INFO] ... Hierarchical pre-synthesis "StreamFifoCC_6efbde20b50d413e80bcbb518a5e14d9" end (Real time : 0s)
[EFX-0000 INFO] ... Hierarchical pre-synthesis "BufferCC_7_6efbde20b50d413e80bcbb518a5e14d9" begin
[EFX-0000 INFO] ... Hierarchical pre-synthesis "BufferCC_7_6efbde20b50d413e80bcbb518a5e14d9" end (Real time : 0s)
[EFX-0000 INFO] ... Hierarchical pre-synthesis "BufferCC_8_6efbde20b50d413e80bcbb518a5e14d9" begin
[EFX-0000 INFO] ... Hierarchical pre-synthesis "BufferCC_8_6efbde20b50d413e80bcbb518a5e14d9" end (Real time : 0s)
[EFX-0000 INFO] ... Hierarchical pre-synthesis "BufferCC_9_6efbde20b50d413e80bcbb518a5e14d9" begin
[EFX-0000 INFO] ... Hierarchical pre-synthesis "BufferCC_9_6efbde20b50d413e80bcbb518a5e14d9" end (Real time : 0s)
[EFX-0000 INFO] ... Hierarchical pre-synthesis "StreamFifoCC_1_6efbde20b50d413e80bcbb518a5e14d9" begin
[EFX-0000 INFO] ... Hierarchical pre-synthesis "StreamFifoCC_1_6efbde20b50d413e80bcbb518a5e14d9" end (Real time : 0s)
[EFX-0000 INFO] ... Hierarchical pre-synthesis "BmbCcFifo_6efbde20b50d413e80bcbb518a5e14d9" begin
[EFX-0000 INFO] ... Hierarchical pre-synthesis "BmbCcFifo_6efbde20b50d413e80bcbb518a5e14d9" end (Real time : 0s)
[EFX-0000 INFO] ... Hierarchical pre-synthesis "StreamArbiter_1_6efbde20b50d413e80bcbb518a5e14d9" begin
[EFX-0000 INFO] ... Hierarchical pre-synthesis "StreamArbiter_1_6efbde20b50d413e80bcbb518a5e14d9" end (Real time : 0s)
[EFX-0000 INFO] ... Hierarchical pre-synthesis "StreamFifo_2_6efbde20b50d413e80bcbb518a5e14d9" begin
[EFX-0000 INFO] ... Hierarchical pre-synthesis "StreamFifo_2_6efbde20b50d413e80bcbb518a5e14d9" end (Real time : 0s)
[EFX-0000 INFO] ... Hierarchical pre-synthesis "StreamFifoLowLatency_6efbde20b50d413e80bcbb518a5e14d9" begin
[EFX-0000 INFO] ... Hierarchical pre-synthesis "StreamFifoLowLatency_6efbde20b50d413e80bcbb518a5e14d9" end (Real time : 0s)
[EFX-0000 INFO] ... Hierarchical pre-synthesis "Axi4SharedArbiter_6efbde20b50d413e80bcbb518a5e14d9" begin
[EFX-0000 INFO] ... Hierarchical pre-synthesis "Axi4SharedArbiter_6efbde20b50d413e80bcbb518a5e14d9" end (Real time : 0s)
[EFX-0000 INFO] ... Hierarchical pre-synthesis "StreamFifo_3_6efbde20b50d413e80bcbb518a5e14d9" begin
[EFX-0657 WARNING] Mapping into logic memory block 'logic_ram' (64 bits) (C:\Users\Jing-XuanTan(i)\Downloads\evsoc-efinity-v2026.1.132\evsoc-efinity-v2026.1.132\cam_single\Ti60F225_dsi\ip\SapphireSoc\SapphireSoc.v:20390) because size is too small (<=64)
[EFX-0000 INFO] ... Hierarchical pre-synthesis "StreamFifo_3_6efbde20b50d413e80bcbb518a5e14d9" end (Real time : 0s)
[EFX-0000 INFO] ... Hierarchical pre-synthesis "StreamFifoLowLatency_1_6efbde20b50d413e80bcbb518a5e14d9" begin
[EFX-0000 INFO] ... Hierarchical pre-synthesis "StreamFifoLowLatency_1_6efbde20b50d413e80bcbb518a5e14d9" end (Real time : 0s)
[EFX-0000 INFO] ... Hierarchical pre-synthesis "BmbDecoder_1_6efbde20b50d413e80bcbb518a5e14d9" begin
[EFX-0000 INFO] ... Hierarchical pre-synthesis "BmbDecoder_1_6efbde20b50d413e80bcbb518a5e14d9" end (Real time : 0s)
[EFX-0000 INFO] ... Hierarchical pre-synthesis "BmbUpSizerBridge_6efbde20b50d413e80bcbb518a5e14d9" begin
[EFX-0000 INFO] ... Hierarchical pre-synthesis "BmbUpSizerBridge_6efbde20b50d413e80bcbb518a5e14d9" end (Real time : 0s)
[EFX-0000 INFO] ... Hierarchical pre-synthesis "BmbOnChipRam_6efbde20b50d413e80bcbb518a5e14d9" begin
[EFX-0000 INFO] ... Hierarchical pre-synthesis "BmbOnChipRam_6efbde20b50d413e80bcbb518a5e14d9" end (Real time : 0s)
[EFX-0000 INFO] ... Hierarchical pre-synthesis "BmbUnburstify_6efbde20b50d413e80bcbb518a5e14d9" begin
[EFX-0000 INFO] ... Hierarchical pre-synthesis "BmbUnburstify_6efbde20b50d413e80bcbb518a5e14d9" end (Real time : 0s)
[EFX-0000 INFO] ... Hierarchical pre-synthesis "BufferCC_10_6efbde20b50d413e80bcbb518a5e14d9" begin
[EFX-0000 INFO] ... Hierarchical pre-synthesis "BufferCC_10_6efbde20b50d413e80bcbb518a5e14d9" end (Real time : 0s)
[EFX-0000 INFO] ... Hierarchical pre-synthesis "BufferCC_11_6efbde20b50d413e80bcbb518a5e14d9" begin
[EFX-0000 INFO] ... Hierarchical pre-synthesis "BufferCC_11_6efbde20b50d413e80bcbb518a5e14d9" end (Real time : 0s)
[EFX-0000 INFO] ... Hierarchical pre-synthesis "BufferCC_12_6efbde20b50d413e80bcbb518a5e14d9" begin
[EFX-0000 INFO] ... Hierarchical pre-synthesis "BufferCC_12_6efbde20b50d413e80bcbb518a5e14d9" end (Real time : 0s)
[EFX-0000 INFO] ... Hierarchical pre-synthesis "StreamCCByToggle_6efbde20b50d413e80bcbb518a5e14d9" begin
[EFX-0000 INFO] ... Hierarchical pre-synthesis "StreamCCByToggle_6efbde20b50d413e80bcbb518a5e14d9" end (Real time : 0s)
[EFX-0000 INFO] ... Hierarchical pre-synthesis "BufferCC_16_6efbde20b50d413e80bcbb518a5e14d9" begin
[EFX-0000 INFO] ... Hierarchical pre-synthesis "BufferCC_16_6efbde20b50d413e80bcbb518a5e14d9" end (Real time : 0s)
[EFX-0000 INFO] ... Hierarchical pre-synthesis "BufferCC_15_6efbde20b50d413e80bcbb518a5e14d9" begin
[EFX-0000 INFO] ... Hierarchical pre-synthesis "BufferCC_15_6efbde20b50d413e80bcbb518a5e14d9" end (Real time : 0s)
[EFX-0000 INFO] ... Hierarchical pre-synthesis "StreamCCByToggle_1_6efbde20b50d413e80bcbb518a5e14d9" begin
[EFX-0000 INFO] ... Hierarchical pre-synthesis "StreamCCByToggle_1_6efbde20b50d413e80bcbb518a5e14d9" end (Real time : 0s)
[EFX-0000 INFO] ... Hierarchical pre-synthesis "BmbCcToggle_6efbde20b50d413e80bcbb518a5e14d9" begin
[EFX-0000 INFO] ... Hierarchical pre-synthesis "BmbCcToggle_6efbde20b50d413e80bcbb518a5e14d9" end (Real time : 0s)
[EFX-0000 INFO] ... Hierarchical pre-synthesis "BmbDecoder_2_6efbde20b50d413e80bcbb518a5e14d9" begin
[EFX-0000 INFO] ... Hierarchical pre-synthesis "BmbDecoder_2_6efbde20b50d413e80bcbb518a5e14d9" end (Real time : 0s)
[EFX-0000 INFO] ... Hierarchical pre-synthesis "BmbClint_6efbde20b50d413e80bcbb518a5e14d9" begin
[EFX-0000 INFO] ... Hierarchical pre-synthesis "BmbClint_6efbde20b50d413e80bcbb518a5e14d9" end (Real time : 0s)
[EFX-0000 INFO] ... Hierarchical pre-synthesis "UartCtrlTx_6efbde20b50d413e80bcbb518a5e14d9" begin
[EFX-0000 INFO] ... Hierarchical pre-synthesis "UartCtrlTx_6efbde20b50d413e80bcbb518a5e14d9" end (Real time : 1s)
[EFX-0000 INFO] ... Hierarchical pre-synthesis "UartCtrlRx_6efbde20b50d413e80bcbb518a5e14d9" begin
[EFX-0000 INFO] ... Hierarchical pre-synthesis "UartCtrlRx_6efbde20b50d413e80bcbb518a5e14d9" end (Real time : 0s)
[EFX-0000 INFO] ... Hierarchical pre-synthesis "UartCtrl_6efbde20b50d413e80bcbb518a5e14d9" begin
[EFX-0000 INFO] ... Hierarchical pre-synthesis "UartCtrl_6efbde20b50d413e80bcbb518a5e14d9" end (Real time : 0s)
[EFX-0000 INFO] ... Hierarchical pre-synthesis "StreamFifo_4_6efbde20b50d413e80bcbb518a5e14d9" begin
[EFX-0000 INFO] ... Hierarchical pre-synthesis "StreamFifo_4_6efbde20b50d413e80bcbb518a5e14d9" end (Real time : 0s)
[EFX-0000 INFO] ... Hierarchical pre-synthesis "BmbUartCtrl_6efbde20b50d413e80bcbb518a5e14d9" begin
[EFX-0000 INFO] ... Hierarchical pre-synthesis "BmbUartCtrl_6efbde20b50d413e80bcbb518a5e14d9" end (Real time : 0s)
[EFX-0000 INFO] ... Hierarchical pre-synthesis "TopLevel_6efbde20b50d413e80bcbb518a5e14d9" begin
[EFX-0000 INFO] ... Hierarchical pre-synthesis "TopLevel_6efbde20b50d413e80bcbb518a5e14d9" end (Real time : 0s)
[EFX-0000 INFO] ... Hierarchical pre-synthesis "StreamFifo_6_6efbde20b50d413e80bcbb518a5e14d9" begin
[EFX-0000 INFO] ... Hierarchical pre-synthesis "StreamFifo_6_6efbde20b50d413e80bcbb518a5e14d9" end (Real time : 0s)
[EFX-0000 INFO] ... Hierarchical pre-synthesis "StreamFifo_7_6efbde20b50d413e80bcbb518a5e14d9" begin
[EFX-0000 INFO] ... Hierarchical pre-synthesis "StreamFifo_7_6efbde20b50d413e80bcbb518a5e14d9" end (Real time : 0s)
[EFX-0000 INFO] ... Hierarchical pre-synthesis "BmbSpiXdrMasterCtrl_6efbde20b50d413e80bcbb518a5e14d9" begin
[EFX-0000 INFO] ... Hierarchical pre-synthesis "BmbSpiXdrMasterCtrl_6efbde20b50d413e80bcbb518a5e14d9" end (Real time : 0s)
[EFX-0000 INFO] ... Hierarchical pre-synthesis "BufferCC_17_6efbde20b50d413e80bcbb518a5e14d9" begin
[EFX-0000 INFO] ... Hierarchical pre-synthesis "BufferCC_17_6efbde20b50d413e80bcbb518a5e14d9" end (Real time : 0s)
[EFX-0000 INFO] ... Hierarchical pre-synthesis "I2cSlave_6efbde20b50d413e80bcbb518a5e14d9" begin
[EFX-0000 INFO] ... Hierarchical pre-synthesis "I2cSlave_6efbde20b50d413e80bcbb518a5e14d9" end (Real time : 0s)
[EFX-0000 INFO] ... Hierarchical pre-synthesis "BmbI2cCtrl_6efbde20b50d413e80bcbb518a5e14d9" begin
[EFX-0000 INFO] ... Wide MUX mapping to ram-net, output: 'bridge_masterLogic_fsm_stateReg_string' select size : 4 output width: 56
[EFX-0000 INFO] ... Wide MUX mapping to ram-net, output: 'bridge_masterLogic_fsm_stateNext_string' select size : 4 output width: 56
[EFX-0000 INFO] ... Hierarchical pre-synthesis "BmbI2cCtrl_6efbde20b50d413e80bcbb518a5e14d9" end (Real time : 0s)
[EFX-0000 INFO] ... Hierarchical pre-synthesis "BmbToApb3Bridge_6efbde20b50d413e80bcbb518a5e14d9" begin
[EFX-0000 INFO] ... Hierarchical pre-synthesis "BmbToApb3Bridge_6efbde20b50d413e80bcbb518a5e14d9" end (Real time : 0s)
[EFX-0000 INFO] ... Hierarchical pre-synthesis "BufferCC_20_6efbde20b50d413e80bcbb518a5e14d9" begin
[EFX-0000 INFO] ... Hierarchical pre-synthesis "BufferCC_20_6efbde20b50d413e80bcbb518a5e14d9" end (Real time : 0s)
[EFX-0000 INFO] ... Hierarchical pre-synthesis "StreamCCByToggle_2_6efbde20b50d413e80bcbb518a5e14d9" begin
[EFX-0000 INFO] ... Hierarchical pre-synthesis "StreamCCByToggle_2_6efbde20b50d413e80bcbb518a5e14d9" end (Real time : 0s)
[EFX-0000 INFO] ... Hierarchical pre-synthesis "EfxSapphireSoc_6efbde20b50d413e80bcbb518a5e14d9" begin
[EFX-0000 INFO] ... Hierarchical pre-synthesis "EfxSapphireSoc_6efbde20b50d413e80bcbb518a5e14d9" end (Real time : 2s)
[EFX-0000 INFO] ... Hierarchical pre-synthesis "SapphireSoc" begin
[EFX-0000 INFO] ... Hierarchical pre-synthesis "SapphireSoc" end (Real time : 1s)
[EFX-0000 INFO] ... Hierarchical pre-synthesis "hw_accel_apb3" begin
[EFX-0000 INFO] ... Hierarchical pre-synthesis "hw_accel_apb3" end (Real time : 0s)
[EFX-0000 INFO] ... Hierarchical pre-synthesis "EfxDMA_DmaMemoryCore_11729505d44743c7b3b67c8186a2e537" begin
[EFX-0000 INFO] ... Hierarchical pre-synthesis "EfxDMA_DmaMemoryCore_11729505d44743c7b3b67c8186a2e537" end (Real time : 0s)
[EFX-0000 INFO] ... Hierarchical pre-synthesis "EfxDMA_Aggregator_11729505d44743c7b3b67c8186a2e537" begin
[EFX-0000 INFO] ... Hierarchical pre-synthesis "EfxDMA_Aggregator_11729505d44743c7b3b67c8186a2e537" end (Real time : 0s)
[EFX-0000 INFO] ... Hierarchical pre-synthesis "EfxDMA_Core_11729505d44743c7b3b67c8186a2e537" begin
[EFX-0000 INFO] ... Hierarchical pre-synthesis "EfxDMA_Core_11729505d44743c7b3b67c8186a2e537" end (Real time : 2s)
[EFX-0000 INFO] ... Hierarchical pre-synthesis "EfxDMA_BufferCC_11729505d44743c7b3b67c8186a2e537" begin
[EFX-0000 INFO] ... Hierarchical pre-synthesis "EfxDMA_BufferCC_11729505d44743c7b3b67c8186a2e537" end (Real time : 0s)
[EFX-0000 INFO] ... Hierarchical pre-synthesis "EfxDMA_FlowCCUnsafeByToggle_11729505d44743c7b3b67c8186a2e537" begin
[EFX-0000 INFO] ... Hierarchical pre-synthesis "EfxDMA_FlowCCUnsafeByToggle_11729505d44743c7b3b67c8186a2e537" end (Real time : 0s)
[EFX-0000 INFO] ... Hierarchical pre-synthesis "EfxDMA_BufferCC_1_11729505d44743c7b3b67c8186a2e537" begin
[EFX-0000 INFO] ... Hierarchical pre-synthesis "EfxDMA_BufferCC_1_11729505d44743c7b3b67c8186a2e537" end (Real time : 0s)
[EFX-0000 INFO] ... Hierarchical pre-synthesis "EfxDMA_FlowCCUnsafeByToggle_1_11729505d44743c7b3b67c8186a2e537" begin
[EFX-0000 INFO] ... Hierarchical pre-synthesis "EfxDMA_FlowCCUnsafeByToggle_1_11729505d44743c7b3b67c8186a2e537" end (Real time : 0s)
[EFX-0000 INFO] ... Hierarchical pre-synthesis "EfxDMA_Apb3CC_11729505d44743c7b3b67c8186a2e537" begin
[EFX-0000 INFO] ... Hierarchical pre-synthesis "EfxDMA_Apb3CC_11729505d44743c7b3b67c8186a2e537" end (Real time : 0s)
[EFX-0000 INFO] ... Hierarchical pre-synthesis "EfxDMA_BufferCC_12_11729505d44743c7b3b67c8186a2e537" begin
[EFX-0000 INFO] ... Hierarchical pre-synthesis "EfxDMA_BufferCC_12_11729505d44743c7b3b67c8186a2e537" end (Real time : 0s)
[EFX-0000 INFO] ... Hierarchical pre-synthesis "EfxDMA_BmbSourceRemover_11729505d44743c7b3b67c8186a2e537" begin
[EFX-0000 INFO] ... Hierarchical pre-synthesis "EfxDMA_BmbSourceRemover_11729505d44743c7b3b67c8186a2e537" end (Real time : 0s)
[EFX-0000 INFO] ... Hierarchical pre-synthesis "EfxDMA_StreamFifo_11729505d44743c7b3b67c8186a2e537" begin
[EFX-0000 INFO] ... Hierarchical pre-synthesis "EfxDMA_StreamFifo_11729505d44743c7b3b67c8186a2e537" end (Real time : 0s)
[EFX-0000 INFO] ... Hierarchical pre-synthesis "EfxDMA_BmbContextRemover_11729505d44743c7b3b67c8186a2e537" begin
[EFX-0000 INFO] ... Hierarchical pre-synthesis "EfxDMA_BmbContextRemover_11729505d44743c7b3b67c8186a2e537" end (Real time : 0s)
[EFX-0000 INFO] ... Hierarchical pre-synthesis "EfxDMA_BmbToAxi4ReadOnlyBridge_11729505d44743c7b3b67c8186a2e537" begin
[EFX-0000 INFO] ... Hierarchical pre-synthesis "EfxDMA_BmbToAxi4ReadOnlyBridge_11729505d44743c7b3b67c8186a2e537" end (Real time : 0s)
[EFX-0000 INFO] ... Hierarchical pre-synthesis "EfxDMA_StreamFifo_3_11729505d44743c7b3b67c8186a2e537" begin
[EFX-0000 INFO] ... Hierarchical pre-synthesis "EfxDMA_StreamFifo_3_11729505d44743c7b3b67c8186a2e537" end (Real time : 0s)
[EFX-0000 INFO] ... Hierarchical pre-synthesis "EfxDMA_BmbSourceRemover_1_11729505d44743c7b3b67c8186a2e537" begin
[EFX-0000 INFO] ... Hierarchical pre-synthesis "EfxDMA_BmbSourceRemover_1_11729505d44743c7b3b67c8186a2e537" end (Real time : 0s)
[EFX-0000 INFO] ... Hierarchical pre-synthesis "EfxDMA_StreamFifo_1_11729505d44743c7b3b67c8186a2e537" begin
[EFX-0000 INFO] ... Hierarchical pre-synthesis "EfxDMA_StreamFifo_1_11729505d44743c7b3b67c8186a2e537" end (Real time : 0s)
[EFX-0000 INFO] ... Hierarchical pre-synthesis "EfxDMA_BmbWriteRetainer_11729505d44743c7b3b67c8186a2e537" begin
[EFX-0000 INFO] ... Hierarchical pre-synthesis "EfxDMA_BmbWriteRetainer_11729505d44743c7b3b67c8186a2e537" end (Real time : 0s)
[EFX-0000 INFO] ... Hierarchical pre-synthesis "EfxDMA_StreamFifo_2_11729505d44743c7b3b67c8186a2e537" begin
[EFX-0000 INFO] ... Hierarchical pre-synthesis "EfxDMA_StreamFifo_2_11729505d44743c7b3b67c8186a2e537" end (Real time : 0s)
[EFX-0000 INFO] ... Hierarchical pre-synthesis "EfxDMA_BmbContextRemover_1_11729505d44743c7b3b67c8186a2e537" begin
[EFX-0000 INFO] ... Hierarchical pre-synthesis "EfxDMA_BmbContextRemover_1_11729505d44743c7b3b67c8186a2e537" end (Real time : 0s)
[EFX-0000 INFO] ... Hierarchical pre-synthesis "EfxDMA_BmbToAxi4WriteOnlyBridge_11729505d44743c7b3b67c8186a2e537" begin
[EFX-0000 INFO] ... Hierarchical pre-synthesis "EfxDMA_BmbToAxi4WriteOnlyBridge_11729505d44743c7b3b67c8186a2e537" end (Real time : 0s)
[EFX-0000 INFO] ... Hierarchical pre-synthesis "EfxDMA_BufferCC_2_11729505d44743c7b3b67c8186a2e537" begin
[EFX-0000 INFO] ... Hierarchical pre-synthesis "EfxDMA_BufferCC_2_11729505d44743c7b3b67c8186a2e537" end (Real time : 0s)
[EFX-0000 INFO] ... Hierarchical pre-synthesis "EfxDMA_BufferCC_3_11729505d44743c7b3b67c8186a2e537" begin
[EFX-0000 INFO] ... Hierarchical pre-synthesis "EfxDMA_BufferCC_3_11729505d44743c7b3b67c8186a2e537" end (Real time : 0s)
[EFX-0000 INFO] ... Hierarchical pre-synthesis "EfxDMA_StreamFifoCC_11729505d44743c7b3b67c8186a2e537" begin
[EFX-0000 INFO] ... Hierarchical pre-synthesis "EfxDMA_StreamFifoCC_11729505d44743c7b3b67c8186a2e537" end (Real time : 0s)
[EFX-0000 INFO] ... Hierarchical pre-synthesis "EfxDMA_BsbUpSizerDense_11729505d44743c7b3b67c8186a2e537" begin
[EFX-0000 INFO] ... Hierarchical pre-synthesis "EfxDMA_BsbUpSizerDense_11729505d44743c7b3b67c8186a2e537" end (Real time : 0s)
[EFX-0000 INFO] ... Hierarchical pre-synthesis "EfxDMA_BufferCC_4_11729505d44743c7b3b67c8186a2e537" begin
[EFX-0000 INFO] ... Hierarchical pre-synthesis "EfxDMA_BufferCC_4_11729505d44743c7b3b67c8186a2e537" end (Real time : 0s)
[EFX-0000 INFO] ... Hierarchical pre-synthesis "EfxDMA_StreamFifoCC_1_11729505d44743c7b3b67c8186a2e537" begin
[EFX-0000 INFO] ... Hierarchical pre-synthesis "EfxDMA_StreamFifoCC_1_11729505d44743c7b3b67c8186a2e537" end (Real time : 0s)
[EFX-0000 INFO] ... Hierarchical pre-synthesis "EfxDMA_BufferCC_7_11729505d44743c7b3b67c8186a2e537" begin
[EFX-0000 INFO] ... Hierarchical pre-synthesis "EfxDMA_BufferCC_7_11729505d44743c7b3b67c8186a2e537" end (Real time : 0s)
[EFX-0000 INFO] ... Hierarchical pre-synthesis "EfxDMA_StreamFifoCC_2_11729505d44743c7b3b67c8186a2e537" begin
[EFX-0000 INFO] ... Hierarchical pre-synthesis "EfxDMA_StreamFifoCC_2_11729505d44743c7b3b67c8186a2e537" end (Real time : 0s)
[EFX-0000 INFO] ... Hierarchical pre-synthesis "EfxDMA_BufferCC_9_11729505d44743c7b3b67c8186a2e537" begin
[EFX-0000 INFO] ... Hierarchical pre-synthesis "EfxDMA_BufferCC_9_11729505d44743c7b3b67c8186a2e537" end (Real time : 0s)
[EFX-0000 INFO] ... Hierarchical pre-synthesis "EfxDMA_StreamFifoCC_3_11729505d44743c7b3b67c8186a2e537" begin
[EFX-0000 INFO] ... Hierarchical pre-synthesis "EfxDMA_StreamFifoCC_3_11729505d44743c7b3b67c8186a2e537" end (Real time : 0s)
[EFX-0000 INFO] ... Hierarchical pre-synthesis "EfxDMA_BufferCC_11_11729505d44743c7b3b67c8186a2e537" begin
[EFX-0000 INFO] ... Hierarchical pre-synthesis "EfxDMA_BufferCC_11_11729505d44743c7b3b67c8186a2e537" end (Real time : 0s)
[EFX-0000 INFO] ... Hierarchical pre-synthesis "EfxDMA_StreamFifoCC_4_11729505d44743c7b3b67c8186a2e537" begin
[EFX-0000 INFO] ... Hierarchical pre-synthesis "EfxDMA_StreamFifoCC_4_11729505d44743c7b3b67c8186a2e537" end (Real time : 0s)
[EFX-0000 INFO] ... Hierarchical pre-synthesis "EfxDMA_BsbDownSizerSparse_11729505d44743c7b3b67c8186a2e537" begin
[EFX-0000 INFO] ... Hierarchical pre-synthesis "EfxDMA_BsbDownSizerSparse_11729505d44743c7b3b67c8186a2e537" end (Real time : 0s)
[EFX-0000 INFO] ... Hierarchical pre-synthesis "EfxDMA_11729505d44743c7b3b67c8186a2e537" begin
[EFX-0000 INFO] ... Hierarchical pre-synthesis "EfxDMA_11729505d44743c7b3b67c8186a2e537" end (Real time : 2s)
[EFX-0000 INFO] ... Hierarchical pre-synthesis "dma" begin
[EFX-0000 INFO] ... Hierarchical pre-synthesis "dma" end (Real time : 0s)
[EFX-0000 INFO] ... Hierarchical pre-synthesis "priority_encoder(WIDTH=2,LSB_PRIORITY="HIGH")" begin
[EFX-0000 INFO] ... Hierarchical pre-synthesis "priority_encoder(WIDTH=2,LSB_PRIORITY="HIGH")" end (Real time : 0s)
[EFX-0000 INFO] ... Hierarchical pre-synthesis "priority_encoder(LSB_PRIORITY="HIGH")" begin
[EFX-0000 INFO] ... Hierarchical pre-synthesis "priority_encoder(LSB_PRIORITY="HIGH")" end (Real time : 0s)
[EFX-0000 INFO] ... Hierarchical pre-synthesis "arbiter(TYPE="ROUND_ROBIN",BLOCK="ACKNOWLEDGE",LSB_PRIORITY="HIGH")" begin
[EFX-0000 INFO] ... Hierarchical pre-synthesis "arbiter(TYPE="ROUND_ROBIN",BLOCK="ACKNOWLEDGE",LSB_PRIORITY="HIGH")" end (Real time : 0s)
[EFX-0000 INFO] ... Hierarchical pre-synthesis "axi_interconnect(S_COUNT=2,DATA_WIDTH=128)" begin
[EFX-0000 INFO] ... Hierarchical pre-synthesis "axi_interconnect(S_COUNT=2,DATA_WIDTH=128)" end (Real time : 0s)
[EFX-0000 INFO] ... Hierarchical pre-synthesis "axi_full_to_half_duplex(DATA_WIDTH=128)" begin
[EFX-0000 INFO] ... Hierarchical pre-synthesis "axi_full_to_half_duplex(DATA_WIDTH=128)" end (Real time : 0s)
[EFX-0000 INFO] ... Hierarchical pre-synthesis "edb_top" begin
[EFX-0000 INFO] ... Hierarchical pre-synthesis "edb_top" end (Real time : 0s)
[EFX-0000 INFO] ... Hierarchical pre-synthesis "edge_vision_soc" begin
[EFX-0000 INFO] ... Clock Enable Synthesis Performed on 2530 flops.
[EFX-0000 INFO] ... Hierarchical pre-synthesis "edge_vision_soc" end (Real time : 21s)
[EFX-0000 INFO] ... Flat optimizations begin
[EFX-0656 WARNING] Optimizing into logic zero initialized read-only memory block 'u_dma/u_EfxDMA/inputsAdapter_1_crossclock_fifo/ram__D$c1'. (C:\Users\Jing-XuanTan(i)\Downloads\evsoc-efinity-v2026.1.132\evsoc-efinity-v2026.1.132\cam_single\Ti60F225_dsi\ip\dma\dma.v:2839)
[EFX-0656 WARNING] Optimizing into logic zero initialized read-only memory block 'u_dma/u_EfxDMA/inputsAdapter_1_crossclock_fifo/ram__D$b12'. (C:\Users\Jing-XuanTan(i)\Downloads\evsoc-efinity-v2026.1.132\evsoc-efinity-v2026.1.132\cam_single\Ti60F225_dsi\ip\dma\dma.v:2839)
[EFX-0656 WARNING] Optimizing into logic zero initialized read-only memory block 'u_cam/u_cam_dma_fifo/u_efx_fifo_top/xefx_fifo_ram/ram__D$c12'. (C:\Users\Jing-XuanTan(i)\Downloads\evsoc-efinity-v2026.1.132\evsoc-efinity-v2026.1.132\cam_single\Ti60F225_dsi\ip\cam_dma_fifo\cam_dma_fifo.sv:667)
[EFX-0656 WARNING] Optimizing into logic zero initialized read-only memory block 'u_cam/u_cam_dma_fifo/u_efx_fifo_top/xefx_fifo_ram/ram__D$d1'. (C:\Users\Jing-XuanTan(i)\Downloads\evsoc-efinity-v2026.1.132\evsoc-efinity-v2026.1.132\cam_single\Ti60F225_dsi\ip\cam_dma_fifo\cam_dma_fifo.sv:667)
[EFX-0656 WARNING] Optimizing into logic zero initialized read-only memory block 'u_dma/u_EfxDMA/inputsAdapter_1_crossclock_fifo/ram__D$12'. (C:\Users\Jing-XuanTan(i)\Downloads\evsoc-efinity-v2026.1.132\evsoc-efinity-v2026.1.132\cam_single\Ti60F225_dsi\ip\dma\dma.v:2839)
[EFX-0656 WARNING] Optimizing into logic zero initialized read-only memory block 'u_cam/u_cam_dma_fifo/u_efx_fifo_top/xefx_fifo_ram/ram__D$b12'. (C:\Users\Jing-XuanTan(i)\Downloads\evsoc-efinity-v2026.1.132\evsoc-efinity-v2026.1.132\cam_single\Ti60F225_dsi\ip\cam_dma_fifo\cam_dma_fifo.sv:667)
[EFX-0656 WARNING] Optimizing into logic zero initialized read-only memory block 'u_dma/u_EfxDMA/inputsAdapter_1_crossclock_fifo/ram__D$2'. (C:\Users\Jing-XuanTan(i)\Downloads\evsoc-efinity-v2026.1.132\evsoc-efinity-v2026.1.132\cam_single\Ti60F225_dsi\ip\dma\dma.v:2839)
[EFX-0656 WARNING] Optimizing into logic zero initialized read-only memory block 'u_cam/u_cam_dma_fifo/u_efx_fifo_top/xefx_fifo_ram/ram__D$2'. (C:\Users\Jing-XuanTan(i)\Downloads\evsoc-efinity-v2026.1.132\evsoc-efinity-v2026.1.132\cam_single\Ti60F225_dsi\ip\cam_dma_fifo\cam_dma_fifo.sv:667)
[EFX-0656 WARNING] Optimizing into logic zero initialized read-only memory block 'u_cam/u_cam_dma_fifo/u_efx_fifo_top/xefx_fifo_ram/ram__D$12'. (C:\Users\Jing-XuanTan(i)\Downloads\evsoc-efinity-v2026.1.132\evsoc-efinity-v2026.1.132\cam_single\Ti60F225_dsi\ip\cam_dma_fifo\cam_dma_fifo.sv:667)
[EFX-0000 INFO] ... Flat optimizations end (Real time : 1s)
[EFX-0000 INFO] ... Flat synthesis begin
[EFX-0000 INFO] ... Flat synthesis end (Real time : 0s)
[EFX-0000 INFO] ... Flat optimizations begin
[EFX-0000 INFO] ... Flat optimizations end (Real time : 0s)
[EFX-0000 INFO] ... Check and break combinational loops begin
[EFX-0000 INFO] ... Check and break combinational loops end (Real time : 0s)
[EFX-0000 INFO] ... Setup for logic synthesis begin
[EFX-0000 INFO] ... Setup for logic synthesis end (Real time : 1s)
[EFX-0000 INFO] ... LUT mapping begin
[EFX-0000 INFO] ... LS, strategy: 3, nd: 18887, ed: 61051, lv: 10, pw: 42535.57
[EFX-0000 INFO] ... LUT mapping end (Real time : 56s)
[EFX-0000 INFO] ... Post-synthesis Verific netlist creation begin
[EFX-0000 INFO] ... Post-synthesis Verific netlist creation end (Real time : 0s)
[EFX-0000 INFO] Resource Summary 
[EFX-0000 INFO] ======================================= 
[EFX-0000 INFO] EFX_ADD                 : 	3105
[EFX-0000 INFO] EFX_LUT4                : 	22011
[EFX-0000 INFO] EFX_DSP48               : 	4
[EFX-0000 INFO] EFX_FF                  : 	19977
[EFX-0000 INFO] EFX_SRL8                : 	394
[EFX-0000 INFO] EFX_RAM10               : 	229
[EFX-0000 INFO] EFX_GBUFCE              : 	1
[EFX-0000 INFO] ======================================= 
[EFX-0000 INFO] ... Post-Map Verilog Writer begin
[EFX-0000 INFO] ... Post-Map Verilog Writer end (Real time : 0s)
